{"type":"FeatureCollection","metadata":{"cityCode":"40100","city":"北九州市","resolution":1000,"boundaryDate":"2026-01-01","populationLabel":"2020年基準人口（国交省調整値）","method":"標準地域メッシュを行政界で切抜き。中心が区域外のとき区域内代表点を判定点にする。人口不明をゼロにしない。"},"features":[{"type":"Feature","id":"40100:50304665","properties":{"id":"40100:50304665","meshCode":"50304665","cityCode":"40100","city":"北九州市","lat":33.7233668,"lon":130.8222506,"areaKm2":0.1597064,"populated2020":false,"population2020":null,"populationNote":"境界またぎ・収録外等のため人口未集計"},"geometry":{"type":"Polygon","coordinates":[[[130.825,33.722877829],[130.8236,33.722471946],[130.822206939,33.72147889200001],[130.821941115,33.72114166699999],[130.820897497,33.720997495],[130.820833891,33.72136944099999],[130.81975722400003,33.722555],[130.819562776,33.722853613],[130.819562776,33.722994162],[130.820004163,33.72410638699999],[130.820642192,33.725],[130.825,33.725],[130.825,33.722877829]]]}},{"type":"Feature","id":"40100:50304666","properties":{"id":"40100:50304666","meshCode":"50304666","cityCode":"40100","city":"北九州市","lat":33.7243968,"lon":130.8290168,"areaKm2":0.1092904,"populated2020":false,"population2020":null,"populationNote":"境界またぎ・収録外等のため人口未集計"},"geometry":{"type":"Polygon","coordinates":[[[130.830733061,33.723823613],[130.829807497,33.723839441],[130.828877497,33.723952495000006],[130.828002776,33.723806386999996],[130.82693917,33.72381],[130.826536109,33.72361110800001],[130.826013606,33.723503613],[130.825496394,33.723115279],[130.825,33.722877829],[130.825,33.725],[130.835782607,33.725],[130.834648054,33.72476805400001],[130.83355,33.724390828999994],[130.83229917,33.724193892],[130.831537224,33.723918333],[130.830733061,33.723823613]]]}},{"type":"Feature","id":"40100:50304667","properties":{"id":"40100:50304667","meshCode":"50304667","cityCode":"40100","city":"北九州市","lat":33.7247878,"lon":130.8445268,"areaKm2":0.0073921,"populated2020":false,"population2020":null,"populationNote":"境界またぎ・収録外等のため人口未集計"},"geometry":{"type":"Polygon","coordinates":[[[130.845704527,33.725],[130.844490272,33.724383892000006],[130.843712218,33.724857775],[130.843252335,33.725],[130.845704527,33.725]]]}},{"type":"Feature","id":"40100:50304675","properties":{"id":"40100:50304675","meshCode":"50304675","cityCode":"40100","city":"北九州市","lat":33.7298308,"lon":130.8196122,"areaKm2":0.8445756,"populated2020":false,"population2020":null,"populationNote":"境界またぎ・収録外等のため人口未集計"},"geometry":{"type":"Polygon","coordinates":[[[130.820932776,33.725488613],[130.819633333,33.726268054],[130.817937782,33.727012225],[130.817033061,33.72772666699999],[130.816583333,33.727865279],[130.816255551,33.727865279],[130.815639442,33.727672225],[130.814934721,33.72768861299999],[130.814269442,33.72789638700001],[130.813961388,33.728093333],[130.813858885,33.728901387],[130.81345166,33.729211387],[130.813235279,33.729486946],[130.813325279,33.730180559],[130.813284721,33.730570829],[130.8125,33.73148329517556],[130.8125,33.733333333333334],[130.825,33.73333333333333],[130.825,33.725],[130.820642192,33.725],[130.820932776,33.725488613]]]}},{"type":"Feature","id":"40100:50304676","properties":{"id":"40100:50304676","meshCode":"50304676","cityCode":"40100","city":"北九州市","lat":33.7291877,"lon":130.8312199,"areaKm2":1.0649221,"populated2020":false,"population2020":null,"populationNote":"境界またぎ・収録外等のため人口未集計"},"geometry":{"type":"Polygon","coordinates":[[[130.8375,33.72562978794363],[130.835782607,33.725],[130.825,33.725],[130.825,33.73333333333333],[130.8375,33.73333333333333],[130.8375,33.72562978794363]]]}},{"type":"Feature","id":"40100:50304677","properties":{"id":"40100:50304677","meshCode":"50304677","cityCode":"40100","city":"北九州市","lat":33.7295109,"lon":130.8432001,"areaKm2":0.9249162,"populated2020":false,"population2020":null,"populationNote":"境界またぎ・収録外等のため人口未集計"},"geometry":{"type":"Polygon","coordinates":[[[130.842232776,33.725251667],[130.84177083,33.725578054],[130.841578054,33.72562],[130.840988885,33.725541387],[130.840326394,33.72531166700001],[130.839808327,33.725258892],[130.838377224,33.72575666699999],[130.838087782,33.72576749499999],[130.8375,33.72562978794363],[130.8375,33.73333333333333],[130.85,33.733333333333334],[130.85,33.732145333],[130.849502776,33.73117638699999],[130.849440558,33.730669721],[130.848964163,33.730180279],[130.848605551,33.72889666700001],[130.848187224,33.727877495],[130.8478,33.72728305399999],[130.847465837,33.725913613],[130.847338612,33.725715],[130.845704527,33.725],[130.843252335,33.725],[130.842232776,33.725251667]]]}},{"type":"Feature","id":"40100:50304674","properties":{"id":"40100:50304674","meshCode":"50304674","cityCode":"40100","city":"北九州市","lat":33.7327644,"lon":130.8119628,"areaKm2":0.0140578,"populated2020":false,"population2020":null,"populationNote":"境界またぎ・収録外等のため人口未集計"},"geometry":{"type":"Polygon","coordinates":[[[130.8125,33.73148329517556],[130.812108885,33.732134162],[130.811676394,33.732582775000004],[130.811128612,33.732991387],[130.8108970298009,33.733333333333334],[130.8125,33.733333333333334],[130.8125,33.73148329517556]]]}},{"type":"Feature","id":"40100:50304678","properties":{"id":"40100:50304678","meshCode":"50304678","cityCode":"40100","city":"北九州市","lat":33.7328437,"lon":130.8500839,"areaKm2":0.001774,"populated2020":false,"population2020":null,"populationNote":"境界またぎ・収録外等のため人口未集計"},"geometry":{"type":"Polygon","coordinates":[[[130.850315772,33.733333333],[130.850172776,33.733224162],[130.850196109,33.732662495],[130.85,33.732145333],[130.85,33.733333333333334],[130.850315772,33.733333333]]]}},{"type":"Feature","id":"40100:50304684","properties":{"id":"40100:50304684","meshCode":"50304684","cityCode":"40100","city":"北九州市","lat":33.7378758,"lon":130.8089484,"areaKm2":0.5799768,"populated2020":false,"population2020":null,"populationNote":"境界またぎ・収録外等のため人口未集計"},"geometry":{"type":"Polygon","coordinates":[[[130.810661115,33.73361722500001],[130.81032166,33.733701108000005],[130.809736667,33.733704721],[130.808240272,33.734215279000004],[130.80707,33.734328333],[130.806228612,33.734535828999995],[130.80579917,33.73455416200001],[130.805637224,33.734656107999996],[130.80544111500004,33.735163333],[130.805142503,33.736711108],[130.805301388,33.737375279],[130.805590558,33.737730829],[130.805640558,33.737958892],[130.8042638001752,33.74166666666667],[130.8125,33.74166666666667],[130.8125,33.733333333333334],[130.8108970298009,33.733333333333334],[130.810661115,33.73361722500001]]]}},{"type":"Feature","id":"40100:50304685","properties":{"id":"40100:50304685","meshCode":"50304685","cityCode":"40100","city":"北九州市","lat":33.7375,"lon":130.81875,"areaKm2":1.0704721,"populated2020":false,"population2020":null,"populationNote":"境界またぎ・収録外等のため人口未集計"},"geometry":{"type":"Polygon","coordinates":[[[130.825,33.73333333333333],[130.8125,33.733333333333334],[130.8125,33.74166666666667],[130.825,33.74166666666667],[130.825,33.73333333333333]]]}},{"type":"Feature","id":"40100:50304686","properties":{"id":"40100:50304686","meshCode":"50304686","cityCode":"40100","city":"北九州市","lat":33.7375,"lon":130.83125,"areaKm2":1.0704711,"populated2020":false,"population2020":null,"populationNote":"境界またぎ・収録外等のため人口未集計"},"geometry":{"type":"Polygon","coordinates":[[[130.8375,33.73333333333333],[130.825,33.73333333333333],[130.825,33.74166666666667],[130.8375,33.74166666666667],[130.8375,33.73333333333333]]]}},{"type":"Feature","id":"40100:50304687","properties":{"id":"40100:50304687","meshCode":"50304687","cityCode":"40100","city":"北九州市","lat":33.7375,"lon":130.84375,"areaKm2":1.0704702,"populated2020":true,"population2020":26.7795,"populationNote":"収録500mメッシュ人口の合算（原典収録外は補完しない）"},"geometry":{"type":"Polygon","coordinates":[[[130.85,33.733333333333334],[130.8375,33.73333333333333],[130.8375,33.74166666666667],[130.85,33.74166666666666],[130.85,33.733333333333334]]]}},{"type":"Feature","id":"40100:50304688","properties":{"id":"40100:50304688","meshCode":"50304688","cityCode":"40100","city":"北九州市","lat":33.7384241,"lon":130.8558089,"areaKm2":0.8178213,"populated2020":true,"population2020":75.3027,"populationNote":"収録500mメッシュ人口の合算（原典収録外は補完しない）"},"geometry":{"type":"Polygon","coordinates":[[[130.856664449,33.735839162],[130.85517917,33.73569694600001],[130.855054721,33.735352775],[130.854891388,33.735230559],[130.853956939,33.735299721],[130.853446667,33.735044161999994],[130.852751388,33.734856387],[130.85251166,33.734679721],[130.85198639400002,33.73394110800001],[130.851253606,33.73379527899999],[130.850804163,33.733446946],[130.85,33.733333333333334],[130.85,33.74166666666666],[130.8625,33.74166666666667],[130.8625,33.736325542786766],[130.86026166,33.735875829000015],[130.85912027200004,33.73574249499999],[130.85873,33.735759162],[130.858288054,33.735928892],[130.857986394,33.735952495],[130.857378054,33.735748333],[130.856664449,33.735839162]]]}},{"type":"Feature","id":"40100:50304689","properties":{"id":"40100:50304689","meshCode":"50304689","cityCode":"40100","city":"北九州市","lat":33.7388634,"lon":130.8680844,"areaKm2":0.6723033,"populated2020":false,"population2020":null,"populationNote":"境界またぎ・収録外等のため人口未集計"},"geometry":{"type":"Polygon","coordinates":[[[130.868125837,33.734578892],[130.867934449,33.734553612999996],[130.867834994,33.734292775],[130.867315279,33.734838054],[130.867254721,33.73532333299999],[130.867155279,33.73538889200001],[130.864890558,33.735793613000006],[130.862943606,33.736373613],[130.8625,33.736325542786766],[130.8625,33.74166666666667],[130.875,33.74166666666666],[130.875,33.739589441],[130.87405693900004,33.739338613],[130.873634721,33.738894721],[130.873241388,33.738262495],[130.871701115,33.736836108],[130.870693606,33.73660638700001],[130.870416939,33.736121667],[130.869556667,33.73576805399999],[130.869443061,33.735410559],[130.869102503,33.735062225],[130.868125837,33.734578892]]]}},{"type":"Feature","id":"40100:50304781","properties":{"id":"40100:50304781","meshCode":"50304781","cityCode":"40100","city":"北九州市","lat":33.7387668,"lon":130.8931319,"areaKm2":0.3314679,"populated2020":false,"population2020":null,"populationNote":"境界またぎ・収録外等のため人口未集計"},"geometry":{"type":"Polygon","coordinates":[[[130.894753061,33.738425559],[130.895140272,33.736562775],[130.895354449,33.736176667],[130.895358054,33.735651946000004],[130.895164449,33.735066667],[130.894338327,33.734143613],[130.892983606,33.735139440999994],[130.89243917,33.73532833299999],[130.891844994,33.735340279000006],[130.891441388,33.736423892],[130.891218612,33.737600829],[130.890988054,33.737803613000004],[130.890307782,33.738163892],[130.89026166,33.738825],[130.890406939,33.739207775],[130.890272218,33.74022389200001],[130.889828612,33.74073110799999],[130.889487224,33.741279721],[130.88943917,33.74166666666666],[130.8973020230131,33.74166666666667],[130.897284721,33.741305829],[130.897006109,33.740933892],[130.895604721,33.73995555900001],[130.894893061,33.739377225000005],[130.894712503,33.73908638700001],[130.894753061,33.738425559]]]}},{"type":"Feature","id":"40100:50304780","properties":{"id":"40100:50304780","meshCode":"50304780","cityCode":"40100","city":"北九州市","lat":33.74078,"lon":130.876357,"areaKm2":0.0506546,"populated2020":false,"population2020":null,"populationNote":"境界またぎ・収録外等のため人口未集計"},"geometry":{"type":"MultiPolygon","coordinates":[[[[130.87815219173788,33.74166666666666],[130.876764994,33.739746108000006],[130.875,33.739589441],[130.875,33.74166666666666],[130.87815219173788,33.74166666666666]]],[[[130.88352019425474,33.74166666666666],[130.883023333,33.741486667],[130.8827806612497,33.74166666666667],[130.88352019425474,33.74166666666666]]]]}},{"type":"Feature","id":"40100:50304694","properties":{"id":"40100:50304694","meshCode":"50304694","cityCode":"40100","city":"北九州市","lat":33.7456725,"lon":130.8083847,"areaKm2":0.7002168,"populated2020":false,"population2020":null,"populationNote":"境界またぎ・収録外等のため人口未集計"},"geometry":{"type":"Polygon","coordinates":[[[130.8042638001752,33.74166666666667],[130.803868054,33.742223054],[130.803723333,33.742626387],[130.803570558,33.743735558999994],[130.803995084,33.745043333000005],[130.803933333,33.746425828999996],[130.804247497,33.746903892],[130.804927782,33.74747138699999],[130.805373891,33.747958613],[130.805549728,33.748358333000006],[130.80529917,33.74908249500001],[130.804958612,33.74969916199999],[130.804877782,33.74981222500001],[130.804443839,33.75],[130.8125,33.75],[130.8125,33.74166666666667],[130.8042638001752,33.74166666666667]]]}},{"type":"Feature","id":"40100:50304695","properties":{"id":"40100:50304695","meshCode":"50304695","cityCode":"40100","city":"北九州市","lat":33.7458333,"lon":130.81875,"areaKm2":1.07037,"populated2020":false,"population2020":null,"populationNote":"境界またぎ・収録外等のため人口未集計"},"geometry":{"type":"Polygon","coordinates":[[[130.825,33.74166666666667],[130.8125,33.74166666666667],[130.8125,33.75],[130.825,33.75000000000001],[130.825,33.74166666666667]]]}},{"type":"Feature","id":"40100:50304696","properties":{"id":"40100:50304696","meshCode":"50304696","cityCode":"40100","city":"北九州市","lat":33.7458333,"lon":130.83125,"areaKm2":1.070369,"populated2020":false,"population2020":null,"populationNote":"境界またぎ・収録外等のため人口未集計"},"geometry":{"type":"Polygon","coordinates":[[[130.8375,33.74166666666667],[130.825,33.74166666666667],[130.825,33.75000000000001],[130.8375,33.75],[130.8375,33.74166666666667]]]}},{"type":"Feature","id":"40100:50304697","properties":{"id":"40100:50304697","meshCode":"50304697","cityCode":"40100","city":"北九州市","lat":33.7458333,"lon":130.84375,"areaKm2":1.0703681,"populated2020":false,"population2020":null,"populationNote":"境界またぎ・収録外等のため人口未集計"},"geometry":{"type":"Polygon","coordinates":[[[130.85,33.74166666666666],[130.8375,33.74166666666667],[130.8375,33.75],[130.85,33.75],[130.85,33.74166666666666]]]}},{"type":"Feature","id":"40100:50304698","properties":{"id":"40100:50304698","meshCode":"50304698","cityCode":"40100","city":"北九州市","lat":33.7458333,"lon":130.85625,"areaKm2":1.0703672,"populated2020":true,"population2020":101.2807,"populationNote":"収録500mメッシュ人口の合算（原典収録外は補完しない）"},"geometry":{"type":"Polygon","coordinates":[[[130.8625,33.74166666666667],[130.85,33.74166666666666],[130.85,33.75],[130.8625,33.75],[130.8625,33.74166666666667]]]}},{"type":"Feature","id":"40100:50304699","properties":{"id":"40100:50304699","meshCode":"50304699","cityCode":"40100","city":"北九州市","lat":33.7458333,"lon":130.86875,"areaKm2":1.0703665,"populated2020":false,"population2020":null,"populationNote":"境界またぎ・収録外等のため人口未集計"},"geometry":{"type":"Polygon","coordinates":[[[130.875,33.74166666666666],[130.8625,33.74166666666667],[130.8625,33.75],[130.875,33.75000000000001],[130.875,33.74166666666666]]]}},{"type":"Feature","id":"40100:50304790","properties":{"id":"40100:50304790","meshCode":"50304790","cityCode":"40100","city":"北九州市","lat":33.7461179,"lon":130.8811619,"areaKm2":0.9892325,"populated2020":false,"population2020":null,"populationNote":"境界またぎ・収録外等のため人口未集計"},"geometry":{"type":"Polygon","coordinates":[[[130.881813606,33.74399194600001],[130.880585551,33.74298416199999],[130.879005551,33.74225972100001],[130.878451946,33.741944721],[130.87815219173788,33.74166666666666],[130.875,33.74166666666666],[130.875,33.75000000000001],[130.8875,33.75],[130.8875,33.74240694600001],[130.884631115,33.742152495],[130.88352019425474,33.74166666666666],[130.8827806612497,33.74166666666667],[130.882615551,33.74200305400001],[130.882505551,33.743607775],[130.88237083,33.743888054],[130.882083061,33.744009162],[130.881813606,33.74399194600001]]]}},{"type":"Feature","id":"40100:50304791","properties":{"id":"40100:50304791","meshCode":"50304791","cityCode":"40100","city":"北九州市","lat":33.7461057,"lon":130.893068,"areaKm2":0.918865,"populated2020":false,"population2020":null,"populationNote":"境界またぎ・収録外等のため人口未集計"},"geometry":{"type":"Polygon","coordinates":[[[130.88943917,33.74166666666666],[130.889492776,33.742349721],[130.889286109,33.74255749500001],[130.888728327,33.742567775],[130.88823,33.742214721],[130.888065837,33.742183613],[130.8875,33.74240694600001],[130.8875,33.75],[130.9,33.75],[130.9,33.749439198],[130.89945083,33.748266946],[130.89866166,33.747068892],[130.898637497,33.746608892],[130.898156667,33.745504440999994],[130.89784166,33.744319162],[130.89703,33.742835279000005],[130.897310272,33.74203694599999],[130.8973020230131,33.74166666666667],[130.88943917,33.74166666666666]]]}},{"type":"Feature","id":"40100:50304792","properties":{"id":"40100:50304792","meshCode":"50304792","cityCode":"40100","city":"北九州市","lat":33.7485895,"lon":130.9072398,"areaKm2":0.1340469,"populated2020":false,"population2020":null,"populationNote":"境界またぎ・収録外等のため人口未集計"},"geometry":{"type":"MultiPolygon","coordinates":[[[[130.90939072599997,33.75000000000001],[130.91002666700004,33.749031946],[130.910040558,33.74887777499999],[130.909746109,33.748372775],[130.909304163,33.748020559],[130.908243061,33.747607225],[130.907638885,33.74689694600001],[130.907226109,33.74600277500001],[130.906718612,33.74606],[130.906516939,33.746237494999995],[130.906353606,33.746737225],[130.905891115,33.747241667],[130.905984994,33.747778054],[130.905889442,33.748007494999996],[130.90563832700002,33.748244441000004],[130.905081115,33.74857],[130.904858327,33.749190279000004],[130.904562218,33.74970138700001],[130.90425719799998,33.74999999999999],[130.90939072599997,33.75000000000001]]],[[[130.9,33.75],[130.90031610899996,33.75000000000001],[130.9,33.749439198],[130.9,33.75]]]]}},{"type":"Feature","id":"40100:50305604","properties":{"id":"40100:50305604","meshCode":"50305604","cityCode":"40100","city":"北九州市","lat":33.7542728,"lon":130.8073682,"areaKm2":0.8759775,"populated2020":false,"population2020":null,"populationNote":"境界またぎ・収録外等のため人口未集計"},"geometry":{"type":"Polygon","coordinates":[[[130.804443839,33.75],[130.802396109,33.750740829],[130.802136394,33.75094722499999],[130.802134721,33.751116946],[130.802667224,33.752144162],[130.802922218,33.753280559],[130.802442776,33.753949441],[130.801644721,33.75532277500001],[130.801853061,33.75657499999999],[130.801801115,33.757033613000004],[130.801579442,33.757604721],[130.80200566821594,33.758333333333326],[130.8125,33.758333333333326],[130.8125,33.75],[130.804443839,33.75]]]}},{"type":"Feature","id":"40100:50305605","properties":{"id":"40100:50305605","meshCode":"50305605","cityCode":"40100","city":"北九州市","lat":33.7541667,"lon":130.81875,"areaKm2":1.0702679,"populated2020":false,"population2020":null,"populationNote":"境界またぎ・収録外等のため人口未集計"},"geometry":{"type":"Polygon","coordinates":[[[130.825,33.75000000000001],[130.8125,33.75],[130.8125,33.758333333333326],[130.825,33.758333333333326],[130.825,33.75000000000001]]]}},{"type":"Feature","id":"40100:50305606","properties":{"id":"40100:50305606","meshCode":"50305606","cityCode":"40100","city":"北九州市","lat":33.7541667,"lon":130.83125,"areaKm2":1.070267,"populated2020":false,"population2020":null,"populationNote":"境界またぎ・収録外等のため人口未集計"},"geometry":{"type":"Polygon","coordinates":[[[130.8375,33.75],[130.825,33.75000000000001],[130.825,33.758333333333326],[130.8375,33.758333333333326],[130.8375,33.75]]]}},{"type":"Feature","id":"40100:50305607","properties":{"id":"40100:50305607","meshCode":"50305607","cityCode":"40100","city":"北九州市","lat":33.7541667,"lon":130.84375,"areaKm2":1.070266,"populated2020":false,"population2020":null,"populationNote":"境界またぎ・収録外等のため人口未集計"},"geometry":{"type":"Polygon","coordinates":[[[130.85,33.75],[130.8375,33.75],[130.8375,33.758333333333326],[130.85,33.758333333333326],[130.85,33.75]]]}},{"type":"Feature","id":"40100:50305608","properties":{"id":"40100:50305608","meshCode":"50305608","cityCode":"40100","city":"北九州市","lat":33.7541667,"lon":130.85625,"areaKm2":1.0702652,"populated2020":true,"population2020":179.5534,"populationNote":"収録500mメッシュ人口の合算（原典収録外は補完しない）"},"geometry":{"type":"Polygon","coordinates":[[[130.8625,33.75],[130.85,33.75],[130.85,33.758333333333326],[130.8625,33.758333333333326],[130.8625,33.75]]]}},{"type":"Feature","id":"40100:50305609","properties":{"id":"40100:50305609","meshCode":"50305609","cityCode":"40100","city":"北九州市","lat":33.7541667,"lon":130.86875,"areaKm2":1.0702644,"populated2020":true,"population2020":278.1759,"populationNote":"収録500mメッシュ人口の合算（原典収録外は補完しない）"},"geometry":{"type":"Polygon","coordinates":[[[130.875,33.75000000000001],[130.8625,33.75],[130.8625,33.758333333333326],[130.875,33.758333333333326],[130.875,33.75000000000001]]]}},{"type":"Feature","id":"40100:50305700","properties":{"id":"40100:50305700","meshCode":"50305700","cityCode":"40100","city":"北九州市","lat":33.7541667,"lon":130.88125,"areaKm2":1.0702637,"populated2020":false,"population2020":null,"populationNote":"境界またぎ・収録外等のため人口未集計"},"geometry":{"type":"Polygon","coordinates":[[[130.8875,33.75],[130.875,33.75000000000001],[130.875,33.758333333333326],[130.8875,33.75833333333333],[130.8875,33.75]]]}},{"type":"Feature","id":"40100:50305701","properties":{"id":"40100:50305701","meshCode":"50305701","cityCode":"40100","city":"北九州市","lat":33.7541667,"lon":130.89375,"areaKm2":1.070263,"populated2020":true,"population2020":92.7824,"populationNote":"収録500mメッシュ人口の合算（原典収録外は補完しない）"},"geometry":{"type":"Polygon","coordinates":[[[130.9,33.75],[130.8875,33.75],[130.8875,33.75833333333333],[130.9,33.75833333333333],[130.9,33.75]]]}},{"type":"Feature","id":"40100:50305702","properties":{"id":"40100:50305702","meshCode":"50305702","cityCode":"40100","city":"北九州市","lat":33.7546549,"lon":130.9059445,"areaKm2":0.8947571,"populated2020":false,"population2020":null,"populationNote":"境界またぎ・収録外等のため人口未集計"},"geometry":{"type":"Polygon","coordinates":[[[130.90425719799998,33.74999999999999],[130.90360250300012,33.75044527900008],[130.90327583700002,33.75140277500009],[130.90336055800003,33.751615829000116],[130.9037216600001,33.751995559000086],[130.90392472100007,33.75248361299999],[130.90225832700003,33.75320610799998],[130.901577782,33.75173166700011],[130.90031610899996,33.75000000000001],[130.9,33.75],[130.9,33.75833333333333],[130.9125,33.75833333333333],[130.9125,33.75557848568962],[130.9113952790001,33.754139441],[130.910935837,33.75320582900008],[130.90950888500015,33.75105582900001],[130.90925333300015,33.750315279],[130.90939072599997,33.75000000000001],[130.90425719799998,33.74999999999999]]]}},{"type":"Feature","id":"40100:50305703","properties":{"id":"40100:50305703","meshCode":"50305703","cityCode":"40100","city":"北九州市","lat":33.7570541,"lon":130.9128459,"areaKm2":0.0174956,"populated2020":false,"population2020":null,"populationNote":"境界またぎ・収録外等のため人口未集計"},"geometry":{"type":"Polygon","coordinates":[[[130.913134968,33.75833333300011],[130.913037497,33.757725],[130.91341610899997,33.756699162000025],[130.91326527900003,33.75638194600004],[130.9125,33.75557848568962],[130.9125,33.75833333333333],[130.913134968,33.75833333300011]]]}},{"type":"Feature","id":"40100:50305614","properties":{"id":"40100:50305614","meshCode":"50305614","cityCode":"40100","city":"北九州市","lat":33.7626548,"lon":130.8068135,"areaKm2":0.9681918,"populated2020":false,"population2020":null,"populationNote":"境界またぎ・収録外等のため人口未集計"},"geometry":{"type":"Polygon","coordinates":[[[130.802253333,33.758935279],[130.801991115,33.759633054],[130.801999728,33.759809162],[130.802365279,33.760312495],[130.802434449,33.760502775],[130.802385551,33.760727775],[130.801976109,33.760900829],[130.801785837,33.761085279],[130.801641946,33.761662224999995],[130.801497782,33.761800559000015],[130.801405551,33.762077495],[130.801382776,33.76245555900001],[130.80126166,33.762616946],[130.80058138800004,33.763020829],[130.800478054,33.763153333],[130.8,33.764554720999996],[130.8,33.765572801999994],[130.800922503,33.766170279],[130.801089728,33.766360559],[130.80111710805298,33.76666666666666],[130.8125,33.76666666666666],[130.8125,33.758333333333326],[130.80200566821594,33.758333333333326],[130.802215837,33.758698613],[130.802253333,33.758935279]]]}},{"type":"Feature","id":"40100:50305615","properties":{"id":"40100:50305615","meshCode":"50305615","cityCode":"40100","city":"北九州市","lat":33.7625,"lon":130.81875,"areaKm2":1.0701658,"populated2020":false,"population2020":null,"populationNote":"境界またぎ・収録外等のため人口未集計"},"geometry":{"type":"Polygon","coordinates":[[[130.825,33.758333333333326],[130.8125,33.758333333333326],[130.8125,33.76666666666666],[130.825,33.766666666666666],[130.825,33.758333333333326]]]}},{"type":"Feature","id":"40100:50305616","properties":{"id":"40100:50305616","meshCode":"50305616","cityCode":"40100","city":"北九州市","lat":33.7625,"lon":130.83125,"areaKm2":1.0701648,"populated2020":false,"population2020":null,"populationNote":"境界またぎ・収録外等のため人口未集計"},"geometry":{"type":"Polygon","coordinates":[[[130.8375,33.758333333333326],[130.825,33.758333333333326],[130.825,33.766666666666666],[130.8375,33.766666666666666],[130.8375,33.758333333333326]]]}},{"type":"Feature","id":"40100:50305617","properties":{"id":"40100:50305617","meshCode":"50305617","cityCode":"40100","city":"北九州市","lat":33.7625,"lon":130.84375,"areaKm2":1.0701638,"populated2020":true,"population2020":13.3466,"populationNote":"収録500mメッシュ人口の合算（原典収録外は補完しない）"},"geometry":{"type":"Polygon","coordinates":[[[130.85,33.758333333333326],[130.8375,33.758333333333326],[130.8375,33.766666666666666],[130.85,33.766666666666666],[130.85,33.758333333333326]]]}},{"type":"Feature","id":"40100:50305618","properties":{"id":"40100:50305618","meshCode":"50305618","cityCode":"40100","city":"北九州市","lat":33.7625,"lon":130.85625,"areaKm2":1.070163,"populated2020":false,"population2020":null,"populationNote":"境界またぎ・収録外等のため人口未集計"},"geometry":{"type":"Polygon","coordinates":[[[130.8625,33.758333333333326],[130.85,33.758333333333326],[130.85,33.766666666666666],[130.8625,33.766666666666666],[130.8625,33.758333333333326]]]}},{"type":"Feature","id":"40100:50305619","properties":{"id":"40100:50305619","meshCode":"50305619","cityCode":"40100","city":"北九州市","lat":33.7625,"lon":130.86875,"areaKm2":1.0701622,"populated2020":true,"population2020":599.6705,"populationNote":"収録500mメッシュ人口の合算（原典収録外は補完しない）"},"geometry":{"type":"Polygon","coordinates":[[[130.875,33.758333333333326],[130.8625,33.758333333333326],[130.8625,33.766666666666666],[130.875,33.76666666666666],[130.875,33.758333333333326]]]}},{"type":"Feature","id":"40100:50305710","properties":{"id":"40100:50305710","meshCode":"50305710","cityCode":"40100","city":"北九州市","lat":33.7625,"lon":130.88125,"areaKm2":1.0701616,"populated2020":false,"population2020":null,"populationNote":"境界またぎ・収録外等のため人口未集計"},"geometry":{"type":"Polygon","coordinates":[[[130.8875,33.75833333333333],[130.875,33.758333333333326],[130.875,33.76666666666666],[130.8875,33.766666666666666],[130.8875,33.75833333333333]]]}},{"type":"Feature","id":"40100:50305711","properties":{"id":"40100:50305711","meshCode":"50305711","cityCode":"40100","city":"北九州市","lat":33.7625,"lon":130.89375,"areaKm2":1.070161,"populated2020":true,"population2020":28.7971,"populationNote":"収録500mメッシュ人口の合算（原典収録外は補完しない）"},"geometry":{"type":"Polygon","coordinates":[[[130.9,33.75833333333333],[130.8875,33.75833333333333],[130.8875,33.766666666666666],[130.9,33.766666666666666],[130.9,33.75833333333333]]]}},{"type":"Feature","id":"40100:50305712","properties":{"id":"40100:50305712","meshCode":"50305712","cityCode":"40100","city":"北九州市","lat":33.7623729,"lon":130.905863,"areaKm2":1.0007444,"populated2020":true,"population2020":2.053,"populationNote":"収録500mメッシュ人口の合算（原典収録外は補完しない）"},"geometry":{"type":"Polygon","coordinates":[[[130.91172527900005,33.763269162000036],[130.91193138800008,33.76166555899994],[130.91182111500007,33.7609483330001],[130.91199027200003,33.76054861300009],[130.9125,33.75989030432598],[130.9125,33.75833333333333],[130.9,33.75833333333333],[130.9,33.766666666666666],[130.91017632917928,33.766666666666666],[130.91068233500005,33.76572688300007],[130.91065067399998,33.76550458600008],[130.91185961099995,33.76383635099995],[130.91172527900005,33.763269162000036]]]}},{"type":"Feature","id":"40100:50305713","properties":{"id":"40100:50305713","meshCode":"50305713","cityCode":"40100","city":"北九州市","lat":33.7589072,"lon":130.9127502,"areaKm2":0.0065307,"populated2020":false,"population2020":null,"populationNote":"境界またぎ・収録外等のため人口未集計"},"geometry":{"type":"Polygon","coordinates":[[[130.9125,33.75989030432598],[130.913008054,33.759074441],[130.91313496793944,33.75833333333333],[130.9125,33.75833333333333],[130.9125,33.75989030432598]]]}},{"type":"Feature","id":"40100:50305613","properties":{"id":"40100:50305613","meshCode":"50305613","cityCode":"40100","city":"北九州市","lat":33.7650488,"lon":130.7997404,"areaKm2":0.0042382,"populated2020":false,"population2020":null,"populationNote":"境界またぎ・収録外等のため人口未集計"},"geometry":{"type":"Polygon","coordinates":[[[130.8,33.764554720999996],[130.799506394,33.76479361300001],[130.799316109,33.765081946],[130.8,33.765572801999994],[130.8,33.764554720999996]]]}},{"type":"Feature","id":"40100:50305528","properties":{"id":"40100:50305528","meshCode":"50305528","cityCode":"40100","city":"北九州市","lat":33.7736392,"lon":130.7339896,"areaKm2":0.2177824,"populated2020":true,"population2020":null,"populationNote":"境界またぎ・収録外等のため人口未集計"},"geometry":{"type":"Polygon","coordinates":[[[130.7375,33.77077511774342],[130.736786939,33.771278333],[130.736380558,33.771432775],[130.736002503,33.77153110799999],[130.735387497,33.771495559],[130.735178612,33.77156638700001],[130.734714994,33.77216],[130.733004449,33.772368892],[130.73159555100003,33.773570559],[130.730641946,33.773911108],[130.729708054,33.774425279],[130.729283061,33.7744],[130.728898885,33.774527494999994],[130.727853333,33.774247495],[130.725984916,33.775],[130.7375,33.77499999999999],[130.7375,33.77077511774342]]]}},{"type":"Feature","id":"40100:50305529","properties":{"id":"40100:50305529","meshCode":"50305529","cityCode":"40100","city":"北九州市","lat":33.7731513,"lon":130.7436134,"areaKm2":0.4609811,"populated2020":true,"population2020":null,"populationNote":"境界またぎ・収録外等のため人口未集計"},"geometry":{"type":"Polygon","coordinates":[[[130.749606913,33.77033619800001],[130.748708003,33.771244973],[130.748278664,33.770905027],[130.748064994,33.77100000000001],[130.747615888,33.771289613],[130.747541556,33.77151233299999],[130.747289222,33.77174064],[130.747226135,33.771661613],[130.746642581,33.77193380200001],[130.746001219,33.772109441],[130.74414083,33.772191387],[130.743296109,33.772147495000006],[130.742648612,33.77192194599999],[130.741928885,33.77181777500001],[130.740541115,33.770985829],[130.74011,33.77084777500001],[130.738358327,33.770561667],[130.737934163,33.77061389199999],[130.7375,33.77077511774342],[130.7375,33.77499999999999],[130.75,33.775000000000006],[130.75,33.77046944100001],[130.749835577,33.770514],[130.749606913,33.77033619800001]]]}},{"type":"Feature","id":"40100:50305620","properties":{"id":"40100:50305620","meshCode":"50305620","cityCode":"40100","city":"北九州市","lat":33.7724254,"lon":130.7554485,"areaKm2":0.5982237,"populated2020":true,"population2020":null,"populationNote":"境界またぎ・収録外等のため人口未集計"},"geometry":{"type":"Polygon","coordinates":[[[130.753911115,33.768915],[130.753323061,33.768626387],[130.752965551,33.768695559],[130.75266153,33.769078027],[130.752433748,33.769839],[130.75,33.77046944100001],[130.75,33.775000000000006],[130.7625,33.77499999999999],[130.7625,33.77372992688096],[130.761708327,33.773320829],[130.76059,33.77356305400001],[130.760445837,33.773372775],[130.76042861200003,33.773038054],[130.760803061,33.77161694600001],[130.760192503,33.77143249499999],[130.759393333,33.77068472100001],[130.757686939,33.769600559],[130.757384449,33.769474162],[130.756018054,33.769277775000006],[130.755112776,33.76928944099999],[130.754394994,33.768897495000004],[130.753911115,33.768915]]]}},{"type":"Feature","id":"40100:50305624","properties":{"id":"40100:50305624","meshCode":"50305624","cityCode":"40100","city":"北九州市","lat":33.7708509,"lon":130.8069403,"areaKm2":0.9434951,"populated2020":false,"population2020":null,"populationNote":"境界またぎ・収録外等のため人口未集計"},"geometry":{"type":"Polygon","coordinates":[[[130.800871115,33.767718613],[130.800813333,33.768399162],[130.801216939,33.768791387],[130.801406939,33.76923305399999],[130.802253891,33.77020055900001],[130.802432218,33.77055055900001],[130.802536109,33.771773333],[130.802772503,33.772228892],[130.802639728,33.772575],[130.80250722400004,33.773569721],[130.802374449,33.773638892],[130.801676939,33.773540829000005],[130.800566939,33.772906387],[130.800221115,33.77297],[130.800059728,33.773171667],[130.8,33.773407135],[130.800054163,33.774424721],[130.8,33.77499999999999],[130.8125,33.775],[130.8125,33.76666666666666],[130.80111710805298,33.76666666666666],[130.800871115,33.767718613]]]}},{"type":"Feature","id":"40100:50305625","properties":{"id":"40100:50305625","meshCode":"50305625","cityCode":"40100","city":"北九州市","lat":33.7708333,"lon":130.81875,"areaKm2":1.0700637,"populated2020":false,"population2020":null,"populationNote":"境界またぎ・収録外等のため人口未集計"},"geometry":{"type":"Polygon","coordinates":[[[130.825,33.766666666666666],[130.8125,33.76666666666666],[130.8125,33.775],[130.825,33.775],[130.825,33.766666666666666]]]}},{"type":"Feature","id":"40100:50305626","properties":{"id":"40100:50305626","meshCode":"50305626","cityCode":"40100","city":"北九州市","lat":33.7708333,"lon":130.83125,"areaKm2":1.0700626,"populated2020":true,"population2020":24.6065,"populationNote":"収録500mメッシュ人口の合算（原典収録外は補完しない）"},"geometry":{"type":"Polygon","coordinates":[[[130.8375,33.766666666666666],[130.825,33.766666666666666],[130.825,33.775],[130.8375,33.775000000000006],[130.8375,33.766666666666666]]]}},{"type":"Feature","id":"40100:50305627","properties":{"id":"40100:50305627","meshCode":"50305627","cityCode":"40100","city":"北九州市","lat":33.7708333,"lon":130.84375,"areaKm2":1.0700618,"populated2020":true,"population2020":7.2016,"populationNote":"収録500mメッシュ人口の合算（原典収録外は補完しない）"},"geometry":{"type":"Polygon","coordinates":[[[130.85,33.766666666666666],[130.8375,33.766666666666666],[130.8375,33.775000000000006],[130.85,33.775],[130.85,33.766666666666666]]]}},{"type":"Feature","id":"40100:50305628","properties":{"id":"40100:50305628","meshCode":"50305628","cityCode":"40100","city":"北九州市","lat":33.7708333,"lon":130.85625,"areaKm2":1.070061,"populated2020":false,"population2020":null,"populationNote":"境界またぎ・収録外等のため人口未集計"},"geometry":{"type":"Polygon","coordinates":[[[130.8625,33.766666666666666],[130.85,33.766666666666666],[130.85,33.775],[130.8625,33.775],[130.8625,33.766666666666666]]]}},{"type":"Feature","id":"40100:50305629","properties":{"id":"40100:50305629","meshCode":"50305629","cityCode":"40100","city":"北九州市","lat":33.7708333,"lon":130.86875,"areaKm2":1.0700602,"populated2020":true,"population2020":400.4092,"populationNote":"収録500mメッシュ人口の合算（原典収録外は補完しない）"},"geometry":{"type":"Polygon","coordinates":[[[130.875,33.76666666666666],[130.8625,33.766666666666666],[130.8625,33.775],[130.875,33.775],[130.875,33.76666666666666]]]}},{"type":"Feature","id":"40100:50305720","properties":{"id":"40100:50305720","meshCode":"50305720","cityCode":"40100","city":"北九州市","lat":33.7708333,"lon":130.88125,"areaKm2":1.0700594,"populated2020":true,"population2020":2.0505,"populationNote":"収録500mメッシュ人口の合算（原典収録外は補完しない）"},"geometry":{"type":"Polygon","coordinates":[[[130.8875,33.766666666666666],[130.875,33.76666666666666],[130.875,33.775],[130.8875,33.775],[130.8875,33.766666666666666]]]}},{"type":"Feature","id":"40100:50305721","properties":{"id":"40100:50305721","meshCode":"50305721","cityCode":"40100","city":"北九州市","lat":33.7708333,"lon":130.89375,"areaKm2":1.0700588,"populated2020":false,"population2020":null,"populationNote":"境界またぎ・収録外等のため人口未集計"},"geometry":{"type":"Polygon","coordinates":[[[130.9,33.766666666666666],[130.8875,33.766666666666666],[130.8875,33.775],[130.9,33.775],[130.9,33.766666666666666]]]}},{"type":"Feature","id":"40100:50305722","properties":{"id":"40100:50305722","meshCode":"50305722","cityCode":"40100","city":"北九州市","lat":33.7709166,"lon":130.9061238,"areaKm2":1.0455528,"populated2020":false,"population2020":null,"populationNote":"境界またぎ・収録外等のため人口未集計"},"geometry":{"type":"Polygon","coordinates":[[[130.9125,33.768502333578994],[130.91008677000002,33.76683330600008],[130.91017632917928,33.766666666666666],[130.9,33.766666666666666],[130.9,33.775],[130.9125,33.775],[130.9125,33.768502333578994]]]}},{"type":"Feature","id":"40100:50305723","properties":{"id":"40100:50305723","meshCode":"50305723","cityCode":"40100","city":"北九州市","lat":33.7723591,"lon":130.9142829,"areaKm2":0.2002503,"populated2020":false,"population2020":null,"populationNote":"境界またぎ・収録外等のため人口未集計"},"geometry":{"type":"MultiPolygon","coordinates":[[[[130.91393708199996,33.76955192800011],[130.9125,33.768502333578994],[130.9125,33.775],[130.91656147899994,33.775],[130.91641194600004,33.77492277499994],[130.9161436060001,33.77455722500007],[130.91606306099993,33.774064441],[130.91564444899996,33.77289027900002],[130.91580221799995,33.77242277500005],[130.916331388,33.77207805400003],[130.91654472100015,33.771850828999966],[130.91664778200004,33.77159916200003],[130.916616732,33.77122327],[130.91393708199996,33.76955192800011]]],[[[130.91828333299998,33.77471249500014],[130.91745972800015,33.77479194600005],[130.91702069999997,33.775],[130.91931055800012,33.775],[130.91893166,33.77476361300013],[130.91828333299998,33.77471249500014]]]]}},{"type":"Feature","id":"40100:50305527","properties":{"id":"40100:50305527","meshCode":"50305527","cityCode":"40100","city":"北九州市","lat":33.77471,"lon":130.7214721,"areaKm2":0.0161064,"populated2020":true,"population2020":null,"populationNote":"境界またぎ・収録外等のため人口未集計"},"geometry":{"type":"Polygon","coordinates":[[[130.723284838,33.775],[130.723024163,33.77477],[130.720676939,33.774180828999995],[130.720076135,33.77499999999999],[130.723284838,33.775]]]}},{"type":"Feature","id":"40100:50305621","properties":{"id":"40100:50305621","meshCode":"50305621","cityCode":"40100","city":"北九州市","lat":33.7745829,"lon":130.763503,"areaKm2":0.0193384,"populated2020":true,"population2020":null,"populationNote":"境界またぎ・収録外等のため人口未集計"},"geometry":{"type":"Polygon","coordinates":[[[130.765531894,33.775],[130.7625,33.77372992688096],[130.7625,33.77499999999999],[130.765531894,33.775]]]}},{"type":"Feature","id":"40100:50305623","properties":{"id":"40100:50305623","meshCode":"50305623","cityCode":"40100","city":"北九州市","lat":33.7749264,"lon":130.799977,"areaKm2":0.0002,"populated2020":false,"population2020":null,"populationNote":"境界またぎ・収録外等のため人口未集計"},"geometry":{"type":"MultiPolygon","coordinates":[[[[130.799967497,33.773535278999994],[130.8,33.77406494600001],[130.8,33.773407135],[130.799967497,33.773535278999994]]],[[[130.8,33.77478694599999],[130.799926744,33.77499999999999],[130.8,33.77499999999999],[130.8,33.77478694599999]]]]}},{"type":"Feature","id":"40100:50305537","properties":{"id":"40100:50305537","meshCode":"50305537","cityCode":"40100","city":"北九州市","lat":33.7796465,"lon":130.7212506,"areaKm2":0.611345,"populated2020":true,"population2020":null,"populationNote":"境界またぎ・収録外等のため人口未集計"},"geometry":{"type":"Polygon","coordinates":[[[130.725,33.77535400000001],[130.723601115,33.775293333],[130.72341,33.775217225],[130.723284838,33.775],[130.720076135,33.77499999999999],[130.716795279,33.781056667],[130.71543272371568,33.78333333333333],[130.725,33.783333333333324],[130.725,33.77535400000001]]]}},{"type":"Feature","id":"40100:50305538","properties":{"id":"40100:50305538","meshCode":"50305538","cityCode":"40100","city":"北九州市","lat":33.7791747,"lon":130.7312618,"areaKm2":1.067837,"populated2020":true,"population2020":2102.5462,"populationNote":"収録500mメッシュ人口の合算（原典収録外は補完しない）"},"geometry":{"type":"Polygon","coordinates":[[[130.725384449,33.775292225],[130.725,33.77535400000001],[130.725,33.783333333333324],[130.7375,33.78333333333333],[130.7375,33.77499999999999],[130.725984916,33.775],[130.725384449,33.775292225]]]}},{"type":"Feature","id":"40100:50305539","properties":{"id":"40100:50305539","meshCode":"50305539","cityCode":"40100","city":"北九州市","lat":33.7791667,"lon":130.74375,"areaKm2":1.0699689,"populated2020":true,"population2020":1185.8515,"populationNote":"収録500mメッシュ人口の合算（原典収録外は補完しない）"},"geometry":{"type":"Polygon","coordinates":[[[130.75,33.775000000000006],[130.7375,33.77499999999999],[130.7375,33.78333333333333],[130.75,33.783333333333324],[130.75,33.775000000000006]]]}},{"type":"Feature","id":"40100:50305630","properties":{"id":"40100:50305630","meshCode":"50305630","cityCode":"40100","city":"北九州市","lat":33.7791667,"lon":130.75625,"areaKm2":1.0699676,"populated2020":true,"population2020":921.6435,"populationNote":"収録500mメッシュ人口の合算（原典収録外は補完しない）"},"geometry":{"type":"Polygon","coordinates":[[[130.7625,33.77499999999999],[130.75,33.775000000000006],[130.75,33.783333333333324],[130.7625,33.78333333333333],[130.7625,33.77499999999999]]]}},{"type":"Feature","id":"40100:50305631","properties":{"id":"40100:50305631","meshCode":"50305631","cityCode":"40100","city":"北九州市","lat":33.7790671,"lon":130.7648641,"areaKm2":0.398517,"populated2020":true,"population2020":55.5715,"populationNote":"収録500mメッシュ人口の合算（原典収録外は補完しない）"},"geometry":{"type":"Polygon","coordinates":[[[130.767686939,33.77869889200001],[130.768038612,33.77786277500001],[130.768124994,33.77728027900001],[130.768038327,33.776978892],[130.767634994,33.776615559],[130.766844994,33.775611946000005],[130.765531894,33.775],[130.7625,33.77499999999999],[130.7625,33.78333333333333],[130.76718364522876,33.78333333333333],[130.766637782,33.782385829],[130.766551388,33.781803333000006],[130.76658,33.781266946],[130.76693166,33.78005444099999],[130.767686939,33.77869889200001]]]}},{"type":"Feature","id":"40100:50305633","properties":{"id":"40100:50305633","meshCode":"50305633","cityCode":"40100","city":"北九州市","lat":33.7810976,"lon":130.7945084,"areaKm2":0.5278889,"populated2020":false,"population2020":null,"populationNote":"境界またぎ・収録外等のため人口未集計"},"geometry":{"type":"Polygon","coordinates":[[[130.799800558,33.775341667],[130.79946055800002,33.776722774999996],[130.799011115,33.77755916200001],[130.79867083000002,33.77783610800001],[130.798201388,33.77780610799999],[130.797803606,33.777933053999995],[130.796858054,33.778544162],[130.796512218,33.779034441],[130.796593061,33.77948416200001],[130.79642,33.779743892],[130.79553917,33.779978333],[130.794847497,33.780283892],[130.793846667,33.779932495],[130.792664721,33.780018613],[130.792331946,33.77987472099999],[130.791252503,33.779026946],[130.790626394,33.779124721],[130.790292218,33.77903833300001],[130.789640558,33.77951694600001],[130.788603061,33.779851387],[130.787796939,33.781292225],[130.7875,33.781654665250024],[130.7875,33.783333333333324],[130.8,33.78333333333333],[130.8,33.77499999999999],[130.799926744,33.77499999999999],[130.799800558,33.775341667]]]}},{"type":"Feature","id":"40100:50305634","properties":{"id":"40100:50305634","meshCode":"50305634","cityCode":"40100","city":"北九州市","lat":33.7791667,"lon":130.80625,"areaKm2":1.0699626,"populated2020":false,"population2020":null,"populationNote":"境界またぎ・収録外等のため人口未集計"},"geometry":{"type":"Polygon","coordinates":[[[130.8125,33.775],[130.8,33.77499999999999],[130.8,33.78333333333333],[130.8125,33.78333333333333],[130.8125,33.775]]]}},{"type":"Feature","id":"40100:50305635","properties":{"id":"40100:50305635","meshCode":"50305635","cityCode":"40100","city":"北九州市","lat":33.7791667,"lon":130.81875,"areaKm2":1.0699615,"populated2020":true,"population2020":2.0473,"populationNote":"収録500mメッシュ人口の合算（原典収録外は補完しない）"},"geometry":{"type":"Polygon","coordinates":[[[130.825,33.775],[130.8125,33.775],[130.8125,33.78333333333333],[130.825,33.78333333333333],[130.825,33.775]]]}},{"type":"Feature","id":"40100:50305636","properties":{"id":"40100:50305636","meshCode":"50305636","cityCode":"40100","city":"北九州市","lat":33.7791667,"lon":130.83125,"areaKm2":1.0699606,"populated2020":true,"population2020":58.6955,"populationNote":"収録500mメッシュ人口の合算（原典収録外は補完しない）"},"geometry":{"type":"Polygon","coordinates":[[[130.8375,33.775000000000006],[130.825,33.775],[130.825,33.78333333333333],[130.8375,33.78333333333334],[130.8375,33.775000000000006]]]}},{"type":"Feature","id":"40100:50305637","properties":{"id":"40100:50305637","meshCode":"50305637","cityCode":"40100","city":"北九州市","lat":33.7791667,"lon":130.84375,"areaKm2":1.0699596,"populated2020":true,"population2020":180.1928,"populationNote":"収録500mメッシュ人口の合算（原典収録外は補完しない）"},"geometry":{"type":"Polygon","coordinates":[[[130.85,33.775],[130.8375,33.775000000000006],[130.8375,33.78333333333334],[130.85,33.78333333333333],[130.85,33.775]]]}},{"type":"Feature","id":"40100:50305638","properties":{"id":"40100:50305638","meshCode":"50305638","cityCode":"40100","city":"北九州市","lat":33.7791667,"lon":130.85625,"areaKm2":1.0699588,"populated2020":true,"population2020":283.6856,"populationNote":"収録500mメッシュ人口の合算（原典収録外は補完しない）"},"geometry":{"type":"Polygon","coordinates":[[[130.8625,33.775],[130.85,33.775],[130.85,33.78333333333333],[130.8625,33.783333333333324],[130.8625,33.775]]]}},{"type":"Feature","id":"40100:50305639","properties":{"id":"40100:50305639","meshCode":"50305639","cityCode":"40100","city":"北九州市","lat":33.7791667,"lon":130.86875,"areaKm2":1.069958,"populated2020":true,"population2020":460.5193,"populationNote":"収録500mメッシュ人口の合算（原典収録外は補完しない）"},"geometry":{"type":"Polygon","coordinates":[[[130.875,33.775],[130.8625,33.775],[130.8625,33.783333333333324],[130.875,33.78333333333333],[130.875,33.775]]]}},{"type":"Feature","id":"40100:50305730","properties":{"id":"40100:50305730","meshCode":"50305730","cityCode":"40100","city":"北九州市","lat":33.7791667,"lon":130.88125,"areaKm2":1.0699573,"populated2020":true,"population2020":107.7804,"populationNote":"収録500mメッシュ人口の合算（原典収録外は補完しない）"},"geometry":{"type":"Polygon","coordinates":[[[130.8875,33.775],[130.875,33.775],[130.875,33.78333333333333],[130.8875,33.78333333333333],[130.8875,33.775]]]}},{"type":"Feature","id":"40100:50305731","properties":{"id":"40100:50305731","meshCode":"50305731","cityCode":"40100","city":"北九州市","lat":33.7791667,"lon":130.89375,"areaKm2":1.0699566,"populated2020":true,"population2020":17.5187,"populationNote":"収録500mメッシュ人口の合算（原典収録外は補完しない）"},"geometry":{"type":"Polygon","coordinates":[[[130.9,33.775],[130.8875,33.775],[130.8875,33.78333333333333],[130.9,33.78333333333333],[130.9,33.775]]]}},{"type":"Feature","id":"40100:50305732","properties":{"id":"40100:50305732","meshCode":"50305732","cityCode":"40100","city":"北九州市","lat":33.7791667,"lon":130.90625,"areaKm2":1.0699561,"populated2020":false,"population2020":null,"populationNote":"境界またぎ・収録外等のため人口未集計"},"geometry":{"type":"Polygon","coordinates":[[[130.9125,33.775],[130.9,33.775],[130.9,33.78333333333333],[130.9125,33.78333333333333],[130.9125,33.775]]]}},{"type":"Feature","id":"40100:50305733","properties":{"id":"40100:50305733","meshCode":"50305733","cityCode":"40100","city":"北九州市","lat":33.7795842,"lon":130.9181155,"areaKm2":0.9267568,"populated2020":false,"population2020":null,"populationNote":"境界またぎ・収録外等のため人口未集計"},"geometry":{"type":"Polygon","coordinates":[[[130.91931055800012,33.775],[130.9125,33.775],[130.9125,33.78333333333333],[130.925,33.78333333333333],[130.925,33.77895216200001],[130.92412917000001,33.779099441000035],[130.92383888500015,33.77892694600007],[130.92365888500012,33.77871110799998],[130.92339444900006,33.777966387000106],[130.92315917000008,33.777687225000086],[130.92211333299997,33.77731444099998],[130.92110749699998,33.776746946],[130.92002306100005,33.77650222500005],[130.9197219460001,33.77605972100008],[130.91950861199996,33.775235559000066],[130.91931055800012,33.775]]]}},{"type":"Feature","id":"40100:50305734","properties":{"id":"40100:50305734","meshCode":"50305734","cityCode":"40100","city":"北九州市","lat":33.7804821,"lon":130.9320523,"areaKm2":0.6908958,"populated2020":false,"population2020":null,"populationNote":"境界またぎ・収録外等のため人口未集計"},"geometry":{"type":"Polygon","coordinates":[[[130.9372780540001,33.77641861300008],[130.9369213880001,33.77623249499999],[130.93617138800005,33.776566946],[130.93543832700004,33.77658082900001],[130.93457444900014,33.776384162],[130.93374389099995,33.77584638700001],[130.93232583700012,33.777616667000075],[130.93119138800012,33.778483892],[130.93086778199995,33.77864610800009],[130.92987194600016,33.77893222500006],[130.92818944200008,33.77920722500005],[130.927626939,33.77969000000013],[130.92702972799998,33.779932225000046],[130.92677639400006,33.779835559],[130.92646389100003,33.77937361299996],[130.92562916999998,33.77884944099998],[130.925,33.77895216200001],[130.925,33.78333333333333],[130.9375,33.78333333333333],[130.9375,33.77664283305761],[130.9372780540001,33.77641861300008]]]}},{"type":"Feature","id":"40100:50305735","properties":{"id":"40100:50305735","meshCode":"50305735","cityCode":"40100","city":"北九州市","lat":33.7808047,"lon":130.9431706,"areaKm2":0.6271959,"populated2020":false,"population2020":null,"populationNote":"境界またぎ・収録外等のため人口未集計"},"geometry":{"type":"Polygon","coordinates":[[[130.94383472100003,33.77768916199994],[130.94302639400007,33.778299441000115],[130.942545837,33.77850222500001],[130.94222250300004,33.778498892000016],[130.94068555100012,33.778205558999964],[130.9401233330001,33.77788166699998],[130.9378291700001,33.777184162000076],[130.93766749700012,33.777084162],[130.9375,33.77664283305761],[130.9375,33.78333333333333],[130.95,33.78333333333333],[130.95,33.78016144099996],[130.9486949940001,33.78029027899999],[130.94841194599996,33.78022805400008],[130.94794138800012,33.779776387000084],[130.9478088850001,33.77930749500001],[130.94759221799995,33.77913166700005],[130.946542218,33.77857055900001],[130.945542218,33.77839805399998],[130.94481055800009,33.77782916199999],[130.9444722180001,33.77765666700004],[130.94417306100013,33.77760972100004],[130.94383472100003,33.77768916199994]]]}},{"type":"Feature","id":"40100:50305632","properties":{"id":"40100:50305632","meshCode":"50305632","cityCode":"40100","city":"北九州市","lat":33.7827944,"lon":130.7871194,"areaKm2":0.0094685,"populated2020":false,"population2020":null,"populationNote":"境界またぎ・収録外等のため人口未集計"},"geometry":{"type":"Polygon","coordinates":[[[130.7875,33.781654665250024],[130.786887224,33.782628892],[130.78632849475562,33.78333333333333],[130.7875,33.783333333333324],[130.7875,33.781654665250024]]]}},{"type":"Feature","id":"40100:50305736","properties":{"id":"40100:50305736","meshCode":"50305736","cityCode":"40100","city":"北九州市","lat":33.7818991,"lon":130.9516795,"areaKm2":0.1066095,"populated2020":false,"population2020":null,"populationNote":"境界またぎ・収録外等のため人口未集計"},"geometry":{"type":"Polygon","coordinates":[[[130.95410472100014,33.78333333300003],[130.95346194600017,33.78213110799999],[130.95327472100007,33.78085805400014],[130.95221972800005,33.78063027900004],[130.95055250300004,33.779896667000116],[130.95036111499996,33.77992777500003],[130.95,33.78016144099996],[130.95,33.78333333333333],[130.95410472100014,33.78333333300003]]]}},{"type":"Feature","id":"40100:50305547","properties":{"id":"40100:50305547","meshCode":"50305547","cityCode":"40100","city":"北九州市","lat":33.7876943,"lon":130.7193402,"areaKm2":0.9621968,"populated2020":true,"population2020":1322.5356,"populationNote":"収録500mメッシュ人口の合算（原典収録外は補完しない）"},"geometry":{"type":"Polygon","coordinates":[[[130.71543272371568,33.78333333333333],[130.714372503,33.785158613],[130.714358885,33.78577305399999],[130.714463333,33.78636833299999],[130.714001388,33.787634721],[130.71335166,33.788654441000006],[130.7125,33.789622599048705],[130.7125,33.791666666666664],[130.725,33.791666666666664],[130.725,33.783333333333324],[130.71543272371568,33.78333333333333]]]}},{"type":"Feature","id":"40100:50305548","properties":{"id":"40100:50305548","meshCode":"50305548","cityCode":"40100","city":"北九州市","lat":33.7875,"lon":130.73125,"areaKm2":1.0698683,"populated2020":true,"population2020":3230.6353,"populationNote":"収録500mメッシュ人口の合算（原典収録外は補完しない）"},"geometry":{"type":"Polygon","coordinates":[[[130.7375,33.78333333333333],[130.725,33.783333333333324],[130.725,33.791666666666664],[130.7375,33.79166666666666],[130.7375,33.78333333333333]]]}},{"type":"Feature","id":"40100:50305549","properties":{"id":"40100:50305549","meshCode":"50305549","cityCode":"40100","city":"北九州市","lat":33.7875,"lon":130.74375,"areaKm2":1.0698668,"populated2020":true,"population2020":1723.8385,"populationNote":"収録500mメッシュ人口の合算（原典収録外は補完しない）"},"geometry":{"type":"Polygon","coordinates":[[[130.75,33.783333333333324],[130.7375,33.78333333333333],[130.7375,33.79166666666666],[130.75,33.79166666666666],[130.75,33.783333333333324]]]}},{"type":"Feature","id":"40100:50305640","properties":{"id":"40100:50305640","meshCode":"50305640","cityCode":"40100","city":"北九州市","lat":33.7875,"lon":130.75625,"areaKm2":1.0698653,"populated2020":true,"population2020":28.4462,"populationNote":"収録500mメッシュ人口の合算（原典収録外は補完しない）"},"geometry":{"type":"Polygon","coordinates":[[[130.7625,33.78333333333333],[130.75,33.783333333333324],[130.75,33.79166666666666],[130.7625,33.791666666666664],[130.7625,33.78333333333333]]]}},{"type":"Feature","id":"40100:50305641","properties":{"id":"40100:50305641","meshCode":"50305641","cityCode":"40100","city":"北九州市","lat":33.7881372,"lon":130.768082,"areaKm2":0.8716627,"populated2020":false,"population2020":null,"populationNote":"境界またぎ・収録外等のため人口未集計"},"geometry":{"type":"Polygon","coordinates":[[[130.768221388,33.784900279],[130.767985551,33.78432055900001],[130.76718364522876,33.78333333333333],[130.7625,33.78333333333333],[130.7625,33.791666666666664],[130.775,33.791666666666664],[130.775,33.78627186500001],[130.77372083,33.786267225],[130.772662776,33.786503054],[130.772121115,33.786428054],[130.771463891,33.786145559],[130.770423333,33.786105829],[130.76953,33.785817225],[130.768976667,33.78551722499999],[130.768221388,33.784900279]]]}},{"type":"Feature","id":"40100:50305642","properties":{"id":"40100:50305642","meshCode":"50305642","cityCode":"40100","city":"北九州市","lat":33.7884686,"lon":130.7817175,"areaKm2":0.8033109,"populated2020":false,"population2020":null,"populationNote":"境界またぎ・収録外等のため人口未集計"},"geometry":{"type":"Polygon","coordinates":[[[130.785816109,33.784085829],[130.784613061,33.784642495],[130.784555279,33.785173054],[130.784445837,33.785282775],[130.783944163,33.785420829],[130.783361946,33.785409162],[130.78289527900003,33.785513054],[130.781749728,33.78589916200001],[130.77862166,33.786054162],[130.777211946,33.785984721000005],[130.776676109,33.786019162],[130.776070558,33.786226946000006],[130.775,33.78627186500001],[130.775,33.791666666666664],[130.7875,33.791666666666664],[130.7875,33.783333333333324],[130.78632849475562,33.78333333333333],[130.785816109,33.784085829]]]}},{"type":"Feature","id":"40100:50305643","properties":{"id":"40100:50305643","meshCode":"50305643","cityCode":"40100","city":"北九州市","lat":33.7875,"lon":130.79375,"areaKm2":1.0698615,"populated2020":false,"population2020":null,"populationNote":"境界またぎ・収録外等のため人口未集計"},"geometry":{"type":"Polygon","coordinates":[[[130.8,33.78333333333333],[130.7875,33.783333333333324],[130.7875,33.791666666666664],[130.8,33.791666666666664],[130.8,33.78333333333333]]]}},{"type":"Feature","id":"40100:50305644","properties":{"id":"40100:50305644","meshCode":"50305644","cityCode":"40100","city":"北九州市","lat":33.7875,"lon":130.80625,"areaKm2":1.0698604,"populated2020":false,"population2020":null,"populationNote":"境界またぎ・収録外等のため人口未集計"},"geometry":{"type":"Polygon","coordinates":[[[130.8125,33.78333333333333],[130.8,33.78333333333333],[130.8,33.791666666666664],[130.8125,33.791666666666664],[130.8125,33.78333333333333]]]}},{"type":"Feature","id":"40100:50305645","properties":{"id":"40100:50305645","meshCode":"50305645","cityCode":"40100","city":"北九州市","lat":33.7875,"lon":130.81875,"areaKm2":1.0698594,"populated2020":false,"population2020":null,"populationNote":"境界またぎ・収録外等のため人口未集計"},"geometry":{"type":"Polygon","coordinates":[[[130.825,33.78333333333333],[130.8125,33.78333333333333],[130.8125,33.791666666666664],[130.825,33.791666666666664],[130.825,33.78333333333333]]]}},{"type":"Feature","id":"40100:50305646","properties":{"id":"40100:50305646","meshCode":"50305646","cityCode":"40100","city":"北九州市","lat":33.7875,"lon":130.83125,"areaKm2":1.0698583,"populated2020":false,"population2020":null,"populationNote":"境界またぎ・収録外等のため人口未集計"},"geometry":{"type":"Polygon","coordinates":[[[130.8375,33.78333333333334],[130.825,33.78333333333333],[130.825,33.791666666666664],[130.8375,33.79166666666666],[130.8375,33.78333333333334]]]}},{"type":"Feature","id":"40100:50305647","properties":{"id":"40100:50305647","meshCode":"50305647","cityCode":"40100","city":"北九州市","lat":33.7875,"lon":130.84375,"areaKm2":1.0698574,"populated2020":true,"population2020":143.8336,"populationNote":"収録500mメッシュ人口の合算（原典収録外は補完しない）"},"geometry":{"type":"Polygon","coordinates":[[[130.85,33.78333333333333],[130.8375,33.78333333333334],[130.8375,33.79166666666666],[130.85,33.791666666666664],[130.85,33.78333333333333]]]}},{"type":"Feature","id":"40100:50305648","properties":{"id":"40100:50305648","meshCode":"50305648","cityCode":"40100","city":"北九州市","lat":33.7875,"lon":130.85625,"areaKm2":1.0698566,"populated2020":true,"population2020":196.0653,"populationNote":"収録500mメッシュ人口の合算（原典収録外は補完しない）"},"geometry":{"type":"Polygon","coordinates":[[[130.8625,33.783333333333324],[130.85,33.78333333333333],[130.85,33.791666666666664],[130.8625,33.791666666666664],[130.8625,33.783333333333324]]]}},{"type":"Feature","id":"40100:50305649","properties":{"id":"40100:50305649","meshCode":"50305649","cityCode":"40100","city":"北九州市","lat":33.7875,"lon":130.86875,"areaKm2":1.0698558,"populated2020":true,"population2020":794.8005,"populationNote":"収録500mメッシュ人口の合算（原典収録外は補完しない）"},"geometry":{"type":"Polygon","coordinates":[[[130.875,33.78333333333333],[130.8625,33.783333333333324],[130.8625,33.791666666666664],[130.875,33.791666666666664],[130.875,33.78333333333333]]]}},{"type":"Feature","id":"40100:50305740","properties":{"id":"40100:50305740","meshCode":"50305740","cityCode":"40100","city":"北九州市","lat":33.7875,"lon":130.88125,"areaKm2":1.069855,"populated2020":true,"population2020":6.227,"populationNote":"収録500mメッシュ人口の合算（原典収録外は補完しない）"},"geometry":{"type":"Polygon","coordinates":[[[130.8875,33.78333333333333],[130.875,33.78333333333333],[130.875,33.791666666666664],[130.8875,33.791666666666664],[130.8875,33.78333333333333]]]}},{"type":"Feature","id":"40100:50305741","properties":{"id":"40100:50305741","meshCode":"50305741","cityCode":"40100","city":"北九州市","lat":33.7875,"lon":130.89375,"areaKm2":1.0698545,"populated2020":false,"population2020":null,"populationNote":"境界またぎ・収録外等のため人口未集計"},"geometry":{"type":"Polygon","coordinates":[[[130.9,33.78333333333333],[130.8875,33.78333333333333],[130.8875,33.791666666666664],[130.9,33.79166666666666],[130.9,33.78333333333333]]]}},{"type":"Feature","id":"40100:50305742","properties":{"id":"40100:50305742","meshCode":"50305742","cityCode":"40100","city":"北九州市","lat":33.7875,"lon":130.90625,"areaKm2":1.0698539,"populated2020":false,"population2020":null,"populationNote":"境界またぎ・収録外等のため人口未集計"},"geometry":{"type":"Polygon","coordinates":[[[130.9125,33.78333333333333],[130.9,33.78333333333333],[130.9,33.79166666666666],[130.9125,33.79166666666666],[130.9125,33.78333333333333]]]}},{"type":"Feature","id":"40100:50305743","properties":{"id":"40100:50305743","meshCode":"50305743","cityCode":"40100","city":"北九州市","lat":33.7875,"lon":130.91875,"areaKm2":1.0698534,"populated2020":false,"population2020":null,"populationNote":"境界またぎ・収録外等のため人口未集計"},"geometry":{"type":"Polygon","coordinates":[[[130.925,33.78333333333333],[130.9125,33.78333333333333],[130.9125,33.79166666666666],[130.925,33.79166666666666],[130.925,33.78333333333333]]]}},{"type":"Feature","id":"40100:50305744","properties":{"id":"40100:50305744","meshCode":"50305744","cityCode":"40100","city":"北九州市","lat":33.7875,"lon":130.93125,"areaKm2":1.069853,"populated2020":false,"population2020":null,"populationNote":"境界またぎ・収録外等のため人口未集計"},"geometry":{"type":"Polygon","coordinates":[[[130.9375,33.78333333333333],[130.925,33.78333333333333],[130.925,33.79166666666666],[130.9375,33.791666666666664],[130.9375,33.78333333333333]]]}},{"type":"Feature","id":"40100:50305745","properties":{"id":"40100:50305745","meshCode":"50305745","cityCode":"40100","city":"北九州市","lat":33.7875,"lon":130.94375,"areaKm2":1.0698526,"populated2020":true,"population2020":10.3516,"populationNote":"収録500mメッシュ人口の合算（原典収録外は補完しない）"},"geometry":{"type":"Polygon","coordinates":[[[130.95,33.78333333333333],[130.9375,33.78333333333333],[130.9375,33.791666666666664],[130.95,33.79166666666666],[130.95,33.78333333333333]]]}},{"type":"Feature","id":"40100:50305746","properties":{"id":"40100:50305746","meshCode":"50305746","cityCode":"40100","city":"北九州市","lat":33.7881569,"lon":130.9534632,"areaKm2":0.5436543,"populated2020":false,"population2020":null,"populationNote":"境界またぎ・収録外等のため人口未集計"},"geometry":{"type":"Polygon","coordinates":[[[130.95585194600005,33.78738416200014],[130.95531138800004,33.78709444100002],[130.955149442,33.786825558999965],[130.95492165999997,33.78585305400009],[130.95522444900007,33.78550027900014],[130.95522444900007,33.78534861299999],[130.95472805400016,33.7849072250001],[130.95410472118138,33.78333333333334],[130.95,33.78333333333333],[130.95,33.79166666666666],[130.9609620226369,33.791666666666664],[130.96056111500002,33.79130194600008],[130.96033306100014,33.79079166700006],[130.95998555100005,33.790548333],[130.95965832699994,33.79043110799996],[130.95900749700013,33.79044833300009],[130.95772082999997,33.79081055900002],[130.95756639399997,33.790755279000045],[130.95731444900014,33.789343613000135],[130.95654972800003,33.788771108000105],[130.95634749700014,33.78839555900004],[130.95618221799998,33.78775082899999],[130.95585194600005,33.78738416200014]]]}},{"type":"Feature","id":"40100:50305546","properties":{"id":"40100:50305546","meshCode":"50305546","cityCode":"40100","city":"北九州市","lat":33.7909795,"lon":130.7118441,"areaKm2":0.020828,"populated2020":false,"population2020":null,"populationNote":"境界またぎ・収録外等のため人口未集計"},"geometry":{"type":"Polygon","coordinates":[[[130.7125,33.789622599048705],[130.711476109,33.790698054],[130.71052306132128,33.79166666666666],[130.7125,33.791666666666664],[130.7125,33.789622599048705]]]}},{"type":"Feature","id":"40100:50305556","properties":{"id":"40100:50305556","meshCode":"50305556","cityCode":"40100","city":"北九州市","lat":33.7965833,"lon":130.7097386,"areaKm2":0.4305286,"populated2020":true,"population2020":null,"populationNote":"境界またぎ・収録外等のため人口未集計"},"geometry":{"type":"Polygon","coordinates":[[[130.71052306132128,33.79166666666666],[130.708670558,33.79388916199999],[130.707161388,33.796053892],[130.705488327,33.798970559],[130.705054137,33.79999999999999],[130.7125,33.8],[130.7125,33.791666666666664],[130.71052306132128,33.79166666666666]]]}},{"type":"Feature","id":"40100:50305557","properties":{"id":"40100:50305557","meshCode":"50305557","cityCode":"40100","city":"北九州市","lat":33.7958333,"lon":130.71875,"areaKm2":1.0697676,"populated2020":true,"population2020":427.9385,"populationNote":"収録500mメッシュ人口の合算（原典収録外は補完しない）"},"geometry":{"type":"Polygon","coordinates":[[[130.725,33.791666666666664],[130.7125,33.791666666666664],[130.7125,33.8],[130.725,33.8],[130.725,33.791666666666664]]]}},{"type":"Feature","id":"40100:50305558","properties":{"id":"40100:50305558","meshCode":"50305558","cityCode":"40100","city":"北九州市","lat":33.7958333,"lon":130.73125,"areaKm2":1.069766,"populated2020":true,"population2020":1759.3245,"populationNote":"収録500mメッシュ人口の合算（原典収録外は補完しない）"},"geometry":{"type":"Polygon","coordinates":[[[130.7375,33.79166666666666],[130.725,33.791666666666664],[130.725,33.8],[130.7375,33.8],[130.7375,33.79166666666666]]]}},{"type":"Feature","id":"40100:50305559","properties":{"id":"40100:50305559","meshCode":"50305559","cityCode":"40100","city":"北九州市","lat":33.7958333,"lon":130.74375,"areaKm2":1.0697645,"populated2020":true,"population2020":2970.0199,"populationNote":"収録500mメッシュ人口の合算（原典収録外は補完しない）"},"geometry":{"type":"Polygon","coordinates":[[[130.75,33.79166666666666],[130.7375,33.79166666666666],[130.7375,33.8],[130.75,33.79999999999999],[130.75,33.79166666666666]]]}},{"type":"Feature","id":"40100:50305650","properties":{"id":"40100:50305650","meshCode":"50305650","cityCode":"40100","city":"北九州市","lat":33.7958333,"lon":130.75625,"areaKm2":1.0697632,"populated2020":true,"population2020":1253.9727,"populationNote":"収録500mメッシュ人口の合算（原典収録外は補完しない）"},"geometry":{"type":"Polygon","coordinates":[[[130.7625,33.791666666666664],[130.75,33.79166666666666],[130.75,33.79999999999999],[130.7625,33.79999999999999],[130.7625,33.791666666666664]]]}},{"type":"Feature","id":"40100:50305651","properties":{"id":"40100:50305651","meshCode":"50305651","cityCode":"40100","city":"北九州市","lat":33.7958333,"lon":130.76875,"areaKm2":1.0697618,"populated2020":false,"population2020":null,"populationNote":"境界またぎ・収録外等のため人口未集計"},"geometry":{"type":"Polygon","coordinates":[[[130.775,33.791666666666664],[130.7625,33.791666666666664],[130.7625,33.79999999999999],[130.775,33.8],[130.775,33.791666666666664]]]}},{"type":"Feature","id":"40100:50305652","properties":{"id":"40100:50305652","meshCode":"50305652","cityCode":"40100","city":"北九州市","lat":33.7958333,"lon":130.78125,"areaKm2":1.0697605,"populated2020":true,"population2020":85.4755,"populationNote":"収録500mメッシュ人口の合算（原典収録外は補完しない）"},"geometry":{"type":"Polygon","coordinates":[[[130.7875,33.791666666666664],[130.775,33.791666666666664],[130.775,33.8],[130.7875,33.8],[130.7875,33.791666666666664]]]}},{"type":"Feature","id":"40100:50305653","properties":{"id":"40100:50305653","meshCode":"50305653","cityCode":"40100","city":"北九州市","lat":33.7958333,"lon":130.79375,"areaKm2":1.0697593,"populated2020":true,"population2020":7.3833,"populationNote":"収録500mメッシュ人口の合算（原典収録外は補完しない）"},"geometry":{"type":"Polygon","coordinates":[[[130.8,33.791666666666664],[130.7875,33.791666666666664],[130.7875,33.8],[130.8,33.800000000000004],[130.8,33.791666666666664]]]}},{"type":"Feature","id":"40100:50305654","properties":{"id":"40100:50305654","meshCode":"50305654","cityCode":"40100","city":"北九州市","lat":33.7958333,"lon":130.80625,"areaKm2":1.0697582,"populated2020":false,"population2020":null,"populationNote":"境界またぎ・収録外等のため人口未集計"},"geometry":{"type":"Polygon","coordinates":[[[130.8125,33.791666666666664],[130.8,33.791666666666664],[130.8,33.800000000000004],[130.8125,33.8],[130.8125,33.791666666666664]]]}},{"type":"Feature","id":"40100:50305655","properties":{"id":"40100:50305655","meshCode":"50305655","cityCode":"40100","city":"北九州市","lat":33.7958333,"lon":130.81875,"areaKm2":1.0697571,"populated2020":false,"population2020":null,"populationNote":"境界またぎ・収録外等のため人口未集計"},"geometry":{"type":"Polygon","coordinates":[[[130.825,33.791666666666664],[130.8125,33.791666666666664],[130.8125,33.8],[130.825,33.8],[130.825,33.791666666666664]]]}},{"type":"Feature","id":"40100:50305656","properties":{"id":"40100:50305656","meshCode":"50305656","cityCode":"40100","city":"北九州市","lat":33.7958333,"lon":130.83125,"areaKm2":1.0697562,"populated2020":false,"population2020":null,"populationNote":"境界またぎ・収録外等のため人口未集計"},"geometry":{"type":"Polygon","coordinates":[[[130.8375,33.79166666666666],[130.825,33.791666666666664],[130.825,33.8],[130.8375,33.8],[130.8375,33.79166666666666]]]}},{"type":"Feature","id":"40100:50305657","properties":{"id":"40100:50305657","meshCode":"50305657","cityCode":"40100","city":"北九州市","lat":33.7958333,"lon":130.84375,"areaKm2":1.0697553,"populated2020":true,"population2020":173.1111,"populationNote":"収録500mメッシュ人口の合算（原典収録外は補完しない）"},"geometry":{"type":"Polygon","coordinates":[[[130.85,33.791666666666664],[130.8375,33.79166666666666],[130.8375,33.8],[130.85,33.8],[130.85,33.791666666666664]]]}},{"type":"Feature","id":"40100:50305658","properties":{"id":"40100:50305658","meshCode":"50305658","cityCode":"40100","city":"北九州市","lat":33.7958333,"lon":130.85625,"areaKm2":1.0697544,"populated2020":true,"population2020":122.5348,"populationNote":"収録500mメッシュ人口の合算（原典収録外は補完しない）"},"geometry":{"type":"Polygon","coordinates":[[[130.8625,33.791666666666664],[130.85,33.791666666666664],[130.85,33.8],[130.8625,33.8],[130.8625,33.791666666666664]]]}},{"type":"Feature","id":"40100:50305659","properties":{"id":"40100:50305659","meshCode":"50305659","cityCode":"40100","city":"北九州市","lat":33.7958333,"lon":130.86875,"areaKm2":1.0697536,"populated2020":true,"population2020":969.4982,"populationNote":"収録500mメッシュ人口の合算（原典収録外は補完しない）"},"geometry":{"type":"Polygon","coordinates":[[[130.875,33.791666666666664],[130.8625,33.791666666666664],[130.8625,33.8],[130.875,33.79999999999999],[130.875,33.791666666666664]]]}},{"type":"Feature","id":"40100:50305750","properties":{"id":"40100:50305750","meshCode":"50305750","cityCode":"40100","city":"北九州市","lat":33.7958333,"lon":130.88125,"areaKm2":1.069753,"populated2020":true,"population2020":217.9443,"populationNote":"収録500mメッシュ人口の合算（原典収録外は補完しない）"},"geometry":{"type":"Polygon","coordinates":[[[130.8875,33.791666666666664],[130.875,33.791666666666664],[130.875,33.79999999999999],[130.8875,33.8],[130.8875,33.791666666666664]]]}},{"type":"Feature","id":"40100:50305751","properties":{"id":"40100:50305751","meshCode":"50305751","cityCode":"40100","city":"北九州市","lat":33.7958333,"lon":130.89375,"areaKm2":1.0697522,"populated2020":true,"population2020":19.4887,"populationNote":"収録500mメッシュ人口の合算（原典収録外は補完しない）"},"geometry":{"type":"Polygon","coordinates":[[[130.9,33.79166666666666],[130.8875,33.791666666666664],[130.8875,33.8],[130.9,33.8],[130.9,33.79166666666666]]]}},{"type":"Feature","id":"40100:50305752","properties":{"id":"40100:50305752","meshCode":"50305752","cityCode":"40100","city":"北九州市","lat":33.7958333,"lon":130.90625,"areaKm2":1.0697517,"populated2020":false,"population2020":null,"populationNote":"境界またぎ・収録外等のため人口未集計"},"geometry":{"type":"Polygon","coordinates":[[[130.9125,33.79166666666666],[130.9,33.79166666666666],[130.9,33.8],[130.9125,33.8],[130.9125,33.79166666666666]]]}},{"type":"Feature","id":"40100:50305753","properties":{"id":"40100:50305753","meshCode":"50305753","cityCode":"40100","city":"北九州市","lat":33.7958333,"lon":130.91875,"areaKm2":1.0697512,"populated2020":true,"population2020":70.9673,"populationNote":"収録500mメッシュ人口の合算（原典収録外は補完しない）"},"geometry":{"type":"Polygon","coordinates":[[[130.925,33.79166666666666],[130.9125,33.79166666666666],[130.9125,33.8],[130.925,33.8],[130.925,33.79166666666666]]]}},{"type":"Feature","id":"40100:50305754","properties":{"id":"40100:50305754","meshCode":"50305754","cityCode":"40100","city":"北九州市","lat":33.7958333,"lon":130.93125,"areaKm2":1.0697508,"populated2020":false,"population2020":null,"populationNote":"境界またぎ・収録外等のため人口未集計"},"geometry":{"type":"Polygon","coordinates":[[[130.9375,33.791666666666664],[130.925,33.79166666666666],[130.925,33.8],[130.9375,33.8],[130.9375,33.791666666666664]]]}},{"type":"Feature","id":"40100:50305755","properties":{"id":"40100:50305755","meshCode":"50305755","cityCode":"40100","city":"北九州市","lat":33.7958333,"lon":130.94375,"areaKm2":1.0697504,"populated2020":true,"population2020":22.6443,"populationNote":"収録500mメッシュ人口の合算（原典収録外は補完しない）"},"geometry":{"type":"Polygon","coordinates":[[[130.95,33.79166666666666],[130.9375,33.791666666666664],[130.9375,33.8],[130.95,33.800000000000004],[130.95,33.79166666666666]]]}},{"type":"Feature","id":"40100:50305756","properties":{"id":"40100:50305756","meshCode":"50305756","cityCode":"40100","city":"北九州市","lat":33.7958773,"lon":130.9561796,"areaKm2":1.056827,"populated2020":true,"population2020":71.952,"populationNote":"収録500mメッシュ人口の合算（原典収録外は補完しない）"},"geometry":{"type":"Polygon","coordinates":[[[130.9625,33.793401748228945],[130.96143250299997,33.792112225000096],[130.9609620226369,33.791666666666664],[130.95,33.79166666666666],[130.95,33.800000000000004],[130.9625,33.800000000000004],[130.9625,33.793401748228945]]]}},{"type":"Feature","id":"40100:50305757","properties":{"id":"40100:50305757","meshCode":"50305757","cityCode":"40100","city":"北九州市","lat":33.7978049,"lon":130.9648681,"areaKm2":0.2395357,"populated2020":true,"population2020":null,"populationNote":"境界またぎ・収録外等のため人口未集計"},"geometry":{"type":"Polygon","coordinates":[[[130.96524111500003,33.79568666700004],[130.96361083,33.7948152790001],[130.96299027200018,33.793916946000074],[130.9625,33.793401748228945],[130.9625,33.800000000000004],[130.969454864,33.79999999999999],[130.96830832699993,33.798834162],[130.96786333300008,33.7985272250001],[130.967491946,33.79809638699992],[130.96683527899995,33.797684441],[130.9667174970001,33.79753277500003],[130.96672499400017,33.79728805399998],[130.96650832700004,33.79677416200007],[130.96524111500003,33.79568666700004]]]}},{"type":"Feature","id":"40100:50305566","properties":{"id":"40100:50305566","meshCode":"50305566","cityCode":"40100","city":"北九州市","lat":33.8025326,"lon":130.7089668,"areaKm2":0.3999579,"populated2020":true,"population2020":null,"populationNote":"境界またぎ・収録外等のため人口未集計"},"geometry":{"type":"Polygon","coordinates":[[[130.704798612,33.800622225000005],[130.703562218,33.801263613],[130.704712776,33.80258082900001],[130.706698327,33.804403333],[130.707664721,33.804556667],[130.708503606,33.804590559000005],[130.70912083,33.804957495000004],[130.709899728,33.805207495],[130.710198885,33.80575416199999],[130.71097,33.80623610800001],[130.711666939,33.806346946],[130.712234163,33.806262225],[130.7125,33.80644375282843],[130.7125,33.8],[130.705054137,33.79999999999999],[130.704798612,33.800622225000005]]]}},{"type":"Feature","id":"40100:50305567","properties":{"id":"40100:50305567","meshCode":"50305567","cityCode":"40100","city":"北九州市","lat":33.8034405,"lon":130.7177307,"areaKm2":0.7281707,"populated2020":true,"population2020":null,"populationNote":"境界またぎ・収録外等のため人口未集計"},"geometry":{"type":"Polygon","coordinates":[[[130.72076083,33.804746107999996],[130.71958221800003,33.801876108],[130.720594994,33.801535279],[130.720887224,33.801523054],[130.721516667,33.802063613],[130.72249499400002,33.802249161999995],[130.723122776,33.802694721],[130.723676939,33.802898333],[130.725,33.803116225],[130.725,33.8],[130.7125,33.8],[130.7125,33.80644375282843],[130.712930272,33.806637225],[130.71462,33.806425559000004],[130.714888054,33.80646],[130.715333333,33.806679721],[130.715886667,33.806671667],[130.716130272,33.806752495],[130.716548885,33.807296946],[130.716333061,33.807875559],[130.71592474669936,33.80833333333333],[130.71886963653247,33.80833333333334],[130.720327224,33.807290829],[130.721735837,33.806578892],[130.721820558,33.806333054],[130.72174083,33.80604249499999],[130.72076083,33.804746107999996]]]}},{"type":"Feature","id":"40100:50305568","properties":{"id":"40100:50305568","meshCode":"50305568","cityCode":"40100","city":"北九州市","lat":33.8039239,"lon":130.7317676,"areaKm2":0.9702258,"populated2020":true,"population2020":null,"populationNote":"境界またぎ・収録外等のため人口未集計"},"geometry":{"type":"Polygon","coordinates":[[[130.725473333,33.80348527900001],[130.725912503,33.804102495],[130.725909728,33.804421108],[130.72673083,33.80577805400001],[130.727622503,33.80669555899999],[130.72855530519115,33.80833333333333],[130.7375,33.80833333333334],[130.7375,33.8],[130.725,33.8],[130.725,33.803116225],[130.725473333,33.80348527900001]]]}},{"type":"Feature","id":"40100:50305569","properties":{"id":"40100:50305569","meshCode":"50305569","cityCode":"40100","city":"北九州市","lat":33.8041667,"lon":130.74375,"areaKm2":1.0696624,"populated2020":true,"population2020":2758.4551,"populationNote":"収録500mメッシュ人口の合算（原典収録外は補完しない）"},"geometry":{"type":"Polygon","coordinates":[[[130.75,33.79999999999999],[130.7375,33.8],[130.7375,33.80833333333334],[130.75,33.80833333333333],[130.75,33.79999999999999]]]}},{"type":"Feature","id":"40100:50305660","properties":{"id":"40100:50305660","meshCode":"50305660","cityCode":"40100","city":"北九州市","lat":33.8041667,"lon":130.75625,"areaKm2":1.0696609,"populated2020":true,"population2020":1057.2149,"populationNote":"収録500mメッシュ人口の合算（原典収録外は補完しない）"},"geometry":{"type":"Polygon","coordinates":[[[130.7625,33.79999999999999],[130.75,33.79999999999999],[130.75,33.80833333333333],[130.7625,33.80833333333333],[130.7625,33.79999999999999]]]}},{"type":"Feature","id":"40100:50305661","properties":{"id":"40100:50305661","meshCode":"50305661","cityCode":"40100","city":"北九州市","lat":33.8041667,"lon":130.76875,"areaKm2":1.0696596,"populated2020":true,"population2020":15.8118,"populationNote":"収録500mメッシュ人口の合算（原典収録外は補完しない）"},"geometry":{"type":"Polygon","coordinates":[[[130.775,33.8],[130.7625,33.79999999999999],[130.7625,33.80833333333333],[130.775,33.80833333333333],[130.775,33.8]]]}},{"type":"Feature","id":"40100:50305662","properties":{"id":"40100:50305662","meshCode":"50305662","cityCode":"40100","city":"北九州市","lat":33.8041667,"lon":130.78125,"areaKm2":1.0696583,"populated2020":false,"population2020":null,"populationNote":"境界またぎ・収録外等のため人口未集計"},"geometry":{"type":"Polygon","coordinates":[[[130.7875,33.8],[130.775,33.8],[130.775,33.80833333333333],[130.7875,33.80833333333333],[130.7875,33.8]]]}},{"type":"Feature","id":"40100:50305663","properties":{"id":"40100:50305663","meshCode":"50305663","cityCode":"40100","city":"北九州市","lat":33.8041667,"lon":130.79375,"areaKm2":1.0696571,"populated2020":true,"population2020":221.8006,"populationNote":"収録500mメッシュ人口の合算（原典収録外は補完しない）"},"geometry":{"type":"Polygon","coordinates":[[[130.8,33.800000000000004],[130.7875,33.8],[130.7875,33.80833333333333],[130.8,33.80833333333333],[130.8,33.800000000000004]]]}},{"type":"Feature","id":"40100:50305664","properties":{"id":"40100:50305664","meshCode":"50305664","cityCode":"40100","city":"北九州市","lat":33.8041667,"lon":130.80625,"areaKm2":1.069656,"populated2020":true,"population2020":17.4615,"populationNote":"収録500mメッシュ人口の合算（原典収録外は補完しない）"},"geometry":{"type":"Polygon","coordinates":[[[130.8125,33.8],[130.8,33.800000000000004],[130.8,33.80833333333333],[130.8125,33.80833333333333],[130.8125,33.8]]]}},{"type":"Feature","id":"40100:50305665","properties":{"id":"40100:50305665","meshCode":"50305665","cityCode":"40100","city":"北九州市","lat":33.8041667,"lon":130.81875,"areaKm2":1.069655,"populated2020":true,"population2020":73.9993,"populationNote":"収録500mメッシュ人口の合算（原典収録外は補完しない）"},"geometry":{"type":"Polygon","coordinates":[[[130.825,33.8],[130.8125,33.8],[130.8125,33.80833333333333],[130.825,33.80833333333333],[130.825,33.8]]]}},{"type":"Feature","id":"40100:50305666","properties":{"id":"40100:50305666","meshCode":"50305666","cityCode":"40100","city":"北九州市","lat":33.8041667,"lon":130.83125,"areaKm2":1.0696539,"populated2020":true,"population2020":10.2643,"populationNote":"収録500mメッシュ人口の合算（原典収録外は補完しない）"},"geometry":{"type":"Polygon","coordinates":[[[130.8375,33.8],[130.825,33.8],[130.825,33.80833333333333],[130.8375,33.80833333333333],[130.8375,33.8]]]}},{"type":"Feature","id":"40100:50305667","properties":{"id":"40100:50305667","meshCode":"50305667","cityCode":"40100","city":"北九州市","lat":33.8041667,"lon":130.84375,"areaKm2":1.069653,"populated2020":true,"population2020":186.2889,"populationNote":"収録500mメッシュ人口の合算（原典収録外は補完しない）"},"geometry":{"type":"Polygon","coordinates":[[[130.85,33.8],[130.8375,33.8],[130.8375,33.80833333333333],[130.85,33.80833333333334],[130.85,33.8]]]}},{"type":"Feature","id":"40100:50305668","properties":{"id":"40100:50305668","meshCode":"50305668","cityCode":"40100","city":"北九州市","lat":33.8041667,"lon":130.85625,"areaKm2":1.0696522,"populated2020":true,"population2020":624.2397,"populationNote":"収録500mメッシュ人口の合算（原典収録外は補完しない）"},"geometry":{"type":"Polygon","coordinates":[[[130.8625,33.8],[130.85,33.8],[130.85,33.80833333333334],[130.8625,33.80833333333333],[130.8625,33.8]]]}},{"type":"Feature","id":"40100:50305669","properties":{"id":"40100:50305669","meshCode":"50305669","cityCode":"40100","city":"北九州市","lat":33.8041667,"lon":130.86875,"areaKm2":1.0696514,"populated2020":true,"population2020":938.3943,"populationNote":"収録500mメッシュ人口の合算（原典収録外は補完しない）"},"geometry":{"type":"Polygon","coordinates":[[[130.875,33.79999999999999],[130.8625,33.8],[130.8625,33.80833333333333],[130.875,33.80833333333333],[130.875,33.79999999999999]]]}},{"type":"Feature","id":"40100:50305760","properties":{"id":"40100:50305760","meshCode":"50305760","cityCode":"40100","city":"北九州市","lat":33.8041667,"lon":130.88125,"areaKm2":1.0696506,"populated2020":true,"population2020":400.8519,"populationNote":"収録500mメッシュ人口の合算（原典収録外は補完しない）"},"geometry":{"type":"Polygon","coordinates":[[[130.8875,33.8],[130.875,33.79999999999999],[130.875,33.80833333333333],[130.8875,33.80833333333333],[130.8875,33.8]]]}},{"type":"Feature","id":"40100:50305761","properties":{"id":"40100:50305761","meshCode":"50305761","cityCode":"40100","city":"北九州市","lat":33.8041667,"lon":130.89375,"areaKm2":1.0696501,"populated2020":false,"population2020":null,"populationNote":"境界またぎ・収録外等のため人口未集計"},"geometry":{"type":"Polygon","coordinates":[[[130.9,33.8],[130.8875,33.8],[130.8875,33.80833333333333],[130.9,33.80833333333333],[130.9,33.8]]]}},{"type":"Feature","id":"40100:50305762","properties":{"id":"40100:50305762","meshCode":"50305762","cityCode":"40100","city":"北九州市","lat":33.8041667,"lon":130.90625,"areaKm2":1.0696494,"populated2020":false,"population2020":null,"populationNote":"境界またぎ・収録外等のため人口未集計"},"geometry":{"type":"Polygon","coordinates":[[[130.9125,33.8],[130.9,33.8],[130.9,33.80833333333333],[130.9125,33.80833333333334],[130.9125,33.8]]]}},{"type":"Feature","id":"40100:50305763","properties":{"id":"40100:50305763","meshCode":"50305763","cityCode":"40100","city":"北九州市","lat":33.8041667,"lon":130.91875,"areaKm2":1.069649,"populated2020":true,"population2020":323.2246,"populationNote":"収録500mメッシュ人口の合算（原典収録外は補完しない）"},"geometry":{"type":"Polygon","coordinates":[[[130.925,33.8],[130.9125,33.8],[130.9125,33.80833333333334],[130.925,33.80833333333333],[130.925,33.8]]]}},{"type":"Feature","id":"40100:50305764","properties":{"id":"40100:50305764","meshCode":"50305764","cityCode":"40100","city":"北九州市","lat":33.8041667,"lon":130.93125,"areaKm2":1.0696486,"populated2020":true,"population2020":1689.4532,"populationNote":"収録500mメッシュ人口の合算（原典収録外は補完しない）"},"geometry":{"type":"Polygon","coordinates":[[[130.9375,33.8],[130.925,33.8],[130.925,33.80833333333333],[130.9375,33.80833333333333],[130.9375,33.8]]]}},{"type":"Feature","id":"40100:50305765","properties":{"id":"40100:50305765","meshCode":"50305765","cityCode":"40100","city":"北九州市","lat":33.8041667,"lon":130.94375,"areaKm2":1.0696482,"populated2020":true,"population2020":1351.244,"populationNote":"収録500mメッシュ人口の合算（原典収録外は補完しない）"},"geometry":{"type":"Polygon","coordinates":[[[130.95,33.800000000000004],[130.9375,33.8],[130.9375,33.80833333333333],[130.95,33.80833333333334],[130.95,33.800000000000004]]]}},{"type":"Feature","id":"40100:50305766","properties":{"id":"40100:50305766","meshCode":"50305766","cityCode":"40100","city":"北九州市","lat":33.8041667,"lon":130.95625,"areaKm2":1.069648,"populated2020":true,"population2020":3586.5728,"populationNote":"収録500mメッシュ人口の合算（原典収録外は補完しない）"},"geometry":{"type":"Polygon","coordinates":[[[130.9625,33.800000000000004],[130.95,33.800000000000004],[130.95,33.80833333333334],[130.9625,33.80833333333332],[130.9625,33.800000000000004]]]}},{"type":"Feature","id":"40100:50305767","properties":{"id":"40100:50305767","meshCode":"50305767","cityCode":"40100","city":"北九州市","lat":33.8045884,"lon":130.9679029,"areaKm2":0.8956255,"populated2020":true,"population2020":null,"populationNote":"境界またぎ・収録外等のため人口未集計"},"geometry":{"type":"Polygon","coordinates":[[[130.975,33.80568672100003],[130.97255527900018,33.803663333000145],[130.97189444900005,33.80254444100012],[130.97162972800004,33.802399441000034],[130.971530272,33.802454720999954],[130.9713652790001,33.802399441000034],[130.97107472100004,33.801837495000036],[130.97029277599995,33.80105305400007],[130.9700941630001,33.8005736130001],[130.969454864,33.79999999999999],[130.9625,33.800000000000004],[130.9625,33.80833333333332],[130.975,33.80833333333334],[130.975,33.80568672100003]]]}},{"type":"Feature","id":"40100:50305768","properties":{"id":"40100:50305768","meshCode":"50305768","cityCode":"40100","city":"北九州市","lat":33.8074515,"lon":130.9761188,"areaKm2":0.0455904,"populated2020":false,"population2020":null,"populationNote":"境界またぎ・収録外等のため人口未集計"},"geometry":{"type":"Polygon","coordinates":[[[130.9783586640001,33.80833333300001],[130.97647138799994,33.8068555590001],[130.975,33.80568672100003],[130.975,33.80833333333334],[130.9783586640001,33.80833333300001]]]}},{"type":"Feature","id":"40100:50305577","properties":{"id":"40100:50305577","meshCode":"50305577","cityCode":"40100","city":"北九州市","lat":33.8092419,"lon":130.7163804,"areaKm2":0.0429536,"populated2020":true,"population2020":null,"populationNote":"境界またぎ・収録外等のため人口未集計"},"geometry":{"type":"Polygon","coordinates":[[[130.71886963653247,33.80833333333334],[130.71592474669936,33.80833333333333],[130.715441388,33.80914555900001],[130.715487782,33.809530559],[130.715105551,33.809986108000004],[130.714218054,33.81044138699999],[130.713046109,33.810893054000005],[130.712973606,33.811060559],[130.716750272,33.809758333],[130.717430558,33.809371387],[130.71886963653247,33.80833333333334]]]}},{"type":"Feature","id":"40100:50305578","properties":{"id":"40100:50305578","meshCode":"50305578","cityCode":"40100","city":"北九州市","lat":33.8107527,"lon":130.7338917,"areaKm2":0.3904562,"populated2020":true,"population2020":null,"populationNote":"境界またぎ・収録外等のため人口未集計"},"geometry":{"type":"Polygon","coordinates":[[[130.72855530519115,33.80833333333333],[130.729784163,33.810267225],[130.731108054,33.81257555900001],[130.731325837,33.81271666699999],[130.732830272,33.81289027900001],[130.733374994,33.813029721],[130.733606667,33.813406667],[130.734464163,33.813719162],[130.73710083,33.814069999999994],[130.7375,33.81400299024106],[130.7375,33.80833333333334],[130.72855530519115,33.80833333333333]]]}},{"type":"Feature","id":"40100:50305579","properties":{"id":"40100:50305579","meshCode":"50305579","cityCode":"40100","city":"北九州市","lat":33.8121866,"lon":130.744174,"areaKm2":0.9716178,"populated2020":true,"population2020":null,"populationNote":"境界またぎ・収録外等のため人口未集計"},"geometry":{"type":"Polygon","coordinates":[[[130.75,33.80833333333333],[130.7375,33.80833333333334],[130.7375,33.81400299024106],[130.738431946,33.813775559],[130.738883606,33.814155559],[130.740294994,33.814548892],[130.740021946,33.815175829000005],[130.740136939,33.81540944100001],[130.741526109,33.815669721],[130.743069728,33.816076946],[130.743251946,33.816334999999995],[130.742889442,33.816617225],[130.74292311277298,33.81666666666667],[130.75,33.81666666666667],[130.75,33.80833333333333]]]}},{"type":"Feature","id":"40100:50305670","properties":{"id":"40100:50305670","meshCode":"50305670","cityCode":"40100","city":"北九州市","lat":33.8125,"lon":130.75625,"areaKm2":1.0695587,"populated2020":true,"population2020":2234.3914,"populationNote":"収録500mメッシュ人口の合算（原典収録外は補完しない）"},"geometry":{"type":"Polygon","coordinates":[[[130.7625,33.80833333333333],[130.75,33.80833333333333],[130.75,33.81666666666667],[130.7625,33.81666666666667],[130.7625,33.80833333333333]]]}},{"type":"Feature","id":"40100:50305671","properties":{"id":"40100:50305671","meshCode":"50305671","cityCode":"40100","city":"北九州市","lat":33.8125,"lon":130.76875,"areaKm2":1.0695573,"populated2020":true,"population2020":11.5605,"populationNote":"収録500mメッシュ人口の合算（原典収録外は補完しない）"},"geometry":{"type":"Polygon","coordinates":[[[130.775,33.80833333333333],[130.7625,33.80833333333333],[130.7625,33.81666666666667],[130.775,33.81666666666667],[130.775,33.80833333333333]]]}},{"type":"Feature","id":"40100:50305672","properties":{"id":"40100:50305672","meshCode":"50305672","cityCode":"40100","city":"北九州市","lat":33.8125,"lon":130.78125,"areaKm2":1.069556,"populated2020":false,"population2020":null,"populationNote":"境界またぎ・収録外等のため人口未集計"},"geometry":{"type":"Polygon","coordinates":[[[130.7875,33.80833333333333],[130.775,33.80833333333333],[130.775,33.81666666666667],[130.7875,33.81666666666667],[130.7875,33.80833333333333]]]}},{"type":"Feature","id":"40100:50305673","properties":{"id":"40100:50305673","meshCode":"50305673","cityCode":"40100","city":"北九州市","lat":33.8125,"lon":130.79375,"areaKm2":1.0695548,"populated2020":true,"population2020":22.4271,"populationNote":"収録500mメッシュ人口の合算（原典収録外は補完しない）"},"geometry":{"type":"Polygon","coordinates":[[[130.8,33.80833333333333],[130.7875,33.80833333333333],[130.7875,33.81666666666667],[130.8,33.81666666666667],[130.8,33.80833333333333]]]}},{"type":"Feature","id":"40100:50305674","properties":{"id":"40100:50305674","meshCode":"50305674","cityCode":"40100","city":"北九州市","lat":33.8125,"lon":130.80625,"areaKm2":1.0695538,"populated2020":true,"population2020":13.4177,"populationNote":"収録500mメッシュ人口の合算（原典収録外は補完しない）"},"geometry":{"type":"Polygon","coordinates":[[[130.8125,33.80833333333333],[130.8,33.80833333333333],[130.8,33.81666666666667],[130.8125,33.81666666666667],[130.8125,33.80833333333333]]]}},{"type":"Feature","id":"40100:50305675","properties":{"id":"40100:50305675","meshCode":"50305675","cityCode":"40100","city":"北九州市","lat":33.8125,"lon":130.81875,"areaKm2":1.0695526,"populated2020":true,"population2020":64.8205,"populationNote":"収録500mメッシュ人口の合算（原典収録外は補完しない）"},"geometry":{"type":"Polygon","coordinates":[[[130.825,33.80833333333333],[130.8125,33.80833333333333],[130.8125,33.81666666666667],[130.825,33.81666666666667],[130.825,33.80833333333333]]]}},{"type":"Feature","id":"40100:50305676","properties":{"id":"40100:50305676","meshCode":"50305676","cityCode":"40100","city":"北九州市","lat":33.8125,"lon":130.83125,"areaKm2":1.0695517,"populated2020":true,"population2020":224.2889,"populationNote":"収録500mメッシュ人口の合算（原典収録外は補完しない）"},"geometry":{"type":"Polygon","coordinates":[[[130.8375,33.80833333333333],[130.825,33.80833333333333],[130.825,33.81666666666667],[130.8375,33.81666666666666],[130.8375,33.80833333333333]]]}},{"type":"Feature","id":"40100:50305677","properties":{"id":"40100:50305677","meshCode":"50305677","cityCode":"40100","city":"北九州市","lat":33.8125,"lon":130.84375,"areaKm2":1.0695507,"populated2020":true,"population2020":420.7594,"populationNote":"収録500mメッシュ人口の合算（原典収録外は補完しない）"},"geometry":{"type":"Polygon","coordinates":[[[130.85,33.80833333333334],[130.8375,33.80833333333333],[130.8375,33.81666666666666],[130.85,33.81666666666667],[130.85,33.80833333333334]]]}},{"type":"Feature","id":"40100:50305678","properties":{"id":"40100:50305678","meshCode":"50305678","cityCode":"40100","city":"北九州市","lat":33.8125,"lon":130.85625,"areaKm2":1.0695498,"populated2020":true,"population2020":5017.0958,"populationNote":"収録500mメッシュ人口の合算（原典収録外は補完しない）"},"geometry":{"type":"Polygon","coordinates":[[[130.8625,33.80833333333333],[130.85,33.80833333333334],[130.85,33.81666666666667],[130.8625,33.81666666666667],[130.8625,33.80833333333333]]]}},{"type":"Feature","id":"40100:50305679","properties":{"id":"40100:50305679","meshCode":"50305679","cityCode":"40100","city":"北九州市","lat":33.8125,"lon":130.86875,"areaKm2":1.069549,"populated2020":true,"population2020":672.8178,"populationNote":"収録500mメッシュ人口の合算（原典収録外は補完しない）"},"geometry":{"type":"Polygon","coordinates":[[[130.875,33.80833333333333],[130.8625,33.80833333333333],[130.8625,33.81666666666667],[130.875,33.81666666666667],[130.875,33.80833333333333]]]}},{"type":"Feature","id":"40100:50305770","properties":{"id":"40100:50305770","meshCode":"50305770","cityCode":"40100","city":"北九州市","lat":33.8125,"lon":130.88125,"areaKm2":1.0695485,"populated2020":true,"population2020":799.3304,"populationNote":"収録500mメッシュ人口の合算（原典収録外は補完しない）"},"geometry":{"type":"Polygon","coordinates":[[[130.8875,33.80833333333333],[130.875,33.80833333333333],[130.875,33.81666666666667],[130.8875,33.81666666666667],[130.8875,33.80833333333333]]]}},{"type":"Feature","id":"40100:50305771","properties":{"id":"40100:50305771","meshCode":"50305771","cityCode":"40100","city":"北九州市","lat":33.8125,"lon":130.89375,"areaKm2":1.0695478,"populated2020":true,"population2020":14.4324,"populationNote":"収録500mメッシュ人口の合算（原典収録外は補完しない）"},"geometry":{"type":"Polygon","coordinates":[[[130.9,33.80833333333333],[130.8875,33.80833333333333],[130.8875,33.81666666666667],[130.9,33.81666666666667],[130.9,33.80833333333333]]]}},{"type":"Feature","id":"40100:50305772","properties":{"id":"40100:50305772","meshCode":"50305772","cityCode":"40100","city":"北九州市","lat":33.8125,"lon":130.90625,"areaKm2":1.0695472,"populated2020":false,"population2020":null,"populationNote":"境界またぎ・収録外等のため人口未集計"},"geometry":{"type":"Polygon","coordinates":[[[130.9125,33.80833333333334],[130.9,33.80833333333333],[130.9,33.81666666666667],[130.9125,33.81666666666667],[130.9125,33.80833333333334]]]}},{"type":"Feature","id":"40100:50305773","properties":{"id":"40100:50305773","meshCode":"50305773","cityCode":"40100","city":"北九州市","lat":33.8125,"lon":130.91875,"areaKm2":1.0695467,"populated2020":true,"population2020":423.3572,"populationNote":"収録500mメッシュ人口の合算（原典収録外は補完しない）"},"geometry":{"type":"Polygon","coordinates":[[[130.925,33.80833333333333],[130.9125,33.80833333333334],[130.9125,33.81666666666667],[130.925,33.81666666666667],[130.925,33.80833333333333]]]}},{"type":"Feature","id":"40100:50305774","properties":{"id":"40100:50305774","meshCode":"50305774","cityCode":"40100","city":"北九州市","lat":33.8125,"lon":130.93125,"areaKm2":1.0695463,"populated2020":true,"population2020":4806.0615,"populationNote":"収録500mメッシュ人口の合算（原典収録外は補完しない）"},"geometry":{"type":"Polygon","coordinates":[[[130.9375,33.80833333333333],[130.925,33.80833333333333],[130.925,33.81666666666667],[130.9375,33.81666666666668],[130.9375,33.80833333333333]]]}},{"type":"Feature","id":"40100:50305775","properties":{"id":"40100:50305775","meshCode":"50305775","cityCode":"40100","city":"北九州市","lat":33.8125,"lon":130.94375,"areaKm2":1.069546,"populated2020":true,"population2020":2782.526,"populationNote":"収録500mメッシュ人口の合算（原典収録外は補完しない）"},"geometry":{"type":"Polygon","coordinates":[[[130.95,33.80833333333334],[130.9375,33.80833333333333],[130.9375,33.81666666666668],[130.95,33.81666666666667],[130.95,33.80833333333334]]]}},{"type":"Feature","id":"40100:50305776","properties":{"id":"40100:50305776","meshCode":"50305776","cityCode":"40100","city":"北九州市","lat":33.8125,"lon":130.95625,"areaKm2":1.0695456,"populated2020":true,"population2020":1722.6841,"populationNote":"収録500mメッシュ人口の合算（原典収録外は補完しない）"},"geometry":{"type":"Polygon","coordinates":[[[130.9625,33.80833333333332],[130.95,33.80833333333334],[130.95,33.81666666666667],[130.9625,33.81666666666667],[130.9625,33.80833333333332]]]}},{"type":"Feature","id":"40100:50305777","properties":{"id":"40100:50305777","meshCode":"50305777","cityCode":"40100","city":"北九州市","lat":33.8126802,"lon":130.9640663,"areaKm2":0.4299751,"populated2020":true,"population2020":15.4578,"populationNote":"収録500mメッシュ人口の合算（原典収録外は補完しない）"},"geometry":{"type":"Polygon","coordinates":[[[130.96655605699993,33.809498333000136],[130.975,33.81099536000006],[130.975,33.80833333333334],[130.9625,33.80833333333332],[130.9625,33.81666666666667],[130.96397108915372,33.81666666666667],[130.96417154300013,33.81604794600014],[130.9655668480001,33.812860387000114],[130.966319053,33.81046725200008],[130.966578885,33.81002525200012],[130.975,33.81154086499999],[130.96651189400006,33.80999238700014],[130.96655605699993,33.809498333000136]]]}},{"type":"Feature","id":"40100:50305778","properties":{"id":"40100:50305778","meshCode":"50305778","cityCode":"40100","city":"北九州市","lat":33.8100717,"lon":130.9777574,"areaKm2":0.1653916,"populated2020":false,"population2020":null,"populationNote":"境界またぎ・収録外等のため人口未集計"},"geometry":{"type":"MultiPolygon","coordinates":[[[[130.975,33.81099536000006],[130.97995822300004,33.81192061299999],[130.98085849500015,33.81113191900011],[130.98083355400001,33.8109954680001],[130.981297134,33.81063034200008],[130.978358664401,33.80833333333333],[130.975,33.80833333333334],[130.975,33.81099536000006]]],[[[130.975,33.81154086499999],[130.97969219200013,33.812351829000136],[130.975,33.8115131620001],[130.975,33.81154086499999]]]]}},{"type":"Feature","id":"40100:50305589","properties":{"id":"40100:50305589","meshCode":"50305589","cityCode":"40100","city":"北九州市","lat":33.8214339,"lon":130.7447667,"areaKm2":0.8331483,"populated2020":true,"population2020":null,"populationNote":"境界またぎ・収録外等のため人口未集計"},"geometry":{"type":"Polygon","coordinates":[[[130.74292311277298,33.81666666666667],[130.743672218,33.817768613],[130.743483606,33.817951946],[130.743453333,33.818175829],[130.743526109,33.81830694600001],[130.743086667,33.818544721],[130.743011115,33.819230279],[130.74280666700002,33.819432775],[130.742773333,33.81958305399999],[130.742847497,33.82001472099999],[130.742388612,33.820361387],[130.742082218,33.820577225],[130.741729442,33.820081108000004],[130.741612503,33.820000559],[130.74127917,33.81998222499999],[130.741188327,33.820137495],[130.74032083,33.820484441],[130.740036667,33.820518613],[130.739988327,33.82100444100001],[130.740166667,33.82153082899999],[130.739545837,33.822075],[130.739340272,33.82179472100001],[130.739450558,33.821123333],[130.738905551,33.82105],[130.738207497,33.821067495],[130.737613061,33.821291386999995],[130.7375,33.82145336491714],[130.7375,33.825],[130.75,33.825],[130.75,33.81666666666667],[130.74292311277298,33.81666666666667]]]}},{"type":"Feature","id":"40100:50305680","properties":{"id":"40100:50305680","meshCode":"50305680","cityCode":"40100","city":"北九州市","lat":33.8208333,"lon":130.75625,"areaKm2":1.0694564,"populated2020":true,"population2020":3637.8703,"populationNote":"収録500mメッシュ人口の合算（原典収録外は補完しない）"},"geometry":{"type":"Polygon","coordinates":[[[130.7625,33.81666666666667],[130.75,33.81666666666667],[130.75,33.825],[130.7625,33.825],[130.7625,33.81666666666667]]]}},{"type":"Feature","id":"40100:50305681","properties":{"id":"40100:50305681","meshCode":"50305681","cityCode":"40100","city":"北九州市","lat":33.8208333,"lon":130.76875,"areaKm2":1.0694551,"populated2020":true,"population2020":424.9606,"populationNote":"収録500mメッシュ人口の合算（原典収録外は補完しない）"},"geometry":{"type":"Polygon","coordinates":[[[130.775,33.81666666666667],[130.7625,33.81666666666667],[130.7625,33.825],[130.775,33.82500000000001],[130.775,33.81666666666667]]]}},{"type":"Feature","id":"40100:50305682","properties":{"id":"40100:50305682","meshCode":"50305682","cityCode":"40100","city":"北九州市","lat":33.8208333,"lon":130.78125,"areaKm2":1.0694538,"populated2020":true,"population2020":5.2823,"populationNote":"収録500mメッシュ人口の合算（原典収録外は補完しない）"},"geometry":{"type":"Polygon","coordinates":[[[130.7875,33.81666666666667],[130.775,33.81666666666667],[130.775,33.82500000000001],[130.7875,33.825],[130.7875,33.81666666666667]]]}},{"type":"Feature","id":"40100:50305683","properties":{"id":"40100:50305683","meshCode":"50305683","cityCode":"40100","city":"北九州市","lat":33.8208333,"lon":130.79375,"areaKm2":1.0694526,"populated2020":false,"population2020":null,"populationNote":"境界またぎ・収録外等のため人口未集計"},"geometry":{"type":"Polygon","coordinates":[[[130.8,33.81666666666667],[130.7875,33.81666666666667],[130.7875,33.825],[130.8,33.825],[130.8,33.81666666666667]]]}},{"type":"Feature","id":"40100:50305684","properties":{"id":"40100:50305684","meshCode":"50305684","cityCode":"40100","city":"北九州市","lat":33.8208333,"lon":130.80625,"areaKm2":1.0694514,"populated2020":true,"population2020":7.0803,"populationNote":"収録500mメッシュ人口の合算（原典収録外は補完しない）"},"geometry":{"type":"Polygon","coordinates":[[[130.8125,33.81666666666667],[130.8,33.81666666666667],[130.8,33.825],[130.8125,33.825],[130.8125,33.81666666666667]]]}},{"type":"Feature","id":"40100:50305685","properties":{"id":"40100:50305685","meshCode":"50305685","cityCode":"40100","city":"北九州市","lat":33.8208333,"lon":130.81875,"areaKm2":1.0694504,"populated2020":true,"population2020":8.3367,"populationNote":"収録500mメッシュ人口の合算（原典収録外は補完しない）"},"geometry":{"type":"Polygon","coordinates":[[[130.825,33.81666666666667],[130.8125,33.81666666666667],[130.8125,33.825],[130.825,33.825],[130.825,33.81666666666667]]]}},{"type":"Feature","id":"40100:50305686","properties":{"id":"40100:50305686","meshCode":"50305686","cityCode":"40100","city":"北九州市","lat":33.8208333,"lon":130.83125,"areaKm2":1.0694494,"populated2020":true,"population2020":30.0554,"populationNote":"収録500mメッシュ人口の合算（原典収録外は補完しない）"},"geometry":{"type":"Polygon","coordinates":[[[130.8375,33.81666666666666],[130.825,33.81666666666667],[130.825,33.825],[130.8375,33.825],[130.8375,33.81666666666666]]]}},{"type":"Feature","id":"40100:50305687","properties":{"id":"40100:50305687","meshCode":"50305687","cityCode":"40100","city":"北九州市","lat":33.8208333,"lon":130.84375,"areaKm2":1.0694486,"populated2020":true,"population2020":73.0733,"populationNote":"収録500mメッシュ人口の合算（原典収録外は補完しない）"},"geometry":{"type":"Polygon","coordinates":[[[130.85,33.81666666666667],[130.8375,33.81666666666666],[130.8375,33.825],[130.85,33.825],[130.85,33.81666666666667]]]}},{"type":"Feature","id":"40100:50305688","properties":{"id":"40100:50305688","meshCode":"50305688","cityCode":"40100","city":"北九州市","lat":33.8208333,"lon":130.85625,"areaKm2":1.0694478,"populated2020":true,"population2020":5903.8434,"populationNote":"収録500mメッシュ人口の合算（原典収録外は補完しない）"},"geometry":{"type":"Polygon","coordinates":[[[130.8625,33.81666666666667],[130.85,33.81666666666667],[130.85,33.825],[130.8625,33.825],[130.8625,33.81666666666667]]]}},{"type":"Feature","id":"40100:50305689","properties":{"id":"40100:50305689","meshCode":"50305689","cityCode":"40100","city":"北九州市","lat":33.8208333,"lon":130.86875,"areaKm2":1.069447,"populated2020":true,"population2020":7262.2537,"populationNote":"収録500mメッシュ人口の合算（原典収録外は補完しない）"},"geometry":{"type":"Polygon","coordinates":[[[130.875,33.81666666666667],[130.8625,33.81666666666667],[130.8625,33.825],[130.875,33.825],[130.875,33.81666666666667]]]}},{"type":"Feature","id":"40100:50305780","properties":{"id":"40100:50305780","meshCode":"50305780","cityCode":"40100","city":"北九州市","lat":33.8208333,"lon":130.88125,"areaKm2":1.0694462,"populated2020":true,"population2020":6350.1365,"populationNote":"収録500mメッシュ人口の合算（原典収録外は補完しない）"},"geometry":{"type":"Polygon","coordinates":[[[130.8875,33.81666666666667],[130.875,33.81666666666667],[130.875,33.825],[130.8875,33.824999999999996],[130.8875,33.81666666666667]]]}},{"type":"Feature","id":"40100:50305781","properties":{"id":"40100:50305781","meshCode":"50305781","cityCode":"40100","city":"北九州市","lat":33.8208333,"lon":130.89375,"areaKm2":1.0694455,"populated2020":true,"population2020":585.8203,"populationNote":"収録500mメッシュ人口の合算（原典収録外は補完しない）"},"geometry":{"type":"Polygon","coordinates":[[[130.9,33.81666666666667],[130.8875,33.81666666666667],[130.8875,33.824999999999996],[130.9,33.825],[130.9,33.81666666666667]]]}},{"type":"Feature","id":"40100:50305782","properties":{"id":"40100:50305782","meshCode":"50305782","cityCode":"40100","city":"北九州市","lat":33.8208333,"lon":130.90625,"areaKm2":1.069445,"populated2020":true,"population2020":1497.9445,"populationNote":"収録500mメッシュ人口の合算（原典収録外は補完しない）"},"geometry":{"type":"Polygon","coordinates":[[[130.9125,33.81666666666667],[130.9,33.81666666666667],[130.9,33.825],[130.9125,33.825],[130.9125,33.81666666666667]]]}},{"type":"Feature","id":"40100:50305783","properties":{"id":"40100:50305783","meshCode":"50305783","cityCode":"40100","city":"北九州市","lat":33.8208333,"lon":130.91875,"areaKm2":1.0694445,"populated2020":true,"population2020":1608.7432,"populationNote":"収録500mメッシュ人口の合算（原典収録外は補完しない）"},"geometry":{"type":"Polygon","coordinates":[[[130.925,33.81666666666667],[130.9125,33.81666666666667],[130.9125,33.825],[130.925,33.82500000000001],[130.925,33.81666666666667]]]}},{"type":"Feature","id":"40100:50305784","properties":{"id":"40100:50305784","meshCode":"50305784","cityCode":"40100","city":"北九州市","lat":33.8208333,"lon":130.93125,"areaKm2":1.069444,"populated2020":true,"population2020":4367.0412,"populationNote":"収録500mメッシュ人口の合算（原典収録外は補完しない）"},"geometry":{"type":"Polygon","coordinates":[[[130.9375,33.81666666666668],[130.925,33.81666666666667],[130.925,33.82500000000001],[130.9375,33.82500000000001],[130.9375,33.81666666666668]]]}},{"type":"Feature","id":"40100:50305785","properties":{"id":"40100:50305785","meshCode":"50305785","cityCode":"40100","city":"北九州市","lat":33.8208333,"lon":130.94375,"areaKm2":1.0694436,"populated2020":true,"population2020":4634.53,"populationNote":"収録500mメッシュ人口の合算（原典収録外は補完しない）"},"geometry":{"type":"Polygon","coordinates":[[[130.95,33.81666666666667],[130.9375,33.81666666666668],[130.9375,33.82500000000001],[130.95,33.825],[130.95,33.81666666666667]]]}},{"type":"Feature","id":"40100:50305786","properties":{"id":"40100:50305786","meshCode":"50305786","cityCode":"40100","city":"北九州市","lat":33.8206194,"lon":130.9558038,"areaKm2":0.9837968,"populated2020":true,"population2020":495.5736,"populationNote":"収録500mメッシュ人口の合算（原典収録外は補完しない）"},"geometry":{"type":"Polygon","coordinates":[[[130.96247710800003,33.81978649500014],[130.9625,33.81666666666667],[130.95,33.81666666666667],[130.95,33.825],[130.95923661500007,33.825],[130.96068124500005,33.82244469400007],[130.9625,33.82293713781886],[130.9625,33.82272439778034],[130.96114808000004,33.822358748000056],[130.96084214000007,33.82219058599998],[130.9610180420001,33.82184125200007],[130.96135289200004,33.821716558999924],[130.96247710800003,33.81978649500014]]]}},{"type":"Feature","id":"40100:50305787","properties":{"id":"40100:50305787","meshCode":"50305787","cityCode":"40100","city":"北九州市","lat":33.8180156,"lon":130.9628539,"areaKm2":0.0346986,"populated2020":false,"population2020":null,"populationNote":"境界またぎ・収録外等のため人口未集計"},"geometry":{"type":"MultiPolygon","coordinates":[[[[130.96256286599998,33.8196178020001],[130.9625081060001,33.819305558999936],[130.96353029800014,33.81740934200001],[130.96367487700013,33.8173095680001],[130.96397108915372,33.81666666666667],[130.9625,33.81666666666667],[130.9625,33.81974663167471],[130.96256286599998,33.8196178020001]]],[[[130.9625,33.82293713781886],[130.96964623899964,33.825],[130.97032277599976,33.825],[130.9625,33.82272439778034],[130.9625,33.82293713781886]]],[[[130.970376913,33.824949027000066],[130.97035566800017,33.824999999999996],[130.97055189399964,33.825],[130.970376913,33.824949027000066]]],[[[130.97068360600008,33.8249641710001],[130.97067156899996,33.82500000000001],[130.97081230899968,33.82500000000001],[130.97068360600008,33.8249641710001]]]]}},{"type":"Feature","id":"40100:50305588","properties":{"id":"40100:50305588","meshCode":"50305588","cityCode":"40100","city":"北九州市","lat":33.8237255,"lon":130.7351887,"areaKm2":0.1272925,"populated2020":true,"population2020":null,"populationNote":"境界またぎ・収録外等のため人口未集計"},"geometry":{"type":"Polygon","coordinates":[[[130.7375,33.82145336491714],[130.737233061,33.821756946],[130.73625083,33.82229027900001],[130.735813333,33.822364721],[130.735021388,33.82227444099999],[130.734564721,33.822300829],[130.733801388,33.822474162],[130.733407224,33.822731667],[130.733253333,33.822880829000006],[130.73361749700004,33.823336946],[130.733761115,33.823781946],[130.733652503,33.824230559],[130.733293061,33.824629161999994],[130.732382776,33.824528333],[130.731150558,33.824262775],[130.730858885,33.824508333],[130.730657445,33.825],[130.7375,33.825],[130.7375,33.82145336491714]]]}},{"type":"Feature","id":"40100:50305598","properties":{"id":"40100:50305598","meshCode":"50305598","cityCode":"40100","city":"北九州市","lat":33.8294739,"lon":130.7329325,"areaKm2":0.7663383,"populated2020":true,"population2020":null,"populationNote":"境界またぎ・収録外等のため人口未集計"},"geometry":{"type":"Polygon","coordinates":[[[130.731121946,33.82569],[130.731226667,33.825963613000006],[130.731067782,33.826046387],[130.730835279,33.825925559],[130.730474994,33.825378054],[130.730296939,33.825233054],[130.729733606,33.82528749499999],[130.729836109,33.826765],[130.729427782,33.826974441],[130.729747497,33.827423333],[130.728998054,33.827833891999994],[130.729052503,33.828346946],[130.728,33.82891638699999],[130.728392218,33.82956666700001],[130.728065551,33.82978582900001],[130.72880166,33.830691667],[130.728358885,33.831134441],[130.72800888500004,33.83130361300001],[130.727546109,33.831126387000005],[130.727193891,33.83121472100001],[130.726990558,33.831492495000006],[130.72776917,33.832048333],[130.727998612,33.832396387],[130.727964163,33.832543333000004],[130.727616109,33.832517225000004],[130.726959442,33.83191138699999],[130.726742218,33.83181277500001],[130.726498885,33.831931387],[130.726328885,33.832466946000004],[130.726698054,33.83333333333334],[130.7375,33.833333333333336],[130.7375,33.825],[130.730657445,33.825],[130.730720558,33.825198613000005],[130.731121946,33.82569]]]}},{"type":"Feature","id":"40100:50305599","properties":{"id":"40100:50305599","meshCode":"50305599","cityCode":"40100","city":"北九州市","lat":33.8291667,"lon":130.74375,"areaKm2":1.0693556,"populated2020":true,"population2020":5817.3507,"populationNote":"収録500mメッシュ人口の合算（原典収録外は補完しない）"},"geometry":{"type":"Polygon","coordinates":[[[130.75,33.825],[130.7375,33.825],[130.7375,33.833333333333336],[130.75,33.83333333333334],[130.75,33.825]]]}},{"type":"Feature","id":"40100:50305690","properties":{"id":"40100:50305690","meshCode":"50305690","cityCode":"40100","city":"北九州市","lat":33.8291667,"lon":130.75625,"areaKm2":1.069354,"populated2020":true,"population2020":6504.319,"populationNote":"収録500mメッシュ人口の合算（原典収録外は補完しない）"},"geometry":{"type":"Polygon","coordinates":[[[130.7625,33.825],[130.75,33.825],[130.75,33.83333333333334],[130.7625,33.833333333333336],[130.7625,33.825]]]}},{"type":"Feature","id":"40100:50305691","properties":{"id":"40100:50305691","meshCode":"50305691","cityCode":"40100","city":"北九州市","lat":33.8291667,"lon":130.76875,"areaKm2":1.0693528,"populated2020":true,"population2020":769.2406,"populationNote":"収録500mメッシュ人口の合算（原典収録外は補完しない）"},"geometry":{"type":"Polygon","coordinates":[[[130.775,33.82500000000001],[130.7625,33.825],[130.7625,33.833333333333336],[130.775,33.833333333333336],[130.775,33.82500000000001]]]}},{"type":"Feature","id":"40100:50305692","properties":{"id":"40100:50305692","meshCode":"50305692","cityCode":"40100","city":"北九州市","lat":33.8291667,"lon":130.78125,"areaKm2":1.0693515,"populated2020":true,"population2020":3.0607,"populationNote":"収録500mメッシュ人口の合算（原典収録外は補完しない）"},"geometry":{"type":"Polygon","coordinates":[[[130.7875,33.825],[130.775,33.82500000000001],[130.775,33.833333333333336],[130.7875,33.833333333333336],[130.7875,33.825]]]}},{"type":"Feature","id":"40100:50305693","properties":{"id":"40100:50305693","meshCode":"50305693","cityCode":"40100","city":"北九州市","lat":33.8291667,"lon":130.79375,"areaKm2":1.0693503,"populated2020":true,"population2020":249.9712,"populationNote":"収録500mメッシュ人口の合算（原典収録外は補完しない）"},"geometry":{"type":"Polygon","coordinates":[[[130.8,33.825],[130.7875,33.825],[130.7875,33.833333333333336],[130.8,33.833333333333336],[130.8,33.825]]]}},{"type":"Feature","id":"40100:50305694","properties":{"id":"40100:50305694","meshCode":"50305694","cityCode":"40100","city":"北九州市","lat":33.8291667,"lon":130.80625,"areaKm2":1.0693492,"populated2020":true,"population2020":30.4513,"populationNote":"収録500mメッシュ人口の合算（原典収録外は補完しない）"},"geometry":{"type":"Polygon","coordinates":[[[130.8125,33.825],[130.8,33.825],[130.8,33.833333333333336],[130.8125,33.833333333333336],[130.8125,33.825]]]}},{"type":"Feature","id":"40100:50305695","properties":{"id":"40100:50305695","meshCode":"50305695","cityCode":"40100","city":"北九州市","lat":33.8291667,"lon":130.81875,"areaKm2":1.0693482,"populated2020":false,"population2020":null,"populationNote":"境界またぎ・収録外等のため人口未集計"},"geometry":{"type":"Polygon","coordinates":[[[130.825,33.825],[130.8125,33.825],[130.8125,33.833333333333336],[130.825,33.833333333333336],[130.825,33.825]]]}},{"type":"Feature","id":"40100:50305696","properties":{"id":"40100:50305696","meshCode":"50305696","cityCode":"40100","city":"北九州市","lat":33.8291667,"lon":130.83125,"areaKm2":1.069347,"populated2020":false,"population2020":null,"populationNote":"境界またぎ・収録外等のため人口未集計"},"geometry":{"type":"Polygon","coordinates":[[[130.8375,33.825],[130.825,33.825],[130.825,33.833333333333336],[130.8375,33.83333333333334],[130.8375,33.825]]]}},{"type":"Feature","id":"40100:50305697","properties":{"id":"40100:50305697","meshCode":"50305697","cityCode":"40100","city":"北九州市","lat":33.8291667,"lon":130.84375,"areaKm2":1.0693462,"populated2020":true,"population2020":130.8771,"populationNote":"収録500mメッシュ人口の合算（原典収録外は補完しない）"},"geometry":{"type":"Polygon","coordinates":[[[130.85,33.825],[130.8375,33.825],[130.8375,33.83333333333334],[130.85,33.833333333333336],[130.85,33.825]]]}},{"type":"Feature","id":"40100:50305698","properties":{"id":"40100:50305698","meshCode":"50305698","cityCode":"40100","city":"北九州市","lat":33.8291667,"lon":130.85625,"areaKm2":1.0693454,"populated2020":true,"population2020":4864.9507,"populationNote":"収録500mメッシュ人口の合算（原典収録外は補完しない）"},"geometry":{"type":"Polygon","coordinates":[[[130.8625,33.825],[130.85,33.825],[130.85,33.833333333333336],[130.8625,33.833333333333336],[130.8625,33.825]]]}},{"type":"Feature","id":"40100:50305699","properties":{"id":"40100:50305699","meshCode":"50305699","cityCode":"40100","city":"北九州市","lat":33.8291667,"lon":130.86875,"areaKm2":1.0693446,"populated2020":true,"population2020":10325.3029,"populationNote":"収録500mメッシュ人口の合算（原典収録外は補完しない）"},"geometry":{"type":"Polygon","coordinates":[[[130.875,33.825],[130.8625,33.825],[130.8625,33.833333333333336],[130.875,33.833333333333336],[130.875,33.825]]]}},{"type":"Feature","id":"40100:50305790","properties":{"id":"40100:50305790","meshCode":"50305790","cityCode":"40100","city":"北九州市","lat":33.8291667,"lon":130.88125,"areaKm2":1.0693438,"populated2020":true,"population2020":6637.6869,"populationNote":"収録500mメッシュ人口の合算（原典収録外は補完しない）"},"geometry":{"type":"Polygon","coordinates":[[[130.8875,33.824999999999996],[130.875,33.825],[130.875,33.833333333333336],[130.8875,33.83333333333334],[130.8875,33.824999999999996]]]}},{"type":"Feature","id":"40100:50305791","properties":{"id":"40100:50305791","meshCode":"50305791","cityCode":"40100","city":"北九州市","lat":33.8291667,"lon":130.89375,"areaKm2":1.0693433,"populated2020":true,"population2020":2444.9353,"populationNote":"収録500mメッシュ人口の合算（原典収録外は補完しない）"},"geometry":{"type":"Polygon","coordinates":[[[130.9,33.825],[130.8875,33.824999999999996],[130.8875,33.83333333333334],[130.9,33.833333333333336],[130.9,33.825]]]}},{"type":"Feature","id":"40100:50305792","properties":{"id":"40100:50305792","meshCode":"50305792","cityCode":"40100","city":"北九州市","lat":33.8291667,"lon":130.90625,"areaKm2":1.0693426,"populated2020":true,"population2020":1669.6153,"populationNote":"収録500mメッシュ人口の合算（原典収録外は補完しない）"},"geometry":{"type":"Polygon","coordinates":[[[130.9125,33.825],[130.9,33.825],[130.9,33.833333333333336],[130.9125,33.833333333333336],[130.9125,33.825]]]}},{"type":"Feature","id":"40100:50305793","properties":{"id":"40100:50305793","meshCode":"50305793","cityCode":"40100","city":"北九州市","lat":33.8291667,"lon":130.91875,"areaKm2":1.0693422,"populated2020":true,"population2020":2345.0394,"populationNote":"収録500mメッシュ人口の合算（原典収録外は補完しない）"},"geometry":{"type":"Polygon","coordinates":[[[130.925,33.82500000000001],[130.9125,33.825],[130.9125,33.833333333333336],[130.925,33.833333333333336],[130.925,33.82500000000001]]]}},{"type":"Feature","id":"40100:50305794","properties":{"id":"40100:50305794","meshCode":"50305794","cityCode":"40100","city":"北九州市","lat":33.8291667,"lon":130.93125,"areaKm2":1.0693418,"populated2020":true,"population2020":8266.0051,"populationNote":"収録500mメッシュ人口の合算（原典収録外は補完しない）"},"geometry":{"type":"Polygon","coordinates":[[[130.9375,33.82500000000001],[130.925,33.82500000000001],[130.925,33.833333333333336],[130.9375,33.833333333333336],[130.9375,33.82500000000001]]]}},{"type":"Feature","id":"40100:50305795","properties":{"id":"40100:50305795","meshCode":"50305795","cityCode":"40100","city":"北九州市","lat":33.8291667,"lon":130.94375,"areaKm2":1.0693414,"populated2020":true,"population2020":5805.9753,"populationNote":"収録500mメッシュ人口の合算（原典収録外は補完しない）"},"geometry":{"type":"Polygon","coordinates":[[[130.95,33.825],[130.9375,33.82500000000001],[130.9375,33.833333333333336],[130.95,33.833333333333336],[130.95,33.825]]]}},{"type":"Feature","id":"40100:50305796","properties":{"id":"40100:50305796","meshCode":"50305796","cityCode":"40100","city":"北九州市","lat":33.8291298,"lon":130.9540172,"areaKm2":0.6835104,"populated2020":true,"population2020":124.9236,"populationNote":"収録500mメッシュ人口の合算（原典収録外は補完しない）"},"geometry":{"type":"Polygon","coordinates":[[[130.95682938999994,33.82948095500007],[130.95923661500007,33.825],[130.95,33.825],[130.95,33.833333333333336],[130.9586235021056,33.833333333333336],[130.957699844,33.83042067600008],[130.957836809,33.830429378000076],[130.95789901399996,33.830275766],[130.95752958499997,33.82992462200007],[130.95702610900014,33.829724108],[130.95682938999994,33.82948095500007]]]}},{"type":"Feature","id":"40100:50305797","properties":{"id":"40100:50305797","meshCode":"50305797","cityCode":"40100","city":"北九州市","lat":33.8251833,"lon":130.9746363,"areaKm2":0.0097912,"populated2020":false,"population2020":null,"populationNote":"境界またぎ・収録外等のため人口未集計"},"geometry":{"type":"MultiPolygon","coordinates":[[[[130.96964623899964,33.825],[130.97091422799997,33.82536636000003],[130.975,33.82521912599992],[130.975,33.825158306000056],[130.97093055799996,33.82530144100008],[130.9705314140001,33.82519675700012],[130.97058518799997,33.82506843200008],[130.97109575900004,33.825205946000096],[130.9711442150001,33.82509240500002],[130.97081230899968,33.82500000000001],[130.970654942,33.82504945900002],[130.96964623899964,33.825]]],[[[130.97165725,33.829073468],[130.970651751,33.82901561300001],[130.969853671,33.828787747999996],[130.969732633,33.828813694000004],[130.97067939,33.82910497300001],[130.971712529,33.829131198],[130.972771141,33.829365413999994],[130.974199857,33.82928410800001],[130.975,33.829644414],[130.975,33.828901721],[130.974495577,33.829212586000004],[130.97291019500003,33.829331532],[130.972182698,33.82923210799999],[130.97165725,33.829073468]]]]}},{"type":"Feature","id":"40100:50305798","properties":{"id":"40100:50305798","meshCode":"50305798","cityCode":"40100","city":"北九州市","lat":33.8287961,"lon":130.9764061,"areaKm2":0.0529039,"populated2020":false,"population2020":null,"populationNote":"境界またぎ・収録外等のため人口未集計"},"geometry":{"type":"MultiPolygon","coordinates":[[[[130.975404864,33.825673802],[130.975486109,33.825671117000006],[130.97547511,33.825222811],[130.97536524,33.825224775],[130.975404864,33.825673802]]],[[[130.97522457800017,33.82521140500012],[130.9752467190001,33.82598384700009],[130.97658386500007,33.82595913499995],[130.97689756199998,33.8256698560001],[130.97683808,33.82510784700009],[130.9768470040001,33.82565605400003],[130.97656162099997,33.82591918900005],[130.97534796399998,33.825941045000086],[130.9753016080001,33.825208802000134],[130.9758497670001,33.82519223400004],[130.97580955900014,33.82529591000008],[130.97595247700008,33.82529260399997],[130.9759497020001,33.82521028800011],[130.976383671,33.82520378400011],[130.97639013000017,33.825650739000025],[130.97649330700006,33.825649135000106],[130.97648955900002,33.82511869400014],[130.975,33.825158306000056],[130.975,33.82521912599992],[130.97522457800017,33.82521140500012]]],[[[130.977610052,33.828987135],[130.97744725,33.828502829],[130.977582918,33.828212081],[130.97738428,33.82808519799999],[130.977377173,33.827931802],[130.977246394,33.827794748],[130.977073217,33.827661892],[130.976988301,33.82772969399999],[130.976348495,33.82779582900001],[130.975930661,33.828371081],[130.975754228,33.828380694],[130.975407523,33.82877382899999],[130.975,33.828901721],[130.975,33.829644414],[130.976590999,33.830338892],[130.976842555,33.830135694000006],[130.97729849500004,33.830090252000005],[130.977501284,33.830138892],[130.977464578,33.829980108],[130.977547912,33.829820081],[130.977459079,33.829507919],[130.977610052,33.828987135]]]]}},{"type":"Feature","id":"40100:50305597","properties":{"id":"40100:50305597","meshCode":"50305597","cityCode":"40100","city":"北九州市","lat":33.8329846,"lon":130.7234055,"areaKm2":0.0128024,"populated2020":true,"population2020":null,"populationNote":"境界またぎ・収録外等のため人口未集計"},"geometry":{"type":"MultiPolygon","coordinates":[[[[130.72477083066283,33.833333333333336],[130.723456394,33.832400279],[130.722832776,33.83257749500001],[130.722745551,33.832929441],[130.7228713881499,33.833333333333336],[130.72477083066283,33.833333333333336]]],[[[130.722636641232,33.833333333333336],[130.722387497,33.833118892],[130.72177399401346,33.833333333333336],[130.722636641232,33.833333333333336]]]]}},{"type":"Feature","id":"40100:50306507","properties":{"id":"40100:50306507","meshCode":"50306507","cityCode":"40100","city":"北九州市","lat":33.8374669,"lon":130.7224712,"areaKm2":0.418467,"populated2020":true,"population2020":null,"populationNote":"境界またぎ・収録外等のため人口未集計"},"geometry":{"type":"Polygon","coordinates":[[[130.718458054,33.834449441],[130.718150558,33.834970559000006],[130.718352503,33.83518777500001],[130.719253061,33.83519777499999],[130.719814994,33.83551389200001],[130.72016083,33.835616387],[130.720611115,33.83554],[130.720901946,33.835745],[130.720988327,33.836000559],[130.720626667,33.836243613],[130.720617224,33.836370558999995],[130.720921388,33.838161108],[130.720895279,33.839031108],[130.720859442,33.839138333],[130.720701946,33.839113054],[130.720062776,33.83849110800001],[130.71985917,33.838579441],[130.719873606,33.839300279],[130.720125837,33.840061387],[130.72011749700002,33.84025249500001],[130.719733891,33.840895278999994],[130.719652218,33.841401667],[130.7194246693391,33.84166666666667],[130.725,33.84166666666667],[130.725,33.83344858600001],[130.72477083066283,33.833333333333336],[130.7228713881499,33.833333333333336],[130.722938612,33.833489162],[130.722856109,33.83354138699999],[130.722636641232,33.833333333333336],[130.72177399401346,33.833333333333336],[130.721578054,33.83343666700001],[130.721733061,33.834010279],[130.721509728,33.833989721],[130.721046939,33.83348277500001],[130.719389442,33.833935559],[130.718458054,33.834449441]]]}},{"type":"Feature","id":"40100:50306508","properties":{"id":"40100:50306508","meshCode":"50306508","cityCode":"40100","city":"北九州市","lat":33.8375348,"lon":130.7312978,"areaKm2":1.0596475,"populated2020":true,"population2020":7079.8652,"populationNote":"収録500mメッシュ人口の合算（原典収録外は補完しない）"},"geometry":{"type":"Polygon","coordinates":[[[130.726531946,33.833869721],[130.72653,33.834046946],[130.726391388,33.834095279],[130.72613166,33.83413944099999],[130.725852218,33.83407110800001],[130.72562083,33.83394222500001],[130.72540166,33.833658333],[130.725,33.83344858600001],[130.725,33.84166666666667],[130.7375,33.84166666666667],[130.7375,33.833333333333336],[130.726698054,33.83333333333334],[130.726698054,33.833551946],[130.726531946,33.833869721]]]}},{"type":"Feature","id":"40100:50306509","properties":{"id":"40100:50306509","meshCode":"50306509","cityCode":"40100","city":"北九州市","lat":33.8375,"lon":130.74375,"areaKm2":1.0692532,"populated2020":true,"population2020":5281.0085,"populationNote":"収録500mメッシュ人口の合算（原典収録外は補完しない）"},"geometry":{"type":"Polygon","coordinates":[[[130.75,33.83333333333334],[130.7375,33.833333333333336],[130.7375,33.84166666666667],[130.75,33.84166666666666],[130.75,33.83333333333334]]]}},{"type":"Feature","id":"40100:50306600","properties":{"id":"40100:50306600","meshCode":"50306600","cityCode":"40100","city":"北九州市","lat":33.8375,"lon":130.75625,"areaKm2":1.0692518,"populated2020":true,"population2020":4896.8741,"populationNote":"収録500mメッシュ人口の合算（原典収録外は補完しない）"},"geometry":{"type":"Polygon","coordinates":[[[130.7625,33.833333333333336],[130.75,33.83333333333334],[130.75,33.84166666666666],[130.7625,33.84166666666667],[130.7625,33.833333333333336]]]}},{"type":"Feature","id":"40100:50306601","properties":{"id":"40100:50306601","meshCode":"50306601","cityCode":"40100","city":"北九州市","lat":33.8375,"lon":130.76875,"areaKm2":1.0692504,"populated2020":true,"population2020":957.7599,"populationNote":"収録500mメッシュ人口の合算（原典収録外は補完しない）"},"geometry":{"type":"Polygon","coordinates":[[[130.775,33.833333333333336],[130.7625,33.833333333333336],[130.7625,33.84166666666667],[130.775,33.84166666666667],[130.775,33.833333333333336]]]}},{"type":"Feature","id":"40100:50306602","properties":{"id":"40100:50306602","meshCode":"50306602","cityCode":"40100","city":"北九州市","lat":33.8375,"lon":130.78125,"areaKm2":1.0692493,"populated2020":true,"population2020":5.2499,"populationNote":"収録500mメッシュ人口の合算（原典収録外は補完しない）"},"geometry":{"type":"Polygon","coordinates":[[[130.787068612,33.837453333],[130.78688271942497,33.83736056734991],[130.78706861199998,33.83745333299993],[130.7873176843418,33.8375],[130.78745111500018,33.837525],[130.7875,33.83754073582784],[130.7875,33.833333333333336],[130.775,33.833333333333336],[130.775,33.84166666666667],[130.7875,33.84166666666667],[130.7875,33.837540735827886],[130.787068612,33.837453333]],[[130.7864319460001,33.83652472100004],[130.78641666700003,33.83660416200013],[130.78640905964716,33.836706379551714],[130.786416667,33.83660416199999],[130.786431946,33.836524721],[130.78643061534723,33.83643617933269],[130.7864319460001,33.83652472100004]],[[130.7864116439161,33.83602128068078],[130.786375279,33.83591582900001],[130.78633158469336,33.83584544704392],[130.78637527900014,33.83591582900011],[130.7864116439161,33.83602128068078]],[[130.7861951789262,33.83566208488877],[130.786156109,33.835621946],[130.786096637246,33.83559017390164],[130.7861561090001,33.835621946],[130.7861951789262,33.83566208488877]],[[130.78558721300004,33.83540527825006],[130.785494994,33.835382225],[130.7854300294719,33.83537078985672],[130.78549499400003,33.83538222499999],[130.78558721300004,33.83540527825006]],[[130.7848864630819,33.83514843895907],[130.784847224,33.835107225],[130.78482483864173,33.83504338945278],[130.78484722400003,33.835107225],[130.7848864630819,33.83514843895907]],[[130.78458071857594,33.83355305933043],[130.7846188850001,33.83368610800011],[130.7846766670001,33.83410555900008],[130.78471367919417,33.83445614905995],[130.78458071857594,33.83355305933043]]]}},{"type":"Feature","id":"40100:50306603","properties":{"id":"40100:50306603","meshCode":"50306603","cityCode":"40100","city":"北九州市","lat":33.8375,"lon":130.79375,"areaKm2":1.0692476,"populated2020":false,"population2020":null,"populationNote":"境界またぎ・収録外等のため人口未集計"},"geometry":{"type":"Polygon","coordinates":[[[130.8,33.833333333333336],[130.7875,33.833333333333336],[130.7875,33.83754073582784],[130.78789639399997,33.837668332999954],[130.78827888500007,33.837900559],[130.78862527900014,33.83812833300004],[130.78879166000016,33.83823805399993],[130.78906166000013,33.838503613],[130.78943058810634,33.83901125154158],[130.78879166,33.838238054],[130.787896394,33.837668333],[130.7875,33.837540735827886],[130.7875,33.84166666666667],[130.78806360685107,33.84166666666667],[130.78840917,33.841520279],[130.7886114833333,33.84134087983334],[130.78840917000014,33.841520279],[130.78806360685127,33.84166666666667],[130.8,33.84166666666667],[130.8,33.833333333333336]],[[130.78867869817296,33.84125911151244],[130.788836394,33.840988613],[130.7890198361219,33.84077401497657],[130.7888363940001,33.84098861300009],[130.78867869817296,33.84125911151244]],[[130.78923166,33.840526387],[130.79014055799996,33.83996110800007],[130.7896274970001,33.840328054000054],[130.78923166000015,33.84052638700001],[130.78916218063776,33.840607531368086],[130.78923166,33.840526387]]]}},{"type":"Feature","id":"40100:50306604","properties":{"id":"40100:50306604","meshCode":"50306604","cityCode":"40100","city":"北九州市","lat":33.8375,"lon":130.80625,"areaKm2":1.0692468,"populated2020":true,"population2020":10.1394,"populationNote":"収録500mメッシュ人口の合算（原典収録外は補完しない）"},"geometry":{"type":"Polygon","coordinates":[[[130.8125,33.833333333333336],[130.8,33.833333333333336],[130.8,33.84166666666667],[130.8125,33.84166666666667],[130.8125,33.833333333333336]]]}},{"type":"Feature","id":"40100:50306605","properties":{"id":"40100:50306605","meshCode":"50306605","cityCode":"40100","city":"北九州市","lat":33.8375,"lon":130.81875,"areaKm2":1.0692458,"populated2020":false,"population2020":null,"populationNote":"境界またぎ・収録外等のため人口未集計"},"geometry":{"type":"Polygon","coordinates":[[[130.825,33.833333333333336],[130.8125,33.833333333333336],[130.8125,33.84166666666667],[130.825,33.841666666666676],[130.825,33.833333333333336]]]}},{"type":"Feature","id":"40100:50306606","properties":{"id":"40100:50306606","meshCode":"50306606","cityCode":"40100","city":"北九州市","lat":33.8375,"lon":130.83125,"areaKm2":1.0692449,"populated2020":false,"population2020":null,"populationNote":"境界またぎ・収録外等のため人口未集計"},"geometry":{"type":"Polygon","coordinates":[[[130.825,33.833333333333336],[130.825,33.841666666666676],[130.8375,33.84166666666667],[130.8375,33.83847607866754],[130.837252776,33.83845333300008],[130.83695749042093,33.83833576946074],[130.8375,33.838476078667505],[130.8375,33.83333333333334],[130.825,33.833333333333336]],[[130.83531585539257,33.837500000000006],[130.83468755815207,33.83710638517105],[130.835956109,33.837819999999994],[130.83531585539257,33.837500000000006]],[[130.830638612,33.83422333299999],[130.830920558,33.834301387],[130.83144541124864,33.834344076591066],[130.83092055800012,33.8343013870001],[130.830638612,33.83422333299999]],[[130.830464721,33.834136387000115],[130.829980558,33.83378055899999],[130.83063861187503,33.83422333293752],[130.830464721,33.834136387000115]],[[130.829980558,33.83378055899999],[130.82947055800003,33.83336944100006],[130.82945385373304,33.83335296803343],[130.829980558,33.83378055899999]],[[130.834126109,33.83678305400001],[130.83377944200004,33.83666055900006],[130.8337411533715,33.83664174152503],[130.833779442,33.836660559],[130.834126109,33.83678305400001]],[[130.833333333,33.83640058600001],[130.83354203933334,33.836556077],[130.833301946,33.836375],[130.833333333,33.83640058600001]],[[130.83254648852585,33.835363049809395],[130.832711388,33.835668054],[130.832768327,33.835800000000006],[130.83292589707617,33.83600239829065],[130.83254648852585,33.835363049809395]],[[130.83246583699997,33.83506],[130.83243139125,33.8349775],[130.8324708053583,33.835093407209015],[130.83246583699997,33.83506]],[[130.832231946,33.834621946],[130.83223194600004,33.834621946000055],[130.83209074925594,33.8344979560699],[130.832231946,33.834621946]],[[130.832088327,33.834495829],[130.83208832700006,33.83449582900005],[130.831728612,33.83438499999999],[130.832088327,33.834495829]]]}},{"type":"Feature","id":"40100:50306607","properties":{"id":"40100:50306607","meshCode":"50306607","cityCode":"40100","city":"北九州市","lat":33.8375,"lon":130.84375,"areaKm2":1.0692438,"populated2020":true,"population2020":17.6178,"populationNote":"収録500mメッシュ人口の合算（原典収録外は補完しない）"},"geometry":{"type":"Polygon","coordinates":[[[130.85,33.833333333333336],[130.8375,33.83333333333334],[130.8375,33.838476078667505],[130.83788126074555,33.838511156290025],[130.8375,33.83847607866754],[130.8375,33.84166666666667],[130.85,33.84166666666667],[130.85,33.833333333333336]],[[130.841548054,33.841294162000054],[130.84147835651473,33.84123193869489],[130.84158233609978,33.84132275204519],[130.841548054,33.841294162000054]],[[130.84120583699996,33.84082138700007],[130.8411950030056,33.840779729789624],[130.84122721940327,33.84087258011495],[130.84120583699996,33.84082138700007]],[[130.84103916999993,33.84015444099998],[130.84099552300907,33.83996207125227],[130.8410490317445,33.84019440064536],[130.84103916999993,33.84015444099998]],[[130.84072917000003,33.83940110800007],[130.84061576171706,33.8393078459403],[130.8407673707288,33.839463039542466],[130.84072917000003,33.83940110800007]],[[130.83930901700015,33.838817186978225],[130.84018,33.839042225],[130.84048322515036,33.839207229375724],[130.84018000000015,33.83904222500013],[130.83930901700015,33.838817186978225]],[[130.839135551,33.838708613],[130.83913555100006,33.83870861300004],[130.83899874351152,33.83868516977838],[130.839135551,33.838708613]],[[130.838296641163,33.838570316641864],[130.838691115,33.838633333000004],[130.83875044708356,33.83864290644158],[130.838296641163,33.838570316641864]]]}},{"type":"Feature","id":"40100:50306608","properties":{"id":"40100:50306608","meshCode":"50306608","cityCode":"40100","city":"北九州市","lat":33.8375,"lon":130.85625,"areaKm2":1.069243,"populated2020":true,"population2020":1231.2913,"populationNote":"収録500mメッシュ人口の合算（原典収録外は補完しない）"},"geometry":{"type":"Polygon","coordinates":[[[130.8625,33.833333333333336],[130.85,33.833333333333336],[130.85,33.84166666666667],[130.8625,33.841666666666676],[130.8625,33.833333333333336]]]}},{"type":"Feature","id":"40100:50306609","properties":{"id":"40100:50306609","meshCode":"50306609","cityCode":"40100","city":"北九州市","lat":33.8375,"lon":130.86875,"areaKm2":1.0692422,"populated2020":true,"population2020":7117.4271,"populationNote":"収録500mメッシュ人口の合算（原典収録外は補完しない）"},"geometry":{"type":"Polygon","coordinates":[[[130.875,33.833333333333336],[130.8625,33.833333333333336],[130.8625,33.841666666666676],[130.875,33.84166666666666],[130.875,33.833333333333336]]]}},{"type":"Feature","id":"40100:50306700","properties":{"id":"40100:50306700","meshCode":"50306700","cityCode":"40100","city":"北九州市","lat":33.8375,"lon":130.88125,"areaKm2":1.0692415,"populated2020":true,"population2020":6352.6369,"populationNote":"収録500mメッシュ人口の合算（原典収録外は補完しない）"},"geometry":{"type":"Polygon","coordinates":[[[130.8875,33.83333333333334],[130.875,33.833333333333336],[130.875,33.84166666666666],[130.8875,33.84166666666667],[130.8875,33.83333333333334]]]}},{"type":"Feature","id":"40100:50306701","properties":{"id":"40100:50306701","meshCode":"50306701","cityCode":"40100","city":"北九州市","lat":33.8375,"lon":130.89375,"areaKm2":1.069241,"populated2020":true,"population2020":6367.2746,"populationNote":"収録500mメッシュ人口の合算（原典収録外は補完しない）"},"geometry":{"type":"Polygon","coordinates":[[[130.9,33.833333333333336],[130.8875,33.83333333333334],[130.8875,33.84166666666667],[130.9,33.84166666666666],[130.9,33.833333333333336]]]}},{"type":"Feature","id":"40100:50306702","properties":{"id":"40100:50306702","meshCode":"50306702","cityCode":"40100","city":"北九州市","lat":33.8375,"lon":130.90625,"areaKm2":1.0692403,"populated2020":true,"population2020":4247.7481,"populationNote":"収録500mメッシュ人口の合算（原典収録外は補完しない）"},"geometry":{"type":"Polygon","coordinates":[[[130.9125,33.833333333333336],[130.9,33.833333333333336],[130.9,33.84166666666666],[130.9125,33.84166666666667],[130.9125,33.833333333333336]]]}},{"type":"Feature","id":"40100:50306703","properties":{"id":"40100:50306703","meshCode":"50306703","cityCode":"40100","city":"北九州市","lat":33.8375,"lon":130.91875,"areaKm2":1.0692398,"populated2020":true,"population2020":1823.6409,"populationNote":"収録500mメッシュ人口の合算（原典収録外は補完しない）"},"geometry":{"type":"Polygon","coordinates":[[[130.925,33.833333333333336],[130.9125,33.833333333333336],[130.9125,33.84166666666667],[130.925,33.84166666666667],[130.925,33.833333333333336]]]}},{"type":"Feature","id":"40100:50306704","properties":{"id":"40100:50306704","meshCode":"50306704","cityCode":"40100","city":"北九州市","lat":33.8375,"lon":130.93125,"areaKm2":1.0692394,"populated2020":true,"population2020":4039.79,"populationNote":"収録500mメッシュ人口の合算（原典収録外は補完しない）"},"geometry":{"type":"Polygon","coordinates":[[[130.9375,33.833333333333336],[130.925,33.833333333333336],[130.925,33.84166666666667],[130.9375,33.84166666666666],[130.9375,33.833333333333336]]]}},{"type":"Feature","id":"40100:50306705","properties":{"id":"40100:50306705","meshCode":"50306705","cityCode":"40100","city":"北九州市","lat":33.8375,"lon":130.94375,"areaKm2":1.0692391,"populated2020":true,"population2020":2083.4153,"populationNote":"収録500mメッシュ人口の合算（原典収録外は補完しない）"},"geometry":{"type":"Polygon","coordinates":[[[130.95,33.833333333333336],[130.9375,33.833333333333336],[130.9375,33.84166666666666],[130.95,33.84166666666666],[130.95,33.833333333333336]]]}},{"type":"Feature","id":"40100:50306706","properties":{"id":"40100:50306706","meshCode":"50306706","cityCode":"40100","city":"北九州市","lat":33.837817,"lon":130.9553629,"areaKm2":0.8992175,"populated2020":false,"population2020":null,"populationNote":"境界またぎ・収録外等のため人口未集計"},"geometry":{"type":"Polygon","coordinates":[[[130.9586235021056,33.833333333333336],[130.95,33.833333333333336],[130.95,33.84166666666666],[130.9625,33.84166666666667],[130.9625,33.838601114601275],[130.960378975,33.839043081],[130.9586235021056,33.833333333333336]]]}},{"type":"Feature","id":"40100:50306707","properties":{"id":"40100:50306707","meshCode":"50306707","cityCode":"40100","city":"北九州市","lat":33.8389284,"lon":130.9694233,"areaKm2":0.6782568,"populated2020":true,"population2020":106.0618,"populationNote":"収録500mメッシュ人口の合算（原典収録外は補完しない）"},"geometry":{"type":"MultiPolygon","coordinates":[[[[130.973607393,33.834816847000006],[130.973644137,33.834819829],[130.973616485,33.834803324000006],[130.973607393,33.834816847000006]]],[[[130.97359808,33.834901243],[130.973650156,33.834926586],[130.973667769,33.834907117],[130.97359808,33.834901243]]],[[[130.973342957,33.835016054],[130.973324267,33.834989],[130.973315733,33.835005315],[130.973342957,33.835016054]]],[[[130.9737331,33.83501658600001],[130.973619027,33.834952369],[130.973189909,33.835156946],[130.97214751,33.835431721],[130.971658807,33.836159134999996],[130.970903865,33.835904531999994],[130.970287977,33.835929802],[130.970206913,33.83572410800001],[130.969487665,33.83592636000001],[130.969564643,33.836121865],[130.968049896,33.836503216],[130.967968236,33.836465973],[130.967965396,33.836525810999994],[130.963317445,33.837723387],[130.963444397,33.838026009],[130.963370065,33.838010027],[130.9633469,33.838118757000004],[130.963267613,33.83805453200001],[130.963204578,33.838167586],[130.963142516,33.837990117],[130.963292192,33.838436117],[130.963228327,33.838449441],[130.963225331,33.83838821599999],[130.963099403,33.837999126],[130.963208029,33.838415351],[130.962898029,33.838447269999996],[130.9625,33.838601114601275],[130.9625,33.84166666666667],[130.975,33.84166666666667],[130.975,33.834691225],[130.9737331,33.83501658600001]]]]}},{"type":"Feature","id":"40100:50306708","properties":{"id":"40100:50306708","meshCode":"50306708","cityCode":"40100","city":"北九州市","lat":33.8382987,"lon":130.9764951,"areaKm2":0.1874459,"populated2020":false,"population2020":null,"populationNote":"境界またぎ・収録外等のため人口未集計"},"geometry":{"type":"MultiPolygon","coordinates":[[[[130.978977393,33.837453206999996],[130.982350246,33.837676351],[130.98325662800002,33.837892063],[130.984190649,33.83826627900001],[130.985139001,33.838849676],[130.985509442,33.839212270000004],[130.98742654975572,33.84166666666666],[130.986053917,33.839806333],[130.985302348,33.838965820000006],[130.985153696,33.838836423000004],[130.984591907,33.838470189],[130.984120091,33.838218306],[130.983831738,33.83809050499999],[130.983101595,33.837834613],[130.982597782,33.837713179999994],[130.982145512,33.837634667],[130.977154721,33.837300135],[130.976951556,33.836633441],[130.976980921,33.83597027900001],[130.976293087,33.834362865],[130.975,33.834691225],[130.975,33.84166666666667],[130.97637456522835,33.84166666666666],[130.977078612,33.841537134999996],[130.977501738,33.839099712],[130.978606031,33.839447494999995],[130.978732036,33.839376919],[130.979923294,33.84033006300001],[130.978728807,33.839343108],[130.978870246,33.83758681100001],[130.978977393,33.837453206999996]]],[[[130.981305668,33.84102896399992],[130.9811548250001,33.84101497300014],[130.98097394299998,33.84149615299999],[130.98082958500015,33.84144338700003],[130.98096865100013,33.841508954999945],[130.98090234814023,33.84166666666666],[130.9810639691484,33.84166666666667],[130.981305668,33.84102896399992]]],[[[130.976906342,33.841655766],[130.97685749690936,33.84166666666667],[130.97690928690997,33.84166666666667],[130.976906342,33.841655766]]]]}},{"type":"Feature","id":"40100:50316002","properties":{"id":"40100:50316002","meshCode":"50316002","cityCode":"40100","city":"北九州市","lat":33.838312,"lon":131.0328577,"areaKm2":0.6379914,"populated2020":false,"population2020":null,"populationNote":"境界またぎ・収録外等のため人口未集計"},"geometry":{"type":"Polygon","coordinates":[[[131.029281336,33.834218414],[131.02775975406814,33.84166666666666],[131.0375,33.84166666666667],[131.0375,33.83538813381739],[131.029281336,33.834218414]]]}},{"type":"Feature","id":"40100:50316003","properties":{"id":"40100:50316003","meshCode":"50316003","cityCode":"40100","city":"北九州市","lat":33.8377298,"lon":131.0379627,"areaKm2":0.0486123,"populated2020":false,"population2020":null,"populationNote":"境界またぎ・収録外等のため人口未集計"},"geometry":{"type":"Polygon","coordinates":[[[131.038876148,33.835583748],[131.0375,33.83538813381739],[131.0375,33.84166666666667],[131.03763658906792,33.84166666666667],[131.038876148,33.835583748]]]}},{"type":"Feature","id":"40100:50306517","properties":{"id":"40100:50306517","meshCode":"50306517","cityCode":"40100","city":"北九州市","lat":33.8464944,"lon":130.7199503,"areaKm2":0.7978011,"populated2020":true,"population2020":null,"populationNote":"境界またぎ・収録外等のため人口未集計"},"geometry":{"type":"Polygon","coordinates":[[[130.719302503,33.84183666700001],[130.719262776,33.842559721],[130.71846250300004,33.844152225],[130.718672503,33.844246946],[130.718663333,33.84448],[130.717942776,33.844665],[130.717293061,33.844929162],[130.716816394,33.844694162],[130.71670166,33.84482610800001],[130.716302776,33.844960559],[130.715793606,33.845357775],[130.715545551,33.845361946],[130.715468054,33.84561416199999],[130.71551639400002,33.845868333],[130.715432218,33.845986108],[130.715048885,33.845702225],[130.713114994,33.84670222500001],[130.713768885,33.847583054000005],[130.712610558,33.84820499999999],[130.713118885,33.848796666999995],[130.712711388,33.849246387],[130.7125,33.84935404588008],[130.7125,33.85],[130.725,33.85],[130.725,33.84166666666667],[130.7194246693391,33.84166666666667],[130.719302503,33.84183666700001]]]}},{"type":"Feature","id":"40100:50306518","properties":{"id":"40100:50306518","meshCode":"50306518","cityCode":"40100","city":"北九州市","lat":33.8458333,"lon":130.73125,"areaKm2":1.0691524,"populated2020":true,"population2020":4627.6372,"populationNote":"収録500mメッシュ人口の合算（原典収録外は補完しない）"},"geometry":{"type":"Polygon","coordinates":[[[130.7375,33.84166666666667],[130.725,33.84166666666667],[130.725,33.85],[130.7375,33.85],[130.7375,33.84166666666667]]]}},{"type":"Feature","id":"40100:50306519","properties":{"id":"40100:50306519","meshCode":"50306519","cityCode":"40100","city":"北九州市","lat":33.8458333,"lon":130.74375,"areaKm2":1.0691508,"populated2020":true,"population2020":6191.2877,"populationNote":"収録500mメッシュ人口の合算（原典収録外は補完しない）"},"geometry":{"type":"Polygon","coordinates":[[[130.75,33.84166666666666],[130.7375,33.84166666666667],[130.7375,33.85],[130.75,33.849999999999994],[130.75,33.84166666666666]]]}},{"type":"Feature","id":"40100:50306610","properties":{"id":"40100:50306610","meshCode":"50306610","cityCode":"40100","city":"北九州市","lat":33.8458333,"lon":130.75625,"areaKm2":1.0691494,"populated2020":true,"population2020":7207.8366,"populationNote":"収録500mメッシュ人口の合算（原典収録外は補完しない）"},"geometry":{"type":"Polygon","coordinates":[[[130.7625,33.84166666666667],[130.75,33.84166666666666],[130.75,33.849999999999994],[130.7625,33.85],[130.7625,33.84166666666667]]]}},{"type":"Feature","id":"40100:50306611","properties":{"id":"40100:50306611","meshCode":"50306611","cityCode":"40100","city":"北九州市","lat":33.8458333,"lon":130.76875,"areaKm2":1.069148,"populated2020":true,"population2020":2037.7216,"populationNote":"収録500mメッシュ人口の合算（原典収録外は補完しない）"},"geometry":{"type":"Polygon","coordinates":[[[130.775,33.84166666666667],[130.7625,33.84166666666667],[130.7625,33.85],[130.775,33.85],[130.775,33.84166666666667]]]}},{"type":"Feature","id":"40100:50306612","properties":{"id":"40100:50306612","meshCode":"50306612","cityCode":"40100","city":"北九州市","lat":33.8458333,"lon":130.78125,"areaKm2":1.0691458,"populated2020":true,"population2020":27.4023,"populationNote":"収録500mメッシュ人口の合算（原典収録外は補完しない）"},"geometry":{"type":"Polygon","coordinates":[[[130.7875,33.84166666666667],[130.775,33.84166666666667],[130.775,33.85],[130.78538345,33.85],[130.78531876437793,33.849932924511606],[130.78538345000004,33.85],[130.7875,33.849999999999994],[130.7875,33.84166666666667]],[[130.78459611751256,33.84579241776721],[130.78461883955774,33.845833333333324],[130.78472250300013,33.84602000000001],[130.78501472557878,33.84642879149578],[130.78459611751256,33.84579241776721]],[[130.7843834257548,33.8454059529198],[130.784303061,33.845258892],[130.7841492708751,33.84497796011461],[130.78430306100006,33.845258892],[130.7843834257548,33.8454059529198]],[[130.7839413659884,33.84443124075828],[130.78390917,33.844343333],[130.78379286757806,33.84399915691747],[130.78390917000013,33.84434333299998],[130.7839413659884,33.84443124075828]],[[130.783738054,33.843836946],[130.78388675099998,33.84371445189942],[130.78373805400003,33.84383694600008],[130.783738054,33.843836946]],[[130.785226109,33.843168054],[130.786089728,33.842564721],[130.7872798931538,33.84202200534609],[130.78608972799998,33.84256472100009],[130.7853519460001,33.84312582899997],[130.78453888500007,33.843503613],[130.7839414643564,33.84367941980853],[130.784538885,33.843503613],[130.785226109,33.843168054]],[[130.784349442,33.849093054],[130.784178327,33.848810279],[130.78418364159788,33.84879232083167],[130.78434944200015,33.84909305399998],[130.78502385641895,33.84967093028282],[130.784349442,33.849093054]],[[130.784533891,33.84803389199999],[130.78522194599998,33.84719277500003],[130.784961115,33.84754277500003],[130.78453389100002,33.8480338920001],[130.78430444900005,33.84837138700004],[130.7842180524421,33.848672288307945],[130.784304449,33.848371387],[130.784533891,33.84803389199999]]]}},{"type":"Feature","id":"40100:50306613","properties":{"id":"40100:50306613","meshCode":"50306613","cityCode":"40100","city":"北九州市","lat":33.8458333,"lon":130.79375,"areaKm2":1.069146,"populated2020":false,"population2020":null,"populationNote":"境界またぎ・収録外等のため人口未集計"},"geometry":{"type":"Polygon","coordinates":[[[130.7875,33.84166666666667],[130.7875,33.849999999999994],[130.8,33.85],[130.8,33.84166666666667],[130.7875,33.84166666666667]]]}},{"type":"Feature","id":"40100:50306614","properties":{"id":"40100:50306614","meshCode":"50306614","cityCode":"40100","city":"北九州市","lat":33.8458333,"lon":130.80625,"areaKm2":1.0691446,"populated2020":true,"population2020":9.1694,"populationNote":"収録500mメッシュ人口の合算（原典収録外は補完しない）"},"geometry":{"type":"Polygon","coordinates":[[[130.8125,33.84166666666667],[130.8,33.84166666666667],[130.8,33.85],[130.8125,33.85],[130.8125,33.84166666666667]]]}},{"type":"Feature","id":"40100:50306615","properties":{"id":"40100:50306615","meshCode":"50306615","cityCode":"40100","city":"北九州市","lat":33.8458333,"lon":130.81875,"areaKm2":1.0691434,"populated2020":true,"population2020":222.66,"populationNote":"収録500mメッシュ人口の合算（原典収録外は補完しない）"},"geometry":{"type":"Polygon","coordinates":[[[130.825,33.841666666666676],[130.8125,33.84166666666667],[130.8125,33.85],[130.825,33.85],[130.825,33.841666666666676]]]}},{"type":"Feature","id":"40100:50306616","properties":{"id":"40100:50306616","meshCode":"50306616","cityCode":"40100","city":"北九州市","lat":33.8458333,"lon":130.83125,"areaKm2":1.0691426,"populated2020":true,"population2020":12.207,"populationNote":"収録500mメッシュ人口の合算（原典収録外は補完しない）"},"geometry":{"type":"Polygon","coordinates":[[[130.8375,33.84166666666667],[130.825,33.841666666666676],[130.825,33.85],[130.8375,33.85],[130.8375,33.84166666666667]]]}},{"type":"Feature","id":"40100:50306617","properties":{"id":"40100:50306617","meshCode":"50306617","cityCode":"40100","city":"北九州市","lat":33.8458333,"lon":130.84375,"areaKm2":1.0691414,"populated2020":false,"population2020":null,"populationNote":"境界またぎ・収録外等のため人口未集計"},"geometry":{"type":"Polygon","coordinates":[[[130.85,33.84166666666667],[130.8375,33.84166666666667],[130.8375,33.85],[130.85,33.849999999999994],[130.85,33.84166666666667]],[[130.84220499399999,33.843056107999985],[130.8421878642133,33.84298804569165],[130.84217847591245,33.843091104569346],[130.84220499399999,33.843056107999985]],[[130.84011805399996,33.84909361300009],[130.84009312498455,33.84899774760397],[130.84011922728823,33.84917155504571],[130.84011805399996,33.84909361300009]],[[130.84015861199998,33.847136945999914],[130.84014620633283,33.8470958563119],[130.8401721871995,33.84721045649972],[130.84015861199998,33.847136945999914]]]}},{"type":"Feature","id":"40100:50306618","properties":{"id":"40100:50306618","meshCode":"50306618","cityCode":"40100","city":"北九州市","lat":33.8458333,"lon":130.85625,"areaKm2":1.0691406,"populated2020":false,"population2020":null,"populationNote":"境界またぎ・収録外等のため人口未集計"},"geometry":{"type":"Polygon","coordinates":[[[130.8625,33.841666666666676],[130.85,33.84166666666667],[130.85,33.849999999999994],[130.8625,33.849999999999994],[130.8625,33.841666666666676]]]}},{"type":"Feature","id":"40100:50306619","properties":{"id":"40100:50306619","meshCode":"50306619","cityCode":"40100","city":"北九州市","lat":33.8458333,"lon":130.86875,"areaKm2":1.0691398,"populated2020":true,"population2020":3052.8916,"populationNote":"収録500mメッシュ人口の合算（原典収録外は補完しない）"},"geometry":{"type":"Polygon","coordinates":[[[130.875,33.84166666666666],[130.8625,33.841666666666676],[130.8625,33.849999999999994],[130.875,33.85000000000001],[130.875,33.84166666666666]]]}},{"type":"Feature","id":"40100:50306710","properties":{"id":"40100:50306710","meshCode":"50306710","cityCode":"40100","city":"北九州市","lat":33.8458333,"lon":130.88125,"areaKm2":1.0691392,"populated2020":true,"population2020":6000.4117,"populationNote":"収録500mメッシュ人口の合算（原典収録外は補完しない）"},"geometry":{"type":"Polygon","coordinates":[[[130.8875,33.84166666666667],[130.875,33.84166666666666],[130.875,33.85000000000001],[130.8875,33.85],[130.8875,33.84166666666667]]]}},{"type":"Feature","id":"40100:50306711","properties":{"id":"40100:50306711","meshCode":"50306711","cityCode":"40100","city":"北九州市","lat":33.8458333,"lon":130.89375,"areaKm2":1.0691386,"populated2020":true,"population2020":8043.726,"populationNote":"収録500mメッシュ人口の合算（原典収録外は補完しない）"},"geometry":{"type":"Polygon","coordinates":[[[130.9,33.84166666666666],[130.8875,33.84166666666667],[130.8875,33.85],[130.9,33.85],[130.9,33.84166666666666]]]}},{"type":"Feature","id":"40100:50306712","properties":{"id":"40100:50306712","meshCode":"50306712","cityCode":"40100","city":"北九州市","lat":33.8458333,"lon":130.90625,"areaKm2":1.069138,"populated2020":true,"population2020":7656.0006,"populationNote":"収録500mメッシュ人口の合算（原典収録外は補完しない）"},"geometry":{"type":"Polygon","coordinates":[[[130.9125,33.84166666666667],[130.9,33.84166666666666],[130.9,33.85],[130.9125,33.85],[130.9125,33.84166666666667]]]}},{"type":"Feature","id":"40100:50306713","properties":{"id":"40100:50306713","meshCode":"50306713","cityCode":"40100","city":"北九州市","lat":33.8458333,"lon":130.91875,"areaKm2":1.0691375,"populated2020":true,"population2020":5203.9346,"populationNote":"収録500mメッシュ人口の合算（原典収録外は補完しない）"},"geometry":{"type":"Polygon","coordinates":[[[130.925,33.84166666666667],[130.9125,33.84166666666667],[130.9125,33.85],[130.925,33.85],[130.925,33.84166666666667]]]}},{"type":"Feature","id":"40100:50306714","properties":{"id":"40100:50306714","meshCode":"50306714","cityCode":"40100","city":"北九州市","lat":33.8458333,"lon":130.93125,"areaKm2":1.0691371,"populated2020":true,"population2020":5929.6887,"populationNote":"収録500mメッシュ人口の合算（原典収録外は補完しない）"},"geometry":{"type":"Polygon","coordinates":[[[130.9375,33.84166666666666],[130.925,33.84166666666667],[130.925,33.85],[130.9375,33.85],[130.9375,33.84166666666666]]]}},{"type":"Feature","id":"40100:50306715","properties":{"id":"40100:50306715","meshCode":"50306715","cityCode":"40100","city":"北九州市","lat":33.8458333,"lon":130.94375,"areaKm2":1.0691368,"populated2020":true,"population2020":5443.4301,"populationNote":"収録500mメッシュ人口の合算（原典収録外は補完しない）"},"geometry":{"type":"Polygon","coordinates":[[[130.95,33.84166666666666],[130.9375,33.84166666666666],[130.9375,33.85],[130.95,33.85],[130.95,33.84166666666666]]]}},{"type":"Feature","id":"40100:50306716","properties":{"id":"40100:50306716","meshCode":"50306716","cityCode":"40100","city":"北九州市","lat":33.8458333,"lon":130.95625,"areaKm2":1.0691364,"populated2020":true,"population2020":3416.4653,"populationNote":"収録500mメッシュ人口の合算（原典収録外は補完しない）"},"geometry":{"type":"Polygon","coordinates":[[[130.9625,33.84166666666667],[130.95,33.84166666666666],[130.95,33.85],[130.9625,33.85],[130.9625,33.84166666666667]]]}},{"type":"Feature","id":"40100:50306717","properties":{"id":"40100:50306717","meshCode":"50306717","cityCode":"40100","city":"北九州市","lat":33.8458333,"lon":130.96875,"areaKm2":1.0691363,"populated2020":true,"population2020":1478.0505,"populationNote":"収録500mメッシュ人口の合算（原典収録外は補完しない）"},"geometry":{"type":"Polygon","coordinates":[[[130.975,33.84166666666667],[130.9625,33.84166666666667],[130.9625,33.85],[130.975,33.849999999999994],[130.975,33.84166666666667]]]}},{"type":"Feature","id":"40100:50306718","properties":{"id":"40100:50306718","meshCode":"50306718","cityCode":"40100","city":"北九州市","lat":33.8467481,"lon":130.9798106,"areaKm2":0.6940451,"populated2020":true,"population2020":176.9118,"populationNote":"収録500mメッシュ人口の合算（原典収録外は補完しない）"},"geometry":{"type":"MultiPolygon","coordinates":[[[[130.97690928690997,33.84166666666667],[130.97686861200003,33.841708143999995],[130.97691799,33.841698865],[130.97690928690997,33.84166666666667]]],[[[130.9875,33.84176720048248],[130.98740263272487,33.84166666666667],[130.9875,33.84180035471079],[130.9875,33.84176720048248]]],[[[130.98059199700003,33.84188064],[130.980453178,33.84219836],[130.980528054,33.84222118],[130.98066677,33.841903559],[130.98059199700003,33.84188064]]],[[[130.98057542200002,33.843012306000105],[130.98050238700012,33.84299497300015],[130.9810639691484,33.84166666666667],[130.98090234814023,33.84166666666666],[130.98074477300008,33.84190582000002],[130.98039447500003,33.84284122500003],[130.980321958,33.84286664000012],[130.979828106,33.84261708099996],[130.97983914400004,33.842501577],[130.97977290500012,33.842497144000106],[130.979808327,33.842615802000125],[130.978326057,33.84249915299999],[130.978095188,33.844398414000004],[130.977363969,33.844447973],[130.977145383,33.843516],[130.977169857,33.84310849500001],[130.976608586,33.842708027],[130.976674228,33.842517775],[130.976422088,33.84224291899999],[130.97625978,33.841892586],[130.97637456522835,33.84166666666666],[130.975,33.84166666666667],[130.975,33.849999999999994],[130.98730758800014,33.85],[130.9875,33.84962992504225],[130.987492192,33.849491775],[130.987096835,33.84912189200003],[130.98665138800004,33.848499694000054],[130.98593608300007,33.84808738699996],[130.98496014299997,33.84776627900005],[130.98485208800005,33.84765138699999],[130.98483654999995,33.84746277500001],[130.984657717,33.847374667000004],[130.98457817100018,33.847013919000005],[130.984406809,33.8467962250001],[130.98409036299995,33.84656427900006],[130.98348297000007,33.84635980200011],[130.98309727599997,33.84602164000005],[130.98297286599998,33.845614892000135],[130.98332739300008,33.84525274800001],[130.98376761300005,33.84411691900011],[130.9804843060001,33.84325058600007],[130.98057542200002,33.843012306000105]]]]}},{"type":"Feature","id":"40100:50306719","properties":{"id":"40100:50306719","meshCode":"50306719","cityCode":"40100","city":"北九州市","lat":33.8438832,"lon":130.9890481,"areaKm2":0.0012451,"populated2020":false,"population2020":null,"populationNote":"境界またぎ・収録外等のため人口未集計"},"geometry":{"type":"MultiPolygon","coordinates":[[[[130.9875,33.84176720048248],[130.991042477,33.846633144],[130.991093917,33.846607090000006],[130.9875,33.84176720048248]]],[[[130.98751153000012,33.849572197999976],[130.9875,33.84951239405352],[130.9875,33.84962992504225],[130.98751153000012,33.849572197999976]]]]}},{"type":"Feature","id":"40100:50316012","properties":{"id":"40100:50316012","meshCode":"50316012","cityCode":"40100","city":"北九州市","lat":33.8458373,"lon":131.0318366,"areaKm2":0.8458198,"populated2020":false,"population2020":null,"populationNote":"境界またぎ・収録外等のため人口未集計"},"geometry":{"type":"Polygon","coordinates":[[[131.02775975406814,33.84166666666666],[131.026037613,33.85],[131.03593813200004,33.85],[131.0375,33.84233682916548],[131.0375,33.84166666666667],[131.02775975406814,33.84166666666666]]]}},{"type":"Feature","id":"40100:50316013","properties":{"id":"40100:50316013","meshCode":"50316013","cityCode":"40100","city":"北九州市","lat":33.8418901,"lon":131.0375455,"areaKm2":0.0004698,"populated2020":false,"population2020":null,"populationNote":"境界またぎ・収録外等のため人口未集計"},"geometry":{"type":"Polygon","coordinates":[[[131.037636589,33.84166666699999],[131.0375,33.84166666666667],[131.0375,33.84233682916548],[131.037636589,33.84166666699999]]]}},{"type":"Feature","id":"40100:50306516","properties":{"id":"40100:50306516","meshCode":"50306516","cityCode":"40100","city":"北九州市","lat":33.8496913,"lon":130.7120406,"areaKm2":0.0060032,"populated2020":true,"population2020":null,"populationNote":"境界またぎ・収録外等のため人口未集計"},"geometry":{"type":"Polygon","coordinates":[[[130.712468885,33.84936694600001],[130.711695551,33.849328333],[130.711634994,33.849805279],[130.711228249,33.85],[130.7125,33.85],[130.712468885,33.84936694600001]]]}},{"type":"Feature","id":"40100:50306526","properties":{"id":"40100:50306526","meshCode":"50306526","cityCode":"40100","city":"北九州市","lat":33.8549503,"lon":130.708512,"areaKm2":0.589315,"populated2020":true,"population2020":null,"populationNote":"境界またぎ・収録外等のため人口未集計"},"geometry":{"type":"Polygon","coordinates":[[[130.710591388,33.850278054],[130.710138054,33.85100416200002],[130.709846109,33.85091610800001],[130.70920917,33.851063892],[130.70828917,33.851414721000005],[130.708069442,33.851581108],[130.707981115,33.85203916200001],[130.706336394,33.852663613],[130.705981388,33.852724441],[130.70479083,33.852346108000006],[130.704245551,33.85227555899999],[130.703696667,33.853561387],[130.703635837,33.853931387],[130.70541,33.85401527900001],[130.705396939,33.855566387],[130.70529917,33.856531667],[130.70484083,33.856506667],[130.704706109,33.856868333],[130.704715551,33.857265829000006],[130.70415749700004,33.85761249499999],[130.703136939,33.856840559],[130.702774449,33.857763891999994],[130.70169472100002,33.85741444100001],[130.701455551,33.857771108],[130.700470272,33.85755],[130.70009263279658,33.858333333333334],[130.7125,33.858333333333334],[130.7125,33.85],[130.711228249,33.85],[130.710591388,33.850278054]]]}},{"type":"Feature","id":"40100:50306527","properties":{"id":"40100:50306527","meshCode":"50306527","cityCode":"40100","city":"北九州市","lat":33.8541667,"lon":130.71875,"areaKm2":1.0690516,"populated2020":true,"population2020":4507.8868,"populationNote":"収録500mメッシュ人口の合算（原典収録外は補完しない）"},"geometry":{"type":"Polygon","coordinates":[[[130.725,33.85],[130.7125,33.85],[130.7125,33.858333333333334],[130.725,33.85833333333334],[130.725,33.85]]]}},{"type":"Feature","id":"40100:50306528","properties":{"id":"40100:50306528","meshCode":"50306528","cityCode":"40100","city":"北九州市","lat":33.8541667,"lon":130.73125,"areaKm2":1.06905,"populated2020":true,"population2020":1182.6212,"populationNote":"収録500mメッシュ人口の合算（原典収録外は補完しない）"},"geometry":{"type":"Polygon","coordinates":[[[130.7375,33.85],[130.725,33.85],[130.725,33.85833333333334],[130.7375,33.85833333333334],[130.7375,33.85]]]}},{"type":"Feature","id":"40100:50306529","properties":{"id":"40100:50306529","meshCode":"50306529","cityCode":"40100","city":"北九州市","lat":33.8541667,"lon":130.74375,"areaKm2":1.0690484,"populated2020":true,"population2020":5219.0381,"populationNote":"収録500mメッシュ人口の合算（原典収録外は補完しない）"},"geometry":{"type":"Polygon","coordinates":[[[130.75,33.849999999999994],[130.7375,33.85],[130.7375,33.85833333333334],[130.75,33.858333333333334],[130.75,33.849999999999994]]]}},{"type":"Feature","id":"40100:50306620","properties":{"id":"40100:50306620","meshCode":"50306620","cityCode":"40100","city":"北九州市","lat":33.8541667,"lon":130.75625,"areaKm2":1.0690472,"populated2020":true,"population2020":7571.8621,"populationNote":"収録500mメッシュ人口の合算（原典収録外は補完しない）"},"geometry":{"type":"Polygon","coordinates":[[[130.7625,33.85],[130.75,33.849999999999994],[130.75,33.858333333333334],[130.7625,33.858333333333334],[130.7625,33.85]]]}},{"type":"Feature","id":"40100:50306621","properties":{"id":"40100:50306621","meshCode":"50306621","cityCode":"40100","city":"北九州市","lat":33.8541667,"lon":130.76875,"areaKm2":1.0690458,"populated2020":true,"population2020":8373.5016,"populationNote":"収録500mメッシュ人口の合算（原典収録外は補完しない）"},"geometry":{"type":"Polygon","coordinates":[[[130.775,33.85],[130.7625,33.85],[130.7625,33.858333333333334],[130.775,33.85833333333334],[130.775,33.85]]]}},{"type":"Feature","id":"40100:50306622","properties":{"id":"40100:50306622","meshCode":"50306622","cityCode":"40100","city":"北九州市","lat":33.8541667,"lon":130.78125,"areaKm2":1.0690447,"populated2020":true,"population2020":1496.395,"populationNote":"収録500mメッシュ人口の合算（原典収録外は補完しない）"},"geometry":{"type":"Polygon","coordinates":[[[130.7875,33.849999999999994],[130.78538345000004,33.85],[130.78545160249087,33.85007068577715],[130.78538345,33.85],[130.775,33.85],[130.775,33.85833333333334],[130.7875,33.85833333333333],[130.7875,33.849999999999994]],[[130.786192218,33.858044162],[130.785985279,33.858297495],[130.786024163,33.85824972099999],[130.786192218,33.858044162]],[[130.786192218,33.858044162],[130.786382503,33.857683613],[130.786394163,33.857647775],[130.786405551,33.857611946],[130.786438612,33.857508892000006],[130.786466939,33.857420829000006],[130.7864841162681,33.85736716814953],[130.786192218,33.858044162]],[[130.787208612,33.85409972100006],[130.78722297210044,33.854166666666664],[130.78722666700003,33.85418389200004],[130.7869213880001,33.854384721000024],[130.78663360600012,33.854536667],[130.78663345000007,33.85455764000005],[130.78663268996536,33.85465133751523],[130.786633606,33.854536667],[130.787226667,33.85418389200001],[130.787208612,33.85409972100006]],[[130.78705583700008,33.85408694600001],[130.78705583700014,33.854086946],[130.78707839983724,33.85408886906481],[130.78705583700008,33.85408694600001]],[[130.7865068303745,33.85405290001096],[130.786408054,33.85403638700001],[130.78632012310152,33.85401751286953],[130.78640805400005,33.85403638699995],[130.7865068303745,33.85405290001096]],[[130.786007497,33.853508892],[130.7859914651587,33.85328127743205],[130.78619194600012,33.85399000000003],[130.786007497,33.853508892]],[[130.78598909178555,33.85324721092502],[130.785984449,33.853179441],[130.78594062435846,33.85255610550116],[130.78598444900013,33.85317944100012],[130.78598909178555,33.85324721092502]],[[130.78549111500013,33.85011166700013],[130.78554944200005,33.85039027900013],[130.78564389100018,33.850849999999994],[130.78569163098715,33.851020205674274],[130.78549111500013,33.85011166700013]],[[130.78648011864192,33.85733848718759],[130.786336394,33.856669161999996],[130.78633361314166,33.85645847535483],[130.78648011864192,33.85733848718759]],[[130.786592776,33.85601305400001],[130.786643061,33.855331946],[130.786628885,33.85514],[130.78663107989138,33.85485536969724],[130.78666027200018,33.855565829000064],[130.78659277600013,33.85601305400002],[130.78635018065597,33.856316045852616],[130.786592776,33.85601305400001]]]}},{"type":"Feature","id":"40100:50306623","properties":{"id":"40100:50306623","meshCode":"50306623","cityCode":"40100","city":"北九州市","lat":33.8541667,"lon":130.79375,"areaKm2":1.0690432,"populated2020":true,"population2020":1291.1717,"populationNote":"収録500mメッシュ人口の合算（原典収録外は補完しない）"},"geometry":{"type":"Polygon","coordinates":[[[130.8,33.85],[130.7875,33.849999999999994],[130.7875,33.85833333333333],[130.8,33.858333333333334],[130.8,33.85]]]}},{"type":"Feature","id":"40100:50306624","properties":{"id":"40100:50306624","meshCode":"50306624","cityCode":"40100","city":"北九州市","lat":33.8541667,"lon":130.80625,"areaKm2":1.0690422,"populated2020":true,"population2020":147.519,"populationNote":"収録500mメッシュ人口の合算（原典収録外は補完しない）"},"geometry":{"type":"Polygon","coordinates":[[[130.8125,33.85],[130.8,33.85],[130.8,33.858333333333334],[130.8125,33.858333333333334],[130.8125,33.85]]]}},{"type":"Feature","id":"40100:50306625","properties":{"id":"40100:50306625","meshCode":"50306625","cityCode":"40100","city":"北九州市","lat":33.8541667,"lon":130.81875,"areaKm2":1.069041,"populated2020":true,"population2020":2593.3033,"populationNote":"収録500mメッシュ人口の合算（原典収録外は補完しない）"},"geometry":{"type":"Polygon","coordinates":[[[130.825,33.85],[130.8125,33.85],[130.8125,33.858333333333334],[130.825,33.858333333333334],[130.825,33.85]]]}},{"type":"Feature","id":"40100:50306626","properties":{"id":"40100:50306626","meshCode":"50306626","cityCode":"40100","city":"北九州市","lat":33.8541667,"lon":130.83125,"areaKm2":1.0690402,"populated2020":true,"population2020":2174.0173,"populationNote":"収録500mメッシュ人口の合算（原典収録外は補完しない）"},"geometry":{"type":"Polygon","coordinates":[[[130.8375,33.85],[130.825,33.85],[130.825,33.858333333333334],[130.8375,33.858333333333334],[130.8375,33.85]]]}},{"type":"Feature","id":"40100:50306627","properties":{"id":"40100:50306627","meshCode":"50306627","cityCode":"40100","city":"北九州市","lat":33.8541667,"lon":130.84375,"areaKm2":1.0690384,"populated2020":true,"population2020":935.0161,"populationNote":"収録500mメッシュ人口の合算（原典収録外は補完しない）"},"geometry":{"type":"Polygon","coordinates":[[[130.85,33.849999999999994],[130.8375,33.85],[130.8375,33.858333333333334],[130.85,33.858333333333334],[130.85,33.849999999999994]],[[130.84295610900006,33.85377972100008],[130.842294163,33.85369944100001],[130.842604994,33.853695279],[130.842956109,33.853779720999995],[130.843791946,33.85428889199999],[130.84295610900006,33.85377972100008]],[[130.84182639400012,33.853695279000014],[130.84186822571056,33.85370004939143],[130.84182639400012,33.85369527900002],[130.84182639400012,33.853695279000014]],[[130.84101323619217,33.851845762257916],[130.841094163,33.85196638699999],[130.841184163,33.85241416200001],[130.841184163,33.852882495],[130.841242776,33.85306389200001],[130.84142506727505,33.853174646928025],[130.84124277599994,33.85306389200009],[130.84118416299998,33.852882495000074],[130.84118416299998,33.852414162000116],[130.84101323619217,33.851845762257916]],[[130.840247782,33.85110944100012],[130.839932503,33.851050279],[130.84055228309558,33.85116368152356],[130.840247782,33.85110944100012]],[[130.84822494397233,33.85818917463778],[130.84832166,33.858237224999996],[130.84869392074617,33.85831167458132],[130.84832166,33.858237225000096],[130.84822494397233,33.85818917463778]],[[130.84699832700005,33.85734638700013],[130.847534163,33.857109721],[130.847696109,33.857384162],[130.847934721,33.857903613],[130.848083061,33.858118892],[130.847934721,33.85790361300002],[130.84753416299998,33.85710972100009],[130.84699832700005,33.85734638700013]],[[130.84633845650538,33.8565861794459],[130.846406939,33.856633892],[130.846538884666,33.85680775123839],[130.84640693899996,33.85663389200005],[130.84633845650538,33.8565861794459]],[[130.84494794029288,33.85615250551259],[130.845988327,33.85639749500001],[130.8461312279588,33.85646681631724],[130.8459883270001,33.85639749500013],[130.84507,33.856190559000034],[130.84494794029288,33.85615250551259]],[[130.844894449,33.85613582899999],[130.84489444899998,33.85613582899999],[130.8448726861432,33.85610529673826],[130.844894449,33.85613582899999]],[[130.84485,33.85533166700001],[130.8448460668048,33.855315910591656],[130.84485,33.85533166700001],[130.84485,33.85533166700001]],[[130.84470861199998,33.85501472100009],[130.844708612,33.855014720999996],[130.84475217055638,33.85507615864668],[130.84470861199998,33.85501472100009]]]}},{"type":"Feature","id":"40100:50306628","properties":{"id":"40100:50306628","meshCode":"50306628","cityCode":"40100","city":"北九州市","lat":33.8541667,"lon":130.85625,"areaKm2":1.0690382,"populated2020":true,"population2020":227.6373,"populationNote":"収録500mメッシュ人口の合算（原典収録外は補完しない）"},"geometry":{"type":"Polygon","coordinates":[[[130.8625,33.849999999999994],[130.85,33.849999999999994],[130.85,33.858333333333334],[130.8625,33.85833333333334],[130.8625,33.849999999999994]]]}},{"type":"Feature","id":"40100:50306629","properties":{"id":"40100:50306629","meshCode":"50306629","cityCode":"40100","city":"北九州市","lat":33.8541667,"lon":130.86875,"areaKm2":1.0690374,"populated2020":true,"population2020":5287.0779,"populationNote":"収録500mメッシュ人口の合算（原典収録外は補完しない）"},"geometry":{"type":"Polygon","coordinates":[[[130.875,33.85000000000001],[130.8625,33.849999999999994],[130.8625,33.85833333333334],[130.875,33.85833333333334],[130.875,33.85000000000001]]]}},{"type":"Feature","id":"40100:50306720","properties":{"id":"40100:50306720","meshCode":"50306720","cityCode":"40100","city":"北九州市","lat":33.8541667,"lon":130.88125,"areaKm2":1.069037,"populated2020":true,"population2020":6994.0751,"populationNote":"収録500mメッシュ人口の合算（原典収録外は補完しない）"},"geometry":{"type":"Polygon","coordinates":[[[130.8875,33.85],[130.875,33.85000000000001],[130.875,33.85833333333334],[130.8875,33.858333333333334],[130.8875,33.85]]]}},{"type":"Feature","id":"40100:50306721","properties":{"id":"40100:50306721","meshCode":"50306721","cityCode":"40100","city":"北九州市","lat":33.8541667,"lon":130.89375,"areaKm2":1.0690362,"populated2020":true,"population2020":9030.0868,"populationNote":"収録500mメッシュ人口の合算（原典収録外は補完しない）"},"geometry":{"type":"Polygon","coordinates":[[[130.9,33.85],[130.8875,33.85],[130.8875,33.858333333333334],[130.9,33.858333333333334],[130.9,33.85]]]}},{"type":"Feature","id":"40100:50306722","properties":{"id":"40100:50306722","meshCode":"50306722","cityCode":"40100","city":"北九州市","lat":33.8541667,"lon":130.90625,"areaKm2":1.0690356,"populated2020":true,"population2020":602.2811,"populationNote":"収録500mメッシュ人口の合算（原典収録外は補完しない）"},"geometry":{"type":"Polygon","coordinates":[[[130.9125,33.85],[130.9,33.85],[130.9,33.858333333333334],[130.9125,33.858333333333334],[130.9125,33.85]]]}},{"type":"Feature","id":"40100:50306723","properties":{"id":"40100:50306723","meshCode":"50306723","cityCode":"40100","city":"北九州市","lat":33.8541667,"lon":130.91875,"areaKm2":1.0690352,"populated2020":true,"population2020":13.3906,"populationNote":"収録500mメッシュ人口の合算（原典収録外は補完しない）"},"geometry":{"type":"Polygon","coordinates":[[[130.925,33.85],[130.9125,33.85],[130.9125,33.858333333333334],[130.925,33.858333333333334],[130.925,33.85]]]}},{"type":"Feature","id":"40100:50306724","properties":{"id":"40100:50306724","meshCode":"50306724","cityCode":"40100","city":"北九州市","lat":33.8541667,"lon":130.93125,"areaKm2":1.0690348,"populated2020":true,"population2020":361.2429,"populationNote":"収録500mメッシュ人口の合算（原典収録外は補完しない）"},"geometry":{"type":"Polygon","coordinates":[[[130.9375,33.85],[130.925,33.85],[130.925,33.858333333333334],[130.9375,33.858333333333334],[130.9375,33.85]]]}},{"type":"Feature","id":"40100:50306725","properties":{"id":"40100:50306725","meshCode":"50306725","cityCode":"40100","city":"北九州市","lat":33.8541667,"lon":130.94375,"areaKm2":1.0690344,"populated2020":true,"population2020":5200.9996,"populationNote":"収録500mメッシュ人口の合算（原典収録外は補完しない）"},"geometry":{"type":"Polygon","coordinates":[[[130.95,33.85],[130.9375,33.85],[130.9375,33.858333333333334],[130.95,33.858333333333334],[130.95,33.85]]]}},{"type":"Feature","id":"40100:50306726","properties":{"id":"40100:50306726","meshCode":"50306726","cityCode":"40100","city":"北九州市","lat":33.8541667,"lon":130.95625,"areaKm2":1.069034,"populated2020":true,"population2020":2804.3939,"populationNote":"収録500mメッシュ人口の合算（原典収録外は補完しない）"},"geometry":{"type":"Polygon","coordinates":[[[130.9625,33.85],[130.95,33.85],[130.95,33.858333333333334],[130.9625,33.858333333333334],[130.9625,33.85]]]}},{"type":"Feature","id":"40100:50306727","properties":{"id":"40100:50306727","meshCode":"50306727","cityCode":"40100","city":"北九州市","lat":33.8541667,"lon":130.96875,"areaKm2":1.069034,"populated2020":true,"population2020":128.7641,"populationNote":"収録500mメッシュ人口の合算（原典収録外は補完しない）"},"geometry":{"type":"Polygon","coordinates":[[[130.975,33.849999999999994],[130.9625,33.85],[130.9625,33.858333333333334],[130.975,33.858333333333334],[130.975,33.849999999999994]]]}},{"type":"Feature","id":"40100:50306728","properties":{"id":"40100:50306728","meshCode":"50306728","cityCode":"40100","city":"北九州市","lat":33.854176,"lon":130.981165,"areaKm2":1.0539545,"populated2020":true,"population2020":169.6771,"populationNote":"収録500mメッシュ人口の合算（原典収録外は補完しない）"},"geometry":{"type":"Polygon","coordinates":[[[130.98679425399996,33.85488216200008],[130.98677699100006,33.85318411699995],[130.9875,33.85286961161025],[130.9875,33.85170275191576],[130.98727491599993,33.851394305999975],[130.98723635500005,33.851178279000116],[130.98735697799998,33.85105664000008],[130.9875,33.85111104884306],[130.9875,33.8505606088475],[130.98732328100016,33.850306918999934],[130.98730758800014,33.85],[130.975,33.849999999999994],[130.975,33.858333333333334],[130.9875,33.858333333333334],[130.9875,33.85482945280854],[130.98679425399996,33.85488216200008]]]}},{"type":"Feature","id":"40100:50306729","properties":{"id":"40100:50306729","meshCode":"50306729","cityCode":"40100","city":"北九州市","lat":33.8551715,"lon":130.9913403,"areaKm2":0.4577117,"populated2020":false,"population2020":null,"populationNote":"境界またぎ・収録外等のため人口未集計"},"geometry":{"type":"MultiPolygon","coordinates":[[[[130.9875,33.85111104884306],[130.98786810599995,33.85116525199999],[130.9880706360001,33.851092892000054],[130.98810922200005,33.85100416199998],[130.9875,33.8505606088475],[130.9875,33.85111104884306]]],[[[130.9875,33.85286961161025],[130.98763396900006,33.852391468],[130.98791119300006,33.852134162000084],[130.9875,33.85170275191576],[130.9875,33.85286961161025]]],[[[130.99342204900006,33.851035577],[130.98967799000002,33.851312477000015],[130.989610739,33.851518504999994],[130.98940315200014,33.85145555000003],[130.98960522700008,33.851535540999976],[130.98912393,33.853010225],[130.98885517500003,33.852952586000065],[130.98910901399995,33.853055757],[130.98880446199996,33.85398901800006],[130.98858962400016,33.85394292799998],[130.98857448800018,33.853992153000036],[130.98878847000015,33.85403808100011],[130.98855591400002,33.854750532000025],[130.9875,33.85482945280854],[130.9875,33.858333333333334],[130.9954745140919,33.858333333333334],[130.99342204900006,33.851035577]]]]}},{"type":"Feature","id":"40100:50316022","properties":{"id":"40100:50316022","meshCode":"50316022","cityCode":"40100","city":"北九州市","lat":33.8537216,"lon":131.0305368,"areaKm2":0.760395,"populated2020":false,"population2020":null,"populationNote":"境界またぎ・収録外等のため人口未集計"},"geometry":{"type":"Polygon","coordinates":[[[131.026037613,33.85],[131.025,33.855133802],[131.025,33.856672045],[131.034309222,33.85799170300001],[131.035430791,33.85677957699999],[131.03523275,33.853460919],[131.03593813200004,33.85],[131.026037613,33.85]]]}},{"type":"Feature","id":"40100:50316021","properties":{"id":"40100:50316021","meshCode":"50316021","cityCode":"40100","city":"北九州市","lat":33.8561324,"lon":131.0249045,"areaKm2":0.0023167,"populated2020":false,"population2020":null,"populationNote":"境界またぎ・収録外等のため人口未集計"},"geometry":{"type":"Polygon","coordinates":[[[131.025,33.855133802],[131.024723022,33.856632775],[131.025,33.856672045],[131.025,33.855133802]]]}},{"type":"Feature","id":"40100:50306535","properties":{"id":"40100:50306535","meshCode":"50306535","cityCode":"40100","city":"北九州市","lat":33.8643273,"lon":130.698215,"areaKm2":0.1806809,"populated2020":true,"population2020":null,"populationNote":"境界またぎ・収録外等のため人口未集計"},"geometry":{"type":"MultiPolygon","coordinates":[[[[130.7,33.85848513500001],[130.699532503,33.859247225],[130.699485279,33.859506108000005],[130.7,33.859671973],[130.7,33.85848513500001]]],[[[130.7,33.860477468],[130.699145551,33.860848054],[130.699014163,33.86113610799999],[130.699078885,33.86230833300001],[130.698364994,33.863065829],[130.698061946,33.863201387],[130.697054449,33.862551387],[130.696271388,33.863506107999996],[130.696233606,33.86366166700001],[130.696433333,33.86382582900001],[130.696389728,33.864096108000005],[130.69561166,33.86411305400001],[130.695341388,33.864389721],[130.695920558,33.865265],[130.696011946,33.866097495],[130.696205837,33.866305279],[130.69576199723954,33.86666666666667],[130.7,33.86666666666667],[130.7,33.860477468]]]]}},{"type":"Feature","id":"40100:50306536","properties":{"id":"40100:50306536","meshCode":"50306536","cityCode":"40100","city":"北九州市","lat":33.862504,"lon":130.7062597,"areaKm2":1.0672654,"populated2020":true,"population2020":6343.3145,"populationNote":"収録500mメッシュ人口の合算（原典収録外は補完しない）"},"geometry":{"type":"Polygon","coordinates":[[[130.700274721,33.85976666700001],[130.70017166,33.860368333],[130.7,33.860477468],[130.7,33.86666666666667],[130.7125,33.86666666666666],[130.7125,33.858333333333334],[130.70009263279658,33.858333333333334],[130.7,33.85848513500001],[130.7,33.859671973],[130.700274721,33.85976666700001]]]}},{"type":"Feature","id":"40100:50306537","properties":{"id":"40100:50306537","meshCode":"50306537","cityCode":"40100","city":"北九州市","lat":33.8625,"lon":130.71875,"areaKm2":1.0689492,"populated2020":true,"population2020":4512.6567,"populationNote":"収録500mメッシュ人口の合算（原典収録外は補完しない）"},"geometry":{"type":"Polygon","coordinates":[[[130.725,33.85833333333334],[130.7125,33.858333333333334],[130.7125,33.86666666666666],[130.725,33.86666666666667],[130.725,33.85833333333334]]]}},{"type":"Feature","id":"40100:50306538","properties":{"id":"40100:50306538","meshCode":"50306538","cityCode":"40100","city":"北九州市","lat":33.8625,"lon":130.73125,"areaKm2":1.0689476,"populated2020":true,"population2020":1667.313,"populationNote":"収録500mメッシュ人口の合算（原典収録外は補完しない）"},"geometry":{"type":"Polygon","coordinates":[[[130.7375,33.85833333333334],[130.725,33.85833333333334],[130.725,33.86666666666667],[130.7375,33.86666666666666],[130.7375,33.85833333333334]]]}},{"type":"Feature","id":"40100:50306539","properties":{"id":"40100:50306539","meshCode":"50306539","cityCode":"40100","city":"北九州市","lat":33.8625,"lon":130.74375,"areaKm2":1.068946,"populated2020":true,"population2020":8221.6829,"populationNote":"収録500mメッシュ人口の合算（原典収録外は補完しない）"},"geometry":{"type":"Polygon","coordinates":[[[130.75,33.858333333333334],[130.7375,33.85833333333334],[130.7375,33.86666666666666],[130.75,33.86666666666667],[130.75,33.858333333333334]]]}},{"type":"Feature","id":"40100:50306630","properties":{"id":"40100:50306630","meshCode":"50306630","cityCode":"40100","city":"北九州市","lat":33.8625,"lon":130.75625,"areaKm2":1.0689448,"populated2020":true,"population2020":10202.9883,"populationNote":"収録500mメッシュ人口の合算（原典収録外は補完しない）"},"geometry":{"type":"Polygon","coordinates":[[[130.7625,33.858333333333334],[130.75,33.858333333333334],[130.75,33.86666666666667],[130.7625,33.86666666666667],[130.7625,33.858333333333334]]]}},{"type":"Feature","id":"40100:50306631","properties":{"id":"40100:50306631","meshCode":"50306631","cityCode":"40100","city":"北九州市","lat":33.8625,"lon":130.76875,"areaKm2":1.0689434,"populated2020":true,"population2020":7941.7401,"populationNote":"収録500mメッシュ人口の合算（原典収録外は補完しない）"},"geometry":{"type":"Polygon","coordinates":[[[130.775,33.85833333333334],[130.7625,33.858333333333334],[130.7625,33.86666666666667],[130.775,33.86666666666667],[130.775,33.85833333333334]]]}},{"type":"Feature","id":"40100:50306632","properties":{"id":"40100:50306632","meshCode":"50306632","cityCode":"40100","city":"北九州市","lat":33.8625,"lon":130.78125,"areaKm2":1.0689419,"populated2020":true,"population2020":7851.8735,"populationNote":"収録500mメッシュ人口の合算（原典収録外は補完しない）"},"geometry":{"type":"Polygon","coordinates":[[[130.7875,33.85833333333333],[130.78595408570996,33.858333333333334],[130.78125,33.858333333333334],[130.775,33.85833333333334],[130.775,33.86666666666667],[130.7792036450126,33.86666666666666],[130.779218885,33.866263054],[130.779254994,33.865955279],[130.77957647770245,33.86484172935415],[130.77925499400013,33.86595527900011],[130.77920364501264,33.86666666666666],[130.7875,33.86666666666667],[130.7875,33.85833333333333]],[[130.78595408570996,33.858333333333334],[130.78469499400012,33.85966666700006],[130.78459111500013,33.85981222500004],[130.78454370274846,33.859878069868174],[130.78469499400003,33.85966666699999],[130.78595408570996,33.858333333333334]],[[130.781004721,33.861925279],[130.781144163,33.861626108],[130.78125,33.861565176375436],[130.781283606,33.86154582900001],[130.781665837,33.861326387],[130.78173083,33.861268892000005],[130.781789728,33.861216946],[130.78190888500004,33.86111138700001],[130.78194725471832,33.8609672975476],[130.78190888500004,33.86111138700005],[130.78178972800004,33.86121694600002],[130.781665837,33.86132638700008],[130.78114416300002,33.86162610800011],[130.78100472100004,33.86192527900004],[130.7808072240001,33.862668892000045],[130.78075278070716,33.86278995360276],[130.781004721,33.861925279]],[[130.78225083,33.860440559],[130.782618885,33.860277495],[130.782625837,33.86023555900001],[130.782645837,33.860117224999996],[130.783333333,33.86019066699999],[130.78348685899675,33.86020708085885],[130.78264583700016,33.86011722500008],[130.78261888500003,33.860277495],[130.7822508300002,33.86044055899998],[130.78200778199997,33.860740000000085],[130.78225083,33.860440559]],[[130.78424183499533,33.860248811870306],[130.783666939,33.86021694600003],[130.7836453791897,33.860215876542064],[130.78424183499533,33.860248811870306]],[[130.78437583700008,33.86026527900003],[130.7843290817196,33.86025943596028],[130.7844422797046,33.86027349745454],[130.78437583700008,33.86026527900003]],[[130.7845215752337,33.86009079491235],[130.78450832700003,33.86028166699999],[130.784508327,33.86028166699999],[130.7845215752337,33.86009079491235]],[[130.77985034876568,33.86420074451044],[130.7797411150001,33.86436722500014],[130.77961734848643,33.864705595128406],[130.77985034876568,33.86420074451044]],[[130.77987347904568,33.86416546532402],[130.780528327,33.863289162],[130.780679442,33.862953053999995],[130.780714163,33.862876108],[130.78073183802906,33.862836637058344],[130.78042944200013,33.863538054],[130.77987347904568,33.86416546532402]]]}},{"type":"Feature","id":"40100:50306633","properties":{"id":"40100:50306633","meshCode":"50306633","cityCode":"40100","city":"北九州市","lat":33.8625,"lon":130.79375,"areaKm2":1.0689408,"populated2020":true,"population2020":5761.4954,"populationNote":"収録500mメッシュ人口の合算（原典収録外は補完しない）"},"geometry":{"type":"Polygon","coordinates":[[[130.8,33.858333333333334],[130.7875,33.85833333333333],[130.7875,33.86666666666667],[130.8,33.86666666666667],[130.8,33.858333333333334]]]}},{"type":"Feature","id":"40100:50306634","properties":{"id":"40100:50306634","meshCode":"50306634","cityCode":"40100","city":"北九州市","lat":33.8625,"lon":130.80625,"areaKm2":1.0689398,"populated2020":true,"population2020":6076.9821,"populationNote":"収録500mメッシュ人口の合算（原典収録外は補完しない）"},"geometry":{"type":"Polygon","coordinates":[[[130.8125,33.858333333333334],[130.8,33.858333333333334],[130.8,33.86666666666667],[130.8125,33.86666666666667],[130.8125,33.858333333333334]]]}},{"type":"Feature","id":"40100:50306635","properties":{"id":"40100:50306635","meshCode":"50306635","cityCode":"40100","city":"北九州市","lat":33.8625,"lon":130.81875,"areaKm2":1.0689386,"populated2020":true,"population2020":5150.269,"populationNote":"収録500mメッシュ人口の合算（原典収録外は補完しない）"},"geometry":{"type":"Polygon","coordinates":[[[130.825,33.858333333333334],[130.8125,33.858333333333334],[130.8125,33.86666666666667],[130.825,33.86666666666667],[130.825,33.858333333333334]]]}},{"type":"Feature","id":"40100:50306636","properties":{"id":"40100:50306636","meshCode":"50306636","cityCode":"40100","city":"北九州市","lat":33.8625,"lon":130.83125,"areaKm2":1.0689378,"populated2020":true,"population2020":5113.8798,"populationNote":"収録500mメッシュ人口の合算（原典収録外は補完しない）"},"geometry":{"type":"Polygon","coordinates":[[[130.8375,33.858333333333334],[130.825,33.858333333333334],[130.825,33.86666666666667],[130.8375,33.866666666666674],[130.8375,33.858333333333334]]]}},{"type":"Feature","id":"40100:50306637","properties":{"id":"40100:50306637","meshCode":"50306637","cityCode":"40100","city":"北九州市","lat":33.8625,"lon":130.84375,"areaKm2":1.0689376,"populated2020":true,"population2020":6127.5804,"populationNote":"収録500mメッシュ人口の合算（原典収録外は補完しない）"},"geometry":{"type":"Polygon","coordinates":[[[130.85,33.858333333333334],[130.84879949539115,33.858333333333334],[130.849172776,33.858422775],[130.84920591953522,33.85857519144817],[130.84917277599993,33.858422775],[130.84879949539095,33.858333333333334],[130.8375,33.858333333333334],[130.8375,33.866666666666674],[130.85,33.86666666666667],[130.85,33.858333333333334]],[[130.84766221799998,33.86083361300001],[130.84766886222215,33.860828908972216],[130.84766157709467,33.86083406159913],[130.84766221799998,33.86083361300001]],[[130.846068327,33.866201387000054],[130.84606585512307,33.86618997503177],[130.84608274978615,33.866268355660445],[130.846068327,33.866201387000054]],[[130.846063891,33.86419777499998],[130.84607231746256,33.8641589924544],[130.84608138637856,33.86434779860594],[130.846063891,33.86419777499998]],[[130.84606082999994,33.863929721000034],[130.84585250300006,33.863542495000104],[130.84608163366406,33.86396853774971],[130.84606082999994,33.863929721000034]],[[130.846536667,33.86273222500005],[130.8465375232015,33.862744831801045],[130.846536667,33.86273222500006],[130.846536667,33.86273222500005]]]}},{"type":"Feature","id":"40100:50306638","properties":{"id":"40100:50306638","meshCode":"50306638","cityCode":"40100","city":"北九州市","lat":33.8625,"lon":130.85625,"areaKm2":1.0689358,"populated2020":true,"population2020":4184.6338,"populationNote":"収録500mメッシュ人口の合算（原典収録外は補完しない）"},"geometry":{"type":"Polygon","coordinates":[[[130.8625,33.85833333333334],[130.85,33.858333333333334],[130.85,33.86666666666667],[130.8625,33.86666666666666],[130.8625,33.85833333333334]]]}},{"type":"Feature","id":"40100:50306639","properties":{"id":"40100:50306639","meshCode":"50306639","cityCode":"40100","city":"北九州市","lat":33.8625,"lon":130.86875,"areaKm2":1.068935,"populated2020":true,"population2020":6669.3924,"populationNote":"収録500mメッシュ人口の合算（原典収録外は補完しない）"},"geometry":{"type":"Polygon","coordinates":[[[130.875,33.85833333333334],[130.8625,33.85833333333334],[130.8625,33.86666666666666],[130.875,33.86666666666667],[130.875,33.85833333333334]]]}},{"type":"Feature","id":"40100:50306730","properties":{"id":"40100:50306730","meshCode":"50306730","cityCode":"40100","city":"北九州市","lat":33.8625,"lon":130.88125,"areaKm2":1.0689346,"populated2020":true,"population2020":10622.9388,"populationNote":"収録500mメッシュ人口の合算（原典収録外は補完しない）"},"geometry":{"type":"Polygon","coordinates":[[[130.8875,33.858333333333334],[130.875,33.85833333333334],[130.875,33.86666666666667],[130.8875,33.86666666666667],[130.8875,33.858333333333334]]]}},{"type":"Feature","id":"40100:50306731","properties":{"id":"40100:50306731","meshCode":"50306731","cityCode":"40100","city":"北九州市","lat":33.8625,"lon":130.89375,"areaKm2":1.0689338,"populated2020":true,"population2020":10254.4419,"populationNote":"収録500mメッシュ人口の合算（原典収録外は補完しない）"},"geometry":{"type":"Polygon","coordinates":[[[130.9,33.858333333333334],[130.8875,33.858333333333334],[130.8875,33.86666666666667],[130.9,33.86666666666666],[130.9,33.858333333333334]]]}},{"type":"Feature","id":"40100:50306732","properties":{"id":"40100:50306732","meshCode":"50306732","cityCode":"40100","city":"北九州市","lat":33.8625,"lon":130.90625,"areaKm2":1.0689334,"populated2020":true,"population2020":1751.7309,"populationNote":"収録500mメッシュ人口の合算（原典収録外は補完しない）"},"geometry":{"type":"Polygon","coordinates":[[[130.9125,33.858333333333334],[130.9,33.858333333333334],[130.9,33.86666666666666],[130.9125,33.86666666666667],[130.9125,33.858333333333334]]]}},{"type":"Feature","id":"40100:50306733","properties":{"id":"40100:50306733","meshCode":"50306733","cityCode":"40100","city":"北九州市","lat":33.8625,"lon":130.91875,"areaKm2":1.0689328,"populated2020":false,"population2020":null,"populationNote":"境界またぎ・収録外等のため人口未集計"},"geometry":{"type":"Polygon","coordinates":[[[130.925,33.858333333333334],[130.9125,33.858333333333334],[130.9125,33.86666666666667],[130.925,33.866666666666674],[130.925,33.858333333333334]]]}},{"type":"Feature","id":"40100:50306734","properties":{"id":"40100:50306734","meshCode":"50306734","cityCode":"40100","city":"北九州市","lat":33.8625,"lon":130.93125,"areaKm2":1.0689324,"populated2020":false,"population2020":null,"populationNote":"境界またぎ・収録外等のため人口未集計"},"geometry":{"type":"Polygon","coordinates":[[[130.9375,33.858333333333334],[130.925,33.858333333333334],[130.925,33.866666666666674],[130.9375,33.866666666666674],[130.9375,33.858333333333334]]]}},{"type":"Feature","id":"40100:50306735","properties":{"id":"40100:50306735","meshCode":"50306735","cityCode":"40100","city":"北九州市","lat":33.8625,"lon":130.94375,"areaKm2":1.068932,"populated2020":true,"population2020":340.335,"populationNote":"収録500mメッシュ人口の合算（原典収録外は補完しない）"},"geometry":{"type":"Polygon","coordinates":[[[130.95,33.858333333333334],[130.9375,33.858333333333334],[130.9375,33.866666666666674],[130.95,33.86666666666667],[130.95,33.858333333333334]]]}},{"type":"Feature","id":"40100:50306736","properties":{"id":"40100:50306736","meshCode":"50306736","cityCode":"40100","city":"北九州市","lat":33.8625,"lon":130.95625,"areaKm2":1.0689316,"populated2020":true,"population2020":992.4055,"populationNote":"収録500mメッシュ人口の合算（原典収録外は補完しない）"},"geometry":{"type":"Polygon","coordinates":[[[130.9625,33.858333333333334],[130.95,33.858333333333334],[130.95,33.86666666666667],[130.9625,33.86666666666667],[130.9625,33.858333333333334]]]}},{"type":"Feature","id":"40100:50306737","properties":{"id":"40100:50306737","meshCode":"50306737","cityCode":"40100","city":"北九州市","lat":33.8625,"lon":130.96875,"areaKm2":1.0689316,"populated2020":true,"population2020":2045.9811,"populationNote":"収録500mメッシュ人口の合算（原典収録外は補完しない）"},"geometry":{"type":"Polygon","coordinates":[[[130.975,33.858333333333334],[130.9625,33.858333333333334],[130.9625,33.86666666666667],[130.975,33.86666666666666],[130.975,33.858333333333334]]]}},{"type":"Feature","id":"40100:50306738","properties":{"id":"40100:50306738","meshCode":"50306738","cityCode":"40100","city":"北九州市","lat":33.8623196,"lon":130.9810604,"areaKm2":1.0110231,"populated2020":true,"population2020":160.9126,"populationNote":"収録500mメッシュ人口の合算（原典収録外は補完しない）"},"geometry":{"type":"Polygon","coordinates":[[[130.9875,33.858333333333334],[130.975,33.858333333333334],[130.975,33.86666666666666],[130.98271136250733,33.86666666666667],[130.98437747100013,33.8655763600001],[130.98431328100014,33.8655024950001],[130.98371939000003,33.86589589200008],[130.98287953299996,33.86502561300011],[130.98341666700003,33.864688559000115],[130.98332394299996,33.86458658600008],[130.98423930000013,33.86397872100013],[130.9867917896834,33.86666666666667],[130.9875,33.86666666666667],[130.9875,33.858333333333334]]]}},{"type":"Feature","id":"40100:50306739","properties":{"id":"40100:50306739","meshCode":"50306739","cityCode":"40100","city":"北九州市","lat":33.8626756,"lon":130.9920891,"areaKm2":0.7807025,"populated2020":true,"population2020":1.0561,"populationNote":"収録500mメッシュ人口の合算（原典収録外は補完しない）"},"geometry":{"type":"Polygon","coordinates":[[[130.99777929990842,33.86666666666667],[130.9954745140919,33.858333333333334],[130.9875,33.858333333333334],[130.9875,33.86666666666667],[130.99777929990842,33.86666666666667]]]}},{"type":"Feature","id":"40100:50306545","properties":{"id":"40100:50306545","meshCode":"50306545","cityCode":"40100","city":"北九州市","lat":33.8707153,"lon":130.697153,"areaKm2":0.471101,"populated2020":true,"population2020":null,"populationNote":"境界またぎ・収録外等のため人口未集計"},"geometry":{"type":"Polygon","coordinates":[[[130.693304721,33.86776638700001],[130.693354449,33.868581108],[130.693126109,33.869141108],[130.693164163,33.869418054],[130.69475083,33.87020472100001],[130.69469917,33.87158610800001],[130.694933606,33.872078892],[130.69622083,33.872839162],[130.695938612,33.873171666999994],[130.695750272,33.873647775],[130.695843606,33.874073333],[130.695489728,33.87420389199999],[130.695013606,33.873972225],[130.694828327,33.873972225],[130.693782218,33.874152495],[130.693470558,33.874333332999996],[130.693194695,33.875],[130.7,33.875],[130.7,33.86666666666667],[130.69576199723954,33.86666666666667],[130.69556166,33.867062225000005],[130.69540083,33.867167495000004],[130.693796394,33.867568613],[130.693304721,33.86776638700001]]]}},{"type":"Feature","id":"40100:50306546","properties":{"id":"40100:50306546","meshCode":"50306546","cityCode":"40100","city":"北九州市","lat":33.8708333,"lon":130.70625,"areaKm2":1.0688484,"populated2020":true,"population2020":4190.2837,"populationNote":"収録500mメッシュ人口の合算（原典収録外は補完しない）"},"geometry":{"type":"Polygon","coordinates":[[[130.7125,33.86666666666666],[130.7,33.86666666666667],[130.7,33.875],[130.7125,33.87499999999999],[130.7125,33.86666666666666]]]}},{"type":"Feature","id":"40100:50306547","properties":{"id":"40100:50306547","meshCode":"50306547","cityCode":"40100","city":"北九州市","lat":33.8708333,"lon":130.71875,"areaKm2":1.0688468,"populated2020":true,"population2020":8963.742,"populationNote":"収録500mメッシュ人口の合算（原典収録外は補完しない）"},"geometry":{"type":"Polygon","coordinates":[[[130.725,33.86666666666667],[130.7125,33.86666666666666],[130.7125,33.87499999999999],[130.725,33.875],[130.725,33.86666666666667]]]}},{"type":"Feature","id":"40100:50306548","properties":{"id":"40100:50306548","meshCode":"50306548","cityCode":"40100","city":"北九州市","lat":33.8708333,"lon":130.73125,"areaKm2":1.0688452,"populated2020":true,"population2020":5483.9005,"populationNote":"収録500mメッシュ人口の合算（原典収録外は補完しない）"},"geometry":{"type":"Polygon","coordinates":[[[130.7375,33.86666666666666],[130.725,33.86666666666667],[130.725,33.875],[130.7375,33.87500000000001],[130.7375,33.86666666666666]]]}},{"type":"Feature","id":"40100:50306549","properties":{"id":"40100:50306549","meshCode":"50306549","cityCode":"40100","city":"北九州市","lat":33.8706116,"lon":130.7436868,"areaKm2":1.0086568,"populated2020":true,"population2020":1783.1486,"populationNote":"収録500mメッシュ人口の合算（原典収録外は補完しない）"},"geometry":{"type":"MultiPolygon","coordinates":[[[[130.7375,33.87500000000001],[130.741608781,33.875],[130.741129274,33.874880414],[130.741894112,33.874143135000004],[130.742569974,33.873621495],[130.747745914,33.874941748],[130.74772725,33.875],[130.747785447,33.874952027],[130.748114306,33.87499999999999],[130.748349001,33.87485777500001],[130.748517276,33.875],[130.748365032,33.874848081],[130.748964643,33.87448349500001],[130.74910856,33.87465510799999],[130.74901725,33.87471416199999],[130.749057523,33.874761027],[130.749164643,33.874693],[130.748977419,33.874475694],[130.749490584,33.874164586],[130.749673022,33.874355559],[130.749503865,33.874468],[130.749522218,33.874510252],[130.74996572,33.87421008100001],[130.74972345,33.874304892],[130.749553165,33.874126829000005],[130.749862218,33.873939559],[130.75,33.873937892],[130.75,33.86666666666667],[130.7375,33.86666666666666],[130.7375,33.87500000000001]]],[[[130.74870917,33.874976],[130.748651167,33.87495964000001],[130.748582633,33.875],[130.74870917,33.874976]]],[[[130.748547302,33.87499163999999],[130.748530661,33.875],[130.748553333,33.875],[130.748547302,33.87499163999999]]]]}},{"type":"Feature","id":"40100:50306640","properties":{"id":"40100:50306640","meshCode":"50306640","cityCode":"40100","city":"北九州市","lat":33.8707324,"lon":130.7563752,"areaKm2":1.0410242,"populated2020":true,"population2020":2.1475,"populationNote":"収録500mメッシュ人口の合算（原典収録外は補完しない）"},"geometry":{"type":"MultiPolygon","coordinates":[[[[130.7625,33.86666666666667],[130.75,33.86666666666667],[130.75,33.873937892],[130.750361388,33.873932225000004],[130.751419196,33.874148747999996],[130.751775422,33.874256027],[130.751717497,33.874404694],[130.751621608,33.87443794599999],[130.751768949,33.874475225],[130.751803502,33.87426338699999],[130.752711699,33.874494864999996],[130.75258,33.874692694],[130.752737393,33.874731333],[130.752753502,33.874505414],[130.753116822,33.874597577],[130.753083891,33.874691928000004],[130.75316110200004,33.874608694],[130.753274981,33.874639234],[130.753241077,33.874730667],[130.753311284,33.874647243],[130.753655746,33.874735135],[130.753537056,33.874893613],[130.753690636,33.874931586],[130.753695383,33.874745333],[130.754689494,33.875],[130.7625,33.875],[130.7625,33.86666666666667]]],[[[130.751176161,33.87414077500001],[130.751109027,33.874108891999995],[130.751121634,33.874151919],[130.751176161,33.87414077500001]]],[[[130.751521025,33.87441864],[130.751499494,33.874391892000006],[130.751492412,33.87441144099999],[130.751521025,33.87441864]]],[[[130.751612503,33.874414667],[130.751571582,33.874429198],[130.751601946,33.874438532],[130.751612503,33.874414667]]],[[[130.751841803,33.87447336],[130.751803165,33.87448933300001],[130.751835811,33.874495532],[130.751841803,33.87447336]]],[[[130.751939754,33.874507107999996],[130.751906329,33.874516333],[130.751929857,33.87452530600001],[130.751939754,33.874507107999996]]]]}},{"type":"Feature","id":"40100:50306641","properties":{"id":"40100:50306641","meshCode":"50306641","cityCode":"40100","city":"北九州市","lat":33.8708155,"lon":130.7687402,"areaKm2":1.0638844,"populated2020":true,"population2020":810.1111,"populationNote":"収録500mメッシュ人口の合算（原典収録外は補完しない）"},"geometry":{"type":"Polygon","coordinates":[[[130.775,33.86666666666667],[130.7625,33.86666666666667],[130.7625,33.875],[130.77041869,33.87500000000001],[130.77032511,33.874725252],[130.770626887,33.874448559],[130.770928716,33.87399486500001],[130.7710393,33.874837748000004],[130.77124808,33.875],[130.772111336,33.874991468],[130.772472412,33.87488700000001],[130.772415551,33.875000000000014],[130.775,33.875],[130.775,33.86666666666667]]]}},{"type":"Feature","id":"40100:50306642","properties":{"id":"40100:50306642","meshCode":"50306642","cityCode":"40100","city":"北九州市","lat":33.8708333,"lon":130.78125,"areaKm2":1.0688399,"populated2020":true,"population2020":2466.34,"populationNote":"収録500mメッシュ人口の合算（原典収録外は補完しない）"},"geometry":{"type":"Polygon","coordinates":[[[130.77920364500005,33.866666667000004],[130.7791980789824,33.86681389326103],[130.7792036450126,33.86666666666666],[130.775,33.86666666666667],[130.775,33.875],[130.782643969,33.875],[130.782604721,33.873710559],[130.782700558,33.873514441],[130.782774449,33.873362775],[130.7828429306102,33.87322262056774],[130.7827005580001,33.87351444100011],[130.7826047210001,33.87371055900013],[130.7826439690001,33.875],[130.7875,33.875],[130.7875,33.86666666666667],[130.77920364500005,33.866666667000004]],[[130.78238917,33.870786108],[130.7821881788129,33.870535942802135],[130.78243713333333,33.87084518333333],[130.78238917,33.870786108]],[[130.781197224,33.86982416199999],[130.78125,33.86962582783694],[130.781300558,33.869435829000004],[130.78134576968628,33.86933523053603],[130.781197224,33.86982416199999]],[[130.77931778200013,33.86709305400001],[130.77973166000015,33.867102774999985],[130.78006094029575,33.86708406788914],[130.77973166,33.867102775],[130.77931778200013,33.86709305400001]],[[130.779191045632,33.86699753634672],[130.77918749700007,33.86708999999999],[130.779189012953,33.86709003403924],[130.779191045632,33.86699753634672]],[[130.78209457327193,33.870426810151315],[130.781979728,33.870309162],[130.78186669756218,33.870241576266444],[130.78197972800012,33.87030916200001],[130.78209457327193,33.870426810151315]],[[130.7816732571333,33.87013641302608],[130.78172888500012,33.870158613000065],[130.78173385117967,33.87016159689429],[130.7816732571333,33.87013641302608]],[[130.781406667,33.869199162],[130.78146895261312,33.86906074627014],[130.78142722400003,33.86915361300004],[130.78140666700008,33.86919916199998],[130.78140194599996,33.86921027900013],[130.78136330062046,33.869296182750034],[130.781406667,33.869199162]],[[130.7814797135196,33.86903389898044],[130.781818054,33.868261667],[130.781852776,33.86819638699999],[130.78196666700003,33.867983333],[130.7820756213519,33.86796644118333],[130.78196666700003,33.86798333300003],[130.7814797135196,33.86903389898044]],[[130.78259165999998,33.86787361300002],[130.78232194600002,33.86792833300012],[130.782241946,33.867940829000084],[130.78223942901502,33.86794112643278],[130.78259165999998,33.86787361300002]],[[130.78236619641774,33.86714250013095],[130.78253416300004,33.867675],[130.7825416187549,33.86770053259891],[130.78236619641774,33.86714250013095]],[[130.78228194600013,33.866942495000046],[130.78234008985487,33.86708052197863],[130.7822233330002,33.86671027900002],[130.78228194600013,33.866942495000046]],[[130.78276676345456,33.87227658968695],[130.78285221800002,33.872499721000004],[130.78289722400007,33.87311166699999],[130.78285730559395,33.873193219187755],[130.782852218,33.872499721000004],[130.78276676345456,33.87227658968695]],[[130.78276221800002,33.87226472100007],[130.782762218,33.872264721],[130.78272610900004,33.87183861299996],[130.78276221800002,33.87226472100007]],[[130.78265861199998,33.87140861299992],[130.782524163,33.871026667],[130.78248202973853,33.87092512562606],[130.78252416300018,33.87102666700013],[130.78265861199998,33.87140861299992]]]}},{"type":"Feature","id":"40100:50306643","properties":{"id":"40100:50306643","meshCode":"50306643","cityCode":"40100","city":"北九州市","lat":33.8707871,"lon":130.7937051,"areaKm2":1.0546518,"populated2020":true,"population2020":4552.7999,"populationNote":"収録500mメッシュ人口の合算（原典収録外は補完しない）"},"geometry":{"type":"MultiPolygon","coordinates":[[[[130.8,33.86666666666667],[130.7875,33.86666666666667],[130.7875,33.875],[130.79444338500014,33.875],[130.79437213999995,33.874504054],[130.79455031100008,33.87435930600009],[130.798873307,33.87391172100008],[130.8,33.873918162],[130.8,33.86666666666667]]],[[[130.7997289110001,33.87407749499994],[130.798231245,33.87417377500008],[130.79478360600012,33.87456922500013],[130.79469166000013,33.874732081000104],[130.79472581100003,33.87500000000001],[130.8,33.875],[130.7997289110001,33.87407749499994]]]]}},{"type":"Feature","id":"40100:50306644","properties":{"id":"40100:50306644","meshCode":"50306644","cityCode":"40100","city":"北九州市","lat":33.8707068,"lon":130.8064011,"areaKm2":1.0338383,"populated2020":true,"population2020":2249.4594,"populationNote":"収録500mメッシュ人口の合算（原典収録外は補完しない）"},"geometry":{"type":"MultiPolygon","coordinates":[[[[130.8125,33.86666666666667],[130.8,33.86666666666667],[130.8,33.873918162],[130.80116124500012,33.873991],[130.80241355399994,33.87420391900014],[130.80367464300014,33.874557747999965],[130.80474204899997,33.875],[130.8125,33.87500000000001],[130.8125,33.86666666666667]]],[[[130.8,33.874965441000086],[130.8,33.875],[130.80000897499997,33.87500000000001],[130.8,33.874965441000086]]]]}},{"type":"Feature","id":"40100:50306645","properties":{"id":"40100:50306645","meshCode":"50306645","cityCode":"40100","city":"北九州市","lat":33.8708333,"lon":130.81875,"areaKm2":1.0688362,"populated2020":true,"population2020":5925.8378,"populationNote":"収録500mメッシュ人口の合算（原典収録外は補完しない）"},"geometry":{"type":"Polygon","coordinates":[[[130.825,33.86666666666667],[130.8125,33.86666666666667],[130.8125,33.87500000000001],[130.825,33.875],[130.825,33.86666666666667]]]}},{"type":"Feature","id":"40100:50306646","properties":{"id":"40100:50306646","meshCode":"50306646","cityCode":"40100","city":"北九州市","lat":33.8708333,"lon":130.83125,"areaKm2":1.0688354,"populated2020":true,"population2020":2922.8444,"populationNote":"収録500mメッシュ人口の合算（原典収録外は補完しない）"},"geometry":{"type":"Polygon","coordinates":[[[130.8375,33.866666666666674],[130.825,33.86666666666667],[130.825,33.875],[130.8375,33.87500000000001],[130.8375,33.866666666666674]]]}},{"type":"Feature","id":"40100:50306647","properties":{"id":"40100:50306647","meshCode":"50306647","cityCode":"40100","city":"北九州市","lat":33.8708333,"lon":130.84375,"areaKm2":1.0688332,"populated2020":true,"population2020":6909.0226,"populationNote":"収録500mメッシュ人口の合算（原典収録外は補完しない）"},"geometry":{"type":"Polygon","coordinates":[[[130.85,33.86666666666667],[130.84375,33.86666666666667],[130.8375,33.866666666666674],[130.8375,33.87500000000001],[130.85,33.875],[130.85,33.86666666666667]],[[130.84668182670464,33.87085056276143],[130.8466311241017,33.87083333333332],[130.84668027200007,33.870850000000004],[130.84668182670464,33.87085056276143]],[[130.84270166,33.87051694600012],[130.842580558,33.870445829],[130.84315984617908,33.87078548728123],[130.84270166,33.87051694600012]],[[130.842208885,33.87022777500011],[130.84206200173833,33.87014184864263],[130.84240600764795,33.87034350860219],[130.842208885,33.87022777500011]],[[130.84203165999998,33.87006333300002],[130.84202910316256,33.87005060145055],[130.84203490287445,33.87007932144353],[130.84203165999998,33.87006333300002]],[[130.84303499399994,33.869395829000055],[130.84304315912794,33.86938723789104],[130.84300600564177,33.86942629841051],[130.84303499399994,33.869395829000055]],[[130.84618693900006,33.870641107999916],[130.84630758013512,33.870701761675704],[130.84588183415963,33.870475681581674],[130.84618693900006,33.870641107999916]],[[130.84781111500013,33.86989833300004],[130.8477814038036,33.86989071579281],[130.84787804254537,33.86991356154585],[130.84781111500013,33.86989833300004]],[[130.84714,33.869703892],[130.84736525342464,33.86978409377904],[130.84712972882883,33.8696991567329],[130.84714,33.869703892]],[[130.84633499400013,33.86936082900014],[130.84623081960245,33.86931659921058],[130.84648104837515,33.86941080218206],[130.84633499400013,33.86936082900014]],[[130.84603861200014,33.86923500000007],[130.84604860960013,33.86923920943608],[130.84603861200014,33.86923500000012],[130.84603861200014,33.86923500000007]],[[130.846401115,33.868269441],[130.84640111499996,33.868269441],[130.84657166,33.86788],[130.846401115,33.868269441]],[[130.84657166,33.86788],[130.846849442,33.86720000000014],[130.84664856678242,33.86706643902049],[130.846864721,33.86721000000001],[130.84657166,33.86788]],[[130.84631,33.86672555900004],[130.84627345,33.866666667000004],[130.84631,33.866725559],[130.84631031269151,33.866726043965464],[130.84631,33.86672555900004]],[[130.84369203448628,33.87268499225462],[130.84374639399994,33.87254361300006],[130.84375,33.872536813971955],[130.84375564253898,33.87252617509772],[130.84369203448628,33.87268499225462]],[[130.84335132236728,33.87088505709187],[130.843602218,33.870993333],[130.84375,33.87100532644328],[130.844016394,33.87102694599999],[130.844163865091,33.87109117210605],[130.84360221800011,33.87099333300006],[130.84335132236728,33.87088505709187]],[[130.84058111499996,33.87444916200008],[130.84057702483722,33.87443012060767],[130.84060972711217,33.87458426641248],[130.84058111499996,33.87444916200008]],[[130.842247224,33.87410694599999],[130.84178318720214,33.87435507708138],[130.8422722903668,33.87409307144473],[130.842247224,33.87410694599999]],[[130.84358916999997,33.87295277499998],[130.84360342313923,33.872915593246844],[130.84358734581966,33.87295760650833],[130.84358916999997,33.87295277499998]],[[130.84421389099998,33.873288333000005],[130.84421530453977,33.8732814713097],[130.84421014102134,33.87330615386565],[130.84421389099998,33.873288333000005]],[[130.844219442,33.87326138700001],[130.844219442,33.87326138700007],[130.84418452171434,33.87323023849319],[130.844219442,33.87326138700001]],[[130.84416944200018,33.872425279000026],[130.84425199577032,33.872457840502896],[130.84414879566413,33.872420979588114],[130.84416944200018,33.872425279000026]],[[130.844511388,33.872459162],[130.84451138799997,33.872459162000034],[130.8443315600151,33.87209158096996],[130.844511388,33.872459162]],[[130.84425027199995,33.871541946000036],[130.84429611330452,33.87145372117674],[130.8442330390726,33.87165465692096],[130.84425027199995,33.871541946000036]],[[130.844412503,33.871229721],[130.84441250299997,33.87122972100002],[130.8443707686775,33.87120278485495],[130.844412503,33.871229721]]]}},{"type":"Feature","id":"40100:50306648","properties":{"id":"40100:50306648","meshCode":"50306648","cityCode":"40100","city":"北九州市","lat":33.8708333,"lon":130.85625,"areaKm2":1.0688334,"populated2020":true,"population2020":8504.4826,"populationNote":"収録500mメッシュ人口の合算（原典収録外は補完しない）"},"geometry":{"type":"Polygon","coordinates":[[[130.8625,33.86666666666666],[130.85,33.86666666666667],[130.85,33.875],[130.8625,33.875],[130.8625,33.86666666666666]]]}},{"type":"Feature","id":"40100:50306649","properties":{"id":"40100:50306649","meshCode":"50306649","cityCode":"40100","city":"北九州市","lat":33.8708333,"lon":130.86875,"areaKm2":1.0688326,"populated2020":true,"population2020":9901.86,"populationNote":"収録500mメッシュ人口の合算（原典収録外は補完しない）"},"geometry":{"type":"Polygon","coordinates":[[[130.875,33.86666666666667],[130.8625,33.86666666666666],[130.8625,33.875],[130.875,33.875],[130.875,33.86666666666667]]]}},{"type":"Feature","id":"40100:50306740","properties":{"id":"40100:50306740","meshCode":"50306740","cityCode":"40100","city":"北九州市","lat":33.8708333,"lon":130.88125,"areaKm2":1.0688322,"populated2020":true,"population2020":13687.8174,"populationNote":"収録500mメッシュ人口の合算（原典収録外は補完しない）"},"geometry":{"type":"Polygon","coordinates":[[[130.8875,33.86666666666667],[130.875,33.86666666666667],[130.875,33.875],[130.8875,33.87500000000001],[130.8875,33.86666666666667]]]}},{"type":"Feature","id":"40100:50306741","properties":{"id":"40100:50306741","meshCode":"50306741","cityCode":"40100","city":"北九州市","lat":33.8708333,"lon":130.89375,"areaKm2":1.0688314,"populated2020":true,"population2020":8866.1813,"populationNote":"収録500mメッシュ人口の合算（原典収録外は補完しない）"},"geometry":{"type":"Polygon","coordinates":[[[130.9,33.86666666666666],[130.8875,33.86666666666667],[130.8875,33.87500000000001],[130.9,33.875],[130.9,33.86666666666666]]]}},{"type":"Feature","id":"40100:50306742","properties":{"id":"40100:50306742","meshCode":"50306742","cityCode":"40100","city":"北九州市","lat":33.8708333,"lon":130.90625,"areaKm2":1.0688309,"populated2020":true,"population2020":2057.6146,"populationNote":"収録500mメッシュ人口の合算（原典収録外は補完しない）"},"geometry":{"type":"Polygon","coordinates":[[[130.9125,33.86666666666667],[130.9,33.86666666666666],[130.9,33.875],[130.9125,33.875],[130.9125,33.86666666666667]]]}},{"type":"Feature","id":"40100:50306743","properties":{"id":"40100:50306743","meshCode":"50306743","cityCode":"40100","city":"北九州市","lat":33.8708333,"lon":130.91875,"areaKm2":1.0688304,"populated2020":true,"population2020":19.9143,"populationNote":"収録500mメッシュ人口の合算（原典収録外は補完しない）"},"geometry":{"type":"Polygon","coordinates":[[[130.925,33.866666666666674],[130.9125,33.86666666666667],[130.9125,33.875],[130.925,33.875],[130.925,33.866666666666674]]]}},{"type":"Feature","id":"40100:50306744","properties":{"id":"40100:50306744","meshCode":"50306744","cityCode":"40100","city":"北九州市","lat":33.8708333,"lon":130.93125,"areaKm2":1.06883,"populated2020":false,"population2020":null,"populationNote":"境界またぎ・収録外等のため人口未集計"},"geometry":{"type":"Polygon","coordinates":[[[130.9375,33.866666666666674],[130.925,33.866666666666674],[130.925,33.875],[130.9375,33.875],[130.9375,33.866666666666674]]]}},{"type":"Feature","id":"40100:50306745","properties":{"id":"40100:50306745","meshCode":"50306745","cityCode":"40100","city":"北九州市","lat":33.8708333,"lon":130.94375,"areaKm2":1.0688296,"populated2020":false,"population2020":null,"populationNote":"境界またぎ・収録外等のため人口未集計"},"geometry":{"type":"Polygon","coordinates":[[[130.95,33.86666666666667],[130.9375,33.866666666666674],[130.9375,33.875],[130.95,33.875],[130.95,33.86666666666667]]]}},{"type":"Feature","id":"40100:50306746","properties":{"id":"40100:50306746","meshCode":"50306746","cityCode":"40100","city":"北九州市","lat":33.8708333,"lon":130.95625,"areaKm2":1.0688292,"populated2020":true,"population2020":636.0463,"populationNote":"収録500mメッシュ人口の合算（原典収録外は補完しない）"},"geometry":{"type":"Polygon","coordinates":[[[130.9625,33.86666666666667],[130.95,33.86666666666667],[130.95,33.875],[130.9625,33.875],[130.9625,33.86666666666667]]]}},{"type":"Feature","id":"40100:50306747","properties":{"id":"40100:50306747","meshCode":"50306747","cityCode":"40100","city":"北九州市","lat":33.8708333,"lon":130.96875,"areaKm2":1.0688292,"populated2020":true,"population2020":3762.309,"populationNote":"収録500mメッシュ人口の合算（原典収録外は補完しない）"},"geometry":{"type":"Polygon","coordinates":[[[130.975,33.86666666666666],[130.9625,33.86666666666667],[130.9625,33.875],[130.975,33.875],[130.975,33.86666666666666]]]}},{"type":"Feature","id":"40100:50306748","properties":{"id":"40100:50306748","meshCode":"50306748","cityCode":"40100","city":"北九州市","lat":33.8711937,"lon":130.9802577,"areaKm2":0.8750778,"populated2020":true,"population2020":1039.7089,"populationNote":"収録500mメッシュ人口の合算（原典収録外は補完しない）"},"geometry":{"type":"MultiPolygon","coordinates":[[[[130.9875,33.86741169398229],[130.9875,33.86666666666667],[130.9867917896834,33.86666666666667],[130.98683975400002,33.866717135000044],[130.9875,33.86741169398229]]],[[[130.975,33.86666666666666],[130.975,33.875],[130.98680114100011,33.87499999999999],[130.98688472100002,33.87228655900009],[130.98661910500016,33.87185519800004],[130.98637600500004,33.87192694600009],[130.9851770560001,33.869905595000105],[130.98492348900015,33.87007345000006],[130.98211160800008,33.8670608650001],[130.98271136250733,33.86666666666667],[130.975,33.86666666666666]]]]}},{"type":"Feature","id":"40100:50306749","properties":{"id":"40100:50306749","meshCode":"50306749","cityCode":"40100","city":"北九州市","lat":33.8677133,"lon":130.9929209,"areaKm2":0.2622944,"populated2020":false,"population2020":null,"populationNote":"境界またぎ・収録外等のため人口未集計"},"geometry":{"type":"MultiPolygon","coordinates":[[[[130.99811461700017,33.86793600000009],[130.9990518290001,33.867890973000044],[130.99904817100014,33.86782566699998],[130.99809511000012,33.86786438699994],[130.99777929990842,33.86666666666667],[130.9875,33.86666666666667],[130.9875,33.86741169398229],[130.98873616100013,33.868712198000026],[130.99822166000015,33.86832361300015],[130.99811461700017,33.86793600000009]]],[[[131.0,33.867863721],[131.0,33.867790441],[130.999194864,33.86781961300001],[130.999194864,33.86788553200001],[131.0,33.867863721]]],[[[130.9997522440001,33.87365216200004],[130.99546166000016,33.8738130270001],[130.994174553,33.875],[131.0,33.875],[131.0,33.874537586000066],[130.9997522440001,33.87365216200004]]]]}},{"type":"Feature","id":"40100:50316040","properties":{"id":"40100:50316040","meshCode":"50316040","cityCode":"40100","city":"北九州市","lat":33.8678184,"lon":131.0002489,"areaKm2":0.0079687,"populated2020":false,"population2020":null,"populationNote":"境界またぎ・収録外等のため人口未集計"},"geometry":{"type":"MultiPolygon","coordinates":[[[[131.0,33.867790441],[131.0,33.867863721],[131.000497886,33.867846279000005],[131.000497886,33.867778721],[131.0,33.867790441]]],[[[131.004624812,33.869889279],[131.004667497,33.869837135],[131.001046278,33.867765261],[131.00070321700002,33.867777342],[131.000705811,33.86783424299999],[131.001018936,33.867832072000006],[131.004624812,33.869889279]]],[[[131.004809001,33.869994297],[131.010173087,33.87305215300001],[131.010215772,33.873000036],[131.004851803,33.86994227],[131.004809001,33.869994297]]],[[[131.0,33.874537586000066],[131.0,33.875],[131.00012311300003,33.875],[131.0,33.874537586000066]]]]}},{"type":"Feature","id":"40100:50306555","properties":{"id":"40100:50306555","meshCode":"50306555","cityCode":"40100","city":"北九州市","lat":33.8796813,"lon":130.6945392,"areaKm2":0.8802004,"populated2020":true,"population2020":null,"populationNote":"境界またぎ・収録外等のため人口未集計"},"geometry":{"type":"Polygon","coordinates":[[[130.693194695,33.875],[130.692726667,33.875993892],[130.692555279,33.876766667],[130.692722503,33.87781333300001],[130.692338054,33.87830610799999],[130.690237224,33.878584162],[130.688644163,33.878411666999995],[130.687764163,33.878235278999995],[130.687547497,33.878886107999996],[130.687766939,33.88042833299999],[130.687703606,33.880712775],[130.6875,33.88105430345856],[130.6875,33.88333333333333],[130.7,33.88333333333334],[130.7,33.875],[130.693194695,33.875]]]}},{"type":"Feature","id":"40100:50306556","properties":{"id":"40100:50306556","meshCode":"50306556","cityCode":"40100","city":"北九州市","lat":33.8791667,"lon":130.70625,"areaKm2":1.068746,"populated2020":true,"population2020":6773.4748,"populationNote":"収録500mメッシュ人口の合算（原典収録外は補完しない）"},"geometry":{"type":"Polygon","coordinates":[[[130.7125,33.87499999999999],[130.7,33.875],[130.7,33.88333333333334],[130.7125,33.88333333333333],[130.7125,33.87499999999999]]]}},{"type":"Feature","id":"40100:50306557","properties":{"id":"40100:50306557","meshCode":"50306557","cityCode":"40100","city":"北九州市","lat":33.8791667,"lon":130.71875,"areaKm2":1.0687444,"populated2020":true,"population2020":7024.438,"populationNote":"収録500mメッシュ人口の合算（原典収録外は補完しない）"},"geometry":{"type":"Polygon","coordinates":[[[130.725,33.875],[130.7125,33.87499999999999],[130.7125,33.88333333333333],[130.725,33.88333333333333],[130.725,33.875]]]}},{"type":"Feature","id":"40100:50306558","properties":{"id":"40100:50306558","meshCode":"50306558","cityCode":"40100","city":"北九州市","lat":33.8791667,"lon":130.73125,"areaKm2":1.0687428,"populated2020":true,"population2020":6319.2562,"populationNote":"収録500mメッシュ人口の合算（原典収録外は補完しない）"},"geometry":{"type":"Polygon","coordinates":[[[130.7375,33.87500000000001],[130.725,33.875],[130.725,33.88333333333333],[130.7375,33.88333333333333],[130.7375,33.87500000000001]]]}},{"type":"Feature","id":"40100:50306559","properties":{"id":"40100:50306559","meshCode":"50306559","cityCode":"40100","city":"北九州市","lat":33.8793256,"lon":130.7427452,"areaKm2":0.8660378,"populated2020":true,"population2020":851.889,"populationNote":"収録500mメッシュ人口の合算（原典収録外は補完しない）"},"geometry":{"type":"MultiPolygon","coordinates":[[[[130.748062387,33.875023198],[130.748114306,33.87499999999999],[130.747971193,33.87500000000001],[130.748062387,33.875023198]]],[[[130.747783476,33.875142613],[130.747770052,33.87500000000001],[130.74772725,33.875],[130.747642944,33.87510880200001],[130.747783476,33.875142613]]],[[[130.748474578,33.87499999999999],[130.748378664,33.875144027],[130.74860786,33.875],[130.748474578,33.87499999999999]]],[[[130.743739196,33.875547667],[130.741608781,33.875],[130.7375,33.87500000000001],[130.7375,33.88333333333333],[130.74614605682945,33.883333333333326],[130.748073606,33.879556081],[130.748170778,33.879564586],[130.748080246,33.879543027],[130.748271803,33.879170973],[130.748437328,33.879240441],[130.748369637,33.879356081],[130.748407782,33.879367802],[130.748533359,33.879120359999995],[130.748507523,33.879078027000006],[130.74845808,33.879199748],[130.748282918,33.87914944100001],[130.748464137,33.878800612999996],[130.748586005,33.878857829000005],[130.748605888,33.87882677499999],[130.748469248,33.87879061299999],[130.748925642,33.877907667],[130.748887445,33.877729252],[130.747818106,33.876375775],[130.745735473,33.87585016199999],[130.745674643,33.87602064],[130.745112309,33.87587764],[130.745159248,33.875508333],[130.74508856,33.875358613],[130.744519105,33.87572169399999],[130.744560389,33.87558210800001],[130.744900506,33.87534822500001],[130.744548197,33.875362892000005],[130.74403978,33.875226414],[130.743914449,33.875534333],[130.743739196,33.875547667]]],[[[130.749945551,33.879685333000005],[130.75,33.87967677499998],[130.749998885,33.87955786500001],[130.749945551,33.879685333000005]]],[[[130.748730752,33.88184641400001],[130.748897276,33.881937279],[130.748835616,33.88206564000001],[130.748661946,33.881977467999995],[130.748552581,33.882184802],[130.748832283,33.882210532],[130.748759364,33.88245246799999],[130.748503217,33.882645441],[130.748505772,33.88284091900001],[130.74825722383176,33.88333333333333],[130.75,33.88333333333333],[130.75,33.87992864000005],[130.74897428,33.881933108],[130.748730752,33.88184641400001]]]]}},{"type":"Feature","id":"40100:50306650","properties":{"id":"40100:50306650","meshCode":"50306650","cityCode":"40100","city":"北九州市","lat":33.8804138,"lon":130.7563417,"areaKm2":0.6160265,"populated2020":false,"population2020":null,"populationNote":"境界またぎ・収録外等のため人口未集計"},"geometry":{"type":"MultiPolygon","coordinates":[[[[130.754557886,33.875200468],[130.754512438,33.875214919],[130.75454808,33.875224892],[130.754557886,33.875200468]]],[[[130.754623774,33.875215225],[130.754812387,33.875291135000005],[130.754759857,33.875221802],[130.754825772,33.875035198],[130.75551061,33.875212306],[130.755422049,33.875447081],[130.755937497,33.875581],[130.756025863,33.87533991899999],[130.756430921,33.87544519800001],[130.756348197,33.875678468],[130.759705746,33.876536946],[130.759792672,33.876301694],[130.75997642,33.876347667],[130.759902892,33.876549667],[130.760369533,33.876667802],[130.760442309,33.87646561300001],[130.7625,33.87699034030191],[130.7625,33.875],[130.754689494,33.875],[130.754775447,33.875022224999995],[130.754709728,33.875208279],[130.754623774,33.875215225]]],[[[130.754930337,33.875293721000006],[130.754887471,33.875309162],[130.75491978,33.875318694],[130.754930337,33.875293721000006]]],[[[130.755220532,33.875380333],[130.755187056,33.87533130599999],[130.755173554,33.875368333000004],[130.755220532,33.875380333]]],[[[130.753373787,33.878239901000086],[130.75157808000006,33.878864081000074],[130.75150916999996,33.87869388299998],[130.75039985700016,33.87906953200008],[130.75048175100017,33.87923397300012],[130.75032905299997,33.87928549500008],[130.750144773,33.879645693999976],[130.75,33.87955819800002],[130.75,33.87967677499998],[130.75012739299996,33.87967955900001],[130.75,33.87992864000005],[130.75,33.88333333333333],[130.7625,33.88333333333333],[130.7625,33.880573048619915],[130.753373787,33.878239901000086]]],[[[130.756012361,33.87559827900001],[130.755989339,33.875559108000004],[130.755977056,33.875587585999995],[130.756012361,33.87559827900001]]],[[[130.756214332,33.87561753200001],[130.756240169,33.875655721],[130.756250311,33.875626162],[130.756214332,33.87561753200001]]]]}},{"type":"Feature","id":"40100:50306651","properties":{"id":"40100:50306651","meshCode":"50306651","cityCode":"40100","city":"北九州市","lat":33.8774785,"lon":130.7681342,"areaKm2":0.520341,"populated2020":false,"population2020":null,"populationNote":"境界またぎ・収録外等のため人口未集計"},"geometry":{"type":"MultiPolygon","coordinates":[[[[130.7625,33.87699034030191],[130.765006005,33.877630279],[130.764952412,33.877776612999995],[130.765152361,33.87782758600001],[130.7651338,33.877662802],[130.765829585,33.877840306],[130.765736252,33.878094946],[130.767082776,33.878438306],[130.76717727600004,33.878183973],[130.772953696,33.879646108],[130.772267691,33.878424468],[130.772356783,33.878378667],[130.77158553800004,33.876988153],[130.771490623,33.877025495],[130.77041869,33.87500000000001],[130.7625,33.875],[130.7625,33.87699034030191]]],[[[130.765378171,33.877879495],[130.765341971,33.877825054000006],[130.765327173,33.877866225],[130.765378171,33.877879495]]],[[[130.7732974073004,33.883333333333326],[130.76637022,33.881553387],[130.76642469500018,33.881397413999935],[130.76384428000006,33.880728333000086],[130.76377775600008,33.88089708100006],[130.7625,33.880573048619915],[130.7625,33.88333333333333],[130.7732974073004,33.883333333333326]]],[[[130.771438975,33.87514835999999],[130.772009689,33.87500000000001],[130.77124808,33.875],[130.771438975,33.87514835999999]]],[[[130.77142140100003,33.87675532400001],[130.770948949,33.875891856],[130.770859326,33.875813784],[130.77142140100003,33.87675532400001]]],[[[130.775,33.879618946],[130.775,33.875],[130.772415551,33.875000000000014],[130.775,33.879618946]]]]}},{"type":"Feature","id":"40100:50306652","properties":{"id":"40100:50306652","meshCode":"50306652","cityCode":"40100","city":"北九州市","lat":33.8790824,"lon":130.7778393,"areaKm2":0.7753488,"populated2020":true,"population2020":3.1672,"populationNote":"収録500mメッシュ人口の合算（原典収録外は補完しない）"},"geometry":{"type":"Polygon","coordinates":[[[130.77959275,33.877124279],[130.781208781,33.87751974799999],[130.781184358,33.877590027000004],[130.781489339,33.877669999999995],[130.781517108,33.877581135],[130.782122802,33.877752081],[130.782278534,33.87818732400001],[130.782424449,33.878125],[130.782557497,33.878081386999995],[130.78282749699997,33.87796110800002],[130.78255749700008,33.878081387000115],[130.78227853399994,33.87818732400013],[130.78235364500006,33.87832349500007],[130.78242968899997,33.87830280200007],[130.78310296999996,33.87953480200002],[130.78315933900012,33.87951833300002],[130.78489481199995,33.88269702700012],[130.78507933900016,33.882744865],[130.78526306100014,33.88302353200004],[130.7864807273555,33.88333333333333],[130.7875,33.88333333333334],[130.7875,33.875],[130.775,33.875],[130.775,33.879618946],[130.775611388,33.880711559],[130.779035888,33.881584865],[130.779166719,33.881233441],[130.782290052,33.88203966700001],[130.782115058,33.88165002699999],[130.7821707,33.88157672100001],[130.782104916,33.881600973],[130.781895966,33.88125146800001],[130.781967497,33.881177748],[130.78188722400003,33.881208],[130.781518392,33.880561613],[130.781632607,33.880578027000006],[130.781531414,33.880373441],[130.78146511,33.880469162000004],[130.780869637,33.879426640000005],[130.77959275,33.877124279]],[[130.7827530610001,33.87779249500005],[130.78280576165585,33.8779118729312],[130.782753061,33.877792494999994],[130.78292861199995,33.87773749500001],[130.7827530610001,33.87779249500005]],[[130.78289721285103,33.87766495260823],[130.782836394,33.877524441000006],[130.78280101693,33.877459376961305],[130.78283639400013,33.87752444100004],[130.78289721285103,33.87766495260823]],[[130.7828430610001,33.87697610800006],[130.78260000000012,33.87709],[130.78272007936886,33.87731063145252],[130.7826,33.87709],[130.782843061,33.876976108],[130.78245829494824,33.876243627868945],[130.7828430610001,33.87697610800006]],[[130.782685551,33.87555666700013],[130.7826769478937,33.87590437374112],[130.782685551,33.8755566670001],[130.782685551,33.87555666700013]]]}},{"type":"Feature","id":"40100:50306653","properties":{"id":"40100:50306653","meshCode":"50306653","cityCode":"40100","city":"北九州市","lat":33.8791763,"lon":130.7937476,"areaKm2":1.0659457,"populated2020":false,"population2020":null,"populationNote":"境界またぎ・収録外等のため人口未集計"},"geometry":{"type":"Polygon","coordinates":[[[130.8,33.875],[130.79472581100003,33.87500000000001],[130.79486972799998,33.87598691900001],[130.79457530499997,33.87591836000013],[130.79444338500014,33.875],[130.7875,33.875],[130.7875,33.88333333333334],[130.8,33.88333333333333],[130.8,33.875]]]}},{"type":"Feature","id":"40100:50306654","properties":{"id":"40100:50306654","meshCode":"50306654","cityCode":"40100","city":"北九州市","lat":33.8791168,"lon":130.8107062,"areaKm2":0.6512074,"populated2020":true,"population2020":31.4268,"populationNote":"収録500mメッシュ人口の合算（原典収録外は補完しない）"},"geometry":{"type":"MultiPolygon","coordinates":[[[[130.80474204899997,33.875],[130.805935966,33.875662306000095],[130.80663836600013,33.87624955900009],[130.80778496800008,33.877637],[130.80795228299996,33.87760191900008],[130.80827199700013,33.87795946800009],[130.80815664099998,33.878062973000006],[130.80877727600011,33.87877397300007],[130.808907977,33.879067027000126],[130.80886894900016,33.87945494600001],[130.8072932560001,33.88273082900008],[130.80718202294048,33.88333333333334],[130.8125,33.883333333333326],[130.8125,33.87500000000001],[130.80474204899997,33.875]]],[[[130.80000897499997,33.87500000000001],[130.8,33.88333333333333],[130.80446296994458,33.88333333333334],[130.80474795100008,33.881620162000104],[130.80008574600004,33.87541069400004],[130.80000897499997,33.87500000000001]]]]}},{"type":"Feature","id":"40100:50306655","properties":{"id":"40100:50306655","meshCode":"50306655","cityCode":"40100","city":"北九州市","lat":33.8791667,"lon":130.81875,"areaKm2":1.0687338,"populated2020":true,"population2020":6080.4598,"populationNote":"収録500mメッシュ人口の合算（原典収録外は補完しない）"},"geometry":{"type":"Polygon","coordinates":[[[130.825,33.875],[130.8125,33.87500000000001],[130.8125,33.883333333333326],[130.825,33.88333333333333],[130.825,33.875]]]}},{"type":"Feature","id":"40100:50306656","properties":{"id":"40100:50306656","meshCode":"50306656","cityCode":"40100","city":"北九州市","lat":33.8791667,"lon":130.83125,"areaKm2":1.068733,"populated2020":true,"population2020":7076.8791,"populationNote":"収録500mメッシュ人口の合算（原典収録外は補完しない）"},"geometry":{"type":"Polygon","coordinates":[[[130.8375,33.87500000000001],[130.825,33.875],[130.825,33.88333333333333],[130.8375,33.88333333333333],[130.8375,33.87500000000001]]]}},{"type":"Feature","id":"40100:50306657","properties":{"id":"40100:50306657","meshCode":"50306657","cityCode":"40100","city":"北九州市","lat":33.8791667,"lon":130.84375,"areaKm2":1.0687332,"populated2020":true,"population2020":5057.295,"populationNote":"収録500mメッシュ人口の合算（原典収録外は補完しない）"},"geometry":{"type":"Polygon","coordinates":[[[130.85,33.875],[130.840722361,33.875],[130.84078096219628,33.875108324647236],[130.84072236099996,33.87499999999999],[130.8375,33.87500000000001],[130.8375,33.88333333333333],[130.85,33.88333333333333],[130.85,33.875]],[[130.84225444899994,33.879157495000015],[130.84223823428883,33.87902559472038],[130.84226962512489,33.87928137635938],[130.84225444899994,33.879157495000015]],[[130.84216693899998,33.87845027900011],[130.8421471929672,33.87834209660011],[130.84218522300574,33.87859635924223],[130.84216693899998,33.87845027900011]],[[130.842049728,33.877976946],[130.84166666700014,33.87798013500009],[130.84154972800005,33.87798110800001],[130.841666667,33.877980135],[130.842049728,33.877976946]],[[130.84105499400002,33.877420559000036],[130.8410770669995,33.87744560450094],[130.84105499400005,33.87742055900014],[130.84105499400002,33.877420559000036]],[[130.841028054,33.876825],[130.84103841995685,33.877359567942534],[130.8410611480844,33.876410259605585],[130.841028054,33.876825]],[[130.84107778199996,33.876056108],[130.8410676425,33.87600541425],[130.84106512349064,33.876353068863345],[130.84107778199996,33.876056108]],[[130.8426209781397,33.88239008702154],[130.842652503,33.882564721],[130.84271206220777,33.88320014674516],[130.8426209781397,33.88239008702154]],[[130.84256250299995,33.88180110799999],[130.8425015717107,33.88142188070041],[130.8425759740112,33.88198935066069],[130.84256250299995,33.88180110799999]],[[130.84245472099997,33.88081361300004],[130.8424498156675,33.880739207916776],[130.84248627137154,33.88128877460681],[130.84245472099997,33.88081361300004]],[[130.84236333299998,33.87995805400004],[130.84236204251062,33.87994851962237],[130.84236624544968,33.87997782754654],[130.84236333299998,33.87995805400004]],[[130.842345551,33.879837225000074],[130.84234523193652,33.87983499253973],[130.8423502900619,33.879869026407235],[130.842345551,33.879837225000074]]]}},{"type":"Feature","id":"40100:50306658","properties":{"id":"40100:50306658","meshCode":"50306658","cityCode":"40100","city":"北九州市","lat":33.8791667,"lon":130.85625,"areaKm2":1.068731,"populated2020":true,"population2020":6434.9635,"populationNote":"収録500mメッシュ人口の合算（原典収録外は補完しない）"},"geometry":{"type":"Polygon","coordinates":[[[130.8625,33.875],[130.85,33.875],[130.85,33.88333333333333],[130.8625,33.88333333333333],[130.8625,33.875]]]}},{"type":"Feature","id":"40100:50306659","properties":{"id":"40100:50306659","meshCode":"50306659","cityCode":"40100","city":"北九州市","lat":33.8791667,"lon":130.86875,"areaKm2":1.0687302,"populated2020":true,"population2020":13703.247,"populationNote":"収録500mメッシュ人口の合算（原典収録外は補完しない）"},"geometry":{"type":"Polygon","coordinates":[[[130.875,33.875],[130.8625,33.875],[130.8625,33.88333333333333],[130.875,33.88333333333333],[130.875,33.875]]]}},{"type":"Feature","id":"40100:50306750","properties":{"id":"40100:50306750","meshCode":"50306750","cityCode":"40100","city":"北九州市","lat":33.8791667,"lon":130.88125,"areaKm2":1.0687297,"populated2020":true,"population2020":10058.8013,"populationNote":"収録500mメッシュ人口の合算（原典収録外は補完しない）"},"geometry":{"type":"Polygon","coordinates":[[[130.8875,33.87500000000001],[130.875,33.875],[130.875,33.88333333333333],[130.8875,33.88333333333333],[130.8875,33.87500000000001]]]}},{"type":"Feature","id":"40100:50306751","properties":{"id":"40100:50306751","meshCode":"50306751","cityCode":"40100","city":"北九州市","lat":33.8791667,"lon":130.89375,"areaKm2":1.068729,"populated2020":true,"population2020":9902.6174,"populationNote":"収録500mメッシュ人口の合算（原典収録外は補完しない）"},"geometry":{"type":"Polygon","coordinates":[[[130.9,33.875],[130.8875,33.87500000000001],[130.8875,33.88333333333333],[130.9,33.88333333333333],[130.9,33.875]]]}},{"type":"Feature","id":"40100:50306752","properties":{"id":"40100:50306752","meshCode":"50306752","cityCode":"40100","city":"北九州市","lat":33.8791667,"lon":130.90625,"areaKm2":1.0687284,"populated2020":true,"population2020":4026.753,"populationNote":"収録500mメッシュ人口の合算（原典収録外は補完しない）"},"geometry":{"type":"Polygon","coordinates":[[[130.9125,33.875],[130.9,33.875],[130.9,33.88333333333333],[130.9125,33.88333333333333],[130.9125,33.875]]]}},{"type":"Feature","id":"40100:50306753","properties":{"id":"40100:50306753","meshCode":"50306753","cityCode":"40100","city":"北九州市","lat":33.8791667,"lon":130.91875,"areaKm2":1.068728,"populated2020":true,"population2020":212.6448,"populationNote":"収録500mメッシュ人口の合算（原典収録外は補完しない）"},"geometry":{"type":"Polygon","coordinates":[[[130.925,33.875],[130.9125,33.875],[130.9125,33.88333333333333],[130.925,33.88333333333333],[130.925,33.875]]]}},{"type":"Feature","id":"40100:50306754","properties":{"id":"40100:50306754","meshCode":"50306754","cityCode":"40100","city":"北九州市","lat":33.8791667,"lon":130.93125,"areaKm2":1.0687276,"populated2020":true,"population2020":1080.311,"populationNote":"収録500mメッシュ人口の合算（原典収録外は補完しない）"},"geometry":{"type":"Polygon","coordinates":[[[130.9375,33.875],[130.925,33.875],[130.925,33.88333333333333],[130.9375,33.88333333333333],[130.9375,33.875]]]}},{"type":"Feature","id":"40100:50306755","properties":{"id":"40100:50306755","meshCode":"50306755","cityCode":"40100","city":"北九州市","lat":33.8791667,"lon":130.94375,"areaKm2":1.0687272,"populated2020":false,"population2020":null,"populationNote":"境界またぎ・収録外等のため人口未集計"},"geometry":{"type":"Polygon","coordinates":[[[130.95,33.875],[130.9375,33.875],[130.9375,33.88333333333333],[130.95,33.88333333333333],[130.95,33.875]]]}},{"type":"Feature","id":"40100:50306756","properties":{"id":"40100:50306756","meshCode":"50306756","cityCode":"40100","city":"北九州市","lat":33.8791667,"lon":130.95625,"areaKm2":1.0687268,"populated2020":false,"population2020":null,"populationNote":"境界またぎ・収録外等のため人口未集計"},"geometry":{"type":"Polygon","coordinates":[[[130.9625,33.875],[130.95,33.875],[130.95,33.88333333333333],[130.9625,33.88333333333333],[130.9625,33.875]]]}},{"type":"Feature","id":"40100:50306757","properties":{"id":"40100:50306757","meshCode":"50306757","cityCode":"40100","city":"北九州市","lat":33.8791667,"lon":130.96875,"areaKm2":1.0687268,"populated2020":true,"population2020":934.2305,"populationNote":"収録500mメッシュ人口の合算（原典収録外は補完しない）"},"geometry":{"type":"Polygon","coordinates":[[[130.975,33.875],[130.9625,33.875],[130.9625,33.88333333333333],[130.975,33.88333333333333],[130.975,33.875]]]}},{"type":"Feature","id":"40100:50306758","properties":{"id":"40100:50306758","meshCode":"50306758","cityCode":"40100","city":"北九州市","lat":33.8791535,"lon":130.9808386,"areaKm2":0.9982545,"populated2020":true,"population2020":814.1833,"populationNote":"収録500mメッシュ人口の合算（原典収録外は補完しない）"},"geometry":{"type":"Polygon","coordinates":[[[130.9866123090001,33.88146397300006],[130.98680114100011,33.87499999999999],[130.975,33.875],[130.975,33.88333333333333],[130.98699652416335,33.88333333333333],[130.98618800300017,33.88161197300003],[130.9866123090001,33.88146397300006]]]}},{"type":"Feature","id":"40100:50306759","properties":{"id":"40100:50306759","meshCode":"50306759","cityCode":"40100","city":"北九州市","lat":33.879348,"lon":130.996411,"areaKm2":0.5331176,"populated2020":false,"population2020":null,"populationNote":"境界またぎ・収録外等のため人口未集計"},"geometry":{"type":"MultiPolygon","coordinates":[[[[130.99402252899995,33.87514541400015],[130.99394081700018,33.877810378],[130.995066135,33.87780727000012],[130.99587547300018,33.87789205400003],[130.99622862499996,33.878139658000066],[130.996400052,33.87858768500007],[130.99629583699993,33.878759856000045],[130.9956998570001,33.878204198000056],[130.994690934,33.87812244100014],[130.99428197099996,33.877978188999926],[130.99394501899997,33.87809980200012],[130.99379971500002,33.87830113500001],[130.99392679599998,33.87893977500011],[130.99424686100008,33.87917782000001],[130.99431518799997,33.87913842300003],[130.994440791,33.879291072000115],[130.99474787300016,33.87982909900012],[130.99502189400016,33.880117811000055],[130.99516489000007,33.88046891900012],[130.99540791200013,33.88049831500006],[130.995534916,33.88063258600011],[130.99583350199998,33.88055586500008],[130.99589394300017,33.880428],[130.9958201170001,33.880238748000004],[130.99564361900002,33.88013693700003],[130.99566031099994,33.87947915299998],[130.9958414790001,33.87913917999998],[130.99606751,33.87904036900005],[130.99622778200012,33.87877849500006],[130.99631146599995,33.878811838000104],[130.99591850799993,33.87988810799994],[130.99607413700016,33.88053873900004],[130.99588776899998,33.88064638700008],[130.99533124500013,33.880753658],[130.99503915700006,33.880695495000055],[130.99402677000012,33.87917176600001],[130.99358430600012,33.87926236000004],[130.99471535709282,33.883333333333326],[131.0,33.88333333333333],[131.0,33.875],[130.994174553,33.875],[130.99402252899995,33.87514541400015]]],[[[130.98989428000016,33.88195486500001],[130.98953752299997,33.88197249500002],[130.98939452700006,33.8801228650001],[130.98852204900015,33.88010402700013],[130.9884796890001,33.88159353200001],[130.9881775230001,33.88158269400004],[130.98813357999157,33.88333333333333],[130.9899996110269,33.88333333333333],[130.98989428000016,33.88195486500001]]]]}},{"type":"Feature","id":"40100:50316050","properties":{"id":"40100:50316050","meshCode":"50316050","cityCode":"40100","city":"北九州市","lat":33.8804219,"lon":131.0008003,"areaKm2":0.1059723,"populated2020":false,"population2020":null,"populationNote":"境界またぎ・収録外等のため人口未集計"},"geometry":{"type":"Polygon","coordinates":[[[131.00238032409192,33.88333333333333],[131.00031834,33.875884441],[131.002835357,33.875040117],[131.000309377,33.87585171199999],[131.00012311300003,33.875],[131.0,33.875],[131.0,33.88333333333333],[131.00238032409192,33.88333333333333]]]}},{"type":"Feature","id":"40100:50306554","properties":{"id":"40100:50306554","meshCode":"50306554","cityCode":"40100","city":"北九州市","lat":33.8825787,"lon":130.6866671,"areaKm2":0.0289647,"populated2020":true,"population2020":null,"populationNote":"境界またぎ・収録外等のため人口未集計"},"geometry":{"type":"Polygon","coordinates":[[[130.6875,33.88105430345856],[130.685706394,33.882621108],[130.68517383874794,33.88333333333333],[130.6875,33.88333333333333],[130.6875,33.88105430345856]]]}},{"type":"Feature","id":"40100:50306564","properties":{"id":"40100:50306564","meshCode":"50306564","cityCode":"40100","city":"北九州市","lat":33.8877949,"lon":130.6853463,"areaKm2":0.3520939,"populated2020":true,"population2020":null,"populationNote":"境界またぎ・収録外等のため人口未集計"},"geometry":{"type":"Polygon","coordinates":[[[130.68517383874794,33.88333333333333],[130.683829728,33.885390829],[130.684001388,33.885599441],[130.683904721,33.885761667000004],[130.68234333300003,33.88807],[130.681669442,33.888811667],[130.682767224,33.889671108],[130.6841114787931,33.891666666666666],[130.6875,33.89166666666667],[130.6875,33.88333333333333],[130.68517383874794,33.88333333333333]]]}},{"type":"Feature","id":"40100:50306565","properties":{"id":"40100:50306565","meshCode":"50306565","cityCode":"40100","city":"北九州市","lat":33.8875,"lon":130.69375,"areaKm2":1.0686452,"populated2020":true,"population2020":5575.7364,"populationNote":"収録500mメッシュ人口の合算（原典収録外は補完しない）"},"geometry":{"type":"Polygon","coordinates":[[[130.7,33.88333333333334],[130.6875,33.88333333333333],[130.6875,33.89166666666667],[130.7,33.89166666666668],[130.7,33.88333333333334]]]}},{"type":"Feature","id":"40100:50306566","properties":{"id":"40100:50306566","meshCode":"50306566","cityCode":"40100","city":"北九州市","lat":33.8875,"lon":130.70625,"areaKm2":1.0686436,"populated2020":true,"population2020":3285.2376,"populationNote":"収録500mメッシュ人口の合算（原典収録外は補完しない）"},"geometry":{"type":"Polygon","coordinates":[[[130.7125,33.88333333333333],[130.7,33.88333333333334],[130.7,33.89166666666668],[130.7125,33.89166666666667],[130.7125,33.88333333333333]]]}},{"type":"Feature","id":"40100:50306567","properties":{"id":"40100:50306567","meshCode":"50306567","cityCode":"40100","city":"北九州市","lat":33.8875,"lon":130.71875,"areaKm2":1.068642,"populated2020":true,"population2020":3450.4299,"populationNote":"収録500mメッシュ人口の合算（原典収録外は補完しない）"},"geometry":{"type":"Polygon","coordinates":[[[130.725,33.88333333333333],[130.7125,33.88333333333333],[130.7125,33.89166666666667],[130.725,33.891666666666666],[130.725,33.88333333333333]]]}},{"type":"Feature","id":"40100:50306568","properties":{"id":"40100:50306568","meshCode":"50306568","cityCode":"40100","city":"北九州市","lat":33.8875,"lon":130.73125,"areaKm2":1.0686404,"populated2020":true,"population2020":4388.4608,"populationNote":"収録500mメッシュ人口の合算（原典収録外は補完しない）"},"geometry":{"type":"Polygon","coordinates":[[[130.7375,33.88333333333333],[130.725,33.88333333333333],[130.725,33.891666666666666],[130.7375,33.891666666666666],[130.7375,33.88333333333333]]]}},{"type":"Feature","id":"40100:50306569","properties":{"id":"40100:50306569","meshCode":"50306569","cityCode":"40100","city":"北九州市","lat":33.8876946,"lon":130.7434687,"areaKm2":0.9543307,"populated2020":true,"population2020":1982.4875,"populationNote":"収録500mメッシュ人口の合算（原典収録外は補完しない）"},"geometry":{"type":"Polygon","coordinates":[[[130.744044306,33.887431252],[130.74614605682945,33.883333333333326],[130.7375,33.88333333333333],[130.7375,33.891666666666666],[130.75,33.89166666666667],[130.75,33.88333333333333],[130.74825722383176,33.88333333333333],[130.747281608,33.885219532000015],[130.747047912,33.885133108000005],[130.747023645,33.885179108],[130.747272049,33.885270919],[130.746729974,33.886341225],[130.747279468,33.88655381100001],[130.746329637,33.88839510799999],[130.746050804,33.888471441],[130.745164643,33.888243135],[130.744044306,33.887431252]]]}},{"type":"Feature","id":"40100:50306660","properties":{"id":"40100:50306660","meshCode":"50306660","cityCode":"40100","city":"北九州市","lat":33.8875,"lon":130.75625,"areaKm2":1.0686374,"populated2020":true,"population2020":3424.4245,"populationNote":"収録500mメッシュ人口の合算（原典収録外は補完しない）"},"geometry":{"type":"Polygon","coordinates":[[[130.7625,33.88333333333333],[130.75,33.88333333333333],[130.75,33.89166666666667],[130.7625,33.89166666666667],[130.7625,33.88333333333333]]]}},{"type":"Feature","id":"40100:50306661","properties":{"id":"40100:50306661","meshCode":"50306661","cityCode":"40100","city":"北九州市","lat":33.8875079,"lon":130.7718672,"areaKm2":0.8942011,"populated2020":true,"population2020":989.1906,"populationNote":"収録500mメッシュ人口の合算（原典収録外は補完しない）"},"geometry":{"type":"Polygon","coordinates":[[[130.7683915560001,33.88866894599993],[130.76291652400005,33.885893305999964],[130.76369350200002,33.88487782900006],[130.7685672240001,33.88731636000012],[130.76851014300007,33.887393613000036],[130.769217639,33.88775253199998],[130.77483811900015,33.887941811000076],[130.775,33.887850206999985],[130.775,33.88376990999996],[130.7732974073004,33.883333333333326],[130.7625,33.88333333333333],[130.7625,33.89166666666667],[130.775,33.89166666666667],[130.775,33.88948404499997],[130.77489086900007,33.889493532000124],[130.774849883,33.88919610800008],[130.77475686100004,33.88918158600013],[130.77477329400006,33.88948396400008],[130.77449756199997,33.889493694],[130.7744701690001,33.889130865000084],[130.77441690000003,33.88919928799999],[130.77383583699998,33.889227532],[130.77378993500008,33.889424748000124],[130.77350110199995,33.889425865000135],[130.77349883299996,33.88916908100003],[130.773056861,33.88914836000004],[130.77302726300002,33.889464918999984],[130.7725883920001,33.8894380270001],[130.77259389100004,33.88919900000013],[130.77245132300004,33.889356117000034],[130.77220534399999,33.889367703000126],[130.77221386500003,33.88908116200013],[130.77166919600006,33.88907872100004],[130.771662827,33.88931764],[130.771527977,33.88933794600007],[130.77139005200002,33.8892768290001],[130.77140046700015,33.88918180200011],[130.77116152999997,33.889112946000125],[130.771119805,33.88947363099999],[130.77085412500003,33.88947146800013],[130.77088405999996,33.88911269400005],[130.7707421660001,33.889104414000094],[130.77075141399996,33.889481432000025],[130.77048014300001,33.889488631],[130.7704394420001,33.88914297299999],[130.76974335900013,33.889115523000044],[130.76972917000012,33.88906210799996],[130.769725149,33.88928637800006],[130.76930324299997,33.88931745900004],[130.76922430600007,33.888890305999944],[130.769141634,33.88894777500002],[130.76873294400013,33.888838360000136],[130.76844338500007,33.888694559000044],[130.76847511000005,33.88864025200007],[130.7683915560001,33.88866894599993]]]}},{"type":"Feature","id":"40100:50306662","properties":{"id":"40100:50306662","meshCode":"50306662","cityCode":"40100","city":"北九州市","lat":33.8878656,"lon":130.7793889,"areaKm2":0.4007317,"populated2020":true,"population2020":56.343,"populationNote":"収録500mメッシュ人口の合算（原典収録外は補完しない）"},"geometry":{"type":"MultiPolygon","coordinates":[[[[130.7875,33.88333333333334],[130.7864807273555,33.88333333333333],[130.78665693900018,33.88337666700005],[130.78676408600006,33.883552225],[130.7875,33.88373885570735],[130.7875,33.88333333333334]]],[[[130.78367238700014,33.885998631000064],[130.775,33.88376990999996],[130.775,33.887850206999985],[130.77562472099999,33.887509297],[130.78281125800004,33.888369946000076],[130.78367238700014,33.885998631000064]]],[[[130.778517276,33.890178135000035],[130.77692891100014,33.889947973],[130.77707297000006,33.891506333],[130.77659133600002,33.89154361300007],[130.776422529,33.88986165800003],[130.775011362,33.889317621999965],[130.775,33.89166666666667],[130.77867102496555,33.891666666666666],[130.778517276,33.890178135000035]]],[[[130.7812752529645,33.89166666666667],[130.782859493966,33.891666666666666],[130.78275377400007,33.89063449499997],[130.78116907899994,33.890477972999975],[130.7812752529645,33.89166666666667]]],[[[130.7790322830001,33.89028446800006],[130.77915961096934,33.89166666666667],[130.78068603096415,33.89166666666667],[130.78055328100015,33.890430721000136],[130.7790322830001,33.89028446800006]]],[[[130.78338386500002,33.890673748000104],[130.78345496796473,33.89166666666668],[130.7875,33.89166666666668],[130.7875,33.890756101007014],[130.78547185499997,33.89085782899997],[130.78338386500002,33.890673748000104]]]]}},{"type":"Feature","id":"40100:50306663","properties":{"id":"40100:50306663","meshCode":"50306663","cityCode":"40100","city":"北九州市","lat":33.8910325,"lon":130.7925655,"areaKm2":0.3575183,"populated2020":true,"population2020":233.5378,"populationNote":"収録500mメッシュ人口の合算（原典収録外は補完しない）"},"geometry":{"type":"MultiPolygon","coordinates":[[[[130.79026345,33.88431300000014],[130.79177822300005,33.88468433300005],[130.79390140100008,33.88493406300012],[130.7973627890001,33.88561350500004],[130.79773316499995,33.88589125199997],[130.79793150500007,33.8861503600001],[130.79804177699998,33.88614549500001],[130.8,33.888804081000046],[130.8,33.88333333333333],[130.7875,33.88333333333334],[130.7875,33.88373885570735],[130.79007654999998,33.88439227900005],[130.79026345,33.88431300000014]]],[[[130.79886692546896,33.89166666666667],[130.79760569400003,33.89102164000014],[130.79646179000008,33.89059247700004],[130.79584596600012,33.890464162],[130.79579567450003,33.89037750000011],[130.7875,33.890756101007014],[130.7875,33.89166666666668],[130.79886692546896,33.89166666666667]]]]}},{"type":"Feature","id":"40100:50306664","properties":{"id":"40100:50306664","meshCode":"50306664","cityCode":"40100","city":"北九州市","lat":33.8873185,"lon":130.8068861,"areaKm2":0.7977561,"populated2020":true,"population2020":176.2333,"populationNote":"収録500mメッシュ人口の合算（原典収録外は補完しない）"},"geometry":{"type":"MultiPolygon","coordinates":[[[[130.80368535700006,33.888626441000106],[130.80395152999995,33.88687661300008],[130.80420983099998,33.886904802],[130.80429444900005,33.88683586500009],[130.80396355400012,33.88634655900012],[130.804062607,33.88613969400012],[130.80446296994458,33.88333333333334],[130.8,33.88333333333333],[130.8,33.888804081000046],[130.801633606,33.88964822500009],[130.80152975400017,33.88972549500004],[130.80231150500015,33.89094802699998],[130.80272428,33.89133000000001],[130.80315352800005,33.891458],[130.803282555,33.8914361080001],[130.80324214000007,33.89115058599992],[130.80332961099998,33.89086202700014],[130.803612918,33.89055925200005],[130.80371150500014,33.889672468000015],[130.80366600500008,33.88937622499993],[130.80377294400012,33.88895144100014],[130.80368535700006,33.888626441000106]]],[[[130.80718202294048,33.88333333333334],[130.80683230900001,33.885022802000094],[130.8064868350001,33.88716096400009],[130.80641583700003,33.88715127900007],[130.80621365799993,33.888375550000035],[130.8063915560001,33.88840038700005],[130.80639734099998,33.8884667480001],[130.80610938999996,33.88951569400001],[130.8057440339889,33.891666666666666],[130.8125,33.891666666666666],[130.8125,33.883333333333326],[130.80718202294048,33.88333333333334]]]]}},{"type":"Feature","id":"40100:50306665","properties":{"id":"40100:50306665","meshCode":"50306665","cityCode":"40100","city":"北九州市","lat":33.8875,"lon":130.81875,"areaKm2":1.0686314,"populated2020":true,"population2020":5930.88,"populationNote":"収録500mメッシュ人口の合算（原典収録外は補完しない）"},"geometry":{"type":"Polygon","coordinates":[[[130.825,33.88333333333333],[130.8125,33.883333333333326],[130.8125,33.891666666666666],[130.825,33.89166666666667],[130.825,33.88333333333333]]]}},{"type":"Feature","id":"40100:50306666","properties":{"id":"40100:50306666","meshCode":"50306666","cityCode":"40100","city":"北九州市","lat":33.8875,"lon":130.83125,"areaKm2":1.0686305,"populated2020":true,"population2020":6747.3178,"populationNote":"収録500mメッシュ人口の合算（原典収録外は補完しない）"},"geometry":{"type":"Polygon","coordinates":[[[130.8375,33.88333333333333],[130.825,33.88333333333333],[130.825,33.89166666666667],[130.8375,33.89166666666667],[130.8375,33.88333333333333]]]}},{"type":"Feature","id":"40100:50306667","properties":{"id":"40100:50306667","meshCode":"50306667","cityCode":"40100","city":"北九州市","lat":33.8875,"lon":130.84375,"areaKm2":1.0686284,"populated2020":true,"population2020":9398.8392,"populationNote":"収録500mメッシュ人口の合算（原典収録外は補完しない）"},"geometry":{"type":"Polygon","coordinates":[[[130.85,33.88333333333333],[130.8375,33.88333333333333],[130.8375,33.89166666666667],[130.85,33.891666666666666],[130.85,33.88333333333333]],[[130.84547,33.891608333000086],[130.8454668626673,33.891599467457524],[130.84549396886302,33.89166666666668],[130.84547,33.891608333000086]],[[130.84291250299998,33.887232225],[130.84289233842463,33.88713733975913],[130.8430092188339,33.88749256129242],[130.84291250299998,33.887232225]],[[130.84245861199997,33.88459972099997],[130.8424631672,33.884589555199994],[130.84247270499793,33.884696990833305],[130.84245861199997,33.88459972099997]],[[130.84257555099998,33.88433777499995],[130.84261232855593,33.88428286332484],[130.84255338719888,33.88438746707867],[130.84257555099998,33.88433777499995]],[[130.842832503,33.884025279],[130.84283250299995,33.884025279000056],[130.842800290249,33.88383115827554],[130.842832503,33.884025279]],[[130.84364194600005,33.88920361300006],[130.84364126070483,33.88920285520243],[130.8436880005488,33.88924115243146],[130.84364194600005,33.88920361300006]],[[130.843160272,33.88802222500001],[130.84344132828255,33.888875692889826],[130.84305294989505,33.8876417240926],[130.843160272,33.88802222500001]],[[130.84524083,33.89096416200001],[130.84543003631265,33.89149616237884],[130.84520299748252,33.89083656241374],[130.84524083,33.89096416200001]],[[130.84508306099997,33.89043194599997],[130.84504688266225,33.890335684662254],[130.8450884029487,33.890449796589735],[130.84508306099997,33.89043194599997]],[[130.844662776,33.889763892],[130.8448978063575,33.88997274926795],[130.84452097503765,33.88968285819043],[130.844662776,33.889763892]],[[130.8442198675959,33.889510998663205],[130.84411055800012,33.88944861300006],[130.84378166000008,33.88931749500003],[130.844110558,33.88944861299999],[130.8442198675959,33.889510998663205]]]}},{"type":"Feature","id":"40100:50306668","properties":{"id":"40100:50306668","meshCode":"50306668","cityCode":"40100","city":"北九州市","lat":33.8875,"lon":130.85625,"areaKm2":1.0686286,"populated2020":true,"population2020":13318.3719,"populationNote":"収録500mメッシュ人口の合算（原典収録外は補完しない）"},"geometry":{"type":"Polygon","coordinates":[[[130.8625,33.88333333333333],[130.85,33.88333333333333],[130.85,33.891666666666666],[130.8625,33.891666666666666],[130.8625,33.88333333333333]]]}},{"type":"Feature","id":"40100:50306669","properties":{"id":"40100:50306669","meshCode":"50306669","cityCode":"40100","city":"北九州市","lat":33.8875,"lon":130.86875,"areaKm2":1.0686278,"populated2020":true,"population2020":5605.8798,"populationNote":"収録500mメッシュ人口の合算（原典収録外は補完しない）"},"geometry":{"type":"Polygon","coordinates":[[[130.875,33.88333333333333],[130.8625,33.88333333333333],[130.8625,33.891666666666666],[130.875,33.891666666666666],[130.875,33.88333333333333]]]}},{"type":"Feature","id":"40100:50306760","properties":{"id":"40100:50306760","meshCode":"50306760","cityCode":"40100","city":"北九州市","lat":33.8873248,"lon":130.8813432,"areaKm2":1.0123073,"populated2020":true,"population2020":2308.4503,"populationNote":"収録500mメッシュ人口の合算（原典収録外は補完しない）"},"geometry":{"type":"Polygon","coordinates":[[[130.8875,33.88333333333333],[130.875,33.88333333333333],[130.875,33.891666666666666],[130.87921089450094,33.891666666666666],[130.878599805,33.891194775],[130.877995188,33.890452414],[130.877663061,33.889432748],[130.880945499,33.890097892],[130.88142910489725,33.89166666666667],[130.8875,33.891666666666666],[130.8875,33.88333333333333]]]}},{"type":"Feature","id":"40100:50306761","properties":{"id":"40100:50306761","meshCode":"50306761","cityCode":"40100","city":"北九州市","lat":33.8870319,"lon":130.8942853,"areaKm2":0.8874857,"populated2020":true,"population2020":2966.9899,"populationNote":"収録500mメッシュ人口の合算（原典収録外は補完しない）"},"geometry":{"type":"Polygon","coordinates":[[[130.9,33.88333333333333],[130.8875,33.88333333333333],[130.8875,33.891666666666666],[130.8898672497811,33.89166666666667],[130.889737134,33.891468532],[130.890059274,33.89134925199999],[130.890026252,33.891296748],[130.889726446,33.891452198],[130.889527173,33.891148892],[130.889916355,33.891002080999996],[130.889878145,33.890942721],[130.889517665,33.891134441],[130.887986472,33.888778802],[130.888139468,33.888916640000005],[130.888289831,33.888853387],[130.888246057,33.88878219800001],[130.887804254,33.888489225],[130.888483995,33.887775026999996],[130.888862503,33.887614414],[130.889271245,33.887627224999996],[130.889260454,33.88812591],[130.889299429,33.88776335099999],[130.891214812,33.88777664],[130.891212802,33.887639775],[130.89154700400002,33.88764169400001],[130.891973567,33.888003982],[130.89158144,33.888356],[130.889262283,33.888378550000006],[130.891593502,33.888392162],[130.891999702,33.888026099],[130.893764994,33.890692775],[130.893958392,33.890628946],[130.8943038,33.891167694],[130.894146005,33.891215532],[130.894024086,33.891106054],[130.894245499,33.89146491900001],[130.894191089,33.89131402700001],[130.894341894,33.89122694600001],[130.89462386478624,33.891666666666666],[130.89997124476886,33.89166666666667],[130.899379728,33.890733919],[130.9,33.890744135000006],[130.9,33.88333333333333]]]}},{"type":"Feature","id":"40100:50306762","properties":{"id":"40100:50306762","meshCode":"50306762","cityCode":"40100","city":"北九州市","lat":33.8874298,"lon":130.9063456,"areaKm2":1.049124,"populated2020":true,"population2020":7268.4146,"populationNote":"収録500mメッシュ人口の合算（原典収録外は補完しない）"},"geometry":{"type":"Polygon","coordinates":[[[130.9125,33.88333333333333],[130.9,33.88333333333333],[130.9,33.890744135000006],[130.90115655,33.890760054],[130.90301352731558,33.891666666666666],[130.9125,33.89166666666667],[130.9125,33.88333333333333]]]}},{"type":"Feature","id":"40100:50306763","properties":{"id":"40100:50306763","meshCode":"50306763","cityCode":"40100","city":"北九州市","lat":33.8875,"lon":130.91875,"areaKm2":1.0686254,"populated2020":true,"population2020":4525.1988,"populationNote":"収録500mメッシュ人口の合算（原典収録外は補完しない）"},"geometry":{"type":"Polygon","coordinates":[[[130.925,33.88333333333333],[130.9125,33.88333333333333],[130.9125,33.89166666666667],[130.925,33.89166666666667],[130.925,33.88333333333333]]]}},{"type":"Feature","id":"40100:50306764","properties":{"id":"40100:50306764","meshCode":"50306764","cityCode":"40100","city":"北九州市","lat":33.8875,"lon":130.93125,"areaKm2":1.068625,"populated2020":true,"population2020":6687.4778,"populationNote":"収録500mメッシュ人口の合算（原典収録外は補完しない）"},"geometry":{"type":"Polygon","coordinates":[[[130.9375,33.88333333333333],[130.925,33.88333333333333],[130.925,33.89166666666667],[130.9375,33.89166666666667],[130.9375,33.88333333333333]]]}},{"type":"Feature","id":"40100:50306765","properties":{"id":"40100:50306765","meshCode":"50306765","cityCode":"40100","city":"北九州市","lat":33.8875,"lon":130.94375,"areaKm2":1.0686248,"populated2020":true,"population2020":60.7656,"populationNote":"収録500mメッシュ人口の合算（原典収録外は補完しない）"},"geometry":{"type":"Polygon","coordinates":[[[130.95,33.88333333333333],[130.9375,33.88333333333333],[130.9375,33.89166666666667],[130.95,33.89166666666668],[130.95,33.88333333333333]]]}},{"type":"Feature","id":"40100:50306766","properties":{"id":"40100:50306766","meshCode":"50306766","cityCode":"40100","city":"北九州市","lat":33.8875,"lon":130.95625,"areaKm2":1.0686244,"populated2020":false,"population2020":null,"populationNote":"境界またぎ・収録外等のため人口未集計"},"geometry":{"type":"Polygon","coordinates":[[[130.9625,33.88333333333333],[130.95,33.88333333333333],[130.95,33.89166666666668],[130.9625,33.891666666666666],[130.9625,33.88333333333333]]]}},{"type":"Feature","id":"40100:50306767","properties":{"id":"40100:50306767","meshCode":"50306767","cityCode":"40100","city":"北九州市","lat":33.8875,"lon":130.96875,"areaKm2":1.0686242,"populated2020":true,"population2020":663.3995,"populationNote":"収録500mメッシュ人口の合算（原典収録外は補完しない）"},"geometry":{"type":"Polygon","coordinates":[[[130.975,33.88333333333333],[130.9625,33.88333333333333],[130.9625,33.891666666666666],[130.975,33.89166666666668],[130.975,33.88333333333333]]]}},{"type":"Feature","id":"40100:50306768","properties":{"id":"40100:50306768","meshCode":"50306768","cityCode":"40100","city":"北九州市","lat":33.8875064,"lon":130.9812402,"areaKm2":1.0669007,"populated2020":true,"population2020":254.3371,"populationNote":"収録500mメッシュ人口の合算（原典収録外は補完しない）"},"geometry":{"type":"Polygon","coordinates":[[[130.9875,33.88370315973456],[130.98722435800016,33.88379827900007],[130.98699652416335,33.88333333333333],[130.975,33.88333333333333],[130.975,33.89166666666668],[130.9875,33.89166666666667],[130.9875,33.88370315973456]]]}},{"type":"Feature","id":"40100:50306769","properties":{"id":"40100:50306769","meshCode":"50306769","cityCode":"40100","city":"北九州市","lat":33.887833,"lon":130.9938874,"areaKm2":0.9648592,"populated2020":false,"population2020":null,"populationNote":"境界またぎ・収録外等のため人口未集計"},"geometry":{"type":"Polygon","coordinates":[[[130.99108075200002,33.885852919000115],[130.99090155600015,33.88560944100005],[130.99054499399995,33.88562700000001],[130.99039450099997,33.88378613499997],[130.99003786000014,33.88380819800011],[130.9899996110269,33.88333333333333],[130.98813357999157,33.88333333333333],[130.9881296890001,33.88348586500002],[130.9875,33.88370315973456],[130.9875,33.89166666666667],[131.0,33.89166666666667],[131.0,33.88333333333333],[130.99471535709282,33.883333333333326],[130.995195772,33.88506133299996],[130.99108075200002,33.885852919000115]]]}},{"type":"Feature","id":"40100:50316060","properties":{"id":"40100:50316060","meshCode":"50316060","cityCode":"40100","city":"北九州市","lat":33.8873953,"lon":131.0015735,"areaKm2":0.2516525,"populated2020":false,"population2020":null,"populationNote":"境界またぎ・収録外等のため人口未集計"},"geometry":{"type":"Polygon","coordinates":[[[131.00465084300004,33.891534459],[131.00238032409192,33.88333333333333],[131.0,33.88333333333333],[131.0,33.89166666666667],[131.00191427990757,33.89166666666667],[131.001572425,33.890245739],[131.002088106,33.890135369],[131.002090402,33.889911936999994],[131.004027782,33.889539514],[131.004579053,33.891514261],[131.00436417652878,33.891666666666666],[131.00465084300004,33.891534459]]]}},{"type":"Feature","id":"40100:50306574","properties":{"id":"40100:50306574","meshCode":"50306574","cityCode":"40100","city":"北九州市","lat":33.8959865,"lon":130.6859267,"areaKm2":0.255462,"populated2020":true,"population2020":null,"populationNote":"境界またぎ・収録外等のため人口未集計"},"geometry":{"type":"MultiPolygon","coordinates":[[[[130.6841114787931,33.891666666666666],[130.685228612,33.893359721],[130.684701388,33.893721946],[130.684154163,33.894385559],[130.684045837,33.89456444100001],[130.684071115,33.89490166699999],[130.68455,33.895463892000016],[130.684883891,33.896247225],[130.684917497,33.896645558999985],[130.685455279,33.89721666700001],[130.68551917,33.89775361299999],[130.685407782,33.898056946],[130.685061388,33.89842555900001],[130.684814994,33.898360279],[130.684606394,33.898084162],[130.68441917,33.898025279],[130.683938885,33.89818527900001],[130.683770558,33.898538333],[130.68413055800002,33.899272495000005],[130.684023333,33.899582224999996],[130.683948612,33.89962416200001],[130.683365279,33.899419721],[130.682985837,33.899387495],[130.682824449,33.899786108],[130.682530272,33.900000000000006],[130.6875,33.89999999999999],[130.6875,33.89166666666667],[130.6841114787931,33.891666666666666]]],[[[130.682019442,33.899954441000006],[130.681845227,33.9],[130.682297004,33.900000000000006],[130.682019442,33.899954441000006]]]]}},{"type":"Feature","id":"40100:50306575","properties":{"id":"40100:50306575","meshCode":"50306575","cityCode":"40100","city":"北九州市","lat":33.8958333,"lon":130.69375,"areaKm2":1.0685428,"populated2020":true,"population2020":4109.8219,"populationNote":"収録500mメッシュ人口の合算（原典収録外は補完しない）"},"geometry":{"type":"Polygon","coordinates":[[[130.7,33.89166666666668],[130.6875,33.89166666666667],[130.6875,33.89999999999999],[130.7,33.900000000000006],[130.7,33.89166666666668]]]}},{"type":"Feature","id":"40100:50306576","properties":{"id":"40100:50306576","meshCode":"50306576","cityCode":"40100","city":"北九州市","lat":33.8958333,"lon":130.70625,"areaKm2":1.0685409,"populated2020":true,"population2020":2226.6978,"populationNote":"収録500mメッシュ人口の合算（原典収録外は補完しない）"},"geometry":{"type":"Polygon","coordinates":[[[130.7125,33.89166666666667],[130.7,33.89166666666668],[130.7,33.900000000000006],[130.7125,33.900000000000006],[130.7125,33.89166666666667]]]}},{"type":"Feature","id":"40100:50306577","properties":{"id":"40100:50306577","meshCode":"50306577","cityCode":"40100","city":"北九州市","lat":33.8958333,"lon":130.71875,"areaKm2":1.0685392,"populated2020":true,"population2020":4859.3551,"populationNote":"収録500mメッシュ人口の合算（原典収録外は補完しない）"},"geometry":{"type":"Polygon","coordinates":[[[130.725,33.891666666666666],[130.7125,33.89166666666667],[130.7125,33.900000000000006],[130.725,33.9],[130.725,33.891666666666666]]]}},{"type":"Feature","id":"40100:50306578","properties":{"id":"40100:50306578","meshCode":"50306578","cityCode":"40100","city":"北九州市","lat":33.8958333,"lon":130.73125,"areaKm2":1.0685379,"populated2020":true,"population2020":3112.3472,"populationNote":"収録500mメッシュ人口の合算（原典収録外は補完しない）"},"geometry":{"type":"Polygon","coordinates":[[[130.7375,33.891666666666666],[130.725,33.891666666666666],[130.725,33.9],[130.7375,33.9],[130.7375,33.891666666666666]]]}},{"type":"Feature","id":"40100:50306579","properties":{"id":"40100:50306579","meshCode":"50306579","cityCode":"40100","city":"北九州市","lat":33.8958333,"lon":130.74375,"areaKm2":1.0685364,"populated2020":true,"population2020":5236.0368,"populationNote":"収録500mメッシュ人口の合算（原典収録外は補完しない）"},"geometry":{"type":"Polygon","coordinates":[[[130.75,33.89166666666667],[130.7375,33.891666666666666],[130.7375,33.9],[130.75,33.9],[130.75,33.89166666666667]]]}},{"type":"Feature","id":"40100:50306670","properties":{"id":"40100:50306670","meshCode":"50306670","cityCode":"40100","city":"北九州市","lat":33.8958333,"lon":130.75625,"areaKm2":1.0685348,"populated2020":true,"population2020":819.2622,"populationNote":"収録500mメッシュ人口の合算（原典収録外は補完しない）"},"geometry":{"type":"Polygon","coordinates":[[[130.7625,33.89166666666667],[130.75,33.89166666666667],[130.75,33.9],[130.7625,33.9],[130.7625,33.89166666666667]]]}},{"type":"Feature","id":"40100:50306671","properties":{"id":"40100:50306671","meshCode":"50306671","cityCode":"40100","city":"北九州市","lat":33.8958333,"lon":130.76875,"areaKm2":1.0685336,"populated2020":true,"population2020":1979.4659,"populationNote":"収録500mメッシュ人口の合算（原典収録外は補完しない）"},"geometry":{"type":"Polygon","coordinates":[[[130.775,33.89166666666667],[130.7625,33.89166666666667],[130.7625,33.9],[130.775,33.9],[130.775,33.89166666666667]]]}},{"type":"Feature","id":"40100:50306672","properties":{"id":"40100:50306672","meshCode":"50306672","cityCode":"40100","city":"北九州市","lat":33.8958602,"lon":130.7812463,"areaKm2":1.0612872,"populated2020":true,"population2020":2562.6927,"populationNote":"収録500mメッシュ人口の合算（原典収録外は補完しない）"},"geometry":{"type":"Polygon","coordinates":[[[130.78131717299993,33.892060532000066],[130.78073408599994,33.892113306],[130.78068603096415,33.89166666666667],[130.77915961096934,33.89166666666667],[130.77917461699997,33.891880135],[130.77869447500018,33.89189372100004],[130.77867102496555,33.891666666666666],[130.775,33.89166666666667],[130.775,33.9],[130.7875,33.9],[130.7875,33.89166666666668],[130.78345496796473,33.89166666666668],[130.78351622600007,33.892246720999935],[130.78297427999996,33.89227766700003],[130.782859493966,33.891666666666666],[130.7812752529645,33.89166666666667],[130.78131717299993,33.892060532000066]]]}},{"type":"Feature","id":"40100:50306673","properties":{"id":"40100:50306673","meshCode":"50306673","cityCode":"40100","city":"北九州市","lat":33.8958486,"lon":130.7937272,"areaKm2":1.0644,"populated2020":true,"population2020":2927.5701,"populationNote":"収録500mメッシュ人口の合算（原典収録外は補完しない）"},"geometry":{"type":"Polygon","coordinates":[[[130.8,33.892442973000016],[130.79886692546896,33.89166666666667],[130.7875,33.89166666666668],[130.7875,33.9],[130.8,33.9],[130.8,33.892442973000016]]]}},{"type":"Feature","id":"40100:50306674","properties":{"id":"40100:50306674","meshCode":"50306674","cityCode":"40100","city":"北九州市","lat":33.8935026,"lon":130.810066,"areaKm2":0.4799185,"populated2020":true,"population2020":2805.5638,"populationNote":"収録500mメッシュ人口の合算（原典収録外は補完しない）"},"geometry":{"type":"MultiPolygon","coordinates":[[[[130.8057440339889,33.891666666666666],[130.80588880699997,33.89224477500001],[130.806079222,33.89252666700003],[130.80651756200007,33.89289322500014],[130.80691593999995,33.89309986500001],[130.80693070000007,33.893178252000034],[130.81053880700017,33.894846918999974],[130.81063364500017,33.89513910800007],[130.8125,33.89589131317254],[130.8125,33.891666666666666],[130.8057440339889,33.891666666666666]]],[[[130.807462387,33.89973802700002],[130.8,33.892442973000016],[130.8,33.9],[130.8078713100001,33.9],[130.80762797700015,33.89981094600012],[130.808480389,33.899248748000105],[130.80973586300013,33.9],[130.80997165999997,33.9],[130.80843805400013,33.89908361300007],[130.807462387,33.89973802700002]]]]}},{"type":"Feature","id":"40100:50306675","properties":{"id":"40100:50306675","meshCode":"50306675","cityCode":"40100","city":"北九州市","lat":33.8955415,"lon":130.8193188,"areaKm2":0.9537737,"populated2020":true,"population2020":7998.9516,"populationNote":"収録500mメッシュ人口の合算（原典収録外は補完しない）"},"geometry":{"type":"Polygon","coordinates":[[[130.825,33.89166666666667],[130.8125,33.891666666666666],[130.8125,33.89589131317254],[130.81606007799996,33.89735300000013],[130.8155284180001,33.89813194600009],[130.81581946799997,33.899742928000144],[130.81579243800002,33.89999999999999],[130.81585723700016,33.89977944100008],[130.81631221800012,33.9],[130.825,33.9],[130.825,33.89166666666667]]]}},{"type":"Feature","id":"40100:50306676","properties":{"id":"40100:50306676","meshCode":"50306676","cityCode":"40100","city":"北九州市","lat":33.8958333,"lon":130.83125,"areaKm2":1.0685279,"populated2020":true,"population2020":12253.2297,"populationNote":"収録500mメッシュ人口の合算（原典収録外は補完しない）"},"geometry":{"type":"Polygon","coordinates":[[[130.8375,33.89166666666667],[130.825,33.89166666666667],[130.825,33.9],[130.8375,33.9],[130.8375,33.89166666666667]]]}},{"type":"Feature","id":"40100:50306677","properties":{"id":"40100:50306677","meshCode":"50306677","cityCode":"40100","city":"北九州市","lat":33.8958333,"lon":130.84375,"areaKm2":1.068528,"populated2020":true,"population2020":9674.5506,"populationNote":"収録500mメッシュ人口の合算（原典収録外は補完しない）"},"geometry":{"type":"Polygon","coordinates":[[[130.85,33.891666666666666],[130.84549396886302,33.89166666666668],[130.84375,33.89166666666667],[130.8375,33.89166666666667],[130.8375,33.9],[130.85,33.9],[130.85,33.895980892000054],[130.84983073688372,33.895893565583705],[130.85,33.89598089199999],[130.85,33.891666666666666]],[[130.845493969,33.891666667],[130.845636667,33.892013891999994],[130.8457701200314,33.89229568139586],[130.845636667,33.892013892000136],[130.845493969,33.891666667]],[[130.84925666699996,33.895648333000054],[130.84907420399435,33.89556904775707],[130.84942129045206,33.89572033850677],[130.84925666699996,33.895648333000054]],[[130.84876082999995,33.895462495000125],[130.84857604262146,33.895397004135596],[130.8489693934644,33.89552773659806],[130.84876082999995,33.895462495000125]],[[130.847701388,33.895070559],[130.847861946,33.895135],[130.848191115,33.895268054],[130.84841057961793,33.895340705255755],[130.847701388,33.895070559]],[[130.846828885,33.894036108],[130.84686939779164,33.894060426239605],[130.8466248538174,33.89393189033423],[130.846828885,33.894036108]],[[130.84622693899996,33.893260559000005],[130.846176109,33.89312416199999],[130.846405415,33.893585693999995],[130.84622693899996,33.893260559000005]],[[130.84616250299996,33.89308777500008],[130.84615648368435,33.89307139136388],[130.846176109,33.89312416199999],[130.84616250299996,33.89308777500008]],[[130.84609166,33.892897225],[130.84609166000004,33.892897225000084],[130.84603015384462,33.89278890977208],[130.84609166,33.892897225]],[[130.84899277599993,33.89907027899999],[130.8490101180891,33.899042734641185],[130.8489625116332,33.89917450002772],[130.84899277599993,33.89907027899999]],[[130.84924944199997,33.89866472100005],[130.84924971764178,33.89866430612505],[130.8492460061818,33.89867013215008],[130.84924944199997,33.89866472100005]]]}},{"type":"Feature","id":"40100:50306678","properties":{"id":"40100:50306678","meshCode":"50306678","cityCode":"40100","city":"北九州市","lat":33.8958333,"lon":130.85625,"areaKm2":1.0685262,"populated2020":true,"population2020":4665.7493,"populationNote":"収録500mメッシュ人口の合算（原典収録外は補完しない）"},"geometry":{"type":"Polygon","coordinates":[[[130.8625,33.891666666666666],[130.85,33.891666666666666],[130.85,33.9],[130.8625,33.9],[130.8625,33.891666666666666]],[[130.850376394,33.896997775],[130.85032743552944,33.897069798284384],[130.850376394,33.89699777499996],[130.850376394,33.896997775]]]}},{"type":"Feature","id":"40100:50306679","properties":{"id":"40100:50306679","meshCode":"50306679","cityCode":"40100","city":"北九州市","lat":33.8950663,"lon":130.8679299,"areaKm2":0.8101723,"populated2020":true,"population2020":355.8385,"populationNote":"収録500mメッシュ人口の合算（原典収録外は補完しない）"},"geometry":{"type":"MultiPolygon","coordinates":[[[[130.86753345,33.89850430600001],[130.87400372200003,33.894922306],[130.874650311,33.895429694],[130.873569948,33.897130333],[130.875,33.897761775000006],[130.875,33.891666666666666],[130.8625,33.891666666666666],[130.8625,33.9],[130.866407665,33.900000000000006],[130.865940856,33.899382108],[130.866666667,33.898007306000004],[130.86702856,33.898454613000006],[130.867260636,33.898571720999996],[130.86753345,33.89850430600001]]],[[[130.870045953,33.89970957700001],[130.87008262,33.899791306],[130.869455422,33.89999999999999],[130.872444578,33.89999999999999],[130.871044462,33.899376207],[130.870045953,33.89970957700001]]]]}},{"type":"Feature","id":"40100:50306770","properties":{"id":"40100:50306770","meshCode":"50306770","cityCode":"40100","city":"北九州市","lat":33.8961198,"lon":130.8807721,"areaKm2":0.7765134,"populated2020":false,"population2020":null,"populationNote":"境界またぎ・収録外等のため人口未集計"},"geometry":{"type":"MultiPolygon","coordinates":[[[[130.881506589,33.891918027],[130.883724799,33.891951099],[130.883723152,33.892082441],[130.88380671900003,33.892085108],[130.883811608,33.891951631],[130.884633696,33.891966162],[130.885002529,33.892507387],[130.885782412,33.892971198000005],[130.885704968,33.893066252],[130.885336809,33.892836252],[130.885277691,33.892908613],[130.885716005,33.893152802],[130.88583869,33.893002360000004],[130.886265227,33.893237721],[130.886355966,33.892977865],[130.8875,33.893264782746975],[130.8875,33.891666666666666],[130.88142910489725,33.89166666666667],[130.881506589,33.891918027]]],[[[130.87953428,33.891800865],[130.87921089450094,33.891666666666666],[130.875,33.891666666666666],[130.875,33.897761775000006],[130.878715032,33.899402108],[130.879184332,33.89898836],[130.880473113,33.9],[130.8875,33.9],[130.8875,33.89617060637486],[130.884125772,33.896110586],[130.880754306,33.893395333],[130.87953428,33.891800865]]]]}},{"type":"Feature","id":"40100:50306771","properties":{"id":"40100:50306771","meshCode":"50306771","cityCode":"40100","city":"北九州市","lat":33.8980957,"lon":130.889923,"areaKm2":0.2903554,"populated2020":false,"population2020":null,"populationNote":"境界またぎ・収録外等のため人口未集計"},"geometry":{"type":"MultiPolygon","coordinates":[[[[130.888147912,33.893310225],[130.88796083,33.89325353200001],[130.888001089,33.893140586],[130.889964358,33.89359846800001],[130.889977497,33.893141279],[130.892549027,33.89318944099999],[130.892631025,33.893256225],[130.894017756,33.893590306],[130.894038807,33.893539829],[130.892639364,33.89324108099999],[130.891289442,33.892081225],[130.891344968,33.89202941400001],[130.890091167,33.892007667],[130.8898672497811,33.89166666666667],[130.8875,33.891666666666666],[130.8875,33.893264782746975],[130.888109611,33.893417468],[130.888147912,33.893310225]]],[[[130.894507224,33.891839387],[130.894697134,33.892137],[130.898203645,33.892189559],[130.898875136,33.893214892],[130.9,33.893734775000006],[130.9,33.89167246800001],[130.89462386478624,33.891666666666666],[130.894660895,33.891724387000004],[130.894507224,33.891839387]]],[[[130.893047082,33.896266694],[130.8875,33.89617060637486],[130.8875,33.9],[130.890157977,33.900000000000006],[130.893025188,33.897504559],[130.893047082,33.896266694]]]]}},{"type":"Feature","id":"40100:50306772","properties":{"id":"40100:50306772","meshCode":"50306772","cityCode":"40100","city":"北九州市","lat":33.8931301,"lon":130.9075635,"areaKm2":0.2910943,"populated2020":true,"population2020":63.3207,"populationNote":"収録500mメッシュ人口の合算（原典収録外は補完しない）"},"geometry":{"type":"MultiPolygon","coordinates":[[[[130.900676835,33.894047586],[130.903920636,33.894053225],[130.902386861,33.894032720999995],[130.90169358,33.891693865],[130.9,33.89167246800001],[130.9,33.893734775000006],[130.900676835,33.894047586]]],[[[130.90301352731558,33.891666666666666],[130.904243671,33.892317721],[130.904379637,33.892260666999995],[130.904946355,33.892389054],[130.905482892,33.894208081],[130.9125,33.89535682316938],[130.9125,33.89166666666667],[130.90301352731558,33.891666666666666]]]]}},{"type":"Feature","id":"40100:50306773","properties":{"id":"40100:50306773","meshCode":"50306773","cityCode":"40100","city":"北九州市","lat":33.8948281,"lon":130.9197747,"areaKm2":0.7458028,"populated2020":true,"population2020":1871.7613,"populationNote":"収録500mメッシュ人口の合算（原典収録外は補完しない）"},"geometry":{"type":"Polygon","coordinates":[[[130.9125,33.89535682316938],[130.91708966300007,33.89610086500001],[130.920557004,33.89860789200003],[130.91994824900007,33.89813169400008],[130.9206064980001,33.89745941400003],[130.92177713400008,33.898314360000086],[130.92106418900005,33.898975892000124],[130.92248338499996,33.900000000000006],[130.925,33.900000000000006],[130.925,33.89166666666667],[130.9125,33.89166666666667],[130.9125,33.89535682316938]]]}},{"type":"Feature","id":"40100:50306774","properties":{"id":"40100:50306774","meshCode":"50306774","cityCode":"40100","city":"北九州市","lat":33.8958333,"lon":130.93125,"areaKm2":1.0685226,"populated2020":true,"population2020":9912.0079,"populationNote":"収録500mメッシュ人口の合算（原典収録外は補完しない）"},"geometry":{"type":"Polygon","coordinates":[[[130.9375,33.89166666666667],[130.925,33.89166666666667],[130.925,33.900000000000006],[130.9375,33.89999999999999],[130.9375,33.89166666666667]]]}},{"type":"Feature","id":"40100:50306775","properties":{"id":"40100:50306775","meshCode":"50306775","cityCode":"40100","city":"北九州市","lat":33.8958333,"lon":130.94375,"areaKm2":1.0685222,"populated2020":true,"population2020":668.202,"populationNote":"収録500mメッシュ人口の合算（原典収録外は補完しない）"},"geometry":{"type":"Polygon","coordinates":[[[130.95,33.89166666666668],[130.9375,33.89166666666667],[130.9375,33.89999999999999],[130.95,33.9],[130.95,33.89166666666668]]]}},{"type":"Feature","id":"40100:50306776","properties":{"id":"40100:50306776","meshCode":"50306776","cityCode":"40100","city":"北九州市","lat":33.8958333,"lon":130.95625,"areaKm2":1.068522,"populated2020":true,"population2020":266.8557,"populationNote":"収録500mメッシュ人口の合算（原典収録外は補完しない）"},"geometry":{"type":"Polygon","coordinates":[[[130.9625,33.891666666666666],[130.95,33.89166666666668],[130.95,33.9],[130.9625,33.9],[130.9625,33.891666666666666]]]}},{"type":"Feature","id":"40100:50306777","properties":{"id":"40100:50306777","meshCode":"50306777","cityCode":"40100","city":"北九州市","lat":33.8958333,"lon":130.96875,"areaKm2":1.0685217,"populated2020":true,"population2020":64.7385,"populationNote":"収録500mメッシュ人口の合算（原典収録外は補完しない）"},"geometry":{"type":"Polygon","coordinates":[[[130.975,33.89166666666668],[130.9625,33.891666666666666],[130.9625,33.9],[130.975,33.900000000000006],[130.975,33.89166666666668]]]}},{"type":"Feature","id":"40100:50306778","properties":{"id":"40100:50306778","meshCode":"50306778","cityCode":"40100","city":"北九州市","lat":33.8958314,"lon":130.9812471,"areaKm2":1.068015,"populated2020":true,"population2020":479.7014,"populationNote":"収録500mメッシュ人口の合算（原典収録外は補完しない）"},"geometry":{"type":"Polygon","coordinates":[[[130.9875,33.89166666666667],[130.975,33.89166666666668],[130.975,33.900000000000006],[130.98727549900002,33.900000000000006],[130.9872085600001,33.89995625200004],[130.9875,33.89970841557662],[130.9875,33.89166666666667]]]}},{"type":"Feature","id":"40100:50306779","properties":{"id":"40100:50306779","meshCode":"50306779","cityCode":"40100","city":"北九州市","lat":33.8936673,"lon":130.9916362,"areaKm2":0.3354115,"populated2020":false,"population2020":null,"populationNote":"境界またぎ・収録外等のため人口未集計"},"geometry":{"type":"MultiPolygon","coordinates":[[[[130.99264107700014,33.893852189000086],[131.0,33.892478360000034],[131.0,33.89166666666667],[130.9875,33.89166666666667],[130.9875,33.89970841557662],[130.9878914400001,33.899488000000005],[130.98844778199998,33.89932991900003],[130.9890397800001,33.89928291900003],[130.98979697800007,33.89937041400009],[130.98992557700012,33.898802676],[130.98976439700016,33.8987726310001],[130.98964639400003,33.89918710799998],[130.98874813199996,33.899140774999985],[130.98850807999997,33.89881758599996],[130.98836429300013,33.89712727900002],[130.98840652399997,33.896700711999976],[130.98867331999998,33.89639198200001],[130.98879884600012,33.895954216],[130.98906844399994,33.895596459],[130.98965931299995,33.89520448600001],[130.99054732800016,33.89583010800005],[130.990434112,33.89631745899999],[130.99058892300013,33.89634520700014],[130.99067250300016,33.89604741400012],[130.99087710800006,33.89577919800013],[130.98912341100004,33.89463722500005],[130.99183664099996,33.894131081000076],[130.992121946,33.89433180200007],[130.99233693899998,33.894952225],[130.9929150580001,33.894893829000125],[130.99369105100016,33.894560000000126],[130.99355581099996,33.89446802700008],[130.99296374800008,33.89438577499998],[130.992895966,33.89433310800001],[130.992907328,33.89411158599995],[130.99272019500006,33.89412853200014],[130.99264107700014,33.893852189000086]]],[[[130.990065305,33.898066405],[130.99022406,33.897992667],[130.990477977,33.897300126000005],[130.990448885,33.897123676],[130.990279702,33.897050333],[130.990172425,33.897171523],[130.989980013,33.897914225],[130.990065305,33.898066405]]]]}},{"type":"Feature","id":"40100:50316070","properties":{"id":"40100:50316070","meshCode":"50316070","cityCode":"40100","city":"北九州市","lat":33.8920102,"lon":131.0010675,"areaKm2":0.0136093,"populated2020":false,"population2020":null,"populationNote":"境界またぎ・収録外等のため人口未集計"},"geometry":{"type":"MultiPolygon","coordinates":[[[[131.00191428000002,33.89166666700001],[131.0,33.89166666666667],[131.0,33.892478360000034],[131.002031193,33.892088225],[131.00191428000002,33.89166666700001]]],[[[131.00444016953116,33.891666666666666],[131.002969455,33.89253965799999],[131.002879326,33.89292145000001],[131.00301022,33.892564000000014],[131.00444016953116,33.891666666666666]]],[[[131.00179594,33.892389559],[131.002364332,33.892538054000006],[131.001806524,33.892365586],[131.00179594,33.892389559]]]]}},{"type":"Feature","id":"40100:50306584","properties":{"id":"40100:50306584","meshCode":"50306584","cityCode":"40100","city":"北九州市","lat":33.904739,"lon":130.6827795,"areaKm2":0.7602349,"populated2020":true,"population2020":null,"populationNote":"境界またぎ・収録外等のため人口未集計"},"geometry":{"type":"Polygon","coordinates":[[[130.681845227,33.9],[130.681601946,33.900200829000006],[130.681288054,33.900757225],[130.681510272,33.90137277499999],[130.681468054,33.902023892],[130.681311115,33.90211],[130.68113,33.90206582900001],[130.680615279,33.901747775],[130.680225551,33.901629721000006],[130.679932776,33.901720279],[130.679415551,33.902247224999996],[130.679264163,33.902529441000006],[130.679349442,33.90272777500001],[130.679730558,33.90296500000001],[130.679895837,33.9032],[130.67991917,33.90355833300001],[130.679846667,33.903684721],[130.678464994,33.905068892],[130.676891946,33.905842495],[130.676385837,33.90633361300001],[130.675809728,33.90653638700001],[130.675468612,33.906783613],[130.675208612,33.90724861300001],[130.675164449,33.90751749500001],[130.675276939,33.907995],[130.67637275071337,33.908333333333324],[130.6875,33.908333333333324],[130.6875,33.89999999999999],[130.681845227,33.9]]]}},{"type":"Feature","id":"40100:50306585","properties":{"id":"40100:50306585","meshCode":"50306585","cityCode":"40100","city":"北九州市","lat":33.9041667,"lon":130.69375,"areaKm2":1.0684401,"populated2020":true,"population2020":1504.9766,"populationNote":"収録500mメッシュ人口の合算（原典収録外は補完しない）"},"geometry":{"type":"Polygon","coordinates":[[[130.7,33.900000000000006],[130.6875,33.89999999999999],[130.6875,33.908333333333324],[130.7,33.90833333333333],[130.7,33.900000000000006]]]}},{"type":"Feature","id":"40100:50306586","properties":{"id":"40100:50306586","meshCode":"50306586","cityCode":"40100","city":"北九州市","lat":33.9041667,"lon":130.70625,"areaKm2":1.0684384,"populated2020":true,"population2020":453.2385,"populationNote":"収録500mメッシュ人口の合算（原典収録外は補完しない）"},"geometry":{"type":"Polygon","coordinates":[[[130.7125,33.900000000000006],[130.7,33.900000000000006],[130.7,33.90833333333333],[130.7125,33.908333333333324],[130.7125,33.900000000000006]]]}},{"type":"Feature","id":"40100:50306587","properties":{"id":"40100:50306587","meshCode":"50306587","cityCode":"40100","city":"北九州市","lat":33.9041667,"lon":130.71875,"areaKm2":1.0684368,"populated2020":true,"population2020":219.8468,"populationNote":"収録500mメッシュ人口の合算（原典収録外は補完しない）"},"geometry":{"type":"Polygon","coordinates":[[[130.725,33.9],[130.7125,33.900000000000006],[130.7125,33.908333333333324],[130.725,33.908333333333324],[130.725,33.9]]]}},{"type":"Feature","id":"40100:50306588","properties":{"id":"40100:50306588","meshCode":"50306588","cityCode":"40100","city":"北九州市","lat":33.9041667,"lon":130.73125,"areaKm2":1.0684352,"populated2020":true,"population2020":350.2898,"populationNote":"収録500mメッシュ人口の合算（原典収録外は補完しない）"},"geometry":{"type":"Polygon","coordinates":[[[130.7375,33.9],[130.725,33.9],[130.725,33.908333333333324],[130.7375,33.90833333333333],[130.7375,33.9]]]}},{"type":"Feature","id":"40100:50306589","properties":{"id":"40100:50306589","meshCode":"50306589","cityCode":"40100","city":"北九州市","lat":33.9041667,"lon":130.74375,"areaKm2":1.0684339,"populated2020":true,"population2020":1991.2609,"populationNote":"収録500mメッシュ人口の合算（原典収録外は補完しない）"},"geometry":{"type":"Polygon","coordinates":[[[130.75,33.9],[130.7375,33.9],[130.7375,33.90833333333333],[130.75,33.908333333333324],[130.75,33.9]]]}},{"type":"Feature","id":"40100:50306680","properties":{"id":"40100:50306680","meshCode":"50306680","cityCode":"40100","city":"北九州市","lat":33.9041667,"lon":130.75625,"areaKm2":1.0684324,"populated2020":false,"population2020":null,"populationNote":"境界またぎ・収録外等のため人口未集計"},"geometry":{"type":"Polygon","coordinates":[[[130.7625,33.9],[130.75,33.9],[130.75,33.908333333333324],[130.7625,33.908333333333324],[130.7625,33.9]]]}},{"type":"Feature","id":"40100:50306681","properties":{"id":"40100:50306681","meshCode":"50306681","cityCode":"40100","city":"北九州市","lat":33.9041667,"lon":130.76875,"areaKm2":1.0684311,"populated2020":true,"population2020":30.2653,"populationNote":"収録500mメッシュ人口の合算（原典収録外は補完しない）"},"geometry":{"type":"Polygon","coordinates":[[[130.775,33.9],[130.7625,33.9],[130.7625,33.908333333333324],[130.775,33.908333333333324],[130.775,33.9]]]}},{"type":"Feature","id":"40100:50306682","properties":{"id":"40100:50306682","meshCode":"50306682","cityCode":"40100","city":"北九州市","lat":33.9041667,"lon":130.78125,"areaKm2":1.0684298,"populated2020":true,"population2020":34.2938,"populationNote":"収録500mメッシュ人口の合算（原典収録外は補完しない）"},"geometry":{"type":"Polygon","coordinates":[[[130.7875,33.9],[130.775,33.9],[130.775,33.908333333333324],[130.7875,33.90833333333333],[130.7875,33.9]]]}},{"type":"Feature","id":"40100:50306683","properties":{"id":"40100:50306683","meshCode":"50306683","cityCode":"40100","city":"北九州市","lat":33.9041667,"lon":130.79375,"areaKm2":1.0684286,"populated2020":true,"population2020":2219.4316,"populationNote":"収録500mメッシュ人口の合算（原典収録外は補完しない）"},"geometry":{"type":"Polygon","coordinates":[[[130.8,33.9],[130.7875,33.9],[130.7875,33.90833333333333],[130.8,33.908333333333324],[130.8,33.9]]]}},{"type":"Feature","id":"40100:50306684","properties":{"id":"40100:50306684","meshCode":"50306684","cityCode":"40100","city":"北九州市","lat":33.9043625,"lon":130.8059819,"areaKm2":1.0097581,"populated2020":true,"population2020":5128.637,"populationNote":"収録500mメッシュ人口の合算（原典収録外は補完しない）"},"geometry":{"type":"MultiPolygon","coordinates":[[[[130.81034535699996,33.9002232520001],[130.81029897500002,33.90012489200012],[130.80997165999997,33.9],[130.80973586300013,33.9],[130.81027119300018,33.90032033300008],[130.81034535699996,33.9002232520001]]],[[[130.8,33.9],[130.8,33.908333333333324],[130.8125,33.90833333333333],[130.8125,33.90203669922678],[130.811577198,33.90192489200001],[130.8113962000001,33.901773414000104],[130.81122416300002,33.90172355900001],[130.81108433200006,33.90178033300009],[130.81071189399995,33.90166119800005],[130.80985121899994,33.90124113500002],[130.8078713100001,33.9],[130.8,33.9]]]]}},{"type":"Feature","id":"40100:50306685","properties":{"id":"40100:50306685","meshCode":"50306685","cityCode":"40100","city":"北九州市","lat":33.9045166,"lon":130.8208961,"areaKm2":0.5274485,"populated2020":true,"population2020":2011.7374,"populationNote":"収録500mメッシュ人口の合算（原典収録外は補完しない）"},"geometry":{"type":"MultiPolygon","coordinates":[[[[130.81579517500006,33.90033114399994],[130.81583242500005,33.9],[130.81575600500014,33.90034641400001],[130.816227626,33.90061237799995],[130.81579517500006,33.90033114399994]]],[[[130.81656002599993,33.900502153],[130.81618677000017,33.90035210800011],[130.81659572000012,33.900556847000075],[130.81646002600007,33.9007435590001],[130.81753169900014,33.901346892],[130.81651496799998,33.90073544100011],[130.81678581100005,33.900350198000126],[130.817398885,33.90065658600008],[130.81732686100008,33.900756559000115],[130.81741391700018,33.90080205400006],[130.817497173,33.900707946000075],[130.81737114099997,33.90088610800006],[130.81751247700015,33.90099008100003],[130.81741496799998,33.90087246799999],[130.81754975399997,33.90069072099999],[130.81810968900004,33.90096716200003],[130.81816530499998,33.901154333000136],[130.81805347599993,33.90132774800003],[130.81771394299994,33.90122238700008],[130.818173839,33.901416999999995],[130.8183821140001,33.901152054000015],[130.818754916,33.90127241400006],[130.81882761299994,33.901409864999955],[130.81893577200003,33.90138872099998],[130.81895944200005,33.90144422499998],[130.81894124500013,33.90176010800007],[130.8199601690002,33.90217591900011],[130.82000150500005,33.902102946000014],[130.82019832700018,33.902187441000024],[130.82015654999998,33.902256360000074],[130.82104830100002,33.90262182900006],[130.81937038900003,33.90500753200001],[130.81972491600015,33.9068837210001],[130.82025610899996,33.907118666999956],[130.82275980500003,33.90361033300014],[130.82385516199997,33.90655953200001],[130.82399549900015,33.90662636000001],[130.8227936447674,33.90833333333333],[130.825,33.908333333333324],[130.825,33.9],[130.81631221800012,33.9],[130.81676284000005,33.900218441],[130.81656002599993,33.900502153]]],[[[130.818404527,33.901857081],[130.818184112,33.901933387],[130.818442918,33.902312919],[130.818609339,33.90220982900001],[130.818404527,33.901857081]]],[[[130.81508888500002,33.90384195500013],[130.81507102499995,33.903244775000076],[130.81497022000008,33.90291372100006],[130.81452980500012,33.90226633300012],[130.81433308700002,33.90217882899998],[130.81287588800012,33.9020896130001],[130.81278160800014,33.90198994600007],[130.81260128400015,33.901972252000064],[130.8125,33.90203669922678],[130.8125,33.90833333333333],[130.81554924807318,33.908333333333324],[130.81560355400006,33.90827677500005],[130.814925357,33.9053061350001],[130.81544444899998,33.90523387400009],[130.815441245,33.90468718000001],[130.81532760100004,33.904688468000074],[130.81532747100005,33.90515508999994],[130.81457988299996,33.905251054000075],[130.814395914,33.904668441000126],[130.81439561599996,33.904608748000044],[130.81470527900012,33.904564747999984],[130.81485858600004,33.904686613000024],[130.81482769100012,33.90451797300012],[130.81489966300003,33.904491387],[130.81508888500002,33.90384195500013]]]]}},{"type":"Feature","id":"40100:50306686","properties":{"id":"40100:50306686","meshCode":"50306686","cityCode":"40100","city":"北九州市","lat":33.9041667,"lon":130.83125,"areaKm2":1.0684254,"populated2020":true,"population2020":1235.9957,"populationNote":"収録500mメッシュ人口の合算（原典収録外は補完しない）"},"geometry":{"type":"Polygon","coordinates":[[[130.8375,33.9],[130.825,33.9],[130.825,33.908333333333324],[130.8375,33.90833333333333],[130.8375,33.9]]]}},{"type":"Feature","id":"40100:50306687","properties":{"id":"40100:50306687","meshCode":"50306687","cityCode":"40100","city":"北九州市","lat":33.9040544,"lon":130.8435047,"areaKm2":1.0229787,"populated2020":true,"population2020":219.9695,"populationNote":"収録500mメッシュ人口の合算（原典収録外は補完しない）"},"geometry":{"type":"Polygon","coordinates":[[[130.85,33.9],[130.8375,33.9],[130.8375,33.90833333333333],[130.84890189408077,33.908333333333324],[130.84820486400008,33.90545461300013],[130.85,33.90515780200004],[130.85,33.9]],[[130.84993138799996,33.90100944100004],[130.84991331151946,33.900956706555235],[130.84993802515723,33.90102875330717],[130.84993138799996,33.90100944100004]],[[130.84924639400015,33.90041055900008],[130.84903346839693,33.900298948848274],[130.8495757947112,33.90057067139079],[130.84924639400015,33.90041055900008]]]}},{"type":"Feature","id":"40100:50306688","properties":{"id":"40100:50306688","meshCode":"50306688","cityCode":"40100","city":"北九州市","lat":33.9036016,"lon":130.8569497,"areaKm2":0.8672997,"populated2020":true,"population2020":18.445,"populationNote":"収録500mメッシュ人口の合算（原典収録外は補完しない）"},"geometry":{"type":"MultiPolygon","coordinates":[[[[130.85330847,33.903870053999995],[130.855225084,33.905302027],[130.853931777,33.906014135],[130.853947951,33.906038135],[130.855242996,33.905315495],[130.856994332,33.906623829],[130.85515099864057,33.908333333333324],[130.8625,33.90833333333333],[130.8625,33.9],[130.85,33.9],[130.85,33.90515780200004],[130.85030133600003,33.90510797300005],[130.85032053200018,33.90519761300004],[130.850593774,33.905138532000024],[130.85063260699997,33.905188],[130.8507412450001,33.90577516200011],[130.8505579120001,33.90672527900012],[130.85068788600006,33.906727414000045],[130.85076858599996,33.90696222500003],[130.85086544700005,33.906981252000094],[130.85092406,33.906865667000034],[130.85098133600016,33.906885467999984],[130.851550337,33.90582980200001],[130.85177153,33.906725748],[130.851813191,33.906767441],[130.851565888,33.90582682899999],[130.852296913,33.90543722500001],[130.852463022,33.904292162],[130.85330847,33.903870053999995]],[[130.85002805399995,33.90129110800001],[130.85001916753743,33.901265204724986],[130.8500361084321,33.90131448940537],[130.85002805399995,33.90129110800001]],[[130.8508091551908,33.904599578112375],[130.850899222,33.905040973],[130.85097307405235,33.90548020159392],[130.85089922199995,33.90504097300004],[130.8508091551908,33.904599578112375]]],[[[130.853986135,33.908067946],[130.8543855774446,33.908333333333324],[130.854005084,33.908048054],[130.853986135,33.908067946]]]]}},{"type":"Feature","id":"40100:50306689","properties":{"id":"40100:50306689","meshCode":"50306689","cityCode":"40100","city":"北九州市","lat":33.9042699,"lon":130.868688,"areaKm2":1.0404502,"populated2020":true,"population2020":98.1227,"populationNote":"収録500mメッシュ人口の合算（原典収録外は補完しない）"},"geometry":{"type":"Polygon","coordinates":[[[130.869455422,33.89999999999999],[130.86695311300002,33.900811135],[130.866333554,33.900041829],[130.866407665,33.900000000000006],[130.8625,33.9],[130.8625,33.90833333333333],[130.875,33.90833333333333],[130.875,33.901130558999995],[130.872444578,33.89999999999999],[130.869455422,33.89999999999999]]]}},{"type":"Feature","id":"40100:50306780","properties":{"id":"40100:50306780","meshCode":"50306780","cityCode":"40100","city":"北九州市","lat":33.9041707,"lon":130.8796462,"areaKm2":0.4300195,"populated2020":false,"population2020":null,"populationNote":"境界またぎ・収録外等のため人口未集計"},"geometry":{"type":"MultiPolygon","coordinates":[[[[130.880756394,33.900222359999994],[130.883147691,33.90080041400001],[130.883260246,33.900878973],[130.8875,33.901988605124586],[130.8875,33.9],[130.880473113,33.9],[130.880756394,33.900222359999994]]],[[[130.875,33.901130558999995],[130.875,33.90833333333333],[130.87706596676676,33.908333333333324],[130.875950752,33.907854081],[130.877063087,33.90608872100001],[130.878469805,33.906700694],[130.87837978,33.906591775],[130.878472892,33.906440775],[130.880245772,33.907196919],[130.880148495,33.907093585999995],[130.880191505,33.907048251999996],[130.88089425400003,33.907450721],[130.880827082,33.907378973],[130.88087594,33.90731969400001],[130.881415188,33.907562198],[130.881300999,33.90771600000001],[130.883765136,33.905556946000004],[130.886657717,33.906786495000006],[130.88378722400003,33.905537694],[130.884171803,33.90517730599999],[130.875,33.901130558999995]]]]}},{"type":"Feature","id":"40100:50306781","properties":{"id":"40100:50306781","meshCode":"50306781","cityCode":"40100","city":"北九州市","lat":33.9007499,"lon":130.8883982,"areaKm2":0.0310418,"populated2020":false,"population2020":null,"populationNote":"境界またぎ・収録外等のため人口未集計"},"geometry":{"type":"Polygon","coordinates":[[[130.887785811,33.90206289199999],[130.889485811,33.900585027],[130.890157977,33.900000000000006],[130.8875,33.9],[130.8875,33.901988605124586],[130.887785811,33.90206289199999]]]}},{"type":"Feature","id":"40100:50306783","properties":{"id":"40100:50306783","meshCode":"50306783","cityCode":"40100","city":"北九州市","lat":33.9006031,"lon":130.9241594,"areaKm2":0.0233991,"populated2020":false,"population2020":null,"populationNote":"境界またぎ・収録外等のため人口未集計"},"geometry":{"type":"Polygon","coordinates":[[[130.92248338499996,33.900000000000006],[130.92384891100005,33.90099008100003],[130.925,33.90180489200003],[130.925,33.900000000000006],[130.92248338499996,33.900000000000006]]]}},{"type":"Feature","id":"40100:50306784","properties":{"id":"40100:50306784","meshCode":"50306784","cityCode":"40100","city":"北九州市","lat":33.9035814,"lon":130.9324128,"areaKm2":0.819786,"populated2020":true,"population2020":6765.2326,"populationNote":"収録500mメッシュ人口の合算（原典収録外は補完しない）"},"geometry":{"type":"MultiPolygon","coordinates":[[[[130.925,33.90180489200003],[130.926245162,33.90272233300004],[130.92617527900006,33.902779081000126],[130.92984011700014,33.905983387],[130.93040907900013,33.90683025200002],[130.93049389100008,33.90679000000001],[130.930548638,33.906881999999996],[130.93048204900015,33.906996108000044],[130.93101041499995,33.907781559000114],[130.93108527899994,33.907748333000036],[130.9305728920001,33.90699472100005],[130.93088319100016,33.906777973000025],[130.93110124500004,33.906968495],[130.93189438399997,33.907844],[130.9314176910001,33.90814197300011],[130.9313077170001,33.908144081000096],[130.93114791200003,33.907987918999936],[130.931281453,33.90818255900007],[130.93143334600006,33.90818220700004],[130.93154901425518,33.908333333333324],[130.9375,33.908333333333324],[130.9375,33.89999999999999],[130.925,33.900000000000006],[130.925,33.90180489200003]]],[[[130.930901712,33.908205982000005],[130.930956342,33.908180404999996],[130.930585123,33.907629568000004],[130.930530493,33.907655234],[130.930901712,33.908205982000005]]]]}},{"type":"Feature","id":"40100:50306785","properties":{"id":"40100:50306785","meshCode":"50306785","cityCode":"40100","city":"北九州市","lat":33.9041667,"lon":130.94375,"areaKm2":1.0684198,"populated2020":true,"population2020":7011.8422,"populationNote":"収録500mメッシュ人口の合算（原典収録外は補完しない）"},"geometry":{"type":"Polygon","coordinates":[[[130.95,33.9],[130.9375,33.89999999999999],[130.9375,33.908333333333324],[130.95,33.908333333333324],[130.95,33.9]]]}},{"type":"Feature","id":"40100:50306786","properties":{"id":"40100:50306786","meshCode":"50306786","cityCode":"40100","city":"北九州市","lat":33.9041667,"lon":130.95625,"areaKm2":1.0684195,"populated2020":true,"population2020":1021.0252,"populationNote":"収録500mメッシュ人口の合算（原典収録外は補完しない）"},"geometry":{"type":"Polygon","coordinates":[[[130.9625,33.9],[130.95,33.9],[130.95,33.908333333333324],[130.9625,33.90833333333333],[130.9625,33.9]]]}},{"type":"Feature","id":"40100:50306787","properties":{"id":"40100:50306787","meshCode":"50306787","cityCode":"40100","city":"北九州市","lat":33.9041667,"lon":130.96875,"areaKm2":1.0684192,"populated2020":true,"population2020":11.6552,"populationNote":"収録500mメッシュ人口の合算（原典収録外は補完しない）"},"geometry":{"type":"Polygon","coordinates":[[[130.975,33.900000000000006],[130.9625,33.9],[130.9625,33.90833333333333],[130.975,33.90833333333333],[130.975,33.900000000000006]]]}},{"type":"Feature","id":"40100:50306788","properties":{"id":"40100:50306788","meshCode":"50306788","cityCode":"40100","city":"北九州市","lat":33.9041673,"lon":130.981249,"areaKm2":1.068248,"populated2020":true,"population2020":329.4551,"populationNote":"収録500mメッシュ人口の合算（原典収録外は補完しない）"},"geometry":{"type":"Polygon","coordinates":[[[130.9875,33.90015109798089],[130.98727549900002,33.900000000000006],[130.975,33.900000000000006],[130.975,33.90833333333333],[130.9875,33.90833333333333],[130.9875,33.90015109798089]]]}},{"type":"Feature","id":"40100:50306789","properties":{"id":"40100:50306789","meshCode":"50306789","cityCode":"40100","city":"北九州市","lat":33.9052935,"lon":130.9922918,"areaKm2":0.6267198,"populated2020":true,"population2020":484.6293,"populationNote":"収録500mメッシュ人口の合算（原典収録外は補完しない）"},"geometry":{"type":"MultiPolygon","coordinates":[[[[130.994423891,33.90319908100002],[130.99361525300003,33.902292694000096],[130.9933394940001,33.90231353200005],[130.99244713400014,33.90204694599998],[130.99183891100017,33.90203880200005],[130.99133491600014,33.90194264000007],[130.99075483799993,33.901690864999914],[130.9903408560001,33.9010764410001],[130.989612114,33.90092608100009],[130.989270778,33.90064555899994],[130.98856518799994,33.90030774799998],[130.9875,33.90015109798089],[130.9875,33.90833333333333],[131.0,33.908333333333324],[131.0,33.90338625199997],[130.9997273020001,33.90323561300005],[130.99854727600007,33.902072414000145],[130.99849535700002,33.902111360000006],[130.99990710800012,33.90351008100004],[130.99792596600014,33.90628638700003],[130.99768655000003,33.906166],[130.99685732800015,33.90726680200009],[130.99552472100015,33.90645330600006],[130.99539939,33.906469532000024],[130.99516516200015,33.906250865000125],[130.9937221660001,33.905375775000046],[130.99492674399994,33.90400227900006],[130.99597780800002,33.9040241350001],[130.997792387,33.90302830600001],[130.99596147900002,33.90398419800005],[130.9949951100001,33.903999559000006],[130.9942895590001,33.903570802],[130.99465722399998,33.90323289200006],[130.99458306100007,33.90316761300011],[130.994423891,33.90319908100002]]],[[[130.996558171,33.903841748],[130.99682131651866,33.90416666666667],[130.996892477,33.904254532],[130.996946887,33.904217279],[130.996626835,33.903804775000005],[130.996558171,33.903841748]]],[[[130.996933307,33.90552077500001],[130.997818612,33.905956279],[130.997867134,33.905890919],[130.996982412,33.905457586],[130.996933307,33.90552077500001]]]]}},{"type":"Feature","id":"40100:50316080","properties":{"id":"40100:50316080","meshCode":"50316080","cityCode":"40100","city":"北九州市","lat":33.9055425,"lon":131.0022681,"areaKm2":0.2127603,"populated2020":false,"population2020":null,"populationNote":"境界またぎ・収録外等のため人口未集計"},"geometry":{"type":"Polygon","coordinates":[[[131.00515511,33.90414364],[131.004941336,33.904010107999994],[131.004664942,33.904000027],[131.004665253,33.903951892],[131.004952892,33.903915532],[131.004881193,33.903875252000006],[131.004634527,33.903861559],[131.004490947,33.903998694],[131.004270778,33.90396577500001],[131.00413703,33.903789892],[131.003604695,33.903674026999994],[131.003374254,33.903466026999986],[131.00287856,33.90324569399999],[131.001960532,33.90303002699999],[131.001524968,33.90307474800001],[131.001062944,33.903357694],[131.000725772,33.903465278999995],[131.000240169,33.903499162],[131.0,33.90338625199997],[131.0,33.908333333333324],[131.00293939002538,33.908333333333324],[131.0029262,33.908160333],[131.003034332,33.908139306],[131.003105577,33.90802436],[131.002939585,33.907495721],[131.002963139,33.906997468],[131.00311072600002,33.906434225000005],[131.003447004,33.905880613],[131.003836394,33.905556919000006],[131.004381388,33.905445639999996],[131.004655837,33.905464198],[131.00569642,33.905951135],[131.005792023,33.906122333000006],[131.006120441,33.906034865],[131.006236615,33.905304279],[131.006086978,33.905225558999994],[131.006063061,33.905043162],[131.005862892,33.90498491899999],[131.005622724,33.904778],[131.005652866,33.904550613],[131.005399689,33.90416636],[131.00515511,33.90414364]]]}},{"type":"Feature","id":"40100:50306594","properties":{"id":"40100:50306594","meshCode":"50306594","cityCode":"40100","city":"北九州市","lat":33.9124984,"lon":130.6823605,"areaKm2":0.8773899,"populated2020":true,"population2020":null,"populationNote":"境界またぎ・収録外等のため人口未集計"},"geometry":{"type":"Polygon","coordinates":[[[130.676922218,33.90886638700001],[130.676883061,33.909496946],[130.677122218,33.90998166699999],[130.677363061,33.910916387],[130.677964994,33.912248892],[130.67788917,33.912409162],[130.677436939,33.91237972100001],[130.677244994,33.912556946],[130.67737083,33.91364277500001],[130.677582776,33.914141108],[130.677616667,33.914537775],[130.676707782,33.916200279000016],[130.67655499400004,33.916379441],[130.67604572073674,33.916666666666664],[130.6875,33.91666666666667],[130.6875,33.908333333333324],[130.67637275071337,33.908333333333324],[130.676716939,33.908494162],[130.676854163,33.908628054],[130.676922218,33.90886638700001]]]}},{"type":"Feature","id":"40100:50306595","properties":{"id":"40100:50306595","meshCode":"50306595","cityCode":"40100","city":"北九州市","lat":33.9125,"lon":130.69375,"areaKm2":1.0683376,"populated2020":true,"population2020":94.6771,"populationNote":"収録500mメッシュ人口の合算（原典収録外は補完しない）"},"geometry":{"type":"Polygon","coordinates":[[[130.7,33.90833333333333],[130.6875,33.908333333333324],[130.6875,33.91666666666667],[130.7,33.916666666666664],[130.7,33.90833333333333]]]}},{"type":"Feature","id":"40100:50306596","properties":{"id":"40100:50306596","meshCode":"50306596","cityCode":"40100","city":"北九州市","lat":33.9125,"lon":130.70625,"areaKm2":1.068336,"populated2020":true,"population2020":856.834,"populationNote":"収録500mメッシュ人口の合算（原典収録外は補完しない）"},"geometry":{"type":"Polygon","coordinates":[[[130.7125,33.908333333333324],[130.7,33.90833333333333],[130.7,33.916666666666664],[130.7125,33.91666666666666],[130.7125,33.908333333333324]]]}},{"type":"Feature","id":"40100:50306597","properties":{"id":"40100:50306597","meshCode":"50306597","cityCode":"40100","city":"北九州市","lat":33.9125,"lon":130.71875,"areaKm2":1.0683344,"populated2020":true,"population2020":175.5579,"populationNote":"収録500mメッシュ人口の合算（原典収録外は補完しない）"},"geometry":{"type":"Polygon","coordinates":[[[130.725,33.908333333333324],[130.7125,33.908333333333324],[130.7125,33.91666666666666],[130.725,33.91666666666666],[130.725,33.908333333333324]]]}},{"type":"Feature","id":"40100:50306598","properties":{"id":"40100:50306598","meshCode":"50306598","cityCode":"40100","city":"北九州市","lat":33.9125,"lon":130.73125,"areaKm2":1.0683328,"populated2020":true,"population2020":29.2142,"populationNote":"収録500mメッシュ人口の合算（原典収録外は補完しない）"},"geometry":{"type":"Polygon","coordinates":[[[130.7375,33.90833333333333],[130.725,33.908333333333324],[130.725,33.91666666666666],[130.7375,33.916666666666664],[130.7375,33.90833333333333]]]}},{"type":"Feature","id":"40100:50306599","properties":{"id":"40100:50306599","meshCode":"50306599","cityCode":"40100","city":"北九州市","lat":33.9125,"lon":130.74375,"areaKm2":1.0683312,"populated2020":true,"population2020":255.5782,"populationNote":"収録500mメッシュ人口の合算（原典収録外は補完しない）"},"geometry":{"type":"Polygon","coordinates":[[[130.75,33.908333333333324],[130.7375,33.90833333333333],[130.7375,33.916666666666664],[130.75,33.916666666666664],[130.75,33.908333333333324]]]}},{"type":"Feature","id":"40100:50306690","properties":{"id":"40100:50306690","meshCode":"50306690","cityCode":"40100","city":"北九州市","lat":33.9125,"lon":130.75625,"areaKm2":1.06833,"populated2020":true,"population2020":163.3327,"populationNote":"収録500mメッシュ人口の合算（原典収録外は補完しない）"},"geometry":{"type":"Polygon","coordinates":[[[130.7625,33.908333333333324],[130.75,33.908333333333324],[130.75,33.916666666666664],[130.7625,33.91666666666667],[130.7625,33.908333333333324]]]}},{"type":"Feature","id":"40100:50306691","properties":{"id":"40100:50306691","meshCode":"50306691","cityCode":"40100","city":"北九州市","lat":33.9125,"lon":130.76875,"areaKm2":1.0683285,"populated2020":true,"population2020":19.1707,"populationNote":"収録500mメッシュ人口の合算（原典収録外は補完しない）"},"geometry":{"type":"Polygon","coordinates":[[[130.775,33.908333333333324],[130.7625,33.908333333333324],[130.7625,33.91666666666667],[130.775,33.91666666666667],[130.775,33.908333333333324]]]}},{"type":"Feature","id":"40100:50306692","properties":{"id":"40100:50306692","meshCode":"50306692","cityCode":"40100","city":"北九州市","lat":33.9125,"lon":130.78125,"areaKm2":1.0683273,"populated2020":true,"population2020":1623.7286,"populationNote":"収録500mメッシュ人口の合算（原典収録外は補完しない）"},"geometry":{"type":"Polygon","coordinates":[[[130.7875,33.90833333333333],[130.775,33.908333333333324],[130.775,33.91666666666667],[130.7875,33.916666666666664],[130.7875,33.90833333333333]]]}},{"type":"Feature","id":"40100:50306693","properties":{"id":"40100:50306693","meshCode":"50306693","cityCode":"40100","city":"北九州市","lat":33.9125,"lon":130.79375,"areaKm2":1.0683261,"populated2020":true,"population2020":4656.5656,"populationNote":"収録500mメッシュ人口の合算（原典収録外は補完しない）"},"geometry":{"type":"Polygon","coordinates":[[[130.8,33.908333333333324],[130.7875,33.90833333333333],[130.7875,33.916666666666664],[130.8,33.916666666666664],[130.8,33.908333333333324]]]}},{"type":"Feature","id":"40100:50306694","properties":{"id":"40100:50306694","meshCode":"50306694","cityCode":"40100","city":"北九州市","lat":33.9120242,"lon":130.8057055,"areaKm2":0.8999795,"populated2020":true,"population2020":4004.8894,"populationNote":"収録500mメッシュ人口の合算（原典収録外は補完しない）"},"geometry":{"type":"Polygon","coordinates":[[[130.806251556,33.912704774999945],[130.808150661,33.91245130600005],[130.80840177700009,33.91366153200001],[130.8085031390001,33.91365158600008],[130.8091576910001,33.9140472520001],[130.80911191999996,33.914110107999996],[130.80920802900016,33.91407725199992],[130.81019647200014,33.91466455900014],[130.81225489000008,33.914376586],[130.81226658900005,33.91442889200005],[130.8125,33.9143355927975],[130.8125,33.90833333333333],[130.8,33.908333333333324],[130.8,33.916666666666664],[130.80738077742777,33.916666666666664],[130.80713063600012,33.916540251999955],[130.8067901170001,33.91466394599996],[130.80656066100016,33.91469633300011],[130.806251556,33.912704774999945]]]}},{"type":"Feature","id":"40100:50306695","properties":{"id":"40100:50306695","meshCode":"50306695","cityCode":"40100","city":"北九州市","lat":33.9117836,"lon":130.814381,"areaKm2":0.455325,"populated2020":false,"population2020":null,"populationNote":"境界またぎ・収録外等のため人口未集計"},"geometry":{"type":"MultiPolygon","coordinates":[[[[130.81648530500013,33.91281719799996],[130.8164382230001,33.91218516200007],[130.816338975,33.91217472099998],[130.81621888500013,33.91158561300011],[130.8162987290001,33.91152608099998],[130.8162213490001,33.911539658000095],[130.8161741890001,33.911347135000085],[130.81627080400006,33.91133619799995],[130.81616328099994,33.91125391899999],[130.81624958500015,33.911243108000065],[130.81622444899995,33.91111486500006],[130.81613747100005,33.91112844100013],[130.81612031100008,33.91106394600001],[130.81620661500017,33.91100430600005],[130.81611014300017,33.911013360000084],[130.81610272399996,33.91094961300008],[130.81619000000012,33.91094225200005],[130.81616530500003,33.91080344100005],[130.81607661500004,33.910814585999965],[130.81605508400014,33.910713467999976],[130.81614152999998,33.91070180200006],[130.81611630400005,33.91055974800001],[130.81601494200018,33.91057530600005],[130.81594160800012,33.91022849500007],[130.81591136199995,33.91001658600004],[130.81599508399995,33.91000408099995],[130.8159783010001,33.909918224999956],[130.81589771699998,33.90992666699998],[130.81554924807318,33.908333333333324],[130.8125,33.90833333333333],[130.8125,33.9143355927975],[130.81271932599998,33.91438473],[130.81270289200006,33.914300008999994],[130.81366953299994,33.91415592800007],[130.81369214000017,33.91428817999997],[130.81513488999997,33.9140868290001],[130.81515977999993,33.91417397299999],[130.81600150500003,33.91406189200007],[130.81673102499997,33.91422174799999],[130.81695608300015,33.915183586000005],[130.81668055800003,33.913757252000096],[130.81673791200012,33.913677721],[130.81666700400012,33.91366869400008],[130.81651105100013,33.91290936000012],[130.81657472100005,33.912832639999976],[130.81648530500013,33.91281719799996]]],[[[130.82210221800005,33.90935044100008],[130.82193736700003,33.909269973],[130.82158016899996,33.90975549500001],[130.8217325810001,33.909834],[130.82152418900012,33.910148],[130.82165994800005,33.91080646800003],[130.82156333299997,33.910819054],[130.82238710800004,33.91470258599998],[130.82271163400003,33.915016198],[130.82312194600001,33.91496430599994],[130.8234775229304,33.91666666666666],[130.825,33.91666666666667],[130.825,33.908333333333324],[130.8227936447674,33.90833333333333],[130.82210221800005,33.90935044100008]]],[[[130.817234371,33.91652],[130.8172160829975,33.916666666666664],[130.81726383896248,33.91666666666667],[130.817234371,33.91652]]]]}},{"type":"Feature","id":"40100:50306696","properties":{"id":"40100:50306696","meshCode":"50306696","cityCode":"40100","city":"北九州市","lat":33.9125,"lon":130.83125,"areaKm2":1.068323,"populated2020":false,"population2020":null,"populationNote":"境界またぎ・収録外等のため人口未集計"},"geometry":{"type":"Polygon","coordinates":[[[130.8375,33.90833333333333],[130.825,33.908333333333324],[130.825,33.91666666666667],[130.8375,33.91666666666667],[130.8375,33.90833333333333]]]}},{"type":"Feature","id":"40100:50306697","properties":{"id":"40100:50306697","meshCode":"50306697","cityCode":"40100","city":"北九州市","lat":33.9125381,"lon":130.8436649,"areaKm2":1.0529422,"populated2020":false,"population2020":null,"populationNote":"境界またぎ・収録外等のため人口未集計"},"geometry":{"type":"Polygon","coordinates":[[[130.85,33.9098917210001],[130.84986897500005,33.90988033300005],[130.849836744,33.90975622500008],[130.84923041499997,33.90968977500006],[130.84890189408077,33.908333333333324],[130.8375,33.90833333333333],[130.8375,33.91666666666667],[130.84951418917566,33.91666666666667],[130.85,33.91585277500029],[130.85,33.9098917210001]]]}},{"type":"Feature","id":"40100:50306698","properties":{"id":"40100:50306698","meshCode":"50306698","cityCode":"40100","city":"北九州市","lat":33.9128406,"lon":130.8564844,"areaKm2":0.7256019,"populated2020":false,"population2020":null,"populationNote":"境界またぎ・収録外等のため人口未集計"},"geometry":{"type":"MultiPolygon","coordinates":[[[[130.85433561643896,33.908333333333324],[130.854799948,33.908712333],[130.859449754,33.91097413499998],[130.8625,33.912321081782764],[130.8625,33.90833333333333],[130.85515099864057,33.908333333333324],[130.854808833,33.908650667],[130.85433561643896,33.908333333333324]]],[[[130.85515978,33.91143377499998],[130.85301953299995,33.910502559],[130.85308566799995,33.91039913499998],[130.85213260699993,33.90997630600008],[130.85202269800016,33.91006769400002],[130.85121306100007,33.90999727899993],[130.85116566800014,33.909879919],[130.850983606,33.90986410800002],[130.85097252900005,33.909952198000035],[130.85086155600004,33.90996666700011],[130.85,33.9098917210001],[130.85,33.91585277500029],[130.85049053199998,33.914921775000096],[130.85087208799996,33.91502861300006],[130.85144333300013,33.915323054],[130.85269452700004,33.91542572100003],[130.85608444808943,33.916666666666664],[130.8625,33.916666666666664],[130.8625,33.914568173424925],[130.85690005200013,33.91204974800001],[130.85569616100008,33.911562892000056],[130.85515978,33.91143377499998]]]]}},{"type":"Feature","id":"40100:50306699","properties":{"id":"40100:50306699","meshCode":"50306699","cityCode":"40100","city":"北九州市","lat":33.9116131,"lon":130.8691076,"areaKm2":0.7451592,"populated2020":false,"population2020":null,"populationNote":"境界またぎ・収録外等のため人口未集計"},"geometry":{"type":"MultiPolygon","coordinates":[[[[130.8625,33.912321081782764],[130.864462361,33.913186613],[130.863808807,33.912872279],[130.865303748,33.91049236],[130.867231634,33.911343162],[130.865946693,33.913364306],[130.865880661,33.913335198],[130.865227523,33.913501667],[130.864935811,33.913396559000006],[130.865224773,33.913524829],[130.865878029,33.913358387],[130.866369196,33.913575468],[130.86632594,33.913643613],[130.866409079,33.913593108],[130.871811946,33.91598086500001],[130.875,33.913199892],[130.875,33.90833333333333],[130.8625,33.90833333333333],[130.8625,33.912321081782764]]],[[[130.86725158124517,33.916666666666664],[130.866666667,33.91640836000005],[130.8625,33.914568173424925],[130.8625,33.916666666666664],[130.86725158124517,33.916666666666664]]]]}},{"type":"Feature","id":"40100:50306790","properties":{"id":"40100:50306790","meshCode":"50306790","cityCode":"40100","city":"北九州市","lat":33.9101725,"lon":130.8765778,"areaKm2":0.1240067,"populated2020":false,"population2020":null,"populationNote":"境界またぎ・収録外等のため人口未集計"},"geometry":{"type":"Polygon","coordinates":[[[130.876553061,33.911845135],[130.877502996,33.91204094599999],[130.878645422,33.911053892],[130.878580169,33.91100133300001],[130.877487056,33.911994748000005],[130.876632892,33.91181872100001],[130.878173774,33.910474387],[130.87909725,33.910663559],[130.880530415,33.90942377500001],[130.879080558,33.910617279],[130.878173385,33.910431468],[130.879399689,33.909371],[130.87706596676676,33.908333333333324],[130.875,33.90833333333333],[130.875,33.913199892],[130.876553061,33.911845135]]]}},{"type":"Feature","id":"40100:50306794","properties":{"id":"40100:50306794","meshCode":"50306794","cityCode":"40100","city":"北九州市","lat":33.9114583,"lon":130.9356953,"areaKm2":0.2564736,"populated2020":true,"population2020":830.8737,"populationNote":"収録500mメッシュ人口の合算（原典収録外は補完しない）"},"geometry":{"type":"MultiPolygon","coordinates":[[[[130.93309033700004,33.910404829],[130.9330238,33.910142973],[130.932978807,33.91014997300001],[130.93309033700004,33.910404829]]],[[[130.93154901425518,33.908333333333324],[130.93262799000013,33.90976829700002],[130.93204438399994,33.90890328799993],[130.932545863,33.90859016199994],[130.93302250299996,33.90903341400003],[130.9334419710001,33.909617279000145],[130.93364622600018,33.91031958600007],[130.9331330870001,33.91048933299999],[130.93418919600015,33.912725054000134],[130.93440544700002,33.91276944099998],[130.934219494,33.912698558999985],[130.93409542200004,33.91245866700001],[130.93455255499998,33.912296892000086],[130.934933139,33.91312930600004],[130.93506304799996,33.91307323399997],[130.93505917000005,33.91276510800008],[130.9349852140001,33.91269136900013],[130.935038911,33.91264853200005],[130.93584050599998,33.91293005400007],[130.93501917000017,33.91332877500009],[130.9350100260001,33.91354038700001],[130.93519024600005,33.91404738700004],[130.93629155600004,33.91569264000004],[130.936750388852,33.916666666666664],[130.9375,33.91666666666666],[130.9375,33.908333333333324],[130.93154901425518,33.908333333333324]]]]}},{"type":"Feature","id":"40100:50306795","properties":{"id":"40100:50306795","meshCode":"50306795","cityCode":"40100","city":"北九州市","lat":33.9125,"lon":130.94375,"areaKm2":1.0683172,"populated2020":true,"population2020":7930.7125,"populationNote":"収録500mメッシュ人口の合算（原典収録外は補完しない）"},"geometry":{"type":"Polygon","coordinates":[[[130.95,33.908333333333324],[130.9375,33.908333333333324],[130.9375,33.91666666666666],[130.95,33.916666666666664],[130.95,33.908333333333324]]]}},{"type":"Feature","id":"40100:50306796","properties":{"id":"40100:50306796","meshCode":"50306796","cityCode":"40100","city":"北九州市","lat":33.9125,"lon":130.95625,"areaKm2":1.0683169,"populated2020":true,"population2020":1490.0407,"populationNote":"収録500mメッシュ人口の合算（原典収録外は補完しない）"},"geometry":{"type":"Polygon","coordinates":[[[130.9625,33.90833333333333],[130.95,33.908333333333324],[130.95,33.916666666666664],[130.9625,33.916666666666664],[130.9625,33.90833333333333]]]}},{"type":"Feature","id":"40100:50306797","properties":{"id":"40100:50306797","meshCode":"50306797","cityCode":"40100","city":"北九州市","lat":33.9125,"lon":130.96875,"areaKm2":1.0683168,"populated2020":true,"population2020":238.437,"populationNote":"収録500mメッシュ人口の合算（原典収録外は補完しない）"},"geometry":{"type":"Polygon","coordinates":[[[130.975,33.90833333333333],[130.9625,33.90833333333333],[130.9625,33.916666666666664],[130.975,33.916666666666664],[130.975,33.90833333333333]]]}},{"type":"Feature","id":"40100:50306798","properties":{"id":"40100:50306798","meshCode":"50306798","cityCode":"40100","city":"北九州市","lat":33.9125,"lon":130.98125,"areaKm2":1.0683166,"populated2020":true,"population2020":274.746,"populationNote":"収録500mメッシュ人口の合算（原典収録外は補完しない）"},"geometry":{"type":"Polygon","coordinates":[[[130.9875,33.90833333333333],[130.975,33.90833333333333],[130.975,33.916666666666664],[130.9875,33.916666666666664],[130.9875,33.90833333333333]]]}},{"type":"Feature","id":"40100:50306799","properties":{"id":"40100:50306799","meshCode":"50306799","cityCode":"40100","city":"北九州市","lat":33.9125,"lon":130.99375,"areaKm2":1.0683164,"populated2020":true,"population2020":62.847,"populationNote":"収録500mメッシュ人口の合算（原典収録外は補完しない）"},"geometry":{"type":"Polygon","coordinates":[[[131.0,33.908333333333324],[130.9875,33.90833333333333],[130.9875,33.916666666666664],[131.0,33.916666666666664],[131.0,33.908333333333324]]]}},{"type":"Feature","id":"40100:50316090","properties":{"id":"40100:50316090","meshCode":"50316090","cityCode":"40100","city":"北九州市","lat":33.9138403,"lon":131.0034391,"areaKm2":0.4008489,"populated2020":true,"population2020":81.9673,"populationNote":"収録500mメッシュ人口の合算（原典収録外は補完しない）"},"geometry":{"type":"Polygon","coordinates":[[[131.00363869,33.912470467999995],[131.004026913,33.912694694],[131.004429974,33.91280397300001],[131.004559416,33.912752919],[131.004656304,33.912570892],[131.004524916,33.912319252],[131.004045383,33.912260386999996],[131.00341166,33.911948694],[131.002843696,33.91139799999999],[131.00231594,33.911011667],[131.00200211400002,33.91019758600001],[131.001934617,33.909410279],[131.002208833,33.90914636],[131.002511089,33.909134081],[131.002682283,33.909040864999994],[131.002947834,33.908587413999996],[131.00293939002538,33.908333333333324],[131.0,33.908333333333324],[131.0,33.916666666666664],[131.0125,33.916666666666664],[131.0125,33.916044657614954],[131.012045162,33.916154198],[131.011686641,33.916107532],[131.011280947,33.91592472100001],[131.010970415,33.915643802],[131.010737808,33.915542829],[131.010753774,33.91542625200001],[131.010333554,33.91579389200001],[131.010150804,33.915805441],[131.00991566800002,33.915544694],[131.009331894,33.91548758599999],[131.008929001,33.91532072100001],[131.008896057,33.91512033299999],[131.009082672,33.915143018],[131.009115123,33.914995162000004],[131.00865529200001,33.91492617099999],[131.008631933,33.915103179999996],[131.006752776,33.915125306],[131.00662061,33.91510825200001],[131.006344384,33.91489422499999],[131.005942529,33.915245440999996],[131.005306861,33.91530236],[131.005002529,33.91520897299999],[131.00468066100004,33.91494794599999],[131.004305694,33.914307721],[131.004006744,33.913552613],[131.003910026,33.912864225],[131.003461141,33.91272546799999],[131.003528716,33.912559198000004],[131.00363869,33.912470467999995]]]}},{"type":"Feature","id":"40100:50316091","properties":{"id":"40100:50316091","meshCode":"50316091","cityCode":"40100","city":"北九州市","lat":33.9163108,"lon":131.0130163,"areaKm2":0.007641,"populated2020":false,"population2020":null,"populationNote":"境界またぎ・収録外等のため人口未集計"},"geometry":{"type":"Polygon","coordinates":[[[131.013645383,33.916656054],[131.013315966,33.91599925199999],[131.013394475,33.915896919],[131.013318885,33.915931802],[131.013201089,33.915819387],[131.0125,33.916044657614954],[131.0125,33.916666666666664],[131.013645383,33.916656054]]]}},{"type":"Feature","id":"40100:50307503","properties":{"id":"40100:50307503","meshCode":"50307503","cityCode":"40100","city":"北九州市","lat":33.9185297,"lon":130.6742873,"areaKm2":0.0329385,"populated2020":false,"population2020":null,"populationNote":"境界またぎ・収録外等のため人口未集計"},"geometry":{"type":"MultiPolygon","coordinates":[[[[130.675,33.917112495],[130.674292218,33.91740694600001],[130.673706939,33.91789],[130.673197847,33.91868045],[130.673627665,33.918972919],[130.673751115,33.919189198000005],[130.673709637,33.919317],[130.673543722,33.919376162],[130.673561025,33.919744162],[130.673773385,33.919729495],[130.673909468,33.919555108000004],[130.673994643,33.919739559],[130.674174384,33.919705387],[130.67439814500003,33.91951664],[130.675,33.91961319800001],[130.675,33.917112495]]],[[[130.673967445,33.919753441000005],[130.673906304,33.919875],[130.674119663,33.919821829],[130.674091167,33.91974836],[130.673967445,33.919753441000005]]]]}},{"type":"Feature","id":"40100:50307504","properties":{"id":"40100:50307504","meshCode":"50307504","cityCode":"40100","city":"北九州市","lat":33.920137,"lon":130.682382,"areaKm2":0.8023184,"populated2020":true,"population2020":43.4266,"populationNote":"収録500mメッシュ人口の合算（原典収録外は補完しない）"},"geometry":{"type":"Polygon","coordinates":[[[130.67604572073674,33.916666666666664],[130.675265551,33.917062775000005],[130.675,33.917112495],[130.675,33.91961319800001],[130.675353502,33.919637640000005],[130.675594449,33.919841613],[130.675866226,33.91981661300001],[130.676989053,33.920303198],[130.679314501,33.921759198],[130.681288054,33.923287495000004],[130.682267782,33.924148333000005],[130.682502023,33.924480468],[130.682694034,33.925000000000004],[130.6875,33.925],[130.6875,33.91666666666667],[130.67604572073674,33.916666666666664]]]}},{"type":"Feature","id":"40100:50307505","properties":{"id":"40100:50307505","meshCode":"50307505","cityCode":"40100","city":"北九州市","lat":33.9208333,"lon":130.69375,"areaKm2":1.0682352,"populated2020":true,"population2020":263.0887,"populationNote":"収録500mメッシュ人口の合算（原典収録外は補完しない）"},"geometry":{"type":"Polygon","coordinates":[[[130.7,33.916666666666664],[130.6875,33.91666666666667],[130.6875,33.925],[130.7,33.925000000000004],[130.7,33.916666666666664]]]}},{"type":"Feature","id":"40100:50307506","properties":{"id":"40100:50307506","meshCode":"50307506","cityCode":"40100","city":"北九州市","lat":33.9208333,"lon":130.70625,"areaKm2":1.0682334,"populated2020":true,"population2020":95.7112,"populationNote":"収録500mメッシュ人口の合算（原典収録外は補完しない）"},"geometry":{"type":"Polygon","coordinates":[[[130.7125,33.91666666666666],[130.7,33.916666666666664],[130.7,33.925000000000004],[130.7125,33.925],[130.7125,33.91666666666666]]]}},{"type":"Feature","id":"40100:50307507","properties":{"id":"40100:50307507","meshCode":"50307507","cityCode":"40100","city":"北九州市","lat":33.9208333,"lon":130.71875,"areaKm2":1.0682318,"populated2020":true,"population2020":55.5995,"populationNote":"収録500mメッシュ人口の合算（原典収録外は補完しない）"},"geometry":{"type":"Polygon","coordinates":[[[130.725,33.91666666666666],[130.7125,33.91666666666666],[130.7125,33.925],[130.725,33.925000000000004],[130.725,33.91666666666666]]]}},{"type":"Feature","id":"40100:50307508","properties":{"id":"40100:50307508","meshCode":"50307508","cityCode":"40100","city":"北九州市","lat":33.9208333,"lon":130.73125,"areaKm2":1.0682303,"populated2020":true,"population2020":59.4944,"populationNote":"収録500mメッシュ人口の合算（原典収録外は補完しない）"},"geometry":{"type":"Polygon","coordinates":[[[130.7375,33.916666666666664],[130.725,33.91666666666666],[130.725,33.925000000000004],[130.7375,33.925],[130.7375,33.916666666666664]]]}},{"type":"Feature","id":"40100:50307509","properties":{"id":"40100:50307509","meshCode":"50307509","cityCode":"40100","city":"北九州市","lat":33.9208333,"lon":130.74375,"areaKm2":1.0682288,"populated2020":true,"population2020":210.6782,"populationNote":"収録500mメッシュ人口の合算（原典収録外は補完しない）"},"geometry":{"type":"Polygon","coordinates":[[[130.75,33.916666666666664],[130.7375,33.916666666666664],[130.7375,33.925],[130.75,33.925],[130.75,33.916666666666664]]]}},{"type":"Feature","id":"40100:50307600","properties":{"id":"40100:50307600","meshCode":"50307600","cityCode":"40100","city":"北九州市","lat":33.9195977,"lon":130.7556448,"areaKm2":0.6894223,"populated2020":true,"population2020":225.8493,"populationNote":"収録500mメッシュ人口の合算（原典収録外は補完しない）"},"geometry":{"type":"MultiPolygon","coordinates":[[[[130.75610089500003,33.92113861300004],[130.75602418900007,33.92140822499993],[130.75616469500017,33.92106461300011],[130.75409561599997,33.920684892000054],[130.754367302,33.92041258600012],[130.757081245,33.920355667000074],[130.7625,33.922458256772344],[130.7625,33.91666666666667],[130.75,33.916666666666664],[130.75,33.925],[130.75196243799996,33.925],[130.75179319099993,33.924691891999935],[130.7522845780001,33.924501559000134],[130.75146952000011,33.92300530600005],[130.752087717,33.923018973000005],[130.7523453440001,33.92295380200005],[130.7524323990001,33.92300078400001],[130.75280141400015,33.92291242300008],[130.75350739300006,33.92300684700007],[130.75331949400004,33.922923954999995],[130.75340339800005,33.92279206300009],[130.75378727600003,33.92271330600005],[130.753778366,33.922844108],[130.753842555,33.92285369400009],[130.75390503200015,33.922682162000115],[130.75487530500004,33.92286702700006],[130.75594486399996,33.921842640000136],[130.75589844400008,33.921809279000115],[130.7553835540001,33.922330585999994],[130.75432483800012,33.92213886500002],[130.75446642000009,33.92160527900012],[130.75366499400002,33.92145861300003],[130.75375063599995,33.92115638700011],[130.75354732800008,33.92111782900009],[130.75361330700014,33.92085305400013],[130.75381941600006,33.92089477500015],[130.75386457800005,33.92072753200006],[130.75610089500003,33.92113861300004]]],[[[130.75552708200007,33.924746414000026],[130.75486868999997,33.92499999999999],[130.75618961100008,33.925000000000004],[130.75552708200007,33.924746414000026]]],[[[130.75780763900002,33.9249208920001],[130.7577642540001,33.925],[130.75801457800003,33.925],[130.75780763900002,33.9249208920001]]]]}},{"type":"Feature","id":"40100:50307601","properties":{"id":"40100:50307601","meshCode":"50307601","cityCode":"40100","city":"北九州市","lat":33.9205418,"lon":130.7691051,"areaKm2":0.9819826,"populated2020":true,"population2020":8.0872,"populationNote":"収録500mメッシュ人口の合算（原典収録外は補完しない）"},"geometry":{"type":"Polygon","coordinates":[[[130.775,33.91666666666667],[130.7625,33.91666666666667],[130.7625,33.922458256772344],[130.76912700399998,33.925],[130.775,33.925],[130.775,33.91666666666667]]]}},{"type":"Feature","id":"40100:50307602","properties":{"id":"40100:50307602","meshCode":"50307602","cityCode":"40100","city":"北九州市","lat":33.9208333,"lon":130.78125,"areaKm2":1.0682248,"populated2020":true,"population2020":1257.3116,"populationNote":"収録500mメッシュ人口の合算（原典収録外は補完しない）"},"geometry":{"type":"Polygon","coordinates":[[[130.7875,33.916666666666664],[130.775,33.91666666666667],[130.775,33.925],[130.7875,33.925000000000004],[130.7875,33.916666666666664]]]}},{"type":"Feature","id":"40100:50307603","properties":{"id":"40100:50307603","meshCode":"50307603","cityCode":"40100","city":"北九州市","lat":33.9208333,"lon":130.79375,"areaKm2":1.0682236,"populated2020":true,"population2020":3096.094,"populationNote":"収録500mメッシュ人口の合算（原典収録外は補完しない）"},"geometry":{"type":"Polygon","coordinates":[[[130.8,33.916666666666664],[130.7875,33.916666666666664],[130.7875,33.925000000000004],[130.8,33.925000000000004],[130.8,33.916666666666664]]]}},{"type":"Feature","id":"40100:50307604","properties":{"id":"40100:50307604","meshCode":"50307604","cityCode":"40100","city":"北九州市","lat":33.9210062,"lon":130.8060573,"areaKm2":1.0197264,"populated2020":true,"population2020":60.8226,"populationNote":"収録500mメッシュ人口の合算（原典収録外は補完しない）"},"geometry":{"type":"Polygon","coordinates":[[[130.8125,33.917571375652734],[130.81036824900002,33.917867252],[130.8103786380001,33.917966612999976],[130.80973321700003,33.9180533600001],[130.80738077742777,33.916666666666664],[130.8,33.916666666666664],[130.8,33.925000000000004],[130.8125,33.925000000000004],[130.8125,33.917571375652734]]]}},{"type":"Feature","id":"40100:50307605","properties":{"id":"40100:50307605","meshCode":"50307605","cityCode":"40100","city":"北九州市","lat":33.9208459,"lon":130.8163327,"areaKm2":0.491099,"populated2020":true,"population2020":40.6976,"populationNote":"収録500mメッシュ人口の合算（原典収録外は補完しない）"},"geometry":{"type":"MultiPolygon","coordinates":[[[[130.823495577,33.916753054000004],[130.823084112,33.917048108],[130.823587224,33.919522279000006],[130.824494137,33.920330801999995],[130.825,33.92060564],[130.825,33.91666666666667],[130.8234775229304,33.91666666666666],[130.823495577,33.916753054000004]]],[[[130.817920973,33.91934326100016],[130.81779000000017,33.919349829],[130.81726383896248,33.91666666666667],[130.81711071300015,33.917015838000054],[130.81645642000012,33.91711161300009],[130.81643280200012,33.91697380200014],[130.81568863799998,33.917075108000006],[130.81569544700005,33.91713149499998],[130.81491866400006,33.917309107999984],[130.81497697800012,33.91760313500009],[130.81480994799995,33.91762461300011],[130.81475280200004,33.917341694000015],[130.81348608300004,33.917527946],[130.81344411200007,33.91747674800001],[130.81305083000007,33.91754649500001],[130.81304199700014,33.917489865000114],[130.8125,33.917571375652734],[130.8125,33.925000000000004],[130.81706275,33.92499999999999],[130.81853247699996,33.92301938700007],[130.8183430480001,33.92202305400014],[130.81850617400005,33.92200177500006],[130.817920973,33.91934326100016]]]]}},{"type":"Feature","id":"40100:50307606","properties":{"id":"40100:50307606","meshCode":"50307606","cityCode":"40100","city":"北九州市","lat":33.9199246,"lon":130.8320143,"areaKm2":0.7993691,"populated2020":false,"population2020":null,"populationNote":"境界またぎ・収録外等のため人口未集計"},"geometry":{"type":"Polygon","coordinates":[[[130.8375,33.91666666666667],[130.825,33.91666666666667],[130.825,33.92060564],[130.836932944,33.925000000000004],[130.8375,33.925000000000004],[130.8375,33.91666666666667]]]}},{"type":"Feature","id":"40100:50307607","properties":{"id":"40100:50307607","meshCode":"50307607","cityCode":"40100","city":"北九州市","lat":33.9209141,"lon":130.8435595,"areaKm2":1.0334501,"populated2020":false,"population2020":null,"populationNote":"境界またぎ・収録外等のため人口未集計"},"geometry":{"type":"Polygon","coordinates":[[[130.85,33.919943721],[130.848289105,33.91931589199999],[130.849144838,33.917691829000006],[130.849001751,33.917639441000006],[130.84951418917566,33.91666666666667],[130.8375,33.91666666666667],[130.8375,33.925000000000004],[130.85,33.925],[130.85,33.919943721]]]}},{"type":"Feature","id":"40100:50307608","properties":{"id":"40100:50307608","meshCode":"50307608","cityCode":"40100","city":"北九州市","lat":33.9221056,"lon":130.8552583,"areaKm2":0.4058161,"populated2020":false,"population2020":null,"populationNote":"境界またぎ・収録外等のため人口未集計"},"geometry":{"type":"MultiPolygon","coordinates":[[[[130.85608444808943,33.916666666666664],[130.862220415,33.918912441],[130.8625,33.919014692952885],[130.8625,33.916666666666664],[130.85608444808943,33.916666666666664]]],[[[130.85,33.925],[130.857244449,33.925],[130.857527237,33.92446475700001],[130.857643787,33.924423964],[130.859213696,33.925000000000004],[130.85990160800003,33.925000000000004],[130.860137004,33.924937252],[130.860744501,33.923890775000004],[130.860521829,33.923809108],[130.860407912,33.92402500000001],[130.860254721,33.923968748],[130.85991192,33.92382022500001],[130.859944189,33.923592333],[130.85,33.919943721],[130.85,33.925]]]]}},{"type":"Feature","id":"40100:50307609","properties":{"id":"40100:50307609","meshCode":"50307609","cityCode":"40100","city":"北九州市","lat":33.9182402,"lon":130.8656667,"areaKm2":0.1929789,"populated2020":false,"population2020":null,"populationNote":"境界またぎ・収録外等のため人口未集計"},"geometry":{"type":"Polygon","coordinates":[[[130.869341556,33.918094333],[130.869134617,33.917498224999996],[130.86725158124517,33.916666666666664],[130.8625,33.916666666666664],[130.8625,33.919014692952885],[130.866588859,33.920496559],[130.869341556,33.918094333]]]}},{"type":"Feature","id":"40100:50307704","properties":{"id":"40100:50307704","meshCode":"50307704","cityCode":"40100","city":"北九州市","lat":33.9186902,"lon":130.9373701,"areaKm2":0.007235,"populated2020":false,"population2020":null,"populationNote":"境界またぎ・収録外等のため人口未集計"},"geometry":{"type":"MultiPolygon","coordinates":[[[[130.936750388852,33.916666666666664],[130.9371324770001,33.917792252000034],[130.93718878100015,33.91772933300002],[130.93710795100003,33.91718436000013],[130.9375,33.91698951395196],[130.9375,33.91666666666666],[130.936750388852,33.916666666666664]]],[[[130.9375,33.91774231947616],[130.93711442300003,33.918256099000075],[130.9375,33.919325540664474],[130.9375,33.91774231947616]]]]}},{"type":"Feature","id":"40100:50307705","properties":{"id":"40100:50307705","meshCode":"50307705","cityCode":"40100","city":"北九州市","lat":33.9205616,"lon":130.9443522,"areaKm2":0.9515938,"populated2020":true,"population2020":2066.4711,"populationNote":"収録500mメッシュ人口の合算（原典収録外は補完しない）"},"geometry":{"type":"MultiPolygon","coordinates":[[[[130.9375,33.91698951395196],[130.9378421660001,33.91687502700006],[130.93791350200013,33.91695646800014],[130.93779666699993,33.91716261300002],[130.937835188,33.917423918999994],[130.9375,33.91774231947616],[130.9375,33.919325540664474],[130.93897022,33.921494640000105],[130.93941856000015,33.922663748000005],[130.93968577200008,33.92257741399999],[130.94015902700005,33.92322608100011],[130.94101968899997,33.92392977500003],[130.94125070000007,33.92429810800007],[130.94145841800014,33.925000000000004],[130.95,33.925],[130.95,33.916666666666664],[130.9375,33.91666666666666],[130.9375,33.91698951395196]]],[[[130.9398648120001,33.925000000000004],[130.94010461699997,33.924351225000116],[130.93982717300014,33.925000000000004],[130.9398648120001,33.925000000000004]]]]}},{"type":"Feature","id":"40100:50307706","properties":{"id":"40100:50307706","meshCode":"50307706","cityCode":"40100","city":"北九州市","lat":33.9208333,"lon":130.95625,"areaKm2":1.0682144,"populated2020":false,"population2020":null,"populationNote":"境界またぎ・収録外等のため人口未集計"},"geometry":{"type":"Polygon","coordinates":[[[130.9625,33.916666666666664],[130.95,33.916666666666664],[130.95,33.925],[130.9625,33.925000000000004],[130.9625,33.916666666666664]]]}},{"type":"Feature","id":"40100:50307707","properties":{"id":"40100:50307707","meshCode":"50307707","cityCode":"40100","city":"北九州市","lat":33.9208333,"lon":130.96875,"areaKm2":1.0682142,"populated2020":true,"population2020":63.7862,"populationNote":"収録500mメッシュ人口の合算（原典収録外は補完しない）"},"geometry":{"type":"Polygon","coordinates":[[[130.975,33.916666666666664],[130.9625,33.916666666666664],[130.9625,33.925000000000004],[130.975,33.925],[130.975,33.916666666666664]]]}},{"type":"Feature","id":"40100:50307708","properties":{"id":"40100:50307708","meshCode":"50307708","cityCode":"40100","city":"北九州市","lat":33.9208333,"lon":130.98125,"areaKm2":1.068214,"populated2020":true,"population2020":1077.6984,"populationNote":"収録500mメッシュ人口の合算（原典収録外は補完しない）"},"geometry":{"type":"Polygon","coordinates":[[[130.9875,33.916666666666664],[130.975,33.916666666666664],[130.975,33.925],[130.9875,33.925000000000004],[130.9875,33.916666666666664]]]}},{"type":"Feature","id":"40100:50307709","properties":{"id":"40100:50307709","meshCode":"50307709","cityCode":"40100","city":"北九州市","lat":33.9208333,"lon":130.99375,"areaKm2":1.068214,"populated2020":true,"population2020":47.5972,"populationNote":"収録500mメッシュ人口の合算（原典収録外は補完しない）"},"geometry":{"type":"Polygon","coordinates":[[[131.0,33.916666666666664],[130.9875,33.916666666666664],[130.9875,33.925000000000004],[131.0,33.925000000000004],[131.0,33.916666666666664]]]}},{"type":"Feature","id":"40100:50317000","properties":{"id":"40100:50317000","meshCode":"50317000","cityCode":"40100","city":"北九州市","lat":33.9195431,"lon":131.0058473,"areaKm2":0.6951576,"populated2020":true,"population2020":7.4263,"populationNote":"収録500mメッシュ人口の合算（原典収録外は補完しない）"},"geometry":{"type":"MultiPolygon","coordinates":[[[[131.0062926070001,33.921250667000095],[131.00664411200012,33.92126577500005],[131.0072010250001,33.921421198000075],[131.007410973,33.9215933060001],[131.007605162,33.922206946000074],[131.00701880700012,33.92189438700007],[131.0069503630001,33.92197933300014],[131.00718496800005,33.92213330599998],[131.00721016900013,33.922249694000016],[131.0067584950001,33.922123865],[131.0067073670001,33.922218279],[131.007241894,33.92242894599997],[131.0078767440001,33.9225381980001],[131.00831233500003,33.92271172099999],[131.0083036960001,33.92283613499996],[131.00807169899997,33.92300710799998],[131.00733452700013,33.92323419799999],[131.00642138800015,33.92344586499996],[131.005833554,33.92348889200008],[131.0058284700001,33.923554532000026],[131.00594808000005,33.923602054000014],[131.00652693900008,33.92355341400008],[131.00896474699996,33.92299461300013],[131.00940902699995,33.922808468000085],[131.010401505,33.922132802000135],[131.01063111500002,33.92211627900008],[131.010860311,33.922225999999995],[131.01067328099998,33.92208849500014],[131.0106199480001,33.921901532],[131.0110128020001,33.921305135000125],[131.0112763290001,33.92033919800008],[131.01145518800013,33.92015416200002],[131.011722438,33.9200334950001],[131.0125,33.92005237355386],[131.0125,33.916666666666664],[131.0,33.916666666666664],[131.0,33.925000000000004],[131.00156173800008,33.925000000000004],[131.0005307130001,33.92440492800001],[131.000354099,33.923294414000004],[131.000866965,33.92308108100002],[131.00108988299996,33.922834973000086],[131.00140936399998,33.92214782900004],[131.00187031100006,33.92170253200004],[131.002322607,33.92160036000013],[131.003065525,33.921839360000035],[131.00347693899994,33.92174169400011],[131.00365658900012,33.92161727900004],[131.00476666700013,33.921359198000054],[131.00527544700003,33.92131580200004],[131.0060383660001,33.921368054000084],[131.0062926070001,33.921250667000095]]],[[[131.0034106100001,33.925],[131.00305016900018,33.924672874],[131.002876485,33.92431390100007],[131.002656796,33.92315528800003],[131.00248342400005,33.923009225000094],[131.00221268500002,33.9229192790001],[131.0020486510001,33.92316323400013],[131.00193386499996,33.92318834200007],[131.00183119300004,33.922928468000066],[131.0017010890001,33.922857162000014],[131.00154286600002,33.923109613000065],[131.00166325600003,33.923587919000006],[131.00184763900018,33.923729829000024],[131.00160138800015,33.92384372100002],[131.00157822300002,33.923935414000084],[131.002239079,33.92419669400005],[131.00282832699997,33.925],[131.0034106100001,33.925]]]]}},{"type":"Feature","id":"40100:50317001","properties":{"id":"40100:50317001","meshCode":"50317001","cityCode":"40100","city":"北九州市","lat":33.918519,"lon":131.013521,"areaKm2":0.0590656,"populated2020":false,"population2020":null,"populationNote":"境界またぎ・収録外等のため人口未集計"},"geometry":{"type":"Polygon","coordinates":[[[131.01254114100016,33.92004027900009],[131.01297016900014,33.91982382899994],[131.0133288070001,33.91987808100003],[131.0135644490001,33.91976146800005],[131.01391,33.919804081000116],[131.01438269799996,33.91950746799999],[131.014628755,33.919586441000035],[131.01499077800008,33.919905666999966],[131.0153166670001,33.919982162],[131.01551219200007,33.91992866700013],[131.01582447500004,33.9196034140001],[131.01572483799998,33.91948991900004],[131.015760311,33.9194260810001],[131.01534985700016,33.91935146800006],[131.01515289200017,33.91923744100012],[131.0150447470002,33.919249],[131.01495250300002,33.91938164000004],[131.01488044100006,33.91923908100006],[131.01475566800013,33.919259386999954],[131.01472538300004,33.919357414000004],[131.01456649800014,33.919281495],[131.014624475,33.919218667],[131.01451391699993,33.9191566400001],[131.01430566800002,33.91871630600008],[131.01364832690757,33.916666666666664],[131.0125,33.916666666666664],[131.01254114100016,33.92004027900009]]]}},{"type":"Feature","id":"40100:50307514","properties":{"id":"40100:50307514","meshCode":"50307514","cityCode":"40100","city":"北九州市","lat":33.9286332,"lon":130.6858292,"areaKm2":0.2619907,"populated2020":true,"population2020":88.8885,"populationNote":"収録500mメッシュ人口の合算（原典収録外は補完しない）"},"geometry":{"type":"MultiPolygon","coordinates":[[[[130.684367523,33.930445162000005],[130.684375616,33.930399829],[130.684357056,33.930445414],[130.684367523,33.930445162000005]]],[[[130.684314864,33.930537721],[130.684397056,33.93048041400001],[130.68440786,33.930450586],[130.684383528,33.93044964],[130.684314864,33.930537721]]],[[[130.684383969,33.93053564],[130.684232283,33.93069682899999],[130.684564721,33.930415667],[130.684383969,33.93053564]]],[[[130.682476861,33.93270322499999],[130.68249275,33.931836333],[130.682467173,33.931649721],[130.68235345,33.93165908100001],[130.682397224,33.93268299999999],[130.68178014268372,33.93333333333333],[130.6820692225263,33.93333333333333],[130.681951492,33.93325879300001],[130.682476861,33.93270322499999]]],[[[130.683626005,33.933070613],[130.683675616,33.933016640000005],[130.683406641,33.932423865000004],[130.683608716,33.933000694],[130.68330941568746,33.93333333333333],[130.683528054,33.933289802000004],[130.68369345,33.933114054],[130.683626005,33.933070613]]],[[[130.6821079376911,33.93333333333334],[130.6822081715093,33.93333333333333],[130.682145746,33.933292468],[130.6821079376911,33.93333333333334]]],[[[130.68290144,33.925289333],[130.683147613,33.925904134999996],[130.683497056,33.926458559000004],[130.683662944,33.926965532],[130.683958275,33.927388495],[130.6840707,33.92776305400001],[130.684834034,33.928748332999994],[130.685298755,33.92964800000001],[130.685236887,33.930601802000005],[130.685152866,33.930727306],[130.684922672,33.930817532],[130.684927886,33.930899946],[130.684778197,33.930986305999994],[130.684554968,33.931303559],[130.68517260700003,33.93097622500001],[130.684321946,33.93148536],[130.683311725,33.93115113500001],[130.683283333,33.93122122500001],[130.684308586,33.931503613],[130.684014527,33.931960802],[130.683688638,33.931985829],[130.683696641,33.932041667],[130.684054916,33.932001468],[130.684389805,33.931479667],[130.684752412,33.931263586],[130.685585746,33.932218919],[130.685436537,33.933119874],[130.684588975,33.933022775],[130.684639974,33.932479667],[130.684550804,33.933018440999994],[130.684153022,33.932973333],[130.68413055800002,33.93310958600001],[130.684445707,33.933174622],[130.6844492740075,33.93333333333333],[130.6875,33.93333333333333],[130.6875,33.925],[130.682694034,33.925000000000004],[130.68290144,33.925289333]]],[[[130.684966472,33.929938721],[130.685116472,33.929856802],[130.685213333,33.92966725200001],[130.684993917,33.929862613],[130.684966472,33.929938721]]],[[[130.684834864,33.93005372099999],[130.684698145,33.930168946],[130.684721414,33.930248721],[130.684841479,33.930256054000004],[130.685068521,33.930014081],[130.684834864,33.93005372099999]]],[[[130.684645863,33.93032469400001],[130.68476725,33.930285694],[130.684637588,33.930312162],[130.684645863,33.93032469400001]]],[[[130.684654617,33.930387468000006],[130.684623606,33.93034800000001],[130.684580752,33.930385865000005],[130.684654617,33.930387468000006]]]]}},{"type":"Feature","id":"40100:50307515","properties":{"id":"40100:50307515","meshCode":"50307515","cityCode":"40100","city":"北九州市","lat":33.9291667,"lon":130.69375,"areaKm2":1.0681324,"populated2020":true,"population2020":178.3928,"populationNote":"収録500mメッシュ人口の合算（原典収録外は補完しない）"},"geometry":{"type":"Polygon","coordinates":[[[130.7,33.925000000000004],[130.6875,33.925],[130.6875,33.93333333333333],[130.7,33.93333333333333],[130.7,33.925000000000004]]]}},{"type":"Feature","id":"40100:50307516","properties":{"id":"40100:50307516","meshCode":"50307516","cityCode":"40100","city":"北九州市","lat":33.9291667,"lon":130.70625,"areaKm2":1.0681308,"populated2020":true,"population2020":41.3282,"populationNote":"収録500mメッシュ人口の合算（原典収録外は補完しない）"},"geometry":{"type":"Polygon","coordinates":[[[130.7125,33.925],[130.7,33.925000000000004],[130.7,33.93333333333333],[130.7125,33.93333333333333],[130.7125,33.925]]]}},{"type":"Feature","id":"40100:50307517","properties":{"id":"40100:50307517","meshCode":"50307517","cityCode":"40100","city":"北九州市","lat":33.9291667,"lon":130.71875,"areaKm2":1.0681292,"populated2020":true,"population2020":203.5026,"populationNote":"収録500mメッシュ人口の合算（原典収録外は補完しない）"},"geometry":{"type":"Polygon","coordinates":[[[130.725,33.925000000000004],[130.7125,33.925],[130.7125,33.93333333333333],[130.725,33.93333333333333],[130.725,33.925000000000004]]]}},{"type":"Feature","id":"40100:50307518","properties":{"id":"40100:50307518","meshCode":"50307518","cityCode":"40100","city":"北九州市","lat":33.9282105,"lon":130.7298331,"areaKm2":0.6931288,"populated2020":true,"population2020":455.3636,"populationNote":"収録500mメッシュ人口の合算（原典収録外は補完しない）"},"geometry":{"type":"MultiPolygon","coordinates":[[[[130.730903696,33.930670441],[130.731501829,33.930297468],[130.731575888,33.93058002699999],[130.731373891,33.930812558999996],[130.731427756,33.930878694],[130.731619027,33.93069697300001],[130.731654994,33.930500306],[130.731298521,33.929941802],[130.73196406,33.929491],[130.732472698,33.928922613],[130.732616913,33.929049162],[130.73273192,33.928971694000005],[130.732647808,33.928886748],[130.732907912,33.928758667],[130.732976835,33.928855198],[130.733605616,33.928673892],[130.734347756,33.928694973],[130.734392724,33.928530414],[130.734886783,33.928682495],[130.734978392,33.92864764],[130.734945473,33.928557387000005],[130.734330999,33.92837655900001],[130.733251051,33.928361694],[130.732710467,33.928080468],[130.732495746,33.927741],[130.733694449,33.92737536],[130.733820052,33.92753919799999],[130.734081284,33.927671748],[130.734587665,33.92768386499999],[130.734800363,33.92777158599999],[130.735030726,33.928199108],[130.735078716,33.92816916200001],[130.73552917,33.928747279],[130.736395162,33.929365667000006],[130.736529364,33.929907468],[130.7375,33.92973876262626],[130.7375,33.92964907363538],[130.736575668,33.929795775],[130.735970856,33.927361252],[130.7375,33.92709691018725],[130.7375,33.925],[130.725,33.925000000000004],[130.725,33.93333333333333],[130.7286961351261,33.93333333333334],[130.728667613,33.933257892],[130.729501634,33.93303927899999],[130.729339001,33.932608108],[130.728504553,33.93282682900001],[130.728246031,33.932143532],[130.729139585,33.931909279],[130.729100506,33.931783333],[130.728902335,33.931786694],[130.728630778,33.931941081],[130.72820613500002,33.932038135],[130.728028223,33.931551495],[130.727846887,33.93154],[130.72790192,33.930999694],[130.729563333,33.931139224999995],[130.729622918,33.931317441],[130.729492802,33.931517946],[130.729515837,33.931694252],[130.729942918,33.93250522500001],[130.730011089,33.932325865],[130.729679948,33.931789027],[130.730714747,33.93149005400001],[130.731142049,33.932472413999996],[130.730772996,33.93150244099999],[130.731354358,33.931343946],[130.731557276,33.931211027],[130.731484228,33.93115191900001],[130.731310246,33.931267306],[130.731289663,33.931213694],[130.73087166,33.931324865],[130.73078166,33.930948694],[130.730903696,33.930670441]]],[[[130.73746132300002,33.930717269999995],[130.7375,33.93052455318342],[130.737391595,33.930674991],[130.73746132300002,33.930717269999995]]],[[[130.730783671,33.932827495],[130.730626252,33.932972414],[130.730720661,33.933012108],[130.73052641979845,33.93333333333333],[130.73069258079838,33.93333333333333],[130.73095489,33.93289946800001],[130.730783671,33.932827495]]],[[[130.731991479,33.932861054],[130.731878755,33.93296694599999],[130.73148883264528,33.93333333333333],[130.7316529956453,33.93333333333333],[130.732083307,33.93292897300001],[130.731991479,33.932861054]]]]}},{"type":"Feature","id":"40100:50307519","properties":{"id":"40100:50307519","meshCode":"50307519","cityCode":"40100","city":"北九州市","lat":33.9290352,"lon":130.7441944,"areaKm2":0.988947,"populated2020":true,"population2020":7.046,"populationNote":"収録500mメッシュ人口の合算（原典収録外は補完しない）"},"geometry":{"type":"MultiPolygon","coordinates":[[[[130.738011284,33.927200613000004],[130.738127445,33.927410135],[130.7394693260763,33.93333333333334],[130.75,33.93333333333332],[130.75,33.925],[130.7375,33.925],[130.7375,33.92709691018725],[130.738013696,33.927008108],[130.738011284,33.927200613000004]]],[[[130.7375,33.92973876262626],[130.737749559,33.92969538700001],[130.737726031,33.929609162],[130.7375,33.92964907363538],[130.7375,33.92973876262626]]],[[[130.737830506,33.930103919],[130.7375,33.93052455318342],[130.7375,33.93066913876586],[130.737886109,33.930188649],[130.738399429,33.930098595],[130.738369248,33.930011748],[130.737830506,33.930103919]]]]}},{"type":"Feature","id":"40100:50307610","properties":{"id":"40100:50307610","meshCode":"50307610","cityCode":"40100","city":"北九州市","lat":33.9293754,"lon":130.7561038,"areaKm2":1.0109031,"populated2020":false,"population2020":null,"populationNote":"境界またぎ・収録外等のため人口未集計"},"geometry":{"type":"Polygon","coordinates":[[[130.7524699480001,33.92592389200013],[130.75196243799996,33.925],[130.75,33.925],[130.75,33.93333333333332],[130.7625,33.93333333333332],[130.7625,33.926714723745704],[130.75801457800003,33.925],[130.7577642540001,33.925],[130.757491051,33.925498108000056],[130.75618961100008,33.925000000000004],[130.75486868999997,33.92499999999999],[130.7524699480001,33.92592389200013]]]}},{"type":"Feature","id":"40100:50307611","properties":{"id":"40100:50307611","meshCode":"50307611","cityCode":"40100","city":"北九州市","lat":33.929804,"lon":130.7666339,"areaKm2":0.4163617,"populated2020":false,"population2020":null,"populationNote":"境界またぎ・収録外等のため人口未集計"},"geometry":{"type":"MultiPolygon","coordinates":[[[[130.76912700399998,33.925],[130.77455291800007,33.927068360000135],[130.774628807,33.926922162000096],[130.775,33.9270615860001],[130.775,33.925],[130.76912700399998,33.925]]],[[[130.76880119299994,33.92912313500006],[130.7625,33.926714723745704],[130.7625,33.93333333333332],[130.76879316499938,33.93333333333333],[130.76880119299994,33.92912313500006]]]]}},{"type":"Feature","id":"40100:50307612","properties":{"id":"40100:50307612","meshCode":"50307612","cityCode":"40100","city":"北九州市","lat":33.9290167,"lon":130.7816959,"areaKm2":0.9880216,"populated2020":false,"population2020":null,"populationNote":"境界またぎ・収録外等のため人口未集計"},"geometry":{"type":"Polygon","coordinates":[[[130.77531980499998,33.927181721000004],[130.77722153010475,33.93333333333333],[130.7875,33.93333333333333],[130.7875,33.925000000000004],[130.775,33.925],[130.775,33.9270615860001],[130.77531980499998,33.927181721000004]]]}},{"type":"Feature","id":"40100:50307613","properties":{"id":"40100:50307613","meshCode":"50307613","cityCode":"40100","city":"北九州市","lat":33.9288928,"lon":130.7935953,"areaKm2":0.9960923,"populated2020":false,"population2020":null,"populationNote":"境界またぎ・収録外等のため人口未集計"},"geometry":{"type":"Polygon","coordinates":[[[130.8,33.925000000000004],[130.7875,33.925000000000004],[130.7875,33.93333333333333],[130.8,33.932197198000104],[130.8,33.925000000000004]]]}},{"type":"Feature","id":"40100:50307614","properties":{"id":"40100:50307614","meshCode":"50307614","cityCode":"40100","city":"北九州市","lat":33.9284123,"lon":130.8053284,"areaKm2":0.7210271,"populated2020":false,"population2020":null,"populationNote":"境界またぎ・収録外等のため人口未集計"},"geometry":{"type":"MultiPolygon","coordinates":[[[[130.8,33.932197198000104],[130.80910124499997,33.931461252000126],[130.8125,33.929629653376324],[130.8125,33.92957934980775],[130.80904980499997,33.931438640000074],[130.807435499,33.93154764000002],[130.80652194600012,33.92962105400011],[130.8125,33.92639482453116],[130.8125,33.925000000000004],[130.8,33.925000000000004],[130.8,33.932197198000104]]],[[[130.8125,33.93123452319928],[130.809851388,33.932669135],[130.80231980140198,33.93333333333333],[130.8125,33.93333333333333],[130.8125,33.93161220898656],[130.812305811,33.93136166699999],[130.8125,33.93123452319928]]]]}},{"type":"Feature","id":"40100:50307615","properties":{"id":"40100:50307615","meshCode":"50307615","cityCode":"40100","city":"北九州市","lat":33.9259537,"lon":130.8144155,"areaKm2":0.2930207,"populated2020":false,"population2020":null,"populationNote":"境界またぎ・収録外等のため人口未集計"},"geometry":{"type":"MultiPolygon","coordinates":[[[[130.81592744499994,33.926479775000026],[130.81706275,33.92499999999999],[130.8125,33.925000000000004],[130.8125,33.92639482453116],[130.815128716,33.92695082900007],[130.81592744499994,33.926479775000026]]],[[[130.818659222,33.925669108],[130.815745032,33.929470387],[130.8125,33.93125609832776],[130.820217639,33.927094440999994],[130.82074856,33.92788936],[130.820235914,33.927084640000004],[130.820738975,33.92683561300001],[130.820738781,33.926770892],[130.820189728,33.926581279],[130.820175357,33.926464054],[130.819698495,33.925990081],[130.819461219,33.925620162],[130.818659222,33.925669108]]],[[[130.81335786,33.92911705400002],[130.8125,33.929629653376324],[130.81338535700013,33.9291525320001],[130.81335786,33.92911705400002]]],[[[130.8125,33.93333333333333],[130.81383413725837,33.93333333333333],[130.8125,33.93161220898656],[130.8125,33.93333333333333]]],[[[130.820970584,33.928309135],[130.821626329,33.92926725200001],[130.821006005,33.928293495],[130.820970584,33.928309135]]],[[[130.822807665,33.93100602700001],[130.821839079,33.929688441],[130.822255058,33.93037491900001],[130.818599339,33.932345054],[130.818418418,33.932111892],[130.81615802838311,33.93333333333333],[130.825,33.93333333333333],[130.825,33.931787829],[130.822807665,33.93100602700001]]]]}},{"type":"Feature","id":"40100:50307616","properties":{"id":"40100:50307616","meshCode":"50307616","cityCode":"40100","city":"北九州市","lat":33.9326836,"lon":130.8266334,"areaKm2":0.0349473,"populated2020":false,"population2020":null,"populationNote":"境界またぎ・収録外等のため人口未集計"},"geometry":{"type":"MultiPolygon","coordinates":[[[[130.8375,33.925000000000004],[130.836932944,33.925000000000004],[130.8375,33.925208805148884],[130.8375,33.925000000000004]]],[[[130.82933408693486,33.93333333333332],[130.826930921,33.932476414],[130.825,33.931787829],[130.825,33.93333333333333],[130.82933408693486,33.93333333333332]]]]}},{"type":"Feature","id":"40100:50307617","properties":{"id":"40100:50307617","meshCode":"50307617","cityCode":"40100","city":"北九州市","lat":33.926364,"lon":130.8453677,"areaKm2":0.2882277,"populated2020":false,"population2020":null,"populationNote":"境界またぎ・収録外等のため人口未集計"},"geometry":{"type":"Polygon","coordinates":[[[130.8375,33.925208805148884],[130.843353333,33.927385973],[130.843396861,33.927303532],[130.843935772,33.927501586],[130.84402358,33.92733553200001],[130.844234578,33.927413054000006],[130.844147224,33.927578387000004],[130.844691115,33.927778251999996],[130.844646304,33.927863054],[130.847949611,33.92838858599999],[130.84882939,33.926738414],[130.848947134,33.926699892],[130.848092892,33.928408135000005],[130.85,33.928691468000004],[130.85,33.925],[130.8375,33.925000000000004],[130.8375,33.925208805148884]]]}},{"type":"Feature","id":"40100:50307618","properties":{"id":"40100:50307618","meshCode":"50307618","cityCode":"40100","city":"北九州市","lat":33.9270613,"lon":130.8534849,"areaKm2":0.2873215,"populated2020":false,"population2020":null,"populationNote":"境界またぎ・収録外等のため人口未集計"},"geometry":{"type":"MultiPolygon","coordinates":[[[[130.859213696,33.925000000000004],[130.859503217,33.925106225],[130.85990160800003,33.925000000000004],[130.859213696,33.925000000000004]]],[[[130.856666031,33.92618941399999],[130.85662297,33.926203252],[130.856654527,33.92621364000001],[130.856666031,33.92618941399999]]],[[[130.85986856,33.926376225],[130.857288171,33.928594972999996],[130.856313995,33.928237586],[130.856303411,33.928159306],[130.856877756,33.926999865000006],[130.856680052,33.926927306],[130.856495888,33.926512360000004],[130.856607393,33.92620719799999],[130.857244449,33.925],[130.85,33.925],[130.85,33.928691468000004],[130.855030921,33.929487],[130.856841505,33.929009721],[130.85986856,33.926376225]]]]}},{"type":"Feature","id":"40100:50307715","properties":{"id":"40100:50307715","meshCode":"50307715","cityCode":"40100","city":"北九州市","lat":33.9289906,"lon":130.9460227,"areaKm2":0.6736154,"populated2020":true,"population2020":1921.3577,"populationNote":"収録500mメッシュ人口の合算（原典収録外は補完しない）"},"geometry":{"type":"Polygon","coordinates":[[[130.94145841800014,33.925000000000004],[130.94174236100014,33.92574288299994],[130.94168116700018,33.92575716199996],[130.94183077800008,33.92598066700008],[130.94184581100012,33.92711274800008],[130.94036861200004,33.92670630600003],[130.93980856000007,33.92513422500008],[130.9398648120001,33.925000000000004],[130.9397743840001,33.92512338700005],[130.94185005200006,33.930896081000014],[130.9407076650001,33.92765174800008],[130.94184586300014,33.927965613000026],[130.9428871340001,33.93107141400003],[130.94243919600012,33.93174544099996],[130.9433984702013,33.93333333333333],[130.95,33.93333333333333],[130.95,33.925],[130.94145841800014,33.925000000000004]]]}},{"type":"Feature","id":"40100:50307716","properties":{"id":"40100:50307716","meshCode":"50307716","cityCode":"40100","city":"北九州市","lat":33.9291667,"lon":130.95625,"areaKm2":1.0681119,"populated2020":true,"population2020":33.1533,"populationNote":"収録500mメッシュ人口の合算（原典収録外は補完しない）"},"geometry":{"type":"Polygon","coordinates":[[[130.9625,33.925000000000004],[130.95,33.925],[130.95,33.93333333333333],[130.9625,33.93333333333333],[130.9625,33.925000000000004]]]}},{"type":"Feature","id":"40100:50307717","properties":{"id":"40100:50307717","meshCode":"50307717","cityCode":"40100","city":"北九州市","lat":33.9291667,"lon":130.96875,"areaKm2":1.0681116,"populated2020":true,"population2020":619.098,"populationNote":"収録500mメッシュ人口の合算（原典収録外は補完しない）"},"geometry":{"type":"Polygon","coordinates":[[[130.975,33.925],[130.9625,33.925000000000004],[130.9625,33.93333333333333],[130.975,33.93333333333333],[130.975,33.925]]]}},{"type":"Feature","id":"40100:50307718","properties":{"id":"40100:50307718","meshCode":"50307718","cityCode":"40100","city":"北九州市","lat":33.9291667,"lon":130.98125,"areaKm2":1.0681116,"populated2020":true,"population2020":1058.508,"populationNote":"収録500mメッシュ人口の合算（原典収録外は補完しない）"},"geometry":{"type":"Polygon","coordinates":[[[130.9875,33.925000000000004],[130.975,33.925],[130.975,33.93333333333333],[130.9875,33.93333333333333],[130.9875,33.925000000000004]]]}},{"type":"Feature","id":"40100:50307719","properties":{"id":"40100:50307719","meshCode":"50307719","cityCode":"40100","city":"北九州市","lat":33.9291667,"lon":130.99375,"areaKm2":1.0681114,"populated2020":true,"population2020":663.8618,"populationNote":"収録500mメッシュ人口の合算（原典収録外は補完しない）"},"geometry":{"type":"Polygon","coordinates":[[[131.0,33.925000000000004],[130.9875,33.925000000000004],[130.9875,33.93333333333333],[131.0,33.93333333333333],[131.0,33.925000000000004]]]}},{"type":"Feature","id":"40100:50317010","properties":{"id":"40100:50317010","meshCode":"50317010","cityCode":"40100","city":"北九州市","lat":33.9298008,"lon":131.0043069,"areaKm2":0.6766216,"populated2020":true,"population2020":395.4613,"populationNote":"収録500mメッシュ人口の合算（原典収録外は補完しない）"},"geometry":{"type":"Polygon","coordinates":[[[131.006205422,33.926764225000106],[131.00497666700005,33.92611016200004],[131.00371364500018,33.925283774999976],[131.0034106100001,33.925],[131.00282832699997,33.925],[131.00368564199994,33.92576064000008],[131.00326630400002,33.92556813500005],[131.00301116700018,33.925536495000124],[131.00299072600012,33.925642278999995],[131.00356255500014,33.92584241400011],[131.00358810600017,33.925939973000084],[131.00374180300003,33.92599902700004],[131.00372525300008,33.92609253200004],[131.00426302200003,33.926248305999934],[131.00418547300012,33.926316225],[131.00356732800003,33.926168441000016],[131.00366282700008,33.92612238700007],[131.00364347599998,33.92601797300001],[131.00331542200001,33.925978306],[131.00293955900008,33.92572216200011],[131.00290202300005,33.925433721],[131.002358158,33.92548337800009],[131.00156173800008,33.925000000000004],[131.0,33.925000000000004],[131.0,33.93333333333333],[131.00905918917323,33.93333333333333],[131.00985683499994,33.93253857699999],[131.00985238700002,33.93184141399996],[131.01003212700004,33.93169149500011],[131.01022968899997,33.931687135000125],[131.010366719,33.931545387000085],[131.01033114100005,33.93149869400003],[131.01054442300017,33.93129210800003],[131.01046416300005,33.93124108099994],[131.01059102500005,33.931222693999935],[131.01051542200014,33.93114253200008],[131.010593696,33.93094119800009],[131.010831414,33.930694027000015],[131.01065272400012,33.93069369400008],[131.01060810600018,33.93031555900013],[131.00987883300013,33.93001627900003],[131.00883036300002,33.92981330600002],[131.00847632900002,33.92965219800004],[131.00815447500008,33.929091946000035],[131.0083923090001,33.928853919],[131.00820455300016,33.92892955900004],[131.00793466900006,33.92885230600012],[131.00738574599995,33.92781719800008],[131.00675350200004,33.92716255900002],[131.006205422,33.926764225000106]]]}},{"type":"Feature","id":"40100:50307524","properties":{"id":"40100:50307524","meshCode":"50307524","cityCode":"40100","city":"北九州市","lat":33.9350366,"lon":130.6842481,"areaKm2":0.1699827,"populated2020":true,"population2020":134.0977,"populationNote":"収録500mメッシュ人口の合算（原典収録外は補完しない）"},"geometry":{"type":"MultiPolygon","coordinates":[[[[130.682533139,33.937391441],[130.682676835,33.93751819799999],[130.68274192,33.937433000000006],[130.682660117,33.93730702700002],[130.682533139,33.937391441]]],[[[130.682900558,33.937605198],[130.683129144,33.937401640000004],[130.683269416,33.937384829],[130.683264358,33.937245081],[130.683561362,33.937242441],[130.68476581100003,33.93596674799999],[130.684881971,33.935967135],[130.684935888,33.936072495],[130.685186057,33.935932135],[130.685255694,33.936028775],[130.685160921,33.936272532000004],[130.685262827,33.93632353200002],[130.685880337,33.935808387],[130.685974034,33.935979135],[130.686033554,33.935967829000006],[130.6875,33.93437777835107],[130.6875,33.93333333333333],[130.6844492740075,33.93333333333333],[130.683904423,33.93356568499999],[130.683520739,33.933889558999994],[130.683128612,33.93363041400001],[130.6834201946865,33.93333333333334],[130.68330941568746,33.93333333333333],[130.682890636,33.93378],[130.6822081715093,33.93333333333333],[130.68178014268372,33.93333333333333],[130.681607639,33.93351513499999],[130.682272049,33.933951279000006],[130.68203572,33.934022775],[130.681544968,33.934571135],[130.681605616,33.93461197300001],[130.681696589,33.934556748],[130.681656329,33.934758414],[130.681715772,33.93468753199999],[130.681842802,33.93470516199999],[130.681557173,33.935073829],[130.681727613,33.935024495],[130.681752581,33.935201829],[130.682339689,33.934604108],[130.68252358,33.934750919],[130.681965084,33.935367279],[130.681819805,33.935770748],[130.681665863,33.935953],[130.68166124500002,33.936321441],[130.681759754,33.936529721],[130.681652996,33.936395559],[130.681517419,33.936390162],[130.681257523,33.93670710800001],[130.68132847,33.936764495],[130.68150077800001,33.936649865],[130.681557393,33.936732162],[130.681646524,33.93660372099999],[130.681437276,33.936914198],[130.68150708200002,33.937133802],[130.681635447,33.937191333],[130.681873891,33.93705146800001],[130.681953839,33.936765162],[130.682079364,33.936767775],[130.682681193,33.936173829],[130.68246214,33.93650161299999],[130.682436719,33.93687836],[130.682505473,33.937053829],[130.682599611,33.936944721],[130.682790246,33.93690625200001],[130.682647834,33.937233775],[130.682741725,33.93739082900001],[130.682768911,33.937520080999995],[130.682900558,33.937605198]]],[[[130.682575914,33.93758653199999],[130.682642503,33.93759253199999],[130.682667328,33.937545387],[130.682610026,33.937516081],[130.682575914,33.93758653199999]]],[[[130.682588029,33.937644135000006],[130.682526498,33.93760719800001],[130.682518664,33.937646532],[130.682588029,33.937644135000006]]],[[[130.682696226,33.937681802],[130.682623476,33.937637972999994],[130.682617302,33.93772469400001],[130.682696226,33.937681802]]],[[[130.682543087,33.937684495],[130.68247655,33.93768419800001],[130.682438716,33.937737802],[130.6824962,33.93775300000001],[130.682543087,33.937684495]]],[[[130.682639689,33.93809202700001],[130.682570467,33.93811500000001],[130.68256869,33.938159919],[130.682639689,33.93809202700001]]],[[[130.685738106,33.93600836],[130.68567775600002,33.936098559],[130.685710078,33.936154721],[130.685841362,33.936055251999996],[130.685738106,33.93600836]]],[[[130.685635837,33.93614327899999],[130.685561556,33.936218802000006],[130.685686161,33.936219135],[130.685635837,33.93614327899999]]],[[[130.684651946,33.936158054],[130.68423869,33.93657658600001],[130.684326589,33.936741586000004],[130.684786057,33.936301918999995],[130.684774527,33.936147829],[130.684651946,33.936158054]]],[[[130.68480866400003,33.936542468],[130.684663671,33.93705438700001],[130.684965331,33.936762919],[130.68501891100001,33.936560973],[130.68480866400003,33.936542468]]],[[[130.684921971,33.937021586],[130.684819105,33.937032387],[130.684858521,33.937076278999996],[130.684921971,33.937021586]]],[[[130.684595811,33.937050892],[130.684472244,33.937158721],[130.68449380000004,33.937198721],[130.684632555,33.93710580199999],[130.684595811,33.937050892]]],[[[130.68446511,33.93726038700001],[130.68437703,33.93725825199999],[130.684428755,33.937291919],[130.68446511,33.93726038700001]]]]}},{"type":"Feature","id":"40100:50307525","properties":{"id":"40100:50307525","meshCode":"50307525","cityCode":"40100","city":"北九州市","lat":33.9353279,"lon":130.6955046,"areaKm2":0.4096341,"populated2020":true,"population2020":74.1906,"populationNote":"収録500mメッシュ人口の合算（原典収録外は補完しない）"},"geometry":{"type":"Polygon","coordinates":[[[130.6875,33.93437777835107],[130.689276524,33.934547694],[130.689804527,33.934721162],[130.690526667,33.935079919],[130.691544994,33.93516713500001],[130.692395616,33.935364559],[130.693322114,33.935902],[130.693542827,33.936251467999995],[130.693618742,33.936711757000005],[130.694348612,33.93718936],[130.694789442,33.93757805399999],[130.695273476,33.937647784],[130.696555694,33.93812736900001],[130.697315188,33.938009054],[130.69808786,33.93807352299999],[130.698570687,33.93827657700001],[130.699114864,33.93875307199999],[130.699480558,33.938919045000006],[130.699906822,33.939276054],[130.7,33.939273631000006],[130.7,33.93333333333333],[130.6875,33.93333333333333],[130.6875,33.93437777835107]]]}},{"type":"Feature","id":"40100:50307526","properties":{"id":"40100:50307526","meshCode":"50307526","cityCode":"40100","city":"北九州市","lat":33.9357972,"lon":130.7060166,"areaKm2":0.6264926,"populated2020":true,"population2020":164.0481,"populationNote":"収録500mメッシュ人口の合算（原典収録外は補完しない）"},"geometry":{"type":"MultiPolygon","coordinates":[[[[130.7125,33.93333333333333],[130.7,33.93333333333333],[130.7,33.939273631000006],[130.700135253,33.939315739],[130.70040917,33.939219297],[130.70095844400004,33.93873745],[130.70125,33.93863727],[130.70162511,33.93855820699999],[130.702477237,33.938612467999995],[130.702623943,33.938637622],[130.702729922,33.938770775],[130.703200908,33.938616919],[130.703834449,33.93825526999999],[130.704826991,33.938118982],[130.706362101,33.938117514],[130.706697147,33.938299811],[130.706626018,33.93841189199999],[130.707335642,33.938162035999994],[130.707444643,33.93804436],[130.707650843,33.93807271200001],[130.70743997400004,33.938397963999996],[130.708308949,33.937698378],[130.708867224,33.937637667000004],[130.709353865,33.937777865],[130.709809416,33.937549559],[130.711207367,33.937898162],[130.711222412,33.937952387],[130.711445084,33.937911973000006],[130.712236887,33.938370135],[130.712476329,33.93835158600001],[130.7125,33.93333333333333]]],[[[130.711944306,33.93925655899999],[130.71201061,33.939423054],[130.712198885,33.939241279],[130.71230978,33.93930791900001],[130.712340921,33.939179586],[130.712238366,33.939059694000015],[130.712383476,33.93904525199999],[130.712301167,33.938937775],[130.71204153,33.93887991900001],[130.711944306,33.93925655899999]]]]}},{"type":"Feature","id":"40100:50307527","properties":{"id":"40100:50307527","meshCode":"50307527","cityCode":"40100","city":"北九州市","lat":33.9352506,"lon":130.7171452,"areaKm2":0.4059791,"populated2020":false,"population2020":null,"populationNote":"境界またぎ・収録外等のため人口未集計"},"geometry":{"type":"MultiPolygon","coordinates":[[[[130.712617108,33.938310081],[130.712765837,33.938410135],[130.712780389,33.938587162],[130.712707912,33.938616586],[130.712812088,33.93868380199999],[130.713015383,33.938639027],[130.713761089,33.938914027],[130.713969663,33.938329720999995],[130.714777691,33.93759164000001],[130.714995694,33.93751819799999],[130.71562786,33.93758836],[130.715994112,33.937396441000004],[130.716545058,33.93733172100001],[130.716809559,33.93739210799999],[130.717116057,33.937603892000006],[130.717269222,33.937607748],[130.717484112,33.93749564],[130.717902387,33.937040198],[130.718409468,33.936789333],[130.718431284,33.936939865],[130.71897144,33.937052802],[130.719160506,33.93686464],[130.718930026,33.936754197999996],[130.718929974,33.936604892],[130.719234112,33.936287225],[130.719638444,33.936156495],[130.719840363,33.936217287999995],[130.719883593,33.936149216],[130.720028612,33.93616406300001],[130.720243787,33.936056441],[130.720349909,33.935923243],[130.720463307,33.935914216],[130.720475279,33.935756009],[130.720754163,33.93552230600001],[130.720956991,33.935484901],[130.721177354,33.935305369],[130.721561336,33.935224802],[130.721650026,33.93488986500001],[130.721806226,33.934798414],[130.722111997,33.93470094600001],[130.7222638,33.934753558999994],[130.72234406,33.934659613],[130.723309339,33.934673054],[130.725,33.934434054],[130.725,33.93333333333333],[130.7125,33.93333333333333],[130.7125,33.93833660283927],[130.712617108,33.938310081]]],[[[130.712722335,33.938701279],[130.712709442,33.93871125199999],[130.71272166,33.938711198],[130.712722335,33.938701279]]],[[[130.712817276,33.938742495],[130.712861803,33.938758829],[130.712858716,33.93873964],[130.712817276,33.938742495]]],[[[130.71288819700004,33.938761081],[130.712918054,33.938791892],[130.712907328,33.938761306],[130.71288819700004,33.938761081]]],[[[130.713795668,33.939023667],[130.714059027,33.939138054],[130.714180636,33.939094441],[130.713958418,33.93897572099999],[130.713795668,33.939023667]]],[[[130.713495331,33.93929516199999],[130.713536278,33.939209333],[130.713304228,33.939091495],[130.713304306,33.939125829000005],[130.713495331,33.93929516199999]]],[[[130.71712489,33.938202387],[130.71698847,33.938243919],[130.71705869,33.938399694],[130.716913917,33.93844464],[130.716977834,33.93847713499999],[130.716911025,33.938497721],[130.716963256,33.93870136],[130.717233606,33.93859908100001],[130.717307134,33.938439054],[130.717452218,33.938367891999995],[130.717061414,33.938128495],[130.71712489,33.938202387]]],[[[130.714300506,33.939288748],[130.713991997,33.939153946000005],[130.713953943,33.93924736000001],[130.714168975,33.93931964000001],[130.714300506,33.939288748]]]]}},{"type":"Feature","id":"40100:50307528","properties":{"id":"40100:50307528","meshCode":"50307528","cityCode":"40100","city":"北九州市","lat":33.9340618,"lon":130.7274202,"areaKm2":0.0599351,"populated2020":true,"population2020":21.2385,"populationNote":"収録500mメッシュ人口の合算（原典収録外は補完しない）"},"geometry":{"type":"MultiPolygon","coordinates":[[[[130.73131503200003,33.93377654100001],[130.731271375,33.93369187400001],[130.7316529956453,33.93333333333333],[130.73148883264528,33.93333333333333],[130.731165227,33.933637441],[130.730214527,33.93397944099999],[130.730524643,33.933466802],[130.73059418900002,33.933496000000005],[130.73069258079838,33.93333333333333],[130.73052641979845,33.93333333333333],[130.730043139,33.934132613],[130.72908703,33.934366559],[130.7286961351261,33.93333333333334],[130.725,33.93333333333333],[130.725,33.934434054],[130.726365863,33.934514532],[130.727337445,33.934716667],[130.727491414,33.934842613],[130.727709416,33.934829559],[130.728121051,33.934984559],[130.728356628,33.935232035999995],[130.72851987,33.935637595],[130.728619909,33.935677305999995],[130.728833398,33.936234252],[130.728796005,33.935988586],[130.728855447,33.935972748000005],[130.728733346,33.935652667],[130.728787834,33.935559739],[130.728686291,33.935517225],[130.728481089,33.934972378],[130.728707341,33.93467731500001],[130.728645888,33.934578279],[130.73009284,33.93418059500001],[130.730156394,33.934232847],[130.73131503200003,33.93377654100001]]],[[[130.727500169,33.93497769399999],[130.727411725,33.93483405399999],[130.727497224,33.935019532],[130.727500169,33.93497769399999]]],[[[130.727634501,33.934950666999995],[130.727578638,33.934935495],[130.727608003,33.934987829],[130.727634501,33.934950666999995]]]]}},{"type":"Feature","id":"40100:50307529","properties":{"id":"40100:50307529","meshCode":"50307529","cityCode":"40100","city":"北九州市","lat":33.9360476,"lon":130.7459515,"areaKm2":0.467468,"populated2020":false,"population2020":null,"populationNote":"境界またぎ・収録外等のため人口未集計"},"geometry":{"type":"Polygon","coordinates":[[[130.739674604,33.934230432],[130.743035798,33.935083829],[130.743035798,33.938807198000006],[130.742687108,33.938807198],[130.742687134,33.939061667],[130.7398807,33.939056468000004],[130.73989022,33.936920721],[130.739789611,33.93692464],[130.739781582,33.93913497300001],[130.75,33.939153801999964],[130.75,33.93333333333332],[130.7394693260763,33.93333333333334],[130.739674604,33.934230432]]]}},{"type":"Feature","id":"40100:50307620","properties":{"id":"40100:50307620","meshCode":"50307620","cityCode":"40100","city":"北九州市","lat":33.9373804,"lon":130.7557892,"areaKm2":0.8568366,"populated2020":false,"population2020":null,"populationNote":"境界またぎ・収録外等のため人口未集計"},"geometry":{"type":"Polygon","coordinates":[[[130.76007703000016,33.93961474800011],[130.760102049,33.93393074800002],[130.7625,33.933935952166536],[130.7625,33.93333333333332],[130.75,33.93333333333332],[130.75,33.939153801999964],[130.75261457800013,33.93915602700009],[130.75260992200077,33.94166666666667],[130.7625,33.94166666666667],[130.7625,33.93989906538807],[130.76007703000016,33.93961474800011]]]}},{"type":"Feature","id":"40100:50307621","properties":{"id":"40100:50307621","meshCode":"50307621","cityCode":"40100","city":"北九州市","lat":33.9336346,"lon":130.7656463,"areaKm2":0.1296698,"populated2020":false,"population2020":null,"populationNote":"境界またぎ・収録外等のため人口未集計"},"geometry":{"type":"MultiPolygon","coordinates":[[[[130.76875,33.933949191287965],[130.76879316499938,33.93333333333333],[130.7625,33.93333333333332],[130.7625,33.933935952166536],[130.76875,33.933949191287965]]],[[[130.7625,33.94166666666667],[130.76878330700097,33.94166666666666],[130.768785772,33.940629694000044],[130.7625,33.93989906538807],[130.7625,33.94166666666667]]]]}},{"type":"Feature","id":"40100:50307622","properties":{"id":"40100:50307622","meshCode":"50307622","cityCode":"40100","city":"北九州市","lat":33.9337848,"lon":130.7800878,"areaKm2":0.368766,"populated2020":false,"population2020":null,"populationNote":"境界またぎ・収録外等のため人口未集計"},"geometry":{"type":"MultiPolygon","coordinates":[[[[130.77751457800002,33.93426694599993],[130.7865889110001,33.93343325200004],[130.78660198399996,33.93355778400007],[130.78695827500007,33.93352500000001],[130.7869451360001,33.933394954999976],[130.7875,33.93333333333333],[130.77722153010475,33.93333333333333],[130.77751457800002,33.93426694599993]]],[[[130.780713943,33.935227667],[130.780351803,33.935436829000004],[130.78049847,33.935482],[130.780786252,33.935424441],[130.780795914,33.93536305400001],[130.784086744,33.93505410800001],[130.784014449,33.935239829000004],[130.784157367,33.935188306],[130.784141997,33.94050872100001],[130.777433087,33.940475387],[130.77743053200072,33.94166666666667],[130.7875,33.94166666666667],[130.7875,33.934690333598425],[130.780766667,33.93530044100001],[130.780713943,33.935227667]]]]}},{"type":"Feature","id":"40100:50307623","properties":{"id":"40100:50307623","meshCode":"50307623","cityCode":"40100","city":"北九州市","lat":33.9378849,"lon":130.7939077,"areaKm2":0.9674945,"populated2020":false,"population2020":null,"populationNote":"境界またぎ・収録外等のため人口未集計"},"geometry":{"type":"MultiPolygon","coordinates":[[[[130.7875,33.93334636739128],[130.78765330308025,33.93333333333333],[130.7875,33.93333333333333],[130.7875,33.93334636739128]]],[[[130.8,33.933546721],[130.7875,33.934690333598425],[130.7875,33.94166666666667],[130.8,33.94166666666666],[130.8,33.933546721]]]]}},{"type":"Feature","id":"40100:50307624","properties":{"id":"40100:50307624","meshCode":"50307624","cityCode":"40100","city":"北九州市","lat":33.9375098,"lon":130.8062631,"areaKm2":1.0654753,"populated2020":true,"population2020":9.1801,"populationNote":"収録500mメッシュ人口の合算（原典収録外は補完しない）"},"geometry":{"type":"Polygon","coordinates":[[[130.8,33.933546721],[130.8,33.94166666666666],[130.8125,33.94166666666667],[130.8125,33.93333333333333],[130.80231980140198,33.93333333333333],[130.8,33.933546721]]]}},{"type":"Feature","id":"40100:50307625","properties":{"id":"40100:50307625","meshCode":"50307625","cityCode":"40100","city":"北九州市","lat":33.9375386,"lon":130.818789,"areaKm2":1.0574749,"populated2020":false,"population2020":null,"populationNote":"境界またぎ・収録外等のため人口未集計"},"geometry":{"type":"Polygon","coordinates":[[[130.814520143,33.934218135],[130.81383413725837,33.93333333333333],[130.8125,33.93333333333333],[130.8125,33.94166666666667],[130.825,33.94166666666667],[130.825,33.93333333333333],[130.81615802838311,33.93333333333333],[130.814520143,33.934218135]]]}},{"type":"Feature","id":"40100:50307626","properties":{"id":"40100:50307626","meshCode":"50307626","cityCode":"40100","city":"北九州市","lat":33.9379578,"lon":130.8307304,"areaKm2":0.9296884,"populated2020":true,"population2020":2.0462,"populationNote":"収録500mメッシュ人口の合算（原典収録外は補完しない）"},"geometry":{"type":"Polygon","coordinates":[[[130.825,33.93333333333333],[130.825,33.94166666666667],[130.8375,33.94166666666667],[130.8375,33.936530726168606],[130.836293502,33.936101495],[130.836336589,33.93602466699999],[130.83535083,33.935669721],[130.835307082,33.93575064],[130.831543385,33.934411586],[130.831672581,33.93416516199999],[130.82933408693486,33.93333333333332],[130.825,33.93333333333333]]]}},{"type":"Feature","id":"40100:50307627","properties":{"id":"40100:50307627","meshCode":"50307627","cityCode":"40100","city":"北九州市","lat":33.9395295,"lon":130.8404142,"areaKm2":0.2587695,"populated2020":false,"population2020":null,"populationNote":"境界またぎ・収録外等のため人口未集計"},"geometry":{"type":"Polygon","coordinates":[[[130.839192309,33.937132721],[130.8375,33.936530726168606],[130.8375,33.94166666666667],[130.84212600540084,33.94166666666667],[130.845046226,33.939238252],[130.85,33.941016468],[130.839192309,33.937132721]]]}},{"type":"Feature","id":"40100:50307725","properties":{"id":"40100:50307725","meshCode":"50307725","cityCode":"40100","city":"北九州市","lat":33.9359756,"lon":130.9474647,"areaKm2":0.3033963,"populated2020":true,"population2020":648.6562,"populationNote":"収録500mメッシュ人口の合算（原典収録外は補完しない）"},"geometry":{"type":"Polygon","coordinates":[[[130.9433984702013,33.93333333333333],[130.94378635499993,33.933984721000115],[130.943687717,33.934114252000086],[130.94624413700012,33.938376495000064],[130.95,33.94005405400003],[130.95,33.93333333333333],[130.9433984702013,33.93333333333333]]]}},{"type":"Feature","id":"40100:50307726","properties":{"id":"40100:50307726","meshCode":"50307726","cityCode":"40100","city":"北九州市","lat":33.9373957,"lon":130.9563951,"areaKm2":1.038162,"populated2020":true,"population2020":977.7178,"populationNote":"収録500mメッシュ人口の合算（原典収録外は補完しない）"},"geometry":{"type":"Polygon","coordinates":[[[130.9625,33.93333333333333],[130.95,33.93333333333333],[130.95,33.94005405400003],[130.95361044025384,33.94166666666667],[130.9625,33.94166666666667],[130.9625,33.93333333333333]]]}},{"type":"Feature","id":"40100:50307727","properties":{"id":"40100:50307727","meshCode":"50307727","cityCode":"40100","city":"北九州市","lat":33.9375,"lon":130.96875,"areaKm2":1.0680091,"populated2020":true,"population2020":1999.9212,"populationNote":"収録500mメッシュ人口の合算（原典収録外は補完しない）"},"geometry":{"type":"Polygon","coordinates":[[[130.975,33.93333333333333],[130.9625,33.93333333333333],[130.9625,33.94166666666667],[130.975,33.94166666666667],[130.975,33.93333333333333]]]}},{"type":"Feature","id":"40100:50307728","properties":{"id":"40100:50307728","meshCode":"50307728","cityCode":"40100","city":"北九州市","lat":33.9375,"lon":130.98125,"areaKm2":1.0680088,"populated2020":true,"population2020":90.437,"populationNote":"収録500mメッシュ人口の合算（原典収録外は補完しない）"},"geometry":{"type":"Polygon","coordinates":[[[130.9875,33.93333333333333],[130.975,33.93333333333333],[130.975,33.94166666666667],[130.9875,33.94166666666667],[130.9875,33.93333333333333]]]}},{"type":"Feature","id":"40100:50307729","properties":{"id":"40100:50307729","meshCode":"50307729","cityCode":"40100","city":"北九州市","lat":33.9375,"lon":130.99375,"areaKm2":1.0680088,"populated2020":true,"population2020":88.1928,"populationNote":"収録500mメッシュ人口の合算（原典収録外は補完しない）"},"geometry":{"type":"Polygon","coordinates":[[[131.0,33.93333333333333],[130.9875,33.93333333333333],[130.9875,33.94166666666667],[131.0,33.94166666666667],[131.0,33.93333333333333]]]}},{"type":"Feature","id":"40100:50317020","properties":{"id":"40100:50317020","meshCode":"50317020","cityCode":"40100","city":"北九州市","lat":33.9376817,"lon":131.0045809,"areaKm2":0.7761294,"populated2020":true,"population2020":879.0238,"populationNote":"収録500mメッシュ人口の合算（原典収録外は補完しない）"},"geometry":{"type":"MultiPolygon","coordinates":[[[[131.01004847000002,33.93765469400011],[131.00881732799996,33.936708892000006],[131.0087901170001,33.936554865],[131.008770272,33.93673386500007],[131.00843360600004,33.936946387000035],[131.00835166000013,33.93697805400006],[131.00817027200003,33.93689027900001],[131.00809470800004,33.93496397299998],[131.0078617900001,33.93488412600004],[131.00779700399994,33.93454708100011],[131.00781491600014,33.93440653200014],[131.00834010400013,33.93372055900011],[131.00858339800016,33.93381855900009],[131.00905918917323,33.93333333333333],[131.0,33.93333333333333],[131.0,33.94166666666667],[131.01049544661083,33.94166666666666],[131.00992447499993,33.94112155900001],[131.00957919600012,33.940547333000104],[131.00954250300003,33.94016577499997],[131.009738664,33.93876966700009],[131.010043333,33.938215973000126],[131.00999572000012,33.938011919000076],[131.00984846999995,33.93796413500007],[131.01004847000002,33.93765469400011]]],[[[131.010070726,33.938413252],[131.010132698,33.938301892000005],[131.010112698,33.938279252000015],[131.01002635500004,33.938368973],[131.010070726,33.938413252]]],[[[131.01144953300002,33.94165069399997],[131.0114251624395,33.94166666666667],[131.0114789747906,33.94166666666667],[131.01144953300002,33.94165069399997]]]]}},{"type":"Feature","id":"40100:50307628","properties":{"id":"40100:50307628","meshCode":"50307628","cityCode":"40100","city":"北九州市","lat":33.9411229,"lon":130.8503761,"areaKm2":0.0003263,"populated2020":false,"population2020":null,"populationNote":"境界またぎ・収録外等のため人口未集計"},"geometry":{"type":"Polygon","coordinates":[[[130.850640752,33.941246054],[130.850686109,33.941164252],[130.85,33.940977162],[130.85,33.941016468],[130.850640752,33.941246054]]]}},{"type":"Feature","id":"40100:50317021","properties":{"id":"40100:50317021","meshCode":"50317021","cityCode":"40100","city":"北九州市","lat":33.9416078,"lon":131.0184929,"areaKm2":0.002409,"populated2020":false,"population2020":null,"populationNote":"境界またぎ・収録外等のため人口未集計"},"geometry":{"type":"MultiPolygon","coordinates":[[[[131.0144777816586,33.94166666666668],[131.01401700400015,33.94120961300001],[131.0139905320001,33.94129013500009],[131.013353113,33.94055780200001],[131.01330844400013,33.94058386500012],[131.01419549875948,33.94166666666667],[131.0144777816586,33.94166666666668]]],[[[131.01941108655768,33.94166666666668],[131.01826647200016,33.94154319799997],[131.01798805458867,33.94166666666667],[131.01941108655768,33.94166666666668]]]]}},{"type":"Feature","id":"40100:50307630","properties":{"id":"40100:50307630","meshCode":"50307630","cityCode":"40100","city":"北九州市","lat":33.9437642,"lon":130.7577986,"areaKm2":0.4189988,"populated2020":false,"population2020":null,"populationNote":"境界またぎ・収録外等のため人口未集計"},"geometry":{"type":"MultiPolygon","coordinates":[[[[130.75577700400015,33.94552338700004],[130.7611938130001,33.9462151890001],[130.76119454000002,33.94711309899998],[130.76126164699997,33.94711582000008],[130.76126094699998,33.946223765999996],[130.7625,33.94638189153634],[130.7625,33.94166666666667],[130.75260992200077,33.94166666666667],[130.75260325599993,33.945248467999924],[130.75577700400015,33.94552338700004]]],[[[130.759679831,33.949658532],[130.757924293,33.94844925200001],[130.757876576,33.94849719799999],[130.759534786,33.949660315],[130.759532568,33.95000000000001],[130.759680298,33.95000000000001],[130.759679831,33.949658532]]]]}},{"type":"Feature","id":"40100:50307631","properties":{"id":"40100:50307631","meshCode":"50307631","cityCode":"40100","city":"北九州市","lat":33.9443621,"lon":130.7657506,"areaKm2":0.3434818,"populated2020":false,"population2020":null,"populationNote":"境界またぎ・収録外等のため人口未集計"},"geometry":{"type":"MultiPolygon","coordinates":[[[[130.76878330700015,33.941666667],[130.7625,33.94166666666667],[130.7625,33.94638189153634],[130.76390676999995,33.94656091900009],[130.76390905300002,33.94773308100008],[130.76586452699996,33.94797963999998],[130.76627897499998,33.948504721],[130.76632447500003,33.94847974799995],[130.765896667,33.947937694000075],[130.76399302200014,33.947697],[130.764032412,33.94667094600004],[130.764891971,33.946780162000046],[130.76488988300002,33.947500279],[130.76501416299993,33.94751494600008],[130.76501625200012,33.94679589200007],[130.76587808,33.946905387000015],[130.76587600500014,33.947625865000134],[130.76600144000008,33.94764105400004],[130.76600341100016,33.94692130599999],[130.766545888,33.946990225000086],[130.766545577,33.947146829000076],[130.76692457800004,33.94713997300005],[130.76691856000014,33.94800300000001],[130.76664992200008,33.94815677500014],[130.7666819460001,33.94819558600011],[130.76694894900004,33.94804264000004],[130.76764761300012,33.94812744100005],[130.76765564200016,33.948081667000004],[130.7670271730001,33.94800546799997],[130.76703352799998,33.94709122500012],[130.76869252900008,33.94731119800008],[130.76868627800013,33.94825797300002],[130.76816766499996,33.94864372100011],[130.76868569399994,33.94832099999999],[130.769722581,33.94899700000014],[130.76976642,33.94895030600002],[130.7687626720001,33.94829599999999],[130.76878330700015,33.941666667]]],[[[130.76618061,33.94898130600001],[130.766400246,33.94898182899999],[130.767116667,33.948581946000004],[130.767076472,33.948531829],[130.766378223,33.94892136],[130.766180895,33.948920919],[130.76618061,33.94898130600001]]]]}},{"type":"Feature","id":"40100:50307632","properties":{"id":"40100:50307632","meshCode":"50307632","cityCode":"40100","city":"北九州市","lat":33.9439022,"lon":130.7824573,"areaKm2":0.459229,"populated2020":false,"population2020":null,"populationNote":"境界またぎ・収録外等のため人口未集計"},"geometry":{"type":"MultiPolygon","coordinates":[[[[130.777421115,33.946073865],[130.7875,33.94609242103599],[130.7875,33.94166666666667],[130.77743053200072,33.94166666666667],[130.777421115,33.946073865]]],[[[130.775751245,33.94839197300001],[130.77741975400002,33.94607580200001],[130.777379442,33.946056333],[130.775751245,33.94839197300001]]],[[[130.78441441,33.95000000000001],[130.784469455,33.946694892],[130.784426005,33.946693865],[130.78441441,33.95000000000001]]]]}},{"type":"Feature","id":"40100:50307633","properties":{"id":"40100:50307633","meshCode":"50307633","cityCode":"40100","city":"北九州市","lat":33.9438854,"lon":130.7937567,"areaKm2":0.5686771,"populated2020":false,"population2020":null,"populationNote":"境界またぎ・収録外等のため人口未集計"},"geometry":{"type":"Polygon","coordinates":[[[130.8,33.94166666666666],[130.7875,33.94166666666667],[130.7875,33.94609242103599],[130.799705642,33.946113108],[130.8,33.94621864],[130.8,33.94166666666666]]]}},{"type":"Feature","id":"40100:50307634","properties":{"id":"40100:50307634","meshCode":"50307634","cityCode":"40100","city":"北九州市","lat":33.9447475,"lon":130.8064633,"areaKm2":0.77633,"populated2020":false,"population2020":null,"populationNote":"境界またぎ・収録外等のため人口未集計"},"geometry":{"type":"Polygon","coordinates":[[[130.8125,33.94166666666667],[130.8,33.94166666666666],[130.8,33.94621864],[130.808601115,33.94929036],[130.809756809,33.94703555900001],[130.81204847,33.947854946],[130.8125,33.946976019490016],[130.8125,33.94166666666667]]]}},{"type":"Feature","id":"40100:50307635","properties":{"id":"40100:50307635","meshCode":"50307635","cityCode":"40100","city":"北九州市","lat":33.943672,"lon":130.8195733,"areaKm2":0.4703023,"populated2020":false,"population2020":null,"populationNote":"境界またぎ・収録外等のため人口未集計"},"geometry":{"type":"Polygon","coordinates":[[[130.814304617,33.943462946],[130.821325357,33.945921333],[130.821241725,33.946083613],[130.821641167,33.946224108],[130.821723722,33.946062748],[130.823755447,33.946797721],[130.823755785,33.946960649],[130.825,33.947396],[130.825,33.94166666666667],[130.8125,33.94166666666667],[130.8125,33.946976019490016],[130.814304617,33.943462946]]]}},{"type":"Feature","id":"40100:50307636","properties":{"id":"40100:50307636","meshCode":"50307636","cityCode":"40100","city":"北九州市","lat":33.9451239,"lon":130.830976,"areaKm2":0.8616619,"populated2020":false,"population2020":null,"populationNote":"境界またぎ・収録外等のため人口未集計"},"geometry":{"type":"MultiPolygon","coordinates":[[[[130.8375,33.945513374158395],[130.8375,33.94166666666667],[130.825,33.94166666666667],[130.825,33.947396],[130.825086329,33.94728405400001],[130.825321245,33.947366613],[130.825584747,33.947498441],[130.825554747,33.947556279],[130.825155837,33.947417946],[130.825128586,33.947469829000006],[130.825878755,33.947736892],[130.825793359,33.94790382899999],[130.82526978,33.947719252],[130.825221946,33.947835495],[130.830686667,33.949772],[130.830742166,33.949661252000006],[130.830188755,33.949464667],[130.830276252,33.949302225],[130.830884501,33.949518721000004],[130.830973839,33.94936572099999],[130.832291634,33.949843613],[130.8375,33.945513374158395]]],[[[130.830810026,33.94964394600001],[130.830908197,33.949679252],[130.830949364,33.949599774999996],[130.83085131,33.949564468],[130.830810026,33.94964394600001]]]]}},{"type":"Feature","id":"40100:50307637","properties":{"id":"40100:50307637","meshCode":"50307637","cityCode":"40100","city":"北九州市","lat":33.9429489,"lon":130.839042,"areaKm2":0.0912224,"populated2020":false,"population2020":null,"populationNote":"境界またぎ・収録外等のため人口未集計"},"geometry":{"type":"Polygon","coordinates":[[[130.8375,33.945513374158395],[130.83893917,33.94431686499999],[130.84212600540084,33.94166666666667],[130.8375,33.94166666666667],[130.8375,33.945513374158395]]]}},{"type":"Feature","id":"40100:50307736","properties":{"id":"40100:50307736","meshCode":"50307736","cityCode":"40100","city":"北九州市","lat":33.9437192,"lon":130.9589606,"areaKm2":0.3208902,"populated2020":true,"population2020":576.6802,"populationNote":"収録500mメッシュ人口の合算（原典収録外は補完しない）"},"geometry":{"type":"MultiPolygon","coordinates":[[[[130.95459041499998,33.94210430600003],[130.95370701699994,33.94311334200005],[130.9555135280001,33.94426401800001],[130.95541036300017,33.94437392800007],[130.95932114100015,33.94686402700012],[130.95938620000004,33.94679255900007],[130.95739522700012,33.94552446800003],[130.95822763900003,33.944568108],[130.96105472099998,33.946384919000074],[130.96051678300012,33.94697416200012],[130.96145719800018,33.9479937480001],[130.96154021999996,33.947941108],[130.96065136200016,33.946976081],[130.96127727600003,33.94635344099999],[130.96242627800007,33.94766261299998],[130.9625,33.94761788807435],[130.9625,33.94166666666667],[130.95361044025384,33.94166666666667],[130.95459041499998,33.94210430600003]]],[[[130.9625,33.94851483576329],[130.962201219,33.948691559],[130.962452309,33.95000000000001],[130.9625,33.95000000000001],[130.9625,33.94851483576329]]]]}},{"type":"Feature","id":"40100:50307737","properties":{"id":"40100:50307737","meshCode":"50307737","cityCode":"40100","city":"北九州市","lat":33.9458078,"lon":130.9688577,"areaKm2":1.0467206,"populated2020":true,"population2020":5763.068,"populationNote":"収録500mメッシュ人口の合算（原典収録外は補完しない）"},"geometry":{"type":"Polygon","coordinates":[[[130.975,33.94166666666667],[130.9625,33.94166666666667],[130.9625,33.94761788807435],[130.96344902700002,33.94707253200005],[130.9628419710001,33.94634419800002],[130.96326197100007,33.94606102699993],[130.96394121899996,33.946171027000005],[130.96456330700005,33.94690694600007],[130.96330422800008,33.947669081000136],[130.96344900100007,33.947890108000024],[130.963158003,33.948042414000035],[130.96320632900006,33.94811158600004],[130.963033645,33.948205468000026],[130.962695694,33.9478232790001],[130.96261411199998,33.947875720999996],[130.96294272399996,33.94825297300014],[130.9625,33.94851483576329],[130.9625,33.95000000000001],[130.975,33.95000000000001],[130.975,33.94166666666667]]]}},{"type":"Feature","id":"40100:50307738","properties":{"id":"40100:50307738","meshCode":"50307738","cityCode":"40100","city":"北九州市","lat":33.9458333,"lon":130.98125,"areaKm2":1.0679064,"populated2020":true,"population2020":2762.373,"populationNote":"収録500mメッシュ人口の合算（原典収録外は補完しない）"},"geometry":{"type":"Polygon","coordinates":[[[130.9875,33.94166666666667],[130.975,33.94166666666667],[130.975,33.95000000000001],[130.9875,33.95000000000001],[130.9875,33.94166666666667]]]}},{"type":"Feature","id":"40100:50307739","properties":{"id":"40100:50307739","meshCode":"50307739","cityCode":"40100","city":"北九州市","lat":33.9458333,"lon":130.99375,"areaKm2":1.0679062,"populated2020":true,"population2020":74.6856,"populationNote":"収録500mメッシュ人口の合算（原典収録外は補完しない）"},"geometry":{"type":"Polygon","coordinates":[[[131.0,33.94166666666667],[130.9875,33.94166666666667],[130.9875,33.95000000000001],[131.0,33.95000000000001],[131.0,33.94166666666667]]]}},{"type":"Feature","id":"40100:50317030","properties":{"id":"40100:50317030","meshCode":"50317030","cityCode":"40100","city":"北九州市","lat":33.9458439,"lon":131.0062361,"areaKm2":1.0651283,"populated2020":true,"population2020":730.8991,"populationNote":"収録500mメッシュ人口の合算（原典収録外は補完しない）"},"geometry":{"type":"Polygon","coordinates":[[[131.0125,33.942379248251804],[131.0123399480001,33.942331333000084],[131.01232077800012,33.942196360000025],[131.0125,33.942171156131764],[131.0125,33.94185708185553],[131.01208014300016,33.941756667],[131.01156260699997,33.941788802000076],[131.0114789747906,33.94166666666667],[131.01102766500014,33.94179561300001],[131.01099153000007,33.94187280200009],[131.0107733330001,33.941890054000055],[131.01049544661083,33.94166666666666],[131.0,33.94166666666667],[131.0,33.95000000000001],[131.0125,33.95000000000001],[131.0125,33.942379248251804]]]}},{"type":"Feature","id":"40100:50317031","properties":{"id":"40100:50317031","meshCode":"50317031","cityCode":"40100","city":"北九州市","lat":33.9458101,"lon":131.0169935,"areaKm2":0.7046706,"populated2020":true,"population2020":96.0332,"populationNote":"収録500mメッシュ人口の合算（原典収録外は補完しない）"},"geometry":{"type":"MultiPolygon","coordinates":[[[[131.0125,33.942171156131764],[131.01303160800012,33.942002721000044],[131.01318880700012,33.94197358600008],[131.0125,33.94185708185553],[131.0125,33.942171156131764]]],[[[131.01798805458867,33.94166666666667],[131.017138197,33.942292721000115],[131.01676518800014,33.942366054000054],[131.0164368610001,33.94230199999999],[131.01632674400014,33.94238525200001],[131.0159984180001,33.94240591900006],[131.01508997400003,33.94210849500013],[131.0144777816586,33.94166666666668],[131.01419549875948,33.94166666666667],[131.01437335900005,33.94194430599993],[131.01364939000007,33.94236808100008],[131.01364406000005,33.94293510800003],[131.01354369600006,33.9430430540001],[131.01324369600013,33.94294191899996],[131.0127993000001,33.942505027000095],[131.01265002599996,33.942545252000116],[131.01261732800015,33.94240027900009],[131.0125,33.942379248251804],[131.0125,33.95000000000001],[131.018119339,33.95000000000001],[131.01823693899996,33.94925880200015],[131.01839983100012,33.948956919000125],[131.01861204900013,33.94878610800009],[131.018730752,33.94882838699994],[131.0192325810001,33.94864482900004],[131.01963788600017,33.94922497300007],[131.01988380000012,33.949240162000024],[131.0201434500001,33.949139333000126],[131.020617108,33.94877886500013],[131.02070131000005,33.94885827899993],[131.02074664099996,33.94882355900006],[131.020659637,33.948736387],[131.021046135,33.94850216200007],[131.021236304,33.948051586000076],[131.02193897500004,33.9471224140001],[131.0219207,33.946314387000136],[131.02226700400013,33.94628682899997],[131.02196352800001,33.946245586000025],[131.02152360600007,33.944844532000104],[131.02146691300004,33.944411946],[131.02153975400017,33.944006558999945],[131.02183097299996,33.94358805400009],[131.02197688699994,33.943534559],[131.02186856000014,33.94333036000006],[131.02196243799995,33.94333646800004],[131.02184494200014,33.94327608100008],[131.0219698830001,33.94325802700001],[131.022011829,33.94314533300013],[131.02197136199993,33.94305238700008],[131.02183905300012,33.94309197299998],[131.02185147900002,33.94294330600001],[131.02200247700011,33.942899801999936],[131.02198386500004,33.94282174800008],[131.021719533,33.94264786499997],[131.02156072600008,33.942218802000134],[131.02145002600014,33.94213136000013],[131.02137939,33.942177081000125],[131.02138941600015,33.94207574799998],[131.02129671900002,33.942107225000036],[131.02107077800008,33.941862468000124],[131.0205005580001,33.94186005400008],[131.01941108655768,33.94166666666668],[131.01798805458867,33.94166666666667]]],[[[131.02195511,33.946801279],[131.021996783,33.94686355900001],[131.022007393,33.946811441],[131.02195511,33.946801279]]],[[[131.022045447,33.947121865],[131.021984721,33.94708877500001],[131.021978664,33.947110333],[131.022045447,33.947121865]]]]}},{"type":"Feature","id":"40100:50307640","properties":{"id":"40100:50307640","meshCode":"50307640","cityCode":"40100","city":"北九州市","lat":33.9511681,"lon":130.7596034,"areaKm2":0.007169,"populated2020":false,"population2020":null,"populationNote":"境界またぎ・収録外等のため人口未集計"},"geometry":{"type":"Polygon","coordinates":[[[130.7625,33.953414775499716],[130.759683528,33.95233625200001],[130.759680298,33.95000000000001],[130.759532568,33.95000000000001],[130.759517108,33.95236709900001],[130.7625,33.95353109817222],[130.7625,33.953414775499716]]]}},{"type":"Feature","id":"40100:50307641","properties":{"id":"40100:50307641","meshCode":"50307641","cityCode":"40100","city":"北九州市","lat":33.9546654,"lon":130.7655463,"areaKm2":0.0070323,"populated2020":false,"population2020":null,"populationNote":"境界またぎ・収録外等のため人口未集計"},"geometry":{"type":"Polygon","coordinates":[[[130.7625,33.95353109817222],[130.766666667,33.95515703600001],[130.768830973,33.956001603999994],[130.768871881,33.95591880199999],[130.7625,33.953414775499716],[130.7625,33.95353109817222]]]}},{"type":"Feature","id":"40100:50307642","properties":{"id":"40100:50307642","meshCode":"50307642","cityCode":"40100","city":"北九州市","lat":33.9537117,"lon":130.7767043,"areaKm2":0.0059713,"populated2020":false,"population2020":null,"populationNote":"境界またぎ・収録外等のため人口未集計"},"geometry":{"type":"MultiPolygon","coordinates":[[[[130.7875,33.95239839865046],[130.7875,33.9523462736435],[130.78450978,33.952298234000004],[130.78441441,33.95000000000001],[130.784406018,33.952391739],[130.7875,33.95239839865046]]],[[[130.775113774,33.954036838],[130.778299092,33.953448973],[130.778282153,33.953391720999996],[130.775097341,33.953974505],[130.775113774,33.954036838]]]]}},{"type":"Feature","id":"40100:50307643","properties":{"id":"40100:50307643","meshCode":"50307643","cityCode":"40100","city":"北九州市","lat":33.9523744,"lon":130.788924,"areaKm2":0.0015394,"populated2020":false,"population2020":null,"populationNote":"境界またぎ・収録外等のため人口未集計"},"geometry":{"type":"Polygon","coordinates":[[[130.790336926,33.952404505],[130.790341051,33.95228191],[130.790304293,33.952356378000005],[130.7875,33.9523462736435],[130.7875,33.95239839865046],[130.790336926,33.952404505]]]}},{"type":"Feature","id":"40100:50307746","properties":{"id":"40100:50307746","meshCode":"50307746","cityCode":"40100","city":"北九州市","lat":33.9572539,"lon":130.9619401,"areaKm2":0.0241748,"populated2020":true,"population2020":4.2674,"populationNote":"収録500mメッシュ人口の合算（原典収録外は補完しない）"},"geometry":{"type":"MultiPolygon","coordinates":[[[[130.9625,33.95000000000001],[130.962452309,33.95000000000001],[130.9625,33.95024852825313],[130.9625,33.95000000000001]]],[[[130.96212469500006,33.95389610799992],[130.9625,33.95395343913996],[130.9625,33.950714468456546],[130.96212469500006,33.95389610799992]]],[[[130.962160558,33.956012054],[130.962352776,33.954865495],[130.962338833,33.95484919800001],[130.962280636,33.954857559],[130.962160558,33.956012054]]],[[[130.9625,33.956619287333645],[130.96143671899995,33.956689027000046],[130.96165583699997,33.956698667000126],[130.96167941600004,33.95694516200002],[130.96137655000007,33.956995829],[130.961390778,33.95757830600014],[130.96161444899997,33.957752918999915],[130.96150922200002,33.95812444100011],[130.96154399500017,33.95828016199994],[130.96158705624225,33.958333333333336],[130.9625,33.958333333333336],[130.9625,33.956619287333645]]]]}},{"type":"Feature","id":"40100:50307747","properties":{"id":"40100:50307747","meshCode":"50307747","cityCode":"40100","city":"北九州市","lat":33.9541408,"lon":130.9692231,"areaKm2":0.965342,"populated2020":true,"population2020":3380.8689,"populationNote":"収録500mメッシュ人口の合算（原典収録外は補完しない）"},"geometry":{"type":"Polygon","coordinates":[[[130.9625,33.95395343913996],[130.96276680900007,33.953963748000035],[130.96300680900003,33.951910252000125],[130.9632484440001,33.95161008100007],[130.96390138800007,33.95159666700004],[130.96393311299994,33.952786027],[130.96379891100003,33.95392564000008],[130.9638759400001,33.953939197999944],[130.9641007780001,33.95446805400002],[130.963903307,33.95393602699995],[130.96399961099996,33.953167532000066],[130.965028029,33.95257082899996],[130.965082918,33.952449946],[130.9657568350001,33.95227333300006],[130.96577883300006,33.952702865000056],[130.96542542200007,33.95364164000006],[130.964858885,33.9542360270001],[130.96444214000007,33.954140586000115],[130.96479513600013,33.95424158600014],[130.96399907900013,33.95618922500006],[130.96383389100015,33.95617582900001],[130.96404321700004,33.95623441400001],[130.9638178340001,33.956779467999986],[130.96388216600008,33.956893919000095],[130.96363185500013,33.95698653200003],[130.96350202300016,33.9567104140001],[130.96343450099994,33.95670741400004],[130.96337972800006,33.95627064000013],[130.963663645,33.95605641399999],[130.96333655000012,33.956254775],[130.96341391700003,33.95681046800002],[130.96296703000007,33.95683341399996],[130.96300403400005,33.95658566700002],[130.9625,33.956619287333645],[130.9625,33.958333333333336],[130.97382243831325,33.958333333333336],[130.97372861200017,33.95823353200001],[130.975,33.957635108000034],[130.975,33.95000000000001],[130.9625,33.95000000000001],[130.9625,33.95395343913996]]]}},{"type":"Feature","id":"40100:50307748","properties":{"id":"40100:50307748","meshCode":"50307748","cityCode":"40100","city":"北九州市","lat":33.9540451,"lon":130.9812408,"areaKm2":1.0348539,"populated2020":true,"population2020":2227.5269,"populationNote":"収録500mメッシュ人口の合算（原典収録外は補完しない）"},"geometry":{"type":"Polygon","coordinates":[[[130.9875,33.95000000000001],[130.975,33.95000000000001],[130.975,33.957635108000034],[130.97543496799995,33.95742880200004],[130.97568836599999,33.957852],[130.97581299600017,33.95790864000014],[130.977483774,33.957675694000045],[130.9776129700655,33.958333333333336],[130.98602608492064,33.95833333333333],[130.9853976390001,33.958224197999925],[130.98519455300004,33.95824913500013],[130.98510586299994,33.95814030600013],[130.9851416990001,33.95800694600007],[130.98503619999997,33.95798964000006],[130.98506630399993,33.95785113500007],[130.98540464300015,33.957910694000134],[130.9854211930001,33.95784405400014],[130.98529483800007,33.95782141400002],[130.985334137,33.957620000000006],[130.98544577200005,33.95764019799992],[130.98546377399998,33.95756527900005],[130.9875,33.95755108675384],[130.9875,33.95000000000001]]]}},{"type":"Feature","id":"40100:50307749","properties":{"id":"40100:50307749","meshCode":"50307749","cityCode":"40100","city":"北九州市","lat":33.9540972,"lon":130.9938398,"areaKm2":1.0488099,"populated2020":true,"population2020":1752.3384,"populationNote":"収録500mメッシュ人口の合算（原典収録外は補完しない）"},"geometry":{"type":"Polygon","coordinates":[[[131.0,33.95000000000001],[130.9875,33.95000000000001],[130.9875,33.95755108675384],[130.9895477560001,33.957746666999974],[130.99009338500014,33.95793189200009],[130.99064686132496,33.95833333333334],[131.0,33.958333333333336],[131.0,33.95000000000001]]]}},{"type":"Feature","id":"40100:50317040","properties":{"id":"40100:50317040","meshCode":"50317040","cityCode":"40100","city":"北九州市","lat":33.9541667,"lon":131.00625,"areaKm2":1.0678036,"populated2020":true,"population2020":23.3702,"populationNote":"収録500mメッシュ人口の合算（原典収録外は補完しない）"},"geometry":{"type":"Polygon","coordinates":[[[131.0125,33.95000000000001],[131.0,33.95000000000001],[131.0,33.958333333333336],[131.0125,33.958333333333336],[131.0125,33.95000000000001]]]}},{"type":"Feature","id":"40100:50317041","properties":{"id":"40100:50317041","meshCode":"50317041","cityCode":"40100","city":"北九州市","lat":33.9547667,"lon":131.0171011,"areaKm2":0.738002,"populated2020":true,"population2020":83.0295,"populationNote":"収録500mメッシュ人口の合算（原典収録外は補完しない）"},"geometry":{"type":"Polygon","coordinates":[[[131.01900680900008,33.95250744100008],[131.018246031,33.950750198000094],[131.018119339,33.95000000000001],[131.0125,33.95000000000001],[131.0125,33.958333333333336],[131.02403591399005,33.958333333333336],[131.02397674400015,33.957812027000045],[131.0237357200001,33.95718119800001],[131.02379875500003,33.95701266699995],[131.02390282700014,33.95697846800011],[131.02377775600007,33.95697572100011],[131.02359832700006,33.95682725199998],[131.0228899220001,33.9554962250001],[131.02272866399994,33.95539553200001],[131.02263238700004,33.95505446800007],[131.0223987810001,33.95496705400012],[131.02122552499998,33.953791197999976],[131.02128966300018,33.95373419800006],[131.02063474700014,33.9536543330001],[131.02053530500007,33.9536035860001],[131.0206045010001,33.95344489200011],[131.02053211400005,33.95342586500005],[131.020462049,33.95359161300007],[131.02035786,33.953578198000116],[131.01979369600008,33.953438081],[131.0195469780001,33.9532893330001],[131.01900680900008,33.95250744100008]]]}},{"type":"Feature","id":"40100:50307658","properties":{"id":"40100:50307658","meshCode":"50307658","cityCode":"40100","city":"北九州市","lat":33.9659327,"lon":130.8596668,"areaKm2":0.0953514,"populated2020":true,"population2020":2.1786,"populationNote":"収録500mメッシュ人口の合算（原典収録外は補完しない）"},"geometry":{"type":"MultiPolygon","coordinates":[[[[130.857335551,33.96224638700001],[130.857525551,33.962368053999995],[130.857583891,33.962554721],[130.857766667,33.962558613000006],[130.857611946,33.962056946],[130.857972218,33.962010279],[130.857860272,33.96191082899999],[130.857413606,33.961851108000005],[130.85729166,33.961672495],[130.857228612,33.960802495],[130.857145837,33.96071944100001],[130.857006939,33.96071944100001],[130.856382776,33.960862495],[130.85613083,33.961546946],[130.855912776,33.961799162],[130.855827497,33.96202027900001],[130.855895837,33.96208527900001],[130.85578,33.962268892],[130.85584083,33.962327495],[130.856057782,33.962230279],[130.856103891,33.962278892],[130.85567166,33.96277027899999],[130.855649728,33.963096946],[130.855805551,33.96314138700001],[130.856170558,33.963025828999996],[130.856147782,33.962584721],[130.85626917,33.962386387],[130.856837782,33.962385278999996],[130.856981388,33.962541387],[130.857172503,33.96225444099999],[130.857335551,33.96224638700001]]],[[[130.854784669,33.964519721],[130.854786252,33.96457118000001],[130.854913126,33.964571333],[130.854915201,33.964521694],[130.854784669,33.964519721]]],[[[130.853175279,33.96478404500001],[130.852975512,33.96549717999999],[130.85306917000003,33.965514171],[130.85327703,33.96478937799999],[130.853900571,33.964247351],[130.853841673,33.96419927],[130.853175279,33.96478404500001]]],[[[130.85603499399997,33.965353333],[130.85570055799997,33.965208333000085],[130.85559333300012,33.96523666700011],[130.85544000000016,33.9653786130001],[130.85542277600007,33.96615722500008],[130.85548811900014,33.966338036000025],[130.85528385199996,33.96641098200001],[130.8553536060001,33.966547775000045],[130.85504677000006,33.966660189000095],[130.85497381300002,33.96652160400009],[130.8545598180001,33.966456261000076],[130.85462162099998,33.966239595000104],[130.8549734500001,33.96595632400004],[130.8548311930001,33.96584843199997],[130.854552529,33.96615691000011],[130.85416173800002,33.96580099999999],[130.854269014,33.965407910000124],[130.85443561600016,33.96520391900005],[130.85422260700003,33.96538002700004],[130.85410417600008,33.96578882000006],[130.85401693900008,33.9658500000001],[130.853701388,33.96580861299998],[130.85354083000004,33.966005279000115],[130.8531377820001,33.96613389199996],[130.85253306100003,33.966005279000115],[130.852313891,33.966114441000066],[130.8520511150001,33.96612861299997],[130.85204861199998,33.96619749500001],[130.85222749700017,33.96624305400013],[130.85204749700017,33.96639944100002],[130.85201333300017,33.966579721000016],[130.85225050556085,33.96666666666666],[130.86006849529866,33.96666666666667],[130.86055472100009,33.966293054],[130.861658885,33.96606944100006],[130.86104639400003,33.96596694600004],[130.8606774970001,33.965742775000024],[130.86065194600008,33.96553694599999],[130.86026138800003,33.965221667000094],[130.860134721,33.9653130540001],[130.86020888500002,33.965504441000064],[130.86008722400004,33.96549638700009],[130.85983027199995,33.965708332999995],[130.85905972800015,33.96556110800004],[130.858908885,33.965713054],[130.85842832699996,33.96579110800002],[130.85817027200005,33.96615027900003],[130.85791944200014,33.96626582899996],[130.85776,33.96647166700012],[130.8574336060001,33.966459440999984],[130.85692111499998,33.966300279],[130.85670444900018,33.96605694600004],[130.85660333300018,33.965844999999995],[130.85659,33.96555389200012],[130.856682503,33.965387774999954],[130.8566241630001,33.96531055899999],[130.85603499399997,33.965353333]]]]}},{"type":"Feature","id":"40100:50307756","properties":{"id":"40100:50307756","meshCode":"50307756","cityCode":"40100","city":"北九州市","lat":33.9595919,"lon":130.9621782,"areaKm2":0.0176625,"populated2020":false,"population2020":null,"populationNote":"境界またぎ・収録外等のため人口未集計"},"geometry":{"type":"MultiPolygon","coordinates":[[[[130.96158705624225,33.958333333333336],[130.96201649800014,33.95951258600013],[130.96172080400015,33.95973564000013],[130.96169474700002,33.95993208099992],[130.96210189400006,33.96049366700004],[130.96203817100002,33.960715],[130.96211807999998,33.96075630599999],[130.962089559,33.960970251999974],[130.9624941630001,33.96133219800003],[130.9625,33.958333333333336],[130.96158705624225,33.958333333333336]]],[[[130.962411725,33.96130900000001],[130.962394449,33.961279162],[130.962382192,33.961298441000004],[130.962411725,33.96130900000001]]],[[[130.96245428,33.961298468],[130.962438781,33.96132002699999],[130.962468638,33.96132464],[130.96245428,33.961298468]]],[[[130.962496446,33.96134853200001],[130.962448949,33.96136086500001],[130.962495253,33.961382775],[130.962496446,33.96134853200001]]]]}},{"type":"Feature","id":"40100:50307757","properties":{"id":"40100:50307757","meshCode":"50307757","cityCode":"40100","city":"北九州市","lat":33.9598443,"lon":130.9676847,"areaKm2":0.3419724,"populated2020":false,"population2020":null,"populationNote":"境界またぎ・収録外等のため人口未集計"},"geometry":{"type":"MultiPolygon","coordinates":[[[[130.97085080400007,33.96144266700003],[130.97448600500002,33.959072000000106],[130.97382243831325,33.958333333333336],[130.9625,33.958333333333336],[130.9625,33.96132847871797],[130.96285847000013,33.9619316940001],[130.96286143999998,33.96206525199995],[130.96300756200003,33.962196667000114],[130.963278275,33.96224219800001],[130.96338053199997,33.96216194599997],[130.96430547300008,33.96198436000004],[130.96544513600008,33.96130522500005],[130.966936498,33.96112638699998],[130.9680501690001,33.96103597299998],[130.96886941600008,33.96157705400009],[130.97085080400007,33.96144266700003]]],[[[130.962503022,33.961373694],[130.9625,33.961356952527204],[130.9625,33.961377226344176],[130.962503022,33.961373694]]],[[[130.964214189,33.962127775],[130.964275227,33.96215302699999],[130.964485577,33.96209125200001],[130.964363022,33.962025946],[130.964214189,33.962127775]]],[[[130.964366109,33.96216425200001],[130.964347393,33.962139081],[130.964336887,33.962157027],[130.964366109,33.96216425200001]]],[[[130.964143839,33.962156775],[130.964155188,33.96217255900001],[130.964167004,33.962163198],[130.964143839,33.962156775]]]]}},{"type":"Feature","id":"40100:50307758","properties":{"id":"40100:50307758","meshCode":"50307758","cityCode":"40100","city":"北九州市","lat":33.9593717,"lon":130.9827968,"areaKm2":0.216819,"populated2020":false,"population2020":null,"populationNote":"境界またぎ・収録外等のため人口未集計"},"geometry":{"type":"Polygon","coordinates":[[[130.976462633,33.95861202700013],[130.97633771699998,33.95955627900013],[130.98182152999993,33.960133531999986],[130.9875,33.961185428640924],[130.9875,33.95838067380197],[130.9776129700655,33.958333333333336],[130.9776391700001,33.95846664000009],[130.976462633,33.95861202700013]]]}},{"type":"Feature","id":"40100:50307759","properties":{"id":"40100:50307759","meshCode":"50307759","cityCode":"40100","city":"北九州市","lat":33.9614683,"lon":130.9953836,"areaKm2":0.6236013,"populated2020":true,"population2020":444.2757,"populationNote":"収録500mメッシュ人口の合算（原典収録外は補完しない）"},"geometry":{"type":"MultiPolygon","coordinates":[[[[130.99064686132496,33.95833333333334],[130.99178107700016,33.95981427899995],[130.99160496800005,33.95993488300002],[130.99175061000005,33.95985915300014],[130.99272957200003,33.96051416200004],[130.99260437100008,33.96067455000002],[130.99277391700002,33.96077211699998],[130.99267251599997,33.96088797300002],[130.9921495850001,33.960659468000024],[130.99266660199999,33.960909332999954],[130.99329994799996,33.9613916670001],[130.99337138800004,33.96130744100003],[130.99398849500005,33.96175466700009],[130.99403063600005,33.96190689200001],[130.99459219200014,33.962336640000046],[130.99448603099995,33.96246022500003],[130.99461891099998,33.96232182900013],[130.9949542280001,33.962545919000036],[130.994788106,33.962739748000004],[130.9949704410001,33.96293035999998],[130.99441802900003,33.96329794600001],[130.99433069999998,33.96317836000003],[130.99381841800005,33.96351933300008],[130.99793522656532,33.966666666666676],[131.0,33.96666666666667],[131.0,33.958333333333336],[130.99064686132496,33.95833333333334]]],[[[130.98928185499994,33.961507171000044],[130.98941237400004,33.96133555],[130.99129538299997,33.96203636000007],[130.99122569400018,33.96214077500009],[130.99129561600012,33.962166748000016],[130.99134483800003,33.96205477500006],[130.99166230900016,33.962172919000075],[130.99159316500004,33.96227677500014],[130.99166358000014,33.96230299999999],[130.99171338500003,33.96219194600014],[130.991925551,33.96227082900003],[130.99202425399994,33.96215913499998],[130.992146524,33.96221361300007],[130.99217693900005,33.96215716200009],[130.99204666700007,33.96211766700014],[130.99214491600003,33.96193480200002],[130.99226775600005,33.96198910800007],[130.99229795099995,33.96193294600005],[130.99216688699994,33.96189416200002],[130.99224330700008,33.96175189200002],[130.99022386499996,33.95901402700002],[130.98939953299998,33.95843810800005],[130.9875,33.95838067380197],[130.9875,33.961185428640924],[130.98928185499994,33.961507171000044]]]]}},{"type":"Feature","id":"40100:50317050","properties":{"id":"40100:50317050","meshCode":"50317050","cityCode":"40100","city":"北九州市","lat":33.9617088,"lon":131.0060754,"areaKm2":0.7843755,"populated2020":true,"population2020":173.6281,"populationNote":"収録500mメッシュ人口の合算（原典収録外は補完しない）"},"geometry":{"type":"Polygon","coordinates":[[[131.0,33.958333333333336],[131.0,33.96666666666667],[131.00733766455886,33.96666666666667],[131.00535291799997,33.965164494999954],[131.00564102499993,33.9642707750001],[131.00519352800018,33.965194694000104],[131.00311949399998,33.96589830600004],[131.00102700399998,33.964313468],[131.0008888330001,33.964022414000056],[131.00644105100002,33.96213180199999],[131.00664416300003,33.962283919000015],[131.00668389100008,33.96224100000013],[131.00648238700012,33.962089973],[131.00677072600013,33.961797559000104],[131.00690525300013,33.961893945999975],[131.007054864,33.96168819800004],[131.00741413700007,33.96194494600013],[131.00690994800004,33.96241038700003],[131.00676050599998,33.96229841400009],[131.00672077800004,33.96234133299999],[131.010846109,33.96545941400012],[131.0125,33.964894911913326],[131.0125,33.958333333333336],[131.0,33.958333333333336]]]}},{"type":"Feature","id":"40100:50317051","properties":{"id":"40100:50317051","meshCode":"50317051","cityCode":"40100","city":"北九州市","lat":33.9607908,"lon":131.0166072,"areaKm2":0.4321277,"populated2020":false,"population2020":null,"populationNote":"境界またぎ・収録外等のため人口未集計"},"geometry":{"type":"Polygon","coordinates":[[[131.01734396899997,33.960006973000084],[131.01943858599998,33.95954225200012],[131.02133503200002,33.959893640000075],[131.02158153000005,33.96084933300001],[131.02139306100014,33.96180174800003],[131.020948911,33.9620023600001],[131.0214998570001,33.96181408100006],[131.02169352800001,33.96085119800006],[131.02137786000003,33.95982746800007],[131.02252435800006,33.960172495000116],[131.02293477299997,33.960177],[131.02339977999998,33.96000344099997],[131.023850026,33.95962646799995],[131.02403591399005,33.958333333333336],[131.0125,33.958333333333336],[131.0125,33.964894911913326],[131.02009569400002,33.96229444099999],[131.01968680900006,33.9614601350001],[131.01768513600007,33.961055333],[131.01734396899997,33.960006973000084]]]}},{"type":"Feature","id":"40100:50307667","properties":{"id":"40100:50307667","meshCode":"50307667","cityCode":"40100","city":"北九州市","lat":33.9685964,"lon":130.8456256,"areaKm2":0.0266639,"populated2020":false,"population2020":null,"populationNote":"境界またぎ・収録外等のため人口未集計"},"geometry":{"type":"MultiPolygon","coordinates":[[[[130.847449728,33.967785279],[130.847138054,33.967789161999995],[130.846875279,33.96800833300001],[130.846831388,33.968178613],[130.847449728,33.967785279]]],[[[130.84596,33.968036667],[130.845236939,33.96853749500001],[130.845022776,33.969003613],[130.845193061,33.969015829],[130.845324449,33.969299721],[130.845572776,33.96940527899999],[130.846113061,33.969186108],[130.846110558,33.968928892],[130.845945279,33.96871],[130.846395551,33.968103613],[130.846824163,33.967921108],[130.846863061,33.96781138699999],[130.846488054,33.967973613],[130.84596,33.968036667]]],[[[130.84907610899995,33.96925527900004],[130.84850277600003,33.969094161999976],[130.84814250299996,33.969177225],[130.84811444900015,33.96930194600009],[130.848274994,33.9693202790001],[130.84792583700005,33.970103892000004],[130.848196109,33.97008972100002],[130.848647497,33.969719721000104],[130.84925,33.969842495000144],[130.84954444899995,33.969720829000046],[130.84973333300002,33.970048054000024],[130.84940944200014,33.970143333],[130.84929250300013,33.970494162000136],[130.84976722400006,33.97038861300001],[130.85,33.97051335999993],[130.85,33.96948710800013],[130.84980749700014,33.969459162000135],[130.849441115,33.969131667000106],[130.84907610899995,33.96925527900004]]]]}},{"type":"Feature","id":"40100:50307668","properties":{"id":"40100:50307668","meshCode":"50307668","cityCode":"40100","city":"北九州市","lat":33.9685226,"lon":130.8540424,"areaKm2":0.2337554,"populated2020":true,"population2020":28.0841,"populationNote":"収録500mメッシュ人口の合算（原典収録外は補完しない）"},"geometry":{"type":"MultiPolygon","coordinates":[[[[130.86126083,33.96752805399999],[130.861416667,33.967451108000006],[130.861416667,33.967390279],[130.861071115,33.967455279],[130.86126083,33.96752805399999]]],[[[130.85658888500006,33.96868582900003],[130.85666306100018,33.96825694599994],[130.85648778199993,33.96791027900014],[130.85681046700006,33.96743124300014],[130.85708147900016,33.967436234000104],[130.85732357999996,33.96753728800013],[130.85719138800005,33.96786361300002],[130.85735693900017,33.967968892000094],[130.85774888500012,33.96777222500009],[130.857924163,33.967794441000144],[130.85789610899997,33.96805110799999],[130.85804221800015,33.96826194600004],[130.85833583700003,33.96834610800005],[130.8591791700001,33.967850279],[130.859429728,33.96729889200008],[130.85990944200014,33.96673527900009],[130.86006849529866,33.96666666666667],[130.85225050556085,33.96666666666666],[130.85273,33.96686277499999],[130.85275555099997,33.96710722500012],[130.8524416600002,33.967356386999995],[130.85240639400013,33.967233892000024],[130.8522725030001,33.96715666699999],[130.85188055799995,33.96728861300006],[130.85153972800015,33.967848333],[130.85107610900013,33.968108613000034],[130.851089442,33.96826361300009],[130.85097972799997,33.968444162000026],[130.85074,33.968431108000004],[130.85060111500002,33.96850416199999],[130.85071444899995,33.96898777500014],[130.850648612,33.96910944100006],[130.850328612,33.96940638700011],[130.85,33.96948710800013],[130.85,33.97051335999993],[130.85016055800008,33.97079722500007],[130.8506,33.97086527900006],[130.85043194599996,33.97118972100009],[130.85059277599998,33.971094441000005],[130.85112832699997,33.971041667000065],[130.85194749700008,33.9705097210001],[130.85219333300017,33.97051972100008],[130.85223693900002,33.97089472099998],[130.85206527900004,33.97125055900011],[130.85210917000006,33.97139861300013],[130.85237221800014,33.97140472100011],[130.85277499400001,33.97109555900011],[130.85315,33.97103666700002],[130.85329972800014,33.970816946000014],[130.85372722400018,33.97076722500008],[130.8539169390001,33.97052805400011],[130.854186109,33.97043166700008],[130.85429917,33.970179162000015],[130.85468138800002,33.97006749500014],[130.85460250300002,33.96983333300012],[130.85464749699997,33.96963777500008],[130.85408499400012,33.96965194600011],[130.85395221800013,33.96946222500014],[130.85404610900014,33.96904555900011],[130.85387917000014,33.96873861300014],[130.8541605580001,33.96847194599996],[130.85510639400002,33.96863916199998],[130.8551355510001,33.96909333299999],[130.85502610900005,33.96925749500008],[130.855315551,33.969354721000116],[130.85604221799997,33.969076108000074],[130.85621861200002,33.96890694600012],[130.85623832700003,33.96876277499996],[130.85658888500006,33.96868582900003]]]]}},{"type":"Feature","id":"40100:50307769","properties":{"id":"40100:50307769","meshCode":"50307769","cityCode":"40100","city":"北九州市","lat":33.9671925,"lon":130.9993115,"areaKm2":0.0166965,"populated2020":false,"population2020":null,"populationNote":"境界またぎ・収録外等のため人口未集計"},"geometry":{"type":"Polygon","coordinates":[[[130.99793522700008,33.96666666700009],[130.99829902700006,33.96694566700011],[131.0,33.968244279],[131.0,33.96666666666667],[130.99793522700008,33.96666666700009]]]}},{"type":"Feature","id":"40100:50317060","properties":{"id":"40100:50317060","meshCode":"50317060","cityCode":"40100","city":"北九州市","lat":33.9678746,"lon":131.0036647,"areaKm2":0.1859294,"populated2020":false,"population2020":null,"populationNote":"境界またぎ・収録外等のため人口未集計"},"geometry":{"type":"Polygon","coordinates":[[[131.0021555510001,33.96988441399998],[131.0083647470001,33.967755775],[131.00833105100014,33.96741577500006],[131.00733766455886,33.96666666666667],[131.0,33.96666666666667],[131.0,33.968244279],[131.0021555510001,33.96988441399998]]]}},{"type":"Feature","id":"40100:50307673","properties":{"id":"40100:50307673","meshCode":"50307673","cityCode":"40100","city":"北九州市","lat":33.9833183,"lon":130.7916828,"areaKm2":4.26e-05,"populated2020":false,"population2020":null,"populationNote":"境界またぎ・収録外等のため人口未集計"},"geometry":{"type":"Polygon","coordinates":[[[130.79176116734587,33.98333333333334],[130.791721388,33.98329499999999],[130.7915988846214,33.983333333333334],[130.79176116734587,33.98333333333334]]]}},{"type":"Feature","id":"40100:50307683","properties":{"id":"40100:50307683","meshCode":"50307683","cityCode":"40100","city":"北九州市","lat":33.9839417,"lon":130.7914987,"areaKm2":0.0069258,"populated2020":false,"population2020":null,"populationNote":"境界またぎ・収録外等のため人口未集計"},"geometry":{"type":"MultiPolygon","coordinates":[[[[130.789179728,33.983866666999994],[130.789191946,33.983751108],[130.789072776,33.983789721],[130.789179728,33.983866666999994]]],[[[130.791122776,33.98390527899999],[130.791253061,33.984251108],[130.791508612,33.98439277500001],[130.791812776,33.984425279],[130.791978327,33.984344441000005],[130.791938392,33.983774892],[130.791803748,33.983766802],[130.791838327,33.98346110800001],[130.79176116734587,33.98333333333334],[130.7915988846214,33.983333333333334],[130.79119083,33.98377555900001],[130.791122776,33.98390527899999]]],[[[130.789445279,33.983840279000006],[130.789394163,33.983927495],[130.789476939,33.983939721],[130.789511115,33.98390527899999],[130.789445279,33.983840279000006]]],[[[130.789789728,33.983981387],[130.789702218,33.983912495],[130.789668054,33.983953054],[130.789743606,33.984021946000006],[130.789789728,33.983981387]]]]}},{"type":"Feature","id":"40100:50307685","properties":{"id":"40100:50307685","meshCode":"50307685","cityCode":"40100","city":"北九州市","lat":33.9896008,"lon":130.8196775,"areaKm2":0.185285,"populated2020":true,"population2020":119.1376,"populationNote":"収録500mメッシュ人口の合算（原典収録外は補完しない）"},"geometry":{"type":"Polygon","coordinates":[[[130.81972668000014,33.98603951400014],[130.820886848,33.98598413500008],[130.82089252900005,33.98625947699992],[130.82107975400004,33.98634014400011],[130.82121704299993,33.98662048600005],[130.82120766499997,33.98699234200006],[130.82109801599995,33.98728056800013],[130.82078514900002,33.98755523400013],[130.82033061000004,33.987303720999996],[130.81994617400017,33.98780925199998],[130.81966725000018,33.98765429700006],[130.81898149200015,33.98851963100009],[130.81857105100005,33.98829572100004],[130.81823315200006,33.98871671199993],[130.81904232199997,33.989156613000034],[130.81884088200002,33.98956014400011],[130.81837265900015,33.98985900000013],[130.81744300900016,33.98935607200007],[130.81791706900003,33.98875040499996],[130.817857743,33.98871826100015],[130.81737808000017,33.989325081000125],[130.81675923500018,33.989489532000114],[130.81642538300014,33.98863135100009],[130.81750721100013,33.98794231500012],[130.81810824900003,33.98717803599999],[130.81874508400006,33.987518685000055],[130.81812346300012,33.987144270000044],[130.81872386500004,33.986366838000045],[130.81866201000014,33.98633714400006],[130.81742249000013,33.9879320810001],[130.8163345910001,33.988621640000076],[130.81702208800004,33.9903159100001],[130.81696850800006,33.99041769399997],[130.8167925030001,33.99044344100008],[130.8166101690001,33.99078891900007],[130.81626014300014,33.99097217100012],[130.816131725,33.99112135100006],[130.81610979200002,33.99145321600008],[130.81641221799998,33.991591937000074],[130.8164115300871,33.99166666666667],[130.82106780807612,33.99166666666667],[130.82108841800004,33.99125580200007],[130.82080975400004,33.99128536],[130.82073525300018,33.99116455900008],[130.82094846999996,33.99043516200005],[130.82123552500002,33.990389586],[130.82156355400002,33.990658532000054],[130.821859442,33.990564162000055],[130.8219555510001,33.99030555900004],[130.82192527900008,33.989984161999985],[130.82217111499995,33.98974527900003],[130.82207972800018,33.9895838920001],[130.82238055799996,33.98911666700008],[130.82238527899995,33.98895638700015],[130.822016394,33.988693613000066],[130.82203722400004,33.98838444100005],[130.82227221800008,33.987860279000074],[130.82218444900002,33.98780749499998],[130.82176333300015,33.98796361300009],[130.82162832699998,33.98778833300014],[130.821640558,33.98760361299998],[130.82194583700004,33.98737972100008],[130.82245360599995,33.98720861300012],[130.82269023300012,33.98696159500014],[130.82262103799997,33.98679109900007],[130.822412944,33.986701541000116],[130.82179656300002,33.98677036000004],[130.82142380000005,33.98663207200013],[130.82119059700005,33.986304162],[130.821030908,33.985832522999935],[130.820899844,33.98596524300012],[130.819729468,33.98596788299995],[130.81972668000014,33.98603951400014]]]}},{"type":"Feature","id":"40100:50307686","properties":{"id":"40100:50307686","meshCode":"50307686","cityCode":"40100","city":"北九州市","lat":33.9907395,"lon":130.8331348,"areaKm2":0.0087642,"populated2020":false,"population2020":null,"populationNote":"境界またぎ・収録外等のため人口未集計"},"geometry":{"type":"Polygon","coordinates":[[[130.833295551,33.990340279],[130.832797782,33.990746666999996],[130.832796394,33.99092805400001],[130.832474994,33.991220000000006],[130.832417782,33.991551667],[130.832515279,33.991606387],[130.832722218,33.991523333],[130.832796394,33.991276946000006],[130.832918327,33.991171387],[130.833044721,33.991189721],[130.833056939,33.991455279],[130.83319083,33.99141277499999],[130.833195837,33.991262775],[130.833448885,33.990881387],[130.833582776,33.990076667],[130.833709442,33.98987777499999],[130.833646109,33.989573613000005],[130.833390558,33.989804721],[130.833250558,33.990221667],[130.833295551,33.990340279]]]}},{"type":"Feature","id":"40100:50307695","properties":{"id":"40100:50307695","meshCode":"50307695","cityCode":"40100","city":"北九州市","lat":33.9956385,"lon":130.8162143,"areaKm2":0.4079766,"populated2020":true,"population2020":64.3777,"populationNote":"収録500mメッシュ人口の合算（原典収録外は補完しない）"},"geometry":{"type":"MultiPolygon","coordinates":[[[[130.8201712450001,33.991844026999956],[130.82031067399998,33.99198257700006],[130.82034863800004,33.99220436000002],[130.82032765200017,33.99185139600013],[130.82083245100011,33.991917350999984],[130.8210324250001,33.99178365800003],[130.82144811900002,33.99197521600008],[130.82106343700002,33.991776117000036],[130.82106780807612,33.99166666666667],[130.8164115300871,33.99166666666667],[130.81633680900006,33.99177448599999],[130.8160921530001,33.991771910000125],[130.815703567,33.99199746800013],[130.8155252790001,33.99172582900013],[130.815374163,33.991829441],[130.81520027200008,33.99250972099997],[130.8145222180001,33.99283889200013],[130.81428972800006,33.99320305400005],[130.81407165999997,33.99401527900005],[130.81427250299998,33.99463666700012],[130.81438693899997,33.99468138700007],[130.81468277600004,33.994528333],[130.814753333,33.994570829],[130.81474360599998,33.99488110800002],[130.81491527900005,33.99506472099999],[130.81508805400006,33.99516610799998],[130.8153341630001,33.99517222500003],[130.81537778200004,33.99525527899994],[130.81516111500014,33.995364441000106],[130.81491166,33.99528027900009],[130.8142955510001,33.995233612999925],[130.8140813880001,33.995306667000136],[130.81397055799997,33.99562416200001],[130.81338639399996,33.99552277500005],[130.813184449,33.9955897210001],[130.81323527899997,33.99583305400005],[130.813704163,33.996115829000125],[130.81377221800005,33.99624972099998],[130.81326444900003,33.99640082900004],[130.81294444900004,33.99667555900004],[130.81289693899998,33.99700305400006],[130.81308194600015,33.99760500000014],[130.812913891,33.99773889200003],[130.8125,33.99784613922925],[130.8125,34.0],[130.81641075200002,34.0],[130.8162905580001,33.99974055899999],[130.81594722400007,33.9996472250001],[130.815818327,33.99952749500011],[130.81571722400008,33.99937861300009],[130.81579277600008,33.999116946000015],[130.81598749700015,33.99899916200002],[130.81629666699996,33.999193892],[130.816855551,33.99917472100009],[130.81725944200014,33.99898610799999],[130.817538054,33.99867694599999],[130.81756000000001,33.998539161999986],[130.81694666700002,33.9979105590001],[130.81667416300013,33.99740166700008],[130.81696027200007,33.99709027900008],[130.81737527899998,33.99679916200006],[130.81767000000013,33.99676082899998],[130.81811138800003,33.99657305400002],[130.818283061,33.99631249500004],[130.81802138800003,33.99619194600012],[130.81802416300002,33.99594694600007],[130.81854861199997,33.9958605590001],[130.81906722400015,33.995990279000004],[130.81918277599993,33.995894161999956],[130.81923389100018,33.995652774999996],[130.81915972799993,33.99552194600011],[130.81902333300013,33.995487494999956],[130.81910722400005,33.99526944100006],[130.81932389100007,33.994983613000045],[130.81962472099997,33.99480416200004],[130.819931388,33.99482027900002],[130.8200983270001,33.99472000000001],[130.82034166000005,33.994174721000086],[130.82026861200006,33.99399222500005],[130.81981944200004,33.993802495000004],[130.82036472100003,33.9934516670001],[130.82041972799993,33.99326833300006],[130.82018583700005,33.993041108],[130.82015795100006,33.99288719800006],[130.82055990900005,33.99251526100011],[130.820343696,33.992659999999994],[130.81897907899997,33.99265653200012],[130.818976485,33.992568847000086],[130.81871494200004,33.992566711999984],[130.81871373500007,33.99210313500009],[130.818981505,33.99211156799999],[130.8190869650001,33.99184292799998],[130.8201712450001,33.991844026999956]]],[[[130.820955875,33.99315908999999],[130.820758288,33.99322992799999],[130.820783684,33.993274658000004],[130.82128096,33.993091703],[130.822366524,33.992214234],[130.822281751,33.992144026999995],[130.820955875,33.99315908999999]]],[[[130.813851388,33.99476666699999],[130.813844163,33.99483361300001],[130.81393166,33.994835558999995],[130.813921946,33.994774721],[130.813851388,33.99476666699999]]],[[[130.81421166,33.994857775],[130.81420917,33.994935],[130.814277497,33.994908613],[130.81421166,33.994857775]]],[[[130.8125,33.997732618015],[130.8125,33.99774598398965],[130.81250360600006,33.997733891999985],[130.8125,33.997732618015]]]]}},{"type":"Feature","id":"40100:50307694","properties":{"id":"40100:50307694","meshCode":"50307694","cityCode":"40100","city":"北九州市","lat":33.998795,"lon":130.8111422,"areaKm2":0.0699943,"populated2020":true,"population2020":9.7003,"populationNote":"収録500mメッシュ人口の合算（原典収録外は補完しない）"},"geometry":{"type":"Polygon","coordinates":[[[130.8125,34.0],[130.8125,33.997732618015],[130.81160924799997,33.99741791900005],[130.81179033700016,33.9970355320001],[130.812340467,33.99650102700002],[130.81229208800016,33.99644961300004],[130.81172024600005,33.99700122500002],[130.81155394300015,33.99735180200014],[130.811444994,33.997316108],[130.81140111500008,33.99712138700001],[130.81117722399995,33.99731],[130.81084360600005,33.997366946],[130.81058416299993,33.997735],[130.810126394,33.998026946000046],[130.810109442,33.99812638700001],[130.80991583700006,33.99827722500003],[130.80946306099997,33.99916138700002],[130.80952888500008,33.99968444099994],[130.80966730200007,34.0],[130.8125,34.0]]]}},{"type":"Feature","id":"40100:51300506","properties":{"id":"40100:51300506","meshCode":"51300506","cityCode":"40100","city":"北九州市","lat":34.0040144,"lon":130.7107134,"areaKm2":0.0695157,"populated2020":false,"population2020":null,"populationNote":"境界またぎ・収録外等のため人口未集計"},"geometry":{"type":"MultiPolygon","coordinates":[[[[130.707845551,34.004078613],[130.70789166,34.00427444100001],[130.708182776,34.00435722499999],[130.708237497,34.004436946],[130.708048327,34.004707495],[130.708184163,34.004814441],[130.708586667,34.00465277499999],[130.708990558,34.004718613],[130.709245279,34.004399721000006],[130.709407782,34.004435829],[130.709451388,34.00459527899999],[130.709542503,34.004406667],[130.709860272,34.004186667],[130.710166939,34.00417749500001],[130.710474721,34.004270559],[130.710734449,34.004421667],[130.710961115,34.00469138700001],[130.710865279,34.004970828999994],[130.711044721,34.005213054],[130.7112,34.005267495000005],[130.711198885,34.005419999999994],[130.711421946,34.005357225],[130.711664449,34.005583333000004],[130.711725279,34.005211946],[130.712047782,34.005062495],[130.7125,34.00470529085709],[130.7125,34.00275946448042],[130.712315551,34.002869721],[130.711334721,34.00290222499999],[130.711231115,34.002988613],[130.710874994,34.002955829],[130.710372776,34.003055278999994],[130.710200272,34.00318582900001],[130.709588612,34.003399721],[130.709145837,34.003431108],[130.709080272,34.003507775],[130.708825551,34.003475559],[130.70865111500004,34.003556108],[130.708857224,34.003711386999996],[130.708801388,34.003830279],[130.708317497,34.003843613],[130.708140272,34.003780829],[130.708140272,34.003982775],[130.707845551,34.004078613]]],[[[130.708416939,34.003498613],[130.708368327,34.003579162],[130.708426667,34.003611387],[130.70850166,34.003566946],[130.708416939,34.003498613]]],[[[130.709221115,34.00465805399999],[130.709133606,34.004647774999995],[130.709148327,34.004732495],[130.709221115,34.00465805399999]]],[[[130.708418054,34.004930559],[130.708454449,34.00496889200001],[130.708483606,34.00492444100001],[130.708418054,34.004930559]]],[[[130.708532218,34.005005000000004],[130.70849083,34.004940559],[130.708444721,34.00501722500001],[130.708532218,34.005005000000004]]],[[[130.712142503,34.005343054],[130.71206,34.00536944099999],[130.712057497,34.005415829],[130.712176394,34.00539972100001],[130.712142503,34.005343054]]],[[[130.710736939,34.00536638700002],[130.710571946,34.005624721000004],[130.710659442,34.005677225],[130.710894721,34.005418892],[130.710736939,34.00536638700002]]],[[[130.712058612,34.005586387],[130.71213138800002,34.005628892000004],[130.712175279,34.005541946],[130.71210972800003,34.005515829],[130.712058612,34.005586387]]],[[[130.711294721,34.005515829],[130.711219442,34.005606667],[130.711294721,34.005653054],[130.711331115,34.005578333],[130.711294721,34.005515829]]],[[[130.711486394,34.005634721000014],[130.71158083000003,34.00568944100001],[130.711541946,34.005576387],[130.711486394,34.005634721000014]]],[[[130.711681388,34.00593055899999],[130.711611115,34.00580527900001],[130.71157,34.00581138700001],[130.711579728,34.005986946],[130.711681388,34.00593055899999]]]]}},{"type":"Feature","id":"40100:51300507","properties":{"id":"40100:51300507","meshCode":"51300507","cityCode":"40100","city":"北九州市","lat":34.0024452,"lon":130.7151683,"areaKm2":0.081067,"populated2020":false,"population2020":null,"populationNote":"境界またぎ・収録外等のため人口未集計"},"geometry":{"type":"MultiPolygon","coordinates":[[[[130.718011388,34.002117225],[130.717948612,34.002166667],[130.718023891,34.002192775],[130.718051946,34.00216416200001],[130.718011388,34.002117225]]],[[[130.713516394,34.004024441000006],[130.713604994,34.003894162],[130.714025837,34.003766108],[130.714173891,34.003626946],[130.714293333,34.003250279],[130.71450083,34.003205558999994],[130.714782218,34.002815000000005],[130.715144721,34.002776946],[130.715483606,34.002630559],[130.715864994,34.002815000000005],[130.715949728,34.002757495],[130.716184721,34.00281749500001],[130.716675837,34.002656946],[130.716900272,34.002459441],[130.71756083,34.00237444100001],[130.717567224,34.00212361300001],[130.717626939,34.002199441],[130.717833891,34.00221499999999],[130.71796416300003,34.002023333],[130.71776166,34.001805],[130.717774449,34.001692495],[130.717970558,34.001435],[130.717802503,34.001305559],[130.717730272,34.001075559],[130.717482503,34.00086916200001],[130.717477782,34.000554162],[130.717286394,34.000465279],[130.717153061,34.000688892],[130.716785837,34.000882225000005],[130.716613061,34.00087166699999],[130.716197224,34.001056108],[130.716081115,34.001003613],[130.715764449,34.001103054],[130.715524449,34.001514441000005],[130.714873333,34.001845279],[130.714680272,34.002162775],[130.71424083,34.00243722500001],[130.714033606,34.002445],[130.713942776,34.002531387],[130.713737224,34.002467225],[130.713335279,34.002564162],[130.71307166,34.00245416200001],[130.712971388,34.002563892000005],[130.712663891,34.002608054],[130.712632503,34.002725829000006],[130.7125,34.00275946448042],[130.7125,34.00470529085709],[130.713150272,34.004476667],[130.713136939,34.004342224999995],[130.71334917,34.004064721],[130.713516394,34.004024441000006]]],[[[130.718041115,34.002332775000006],[130.717965837,34.002298613],[130.717962503,34.002351108],[130.718041115,34.002332775000006]]],[[[130.714349728,34.003706667],[130.714276939,34.00367416200001],[130.714264721,34.00374694599999],[130.714349728,34.003706667]]],[[[130.714065837,34.00397305399999],[130.714036939,34.003908333],[130.713939728,34.003936667000005],[130.713983333,34.003997225],[130.714065837,34.00397305399999]]],[[[130.712723333,34.004813613],[130.71283,34.004791387],[130.712747497,34.00476527899999],[130.712723333,34.004813613]]]]}},{"type":"Feature","id":"40100:51300604","properties":{"id":"40100:51300604","meshCode":"51300604","cityCode":"40100","city":"北九州市","lat":34.0033139,"lon":130.8097503,"areaKm2":0.0182718,"populated2020":false,"population2020":null,"populationNote":"境界またぎ・収録外等のため人口未集計"},"geometry":{"type":"MultiPolygon","coordinates":[[[[130.80966730200007,34.0],[130.809883061,34.000336387],[130.810104721,34.000478333],[130.811504449,34.000085000000006],[130.812233606,34.000515829],[130.8125,34.00084518762539],[130.8125,34.0],[130.80966730200007,34.0]]],[[[130.809138885,34.003795559000004],[130.809611946,34.003816108],[130.810067497,34.003583892],[130.810303891,34.003277495],[130.810318054,34.002908333],[130.80999,34.002801387],[130.809590558,34.002837225],[130.809305279,34.003150000000005],[130.809068327,34.00358666700001],[130.809138885,34.003795559000004]]]]}},{"type":"Feature","id":"40100:51300605","properties":{"id":"40100:51300605","meshCode":"51300605","cityCode":"40100","city":"北九州市","lat":34.0009172,"lon":130.8142262,"areaKm2":0.0402163,"populated2020":false,"population2020":null,"populationNote":"境界またぎ・収録外等のため人口未集計"},"geometry":{"type":"MultiPolygon","coordinates":[[[[130.8125,34.00084518762539],[130.81308917,34.00116194600001],[130.813515279,34.001025829],[130.813898885,34.001059441],[130.814369728,34.000904162],[130.814843333,34.000903333],[130.815348327,34.00075],[130.815554163,34.000491946000004],[130.816037497,34.000657225],[130.816422218,34.00052527900001],[130.816471946,34.000161387],[130.81641075200002,34.0],[130.8125,34.0],[130.8125,34.00084518762539]]],[[[130.81524166,34.002176946],[130.814717782,34.002115],[130.814453891,34.002199441],[130.814508054,34.002718054],[130.814619728,34.00284472100001],[130.814754721,34.002782775],[130.81495083,34.002413613],[130.815140272,34.002323613],[130.81524166,34.002176946]]],[[[130.813124994,34.00763222500001],[130.813120272,34.007398892],[130.812821946,34.007486667],[130.81271166,34.007997225],[130.812823333,34.008001667],[130.813124994,34.00763222500001]]]]}},{"type":"Feature","id":"40100:51300508","properties":{"id":"40100:51300508","meshCode":"51300508","cityCode":"40100","city":"北九州市","lat":34.0070319,"lon":130.7296244,"areaKm2":0.0102435,"populated2020":false,"population2020":null,"populationNote":"境界またぎ・収録外等のため人口未集計"},"geometry":{"type":"MultiPolygon","coordinates":[[[[130.728510078,34.007347613],[130.734123268,34.005953279],[130.734375616,34.006634396],[130.734530519,34.006593964],[130.734246822,34.00582563099999],[130.72880179,34.007207179999995],[130.728703995,34.006952207],[130.728634747,34.00697026999999],[130.728736861,34.007220071999996],[130.728250623,34.007346279000004],[130.72861448812287,34.00833333333333],[130.7287111411275,34.008333333333326],[130.728403709,34.007529649],[130.728510078,34.007347613]]],[[[130.7272766279908,34.008333333333326],[130.727323204,34.006865766],[130.728308547,34.006308216],[130.729006278,34.006121505],[130.728978521,34.006064333000005],[130.728242633,34.006245523],[130.727192879,34.00683362200001],[130.72714413699074,34.00833333333333],[130.7272766279908,34.008333333333326]]]]}},{"type":"Feature","id":"40100:51300517","properties":{"id":"40100:51300517","meshCode":"51300517","cityCode":"40100","city":"北九州市","lat":34.0147313,"lon":130.7241132,"areaKm2":0.0770295,"populated2020":false,"population2020":null,"populationNote":"境界またぎ・収録外等のため人口未集計"},"geometry":{"type":"MultiPolygon","coordinates":[[[[130.724423061,34.01114389199999],[130.724478885,34.011172225],[130.724539442,34.01110555899999],[130.724498327,34.011089441],[130.724423061,34.01114389199999]]],[[[130.724875551,34.011126946],[130.724869442,34.011493054],[130.724541946,34.011578054],[130.72450917,34.011885829],[130.724288327,34.012085559000006],[130.724376939,34.012199721],[130.72452749700003,34.01299082900001],[130.724295837,34.013253892],[130.724058054,34.013263892000005],[130.723936667,34.01349416200001],[130.723683333,34.01353749500001],[130.723581388,34.013662495000005],[130.723486667,34.013666667],[130.723448054,34.01375555900001],[130.723578885,34.01385833300001],[130.723394721,34.013888613000006],[130.723247782,34.014061387],[130.723401946,34.014266108],[130.723315837,34.01460027899999],[130.723163061,34.01462638700001],[130.723143606,34.014822225],[130.72296166,34.014715279],[130.722826939,34.01488777499999],[130.72291083,34.015144721],[130.722834163,34.015394162],[130.722926394,34.015466667],[130.722779728,34.015596946],[130.722779728,34.015711946],[130.723214994,34.016122775],[130.72295083,34.01627222500001],[130.722814994,34.016072225],[130.722597782,34.01620638699999],[130.722918054,34.016604162],[130.722472776,34.016475829],[130.722358885,34.01661333300001],[130.72218917,34.016583054],[130.72211036314178,34.01666666666667],[130.725,34.016666666666666],[130.725,34.010895613],[130.724875551,34.011126946]]],[[[130.724311388,34.011705000000006],[130.724267782,34.011765559],[130.724393891,34.011713054000005],[130.724311388,34.011705000000006]]],[[[130.724009442,34.011908054],[130.724091946,34.011819162],[130.724031388,34.011825279],[130.724009442,34.011908054]]],[[[130.724088327,34.012181387000005],[130.72411250300001,34.012048333],[130.723930558,34.012015829000006],[130.723991388,34.012183333],[130.724088327,34.012181387000005]]],[[[130.72433083,34.012284441],[130.72422166,34.012385279],[130.724255837,34.01245389200001],[130.724340558,34.012405559],[130.72433083,34.012284441]]],[[[130.723143606,34.014465],[130.723087782,34.014440828999994],[130.722944721,34.014507225],[130.723024721,34.014602225000004],[130.723143606,34.014465]]]]}},{"type":"Feature","id":"40100:51300518","properties":{"id":"40100:51300518","meshCode":"51300518","cityCode":"40100","city":"北九州市","lat":34.0131109,"lon":130.728059,"areaKm2":0.3902274,"populated2020":false,"population2020":null,"populationNote":"境界またぎ・収録外等のため人口未集計"},"geometry":{"type":"MultiPolygon","coordinates":[[[[130.731556278,34.016129874],[130.7287111411275,34.008333333333326],[130.72861448812287,34.00833333333333],[130.728761115,34.00873109900001],[130.727503217,34.00903592800001],[130.7272766279908,34.008333333333326],[130.72714413699074,34.00833333333333],[130.727362802,34.009017631],[130.727179754,34.009073793],[130.726973333,34.008905000000006],[130.726843606,34.009105829],[130.726598612,34.009192495],[130.726256667,34.00958416200001],[130.725782503,34.009869721],[130.725777497,34.009986667000014],[130.725411388,34.010402495],[130.725408885,34.010612495],[130.72503917,34.01078472099999],[130.725,34.016666666666666],[130.726455551,34.016633333],[130.726486939,34.016564721],[130.726358327,34.01646777500001],[130.726495551,34.016287225000006],[130.726764721,34.016188333],[130.726846109,34.01587249500001],[130.726969728,34.015824162],[130.727018625,34.01563010800001],[130.73160703,34.016392072],[130.7375,34.01488886245678],[130.737358106,34.014279432],[130.737069948,34.014351477],[130.737193619,34.01469614399999],[130.731556278,34.016129874]]],[[[130.726706667,34.016357775],[130.726594994,34.016337775],[130.726626394,34.016448613],[130.726704163,34.01641833299999],[130.726706667,34.016357775]]],[[[130.72688360600003,34.016390279],[130.726776939,34.01647499999999],[130.726893333,34.016483054],[130.72688360600003,34.016390279]]]]}},{"type":"Feature","id":"40100:51300614","properties":{"id":"40100:51300614","meshCode":"51300614","cityCode":"40100","city":"北九州市","lat":34.0098001,"lon":130.811942,"areaKm2":0.0023418,"populated2020":false,"population2020":null,"populationNote":"境界またぎ・収録外等のため人口未集計"},"geometry":{"type":"MultiPolygon","coordinates":[[[[130.811820947,34.009567441],[130.811711971,34.00966982],[130.81172594,34.00994673],[130.811907562,34.010049117],[130.81215345,34.00985364899999],[130.81218978,34.009683784],[130.812083593,34.009600018],[130.811820947,34.009567441]]],[[[130.806383061,34.010222775],[130.806523061,34.010249721],[130.806568885,34.01017805400001],[130.80642083,34.010117494999996],[130.806383061,34.010222775]]],[[[130.812441946,34.010354162],[130.8125,34.01043079560341],[130.8125,34.01031707943589],[130.812441946,34.010354162]]],[[[130.811424449,34.010468054],[130.811418885,34.010589161999995],[130.811511946,34.010586946],[130.811538612,34.010486108],[130.811424449,34.010468054]]]]}},{"type":"Feature","id":"40100:51300615","properties":{"id":"40100:51300615","meshCode":"51300615","cityCode":"40100","city":"北九州市","lat":34.0103573,"lon":130.8125737,"areaKm2":0.0001782,"populated2020":false,"population2020":null,"populationNote":"境界またぎ・収録外等のため人口未集計"},"geometry":{"type":"Polygon","coordinates":[[[130.812668054,34.010311666999996],[130.8125,34.01031707943589],[130.8125,34.01043079560341],[130.812653061,34.010370829],[130.812668054,34.010311666999996]]]}},{"type":"Feature","id":"40100:51300519","properties":{"id":"40100:51300519","meshCode":"51300519","cityCode":"40100","city":"北九州市","lat":34.0148268,"lon":130.7375175,"areaKm2":4.68e-05,"populated2020":false,"population2020":null,"populationNote":"境界またぎ・収録外等のため人口未集計"},"geometry":{"type":"Polygon","coordinates":[[[130.737552555,34.01487641399999],[130.7375,34.01471506248612],[130.7375,34.01488886245678],[130.737552555,34.01487641399999]]]}},{"type":"Feature","id":"40100:51300527","properties":{"id":"40100:51300527","meshCode":"51300527","cityCode":"40100","city":"北九州市","lat":34.0175941,"lon":130.7236054,"areaKm2":0.0542518,"populated2020":false,"population2020":null,"populationNote":"境界またぎ・収録外等のため人口未集計"},"geometry":{"type":"MultiPolygon","coordinates":[[[[130.721802218,34.017542495],[130.72189917,34.017471667],[130.721872503,34.017336667],[130.721758612,34.01744555900001],[130.721802218,34.017542495]]],[[[130.72211036314178,34.01666666666667],[130.721997497,34.017166108000005],[130.72209083,34.017580829],[130.722208612,34.01765833299999],[130.722063061,34.017777495000004],[130.72236,34.018252775],[130.722340558,34.018450559],[130.722452218,34.018357775],[130.722578327,34.018400279000005],[130.72283917,34.01834472099999],[130.722982218,34.018229721],[130.722962776,34.018102495],[130.723229728,34.018124721],[130.723338885,34.01822555900001],[130.723275837,34.01836277500001],[130.723366394,34.01856361299999],[130.723451388,34.018499162],[130.723461115,34.018287225],[130.723808054,34.018295279],[130.723953333,34.01860610799999],[130.72392083,34.018756386999996],[130.723823606,34.018722225],[130.723726667,34.018918054],[130.7239,34.019052225],[130.72415972800002,34.019019721],[130.724154721,34.01890082900001],[130.724326939,34.018949162],[130.724550272,34.018856387],[130.724653333,34.018734162],[130.724705279,34.018214441],[130.724872776,34.018273054],[130.725,34.018441667000005],[130.725,34.016666666666666],[130.72211036314178,34.01666666666667]]],[[[130.721924721,34.017850278999994],[130.721868885,34.018003613000005],[130.721973333,34.018090279],[130.721953891,34.017894721],[130.721924721,34.017850278999994]]]]}},{"type":"Feature","id":"40100:51300528","properties":{"id":"40100:51300528","meshCode":"51300528","cityCode":"40100","city":"北九州市","lat":34.0186225,"lon":130.7256841,"areaKm2":0.0310934,"populated2020":false,"population2020":null,"populationNote":"境界またぎ・収録外等のため人口未集計"},"geometry":{"type":"MultiPolygon","coordinates":[[[[130.726283333,34.01691],[130.726346394,34.01682722500001],[130.726326939,34.016784721],[130.72623,34.016819162],[130.726283333,34.01691]]],[[[130.726220272,34.01751138699999],[130.726147497,34.017531667],[130.726174163,34.017630278999995],[130.726241946,34.017608333],[130.726220272,34.01751138699999]]],[[[130.725,34.018441667000005],[130.725389442,34.019167225],[130.72553972800003,34.01903389200001],[130.726016394,34.018903892],[130.725930272,34.018684721],[130.725983606,34.018598054],[130.726216667,34.018606108],[130.726237224,34.018383054],[130.726050272,34.01836277500001],[130.726043061,34.018247775],[130.725876939,34.018125829],[130.725863606,34.017807775],[130.726012776,34.017558892],[130.725977782,34.017240829],[130.726101388,34.017115829],[130.725954721,34.017050279],[130.726090558,34.016830279000004],[130.72638888566667,34.016666666666666],[130.725,34.016666666666666],[130.725,34.018441667000005]]],[[[130.72629166,34.01892305399999],[130.726342776,34.018862495],[130.726216667,34.018809999999995],[130.726206939,34.01889666699999],[130.72629166,34.01892305399999]]],[[[130.726987782,34.019740279],[130.727060272,34.01957694600001],[130.726846939,34.019514441],[130.726900272,34.019696108],[130.726987782,34.019740279]]],[[[130.725759442,34.021055000000004],[130.725502218,34.021301387],[130.725716939,34.021512225],[130.725726667,34.021665559],[130.726213891,34.021948333],[130.726494163,34.021892775000005],[130.726698885,34.021627224999996],[130.726606939,34.021395279],[130.726171388,34.02119027900001],[130.726118054,34.021089441],[130.725759442,34.021055000000004]]]]}}]}