{"type":"FeatureCollection","metadata":{"cityCode":"40204","city":"直方市","resolution":500,"boundaryDate":"2026-01-01","populationLabel":"2020年基準人口（国交省調整値）","method":"標準地域メッシュを行政界で切抜き。中心が区域外のとき区域内代表点を判定点にする。人口不明をゼロにしない。"},"features":[{"type":"Feature","id":"40204:503045393","properties":{"id":"40204:503045393","meshCode":"503045393","cityCode":"40204","city":"直方市","lat":33.6999758,"lon":130.7395465,"areaKm2":0.0001216,"populated2020":true,"population2020":null,"populationNote":"境界またぎ・原典収録外のため自治体内人口は未集計"},"geometry":{"type":"Polygon","coordinates":[[[130.739746524,33.699999999999996],[130.739521115,33.699955558999996],[130.73926406,33.7],[130.739746524,33.699999999999996]]]}},{"type":"Feature","id":"40204:503045481","properties":{"id":"40204:503045481","meshCode":"503045481","cityCode":"40204","city":"直方市","lat":33.7037535,"lon":130.730336,"areaKm2":0.0133818,"populated2020":true,"population2020":null,"populationNote":"境界またぎ・原典収録外のため自治体内人口は未集計"},"geometry":{"type":"Polygon","coordinates":[[[130.73125,33.70349640719637],[130.730555837,33.703468613],[130.730076667,33.703373891999995],[130.729857224,33.703436387],[130.729358612,33.703833054],[130.72929770733634,33.704166666666666],[130.73125,33.704166666666666],[130.73125,33.70349640719637]]]}},{"type":"Feature","id":"40204:503045482","properties":{"id":"40204:503045482","meshCode":"503045482","cityCode":"40204","city":"直方市","lat":33.7038604,"lon":130.7317993,"areaKm2":0.0487447,"populated2020":false,"population2020":null,"populationNote":"境界またぎ・原典収録外のため自治体内人口は未集計"},"geometry":{"type":"MultiPolygon","coordinates":[[[[130.737476667,33.700868054],[130.737140272,33.700952495],[130.736803891,33.701146108],[130.736552218,33.70143610800001],[130.736878612,33.702264441000004],[130.736783333,33.702675279],[130.736517497,33.702989441],[130.736217224,33.703160829000005],[130.735819728,33.70317472100001],[130.735064449,33.70355582900001],[130.734911388,33.70368249500001],[130.7348713546106,33.70416666666667],[130.7375,33.70416666666667],[130.737476667,33.700868054]]],[[[130.732585551,33.70403472099999],[130.731893891,33.703657775],[130.73125,33.70349640719637],[130.73125,33.704166666666666],[130.7326192275039,33.70416666666667],[130.732585551,33.70403472099999]]]]}},{"type":"Feature","id":"40204:503045491","properties":{"id":"40204:503045491","meshCode":"503045491","cityCode":"40204","city":"直方市","lat":33.7020833,"lon":130.740625,"areaKm2":0.2327322,"populated2020":false,"population2020":null,"populationNote":"境界またぎ・原典収録外のため自治体内人口は未集計"},"geometry":{"type":"Polygon","coordinates":[[[130.74375,33.70163993486815],[130.743383061,33.700968892000006],[130.743126394,33.700836387],[130.742447782,33.700691108],[130.741407497,33.700755559],[130.741040272,33.70056222499999],[130.740543061,33.70045944100001],[130.740145279,33.700114721000006],[130.739746524,33.699999999999996],[130.739206939,33.700007775],[130.738605837,33.700476946],[130.73775444900002,33.700583892],[130.7375,33.70085213459668],[130.7375,33.70416666666667],[130.74375,33.70416666666666],[130.74375,33.70163993486815]]]}},{"type":"Feature","id":"40204:503045492","properties":{"id":"40204:503045492","meshCode":"503045492","cityCode":"40204","city":"直方市","lat":33.7028621,"lon":130.7440976,"areaKm2":0.0237305,"populated2020":false,"population2020":null,"populationNote":"境界またぎ・原典収録外のため自治体内人口は未集計"},"geometry":{"type":"Polygon","coordinates":[[[130.74627322922686,33.70416666666667],[130.745953606,33.703980558999994],[130.745698885,33.703641946],[130.74549917,33.703555279],[130.745027782,33.70355527899999],[130.744904994,33.703492775],[130.744653891,33.70304944099999],[130.744031946,33.702455],[130.743951388,33.702021387],[130.74375,33.70163993486815],[130.74375,33.70416666666666],[130.74627322922686,33.70416666666667]]]}},{"type":"Feature","id":"40204:503045483","properties":{"id":"40204:503045483","meshCode":"503045483","cityCode":"40204","city":"直方市","lat":33.7062593,"lon":130.7302269,"areaKm2":0.1158204,"populated2020":false,"population2020":null,"populationNote":"境界またぎ・原典収録外のため自治体内人口は未集計"},"geometry":{"type":"Polygon","coordinates":[[[130.72929770733634,33.704166666666666],[130.72937,33.704543892],[130.729095551,33.705574441],[130.729214449,33.706176667],[130.729076394,33.706608054],[130.728637224,33.706970279000004],[130.728446109,33.707014721],[130.727670272,33.70656749500001],[130.72733083,33.70659582900001],[130.72748888500004,33.707474440999995],[130.727405279,33.707843054],[130.72748175115612,33.70833333333333],[130.73125,33.708333333333336],[130.73125,33.704166666666666],[130.72929770733634,33.704166666666666]]]}},{"type":"Feature","id":"40204:503045484","properties":{"id":"40204:503045484","meshCode":"503045484","cityCode":"40204","city":"直方市","lat":33.70625,"lon":130.734375,"areaKm2":0.2558765,"populated2020":false,"population2020":null,"populationNote":"境界またぎ・原典収録外のため自治体内人口は未集計"},"geometry":{"type":"Polygon","coordinates":[[[130.7348713546106,33.70416666666667],[130.734824721,33.704346945999994],[130.734472218,33.70453222500001],[130.734011115,33.704953333000006],[130.733844994,33.704949441],[130.733450272,33.704743892],[130.732698054,33.70453416200001],[130.7326192275039,33.70416666666667],[130.73125,33.704166666666666],[130.73125,33.708333333333336],[130.7375,33.708333333333336],[130.7375,33.70416666666667],[130.7348713546106,33.70416666666667]]]}},{"type":"Feature","id":"40204:503045493","properties":{"id":"40204:503045493","meshCode":"503045493","cityCode":"40204","city":"直方市","lat":33.70625,"lon":130.740625,"areaKm2":0.2677156,"populated2020":false,"population2020":null,"populationNote":"境界またぎ・原典収録外のため自治体内人口は未集計"},"geometry":{"type":"Polygon","coordinates":[[[130.7375,33.70416666666667],[130.7375,33.708333333333336],[130.74375,33.708333333333336],[130.74375,33.70416666666666],[130.7375,33.70416666666667]]]}},{"type":"Feature","id":"40204:503045494","properties":{"id":"40204:503045494","meshCode":"503045494","cityCode":"40204","city":"直方市","lat":33.7062793,"lon":130.7452216,"areaKm2":0.1281458,"populated2020":false,"population2020":null,"populationNote":"境界またぎ・原典収録外のため自治体内人口は未集計"},"geometry":{"type":"Polygon","coordinates":[[[130.746418223,33.708333333],[130.746459728,33.70737889200001],[130.746748885,33.706889161999996],[130.74669917,33.70614722500002],[130.74702917,33.70568777500001],[130.746932503,33.70528666700001],[130.747134994,33.70480082900001],[130.74709083,33.704492495000004],[130.74627322922686,33.70416666666667],[130.74375,33.70416666666666],[130.74375,33.708333333333336],[130.746418223,33.708333333]]]}},{"type":"Feature","id":"40204:503045581","properties":{"id":"40204:503045581","meshCode":"503045581","cityCode":"40204","city":"直方市","lat":33.7104167,"lon":130.728125,"areaKm2":0.1963418,"populated2020":true,"population2020":39.0429,"populationNote":"2020年基準の国交省調整値"},"geometry":{"type":"Polygon","coordinates":[[[130.72748175115612,33.70833333333333],[130.727694449,33.708582224999994],[130.727724721,33.708743333],[130.727484994,33.709008892],[130.727022218,33.709298892],[130.726876109,33.710018054],[130.726760558,33.710211387],[130.72636,33.710253613000006],[130.726335837,33.710787225],[130.726078327,33.711236107999994],[130.726137224,33.712053892],[130.72639995844213,33.712500000000006],[130.73125,33.712500000000006],[130.73125,33.708333333333336],[130.72748175115612,33.70833333333333]]]}},{"type":"Feature","id":"40204:503045582","properties":{"id":"40204:503045582","meshCode":"503045582","cityCode":"40204","city":"直方市","lat":33.7104167,"lon":130.734375,"areaKm2":0.267703,"populated2020":true,"population2020":77.7828,"populationNote":"2020年基準の国交省調整値"},"geometry":{"type":"Polygon","coordinates":[[[130.73125,33.708333333333336],[130.73125,33.712500000000006],[130.7375,33.712500000000006],[130.7375,33.708333333333336],[130.73125,33.708333333333336]]]}},{"type":"Feature","id":"40204:503045591","properties":{"id":"40204:503045591","meshCode":"503045591","cityCode":"40204","city":"直方市","lat":33.7104167,"lon":130.740625,"areaKm2":0.2677029,"populated2020":true,"population2020":72.7543,"populationNote":"2020年基準の国交省調整値"},"geometry":{"type":"Polygon","coordinates":[[[130.7375,33.708333333333336],[130.7375,33.712500000000006],[130.74375,33.712500000000006],[130.74375,33.708333333333336],[130.7375,33.708333333333336]]]}},{"type":"Feature","id":"40204:503045592","properties":{"id":"40204:503045592","meshCode":"503045592","cityCode":"40204","city":"直方市","lat":33.7104167,"lon":130.746875,"areaKm2":0.1866909,"populated2020":false,"population2020":null,"populationNote":"境界またぎ・原典収録外のため自治体内人口は未集計"},"geometry":{"type":"Polygon","coordinates":[[[130.749083606,33.71229944099999],[130.749307782,33.711104721000005],[130.749236109,33.710820000000005],[130.74897805400002,33.710593892],[130.748323061,33.710407495],[130.747484163,33.709693054],[130.746715279,33.709285828999995],[130.746351946,33.708571946000006],[130.7464182229074,33.708333333333336],[130.74375,33.708333333333336],[130.74375,33.712500000000006],[130.74914337233054,33.712500000000006],[130.749083606,33.71229944099999]]]}},{"type":"Feature","id":"40204:503045574","properties":{"id":"40204:503045574","meshCode":"503045574","cityCode":"40204","city":"直方市","lat":33.7159382,"lon":130.7247651,"areaKm2":0.0057076,"populated2020":true,"population2020":null,"populationNote":"境界またぎ・原典収録外のため自治体内人口は未集計"},"geometry":{"type":"Polygon","coordinates":[[[130.724963061,33.715239721],[130.724513333,33.71579110799999],[130.72453083,33.71652833299999],[130.72462561557703,33.71666666666667],[130.725,33.716666666666676],[130.724963061,33.715239721]]]}},{"type":"Feature","id":"40204:503045583","properties":{"id":"40204:503045583","meshCode":"503045583","cityCode":"40204","city":"直方市","lat":33.7145833,"lon":130.728125,"areaKm2":0.2430492,"populated2020":true,"population2020":45.8862,"populationNote":"2020年基準の国交省調整値"},"geometry":{"type":"Polygon","coordinates":[[[130.72639995844213,33.712500000000006],[130.726474449,33.712742775],[130.725997224,33.712998333],[130.725948327,33.71340333300001],[130.726056939,33.713789721],[130.725621388,33.714766387000004],[130.725283061,33.715084441],[130.725,33.715217829],[130.725,33.716666666666676],[130.73125,33.71666666666667],[130.73125,33.712500000000006],[130.72639995844213,33.712500000000006]]]}},{"type":"Feature","id":"40204:503045584","properties":{"id":"40204:503045584","meshCode":"503045584","cityCode":"40204","city":"直方市","lat":33.7145833,"lon":130.734375,"areaKm2":0.2676903,"populated2020":true,"population2020":404.6565,"populationNote":"2020年基準の国交省調整値"},"geometry":{"type":"Polygon","coordinates":[[[130.73125,33.712500000000006],[130.73125,33.71666666666667],[130.7375,33.71666666666667],[130.7375,33.712500000000006],[130.73125,33.712500000000006]]]}},{"type":"Feature","id":"40204:503045593","properties":{"id":"40204:503045593","meshCode":"503045593","cityCode":"40204","city":"直方市","lat":33.7145833,"lon":130.740625,"areaKm2":0.2676901,"populated2020":true,"population2020":241.66,"populationNote":"2020年基準の国交省調整値"},"geometry":{"type":"Polygon","coordinates":[[[130.7375,33.712500000000006],[130.7375,33.71666666666667],[130.74375,33.71666666666667],[130.74375,33.712500000000006],[130.7375,33.712500000000006]]]}},{"type":"Feature","id":"40204:503045594","properties":{"id":"40204:503045594","meshCode":"503045594","cityCode":"40204","city":"直方市","lat":33.7145833,"lon":130.746875,"areaKm2":0.2242008,"populated2020":true,"population2020":null,"populationNote":"境界またぎ・原典収録外のため自治体内人口は未集計"},"geometry":{"type":"Polygon","coordinates":[[[130.74939547259453,33.71666666666667],[130.74871,33.716115559],[130.748193333,33.715901946],[130.74918917,33.714118054],[130.749548612,33.713302775],[130.749539442,33.713095],[130.74914337233054,33.712500000000006],[130.74375,33.712500000000006],[130.74375,33.71666666666667],[130.74939547259453,33.71666666666667]]]}},{"type":"Feature","id":"40204:503045672","properties":{"id":"40204:503045672","meshCode":"503045672","cityCode":"40204","city":"直方市","lat":33.7168333,"lon":130.724874,"areaKm2":0.0008468,"populated2020":true,"population2020":null,"populationNote":"境界またぎ・原典収録外のため自治体内人口は未集計"},"geometry":{"type":"Polygon","coordinates":[[[130.724625616,33.716666667],[130.724780272,33.716928892000006],[130.725,33.71701491899999],[130.725,33.716666666666676],[130.724625616,33.716666667]]]}},{"type":"Feature","id":"40204:503045681","properties":{"id":"40204:503045681","meshCode":"503045681","cityCode":"40204","city":"直方市","lat":33.71875,"lon":130.728125,"areaKm2":0.2140169,"populated2020":true,"population2020":147.7919,"populationNote":"2020年基準の国交省調整値"},"geometry":{"type":"Polygon","coordinates":[[[130.725,33.71701491899999],[130.725497782,33.717158333],[130.725623891,33.717633892],[130.725923606,33.717847225],[130.726056667,33.718076946000004],[130.726630272,33.718360829],[130.72671939716184,33.72083333333333],[130.73125,33.72083333333334],[130.73125,33.71666666666667],[130.725,33.716666666666676],[130.725,33.71701491899999]]]}},{"type":"Feature","id":"40204:503045682","properties":{"id":"40204:503045682","meshCode":"503045682","cityCode":"40204","city":"直方市","lat":33.71875,"lon":130.734375,"areaKm2":0.2676775,"populated2020":true,"population2020":619.0301,"populationNote":"2020年基準の国交省調整値"},"geometry":{"type":"Polygon","coordinates":[[[130.73125,33.71666666666667],[130.73125,33.72083333333334],[130.7375,33.72083333333333],[130.7375,33.71666666666667],[130.73125,33.71666666666667]]]}},{"type":"Feature","id":"40204:503045691","properties":{"id":"40204:503045691","meshCode":"503045691","cityCode":"40204","city":"直方市","lat":33.71875,"lon":130.740625,"areaKm2":0.2676774,"populated2020":true,"population2020":327.5886,"populationNote":"2020年基準の国交省調整値"},"geometry":{"type":"Polygon","coordinates":[[[130.7375,33.71666666666667],[130.7375,33.72083333333333],[130.74375,33.72083333333333],[130.74375,33.71666666666667],[130.7375,33.71666666666667]]]}},{"type":"Feature","id":"40204:503045692","properties":{"id":"40204:503045692","meshCode":"503045692","cityCode":"40204","city":"直方市","lat":33.71875,"lon":130.746875,"areaKm2":0.2659753,"populated2020":true,"population2020":197.0144,"populationNote":"2020年基準の国交省調整値"},"geometry":{"type":"Polygon","coordinates":[[[130.75,33.717144613],[130.74939547259453,33.71666666666667],[130.74375,33.71666666666667],[130.74375,33.72083333333333],[130.75,33.72083333333333],[130.75,33.717144613]]]}},{"type":"Feature","id":"40204:503046601","properties":{"id":"40204:503046601","meshCode":"503046601","cityCode":"40204","city":"直方市","lat":33.71875,"lon":130.753125,"areaKm2":0.2028196,"populated2020":true,"population2020":null,"populationNote":"境界またぎ・原典収録外のため自治体内人口は未集計"},"geometry":{"type":"Polygon","coordinates":[[[130.75625,33.718318723570306],[130.754942776,33.717865],[130.753767782,33.717594999999996],[130.751303333,33.717575],[130.750889442,33.71751833300001],[130.75037917,33.717361387],[130.75,33.717144613],[130.75,33.72083333333333],[130.75625,33.72083333333333],[130.75625,33.718318723570306]]]}},{"type":"Feature","id":"40204:503046602","properties":{"id":"40204:503046602","meshCode":"503046602","cityCode":"40204","city":"直方市","lat":33.7196416,"lon":130.7586791,"areaKm2":0.1040255,"populated2020":true,"population2020":null,"populationNote":"境界またぎ・原典収録外のため自治体内人口は未集計"},"geometry":{"type":"Polygon","coordinates":[[[130.7625,33.719736219598744],[130.761974721,33.72002500000001],[130.761612218,33.720041387],[130.761290272,33.719908054],[130.760951115,33.719463053999995],[130.760424994,33.71929500000001],[130.758939442,33.719081387],[130.758673333,33.719139721],[130.758489728,33.71930389199999],[130.758268885,33.719103333],[130.757562503,33.718718613],[130.756820558,33.718541667000004],[130.75625,33.718318723570306],[130.75625,33.72083333333333],[130.7625,33.72083333333333],[130.7625,33.719736219598744]]]}},{"type":"Feature","id":"40204:503046611","properties":{"id":"40204:503046611","meshCode":"503046611","cityCode":"40204","city":"直方市","lat":33.7202393,"lon":130.7632731,"areaKm2":0.016099,"populated2020":true,"population2020":null,"populationNote":"境界またぎ・原典収録外のため自治体内人口は未集計"},"geometry":{"type":"Polygon","coordinates":[[[130.764597782,33.72083110799999],[130.764113891,33.720265829],[130.763374994,33.720085],[130.762923891,33.719680000000004],[130.7625,33.719736219598744],[130.7625,33.72083333333333],[130.764597782,33.72083110799999]]]}},{"type":"Feature","id":"40204:503045683","properties":{"id":"40204:503045683","meshCode":"503045683","cityCode":"40204","city":"直方市","lat":33.7229167,"lon":130.728125,"areaKm2":0.190812,"populated2020":true,"population2020":null,"populationNote":"境界またぎ・原典収録外のため自治体内人口は未集計"},"geometry":{"type":"Polygon","coordinates":[[[130.72671939716184,33.72083333333333],[130.726869728,33.724999999999994],[130.73125,33.725],[130.73125,33.72083333333334],[130.72671939716184,33.72083333333333]]]}},{"type":"Feature","id":"40204:503045684","properties":{"id":"40204:503045684","meshCode":"503045684","cityCode":"40204","city":"直方市","lat":33.7229167,"lon":130.734375,"areaKm2":0.2676648,"populated2020":true,"population2020":781.1199,"populationNote":"2020年基準の国交省調整値"},"geometry":{"type":"Polygon","coordinates":[[[130.73125,33.72083333333334],[130.73125,33.725],[130.7375,33.725],[130.7375,33.72083333333333],[130.73125,33.72083333333334]]]}},{"type":"Feature","id":"40204:503045693","properties":{"id":"40204:503045693","meshCode":"503045693","cityCode":"40204","city":"直方市","lat":33.7229167,"lon":130.740625,"areaKm2":0.2676646,"populated2020":true,"population2020":125.7903,"populationNote":"2020年基準の国交省調整値"},"geometry":{"type":"Polygon","coordinates":[[[130.7375,33.72083333333333],[130.7375,33.725],[130.74375,33.725],[130.74375,33.72083333333333],[130.7375,33.72083333333333]]]}},{"type":"Feature","id":"40204:503045694","properties":{"id":"40204:503045694","meshCode":"503045694","cityCode":"40204","city":"直方市","lat":33.7229167,"lon":130.746875,"areaKm2":0.2676644,"populated2020":true,"population2020":161.7302,"populationNote":"2020年基準の国交省調整値"},"geometry":{"type":"Polygon","coordinates":[[[130.74375,33.72083333333333],[130.74375,33.725],[130.75,33.725],[130.75,33.72083333333333],[130.74375,33.72083333333333]]]}},{"type":"Feature","id":"40204:503046603","properties":{"id":"40204:503046603","meshCode":"503046603","cityCode":"40204","city":"直方市","lat":33.7229167,"lon":130.753125,"areaKm2":0.2676642,"populated2020":true,"population2020":307.6568,"populationNote":"2020年基準の国交省調整値"},"geometry":{"type":"Polygon","coordinates":[[[130.75,33.72083333333333],[130.75,33.725],[130.75625,33.725],[130.75625,33.72083333333333],[130.75,33.72083333333333]]]}},{"type":"Feature","id":"40204:503046604","properties":{"id":"40204:503046604","meshCode":"503046604","cityCode":"40204","city":"直方市","lat":33.7229167,"lon":130.759375,"areaKm2":0.2676641,"populated2020":true,"population2020":43.0489,"populationNote":"2020年基準の国交省調整値"},"geometry":{"type":"Polygon","coordinates":[[[130.75625,33.72083333333333],[130.75625,33.725],[130.7625,33.724999999999994],[130.7625,33.72083333333333],[130.75625,33.72083333333333]]]}},{"type":"Feature","id":"40204:503046613","properties":{"id":"40204:503046613","meshCode":"503046613","cityCode":"40204","city":"直方市","lat":33.7229167,"lon":130.765625,"areaKm2":0.2564386,"populated2020":false,"population2020":null,"populationNote":"境界またぎ・原典収録外のため自治体内人口は未集計"},"geometry":{"type":"Polygon","coordinates":[[[130.76871917,33.721289162],[130.768381946,33.721335],[130.767277224,33.72104305399999],[130.766757497,33.721143054],[130.766295279,33.721130559],[130.765434994,33.720933333],[130.764733333,33.720903891999995],[130.76460049060555,33.72083333333333],[130.7625,33.72083333333333],[130.7625,33.724999999999994],[130.76875,33.725],[130.76871917,33.721289162]]]}},{"type":"Feature","id":"40204:503046614","properties":{"id":"40204:503046614","meshCode":"503046614","cityCode":"40204","city":"直方市","lat":33.7229167,"lon":130.771875,"areaKm2":0.1696617,"populated2020":true,"population2020":null,"populationNote":"境界またぎ・原典収録外のため自治体内人口は未集計"},"geometry":{"type":"Polygon","coordinates":[[[130.773912776,33.724968892],[130.774038612,33.72468082899999],[130.774357782,33.724295829],[130.77449,33.723876387],[130.774374721,33.723387224999996],[130.774111946,33.723058892],[130.773298054,33.72257],[130.770776394,33.721705279000005],[130.770104163,33.721637775],[130.769284163,33.721254721],[130.76875,33.72128433351832],[130.76875,33.725],[130.773912776,33.724968892]]]}},{"type":"Feature","id":"40204:503045781","properties":{"id":"40204:503045781","meshCode":"503045781","cityCode":"40204","city":"直方市","lat":33.7270833,"lon":130.728125,"areaKm2":0.2234153,"populated2020":true,"population2020":488.0157,"populationNote":"2020年基準の国交省調整値"},"geometry":{"type":"Polygon","coordinates":[[[130.726869728,33.724999999999994],[130.726893333,33.725652775],[130.726402503,33.72572722500001],[130.725118885,33.727065829],[130.725025551,33.727319441],[130.725678612,33.727987775],[130.72721532748295,33.72916666666666],[130.73125,33.72916666666667],[130.73125,33.725],[130.726869728,33.724999999999994]]]}},{"type":"Feature","id":"40204:503045782","properties":{"id":"40204:503045782","meshCode":"503045782","cityCode":"40204","city":"直方市","lat":33.7270833,"lon":130.734375,"areaKm2":0.267652,"populated2020":true,"population2020":322.9642,"populationNote":"2020年基準の国交省調整値"},"geometry":{"type":"Polygon","coordinates":[[[130.73125,33.725],[130.73125,33.72916666666667],[130.7375,33.72916666666667],[130.7375,33.725],[130.73125,33.725]]]}},{"type":"Feature","id":"40204:503045791","properties":{"id":"40204:503045791","meshCode":"503045791","cityCode":"40204","city":"直方市","lat":33.7270833,"lon":130.740625,"areaKm2":0.2676519,"populated2020":true,"population2020":114.0491,"populationNote":"2020年基準の国交省調整値"},"geometry":{"type":"Polygon","coordinates":[[[130.7375,33.725],[130.7375,33.72916666666667],[130.74375,33.729166666666664],[130.74375,33.725],[130.7375,33.725]]]}},{"type":"Feature","id":"40204:503045792","properties":{"id":"40204:503045792","meshCode":"503045792","cityCode":"40204","city":"直方市","lat":33.7270833,"lon":130.746875,"areaKm2":0.2676517,"populated2020":true,"population2020":489.9158,"populationNote":"2020年基準の国交省調整値"},"geometry":{"type":"Polygon","coordinates":[[[130.74375,33.725],[130.74375,33.729166666666664],[130.75,33.729166666666664],[130.75,33.725],[130.74375,33.725]]]}},{"type":"Feature","id":"40204:503046701","properties":{"id":"40204:503046701","meshCode":"503046701","cityCode":"40204","city":"直方市","lat":33.7270833,"lon":130.753125,"areaKm2":0.2676515,"populated2020":true,"population2020":246.8275,"populationNote":"2020年基準の国交省調整値"},"geometry":{"type":"Polygon","coordinates":[[[130.75,33.725],[130.75,33.729166666666664],[130.75625,33.729166666666664],[130.75625,33.725],[130.75,33.725]]]}},{"type":"Feature","id":"40204:503046702","properties":{"id":"40204:503046702","meshCode":"503046702","cityCode":"40204","city":"直方市","lat":33.7270833,"lon":130.759375,"areaKm2":0.2676513,"populated2020":true,"population2020":251.7362,"populationNote":"2020年基準の国交省調整値"},"geometry":{"type":"Polygon","coordinates":[[[130.75625,33.725],[130.75625,33.729166666666664],[130.7625,33.72916666666667],[130.7625,33.724999999999994],[130.75625,33.725]]]}},{"type":"Feature","id":"40204:503046711","properties":{"id":"40204:503046711","meshCode":"503046711","cityCode":"40204","city":"直方市","lat":33.7270833,"lon":130.765625,"areaKm2":0.2676512,"populated2020":true,"population2020":196.066,"populationNote":"2020年基準の国交省調整値"},"geometry":{"type":"Polygon","coordinates":[[[130.7625,33.724999999999994],[130.7625,33.72916666666667],[130.76875,33.72916666666667],[130.76875,33.725],[130.7625,33.724999999999994]]]}},{"type":"Feature","id":"40204:503046712","properties":{"id":"40204:503046712","meshCode":"503046712","cityCode":"40204","city":"直方市","lat":33.7270833,"lon":130.771875,"areaKm2":0.2639974,"populated2020":true,"population2020":8.9271,"populationNote":"2020年基準の国交省調整値"},"geometry":{"type":"Polygon","coordinates":[[[130.775,33.725488559],[130.773886109,33.725173053999995],[130.773908716,33.725],[130.76875,33.725],[130.76875,33.72916666666667],[130.775,33.72916666666667],[130.775,33.725488559]]]}},{"type":"Feature","id":"40204:503046721","properties":{"id":"40204:503046721","meshCode":"503046721","cityCode":"40204","city":"直方市","lat":33.7270833,"lon":130.778125,"areaKm2":0.1557347,"populated2020":true,"population2020":null,"populationNote":"境界またぎ・原典収録外のため自治体内人口は未集計"},"geometry":{"type":"Polygon","coordinates":[[[130.78125,33.72754832643284],[130.780089442,33.727710559],[130.779446667,33.727659441],[130.778906667,33.72744805400001],[130.778362218,33.727092225],[130.777621946,33.72614],[130.776400272,33.725928333],[130.775,33.725488559],[130.775,33.72916666666667],[130.78125,33.72916666666667],[130.78125,33.72754832643284]]]}},{"type":"Feature","id":"40204:503046722","properties":{"id":"40204:503046722","meshCode":"503046722","cityCode":"40204","city":"直方市","lat":33.728287,"lon":130.7822687,"areaKm2":0.0359402,"populated2020":true,"population2020":null,"populationNote":"境界またぎ・原典収録外のため自治体内人口は未集計"},"geometry":{"type":"Polygon","coordinates":[[[130.784028822069,33.729166666666664],[130.782778054,33.727736387],[130.782494721,33.727528333],[130.782038885,33.727408054],[130.78125,33.72754832643284],[130.78125,33.72916666666667],[130.784028822069,33.729166666666664]]]}},{"type":"Feature","id":"40204:503045773","properties":{"id":"40204:503045773","meshCode":"503045773","cityCode":"40204","city":"直方市","lat":33.7316882,"lon":130.7173556,"areaKm2":0.0875952,"populated2020":true,"population2020":null,"populationNote":"境界またぎ・原典収録外のため自治体内人口は未集計"},"geometry":{"type":"Polygon","coordinates":[[[130.71875,33.73011660915028],[130.717748327,33.730649162000006],[130.716958054,33.731453613],[130.716068885,33.731648892],[130.715261388,33.73197499999999],[130.714832776,33.73198305399999],[130.714533333,33.732103333],[130.714313061,33.73254416200001],[130.714351388,33.73269305400001],[130.714841388,33.73321249499999],[130.71486719807123,33.733333333333334],[130.71875,33.733333333333334],[130.71875,33.73011660915028]]]}},{"type":"Feature","id":"40204:503045774","properties":{"id":"40204:503045774","meshCode":"503045774","cityCode":"40204","city":"直方市","lat":33.73125,"lon":130.721875,"areaKm2":0.1856206,"populated2020":true,"population2020":75.8323,"populationNote":"2020年基準の国交省調整値"},"geometry":{"type":"Polygon","coordinates":[[[130.725,33.731704865],[130.724093606,33.73161889199999],[130.723552503,33.731141946],[130.722322776,33.730469721],[130.720743061,33.729870829],[130.719939728,33.729463892000005],[130.719579442,33.72918416200001],[130.718952776,33.729965279000005],[130.71875,33.73011660915028],[130.71875,33.733333333333334],[130.725,33.733333333333334],[130.725,33.731704865]]]}},{"type":"Feature","id":"40204:503045783","properties":{"id":"40204:503045783","meshCode":"503045783","cityCode":"40204","city":"直方市","lat":33.73125,"lon":130.728125,"areaKm2":0.2199713,"populated2020":true,"population2020":null,"populationNote":"境界またぎ・原典収録外のため自治体内人口は未集計"},"geometry":{"type":"Polygon","coordinates":[[[130.727223891,33.729172495],[130.727300558,33.729394721000006],[130.72682083,33.729984441000006],[130.726733333,33.730479721],[130.726932503,33.73079361300001],[130.726575551,33.73146972100001],[130.726237497,33.731634721000006],[130.725,33.731704865],[130.725,33.733333333333334],[130.73125,33.733333333333334],[130.73125,33.72916666666667],[130.727223891,33.729172495]]]}},{"type":"Feature","id":"40204:503045784","properties":{"id":"40204:503045784","meshCode":"503045784","cityCode":"40204","city":"直方市","lat":33.73125,"lon":130.734375,"areaKm2":0.2676393,"populated2020":true,"population2020":201.8793,"populationNote":"2020年基準の国交省調整値"},"geometry":{"type":"Polygon","coordinates":[[[130.73125,33.72916666666667],[130.73125,33.733333333333334],[130.7375,33.733333333333334],[130.7375,33.72916666666667],[130.73125,33.72916666666667]]]}},{"type":"Feature","id":"40204:503045793","properties":{"id":"40204:503045793","meshCode":"503045793","cityCode":"40204","city":"直方市","lat":33.73125,"lon":130.740625,"areaKm2":0.2676391,"populated2020":true,"population2020":472.998,"populationNote":"2020年基準の国交省調整値"},"geometry":{"type":"Polygon","coordinates":[[[130.7375,33.72916666666667],[130.7375,33.733333333333334],[130.74375,33.733333333333334],[130.74375,33.729166666666664],[130.7375,33.72916666666667]]]}},{"type":"Feature","id":"40204:503045794","properties":{"id":"40204:503045794","meshCode":"503045794","cityCode":"40204","city":"直方市","lat":33.73125,"lon":130.746875,"areaKm2":0.2676389,"populated2020":true,"population2020":271.8692,"populationNote":"2020年基準の国交省調整値"},"geometry":{"type":"Polygon","coordinates":[[[130.74375,33.729166666666664],[130.74375,33.733333333333334],[130.75,33.73333333333333],[130.75,33.729166666666664],[130.74375,33.729166666666664]]]}},{"type":"Feature","id":"40204:503046703","properties":{"id":"40204:503046703","meshCode":"503046703","cityCode":"40204","city":"直方市","lat":33.73125,"lon":130.753125,"areaKm2":0.2676387,"populated2020":true,"population2020":285.592,"populationNote":"2020年基準の国交省調整値"},"geometry":{"type":"Polygon","coordinates":[[[130.75,33.729166666666664],[130.75,33.73333333333333],[130.75625,33.733333333333334],[130.75625,33.729166666666664],[130.75,33.729166666666664]]]}},{"type":"Feature","id":"40204:503046704","properties":{"id":"40204:503046704","meshCode":"503046704","cityCode":"40204","city":"直方市","lat":33.73125,"lon":130.759375,"areaKm2":0.2676386,"populated2020":true,"population2020":306.3248,"populationNote":"2020年基準の国交省調整値"},"geometry":{"type":"Polygon","coordinates":[[[130.75625,33.729166666666664],[130.75625,33.733333333333334],[130.7625,33.73333333333333],[130.7625,33.72916666666667],[130.75625,33.729166666666664]]]}},{"type":"Feature","id":"40204:503046713","properties":{"id":"40204:503046713","meshCode":"503046713","cityCode":"40204","city":"直方市","lat":33.73125,"lon":130.765625,"areaKm2":0.2676384,"populated2020":true,"population2020":64.0,"populationNote":"2020年基準の国交省調整値"},"geometry":{"type":"Polygon","coordinates":[[[130.7625,33.72916666666667],[130.7625,33.73333333333333],[130.76875,33.733333333333334],[130.76875,33.72916666666667],[130.7625,33.72916666666667]]]}},{"type":"Feature","id":"40204:503046714","properties":{"id":"40204:503046714","meshCode":"503046714","cityCode":"40204","city":"直方市","lat":33.73125,"lon":130.771875,"areaKm2":0.2676382,"populated2020":true,"population2020":13.0702,"populationNote":"2020年基準の国交省調整値"},"geometry":{"type":"Polygon","coordinates":[[[130.76875,33.72916666666667],[130.76875,33.733333333333334],[130.775,33.733333333333334],[130.775,33.72916666666667],[130.76875,33.72916666666667]]]}},{"type":"Feature","id":"40204:503046723","properties":{"id":"40204:503046723","meshCode":"503046723","cityCode":"40204","city":"直方市","lat":33.73125,"lon":130.778125,"areaKm2":0.2676381,"populated2020":true,"population2020":15.9131,"populationNote":"2020年基準の国交省調整値"},"geometry":{"type":"Polygon","coordinates":[[[130.775,33.72916666666667],[130.775,33.733333333333334],[130.78125,33.733333333333334],[130.78125,33.72916666666667],[130.775,33.72916666666667]]]}},{"type":"Feature","id":"40204:503046724","properties":{"id":"40204:503046724","meshCode":"503046724","cityCode":"40204","city":"直方市","lat":33.7312679,"lon":130.7827438,"areaKm2":0.1442114,"populated2020":false,"population2020":null,"populationNote":"境界またぎ・原典収録外のため自治体内人口は未集計"},"geometry":{"type":"Polygon","coordinates":[[[130.785507691,33.73333333299999],[130.78494,33.731915559],[130.784753333,33.731784162],[130.784488885,33.731762495],[130.784207224,33.731434162],[130.784339442,33.731069162],[130.784302218,33.730196946],[130.784028822069,33.729166666666664],[130.78125,33.72916666666667],[130.78125,33.733333333333334],[130.785507691,33.73333333299999]]]}},{"type":"Feature","id":"40204:503045862","properties":{"id":"40204:503045862","meshCode":"503045862","cityCode":"40204","city":"直方市","lat":33.7361824,"lon":130.711371,"areaKm2":0.0594041,"populated2020":true,"population2020":null,"populationNote":"境界またぎ・原典収録外のため自治体内人口は未集計"},"geometry":{"type":"Polygon","coordinates":[[[130.712151388,33.734930559],[130.711841946,33.73487222499999],[130.710554449,33.735066386999996],[130.710290272,33.735881946],[130.710315551,33.736108892],[130.710168612,33.736255829],[130.710111388,33.736483054],[130.709898327,33.73663582900001],[130.710115551,33.736876946],[130.710116667,33.737190559],[130.70973861200002,33.737405829],[130.70990069567924,33.7375],[130.7125,33.7375],[130.7125,33.735106819937805],[130.712151388,33.734930559]]]}},{"type":"Feature","id":"40204:503045871","properties":{"id":"40204:503045871","meshCode":"503045871","cityCode":"40204","city":"直方市","lat":33.7354167,"lon":130.715625,"areaKm2":0.2149639,"populated2020":true,"population2020":null,"populationNote":"境界またぎ・原典収録外のため自治体内人口は未集計"},"geometry":{"type":"Polygon","coordinates":[[[130.71486719807123,33.733333333333334],[130.715214163,33.735246108000005],[130.71511166,33.73551166699999],[130.714826109,33.735578333],[130.714274163,33.735461667],[130.713857782,33.735232225000004],[130.712855837,33.735260279],[130.7125,33.735106819937805],[130.7125,33.7375],[130.71875,33.7375],[130.71875,33.733333333333334],[130.71486719807123,33.733333333333334]]]}},{"type":"Feature","id":"40204:503045872","properties":{"id":"40204:503045872","meshCode":"503045872","cityCode":"40204","city":"直方市","lat":33.7354167,"lon":130.721875,"areaKm2":0.2676269,"populated2020":true,"population2020":402.2656,"populationNote":"2020年基準の国交省調整値"},"geometry":{"type":"Polygon","coordinates":[[[130.71875,33.733333333333334],[130.71875,33.7375],[130.725,33.7375],[130.725,33.733333333333334],[130.71875,33.733333333333334]]]}},{"type":"Feature","id":"40204:503045881","properties":{"id":"40204:503045881","meshCode":"503045881","cityCode":"40204","city":"直方市","lat":33.7354167,"lon":130.728125,"areaKm2":0.2676267,"populated2020":true,"population2020":438.4945,"populationNote":"2020年基準の国交省調整値"},"geometry":{"type":"Polygon","coordinates":[[[130.725,33.733333333333334],[130.725,33.7375],[130.73125,33.7375],[130.73125,33.733333333333334],[130.725,33.733333333333334]]]}},{"type":"Feature","id":"40204:503045882","properties":{"id":"40204:503045882","meshCode":"503045882","cityCode":"40204","city":"直方市","lat":33.7354167,"lon":130.734375,"areaKm2":0.2676265,"populated2020":true,"population2020":212.0892,"populationNote":"2020年基準の国交省調整値"},"geometry":{"type":"Polygon","coordinates":[[[130.73125,33.733333333333334],[130.73125,33.7375],[130.7375,33.7375],[130.7375,33.733333333333334],[130.73125,33.733333333333334]]]}},{"type":"Feature","id":"40204:503045891","properties":{"id":"40204:503045891","meshCode":"503045891","cityCode":"40204","city":"直方市","lat":33.7354167,"lon":130.740625,"areaKm2":0.2676263,"populated2020":true,"population2020":681.7216,"populationNote":"2020年基準の国交省調整値"},"geometry":{"type":"Polygon","coordinates":[[[130.7375,33.733333333333334],[130.7375,33.7375],[130.74375,33.7375],[130.74375,33.733333333333334],[130.7375,33.733333333333334]]]}},{"type":"Feature","id":"40204:503045892","properties":{"id":"40204:503045892","meshCode":"503045892","cityCode":"40204","city":"直方市","lat":33.7354167,"lon":130.746875,"areaKm2":0.2676262,"populated2020":false,"population2020":null,"populationNote":"境界またぎ・原典収録外のため自治体内人口は未集計"},"geometry":{"type":"Polygon","coordinates":[[[130.74375,33.733333333333334],[130.74375,33.7375],[130.75,33.7375],[130.75,33.73333333333333],[130.74375,33.733333333333334]]]}},{"type":"Feature","id":"40204:503046801","properties":{"id":"40204:503046801","meshCode":"503046801","cityCode":"40204","city":"直方市","lat":33.7354167,"lon":130.753125,"areaKm2":0.267626,"populated2020":true,"population2020":30.0731,"populationNote":"2020年基準の国交省調整値"},"geometry":{"type":"Polygon","coordinates":[[[130.75,33.73333333333333],[130.75,33.7375],[130.75625,33.7375],[130.75625,33.733333333333334],[130.75,33.73333333333333]]]}},{"type":"Feature","id":"40204:503046802","properties":{"id":"40204:503046802","meshCode":"503046802","cityCode":"40204","city":"直方市","lat":33.7354167,"lon":130.759375,"areaKm2":0.2676258,"populated2020":true,"population2020":96.741,"populationNote":"2020年基準の国交省調整値"},"geometry":{"type":"Polygon","coordinates":[[[130.75625,33.733333333333334],[130.75625,33.7375],[130.7625,33.7375],[130.7625,33.73333333333333],[130.75625,33.733333333333334]]]}},{"type":"Feature","id":"40204:503046811","properties":{"id":"40204:503046811","meshCode":"503046811","cityCode":"40204","city":"直方市","lat":33.7354167,"lon":130.765625,"areaKm2":0.2676256,"populated2020":true,"population2020":162.844,"populationNote":"2020年基準の国交省調整値"},"geometry":{"type":"Polygon","coordinates":[[[130.7625,33.73333333333333],[130.7625,33.7375],[130.76875,33.7375],[130.76875,33.733333333333334],[130.7625,33.73333333333333]]]}},{"type":"Feature","id":"40204:503046812","properties":{"id":"40204:503046812","meshCode":"503046812","cityCode":"40204","city":"直方市","lat":33.7354167,"lon":130.771875,"areaKm2":0.2676255,"populated2020":true,"population2020":30.9498,"populationNote":"2020年基準の国交省調整値"},"geometry":{"type":"Polygon","coordinates":[[[130.76875,33.733333333333334],[130.76875,33.7375],[130.775,33.7375],[130.775,33.733333333333334],[130.76875,33.733333333333334]]]}},{"type":"Feature","id":"40204:503046821","properties":{"id":"40204:503046821","meshCode":"503046821","cityCode":"40204","city":"直方市","lat":33.7354167,"lon":130.778125,"areaKm2":0.2676253,"populated2020":false,"population2020":null,"populationNote":"境界またぎ・原典収録外のため自治体内人口は未集計"},"geometry":{"type":"Polygon","coordinates":[[[130.775,33.733333333333334],[130.775,33.7375],[130.78125,33.7375],[130.78125,33.733333333333334],[130.775,33.733333333333334]]]}},{"type":"Feature","id":"40204:503046822","properties":{"id":"40204:503046822","meshCode":"503046822","cityCode":"40204","city":"直方市","lat":33.7354167,"lon":130.784375,"areaKm2":0.2539182,"populated2020":false,"population2020":null,"populationNote":"境界またぎ・原典収録外のため自治体内人口は未集計"},"geometry":{"type":"Polygon","coordinates":[[[130.7875,33.733708089864216],[130.78663583700003,33.733933054],[130.785904721,33.734303612999994],[130.785640272,33.734241387],[130.785523333,33.734093613],[130.78550769107017,33.733333333333334],[130.78125,33.733333333333334],[130.78125,33.7375],[130.7875,33.7375],[130.7875,33.733708089864216]]]}},{"type":"Feature","id":"40204:503046831","properties":{"id":"40204:503046831","meshCode":"503046831","cityCode":"40204","city":"直方市","lat":33.7355892,"lon":130.7880335,"areaKm2":0.0359861,"populated2020":false,"population2020":null,"populationNote":"境界またぎ・原典収録外のため自治体内人口は未集計"},"geometry":{"type":"Polygon","coordinates":[[[130.788667782,33.73748972100001],[130.788636939,33.73609249500001],[130.78851083,33.735333612999995],[130.788044163,33.734232495],[130.787753061,33.733845559],[130.7875,33.733708089864216],[130.7875,33.7375],[130.788667782,33.73748972100001]]]}},{"type":"Feature","id":"40204:503045864","properties":{"id":"40204:503045864","meshCode":"503045864","cityCode":"40204","city":"直方市","lat":33.7395833,"lon":130.709375,"areaKm2":0.1405082,"populated2020":true,"population2020":null,"populationNote":"境界またぎ・原典収録外のため自治体内人口は未集計"},"geometry":{"type":"Polygon","coordinates":[[[130.709925551,33.737514441],[130.71,33.737743892],[130.709846109,33.738347225],[130.709382776,33.73902889200001],[130.709299442,33.739902225],[130.70896083,33.740249721],[130.70812377420913,33.74166666666666],[130.7125,33.74166666666667],[130.7125,33.7375],[130.709925551,33.737514441]]]}},{"type":"Feature","id":"40204:503045873","properties":{"id":"40204:503045873","meshCode":"503045873","cityCode":"40204","city":"直方市","lat":33.7395833,"lon":130.715625,"areaKm2":0.2676144,"populated2020":true,"population2020":287.3759,"populationNote":"2020年基準の国交省調整値"},"geometry":{"type":"Polygon","coordinates":[[[130.7125,33.7375],[130.7125,33.74166666666667],[130.71875,33.74166666666666],[130.71875,33.7375],[130.7125,33.7375]]]}},{"type":"Feature","id":"40204:503045874","properties":{"id":"40204:503045874","meshCode":"503045874","cityCode":"40204","city":"直方市","lat":33.7395833,"lon":130.721875,"areaKm2":0.2676142,"populated2020":true,"population2020":819.0561,"populationNote":"2020年基準の国交省調整値"},"geometry":{"type":"Polygon","coordinates":[[[130.71875,33.7375],[130.71875,33.74166666666666],[130.725,33.74166666666667],[130.725,33.7375],[130.71875,33.7375]]]}},{"type":"Feature","id":"40204:503045883","properties":{"id":"40204:503045883","meshCode":"503045883","cityCode":"40204","city":"直方市","lat":33.7395833,"lon":130.728125,"areaKm2":0.267614,"populated2020":true,"population2020":407.099,"populationNote":"2020年基準の国交省調整値"},"geometry":{"type":"Polygon","coordinates":[[[130.725,33.7375],[130.725,33.74166666666667],[130.73125,33.74166666666667],[130.73125,33.7375],[130.725,33.7375]]]}},{"type":"Feature","id":"40204:503045884","properties":{"id":"40204:503045884","meshCode":"503045884","cityCode":"40204","city":"直方市","lat":33.7395833,"lon":130.734375,"areaKm2":0.2676138,"populated2020":true,"population2020":181.713,"populationNote":"2020年基準の国交省調整値"},"geometry":{"type":"Polygon","coordinates":[[[130.73125,33.7375],[130.73125,33.74166666666667],[130.7375,33.74166666666667],[130.7375,33.7375],[130.73125,33.7375]]]}},{"type":"Feature","id":"40204:503045893","properties":{"id":"40204:503045893","meshCode":"503045893","cityCode":"40204","city":"直方市","lat":33.7395833,"lon":130.740625,"areaKm2":0.2676136,"populated2020":true,"population2020":95.9305,"populationNote":"2020年基準の国交省調整値"},"geometry":{"type":"Polygon","coordinates":[[[130.7375,33.7375],[130.7375,33.74166666666667],[130.74375,33.74166666666667],[130.74375,33.7375],[130.7375,33.7375]]]}},{"type":"Feature","id":"40204:503045894","properties":{"id":"40204:503045894","meshCode":"503045894","cityCode":"40204","city":"直方市","lat":33.7395833,"lon":130.746875,"areaKm2":0.2676134,"populated2020":true,"population2020":7.9591,"populationNote":"2020年基準の国交省調整値"},"geometry":{"type":"Polygon","coordinates":[[[130.74375,33.7375],[130.74375,33.74166666666667],[130.75,33.74166666666667],[130.75,33.7375],[130.74375,33.7375]]]}},{"type":"Feature","id":"40204:503046803","properties":{"id":"40204:503046803","meshCode":"503046803","cityCode":"40204","city":"直方市","lat":33.7395833,"lon":130.753125,"areaKm2":0.2676132,"populated2020":true,"population2020":54.9847,"populationNote":"2020年基準の国交省調整値"},"geometry":{"type":"Polygon","coordinates":[[[130.75,33.7375],[130.75,33.74166666666667],[130.75625,33.74166666666666],[130.75625,33.7375],[130.75,33.7375]]]}},{"type":"Feature","id":"40204:503046804","properties":{"id":"40204:503046804","meshCode":"503046804","cityCode":"40204","city":"直方市","lat":33.7395833,"lon":130.759375,"areaKm2":0.2676131,"populated2020":true,"population2020":120.9394,"populationNote":"2020年基準の国交省調整値"},"geometry":{"type":"Polygon","coordinates":[[[130.75625,33.7375],[130.75625,33.74166666666666],[130.7625,33.74166666666666],[130.7625,33.7375],[130.75625,33.7375]]]}},{"type":"Feature","id":"40204:503046813","properties":{"id":"40204:503046813","meshCode":"503046813","cityCode":"40204","city":"直方市","lat":33.7395833,"lon":130.765625,"areaKm2":0.2676129,"populated2020":true,"population2020":112.0848,"populationNote":"2020年基準の国交省調整値"},"geometry":{"type":"Polygon","coordinates":[[[130.7625,33.7375],[130.7625,33.74166666666666],[130.76875,33.74166666666666],[130.76875,33.7375],[130.7625,33.7375]]]}},{"type":"Feature","id":"40204:503046814","properties":{"id":"40204:503046814","meshCode":"503046814","cityCode":"40204","city":"直方市","lat":33.7395833,"lon":130.771875,"areaKm2":0.2676127,"populated2020":true,"population2020":19.0429,"populationNote":"2020年基準の国交省調整値"},"geometry":{"type":"Polygon","coordinates":[[[130.76875,33.7375],[130.76875,33.74166666666666],[130.775,33.74166666666667],[130.775,33.7375],[130.76875,33.7375]]]}},{"type":"Feature","id":"40204:503046823","properties":{"id":"40204:503046823","meshCode":"503046823","cityCode":"40204","city":"直方市","lat":33.7395833,"lon":130.778125,"areaKm2":0.2676126,"populated2020":false,"population2020":null,"populationNote":"境界またぎ・原典収録外のため自治体内人口は未集計"},"geometry":{"type":"Polygon","coordinates":[[[130.775,33.7375],[130.775,33.74166666666667],[130.78125,33.74166666666667],[130.78125,33.7375],[130.775,33.7375]]]}},{"type":"Feature","id":"40204:503046824","properties":{"id":"40204:503046824","meshCode":"503046824","cityCode":"40204","city":"直方市","lat":33.7395833,"lon":130.784375,"areaKm2":0.2676124,"populated2020":false,"population2020":null,"populationNote":"境界またぎ・原典収録外のため自治体内人口は未集計"},"geometry":{"type":"Polygon","coordinates":[[[130.78125,33.7375],[130.78125,33.74166666666667],[130.7875,33.74166666666666],[130.7875,33.7375],[130.78125,33.7375]]]}},{"type":"Feature","id":"40204:503046833","properties":{"id":"40204:503046833","meshCode":"503046833","cityCode":"40204","city":"直方市","lat":33.73958,"lon":130.7881065,"areaKm2":0.1221165,"populated2020":false,"population2020":null,"populationNote":"境界またぎ・原典収録外のため自治体内人口は未集計"},"geometry":{"type":"Polygon","coordinates":[[[130.79375,33.740771593377346],[130.793105279,33.74057638699999],[130.792121946,33.740753333],[130.791108885,33.740110829],[130.789883061,33.739990559],[130.788795279,33.73966749499999],[130.78855583700002,33.739140559],[130.78866888244667,33.7375],[130.7875,33.7375],[130.7875,33.74166666666666],[130.79375,33.74166666666666],[130.79375,33.740771593377346]]]}},{"type":"Feature","id":"40204:503046834","properties":{"id":"40204:503046834","meshCode":"503046834","cityCode":"40204","city":"直方市","lat":33.7395833,"lon":130.796875,"areaKm2":0.117261,"populated2020":false,"population2020":null,"populationNote":"境界またぎ・原典収録外のため自治体内人口は未集計"},"geometry":{"type":"Polygon","coordinates":[[[130.8,33.740651027],[130.798623891,33.73985055899999],[130.797472776,33.739022225],[130.796098885,33.73944361299999],[130.795177782,33.739932495000005],[130.794454163,33.74054722499999],[130.79375,33.740771593377346],[130.79375,33.74166666666666],[130.8,33.74166666666667],[130.8,33.740651027]]]}},{"type":"Feature","id":"40204:503046843","properties":{"id":"40204:503046843","meshCode":"503046843","cityCode":"40204","city":"直方市","lat":33.7411929,"lon":130.800586,"areaKm2":0.0117057,"populated2020":false,"population2020":null,"populationNote":"境界またぎ・原典収録外のため自治体内人口は未集計"},"geometry":{"type":"Polygon","coordinates":[[[130.803128054,33.741612495],[130.80205917,33.741605],[130.801436667,33.74128777500001],[130.800442776,33.74092277500001],[130.8,33.740651027],[130.8,33.74166666666667],[130.80330377291875,33.74166666666667],[130.803128054,33.741612495]]]}},{"type":"Feature","id":"40204:503045942","properties":{"id":"40204:503045942","meshCode":"503045942","cityCode":"40204","city":"直方市","lat":33.7446754,"lon":130.686762,"areaKm2":0.0305653,"populated2020":false,"population2020":null,"populationNote":"境界またぎ・原典収録外のため自治体内人口は未集計"},"geometry":{"type":"Polygon","coordinates":[[[130.6875,33.7434376117745],[130.687023333,33.743565278999995],[130.686508612,33.743565279],[130.686558885,33.74408],[130.686442218,33.74432944099999],[130.685979728,33.744743891999995],[130.68604002888785,33.74583333333333],[130.6875,33.74583333333332],[130.6875,33.7434376117745]]]}},{"type":"Feature","id":"40204:503045951","properties":{"id":"40204:503045951","meshCode":"503045951","cityCode":"40204","city":"直方市","lat":33.7445914,"lon":130.6889785,"areaKm2":0.0719758,"populated2020":false,"population2020":null,"populationNote":"境界またぎ・原典収録外のため自治体内人口は未集計"},"geometry":{"type":"Polygon","coordinates":[[[130.69138295950248,33.74583333333332],[130.691060558,33.74540833300001],[130.690626667,33.745034162],[130.690398612,33.74441833299999],[130.689875837,33.743774721],[130.689256667,33.74352527900001],[130.688707782,33.74346472100001],[130.68832166,33.74353722499999],[130.688012218,33.743376387],[130.6875,33.7434376117745],[130.6875,33.74583333333332],[130.69138295950248,33.74583333333332]]]}},{"type":"Feature","id":"40204:503045961","properties":{"id":"40204:503045961","meshCode":"503045961","cityCode":"40204","city":"直方市","lat":33.7450264,"lon":130.7049968,"areaKm2":0.0631454,"populated2020":true,"population2020":null,"populationNote":"境界またぎ・原典収録外のため自治体内人口は未集計"},"geometry":{"type":"MultiPolygon","coordinates":[[[[130.70418917,33.743458892],[130.703865331,33.744245774999996],[130.703223735,33.744494882999994],[130.70442995107837,33.74583333333333],[130.70625,33.74583333333333],[130.70625,33.74332223718021],[130.705823333,33.743482775],[130.705221115,33.743581387],[130.704969728,33.74355194599999],[130.704873061,33.743398054],[130.704671388,33.74333000000001],[130.704350558,33.743334162000004],[130.70418917,33.743458892]]],[[[130.7021758811828,33.74583333333333],[130.701638742,33.74517999999999],[130.701237017,33.7454],[130.70071002126906,33.74583333333333],[130.7021758811828,33.74583333333333]]]]}},{"type":"Feature","id":"40204:503045962","properties":{"id":"40204:503045962","meshCode":"503045962","cityCode":"40204","city":"直方市","lat":33.74375,"lon":130.709375,"areaKm2":0.24572,"populated2020":true,"population2020":130.7823,"populationNote":"2020年基準の国交省調整値"},"geometry":{"type":"Polygon","coordinates":[[[130.708123774,33.741666667000004],[130.707394163,33.742843333],[130.706893891,33.74316916200001],[130.70625,33.74332223718021],[130.70625,33.74583333333333],[130.7125,33.74583333333333],[130.7125,33.74166666666667],[130.708123774,33.741666667000004]]]}},{"type":"Feature","id":"40204:503045971","properties":{"id":"40204:503045971","meshCode":"503045971","cityCode":"40204","city":"直方市","lat":33.74375,"lon":130.715625,"areaKm2":0.2676016,"populated2020":true,"population2020":382.1262,"populationNote":"2020年基準の国交省調整値"},"geometry":{"type":"Polygon","coordinates":[[[130.7125,33.74166666666667],[130.7125,33.74583333333333],[130.71875,33.74583333333333],[130.71875,33.74166666666666],[130.7125,33.74166666666667]]]}},{"type":"Feature","id":"40204:503045972","properties":{"id":"40204:503045972","meshCode":"503045972","cityCode":"40204","city":"直方市","lat":33.74375,"lon":130.721875,"areaKm2":0.2676014,"populated2020":true,"population2020":937.6601,"populationNote":"2020年基準の国交省調整値"},"geometry":{"type":"Polygon","coordinates":[[[130.71875,33.74166666666666],[130.71875,33.74583333333333],[130.725,33.74583333333332],[130.725,33.74166666666667],[130.71875,33.74166666666666]]]}},{"type":"Feature","id":"40204:503045981","properties":{"id":"40204:503045981","meshCode":"503045981","cityCode":"40204","city":"直方市","lat":33.74375,"lon":130.728125,"areaKm2":0.2676012,"populated2020":true,"population2020":504.1687,"populationNote":"2020年基準の国交省調整値"},"geometry":{"type":"Polygon","coordinates":[[[130.725,33.74166666666667],[130.725,33.74583333333332],[130.73125,33.74583333333332],[130.73125,33.74166666666667],[130.725,33.74166666666667]]]}},{"type":"Feature","id":"40204:503045982","properties":{"id":"40204:503045982","meshCode":"503045982","cityCode":"40204","city":"直方市","lat":33.74375,"lon":130.734375,"areaKm2":0.267601,"populated2020":true,"population2020":2.0348,"populationNote":"2020年基準の国交省調整値"},"geometry":{"type":"Polygon","coordinates":[[[130.73125,33.74166666666667],[130.73125,33.74583333333332],[130.7375,33.74583333333332],[130.7375,33.74166666666667],[130.73125,33.74166666666667]]]}},{"type":"Feature","id":"40204:503045991","properties":{"id":"40204:503045991","meshCode":"503045991","cityCode":"40204","city":"直方市","lat":33.74375,"lon":130.740625,"areaKm2":0.2676008,"populated2020":true,"population2020":198.9946,"populationNote":"2020年基準の国交省調整値"},"geometry":{"type":"Polygon","coordinates":[[[130.7375,33.74166666666667],[130.7375,33.74583333333332],[130.74375,33.74583333333333],[130.74375,33.74166666666667],[130.7375,33.74166666666667]]]}},{"type":"Feature","id":"40204:503045992","properties":{"id":"40204:503045992","meshCode":"503045992","cityCode":"40204","city":"直方市","lat":33.74375,"lon":130.746875,"areaKm2":0.2676006,"populated2020":true,"population2020":235.9296,"populationNote":"2020年基準の国交省調整値"},"geometry":{"type":"Polygon","coordinates":[[[130.74375,33.74166666666667],[130.74375,33.74583333333333],[130.75,33.74583333333333],[130.75,33.74166666666667],[130.74375,33.74166666666667]]]}},{"type":"Feature","id":"40204:503046901","properties":{"id":"40204:503046901","meshCode":"503046901","cityCode":"40204","city":"直方市","lat":33.74375,"lon":130.753125,"areaKm2":0.2676005,"populated2020":true,"population2020":4.027,"populationNote":"2020年基準の国交省調整値"},"geometry":{"type":"Polygon","coordinates":[[[130.75,33.74166666666667],[130.75,33.74583333333333],[130.75625,33.74583333333332],[130.75625,33.74166666666666],[130.75,33.74166666666667]]]}},{"type":"Feature","id":"40204:503046902","properties":{"id":"40204:503046902","meshCode":"503046902","cityCode":"40204","city":"直方市","lat":33.74375,"lon":130.759375,"areaKm2":0.2676003,"populated2020":true,"population2020":73.0421,"populationNote":"2020年基準の国交省調整値"},"geometry":{"type":"Polygon","coordinates":[[[130.75625,33.74166666666666],[130.75625,33.74583333333332],[130.7625,33.74583333333332],[130.7625,33.74166666666666],[130.75625,33.74166666666666]]]}},{"type":"Feature","id":"40204:503046911","properties":{"id":"40204:503046911","meshCode":"503046911","cityCode":"40204","city":"直方市","lat":33.74375,"lon":130.765625,"areaKm2":0.2676001,"populated2020":true,"population2020":6.9707,"populationNote":"2020年基準の国交省調整値"},"geometry":{"type":"Polygon","coordinates":[[[130.7625,33.74166666666666],[130.7625,33.74583333333332],[130.76875,33.74583333333333],[130.76875,33.74166666666666],[130.7625,33.74166666666666]]]}},{"type":"Feature","id":"40204:503046912","properties":{"id":"40204:503046912","meshCode":"503046912","cityCode":"40204","city":"直方市","lat":33.74375,"lon":130.771875,"areaKm2":0.2676,"populated2020":true,"population2020":14.0472,"populationNote":"2020年基準の国交省調整値"},"geometry":{"type":"Polygon","coordinates":[[[130.76875,33.74166666666666],[130.76875,33.74583333333333],[130.775,33.74583333333332],[130.775,33.74166666666667],[130.76875,33.74166666666666]]]}},{"type":"Feature","id":"40204:503046921","properties":{"id":"40204:503046921","meshCode":"503046921","cityCode":"40204","city":"直方市","lat":33.74375,"lon":130.778125,"areaKm2":0.2675998,"populated2020":false,"population2020":null,"populationNote":"境界またぎ・原典収録外のため自治体内人口は未集計"},"geometry":{"type":"Polygon","coordinates":[[[130.775,33.74166666666667],[130.775,33.74583333333332],[130.78125,33.74583333333332],[130.78125,33.74166666666667],[130.775,33.74166666666667]]]}},{"type":"Feature","id":"40204:503046922","properties":{"id":"40204:503046922","meshCode":"503046922","cityCode":"40204","city":"直方市","lat":33.74375,"lon":130.784375,"areaKm2":0.2675997,"populated2020":false,"population2020":null,"populationNote":"境界またぎ・原典収録外のため自治体内人口は未集計"},"geometry":{"type":"Polygon","coordinates":[[[130.78125,33.74166666666667],[130.78125,33.74583333333332],[130.7875,33.74583333333333],[130.7875,33.74166666666666],[130.78125,33.74166666666667]]]}},{"type":"Feature","id":"40204:503046931","properties":{"id":"40204:503046931","meshCode":"503046931","cityCode":"40204","city":"直方市","lat":33.74375,"lon":130.790625,"areaKm2":0.2675995,"populated2020":false,"population2020":null,"populationNote":"境界またぎ・原典収録外のため自治体内人口は未集計"},"geometry":{"type":"Polygon","coordinates":[[[130.7875,33.74166666666666],[130.7875,33.74583333333333],[130.79375,33.74583333333333],[130.79375,33.74166666666666],[130.7875,33.74166666666666]]]}},{"type":"Feature","id":"40204:503046932","properties":{"id":"40204:503046932","meshCode":"503046932","cityCode":"40204","city":"直方市","lat":33.74375,"lon":130.796875,"areaKm2":0.2675994,"populated2020":false,"population2020":null,"populationNote":"境界またぎ・原典収録外のため自治体内人口は未集計"},"geometry":{"type":"Polygon","coordinates":[[[130.79375,33.74166666666666],[130.79375,33.74583333333333],[130.8,33.74583333333333],[130.8,33.74166666666667],[130.79375,33.74166666666666]]]}},{"type":"Feature","id":"40204:503046941","properties":{"id":"40204:503046941","meshCode":"503046941","cityCode":"40204","city":"直方市","lat":33.74375,"lon":130.803125,"areaKm2":0.1616097,"populated2020":false,"population2020":null,"populationNote":"境界またぎ・原典収録外のため自治体内人口は未集計"},"geometry":{"type":"Polygon","coordinates":[[[130.803976667,33.745827775],[130.803995084,33.745043333000005],[130.803570558,33.743735558999994],[130.803723333,33.742626387],[130.803868054,33.742223054],[130.804028612,33.742035829],[130.80330377291875,33.74166666666667],[130.8,33.74166666666667],[130.8,33.74583333333333],[130.803976667,33.745827775]]]}},{"type":"Feature","id":"40204:503045944","properties":{"id":"40204:503045944","meshCode":"503045944","cityCode":"40204","city":"直方市","lat":33.7477406,"lon":130.686032,"areaKm2":0.1076335,"populated2020":false,"population2020":null,"populationNote":"境界またぎ・原典収録外のため自治体内人口は未集計"},"geometry":{"type":"Polygon","coordinates":[[[130.686045551,33.746095559],[130.685356109,33.746674721],[130.684288612,33.748070279],[130.684192218,33.74833777500001],[130.684846109,33.749080279],[130.684962776,33.74947222500001],[130.685223061,33.749729721],[130.685284086,33.75],[130.6875,33.75000000000001],[130.6875,33.74583333333332],[130.68604002888785,33.74583333333333],[130.686045551,33.746095559]]]}},{"type":"Feature","id":"40204:503045953","properties":{"id":"40204:503045953","meshCode":"503045953","cityCode":"40204","city":"直方市","lat":33.7479167,"lon":130.690625,"areaKm2":0.2565111,"populated2020":false,"population2020":null,"populationNote":"境界またぎ・原典収録外のため自治体内人口は未集計"},"geometry":{"type":"Polygon","coordinates":[[[130.69375,33.746985280104305],[130.692860272,33.746587225000006],[130.69258083,33.746044162],[130.692177497,33.745868892],[130.691566394,33.745913054],[130.69138295950248,33.74583333333332],[130.6875,33.74583333333332],[130.6875,33.75000000000001],[130.69375,33.75000000000001],[130.69375,33.746985280104305]]]}},{"type":"Feature","id":"40204:503045954","properties":{"id":"40204:503045954","meshCode":"503045954","cityCode":"40204","city":"直方市","lat":33.7479167,"lon":130.696875,"areaKm2":0.1968499,"populated2020":true,"population2020":2.0068,"populationNote":"2020年基準の国交省調整値"},"geometry":{"type":"Polygon","coordinates":[[[130.7,33.74625264],[130.698466394,33.746869162],[130.697807782,33.747020279],[130.697502218,33.747026108],[130.697116109,33.746911387000004],[130.696574449,33.74692749500001],[130.695653606,33.747205279],[130.694125837,33.747168613],[130.69375,33.746985280104305],[130.69375,33.75000000000001],[130.7,33.75],[130.7,33.74625264]]]}},{"type":"Feature","id":"40204:503045963","properties":{"id":"40204:503045963","meshCode":"503045963","cityCode":"40204","city":"直方市","lat":33.7479167,"lon":130.703125,"areaKm2":0.2245927,"populated2020":true,"population2020":null,"populationNote":"境界またぎ・原典収録外のため自治体内人口は未集計"},"geometry":{"type":"Polygon","coordinates":[[[130.704590908,33.746015604],[130.704568288,33.74609327],[130.704863813,33.74648834199999],[130.704612516,33.746626883],[130.704922944,33.74693109],[130.704527108,33.747162036],[130.70496332,33.74758118],[130.705136719,33.74790655899999],[130.704528586,33.747947279],[130.70384758800003,33.74771427],[130.703789792,33.747634495],[130.703472464,33.747742991],[130.702561608,33.747045739],[130.702913113,33.746719604],[130.702969883,33.746739009],[130.702718936,33.746458559],[130.702414034,33.746306018000006],[130.702434137,33.746440369],[130.70230179,33.74630321600001],[130.7021758811828,33.74583333333333],[130.70071002126906,33.74583333333333],[130.700467782,33.74603694599999],[130.7,33.74625264],[130.7,33.75],[130.70625,33.75000000000001],[130.70625,33.74583333333333],[130.70442995107837,33.74583333333333],[130.704590908,33.746015604]]]}},{"type":"Feature","id":"40204:503045964","properties":{"id":"40204:503045964","meshCode":"503045964","cityCode":"40204","city":"直方市","lat":33.7479167,"lon":130.709375,"areaKm2":0.267589,"populated2020":true,"population2020":1152.5419,"populationNote":"2020年基準の国交省調整値"},"geometry":{"type":"Polygon","coordinates":[[[130.70625,33.74583333333333],[130.70625,33.75000000000001],[130.7125,33.75],[130.7125,33.74583333333333],[130.70625,33.74583333333333]]]}},{"type":"Feature","id":"40204:503045973","properties":{"id":"40204:503045973","meshCode":"503045973","cityCode":"40204","city":"直方市","lat":33.7479167,"lon":130.715625,"areaKm2":0.2675888,"populated2020":true,"population2020":300.7878,"populationNote":"2020年基準の国交省調整値"},"geometry":{"type":"Polygon","coordinates":[[[130.7125,33.74583333333333],[130.7125,33.75],[130.71875,33.75000000000001],[130.71875,33.74583333333333],[130.7125,33.74583333333333]]]}},{"type":"Feature","id":"40204:503045974","properties":{"id":"40204:503045974","meshCode":"503045974","cityCode":"40204","city":"直方市","lat":33.7479167,"lon":130.721875,"areaKm2":0.2675886,"populated2020":true,"population2020":267.8672,"populationNote":"2020年基準の国交省調整値"},"geometry":{"type":"Polygon","coordinates":[[[130.71875,33.74583333333333],[130.71875,33.75000000000001],[130.725,33.75],[130.725,33.74583333333332],[130.71875,33.74583333333333]]]}},{"type":"Feature","id":"40204:503045983","properties":{"id":"40204:503045983","meshCode":"503045983","cityCode":"40204","city":"直方市","lat":33.7479167,"lon":130.728125,"areaKm2":0.2675884,"populated2020":true,"population2020":1267.8134,"populationNote":"2020年基準の国交省調整値"},"geometry":{"type":"Polygon","coordinates":[[[130.725,33.74583333333332],[130.725,33.75],[130.73125,33.75000000000001],[130.73125,33.74583333333332],[130.725,33.74583333333332]]]}},{"type":"Feature","id":"40204:503045984","properties":{"id":"40204:503045984","meshCode":"503045984","cityCode":"40204","city":"直方市","lat":33.7479167,"lon":130.734375,"areaKm2":0.2675883,"populated2020":true,"population2020":81.7666,"populationNote":"2020年基準の国交省調整値"},"geometry":{"type":"Polygon","coordinates":[[[130.73125,33.74583333333332],[130.73125,33.75000000000001],[130.7375,33.75000000000001],[130.7375,33.74583333333332],[130.73125,33.74583333333332]]]}},{"type":"Feature","id":"40204:503045993","properties":{"id":"40204:503045993","meshCode":"503045993","cityCode":"40204","city":"直方市","lat":33.7479167,"lon":130.740625,"areaKm2":0.2675881,"populated2020":true,"population2020":477.8629,"populationNote":"2020年基準の国交省調整値"},"geometry":{"type":"Polygon","coordinates":[[[130.7375,33.74583333333332],[130.7375,33.75000000000001],[130.74375,33.75],[130.74375,33.74583333333333],[130.7375,33.74583333333332]]]}},{"type":"Feature","id":"40204:503045994","properties":{"id":"40204:503045994","meshCode":"503045994","cityCode":"40204","city":"直方市","lat":33.7479167,"lon":130.746875,"areaKm2":0.2675879,"populated2020":true,"population2020":1710.7457,"populationNote":"2020年基準の国交省調整値"},"geometry":{"type":"Polygon","coordinates":[[[130.74375,33.74583333333333],[130.74375,33.75],[130.75,33.75],[130.75,33.74583333333333],[130.74375,33.74583333333333]]]}},{"type":"Feature","id":"40204:503046903","properties":{"id":"40204:503046903","meshCode":"503046903","cityCode":"40204","city":"直方市","lat":33.7479167,"lon":130.753125,"areaKm2":0.2675877,"populated2020":true,"population2020":872.4147,"populationNote":"2020年基準の国交省調整値"},"geometry":{"type":"Polygon","coordinates":[[[130.75,33.74583333333333],[130.75,33.75],[130.75625,33.75000000000001],[130.75625,33.74583333333332],[130.75,33.74583333333333]]]}},{"type":"Feature","id":"40204:503046904","properties":{"id":"40204:503046904","meshCode":"503046904","cityCode":"40204","city":"直方市","lat":33.7479167,"lon":130.759375,"areaKm2":0.2675875,"populated2020":true,"population2020":224.5633,"populationNote":"2020年基準の国交省調整値"},"geometry":{"type":"Polygon","coordinates":[[[130.75625,33.74583333333332],[130.75625,33.75000000000001],[130.7625,33.75],[130.7625,33.74583333333332],[130.75625,33.74583333333332]]]}},{"type":"Feature","id":"40204:503046913","properties":{"id":"40204:503046913","meshCode":"503046913","cityCode":"40204","city":"直方市","lat":33.7479167,"lon":130.765625,"areaKm2":0.2675874,"populated2020":true,"population2020":75.2212,"populationNote":"2020年基準の国交省調整値"},"geometry":{"type":"Polygon","coordinates":[[[130.7625,33.74583333333332],[130.7625,33.75],[130.76875,33.75],[130.76875,33.74583333333333],[130.7625,33.74583333333332]]]}},{"type":"Feature","id":"40204:503046914","properties":{"id":"40204:503046914","meshCode":"503046914","cityCode":"40204","city":"直方市","lat":33.7479167,"lon":130.771875,"areaKm2":0.2675872,"populated2020":true,"population2020":0.9909,"populationNote":"2020年基準の国交省調整値"},"geometry":{"type":"Polygon","coordinates":[[[130.76875,33.74583333333333],[130.76875,33.75],[130.775,33.75000000000001],[130.775,33.74583333333332],[130.76875,33.74583333333333]]]}},{"type":"Feature","id":"40204:503046923","properties":{"id":"40204:503046923","meshCode":"503046923","cityCode":"40204","city":"直方市","lat":33.7479167,"lon":130.778125,"areaKm2":0.267587,"populated2020":false,"population2020":null,"populationNote":"境界またぎ・原典収録外のため自治体内人口は未集計"},"geometry":{"type":"Polygon","coordinates":[[[130.775,33.74583333333332],[130.775,33.75000000000001],[130.78125,33.75],[130.78125,33.74583333333332],[130.775,33.74583333333332]]]}},{"type":"Feature","id":"40204:503046924","properties":{"id":"40204:503046924","meshCode":"503046924","cityCode":"40204","city":"直方市","lat":33.7479167,"lon":130.784375,"areaKm2":0.2675869,"populated2020":false,"population2020":null,"populationNote":"境界またぎ・原典収録外のため自治体内人口は未集計"},"geometry":{"type":"Polygon","coordinates":[[[130.78125,33.74583333333332],[130.78125,33.75],[130.7875,33.75000000000001],[130.7875,33.74583333333333],[130.78125,33.74583333333332]]]}},{"type":"Feature","id":"40204:503046933","properties":{"id":"40204:503046933","meshCode":"503046933","cityCode":"40204","city":"直方市","lat":33.7479167,"lon":130.790625,"areaKm2":0.2675867,"populated2020":false,"population2020":null,"populationNote":"境界またぎ・原典収録外のため自治体内人口は未集計"},"geometry":{"type":"Polygon","coordinates":[[[130.7875,33.74583333333333],[130.7875,33.75000000000001],[130.79375,33.750000000000014],[130.79375,33.74583333333333],[130.7875,33.74583333333333]]]}},{"type":"Feature","id":"40204:503046934","properties":{"id":"40204:503046934","meshCode":"503046934","cityCode":"40204","city":"直方市","lat":33.7479167,"lon":130.796875,"areaKm2":0.2675866,"populated2020":false,"population2020":null,"populationNote":"境界またぎ・原典収録外のため自治体内人口は未集計"},"geometry":{"type":"Polygon","coordinates":[[[130.79375,33.74583333333333],[130.79375,33.750000000000014],[130.8,33.75],[130.8,33.74583333333333],[130.79375,33.74583333333333]]]}},{"type":"Feature","id":"40204:503046943","properties":{"id":"40204:503046943","meshCode":"503046943","cityCode":"40204","city":"直方市","lat":33.7479167,"lon":130.803125,"areaKm2":0.2067003,"populated2020":false,"population2020":null,"populationNote":"境界またぎ・原典収録外のため自治体内人口は未集計"},"geometry":{"type":"Polygon","coordinates":[[[130.804535837,33.749958333],[130.804877782,33.74981222500001],[130.804958612,33.74969916199999],[130.80529917,33.74908249500001],[130.805549728,33.748358333000006],[130.805373891,33.747958613],[130.804121388,33.746743333],[130.803933333,33.746425828999996],[130.80397589325904,33.74583333333333],[130.8,33.74583333333333],[130.8,33.75],[130.804535837,33.749958333]]]}},{"type":"Feature","id":"40204:503055042","properties":{"id":"40204:503055042","meshCode":"503055042","cityCode":"40204","city":"直方市","lat":33.7520344,"lon":130.6860485,"areaKm2":0.1338041,"populated2020":false,"population2020":null,"populationNote":"境界またぎ・原典収録外のため自治体内人口は未集計"},"geometry":{"type":"Polygon","coordinates":[[[130.685284086,33.75],[130.685639728,33.75051416200001],[130.685438327,33.751342775],[130.68531166,33.751538054],[130.684771946,33.751787495],[130.684508612,33.752185279],[130.684168885,33.752489162],[130.683171115,33.75292944099999],[130.683042218,33.75304610799999],[130.683062776,33.753850829],[130.68292619394694,33.75416666666667],[130.6875,33.75416666666666],[130.6875,33.75000000000001],[130.685284086,33.75]]]}},{"type":"Feature","id":"40204:503055051","properties":{"id":"40204:503055051","meshCode":"503055051","cityCode":"40204","city":"直方市","lat":33.7520833,"lon":130.690625,"areaKm2":0.2675769,"populated2020":false,"population2020":null,"populationNote":"境界またぎ・原典収録外のため自治体内人口は未集計"},"geometry":{"type":"Polygon","coordinates":[[[130.6875,33.75000000000001],[130.6875,33.75416666666666],[130.69375,33.75416666666667],[130.69375,33.75000000000001],[130.6875,33.75000000000001]]]}},{"type":"Feature","id":"40204:503055052","properties":{"id":"40204:503055052","meshCode":"503055052","cityCode":"40204","city":"直方市","lat":33.7520833,"lon":130.696875,"areaKm2":0.2675767,"populated2020":true,"population2020":9.0112,"populationNote":"2020年基準の国交省調整値"},"geometry":{"type":"Polygon","coordinates":[[[130.69375,33.75000000000001],[130.69375,33.75416666666667],[130.7,33.75416666666667],[130.7,33.75],[130.69375,33.75000000000001]]]}},{"type":"Feature","id":"40204:503055061","properties":{"id":"40204:503055061","meshCode":"503055061","cityCode":"40204","city":"直方市","lat":33.7520833,"lon":130.703125,"areaKm2":0.2675765,"populated2020":true,"population2020":125.8879,"populationNote":"2020年基準の国交省調整値"},"geometry":{"type":"Polygon","coordinates":[[[130.7,33.75],[130.7,33.75416666666667],[130.70625,33.75416666666667],[130.70625,33.75000000000001],[130.7,33.75]]]}},{"type":"Feature","id":"40204:503055062","properties":{"id":"40204:503055062","meshCode":"503055062","cityCode":"40204","city":"直方市","lat":33.7520833,"lon":130.709375,"areaKm2":0.2675763,"populated2020":true,"population2020":331.8437,"populationNote":"2020年基準の国交省調整値"},"geometry":{"type":"Polygon","coordinates":[[[130.70625,33.75000000000001],[130.70625,33.75416666666667],[130.7125,33.75416666666667],[130.7125,33.75],[130.70625,33.75000000000001]]]}},{"type":"Feature","id":"40204:503055071","properties":{"id":"40204:503055071","meshCode":"503055071","cityCode":"40204","city":"直方市","lat":33.7520833,"lon":130.715625,"areaKm2":0.2675761,"populated2020":true,"population2020":477.2769,"populationNote":"2020年基準の国交省調整値"},"geometry":{"type":"Polygon","coordinates":[[[130.7125,33.75],[130.7125,33.75416666666667],[130.71875,33.75416666666667],[130.71875,33.75000000000001],[130.7125,33.75]]]}},{"type":"Feature","id":"40204:503055072","properties":{"id":"40204:503055072","meshCode":"503055072","cityCode":"40204","city":"直方市","lat":33.7520833,"lon":130.721875,"areaKm2":0.2675759,"populated2020":true,"population2020":1095.0472,"populationNote":"2020年基準の国交省調整値"},"geometry":{"type":"Polygon","coordinates":[[[130.71875,33.75000000000001],[130.71875,33.75416666666667],[130.725,33.75416666666667],[130.725,33.75],[130.71875,33.75000000000001]]]}},{"type":"Feature","id":"40204:503055081","properties":{"id":"40204:503055081","meshCode":"503055081","cityCode":"40204","city":"直方市","lat":33.7520833,"lon":130.728125,"areaKm2":0.2675757,"populated2020":true,"population2020":699.6729,"populationNote":"2020年基準の国交省調整値"},"geometry":{"type":"Polygon","coordinates":[[[130.725,33.75],[130.725,33.75416666666667],[130.73125,33.75416666666666],[130.73125,33.75000000000001],[130.725,33.75]]]}},{"type":"Feature","id":"40204:503055082","properties":{"id":"40204:503055082","meshCode":"503055082","cityCode":"40204","city":"直方市","lat":33.7520833,"lon":130.734375,"areaKm2":0.2675755,"populated2020":true,"population2020":210.7673,"populationNote":"2020年基準の国交省調整値"},"geometry":{"type":"Polygon","coordinates":[[[130.73125,33.75000000000001],[130.73125,33.75416666666666],[130.7375,33.75416666666667],[130.7375,33.75000000000001],[130.73125,33.75000000000001]]]}},{"type":"Feature","id":"40204:503055091","properties":{"id":"40204:503055091","meshCode":"503055091","cityCode":"40204","city":"直方市","lat":33.7520833,"lon":130.740625,"areaKm2":0.2675753,"populated2020":true,"population2020":449.5251,"populationNote":"2020年基準の国交省調整値"},"geometry":{"type":"Polygon","coordinates":[[[130.7375,33.75000000000001],[130.7375,33.75416666666667],[130.74375,33.75416666666666],[130.74375,33.75],[130.7375,33.75000000000001]]]}},{"type":"Feature","id":"40204:503055092","properties":{"id":"40204:503055092","meshCode":"503055092","cityCode":"40204","city":"直方市","lat":33.7520833,"lon":130.746875,"areaKm2":0.2675751,"populated2020":true,"population2020":868.9582,"populationNote":"2020年基準の国交省調整値"},"geometry":{"type":"Polygon","coordinates":[[[130.74375,33.75],[130.74375,33.75416666666666],[130.75,33.75416666666667],[130.75,33.75],[130.74375,33.75]]]}},{"type":"Feature","id":"40204:503056001","properties":{"id":"40204:503056001","meshCode":"503056001","cityCode":"40204","city":"直方市","lat":33.7520833,"lon":130.753125,"areaKm2":0.267575,"populated2020":true,"population2020":565.1218,"populationNote":"2020年基準の国交省調整値"},"geometry":{"type":"Polygon","coordinates":[[[130.75,33.75],[130.75,33.75416666666667],[130.75625,33.75416666666667],[130.75625,33.75000000000001],[130.75,33.75]]]}},{"type":"Feature","id":"40204:503056002","properties":{"id":"40204:503056002","meshCode":"503056002","cityCode":"40204","city":"直方市","lat":33.7520833,"lon":130.759375,"areaKm2":0.2675748,"populated2020":true,"population2020":276.3289,"populationNote":"2020年基準の国交省調整値"},"geometry":{"type":"Polygon","coordinates":[[[130.75625,33.75000000000001],[130.75625,33.75416666666667],[130.7625,33.75416666666667],[130.7625,33.75],[130.75625,33.75000000000001]]]}},{"type":"Feature","id":"40204:503056011","properties":{"id":"40204:503056011","meshCode":"503056011","cityCode":"40204","city":"直方市","lat":33.7520833,"lon":130.765625,"areaKm2":0.2675746,"populated2020":true,"population2020":456.261,"populationNote":"2020年基準の国交省調整値"},"geometry":{"type":"Polygon","coordinates":[[[130.7625,33.75],[130.7625,33.75416666666667],[130.76875,33.75416666666667],[130.76875,33.75],[130.7625,33.75]]]}},{"type":"Feature","id":"40204:503056012","properties":{"id":"40204:503056012","meshCode":"503056012","cityCode":"40204","city":"直方市","lat":33.7520833,"lon":130.771875,"areaKm2":0.2675744,"populated2020":true,"population2020":55.939,"populationNote":"2020年基準の国交省調整値"},"geometry":{"type":"Polygon","coordinates":[[[130.76875,33.75],[130.76875,33.75416666666667],[130.775,33.75416666666667],[130.775,33.75000000000001],[130.76875,33.75]]]}},{"type":"Feature","id":"40204:503056021","properties":{"id":"40204:503056021","meshCode":"503056021","cityCode":"40204","city":"直方市","lat":33.7520833,"lon":130.778125,"areaKm2":0.2675743,"populated2020":true,"population2020":5.0175,"populationNote":"2020年基準の国交省調整値"},"geometry":{"type":"Polygon","coordinates":[[[130.775,33.75000000000001],[130.775,33.75416666666667],[130.78125,33.75416666666668],[130.78125,33.75],[130.775,33.75000000000001]]]}},{"type":"Feature","id":"40204:503056022","properties":{"id":"40204:503056022","meshCode":"503056022","cityCode":"40204","city":"直方市","lat":33.7520833,"lon":130.784375,"areaKm2":0.2675741,"populated2020":false,"population2020":null,"populationNote":"境界またぎ・原典収録外のため自治体内人口は未集計"},"geometry":{"type":"Polygon","coordinates":[[[130.78125,33.75],[130.78125,33.75416666666668],[130.7875,33.75416666666667],[130.7875,33.75000000000001],[130.78125,33.75]]]}},{"type":"Feature","id":"40204:503056031","properties":{"id":"40204:503056031","meshCode":"503056031","cityCode":"40204","city":"直方市","lat":33.7520833,"lon":130.790625,"areaKm2":0.267574,"populated2020":false,"population2020":null,"populationNote":"境界またぎ・原典収録外のため自治体内人口は未集計"},"geometry":{"type":"Polygon","coordinates":[[[130.7875,33.75000000000001],[130.7875,33.75416666666667],[130.79375,33.75416666666666],[130.79375,33.750000000000014],[130.7875,33.75000000000001]]]}},{"type":"Feature","id":"40204:503056032","properties":{"id":"40204:503056032","meshCode":"503056032","cityCode":"40204","city":"直方市","lat":33.7520833,"lon":130.796875,"areaKm2":0.2675738,"populated2020":false,"population2020":null,"populationNote":"境界またぎ・原典収録外のため自治体内人口は未集計"},"geometry":{"type":"Polygon","coordinates":[[[130.79375,33.750000000000014],[130.79375,33.75416666666666],[130.8,33.75416666666667],[130.8,33.75],[130.79375,33.750000000000014]]]}},{"type":"Feature","id":"40204:503056041","properties":{"id":"40204:503056041","meshCode":"503056041","cityCode":"40204","city":"直方市","lat":33.7520439,"lon":130.8013056,"areaKm2":0.116722,"populated2020":false,"population2020":null,"populationNote":"境界またぎ・原典収録外のため自治体内人口は未集計"},"geometry":{"type":"Polygon","coordinates":[[[130.80230935637078,33.75416666666668],[130.802922218,33.753280559],[130.802913061,33.753085279],[130.802667224,33.752144162],[130.802134721,33.751116946],[130.802136394,33.75094722499999],[130.802396109,33.750740829],[130.804443839,33.75],[130.8,33.75],[130.8,33.75416666666667],[130.80230935637078,33.75416666666668]]]}},{"type":"Feature","id":"40204:503055044","properties":{"id":"40204:503055044","meshCode":"503055044","cityCode":"40204","city":"直方市","lat":33.75625,"lon":130.684375,"areaKm2":0.2351112,"populated2020":true,"population2020":4.0105,"populationNote":"2020年基準の国交省調整値"},"geometry":{"type":"Polygon","coordinates":[[[130.68292619394694,33.75416666666667],[130.682700558,33.75463694599999],[130.682678054,33.755353333],[130.682507782,33.755561108],[130.681847224,33.756046387],[130.681478327,33.756858613],[130.681449728,33.75736444099999],[130.681553333,33.75771],[130.68143678293876,33.758333333333326],[130.6875,33.758333333333326],[130.6875,33.75416666666666],[130.68292619394694,33.75416666666667]]]}},{"type":"Feature","id":"40204:503055053","properties":{"id":"40204:503055053","meshCode":"503055053","cityCode":"40204","city":"直方市","lat":33.75625,"lon":130.690625,"areaKm2":0.2675642,"populated2020":false,"population2020":null,"populationNote":"境界またぎ・原典収録外のため自治体内人口は未集計"},"geometry":{"type":"Polygon","coordinates":[[[130.6875,33.75416666666666],[130.6875,33.758333333333326],[130.69375,33.75833333333333],[130.69375,33.75416666666667],[130.6875,33.75416666666666]]]}},{"type":"Feature","id":"40204:503055054","properties":{"id":"40204:503055054","meshCode":"503055054","cityCode":"40204","city":"直方市","lat":33.75625,"lon":130.696875,"areaKm2":0.2675639,"populated2020":true,"population2020":41.8252,"populationNote":"2020年基準の国交省調整値"},"geometry":{"type":"Polygon","coordinates":[[[130.69375,33.75416666666667],[130.69375,33.75833333333333],[130.7,33.75833333333333],[130.7,33.75416666666667],[130.69375,33.75416666666667]]]}},{"type":"Feature","id":"40204:503055063","properties":{"id":"40204:503055063","meshCode":"503055063","cityCode":"40204","city":"直方市","lat":33.75625,"lon":130.703125,"areaKm2":0.2675637,"populated2020":true,"population2020":258.757,"populationNote":"2020年基準の国交省調整値"},"geometry":{"type":"Polygon","coordinates":[[[130.7,33.75416666666667],[130.7,33.75833333333333],[130.70625,33.758333333333326],[130.70625,33.75416666666667],[130.7,33.75416666666667]]]}},{"type":"Feature","id":"40204:503055064","properties":{"id":"40204:503055064","meshCode":"503055064","cityCode":"40204","city":"直方市","lat":33.75625,"lon":130.709375,"areaKm2":0.2675635,"populated2020":true,"population2020":336.0138,"populationNote":"2020年基準の国交省調整値"},"geometry":{"type":"Polygon","coordinates":[[[130.70625,33.75416666666667],[130.70625,33.758333333333326],[130.7125,33.75833333333332],[130.7125,33.75416666666667],[130.70625,33.75416666666667]]]}},{"type":"Feature","id":"40204:503055073","properties":{"id":"40204:503055073","meshCode":"503055073","cityCode":"40204","city":"直方市","lat":33.75625,"lon":130.715625,"areaKm2":0.2675633,"populated2020":true,"population2020":339.6029,"populationNote":"2020年基準の国交省調整値"},"geometry":{"type":"Polygon","coordinates":[[[130.7125,33.75416666666667],[130.7125,33.75833333333332],[130.71875,33.758333333333326],[130.71875,33.75416666666667],[130.7125,33.75416666666667]]]}},{"type":"Feature","id":"40204:503055074","properties":{"id":"40204:503055074","meshCode":"503055074","cityCode":"40204","city":"直方市","lat":33.75625,"lon":130.721875,"areaKm2":0.2675631,"populated2020":true,"population2020":1164.5658,"populationNote":"2020年基準の国交省調整値"},"geometry":{"type":"Polygon","coordinates":[[[130.71875,33.75416666666667],[130.71875,33.758333333333326],[130.725,33.758333333333326],[130.725,33.75416666666667],[130.71875,33.75416666666667]]]}},{"type":"Feature","id":"40204:503055083","properties":{"id":"40204:503055083","meshCode":"503055083","cityCode":"40204","city":"直方市","lat":33.75625,"lon":130.728125,"areaKm2":0.2675629,"populated2020":true,"population2020":178.8476,"populationNote":"2020年基準の国交省調整値"},"geometry":{"type":"Polygon","coordinates":[[[130.725,33.75416666666667],[130.725,33.758333333333326],[130.73125,33.758333333333326],[130.73125,33.75416666666666],[130.725,33.75416666666667]]]}},{"type":"Feature","id":"40204:503055084","properties":{"id":"40204:503055084","meshCode":"503055084","cityCode":"40204","city":"直方市","lat":33.75625,"lon":130.734375,"areaKm2":0.2675627,"populated2020":true,"population2020":492.3643,"populationNote":"2020年基準の国交省調整値"},"geometry":{"type":"Polygon","coordinates":[[[130.73125,33.75416666666666],[130.73125,33.758333333333326],[130.7375,33.758333333333326],[130.7375,33.75416666666667],[130.73125,33.75416666666666]]]}},{"type":"Feature","id":"40204:503055093","properties":{"id":"40204:503055093","meshCode":"503055093","cityCode":"40204","city":"直方市","lat":33.75625,"lon":130.740625,"areaKm2":0.2675625,"populated2020":true,"population2020":232.3943,"populationNote":"2020年基準の国交省調整値"},"geometry":{"type":"Polygon","coordinates":[[[130.7375,33.75416666666667],[130.7375,33.758333333333326],[130.74375,33.758333333333326],[130.74375,33.75416666666666],[130.7375,33.75416666666667]]]}},{"type":"Feature","id":"40204:503055094","properties":{"id":"40204:503055094","meshCode":"503055094","cityCode":"40204","city":"直方市","lat":33.75625,"lon":130.746875,"areaKm2":0.2675624,"populated2020":true,"population2020":452.5422,"populationNote":"2020年基準の国交省調整値"},"geometry":{"type":"Polygon","coordinates":[[[130.74375,33.75416666666666],[130.74375,33.758333333333326],[130.75,33.75833333333333],[130.75,33.75416666666667],[130.74375,33.75416666666666]]]}},{"type":"Feature","id":"40204:503056003","properties":{"id":"40204:503056003","meshCode":"503056003","cityCode":"40204","city":"直方市","lat":33.75625,"lon":130.753125,"areaKm2":0.2675622,"populated2020":true,"population2020":932.2384,"populationNote":"2020年基準の国交省調整値"},"geometry":{"type":"Polygon","coordinates":[[[130.75,33.75416666666667],[130.75,33.75833333333333],[130.75625,33.75833333333333],[130.75625,33.75416666666667],[130.75,33.75416666666667]]]}},{"type":"Feature","id":"40204:503056004","properties":{"id":"40204:503056004","meshCode":"503056004","cityCode":"40204","city":"直方市","lat":33.75625,"lon":130.759375,"areaKm2":0.267562,"populated2020":true,"population2020":389.0108,"populationNote":"2020年基準の国交省調整値"},"geometry":{"type":"Polygon","coordinates":[[[130.75625,33.75416666666667],[130.75625,33.75833333333333],[130.7625,33.75833333333332],[130.7625,33.75416666666667],[130.75625,33.75416666666667]]]}},{"type":"Feature","id":"40204:503056013","properties":{"id":"40204:503056013","meshCode":"503056013","cityCode":"40204","city":"直方市","lat":33.75625,"lon":130.765625,"areaKm2":0.2675618,"populated2020":true,"population2020":374.4763,"populationNote":"2020年基準の国交省調整値"},"geometry":{"type":"Polygon","coordinates":[[[130.7625,33.75416666666667],[130.7625,33.75833333333332],[130.76875,33.758333333333326],[130.76875,33.75416666666667],[130.7625,33.75416666666667]]]}},{"type":"Feature","id":"40204:503056014","properties":{"id":"40204:503056014","meshCode":"503056014","cityCode":"40204","city":"直方市","lat":33.75625,"lon":130.771875,"areaKm2":0.2675617,"populated2020":true,"population2020":2.006,"populationNote":"2020年基準の国交省調整値"},"geometry":{"type":"Polygon","coordinates":[[[130.76875,33.75416666666667],[130.76875,33.758333333333326],[130.775,33.758333333333326],[130.775,33.75416666666667],[130.76875,33.75416666666667]]]}},{"type":"Feature","id":"40204:503056023","properties":{"id":"40204:503056023","meshCode":"503056023","cityCode":"40204","city":"直方市","lat":33.75625,"lon":130.778125,"areaKm2":0.2675615,"populated2020":true,"population2020":7.9912,"populationNote":"2020年基準の国交省調整値"},"geometry":{"type":"Polygon","coordinates":[[[130.775,33.75416666666667],[130.775,33.758333333333326],[130.78125,33.75833333333334],[130.78125,33.75416666666668],[130.775,33.75416666666667]]]}},{"type":"Feature","id":"40204:503056024","properties":{"id":"40204:503056024","meshCode":"503056024","cityCode":"40204","city":"直方市","lat":33.75625,"lon":130.784375,"areaKm2":0.2675614,"populated2020":false,"population2020":null,"populationNote":"境界またぎ・原典収録外のため自治体内人口は未集計"},"geometry":{"type":"Polygon","coordinates":[[[130.78125,33.75416666666668],[130.78125,33.75833333333334],[130.7875,33.75833333333334],[130.7875,33.75416666666667],[130.78125,33.75416666666668]]]}},{"type":"Feature","id":"40204:503056033","properties":{"id":"40204:503056033","meshCode":"503056033","cityCode":"40204","city":"直方市","lat":33.75625,"lon":130.790625,"areaKm2":0.2675612,"populated2020":false,"population2020":null,"populationNote":"境界またぎ・原典収録外のため自治体内人口は未集計"},"geometry":{"type":"Polygon","coordinates":[[[130.7875,33.75416666666667],[130.7875,33.75833333333334],[130.79375,33.758333333333326],[130.79375,33.75416666666666],[130.7875,33.75416666666667]]]}},{"type":"Feature","id":"40204:503056034","properties":{"id":"40204:503056034","meshCode":"503056034","cityCode":"40204","city":"直方市","lat":33.75625,"lon":130.796875,"areaKm2":0.2675611,"populated2020":false,"population2020":null,"populationNote":"境界またぎ・原典収録外のため自治体内人口は未集計"},"geometry":{"type":"Polygon","coordinates":[[[130.79375,33.75416666666666],[130.79375,33.758333333333326],[130.8,33.758333333333326],[130.8,33.75416666666667],[130.79375,33.75416666666666]]]}},{"type":"Feature","id":"40204:503056043","properties":{"id":"40204:503056043","meshCode":"503056043","cityCode":"40204","city":"直方市","lat":33.7564035,"lon":130.8009157,"areaKm2":0.0775695,"populated2020":false,"population2020":null,"populationNote":"境界またぎ・原典収録外のため自治体内人口は未集計"},"geometry":{"type":"Polygon","coordinates":[[[130.802005668,33.758333332999996],[130.801579442,33.757604721],[130.801801115,33.757033613000004],[130.801853061,33.75657499999999],[130.801644721,33.75532277500001],[130.80230935637078,33.75416666666668],[130.8,33.75416666666667],[130.8,33.758333333333326],[130.802005668,33.758333332999996]]]}},{"type":"Feature","id":"40204:503055141","properties":{"id":"40204:503055141","meshCode":"503055141","cityCode":"40204","city":"直方市","lat":33.762105,"lon":130.681188,"areaKm2":0.0013653,"populated2020":true,"population2020":null,"populationNote":"境界またぎ・原典収録外のため自治体内人口は未集計"},"geometry":{"type":"MultiPolygon","coordinates":[[[[130.68125000000003,33.75906775204612],[130.681183333,33.759556387],[130.68125000000003,33.76008157464177],[130.68125000000003,33.75906775204612]]],[[[130.68125000000003,33.76162130066565],[130.681153606,33.761929162],[130.68105062610542,33.7625],[130.68125000000003,33.76250000000001],[130.68125000000003,33.76162130066565]]]]}},{"type":"Feature","id":"40204:503055142","properties":{"id":"40204:503055142","meshCode":"503055142","cityCode":"40204","city":"直方市","lat":33.7604167,"lon":130.684375,"areaKm2":0.264685,"populated2020":false,"population2020":null,"populationNote":"境界またぎ・原典収録外のため自治体内人口は未集計"},"geometry":{"type":"Polygon","coordinates":[[[130.68143678293876,33.758333333333326],[130.68125000000003,33.75906775204612],[130.68125000000003,33.76008157464177],[130.681474449,33.760798333],[130.681444449,33.761139721],[130.68125000000003,33.76162130066565],[130.68125000000003,33.76250000000001],[130.6875,33.7625],[130.6875,33.758333333333326],[130.68143678293876,33.758333333333326]]]}},{"type":"Feature","id":"40204:503055151","properties":{"id":"40204:503055151","meshCode":"503055151","cityCode":"40204","city":"直方市","lat":33.7604167,"lon":130.690625,"areaKm2":0.2675514,"populated2020":false,"population2020":null,"populationNote":"境界またぎ・原典収録外のため自治体内人口は未集計"},"geometry":{"type":"Polygon","coordinates":[[[130.6875,33.758333333333326],[130.6875,33.7625],[130.69375,33.76250000000001],[130.69375,33.75833333333333],[130.6875,33.758333333333326]]]}},{"type":"Feature","id":"40204:503055152","properties":{"id":"40204:503055152","meshCode":"503055152","cityCode":"40204","city":"直方市","lat":33.7604167,"lon":130.696875,"areaKm2":0.2675512,"populated2020":true,"population2020":28.0859,"populationNote":"2020年基準の国交省調整値"},"geometry":{"type":"Polygon","coordinates":[[[130.69375,33.75833333333333],[130.69375,33.76250000000001],[130.7,33.76250000000001],[130.7,33.75833333333333],[130.69375,33.75833333333333]]]}},{"type":"Feature","id":"40204:503055161","properties":{"id":"40204:503055161","meshCode":"503055161","cityCode":"40204","city":"直方市","lat":33.7604167,"lon":130.703125,"areaKm2":0.267551,"populated2020":true,"population2020":196.7454,"populationNote":"2020年基準の国交省調整値"},"geometry":{"type":"Polygon","coordinates":[[[130.7,33.75833333333333],[130.7,33.76250000000001],[130.70625,33.7625],[130.70625,33.758333333333326],[130.7,33.75833333333333]]]}},{"type":"Feature","id":"40204:503055162","properties":{"id":"40204:503055162","meshCode":"503055162","cityCode":"40204","city":"直方市","lat":33.7604167,"lon":130.709375,"areaKm2":0.2675508,"populated2020":true,"population2020":184.0175,"populationNote":"2020年基準の国交省調整値"},"geometry":{"type":"Polygon","coordinates":[[[130.70625,33.758333333333326],[130.70625,33.7625],[130.7125,33.762499999999996],[130.7125,33.75833333333332],[130.70625,33.758333333333326]]]}},{"type":"Feature","id":"40204:503055171","properties":{"id":"40204:503055171","meshCode":"503055171","cityCode":"40204","city":"直方市","lat":33.7604167,"lon":130.715625,"areaKm2":0.2675506,"populated2020":true,"population2020":900.0517,"populationNote":"2020年基準の国交省調整値"},"geometry":{"type":"Polygon","coordinates":[[[130.7125,33.75833333333332],[130.7125,33.762499999999996],[130.71875,33.7625],[130.71875,33.758333333333326],[130.7125,33.75833333333332]]]}},{"type":"Feature","id":"40204:503055172","properties":{"id":"40204:503055172","meshCode":"503055172","cityCode":"40204","city":"直方市","lat":33.7604167,"lon":130.721875,"areaKm2":0.2675504,"populated2020":true,"population2020":930.7942,"populationNote":"2020年基準の国交省調整値"},"geometry":{"type":"Polygon","coordinates":[[[130.71875,33.758333333333326],[130.71875,33.7625],[130.725,33.7625],[130.725,33.758333333333326],[130.71875,33.758333333333326]]]}},{"type":"Feature","id":"40204:503055181","properties":{"id":"40204:503055181","meshCode":"503055181","cityCode":"40204","city":"直方市","lat":33.7604167,"lon":130.728125,"areaKm2":0.2675502,"populated2020":true,"population2020":190.4641,"populationNote":"2020年基準の国交省調整値"},"geometry":{"type":"Polygon","coordinates":[[[130.725,33.758333333333326],[130.725,33.7625],[130.73125,33.7625],[130.73125,33.758333333333326],[130.725,33.758333333333326]]]}},{"type":"Feature","id":"40204:503055182","properties":{"id":"40204:503055182","meshCode":"503055182","cityCode":"40204","city":"直方市","lat":33.7604167,"lon":130.734375,"areaKm2":0.26755,"populated2020":true,"population2020":535.1106,"populationNote":"2020年基準の国交省調整値"},"geometry":{"type":"Polygon","coordinates":[[[130.73125,33.758333333333326],[130.73125,33.7625],[130.7375,33.7625],[130.7375,33.758333333333326],[130.73125,33.758333333333326]]]}},{"type":"Feature","id":"40204:503055191","properties":{"id":"40204:503055191","meshCode":"503055191","cityCode":"40204","city":"直方市","lat":33.7604167,"lon":130.740625,"areaKm2":0.2675498,"populated2020":true,"population2020":163.1672,"populationNote":"2020年基準の国交省調整値"},"geometry":{"type":"Polygon","coordinates":[[[130.7375,33.758333333333326],[130.7375,33.7625],[130.74375,33.762499999999996],[130.74375,33.758333333333326],[130.7375,33.758333333333326]]]}},{"type":"Feature","id":"40204:503055192","properties":{"id":"40204:503055192","meshCode":"503055192","cityCode":"40204","city":"直方市","lat":33.7604167,"lon":130.746875,"areaKm2":0.2675496,"populated2020":true,"population2020":584.3527,"populationNote":"2020年基準の国交省調整値"},"geometry":{"type":"Polygon","coordinates":[[[130.74375,33.758333333333326],[130.74375,33.762499999999996],[130.75,33.7625],[130.75,33.75833333333333],[130.74375,33.758333333333326]]]}},{"type":"Feature","id":"40204:503056101","properties":{"id":"40204:503056101","meshCode":"503056101","cityCode":"40204","city":"直方市","lat":33.7604167,"lon":130.753125,"areaKm2":0.2675494,"populated2020":true,"population2020":756.3367,"populationNote":"2020年基準の国交省調整値"},"geometry":{"type":"Polygon","coordinates":[[[130.75,33.75833333333333],[130.75,33.7625],[130.75625,33.7625],[130.75625,33.75833333333333],[130.75,33.75833333333333]]]}},{"type":"Feature","id":"40204:503056102","properties":{"id":"40204:503056102","meshCode":"503056102","cityCode":"40204","city":"直方市","lat":33.7604167,"lon":130.759375,"areaKm2":0.2675493,"populated2020":true,"population2020":753.3529,"populationNote":"2020年基準の国交省調整値"},"geometry":{"type":"Polygon","coordinates":[[[130.75625,33.75833333333333],[130.75625,33.7625],[130.7625,33.762499999999996],[130.7625,33.75833333333332],[130.75625,33.75833333333333]]]}},{"type":"Feature","id":"40204:503056111","properties":{"id":"40204:503056111","meshCode":"503056111","cityCode":"40204","city":"直方市","lat":33.7604167,"lon":130.765625,"areaKm2":0.2675491,"populated2020":true,"population2020":359.5243,"populationNote":"2020年基準の国交省調整値"},"geometry":{"type":"Polygon","coordinates":[[[130.7625,33.75833333333332],[130.7625,33.762499999999996],[130.76875,33.7625],[130.76875,33.758333333333326],[130.7625,33.75833333333332]]]}},{"type":"Feature","id":"40204:503056112","properties":{"id":"40204:503056112","meshCode":"503056112","cityCode":"40204","city":"直方市","lat":33.7604167,"lon":130.771875,"areaKm2":0.2675489,"populated2020":false,"population2020":null,"populationNote":"境界またぎ・原典収録外のため自治体内人口は未集計"},"geometry":{"type":"Polygon","coordinates":[[[130.76875,33.758333333333326],[130.76875,33.7625],[130.775,33.76250000000001],[130.775,33.758333333333326],[130.76875,33.758333333333326]]]}},{"type":"Feature","id":"40204:503056121","properties":{"id":"40204:503056121","meshCode":"503056121","cityCode":"40204","city":"直方市","lat":33.7604167,"lon":130.778125,"areaKm2":0.2675488,"populated2020":false,"population2020":null,"populationNote":"境界またぎ・原典収録外のため自治体内人口は未集計"},"geometry":{"type":"Polygon","coordinates":[[[130.775,33.758333333333326],[130.775,33.76250000000001],[130.78125,33.7625],[130.78125,33.75833333333334],[130.775,33.758333333333326]]]}},{"type":"Feature","id":"40204:503056122","properties":{"id":"40204:503056122","meshCode":"503056122","cityCode":"40204","city":"直方市","lat":33.7604167,"lon":130.784375,"areaKm2":0.2675486,"populated2020":false,"population2020":null,"populationNote":"境界またぎ・原典収録外のため自治体内人口は未集計"},"geometry":{"type":"Polygon","coordinates":[[[130.78125,33.75833333333334],[130.78125,33.7625],[130.7875,33.762499999999996],[130.7875,33.75833333333334],[130.78125,33.75833333333334]]]}},{"type":"Feature","id":"40204:503056131","properties":{"id":"40204:503056131","meshCode":"503056131","cityCode":"40204","city":"直方市","lat":33.7604167,"lon":130.790625,"areaKm2":0.2675485,"populated2020":false,"population2020":null,"populationNote":"境界またぎ・原典収録外のため自治体内人口は未集計"},"geometry":{"type":"Polygon","coordinates":[[[130.7875,33.75833333333334],[130.7875,33.762499999999996],[130.79375,33.76250000000001],[130.79375,33.758333333333326],[130.7875,33.75833333333334]]]}},{"type":"Feature","id":"40204:503056132","properties":{"id":"40204:503056132","meshCode":"503056132","cityCode":"40204","city":"直方市","lat":33.7604167,"lon":130.796875,"areaKm2":0.2675483,"populated2020":false,"population2020":null,"populationNote":"境界またぎ・原典収録外のため自治体内人口は未集計"},"geometry":{"type":"Polygon","coordinates":[[[130.79375,33.758333333333326],[130.79375,33.76250000000001],[130.8,33.76250000000001],[130.8,33.758333333333326],[130.79375,33.758333333333326]]]}},{"type":"Feature","id":"40204:503056141","properties":{"id":"40204:503056141","meshCode":"503056141","cityCode":"40204","city":"直方市","lat":33.7604076,"lon":130.8011999,"areaKm2":0.0837397,"populated2020":false,"population2020":null,"populationNote":"境界またぎ・原典収録外のため自治体内人口は未集計"},"geometry":{"type":"Polygon","coordinates":[[[130.801382776,33.76245555900001],[130.801405551,33.762077495],[130.801497782,33.761800559000015],[130.801641946,33.761662224999995],[130.801785837,33.761085279],[130.801976109,33.760900829],[130.802385551,33.760727775],[130.802434449,33.760502775],[130.802365279,33.760312495],[130.801999728,33.759809162],[130.801991115,33.759633054],[130.802253333,33.758935279],[130.802215837,33.758698613],[130.80200566821594,33.758333333333326],[130.8,33.758333333333326],[130.8,33.76250000000001],[130.801382776,33.76245555900001]]]}},{"type":"Feature","id":"40204:503055143","properties":{"id":"40204:503055143","meshCode":"503055143","cityCode":"40204","city":"直方市","lat":33.7644294,"lon":130.6808233,"areaKm2":0.0311939,"populated2020":false,"population2020":null,"populationNote":"境界またぎ・原典収録外のため自治体内人口は未集計"},"geometry":{"type":"Polygon","coordinates":[[[130.68099555100002,33.76259333299999],[130.68029166,33.762971667],[130.680103606,33.763171108],[130.68008917,33.76329861300001],[130.680136394,33.76366861299999],[130.680384163,33.764320559000005],[130.680358327,33.765389721000005],[130.680898054,33.766088892],[130.681013061,33.766200000000005],[130.681169442,33.766206108],[130.68125000000003,33.766174006978154],[130.68125000000003,33.76250000000001],[130.68105062610542,33.7625],[130.68099555100002,33.76259333299999]]]}},{"type":"Feature","id":"40204:503055144","properties":{"id":"40204:503055144","meshCode":"503055144","cityCode":"40204","city":"直方市","lat":33.7645833,"lon":130.684375,"areaKm2":0.1963755,"populated2020":true,"population2020":2.0027,"populationNote":"2020年基準の国交省調整値"},"geometry":{"type":"Polygon","coordinates":[[[130.68125000000003,33.766174006978154],[130.681918327,33.766041946],[130.68302083,33.765698333],[130.683627224,33.765770279],[130.684174994,33.765698613000005],[130.68512917,33.765198613],[130.685803333,33.765204721],[130.686258885,33.765052775],[130.686706939,33.765110279],[130.6875,33.765706664454186],[130.6875,33.7625],[130.68125000000003,33.76250000000001],[130.68125000000003,33.766174006978154]]]}},{"type":"Feature","id":"40204:503055153","properties":{"id":"40204:503055153","meshCode":"503055153","cityCode":"40204","city":"直方市","lat":33.7645833,"lon":130.690625,"areaKm2":0.2433373,"populated2020":true,"population2020":22.8969,"populationNote":"2020年基準の国交省調整値"},"geometry":{"type":"Polygon","coordinates":[[[130.687545279,33.765739162],[130.687783606,33.765920279],[130.688304163,33.766043333000006],[130.68912917000003,33.765811108],[130.689359442,33.765817225000006],[130.691166939,33.766452775000005],[130.691502022565,33.766666666666666],[130.69375,33.766666666666666],[130.69375,33.76250000000001],[130.6875,33.7625],[130.687545279,33.765739162]]]}},{"type":"Feature","id":"40204:503055154","properties":{"id":"40204:503055154","meshCode":"503055154","cityCode":"40204","city":"直方市","lat":33.7645833,"lon":130.696875,"areaKm2":0.2675384,"populated2020":true,"population2020":143.9655,"populationNote":"2020年基準の国交省調整値"},"geometry":{"type":"Polygon","coordinates":[[[130.69375,33.76250000000001],[130.69375,33.766666666666666],[130.7,33.766666666666666],[130.7,33.76250000000001],[130.69375,33.76250000000001]]]}},{"type":"Feature","id":"40204:503055163","properties":{"id":"40204:503055163","meshCode":"503055163","cityCode":"40204","city":"直方市","lat":33.7645833,"lon":130.703125,"areaKm2":0.2675382,"populated2020":true,"population2020":377.7835,"populationNote":"2020年基準の国交省調整値"},"geometry":{"type":"Polygon","coordinates":[[[130.7,33.76250000000001],[130.7,33.766666666666666],[130.70625,33.766666666666666],[130.70625,33.7625],[130.7,33.76250000000001]]]}},{"type":"Feature","id":"40204:503055164","properties":{"id":"40204:503055164","meshCode":"503055164","cityCode":"40204","city":"直方市","lat":33.7645833,"lon":130.709375,"areaKm2":0.267538,"populated2020":true,"population2020":424.1974,"populationNote":"2020年基準の国交省調整値"},"geometry":{"type":"Polygon","coordinates":[[[130.70625,33.7625],[130.70625,33.766666666666666],[130.7125,33.766666666666666],[130.7125,33.762499999999996],[130.70625,33.7625]]]}},{"type":"Feature","id":"40204:503055173","properties":{"id":"40204:503055173","meshCode":"503055173","cityCode":"40204","city":"直方市","lat":33.7645833,"lon":130.715625,"areaKm2":0.2675378,"populated2020":true,"population2020":556.6805,"populationNote":"2020年基準の国交省調整値"},"geometry":{"type":"Polygon","coordinates":[[[130.7125,33.762499999999996],[130.7125,33.766666666666666],[130.71875,33.766666666666666],[130.71875,33.7625],[130.7125,33.762499999999996]]]}},{"type":"Feature","id":"40204:503055174","properties":{"id":"40204:503055174","meshCode":"503055174","cityCode":"40204","city":"直方市","lat":33.7645833,"lon":130.721875,"areaKm2":0.2675376,"populated2020":true,"population2020":438.6468,"populationNote":"2020年基準の国交省調整値"},"geometry":{"type":"Polygon","coordinates":[[[130.71875,33.7625],[130.71875,33.766666666666666],[130.725,33.766666666666666],[130.725,33.7625],[130.71875,33.7625]]]}},{"type":"Feature","id":"40204:503055183","properties":{"id":"40204:503055183","meshCode":"503055183","cityCode":"40204","city":"直方市","lat":33.7645833,"lon":130.728125,"areaKm2":0.2675374,"populated2020":true,"population2020":738.6099,"populationNote":"2020年基準の国交省調整値"},"geometry":{"type":"Polygon","coordinates":[[[130.725,33.7625],[130.725,33.766666666666666],[130.73125,33.766666666666666],[130.73125,33.7625],[130.725,33.7625]]]}},{"type":"Feature","id":"40204:503055184","properties":{"id":"40204:503055184","meshCode":"503055184","cityCode":"40204","city":"直方市","lat":33.7645833,"lon":130.734375,"areaKm2":0.2675372,"populated2020":true,"population2020":817.6775,"populationNote":"2020年基準の国交省調整値"},"geometry":{"type":"Polygon","coordinates":[[[130.73125,33.7625],[130.73125,33.766666666666666],[130.7375,33.76666666666667],[130.7375,33.7625],[130.73125,33.7625]]]}},{"type":"Feature","id":"40204:503055193","properties":{"id":"40204:503055193","meshCode":"503055193","cityCode":"40204","city":"直方市","lat":33.7645833,"lon":130.740625,"areaKm2":0.267537,"populated2020":true,"population2020":700.2984,"populationNote":"2020年基準の国交省調整値"},"geometry":{"type":"Polygon","coordinates":[[[130.7375,33.7625],[130.7375,33.76666666666667],[130.74375,33.76666666666666],[130.74375,33.762499999999996],[130.7375,33.7625]]]}},{"type":"Feature","id":"40204:503055194","properties":{"id":"40204:503055194","meshCode":"503055194","cityCode":"40204","city":"直方市","lat":33.7645833,"lon":130.746875,"areaKm2":0.2675368,"populated2020":true,"population2020":395.8306,"populationNote":"2020年基準の国交省調整値"},"geometry":{"type":"Polygon","coordinates":[[[130.74375,33.762499999999996],[130.74375,33.76666666666666],[130.75,33.766666666666666],[130.75,33.7625],[130.74375,33.762499999999996]]]}},{"type":"Feature","id":"40204:503056103","properties":{"id":"40204:503056103","meshCode":"503056103","cityCode":"40204","city":"直方市","lat":33.7645833,"lon":130.753125,"areaKm2":0.2675367,"populated2020":true,"population2020":211.4967,"populationNote":"2020年基準の国交省調整値"},"geometry":{"type":"Polygon","coordinates":[[[130.75,33.7625],[130.75,33.766666666666666],[130.75625,33.76666666666667],[130.75625,33.7625],[130.75,33.7625]]]}},{"type":"Feature","id":"40204:503056104","properties":{"id":"40204:503056104","meshCode":"503056104","cityCode":"40204","city":"直方市","lat":33.7645833,"lon":130.759375,"areaKm2":0.2675365,"populated2020":true,"population2020":691.659,"populationNote":"2020年基準の国交省調整値"},"geometry":{"type":"Polygon","coordinates":[[[130.75625,33.7625],[130.75625,33.76666666666667],[130.7625,33.766666666666666],[130.7625,33.762499999999996],[130.75625,33.7625]]]}},{"type":"Feature","id":"40204:503056113","properties":{"id":"40204:503056113","meshCode":"503056113","cityCode":"40204","city":"直方市","lat":33.7645833,"lon":130.765625,"areaKm2":0.2675363,"populated2020":true,"population2020":455.0418,"populationNote":"2020年基準の国交省調整値"},"geometry":{"type":"Polygon","coordinates":[[[130.7625,33.762499999999996],[130.7625,33.766666666666666],[130.76875,33.76666666666666],[130.76875,33.7625],[130.7625,33.762499999999996]]]}},{"type":"Feature","id":"40204:503056114","properties":{"id":"40204:503056114","meshCode":"503056114","cityCode":"40204","city":"直方市","lat":33.7645833,"lon":130.771875,"areaKm2":0.2675362,"populated2020":true,"population2020":65.0019,"populationNote":"2020年基準の国交省調整値"},"geometry":{"type":"Polygon","coordinates":[[[130.76875,33.7625],[130.76875,33.76666666666666],[130.775,33.766666666666666],[130.775,33.76250000000001],[130.76875,33.7625]]]}},{"type":"Feature","id":"40204:503056123","properties":{"id":"40204:503056123","meshCode":"503056123","cityCode":"40204","city":"直方市","lat":33.7645833,"lon":130.778125,"areaKm2":0.267536,"populated2020":true,"population2020":13.0491,"populationNote":"2020年基準の国交省調整値"},"geometry":{"type":"Polygon","coordinates":[[[130.775,33.76250000000001],[130.775,33.766666666666666],[130.78125,33.766666666666666],[130.78125,33.7625],[130.775,33.76250000000001]]]}},{"type":"Feature","id":"40204:503056124","properties":{"id":"40204:503056124","meshCode":"503056124","cityCode":"40204","city":"直方市","lat":33.7645833,"lon":130.784375,"areaKm2":0.2675358,"populated2020":false,"population2020":null,"populationNote":"境界またぎ・原典収録外のため自治体内人口は未集計"},"geometry":{"type":"Polygon","coordinates":[[[130.78125,33.7625],[130.78125,33.766666666666666],[130.7875,33.766666666666666],[130.7875,33.762499999999996],[130.78125,33.7625]]]}},{"type":"Feature","id":"40204:503056133","properties":{"id":"40204:503056133","meshCode":"503056133","cityCode":"40204","city":"直方市","lat":33.7645833,"lon":130.790625,"areaKm2":0.2675357,"populated2020":false,"population2020":null,"populationNote":"境界またぎ・原典収録外のため自治体内人口は未集計"},"geometry":{"type":"Polygon","coordinates":[[[130.7875,33.762499999999996],[130.7875,33.766666666666666],[130.79375,33.766666666666666],[130.79375,33.76250000000001],[130.7875,33.762499999999996]]]}},{"type":"Feature","id":"40204:503056134","properties":{"id":"40204:503056134","meshCode":"503056134","cityCode":"40204","city":"直方市","lat":33.7645833,"lon":130.796875,"areaKm2":0.2632973,"populated2020":false,"population2020":null,"populationNote":"境界またぎ・原典収録外のため自治体内人口は未集計"},"geometry":{"type":"Polygon","coordinates":[[[130.8,33.765572801999994],[130.799316109,33.765081946],[130.799396939,33.76489749500001],[130.8,33.764554720999996],[130.8,33.76250000000001],[130.79375,33.76250000000001],[130.79375,33.766666666666666],[130.8,33.766666666666666],[130.8,33.765572801999994]]]}},{"type":"Feature","id":"40204:503056143","properties":{"id":"40204:503056143","meshCode":"503056143","cityCode":"40204","city":"直方市","lat":33.7660042,"lon":130.800333,"areaKm2":0.0182358,"populated2020":false,"population2020":null,"populationNote":"境界またぎ・原典収録外のため自治体内人口は未集計"},"geometry":{"type":"MultiPolygon","coordinates":[[[[130.80111710805298,33.76666666666666],[130.801089728,33.766360559],[130.800922503,33.766170279],[130.8,33.765572801999994],[130.8,33.766666666666666],[130.80111710805298,33.76666666666666]]],[[[130.800042503,33.76452833300001],[130.800478054,33.763153333],[130.8013494243908,33.7625],[130.8,33.76250000000001],[130.800042503,33.76452833300001]]]]}},{"type":"Feature","id":"40204:503055251","properties":{"id":"40204:503055251","meshCode":"503055251","cityCode":"40204","city":"直方市","lat":33.767142,"lon":130.6927563,"areaKm2":0.020002,"populated2020":true,"population2020":null,"populationNote":"境界またぎ・原典収録外のため自治体内人口は未集計"},"geometry":{"type":"Polygon","coordinates":[[[130.691502023,33.766666666999996],[130.691858612,33.767341386999995],[130.69214,33.767557225],[130.693103061,33.767752494999996],[130.69375,33.76753802390559],[130.69375,33.766666666666666],[130.691502023,33.766666666999996]]]}},{"type":"Feature","id":"40204:503055252","properties":{"id":"40204:503055252","meshCode":"503055252","cityCode":"40204","city":"直方市","lat":33.7686981,"lon":130.6994013,"areaKm2":0.0687258,"populated2020":true,"population2020":null,"populationNote":"境界またぎ・原典収録外のため自治体内人口は未集計"},"geometry":{"type":"Polygon","coordinates":[[[130.693766109,33.767528612999996],[130.69545,33.766678892],[130.696367497,33.766759162],[130.69732,33.767256667],[130.697931388,33.76747861300001],[130.698444163,33.767824162],[130.698561388,33.768346387],[130.699121388,33.76906194600001],[130.699311388,33.769481387],[130.699425551,33.77023194600001],[130.69905217676,33.770833333333336],[130.7,33.770833333333336],[130.7,33.766666666666666],[130.69375,33.766666666666666],[130.693766109,33.767528612999996]]]}},{"type":"Feature","id":"40204:503055261","properties":{"id":"40204:503055261","meshCode":"503055261","cityCode":"40204","city":"直方市","lat":33.76875,"lon":130.703125,"areaKm2":0.2675254,"populated2020":true,"population2020":508.5358,"populationNote":"2020年基準の国交省調整値"},"geometry":{"type":"Polygon","coordinates":[[[130.7,33.766666666666666],[130.7,33.770833333333336],[130.70625,33.770833333333336],[130.70625,33.766666666666666],[130.7,33.766666666666666]]]}},{"type":"Feature","id":"40204:503055262","properties":{"id":"40204:503055262","meshCode":"503055262","cityCode":"40204","city":"直方市","lat":33.76875,"lon":130.709375,"areaKm2":0.2675252,"populated2020":true,"population2020":585.1858,"populationNote":"2020年基準の国交省調整値"},"geometry":{"type":"Polygon","coordinates":[[[130.70625,33.766666666666666],[130.70625,33.770833333333336],[130.7125,33.77083333333333],[130.7125,33.766666666666666],[130.70625,33.766666666666666]]]}},{"type":"Feature","id":"40204:503055271","properties":{"id":"40204:503055271","meshCode":"503055271","cityCode":"40204","city":"直方市","lat":33.76875,"lon":130.715625,"areaKm2":0.267525,"populated2020":true,"population2020":478.9537,"populationNote":"2020年基準の国交省調整値"},"geometry":{"type":"Polygon","coordinates":[[[130.7125,33.766666666666666],[130.7125,33.77083333333333],[130.71875,33.770833333333336],[130.71875,33.766666666666666],[130.7125,33.766666666666666]]]}},{"type":"Feature","id":"40204:503055272","properties":{"id":"40204:503055272","meshCode":"503055272","cityCode":"40204","city":"直方市","lat":33.76875,"lon":130.721875,"areaKm2":0.2675248,"populated2020":true,"population2020":114.7926,"populationNote":"2020年基準の国交省調整値"},"geometry":{"type":"Polygon","coordinates":[[[130.71875,33.766666666666666],[130.71875,33.770833333333336],[130.725,33.77083333333333],[130.725,33.766666666666666],[130.71875,33.766666666666666]]]}},{"type":"Feature","id":"40204:503055281","properties":{"id":"40204:503055281","meshCode":"503055281","cityCode":"40204","city":"直方市","lat":33.76875,"lon":130.728125,"areaKm2":0.2675246,"populated2020":true,"population2020":1536.2285,"populationNote":"2020年基準の国交省調整値"},"geometry":{"type":"Polygon","coordinates":[[[130.725,33.766666666666666],[130.725,33.77083333333333],[130.73125,33.770833333333336],[130.73125,33.766666666666666],[130.725,33.766666666666666]]]}},{"type":"Feature","id":"40204:503055282","properties":{"id":"40204:503055282","meshCode":"503055282","cityCode":"40204","city":"直方市","lat":33.76875,"lon":130.734375,"areaKm2":0.2674846,"populated2020":true,"population2020":933.5206,"populationNote":"2020年基準の国交省調整値"},"geometry":{"type":"Polygon","coordinates":[[[130.737467497,33.770787225],[130.7375,33.76666666666667],[130.73125,33.766666666666666],[130.73125,33.770833333333336],[130.73737338660285,33.77083333333333],[130.737467497,33.770787225]]]}},{"type":"Feature","id":"40204:503055291","properties":{"id":"40204:503055291","meshCode":"503055291","cityCode":"40204","city":"直方市","lat":33.76875,"lon":130.740625,"areaKm2":0.2632869,"populated2020":true,"population2020":1163.6359,"populationNote":"2020年基準の国交省調整値"},"geometry":{"type":"Polygon","coordinates":[[[130.7375,33.77077511774342],[130.738141115,33.77056166700001],[130.738358327,33.770561667],[130.74003264490733,33.77083333333333],[130.74375,33.770833333333336],[130.74375,33.76666666666666],[130.7375,33.76666666666667],[130.7375,33.77077511774342]]]}},{"type":"Feature","id":"40204:503055292","properties":{"id":"40204:503055292","meshCode":"503055292","cityCode":"40204","city":"直方市","lat":33.76875,"lon":130.746875,"areaKm2":0.2645772,"populated2020":true,"population2020":886.1895,"populationNote":"2020年基準の国交省調整値"},"geometry":{"type":"Polygon","coordinates":[[[130.749606913,33.77033619800001],[130.749835577,33.770514],[130.75,33.77046944100001],[130.75,33.766666666666666],[130.74375,33.76666666666666],[130.74375,33.770833333333336],[130.74905460811635,33.770833333333336],[130.749606913,33.77033619800001]]]}},{"type":"Feature","id":"40204:503056201","properties":{"id":"40204:503056201","meshCode":"503056201","cityCode":"40204","city":"直方市","lat":33.7676465,"lon":130.753125,"areaKm2":0.180311,"populated2020":true,"population2020":null,"populationNote":"境界またぎ・原典収録外のため自治体内人口は未集計"},"geometry":{"type":"Polygon","coordinates":[[[130.75,33.77046944100001],[130.752433748,33.769839],[130.75266153,33.769078027],[130.752965551,33.768695559],[130.75316166,33.76863805399999],[130.753323061,33.768626387],[130.753911115,33.768915],[130.754394994,33.768897495000004],[130.755112776,33.76928944099999],[130.75625,33.769308880617665],[130.75625,33.76666666666667],[130.75,33.766666666666666],[130.75,33.77046944100001]]]}},{"type":"Feature","id":"40204:503056202","properties":{"id":"40204:503056202","meshCode":"503056202","cityCode":"40204","city":"直方市","lat":33.76875,"lon":130.759375,"areaKm2":0.234536,"populated2020":true,"population2020":null,"populationNote":"境界またぎ・原典収録外のため自治体内人口は未集計"},"geometry":{"type":"Polygon","coordinates":[[[130.75625,33.769308880617665],[130.757384449,33.769474162],[130.757686939,33.769600559],[130.7595582043085,33.770833333333336],[130.7625,33.77083333333333],[130.7625,33.766666666666666],[130.75625,33.76666666666667],[130.75625,33.769308880617665]]]}},{"type":"Feature","id":"40204:503056211","properties":{"id":"40204:503056211","meshCode":"503056211","cityCode":"40204","city":"直方市","lat":33.76875,"lon":130.765625,"areaKm2":0.2675236,"populated2020":true,"population2020":169.7656,"populationNote":"2020年基準の国交省調整値"},"geometry":{"type":"Polygon","coordinates":[[[130.7625,33.766666666666666],[130.7625,33.77083333333333],[130.76875,33.77083333333334],[130.76875,33.76666666666666],[130.7625,33.766666666666666]]]}},{"type":"Feature","id":"40204:503056212","properties":{"id":"40204:503056212","meshCode":"503056212","cityCode":"40204","city":"直方市","lat":33.76875,"lon":130.771875,"areaKm2":0.2675234,"populated2020":true,"population2020":209.5808,"populationNote":"2020年基準の国交省調整値"},"geometry":{"type":"Polygon","coordinates":[[[130.76875,33.76666666666666],[130.76875,33.77083333333334],[130.775,33.770833333333336],[130.775,33.766666666666666],[130.76875,33.76666666666666]]]}},{"type":"Feature","id":"40204:503056221","properties":{"id":"40204:503056221","meshCode":"503056221","cityCode":"40204","city":"直方市","lat":33.76875,"lon":130.778125,"areaKm2":0.2675232,"populated2020":true,"population2020":65.9439,"populationNote":"2020年基準の国交省調整値"},"geometry":{"type":"Polygon","coordinates":[[[130.775,33.766666666666666],[130.775,33.770833333333336],[130.78125,33.77083333333333],[130.78125,33.766666666666666],[130.775,33.766666666666666]]]}},{"type":"Feature","id":"40204:503056222","properties":{"id":"40204:503056222","meshCode":"503056222","cityCode":"40204","city":"直方市","lat":33.76875,"lon":130.784375,"areaKm2":0.2675231,"populated2020":true,"population2020":11.0276,"populationNote":"2020年基準の国交省調整値"},"geometry":{"type":"Polygon","coordinates":[[[130.78125,33.766666666666666],[130.78125,33.77083333333333],[130.7875,33.770833333333336],[130.7875,33.766666666666666],[130.78125,33.766666666666666]]]}},{"type":"Feature","id":"40204:503056231","properties":{"id":"40204:503056231","meshCode":"503056231","cityCode":"40204","city":"直方市","lat":33.76875,"lon":130.790625,"areaKm2":0.2675229,"populated2020":false,"population2020":null,"populationNote":"境界またぎ・原典収録外のため自治体内人口は未集計"},"geometry":{"type":"Polygon","coordinates":[[[130.7875,33.766666666666666],[130.7875,33.770833333333336],[130.79375,33.77083333333333],[130.79375,33.766666666666666],[130.7875,33.766666666666666]]]}},{"type":"Feature","id":"40204:503056232","properties":{"id":"40204:503056232","meshCode":"503056232","cityCode":"40204","city":"直方市","lat":33.76875,"lon":130.796875,"areaKm2":0.2675228,"populated2020":false,"population2020":null,"populationNote":"境界またぎ・原典収録外のため自治体内人口は未集計"},"geometry":{"type":"Polygon","coordinates":[[[130.79375,33.766666666666666],[130.79375,33.77083333333333],[130.8,33.77083333333333],[130.8,33.766666666666666],[130.79375,33.766666666666666]]]}},{"type":"Feature","id":"40204:503056241","properties":{"id":"40204:503056241","meshCode":"503056241","cityCode":"40204","city":"直方市","lat":33.7687135,"lon":130.800571,"areaKm2":0.0605904,"populated2020":false,"population2020":null,"populationNote":"境界またぎ・原典収録外のため自治体内人口は未集計"},"geometry":{"type":"Polygon","coordinates":[[[130.802432218,33.77055055900001],[130.802253891,33.77020055900001],[130.801406939,33.76923305399999],[130.801216939,33.768791387],[130.800813333,33.768399162],[130.800871115,33.767718613],[130.80111710805298,33.76666666666666],[130.8,33.766666666666666],[130.8,33.77083333333333],[130.8024725779452,33.770833333333336],[130.802432218,33.77055055900001]]]}},{"type":"Feature","id":"40204:503055254","properties":{"id":"40204:503055254","meshCode":"503055254","cityCode":"40204","city":"直方市","lat":33.771866,"lon":130.6995796,"areaKm2":0.0220245,"populated2020":true,"population2020":null,"populationNote":"境界またぎ・原典収録外のため自治体内人口は未集計"},"geometry":{"type":"MultiPolygon","coordinates":[[[[130.69905217676,33.770833333333336],[130.698998885,33.771365278999994],[130.699230272,33.772035559],[130.699235551,33.77303082899999],[130.699438885,33.773172775000006],[130.7,33.773223919],[130.7,33.770833333333336],[130.69905217676,33.770833333333336]]],[[[130.7,33.774313495],[130.699756109,33.774641108],[130.699716329,33.77499999999999],[130.7,33.775],[130.7,33.774313495]]]]}},{"type":"Feature","id":"40204:503055263","properties":{"id":"40204:503055263","meshCode":"503055263","cityCode":"40204","city":"直方市","lat":33.7729167,"lon":130.703125,"areaKm2":0.2643905,"populated2020":true,"population2020":68.0452,"populationNote":"2020年基準の国交省調整値"},"geometry":{"type":"Polygon","coordinates":[[[130.7,33.773223919],[130.700364721,33.773366108],[130.700439442,33.77356361300001],[130.7,33.774313495],[130.7,33.775],[130.70625,33.77499999999999],[130.70625,33.770833333333336],[130.7,33.770833333333336],[130.7,33.773223919]]]}},{"type":"Feature","id":"40204:503055264","properties":{"id":"40204:503055264","meshCode":"503055264","cityCode":"40204","city":"直方市","lat":33.7729167,"lon":130.709375,"areaKm2":0.2675125,"populated2020":true,"population2020":725.7183,"populationNote":"2020年基準の国交省調整値"},"geometry":{"type":"Polygon","coordinates":[[[130.70625,33.770833333333336],[130.70625,33.77499999999999],[130.7125,33.77499999999999],[130.7125,33.77083333333333],[130.70625,33.770833333333336]]]}},{"type":"Feature","id":"40204:503055273","properties":{"id":"40204:503055273","meshCode":"503055273","cityCode":"40204","city":"直方市","lat":33.7729167,"lon":130.715625,"areaKm2":0.2675122,"populated2020":true,"population2020":394.6196,"populationNote":"2020年基準の国交省調整値"},"geometry":{"type":"Polygon","coordinates":[[[130.7125,33.77083333333333],[130.7125,33.77499999999999],[130.71875,33.775],[130.71875,33.770833333333336],[130.7125,33.77083333333333]]]}},{"type":"Feature","id":"40204:503055274","properties":{"id":"40204:503055274","meshCode":"503055274","cityCode":"40204","city":"直方市","lat":33.7729167,"lon":130.721875,"areaKm2":0.2514043,"populated2020":true,"population2020":237.0019,"populationNote":"2020年基準の国交省調整値"},"geometry":{"type":"Polygon","coordinates":[[[130.720076135,33.77499999999999],[130.720676939,33.774180828999995],[130.723024163,33.77477],[130.723284838,33.775],[130.725,33.775],[130.725,33.77083333333333],[130.71875,33.770833333333336],[130.71875,33.775],[130.720076135,33.77499999999999]]]}},{"type":"Feature","id":"40204:503055283","properties":{"id":"40204:503055283","meshCode":"503055283","cityCode":"40204","city":"直方市","lat":33.7729167,"lon":130.728125,"areaKm2":0.2338974,"populated2020":true,"population2020":961.6879,"populationNote":"2020年基準の国交省調整値"},"geometry":{"type":"Polygon","coordinates":[[[130.725984916,33.775],[130.727853333,33.774247495],[130.728898885,33.774527494999994],[130.729283061,33.7744],[130.729708054,33.774425279],[130.730641946,33.773911108],[130.73125,33.7737205202696],[130.73125,33.770833333333336],[130.725,33.77083333333333],[130.725,33.775],[130.725984916,33.775]]]}},{"type":"Feature","id":"40204:503055284","properties":{"id":"40204:503055284","meshCode":"503055284","cityCode":"40204","city":"直方市","lat":33.7722806,"lon":130.7326358,"areaKm2":0.0833828,"populated2020":true,"population2020":null,"populationNote":"境界またぎ・原典収録外のため自治体内人口は未集計"},"geometry":{"type":"Polygon","coordinates":[[[130.73125,33.7737205202696],[130.731887782,33.77338249500001],[130.733004449,33.772368892],[130.734714994,33.77216],[130.735178612,33.77156638700001],[130.735387497,33.771495559],[130.736002503,33.77153110799999],[130.736380558,33.771432775],[130.736786939,33.771278333],[130.73737338660285,33.77083333333333],[130.73125,33.770833333333336],[130.73125,33.7737205202696]]]}},{"type":"Feature","id":"40204:503055293","properties":{"id":"40204:503055293","meshCode":"503055293","cityCode":"40204","city":"直方市","lat":33.7715156,"lon":130.7425512,"areaKm2":0.0308546,"populated2020":true,"population2020":null,"populationNote":"境界またぎ・原典収録外のため自治体内人口は未集計"},"geometry":{"type":"Polygon","coordinates":[[[130.74003264490733,33.77083333333333],[130.740541115,33.770985829],[130.741928885,33.77181777500001],[130.742648612,33.77192194599999],[130.74306,33.772105558999996],[130.74375,33.772177450503136],[130.74375,33.770833333333336],[130.74003264490733,33.77083333333333]]]}},{"type":"Feature","id":"40204:503055294","properties":{"id":"40204:503055294","meshCode":"503055294","cityCode":"40204","city":"直方市","lat":33.771587,"lon":130.7456045,"areaKm2":0.0503712,"populated2020":true,"population2020":null,"populationNote":"境界またぎ・原典収録外のため自治体内人口は未集計"},"geometry":{"type":"Polygon","coordinates":[[[130.74375,33.772177450503136],[130.746001219,33.772109441],[130.746642581,33.77193380200001],[130.747226135,33.771661613],[130.747289222,33.77174064],[130.747541556,33.77151233299999],[130.747615888,33.771289613],[130.748064994,33.77100000000001],[130.748278664,33.770905027],[130.748708003,33.771244973],[130.74905460811635,33.770833333333336],[130.74375,33.770833333333336],[130.74375,33.772177450503136]]]}},{"type":"Feature","id":"40204:503056204","properties":{"id":"40204:503056204","meshCode":"503056204","cityCode":"40204","city":"直方市","lat":33.7725421,"lon":130.7615277,"areaKm2":0.0569989,"populated2020":true,"population2020":null,"populationNote":"境界またぎ・原典収録外のため自治体内人口は未集計"},"geometry":{"type":"Polygon","coordinates":[[[130.7595582043085,33.770833333333336],[130.760192503,33.77143249499999],[130.760803061,33.77161694600001],[130.76042861200003,33.773038054],[130.760445837,33.773372775],[130.76059,33.77356305400001],[130.761708327,33.773320829],[130.7625,33.77372992688096],[130.7625,33.77083333333333],[130.7595582043085,33.770833333333336]]]}},{"type":"Feature","id":"40204:503056213","properties":{"id":"40204:503056213","meshCode":"503056213","cityCode":"40204","city":"直方市","lat":33.7729167,"lon":130.765625,"areaKm2":0.2481712,"populated2020":true,"population2020":110.6204,"populationNote":"2020年基準の国交省調整値"},"geometry":{"type":"Polygon","coordinates":[[[130.7625,33.77372992688096],[130.765531894,33.775],[130.76875,33.77499999999999],[130.76875,33.77083333333334],[130.7625,33.77083333333333],[130.7625,33.77372992688096]]]}},{"type":"Feature","id":"40204:503056214","properties":{"id":"40204:503056214","meshCode":"503056214","cityCode":"40204","city":"直方市","lat":33.7729167,"lon":130.771875,"areaKm2":0.2675106,"populated2020":true,"population2020":85.8594,"populationNote":"2020年基準の国交省調整値"},"geometry":{"type":"Polygon","coordinates":[[[130.76875,33.77083333333334],[130.76875,33.77499999999999],[130.775,33.775000000000006],[130.775,33.770833333333336],[130.76875,33.77083333333334]]]}},{"type":"Feature","id":"40204:503056223","properties":{"id":"40204:503056223","meshCode":"503056223","cityCode":"40204","city":"直方市","lat":33.7729167,"lon":130.778125,"areaKm2":0.2675105,"populated2020":true,"population2020":45.836,"populationNote":"2020年基準の国交省調整値"},"geometry":{"type":"Polygon","coordinates":[[[130.775,33.770833333333336],[130.775,33.775000000000006],[130.78125,33.77500000000001],[130.78125,33.77083333333333],[130.775,33.770833333333336]]]}},{"type":"Feature","id":"40204:503056224","properties":{"id":"40204:503056224","meshCode":"503056224","cityCode":"40204","city":"直方市","lat":33.7729167,"lon":130.784375,"areaKm2":0.2675103,"populated2020":true,"population2020":98.7446,"populationNote":"2020年基準の国交省調整値"},"geometry":{"type":"Polygon","coordinates":[[[130.78125,33.77083333333333],[130.78125,33.77500000000001],[130.7875,33.775],[130.7875,33.770833333333336],[130.78125,33.77083333333333]]]}},{"type":"Feature","id":"40204:503056233","properties":{"id":"40204:503056233","meshCode":"503056233","cityCode":"40204","city":"直方市","lat":33.7729167,"lon":130.790625,"areaKm2":0.2675102,"populated2020":false,"population2020":null,"populationNote":"境界またぎ・原典収録外のため自治体内人口は未集計"},"geometry":{"type":"Polygon","coordinates":[[[130.7875,33.770833333333336],[130.7875,33.775],[130.79375,33.775],[130.79375,33.77083333333333],[130.7875,33.770833333333336]]]}},{"type":"Feature","id":"40204:503056234","properties":{"id":"40204:503056234","meshCode":"503056234","cityCode":"40204","city":"直方市","lat":33.7729167,"lon":130.796875,"areaKm2":0.26731,"populated2020":false,"population2020":null,"populationNote":"境界またぎ・原典収録外のため自治体内人口は未集計"},"geometry":{"type":"Polygon","coordinates":[[[130.799926744,33.77499999999999],[130.8,33.77083333333333],[130.79375,33.77083333333333],[130.79375,33.775],[130.799926744,33.77499999999999]]]}},{"type":"Feature","id":"40204:503056243","properties":{"id":"40204:503056243","meshCode":"503056243","cityCode":"40204","city":"直方市","lat":33.7723067,"lon":130.8013805,"areaKm2":0.0659799,"populated2020":false,"population2020":null,"populationNote":"境界またぎ・原典収録外のため自治体内人口は未集計"},"geometry":{"type":"MultiPolygon","coordinates":[[[[130.800054163,33.774424721],[130.8,33.77406494600001],[130.8,33.77478694599999],[130.800054163,33.774424721]]],[[[130.800059728,33.773171667],[130.800336394,33.772906387],[130.800566939,33.772906387],[130.801676939,33.773540829000005],[130.802091946,33.773644721],[130.80250722400004,33.773569721],[130.802639728,33.772575],[130.802772503,33.772228892],[130.802536109,33.771773333],[130.8024725779452,33.770833333333336],[130.8,33.77083333333333],[130.8,33.773407135],[130.800059728,33.773171667]]]]}},{"type":"Feature","id":"40204:503055352","properties":{"id":"40204:503055352","meshCode":"503055352","cityCode":"40204","city":"直方市","lat":33.7770286,"lon":130.6993278,"areaKm2":0.0446094,"populated2020":true,"population2020":null,"populationNote":"境界またぎ・原典収録外のため自治体内人口は未集計"},"geometry":{"type":"Polygon","coordinates":[[[130.699716329,33.77499999999999],[130.699721115,33.776604999999996],[130.699624449,33.776674721],[130.69889,33.77672833300001],[130.69871917,33.77680444100001],[130.698651388,33.777100559],[130.698792218,33.777532225],[130.698738612,33.778095829],[130.69857,33.778301387],[130.697795279,33.77879055900001],[130.69748564928366,33.77916666666667],[130.7,33.77916666666667],[130.7,33.775],[130.699716329,33.77499999999999]]]}},{"type":"Feature","id":"40204:503055361","properties":{"id":"40204:503055361","meshCode":"503055361","cityCode":"40204","city":"直方市","lat":33.7770833,"lon":130.703125,"areaKm2":0.2674999,"populated2020":true,"population2020":104.7032,"populationNote":"2020年基準の国交省調整値"},"geometry":{"type":"Polygon","coordinates":[[[130.7,33.775],[130.7,33.77916666666667],[130.70625,33.77916666666667],[130.70625,33.77499999999999],[130.7,33.775]]]}},{"type":"Feature","id":"40204:503055362","properties":{"id":"40204:503055362","meshCode":"503055362","cityCode":"40204","city":"直方市","lat":33.7770833,"lon":130.709375,"areaKm2":0.2674997,"populated2020":true,"population2020":659.1845,"populationNote":"2020年基準の国交省調整値"},"geometry":{"type":"Polygon","coordinates":[[[130.70625,33.77499999999999],[130.70625,33.77916666666667],[130.7125,33.77916666666667],[130.7125,33.77499999999999],[130.70625,33.77499999999999]]]}},{"type":"Feature","id":"40204:503055371","properties":{"id":"40204:503055371","meshCode":"503055371","cityCode":"40204","city":"直方市","lat":33.7770833,"lon":130.715625,"areaKm2":0.2590519,"populated2020":true,"population2020":209.9743,"populationNote":"2020年基準の国交省調整値"},"geometry":{"type":"Polygon","coordinates":[[[130.7178036915717,33.77916666666667],[130.71875,33.77749110800001],[130.71875,33.775],[130.7125,33.77499999999999],[130.7125,33.77916666666667],[130.7178036915717,33.77916666666667]]]}},{"type":"Feature","id":"40204:503055372","properties":{"id":"40204:503055372","meshCode":"503055372","cityCode":"40204","city":"直方市","lat":33.7751603,"lon":130.7241886,"areaKm2":0.0218477,"populated2020":true,"population2020":null,"populationNote":"境界またぎ・原典収録外のため自治体内人口は未集計"},"geometry":{"type":"MultiPolygon","coordinates":[[[[130.71875,33.77749110800001],[130.719383606,33.776228892],[130.720076135,33.77499999999999],[130.71875,33.775],[130.71875,33.77749110800001]]],[[[130.723284838,33.775],[130.72341,33.775217225],[130.723601115,33.775293333],[130.725,33.77535400000001],[130.725,33.775],[130.723284838,33.775]]]]}},{"type":"Feature","id":"40204:503055381","properties":{"id":"40204:503055381","meshCode":"503055381","cityCode":"40204","city":"直方市","lat":33.7752326,"lon":130.7252528,"areaKm2":0.0021341,"populated2020":true,"population2020":null,"populationNote":"境界またぎ・原典収録外のため自治体内人口は未集計"},"geometry":{"type":"Polygon","coordinates":[[[130.725384449,33.775292225],[130.725793891,33.775070829],[130.725984916,33.775],[130.725,33.775],[130.725,33.77535400000001],[130.725384449,33.775292225]]]}},{"type":"Feature","id":"40204:503056311","properties":{"id":"40204:503056311","meshCode":"503056311","cityCode":"40204","city":"直方市","lat":33.7771296,"lon":130.7684158,"areaKm2":0.0544022,"populated2020":true,"population2020":null,"populationNote":"境界またぎ・原典収録外のため自治体内人口は未集計"},"geometry":{"type":"Polygon","coordinates":[[[130.765531894,33.775],[130.766844994,33.775611946000005],[130.767634994,33.776615559],[130.768038327,33.776978892],[130.768124994,33.77728027900001],[130.768038612,33.77786277500001],[130.767934721,33.77819694600001],[130.76740316763681,33.77916666666666],[130.76875,33.77916666666667],[130.76875,33.77499999999999],[130.765531894,33.775]]]}},{"type":"Feature","id":"40204:503056312","properties":{"id":"40204:503056312","meshCode":"503056312","cityCode":"40204","city":"直方市","lat":33.7770833,"lon":130.771875,"areaKm2":0.2674978,"populated2020":true,"population2020":31.9294,"populationNote":"2020年基準の国交省調整値"},"geometry":{"type":"Polygon","coordinates":[[[130.76875,33.77499999999999],[130.76875,33.77916666666667],[130.775,33.77916666666667],[130.775,33.775000000000006],[130.76875,33.77499999999999]]]}},{"type":"Feature","id":"40204:503056321","properties":{"id":"40204:503056321","meshCode":"503056321","cityCode":"40204","city":"直方市","lat":33.7770833,"lon":130.778125,"areaKm2":0.2674977,"populated2020":false,"population2020":null,"populationNote":"境界またぎ・原典収録外のため自治体内人口は未集計"},"geometry":{"type":"Polygon","coordinates":[[[130.775,33.775000000000006],[130.775,33.77916666666667],[130.78125,33.77916666666667],[130.78125,33.77500000000001],[130.775,33.775000000000006]]]}},{"type":"Feature","id":"40204:503056322","properties":{"id":"40204:503056322","meshCode":"503056322","cityCode":"40204","city":"直方市","lat":33.7770833,"lon":130.784375,"areaKm2":0.2674975,"populated2020":true,"population2020":20.0454,"populationNote":"2020年基準の国交省調整値"},"geometry":{"type":"Polygon","coordinates":[[[130.78125,33.77500000000001],[130.78125,33.77916666666667],[130.7875,33.77916666666667],[130.7875,33.775],[130.78125,33.77500000000001]]]}},{"type":"Feature","id":"40204:503056331","properties":{"id":"40204:503056331","meshCode":"503056331","cityCode":"40204","city":"直方市","lat":33.7770833,"lon":130.790625,"areaKm2":0.2663289,"populated2020":false,"population2020":null,"populationNote":"境界またぎ・原典収録外のため自治体内人口は未集計"},"geometry":{"type":"Polygon","coordinates":[[[130.79013083,33.77915361299999],[130.790292218,33.77903833300001],[130.790626394,33.779124721],[130.791108327,33.77902110799999],[130.791252503,33.779026946],[130.79145232691704,33.77916666666667],[130.79375,33.779166666666676],[130.79375,33.775],[130.7875,33.775],[130.7875,33.77916666666667],[130.79013083,33.77915361299999]]]}},{"type":"Feature","id":"40204:503056332","properties":{"id":"40204:503056332","meshCode":"503056332","cityCode":"40204","city":"直方市","lat":33.7770833,"lon":130.796875,"areaKm2":0.21131,"populated2020":false,"population2020":null,"populationNote":"境界またぎ・原典収録外のため自治体内人口は未集計"},"geometry":{"type":"Polygon","coordinates":[[[130.796512218,33.779034441],[130.796858054,33.778544162],[130.797388612,33.778163613000004],[130.798201388,33.77780610799999],[130.79867083000002,33.77783610800001],[130.799011115,33.77755916200001],[130.79946055800002,33.776722774999996],[130.799926744,33.77499999999999],[130.79375,33.775],[130.79375,33.779166666666676],[130.796512218,33.77916666666667],[130.796512218,33.779034441]]]}},{"type":"Feature","id":"40204:503055354","properties":{"id":"40204:503055354","meshCode":"503055354","cityCode":"40204","city":"直方市","lat":33.78125,"lon":130.696875,"areaKm2":0.1526084,"populated2020":true,"population2020":92.0277,"populationNote":"2020年基準の国交省調整値"},"geometry":{"type":"Polygon","coordinates":[[[130.69747166,33.779199441],[130.697215837,33.78008361300001],[130.696516394,33.780647225],[130.696368327,33.78085055900001],[130.696345837,33.781025278999984],[130.696621946,33.781693613],[130.696578612,33.781882775000014],[130.696255279,33.782180829],[130.69553389100003,33.782409162],[130.69510328091155,33.78333333333334],[130.7,33.78333333333333],[130.7,33.77916666666667],[130.69747166,33.779199441]]]}},{"type":"Feature","id":"40204:503055363","properties":{"id":"40204:503055363","meshCode":"503055363","cityCode":"40204","city":"直方市","lat":33.78125,"lon":130.703125,"areaKm2":0.2674871,"populated2020":true,"population2020":94.614,"populationNote":"2020年基準の国交省調整値"},"geometry":{"type":"Polygon","coordinates":[[[130.7,33.77916666666667],[130.7,33.78333333333333],[130.70625,33.78333333333333],[130.70625,33.77916666666667],[130.7,33.77916666666667]]]}},{"type":"Feature","id":"40204:503055364","properties":{"id":"40204:503055364","meshCode":"503055364","cityCode":"40204","city":"直方市","lat":33.78125,"lon":130.709375,"areaKm2":0.2674869,"populated2020":true,"population2020":136.0483,"populationNote":"2020年基準の国交省調整値"},"geometry":{"type":"Polygon","coordinates":[[[130.70625,33.77916666666667],[130.70625,33.78333333333333],[130.7125,33.78333333333333],[130.7125,33.77916666666667],[130.70625,33.77916666666667]]]}},{"type":"Feature","id":"40204:503055373","properties":{"id":"40204:503055373","meshCode":"503055373","cityCode":"40204","city":"直方市","lat":33.78125,"lon":130.715625,"areaKm2":0.1777274,"populated2020":true,"population2020":null,"populationNote":"境界またぎ・原典収録外のため自治体内人口は未集計"},"geometry":{"type":"Polygon","coordinates":[[[130.715432724,33.783333333],[130.716795279,33.781056667],[130.7178036915717,33.77916666666667],[130.7125,33.77916666666667],[130.7125,33.78333333333333],[130.715432724,33.783333333]]]}},{"type":"Feature","id":"40204:503056313","properties":{"id":"40204:503056313","meshCode":"503056313","cityCode":"40204","city":"直方市","lat":33.7812382,"lon":130.7676701,"areaKm2":0.0820643,"populated2020":false,"population2020":null,"populationNote":"境界またぎ・原典収録外のため自治体内人口は未集計"},"geometry":{"type":"Polygon","coordinates":[[[130.76740316763681,33.77916666666666],[130.76693166,33.78005444099999],[130.76658,33.781266946],[130.766551388,33.781803333000006],[130.766637782,33.782385829],[130.76718364522876,33.78333333333333],[130.76875,33.78333333333333],[130.76875,33.77916666666667],[130.76740316763681,33.77916666666666]]]}},{"type":"Feature","id":"40204:503056314","properties":{"id":"40204:503056314","meshCode":"503056314","cityCode":"40204","city":"直方市","lat":33.78125,"lon":130.771875,"areaKm2":0.2674851,"populated2020":false,"population2020":null,"populationNote":"境界またぎ・原典収録外のため自治体内人口は未集計"},"geometry":{"type":"Polygon","coordinates":[[[130.76875,33.77916666666667],[130.76875,33.78333333333333],[130.775,33.78333333333333],[130.775,33.77916666666667],[130.76875,33.77916666666667]]]}},{"type":"Feature","id":"40204:503056323","properties":{"id":"40204:503056323","meshCode":"503056323","cityCode":"40204","city":"直方市","lat":33.78125,"lon":130.778125,"areaKm2":0.2674849,"populated2020":false,"population2020":null,"populationNote":"境界またぎ・原典収録外のため自治体内人口は未集計"},"geometry":{"type":"Polygon","coordinates":[[[130.775,33.77916666666667],[130.775,33.78333333333333],[130.78125,33.78333333333333],[130.78125,33.77916666666667],[130.775,33.77916666666667]]]}},{"type":"Feature","id":"40204:503056324","properties":{"id":"40204:503056324","meshCode":"503056324","cityCode":"40204","city":"直方市","lat":33.78125,"lon":130.784375,"areaKm2":0.2580155,"populated2020":false,"population2020":null,"populationNote":"境界またぎ・原典収録外のため自治体内人口は未集計"},"geometry":{"type":"Polygon","coordinates":[[[130.786328495,33.783333333],[130.786887224,33.782628892],[130.7875,33.781654665250024],[130.7875,33.77916666666667],[130.78125,33.77916666666667],[130.78125,33.78333333333333],[130.786328495,33.783333333]]]}},{"type":"Feature","id":"40204:503056333","properties":{"id":"40204:503056333","meshCode":"503056333","cityCode":"40204","city":"直方市","lat":33.7796987,"lon":130.7929195,"areaKm2":0.0402184,"populated2020":false,"population2020":null,"populationNote":"境界またぎ・原典収録外のため自治体内人口は未集計"},"geometry":{"type":"MultiPolygon","coordinates":[[[[130.787796939,33.781292225],[130.788603061,33.779851387],[130.789640558,33.77951694600001],[130.7901156123451,33.77916666666667],[130.7875,33.77916666666667],[130.7875,33.781654665250024],[130.787796939,33.781292225]]],[[[130.791483333,33.779188333],[130.792331946,33.77987472099999],[130.792664721,33.780018613],[130.79375,33.77993931620205],[130.79375,33.779166666666676],[130.791483333,33.779188333]]]]}},{"type":"Feature","id":"40204:503056334","properties":{"id":"40204:503056334","meshCode":"503056334","cityCode":"40204","city":"直方市","lat":33.7796949,"lon":130.7951138,"areaKm2":0.0242175,"populated2020":false,"population2020":null,"populationNote":"境界またぎ・原典収録外のため自治体内人口は未集計"},"geometry":{"type":"Polygon","coordinates":[[[130.79375,33.77993931620205],[130.794847497,33.780283892],[130.79553917,33.779978333],[130.79642,33.779743892],[130.796593061,33.77948416200001],[130.796512218,33.77916666666667],[130.79375,33.779166666666676],[130.79375,33.77993931620205]]]}},{"type":"Feature","id":"40204:503055452","properties":{"id":"40204:503055452","meshCode":"503055452","cityCode":"40204","city":"直方市","lat":33.7854167,"lon":130.696875,"areaKm2":0.1651038,"populated2020":true,"population2020":null,"populationNote":"境界またぎ・原典収録外のため自治体内人口は未集計"},"geometry":{"type":"Polygon","coordinates":[[[130.695103061,33.783334162],[130.695144994,33.78453082899999],[130.695191115,33.784605829],[130.696258885,33.78479916199999],[130.696464721,33.785347225],[130.69643917,33.78591889199999],[130.696532503,33.786350829],[130.697086394,33.78713027900001],[130.697404994,33.787407775000005],[130.69754680064315,33.7875],[130.7,33.7875],[130.7,33.78333333333333],[130.695103061,33.783334162]]]}},{"type":"Feature","id":"40204:503055461","properties":{"id":"40204:503055461","meshCode":"503055461","cityCode":"40204","city":"直方市","lat":33.7854167,"lon":130.703125,"areaKm2":0.2674743,"populated2020":true,"population2020":102.8472,"populationNote":"2020年基準の国交省調整値"},"geometry":{"type":"Polygon","coordinates":[[[130.7,33.78333333333333],[130.7,33.7875],[130.70625,33.7875],[130.70625,33.78333333333333],[130.7,33.78333333333333]]]}},{"type":"Feature","id":"40204:503055462","properties":{"id":"40204:503055462","meshCode":"503055462","cityCode":"40204","city":"直方市","lat":33.7854167,"lon":130.709375,"areaKm2":0.2674741,"populated2020":true,"population2020":108.99,"populationNote":"2020年基準の国交省調整値"},"geometry":{"type":"Polygon","coordinates":[[[130.70625,33.78333333333333],[130.70625,33.7875],[130.7125,33.787499999999994],[130.7125,33.78333333333333],[130.70625,33.78333333333333]]]}},{"type":"Feature","id":"40204:503055471","properties":{"id":"40204:503055471","meshCode":"503055471","cityCode":"40204","city":"直方市","lat":33.7855892,"lon":130.7134229,"areaKm2":0.0887652,"populated2020":false,"population2020":null,"populationNote":"境界またぎ・原典収録外のため自治体内人口は未集計"},"geometry":{"type":"Polygon","coordinates":[[[130.71406191225,33.78750000000001],[130.714463333,33.78636833299999],[130.714358885,33.78577305399999],[130.714372503,33.785158613],[130.71543272371568,33.78333333333333],[130.7125,33.78333333333333],[130.7125,33.787499999999994],[130.71406191225,33.78750000000001]]]}},{"type":"Feature","id":"40204:503056411","properties":{"id":"40204:503056411","meshCode":"503056411","cityCode":"40204","city":"直方市","lat":33.7846104,"lon":130.7684267,"areaKm2":0.0168687,"populated2020":false,"population2020":null,"populationNote":"境界またぎ・原典収録外のため自治体内人口は未集計"},"geometry":{"type":"Polygon","coordinates":[[[130.76718364522876,33.78333333333333],[130.767985551,33.78432055900001],[130.768221388,33.784900279],[130.76875,33.78535363849407],[130.76875,33.78333333333333],[130.76718364522876,33.78333333333333]]]}},{"type":"Feature","id":"40204:503056412","properties":{"id":"40204:503056412","meshCode":"503056412","cityCode":"40204","city":"直方市","lat":33.7854167,"lon":130.771875,"areaKm2":0.1813335,"populated2020":false,"population2020":null,"populationNote":"境界またぎ・原典収録外のため自治体内人口は未集計"},"geometry":{"type":"Polygon","coordinates":[[[130.76875,33.78535363849407],[130.770066394,33.786019162],[130.770423333,33.786105829],[130.771463891,33.786145559],[130.772363061,33.786468613],[130.772945279,33.78647444100002],[130.77372083,33.786267225],[130.775,33.78627186500001],[130.775,33.78333333333333],[130.76875,33.78333333333333],[130.76875,33.78535363849407]]]}},{"type":"Feature","id":"40204:503056421","properties":{"id":"40204:503056421","meshCode":"503056421","cityCode":"40204","city":"直方市","lat":33.7854167,"lon":130.778125,"areaKm2":0.1747177,"populated2020":false,"population2020":null,"populationNote":"境界またぎ・原典収録外のため自治体内人口は未集計"},"geometry":{"type":"Polygon","coordinates":[[[130.775,33.78627186500001],[130.776070558,33.786226946000006],[130.776676109,33.786019162],[130.777211946,33.785984721000005],[130.77862166,33.786054162],[130.78125,33.78592400551695],[130.78125,33.78333333333333],[130.775,33.78333333333333],[130.775,33.78627186500001]]]}},{"type":"Feature","id":"40204:503056422","properties":{"id":"40204:503056422","meshCode":"503056422","cityCode":"40204","city":"直方市","lat":33.7845531,"lon":130.7830022,"areaKm2":0.0918348,"populated2020":false,"population2020":null,"populationNote":"境界またぎ・原典収録外のため自治体内人口は未集計"},"geometry":{"type":"Polygon","coordinates":[[[130.781749728,33.78589916200001],[130.78289527900003,33.785513054],[130.783361946,33.785409162],[130.783944163,33.785420829],[130.784445837,33.785282775],[130.784555279,33.785173054],[130.784613061,33.784642495],[130.785816109,33.784085829],[130.78632849475562,33.78333333333333],[130.78125,33.78333333333333],[130.78125,33.78592400551695],[130.781749728,33.78589916200001]]]}},{"type":"Feature","id":"40204:503055454","properties":{"id":"40204:503055454","meshCode":"503055454","cityCode":"40204","city":"直方市","lat":33.7887326,"lon":130.6999465,"areaKm2":0.0176921,"populated2020":true,"population2020":null,"populationNote":"境界またぎ・原典収録外のため自治体内人口は未集計"},"geometry":{"type":"Polygon","coordinates":[[[130.69754680064315,33.7875],[130.698014163,33.787722225],[130.698523061,33.787826946],[130.699222776,33.78842749500001],[130.699938054,33.78848722499999],[130.699621388,33.78985889199999],[130.7,33.790021973],[130.7,33.7875],[130.69754680064315,33.7875]]]}},{"type":"Feature","id":"40204:503055463","properties":{"id":"40204:503055463","meshCode":"503055463","cityCode":"40204","city":"直方市","lat":33.7895833,"lon":130.703125,"areaKm2":0.2550616,"populated2020":true,"population2020":52.0143,"populationNote":"2020年基準の国交省調整値"},"geometry":{"type":"Polygon","coordinates":[[[130.700022503,33.790031667],[130.700601946,33.790175559000005],[130.700455279,33.79095277500001],[130.70163836554997,33.791666666666664],[130.70625,33.791666666666664],[130.70625,33.7875],[130.7,33.7875],[130.700022503,33.790031667]]]}},{"type":"Feature","id":"40204:503055464","properties":{"id":"40204:503055464","meshCode":"503055464","cityCode":"40204","city":"直方市","lat":33.7895833,"lon":130.709375,"areaKm2":0.2466323,"populated2020":false,"population2020":null,"populationNote":"境界またぎ・原典収録外のため自治体内人口は未集計"},"geometry":{"type":"Polygon","coordinates":[[[130.71052306132128,33.79166666666666],[130.7125,33.789622599048705],[130.7125,33.787499999999994],[130.70625,33.7875],[130.70625,33.791666666666664],[130.71052306132128,33.79166666666666]]]}},{"type":"Feature","id":"40204:503055473","properties":{"id":"40204:503055473","meshCode":"503055473","cityCode":"40204","city":"直方市","lat":33.7885364,"lon":130.7129673,"areaKm2":0.018909,"populated2020":true,"population2020":null,"populationNote":"境界またぎ・原典収録外のため自治体内人口は未集計"},"geometry":{"type":"Polygon","coordinates":[[[130.7125,33.789622599048705],[130.71335166,33.788654441000006],[130.71406191225,33.78750000000001],[130.7125,33.787499999999994],[130.7125,33.789622599048705]]]}},{"type":"Feature","id":"40204:503055561","properties":{"id":"40204:503055561","meshCode":"503055561","cityCode":"40204","city":"直方市","lat":33.7937844,"lon":130.7052828,"areaKm2":0.0889149,"populated2020":true,"population2020":3.9944,"populationNote":"2020年基準の国交省調整値"},"geometry":{"type":"Polygon","coordinates":[[[130.701638366,33.791666667],[130.70217917,33.79200972099999],[130.70331917,33.792357225],[130.703684163,33.79272305400001],[130.704537782,33.79420222499999],[130.704599442,33.794876667],[130.70625,33.79564031931198],[130.70625,33.791666666666664],[130.701638366,33.791666667]]]}},{"type":"Feature","id":"40204:503055562","properties":{"id":"40204:503055562","meshCode":"503055562","cityCode":"40204","city":"直方市","lat":33.7935997,"lon":130.7075696,"areaKm2":0.109698,"populated2020":true,"population2020":null,"populationNote":"境界またぎ・原典収録外のため自治体内人口は未集計"},"geometry":{"type":"Polygon","coordinates":[[[130.70625,33.79564031931198],[130.70669973101496,33.795833333333334],[130.70731278628028,33.795833333333334],[130.709107782,33.793310279],[130.71052306132128,33.79166666666666],[130.70625,33.791666666666664],[130.70625,33.79564031931198]]]}},{"type":"Feature","id":"40204:503055564","properties":{"id":"40204:503055564","meshCode":"503055564","cityCode":"40204","city":"直方市","lat":33.7959485,"lon":130.7070873,"areaKm2":0.0006941,"populated2020":true,"population2020":null,"populationNote":"境界またぎ・原典収録外のため自治体内人口は未集計"},"geometry":{"type":"Polygon","coordinates":[[[130.70669973101496,33.795833333333334],[130.707161388,33.796053892],[130.70731278628028,33.795833333333334],[130.70669973101496,33.795833333333334]]]}}]}