{"type":"FeatureCollection","metadata":{"cityCode":"40230","city":"糸島市","resolution":500,"boundaryDate":"2026-01-01","populationLabel":"2020年基準人口（国交省調整値）","method":"標準地域メッシュを行政界で切抜き。中心が区域外のとき区域内代表点を判定点にする。人口不明をゼロにしない。"},"features":[{"type":"Feature","id":"40230:503011543","properties":{"id":"40230:503011543","meshCode":"503011543","cityCode":"40230","city":"糸島市","lat":33.4664763,"lon":130.1799769,"areaKm2":0.0162749,"populated2020":false,"population2020":null,"populationNote":"境界またぎ・原典収録外のため自治体内人口は未集計"},"geometry":{"type":"MultiPolygon","coordinates":[[[[130.18125,33.46641205912646],[130.179245279,33.466298892000005],[130.17817469822128,33.466666666666676],[130.18125,33.466666666666676],[130.18125,33.46641205912646]]],[[[130.17763794996142,33.466666666666676],[130.176730272,33.46634000000001],[130.17605166,33.465916667],[130.175872503,33.46599416200001],[130.175796939,33.466417495],[130.1756378602731,33.466666666666676],[130.17763794996142,33.466666666666676]]]]}},{"type":"Feature","id":"40230:503011544","properties":{"id":"40230:503011544","meshCode":"503011544","cityCode":"40230","city":"糸島市","lat":33.4665667,"lon":130.1817818,"areaKm2":0.0023057,"populated2020":false,"population2020":null,"populationNote":"境界またぎ・原典収録外のため自治体内人口は未集計"},"geometry":{"type":"Polygon","coordinates":[[[130.1828543830112,33.466666666666676],[130.181828054,33.466485279000004],[130.18125,33.46641205912646],[130.18125,33.466666666666676],[130.1828543830112,33.466666666666676]]]}},{"type":"Feature","id":"40230:503010631","properties":{"id":"40230:503010631","meshCode":"503010631","cityCode":"40230","city":"糸島市","lat":33.4693683,"lon":130.0421256,"areaKm2":0.0853661,"populated2020":false,"population2020":null,"populationNote":"境界またぎ・原典収録外のため自治体内人口は未集計"},"geometry":{"type":"Polygon","coordinates":[[[130.042976109,33.46799416199999],[130.040734994,33.46926889200001],[130.039026329,33.470014468],[130.039060052,33.470082306],[130.039343606,33.470209441],[130.039666446,33.470078694],[130.03986572,33.470144080999994],[130.040196057,33.470344108],[130.040279689,33.47050613500001],[130.040339974,33.47046325200001],[130.040544332,33.470557495],[130.04077503342816,33.47083333333333],[130.04375,33.47083333333333],[130.04375,33.46777300552752],[130.042976109,33.46799416199999]]]}},{"type":"Feature","id":"40230:503010632","properties":{"id":"40230:503010632","meshCode":"503010632","cityCode":"40230","city":"糸島市","lat":33.46875,"lon":130.046875,"areaKm2":0.1739552,"populated2020":false,"population2020":null,"populationNote":"境界またぎ・原典収録外のため自治体内人口は未集計"},"geometry":{"type":"Polygon","coordinates":[[[130.049429728,33.468677494999994],[130.048582218,33.46848500000001],[130.047887497,33.468605559],[130.047671946,33.468560279],[130.047258885,33.46832944100001],[130.046354449,33.46804916199999],[130.046014721,33.467744162],[130.04560166,33.467541946],[130.044924994,33.467437225000005],[130.04375,33.46777300552752],[130.04375,33.47083333333333],[130.05,33.47083333333333],[130.05,33.469007053999995],[130.049429728,33.468677494999994]]]}},{"type":"Feature","id":"40230:503010641","properties":{"id":"40230:503010641","meshCode":"503010641","cityCode":"40230","city":"糸島市","lat":33.4697271,"lon":130.0527212,"areaKm2":0.0946565,"populated2020":false,"population2020":null,"populationNote":"境界またぎ・原典収録外のため自治体内人口は未集計"},"geometry":{"type":"Polygon","coordinates":[[[130.05625,33.47042546863626],[130.055562218,33.469887495],[130.05522083,33.469451108],[130.054951388,33.469406107999994],[130.054487224,33.469553892],[130.053738612,33.469242775],[130.052828327,33.469227495],[130.052487224,33.469137225000004],[130.052004721,33.468623054],[130.051657497,33.46882861300001],[130.051340272,33.46941582899999],[130.051196667,33.469506108],[130.050621388,33.469350559000006],[130.05,33.469007053999995],[130.05,33.47083333333333],[130.05625,33.47083333333333],[130.05625,33.47042546863626]]]}},{"type":"Feature","id":"40230:503010642","properties":{"id":"40230:503010642","meshCode":"503010642","cityCode":"40230","city":"糸島市","lat":33.4706014,"lon":130.0603006,"areaKm2":0.0116422,"populated2020":false,"population2020":null,"populationNote":"境界またぎ・原典収録外のため自治体内人口は未集計"},"geometry":{"type":"MultiPolygon","coordinates":[[[[130.061984994,33.470808333],[130.060598612,33.47036444100001],[130.060233333,33.47031916200001],[130.059431115,33.47044472100001],[130.0589768486066,33.47083333333333],[130.061984994,33.470808333]]],[[[130.05670917,33.470828054],[130.056541388,33.470607495],[130.05625,33.47042546863626],[130.05625,33.47083333333333],[130.05670917,33.470828054]]]]}},{"type":"Feature","id":"40230:503010652","properties":{"id":"40230:503010652","meshCode":"503010652","cityCode":"40230","city":"糸島市","lat":33.4700011,"lon":130.0733553,"areaKm2":0.0519256,"populated2020":false,"population2020":null,"populationNote":"境界またぎ・原典収録外のため自治体内人口は未集計"},"geometry":{"type":"Polygon","coordinates":[[[130.07496166,33.469670279],[130.074716109,33.469374162],[130.074524721,33.469278892],[130.073554721,33.469153613],[130.073099728,33.46950944100001],[130.072144721,33.469918333],[130.07126166,33.470126666999995],[130.07033934452855,33.47083333333333],[130.075,33.47083333333333],[130.07496166,33.469670279]]]}},{"type":"Feature","id":"40230:503010661","properties":{"id":"40230:503010661","meshCode":"503010661","cityCode":"40230","city":"糸島市","lat":33.4695361,"lon":130.0795761,"areaKm2":0.0983152,"populated2020":false,"population2020":null,"populationNote":"境界またぎ・原典収録外のため自治体内人口は未集計"},"geometry":{"type":"Polygon","coordinates":[[[130.080912218,33.468837775000004],[130.080621946,33.46867972100001],[130.079903333,33.468468892],[130.079472503,33.468428613],[130.078939442,33.468619441],[130.078796109,33.469206108],[130.078622503,33.469416946],[130.078065837,33.469421946],[130.077332218,33.469840829],[130.076365551,33.470044162],[130.075703891,33.469850829],[130.075123333,33.469800829],[130.075,33.469701224999994],[130.075,33.47083333333333],[130.08125,33.470833333333324],[130.08125,33.468837775],[130.080912218,33.468837775000004]]]}},{"type":"Feature","id":"40230:503010662","properties":{"id":"40230:503010662","meshCode":"503010662","cityCode":"40230","city":"糸島市","lat":33.4702707,"lon":130.084375,"areaKm2":0.0970376,"populated2020":false,"population2020":null,"populationNote":"境界またぎ・原典収録外のため自治体内人口は未集計"},"geometry":{"type":"Polygon","coordinates":[[[130.0875,33.46940344609418],[130.08708345,33.469454054],[130.086526719,33.469372721000006],[130.086246394,33.46941972100001],[130.085806394,33.469708054],[130.084656939,33.46925666700001],[130.084088327,33.469196387],[130.083806939,33.46920638700001],[130.08341166,33.469502495],[130.08327389100003,33.469517495000005],[130.082816109,33.469103613],[130.081828327,33.46919389200001],[130.08125,33.468837775],[130.08125,33.470833333333324],[130.0875,33.470833333333324],[130.0875,33.46940344609418]]]}},{"type":"Feature","id":"40230:503010671","properties":{"id":"40230:503010671","meshCode":"503010671","cityCode":"40230","city":"糸島市","lat":33.46875,"lon":130.090625,"areaKm2":0.1282127,"populated2020":false,"population2020":null,"populationNote":"境界またぎ・原典収録外のため自治体内人口は未集計"},"geometry":{"type":"Polygon","coordinates":[[[130.09375,33.46898304994969],[130.091963606,33.46906833300001],[130.091496667,33.468848054],[130.090561141,33.468560748],[130.089576913,33.468500721],[130.089162944,33.468585774999994],[130.0875,33.46940344609418],[130.0875,33.470833333333324],[130.09375,33.470833333333324],[130.09375,33.46898304994969]]]}},{"type":"Feature","id":"40230:503010672","properties":{"id":"40230:503010672","meshCode":"503010672","cityCode":"40230","city":"糸島市","lat":33.469891,"lon":130.0962164,"areaKm2":0.0740317,"populated2020":false,"population2020":null,"populationNote":"境界またぎ・原典収録外のため自治体内人口は未集計"},"geometry":{"type":"Polygon","coordinates":[[[130.1,33.470416494999995],[130.098965279,33.469943891999996],[130.098417497,33.469841108],[130.09768083,33.469861108],[130.096764994,33.46976582900001],[130.09484639400003,33.469281667],[130.094313333,33.469226387],[130.09375,33.46898304994969],[130.09375,33.470833333333324],[130.1,33.47083333333333],[130.1,33.470416494999995]]]}},{"type":"Feature","id":"40230:503010681","properties":{"id":"40230:503010681","meshCode":"503010681","cityCode":"40230","city":"糸島市","lat":33.4706371,"lon":130.1002258,"areaKm2":0.0018337,"populated2020":false,"population2020":null,"populationNote":"境界またぎ・原典収録外のため自治体内人口は未集計"},"geometry":{"type":"Polygon","coordinates":[[[130.10085410231463,33.470833333333324],[130.1,33.470416494999995],[130.1,33.47083333333333],[130.10085410231463,33.470833333333324]]]}},{"type":"Feature","id":"40230:503011611","properties":{"id":"40230:503011611","meshCode":"503011611","cityCode":"40230","city":"糸島市","lat":33.4706307,"lon":130.1389833,"areaKm2":0.002959,"populated2020":false,"population2020":null,"populationNote":"境界またぎ・原典収録外のため自治体内人口は未集計"},"geometry":{"type":"Polygon","coordinates":[[[130.139413333,33.470705829],[130.138966394,33.470397775],[130.138800558,33.470435559],[130.13840751389898,33.47083333333333],[130.1394769155402,33.470833333333324],[130.139413333,33.470705829]]]}},{"type":"Feature","id":"40230:503011631","properties":{"id":"40230:503011631","meshCode":"503011631","cityCode":"40230","city":"糸島市","lat":33.4692565,"lon":130.1667445,"areaKm2":0.0986399,"populated2020":false,"population2020":null,"populationNote":"境界またぎ・原典収録外のため自治体内人口は未集計"},"geometry":{"type":"Polygon","coordinates":[[[130.16875,33.46765973862653],[130.16780166,33.468219721],[130.166713891,33.46872972100001],[130.16581832700004,33.469034721],[130.164860558,33.46918],[130.164617497,33.469333054],[130.164413891,33.469579721],[130.164176394,33.47025889199999],[130.164187497,33.470530559],[130.16433589142014,33.47083333333333],[130.16875,33.47083333333333],[130.16875,33.46765973862653]]]}},{"type":"Feature","id":"40230:503011632","properties":{"id":"40230:503011632","meshCode":"503011632","cityCode":"40230","city":"糸島市","lat":33.46875,"lon":130.171875,"areaKm2":0.2164088,"populated2020":false,"population2020":null,"populationNote":"境界またぎ・原典収録外のため自治体内人口は未集計"},"geometry":{"type":"Polygon","coordinates":[[[130.17483,33.46738555900001],[130.172863333,33.46738722500001],[130.172469728,33.46735389199999],[130.172028327,33.46718972099999],[130.171246109,33.467560829],[130.170895279,33.46763999999999],[130.16875,33.46765973862653],[130.16875,33.47083333333333],[130.175,33.47083333333333],[130.175,33.46731691899999],[130.17483,33.46738555900001]]]}},{"type":"Feature","id":"40230:503011641","properties":{"id":"40230:503011641","meshCode":"503011641","cityCode":"40230","city":"糸島市","lat":33.46875,"lon":130.178125,"areaKm2":0.2659988,"populated2020":false,"population2020":null,"populationNote":"境界またぎ・原典収録外のため自治体内人口は未集計"},"geometry":{"type":"Polygon","coordinates":[[[130.18125,33.466666666666676],[130.1756378602731,33.466666666666676],[130.17527888500004,33.467104721],[130.175,33.46731691899999],[130.175,33.47083333333333],[130.18125,33.47083333333333],[130.18125,33.466666666666676]]]}},{"type":"Feature","id":"40230:503011642","properties":{"id":"40230:503011642","meshCode":"503011642","cityCode":"40230","city":"糸島市","lat":33.46875,"lon":130.184375,"areaKm2":0.1908372,"populated2020":false,"population2020":null,"populationNote":"境界またぎ・原典収録外のため自治体内人口は未集計"},"geometry":{"type":"Polygon","coordinates":[[[130.186386939,33.47064],[130.186505837,33.468727224999995],[130.186473606,33.468469721],[130.186232218,33.468248333000005],[130.185212218,33.467858333],[130.184301946,33.467357495],[130.183905837,33.467253054000004],[130.183153606,33.466768054000006],[130.1828543830112,33.466666666666676],[130.18125,33.466666666666676],[130.18125,33.47083333333333],[130.18652844534822,33.470833333333324],[130.186386939,33.47064]]]}},{"type":"Feature","id":"40230:503011651","properties":{"id":"40230:503011651","meshCode":"503011651","cityCode":"40230","city":"糸島市","lat":33.4708285,"lon":130.1886228,"areaKm2":4.4e-06,"populated2020":false,"population2020":null,"populationNote":"境界またぎ・原典収録外のため自治体内人口は未集計"},"geometry":{"type":"Polygon","coordinates":[[[130.188630272,33.470823613],[130.18857156848622,33.470833333333324],[130.18865927839462,33.47083333333333],[130.188630272,33.470823613]]]}},{"type":"Feature","id":"40230:503011692","properties":{"id":"40230:503011692","meshCode":"503011692","cityCode":"40230","city":"糸島市","lat":33.4706306,"lon":130.249748,"areaKm2":0.0026256,"populated2020":false,"population2020":null,"populationNote":"境界またぎ・原典収録外のため自治体内人口は未集計"},"geometry":{"type":"MultiPolygon","coordinates":[[[[130.25000000000003,33.470504414000004],[130.249262503,33.470718054],[130.24873168300323,33.47083333333333],[130.25000000000003,33.470833333333324],[130.25000000000003,33.470504414000004]]],[[[130.247684721,33.470699721],[130.24746029198394,33.470833333333324],[130.24811914664744,33.47083333333333],[130.247684721,33.470699721]]]]}},{"type":"Feature","id":"40230:503012601","properties":{"id":"40230:503012601","meshCode":"503012601","cityCode":"40230","city":"糸島市","lat":33.4706304,"lon":130.2501406,"areaKm2":0.0016247,"populated2020":false,"population2020":null,"populationNote":"境界またぎ・原典収録外のため自治体内人口は未集計"},"geometry":{"type":"Polygon","coordinates":[[[130.251972776,33.470830279],[130.25073083,33.470788612999996],[130.25000000000003,33.470504414000004],[130.25000000000003,33.470833333333324],[130.251972776,33.470830279]]]}},{"type":"Feature","id":"40230:503010633","properties":{"id":"40230:503010633","meshCode":"503010633","cityCode":"40230","city":"糸島市","lat":33.4728934,"lon":130.0425624,"areaKm2":0.1093254,"populated2020":false,"population2020":null,"populationNote":"境界またぎ・原典収録外のため自治体内人口は未集計"},"geometry":{"type":"Polygon","coordinates":[[[130.04077503342816,33.47083333333333],[130.040745694,33.47123386500001],[130.040863696,33.472124613],[130.040972866,33.47240136],[130.041117276,33.47250464],[130.041648949,33.47332977500001],[130.041640117,33.473573802],[130.041357808,33.473846613000006],[130.041266744,33.474377162],[130.041553281,33.47468755900001],[130.04168131,33.474964],[130.041616252,33.475],[130.04375,33.475],[130.04375,33.47083333333333],[130.04077503342816,33.47083333333333]]]}},{"type":"Feature","id":"40230:503010634","properties":{"id":"40230:503010634","meshCode":"503010634","cityCode":"40230","city":"糸島市","lat":33.4729167,"lon":130.046875,"areaKm2":0.2684753,"populated2020":false,"population2020":null,"populationNote":"境界またぎ・原典収録外のため自治体内人口は未集計"},"geometry":{"type":"Polygon","coordinates":[[[130.04375,33.47083333333333],[130.04375,33.475],[130.05,33.47500000000001],[130.05,33.47083333333333],[130.04375,33.47083333333333]]]}},{"type":"Feature","id":"40230:503010643","properties":{"id":"40230:503010643","meshCode":"503010643","cityCode":"40230","city":"糸島市","lat":33.4729167,"lon":130.053125,"areaKm2":0.2684746,"populated2020":false,"population2020":null,"populationNote":"境界またぎ・原典収録外のため自治体内人口は未集計"},"geometry":{"type":"Polygon","coordinates":[[[130.05,33.47083333333333],[130.05,33.47500000000001],[130.05625,33.47500000000001],[130.05625,33.47083333333333],[130.05,33.47083333333333]]]}},{"type":"Feature","id":"40230:503010644","properties":{"id":"40230:503010644","meshCode":"503010644","cityCode":"40230","city":"糸島市","lat":33.4729167,"lon":130.059375,"areaKm2":0.2614824,"populated2020":false,"population2020":null,"populationNote":"境界またぎ・原典収録外のため自治体内人口は未集計"},"geometry":{"type":"Polygon","coordinates":[[[130.06247,33.47115444100001],[130.06202146621933,33.47083333333332],[130.0589768486066,33.47083333333333],[130.058733333,33.471028892],[130.057655279,33.471224441],[130.057014449,33.471033892],[130.05671699979624,33.47083333333333],[130.05625,33.47083333333333],[130.05625,33.47500000000001],[130.0625,33.47500000000001],[130.06247,33.47115444100001]]]}},{"type":"Feature","id":"40230:503010653","properties":{"id":"40230:503010653","meshCode":"503010653","cityCode":"40230","city":"糸島市","lat":33.4729167,"lon":130.065625,"areaKm2":0.2078104,"populated2020":false,"population2020":null,"populationNote":"境界またぎ・原典収録外のため自治体内人口は未集計"},"geometry":{"type":"Polygon","coordinates":[[[130.068620558,33.472218333],[130.06806917,33.472504162],[130.067907497,33.47249416200001],[130.067236939,33.472313613000004],[130.066347782,33.472185558999996],[130.065784721,33.472005],[130.06400917,33.471119441],[130.063350558,33.470918892],[130.0625,33.47115002069805],[130.0625,33.47500000000001],[130.06875,33.475],[130.06875,33.47204940541805],[130.068620558,33.472218333]]]}},{"type":"Feature","id":"40230:503010654","properties":{"id":"40230:503010654","meshCode":"503010654","cityCode":"40230","city":"糸島市","lat":33.4729167,"lon":130.071875,"areaKm2":0.2593178,"populated2020":false,"population2020":null,"populationNote":"境界またぎ・原典収録外のため自治体内人口は未集計"},"geometry":{"type":"Polygon","coordinates":[[[130.07016250300003,33.471092225],[130.069348054,33.471428333000006],[130.069060558,33.47164416199999],[130.06875,33.47204940541805],[130.06875,33.475],[130.075,33.47500000000001],[130.075,33.47083333333333],[130.07033934452855,33.47083333333333],[130.07016250300003,33.471092225]]]}},{"type":"Feature","id":"40230:503010663","properties":{"id":"40230:503010663","meshCode":"503010663","cityCode":"40230","city":"糸島市","lat":33.4729167,"lon":130.078125,"areaKm2":0.2684719,"populated2020":false,"population2020":null,"populationNote":"境界またぎ・原典収録外のため自治体内人口は未集計"},"geometry":{"type":"Polygon","coordinates":[[[130.075,33.47083333333333],[130.075,33.47500000000001],[130.08125,33.47500000000001],[130.08125,33.470833333333324],[130.075,33.47083333333333]]]}},{"type":"Feature","id":"40230:503010664","properties":{"id":"40230:503010664","meshCode":"503010664","cityCode":"40230","city":"糸島市","lat":33.4729167,"lon":130.084375,"areaKm2":0.2684712,"populated2020":false,"population2020":null,"populationNote":"境界またぎ・原典収録外のため自治体内人口は未集計"},"geometry":{"type":"Polygon","coordinates":[[[130.08125,33.470833333333324],[130.08125,33.47500000000001],[130.0875,33.475],[130.0875,33.470833333333324],[130.08125,33.470833333333324]]]}},{"type":"Feature","id":"40230:503010673","properties":{"id":"40230:503010673","meshCode":"503010673","cityCode":"40230","city":"糸島市","lat":33.4729167,"lon":130.090625,"areaKm2":0.2684706,"populated2020":false,"population2020":null,"populationNote":"境界またぎ・原典収録外のため自治体内人口は未集計"},"geometry":{"type":"Polygon","coordinates":[[[130.0875,33.470833333333324],[130.0875,33.475],[130.09375,33.47500000000001],[130.09375,33.470833333333324],[130.0875,33.470833333333324]]]}},{"type":"Feature","id":"40230:503010674","properties":{"id":"40230:503010674","meshCode":"503010674","cityCode":"40230","city":"糸島市","lat":33.4729167,"lon":130.096875,"areaKm2":0.2684699,"populated2020":false,"population2020":null,"populationNote":"境界またぎ・原典収録外のため自治体内人口は未集計"},"geometry":{"type":"Polygon","coordinates":[[[130.09375,33.470833333333324],[130.09375,33.47500000000001],[130.1,33.475],[130.1,33.47083333333333],[130.09375,33.470833333333324]]]}},{"type":"Feature","id":"40230:503010683","properties":{"id":"40230:503010683","meshCode":"503010683","cityCode":"40230","city":"糸島市","lat":33.4731965,"lon":130.1012815,"areaKm2":0.0990679,"populated2020":false,"population2020":null,"populationNote":"境界またぎ・原典収録外のため自治体内人口は未集計"},"geometry":{"type":"Polygon","coordinates":[[[130.102812503,33.475],[130.102645279,33.47357916200001],[130.102480558,33.47281389199999],[130.102034449,33.47173777500001],[130.101429442,33.47119082900001],[130.10085410231463,33.470833333333324],[130.1,33.47083333333333],[130.1,33.475],[130.102812503,33.475]]]}},{"type":"Feature","id":"40230:503010693","properties":{"id":"40230:503010693","meshCode":"503010693","cityCode":"40230","city":"糸島市","lat":33.4749921,"lon":130.1159864,"areaKm2":1.64e-05,"populated2020":false,"population2020":null,"populationNote":"境界またぎ・原典収録外のため自治体内人口は未集計"},"geometry":{"type":"Polygon","coordinates":[[[130.115979728,33.474984162],[130.115892892,33.47500000000001],[130.116093217,33.47500000000001],[130.115979728,33.474984162]]]}},{"type":"Feature","id":"40230:503011603","properties":{"id":"40230:503011603","meshCode":"503011603","cityCode":"40230","city":"糸島市","lat":33.4748546,"lon":130.130746,"areaKm2":0.004135,"populated2020":false,"population2020":null,"populationNote":"境界またぎ・原典収録外のため自治体内人口は未集計"},"geometry":{"type":"Polygon","coordinates":[[[130.13125,33.47451771937016],[130.130544721,33.47462027899999],[130.130119105,33.475],[130.13125,33.47500000000001],[130.13125,33.47451771937016]]]}},{"type":"Feature","id":"40230:503011604","properties":{"id":"40230:503011604","meshCode":"503011604","cityCode":"40230","city":"糸島市","lat":33.4729167,"lon":130.134375,"areaKm2":0.1393825,"populated2020":false,"population2020":null,"populationNote":"境界またぎ・原典収録外のため自治体内人口は未集計"},"geometry":{"type":"Polygon","coordinates":[[[130.13710555100002,33.471691667],[130.135587782,33.472454441],[130.134831946,33.472367774999995],[130.134666109,33.472424440999994],[130.13253917,33.47346389199999],[130.132209728,33.474056108],[130.131949442,33.474337495],[130.131666667,33.474473333000006],[130.13125,33.47451771937016],[130.13125,33.47500000000001],[130.1375,33.475],[130.1375,33.47157429927875],[130.13710555100002,33.471691667]]]}},{"type":"Feature","id":"40230:503011613","properties":{"id":"40230:503011613","meshCode":"503011613","cityCode":"40230","city":"糸島市","lat":33.4729167,"lon":130.140625,"areaKm2":0.1747387,"populated2020":false,"population2020":null,"populationNote":"境界またぎ・原典収録外のため自治体内人口は未集計"},"geometry":{"type":"Polygon","coordinates":[[[130.14375,33.47426798660093],[130.142997224,33.474460559],[130.142771115,33.474454441],[130.14254472100004,33.474312225],[130.14224111500002,33.473893613],[130.141933891,33.47310833299999],[130.141400272,33.47250027900001],[130.141172218,33.472056387],[130.140694994,33.471729441],[130.139846939,33.471473613],[130.1394769155402,33.470833333333324],[130.13840751389898,33.47083333333333],[130.1375,33.47157429927875],[130.1375,33.475],[130.14375,33.475],[130.14375,33.47426798660093]]]}},{"type":"Feature","id":"40230:503011614","properties":{"id":"40230:503011614","meshCode":"503011614","cityCode":"40230","city":"糸島市","lat":33.4746329,"lon":130.1449731,"areaKm2":0.0185286,"populated2020":false,"population2020":null,"populationNote":"境界またぎ・原典収録外のため自治体内人口は未集計"},"geometry":{"type":"Polygon","coordinates":[[[130.146715422,33.47500000000001],[130.145685551,33.474384721],[130.144484721,33.474174721],[130.14375,33.47426798660093],[130.14375,33.475],[130.146715422,33.47500000000001]]]}},{"type":"Feature","id":"40230:503011624","properties":{"id":"40230:503011624","meshCode":"503011624","cityCode":"40230","city":"糸島市","lat":33.4734269,"lon":130.1621274,"areaKm2":0.0284887,"populated2020":false,"population2020":null,"populationNote":"境界またぎ・原典収録外のため自治体内人口は未集計"},"geometry":{"type":"Polygon","coordinates":[[[130.162484163,33.472545829],[130.162241946,33.472710559],[130.161998885,33.473015278999995],[130.161510558,33.473838613],[130.161231388,33.474163613],[130.159912361,33.475000000000016],[130.1625,33.47500000000001],[130.162484163,33.472545829]]]}},{"type":"Feature","id":"40230:503011633","properties":{"id":"40230:503011633","meshCode":"503011633","cityCode":"40230","city":"糸島市","lat":33.4729167,"lon":130.165625,"areaKm2":0.2401586,"populated2020":false,"population2020":null,"populationNote":"境界またぎ・原典収録外のため自治体内人口は未集計"},"geometry":{"type":"Polygon","coordinates":[[[130.16433589142014,33.47083333333333],[130.164423333,33.471284162],[130.16392917,33.472345559000004],[130.162905551,33.472426108],[130.1625,33.47253504714452],[130.1625,33.47500000000001],[130.16875,33.47500000000001],[130.16875,33.47083333333333],[130.16433589142014,33.47083333333333]]]}},{"type":"Feature","id":"40230:503011634","properties":{"id":"40230:503011634","meshCode":"503011634","cityCode":"40230","city":"糸島市","lat":33.4729167,"lon":130.171875,"areaKm2":0.2684625,"populated2020":false,"population2020":null,"populationNote":"境界またぎ・原典収録外のため自治体内人口は未集計"},"geometry":{"type":"Polygon","coordinates":[[[130.16875,33.47083333333333],[130.16875,33.47500000000001],[130.175,33.47500000000001],[130.175,33.47083333333333],[130.16875,33.47083333333333]]]}},{"type":"Feature","id":"40230:503011643","properties":{"id":"40230:503011643","meshCode":"503011643","cityCode":"40230","city":"糸島市","lat":33.4729167,"lon":130.178125,"areaKm2":0.2684619,"populated2020":false,"population2020":null,"populationNote":"境界またぎ・原典収録外のため自治体内人口は未集計"},"geometry":{"type":"Polygon","coordinates":[[[130.175,33.47083333333333],[130.175,33.47500000000001],[130.18125,33.475],[130.18125,33.47083333333333],[130.175,33.47083333333333]]]}},{"type":"Feature","id":"40230:503011644","properties":{"id":"40230:503011644","meshCode":"503011644","cityCode":"40230","city":"糸島市","lat":33.4729167,"lon":130.184375,"areaKm2":0.2666844,"populated2020":false,"population2020":null,"populationNote":"境界またぎ・原典収録外のため自治体内人口は未集計"},"geometry":{"type":"Polygon","coordinates":[[[130.1875,33.471083892],[130.186882776,33.471011108000006],[130.18652844534822,33.470833333333324],[130.18125,33.47083333333333],[130.18125,33.475],[130.1875,33.47500000000001],[130.1875,33.471083892]]]}},{"type":"Feature","id":"40230:503011653","properties":{"id":"40230:503011653","meshCode":"503011653","cityCode":"40230","city":"糸島市","lat":33.4729922,"lon":130.1880596,"areaKm2":0.0466948,"populated2020":false,"population2020":null,"populationNote":"境界またぎ・原典収録外のため自治体内人口は未集計"},"geometry":{"type":"Polygon","coordinates":[[[130.188957445,33.475],[130.18867,33.474704441],[130.188566394,33.473954441],[130.188662503,33.473128054],[130.18841917,33.472510559],[130.188607782,33.471556108],[130.188868054,33.471060558999994],[130.188781115,33.470874161999994],[130.18857156848622,33.470833333333324],[130.1875,33.471083892],[130.1875,33.47500000000001],[130.188957445,33.475]]]}},{"type":"Feature","id":"40230:503011693","properties":{"id":"40230:503011693","meshCode":"503011693","cityCode":"40230","city":"糸島市","lat":33.4745197,"lon":130.2390988,"areaKm2":0.0330897,"populated2020":false,"population2020":null,"populationNote":"境界またぎ・原典収録外のため自治体内人口は未集計"},"geometry":{"type":"Polygon","coordinates":[[[130.24375,33.47446638322584],[130.243156109,33.474449441],[130.242705279,33.474798613],[130.24250166,33.474849162],[130.24197,33.474773333],[130.24166083,33.474811108],[130.240233891,33.474380000000004],[130.239964163,33.47432777499999],[130.239545551,33.474381386999994],[130.23890083,33.474283613],[130.238118327,33.474019721000005],[130.237756394,33.47421861299999],[130.237565837,33.474571108],[130.237710169,33.47500000000001],[130.24375,33.47500000000001],[130.24375,33.47446638322584]]]}},{"type":"Feature","id":"40230:503011694","properties":{"id":"40230:503011694","meshCode":"503011694","cityCode":"40230","city":"糸島市","lat":33.4729167,"lon":130.246875,"areaKm2":0.1944638,"populated2020":false,"population2020":null,"populationNote":"境界またぎ・原典収録外のため自治体内人口は未集計"},"geometry":{"type":"Polygon","coordinates":[[[130.25000000000003,33.470833333333324],[130.24746029198394,33.470833333333324],[130.246921115,33.47109249499999],[130.246408327,33.471459162],[130.245767497,33.472438613],[130.245377224,33.473463892],[130.244786939,33.473999441],[130.244200558,33.474405559],[130.24375,33.47446638322584],[130.24375,33.47500000000001],[130.25000000000003,33.47500000000001],[130.25000000000003,33.470833333333324]]]}},{"type":"Feature","id":"40230:503012603","properties":{"id":"40230:503012603","meshCode":"503012603","cityCode":"40230","city":"糸島市","lat":33.4729167,"lon":130.253125,"areaKm2":0.1842013,"populated2020":false,"population2020":null,"populationNote":"境界またぎ・原典収録外のため自治体内人口は未集計"},"geometry":{"type":"Polygon","coordinates":[[[130.25625,33.475],[130.255912503,33.474195],[130.255733606,33.474086666999995],[130.255246667,33.47398249500001],[130.254958612,33.473761945999996],[130.254225837,33.47297889200001],[130.253711388,33.47221277500001],[130.252943891,33.471654721],[130.252370272,33.470963612999995],[130.2519818815941,33.47083333333333],[130.25000000000003,33.470833333333324],[130.25000000000003,33.47500000000001],[130.25625,33.475]]]}},{"type":"Feature","id":"40230:503012604","properties":{"id":"40230:503012604","meshCode":"503012604","cityCode":"40230","city":"糸島市","lat":33.4749514,"lon":130.2562991,"areaKm2":0.0001213,"populated2020":false,"population2020":null,"populationNote":"境界またぎ・原典収録外のため自治体内人口は未集計"},"geometry":{"type":"Polygon","coordinates":[[[130.256389027,33.47500000000001],[130.25625,33.474825633557074],[130.25625,33.475],[130.256389027,33.47500000000001]]]}},{"type":"Feature","id":"40230:503010731","properties":{"id":"40230:503010731","meshCode":"503010731","cityCode":"40230","city":"糸島市","lat":33.4770772,"lon":130.0430027,"areaKm2":0.0656057,"populated2020":false,"population2020":null,"populationNote":"境界またぎ・原典収録外のため自治体内人口は未集計"},"geometry":{"type":"MultiPolygon","coordinates":[[[[130.042096757,33.47813570299999],[130.042124034,33.478101559],[130.042100091,33.478097495],[130.042096757,33.47813570299999]]],[[[130.04161083,33.475001694],[130.041553113,33.475115387],[130.041688249,33.47522166700001],[130.041684773,33.47533264],[130.04178406,33.47530464],[130.041868781,33.475389135],[130.041841193,33.475519225],[130.042115811,33.475544252],[130.042306693,33.475708279],[130.042330246,33.475788892000004],[130.042229637,33.47584816199999],[130.042324358,33.47596080200001],[130.042253022,33.475991441],[130.042402827,33.476153],[130.042371051,33.476734865000005],[130.042172802,33.477336441],[130.042194306,33.47807136],[130.04234642,33.478376387],[130.042273943,33.478450108000004],[130.042339274,33.478508414],[130.042301699,33.478735531999995],[130.04258242380556,33.479166666666664],[130.04375,33.47916666666666],[130.04375,33.475],[130.04161083,33.475001694]]]]}},{"type":"Feature","id":"40230:503010732","properties":{"id":"40230:503010732","meshCode":"503010732","cityCode":"40230","city":"糸島市","lat":33.4770833,"lon":130.046875,"areaKm2":0.2684626,"populated2020":false,"population2020":null,"populationNote":"境界またぎ・原典収録外のため自治体内人口は未集計"},"geometry":{"type":"Polygon","coordinates":[[[130.04375,33.475],[130.04375,33.47916666666666],[130.05,33.479166666666664],[130.05,33.47500000000001],[130.04375,33.475]]]}},{"type":"Feature","id":"40230:503010741","properties":{"id":"40230:503010741","meshCode":"503010741","cityCode":"40230","city":"糸島市","lat":33.4770833,"lon":130.053125,"areaKm2":0.2684619,"populated2020":false,"population2020":null,"populationNote":"境界またぎ・原典収録外のため自治体内人口は未集計"},"geometry":{"type":"Polygon","coordinates":[[[130.05,33.47500000000001],[130.05,33.479166666666664],[130.05625,33.479166666666664],[130.05625,33.47500000000001],[130.05,33.47500000000001]]]}},{"type":"Feature","id":"40230:503010742","properties":{"id":"40230:503010742","meshCode":"503010742","cityCode":"40230","city":"糸島市","lat":33.4770833,"lon":130.059375,"areaKm2":0.2684612,"populated2020":false,"population2020":null,"populationNote":"境界またぎ・原典収録外のため自治体内人口は未集計"},"geometry":{"type":"Polygon","coordinates":[[[130.05625,33.47500000000001],[130.05625,33.479166666666664],[130.0625,33.47916666666667],[130.0625,33.47500000000001],[130.05625,33.47500000000001]]]}},{"type":"Feature","id":"40230:503010751","properties":{"id":"40230:503010751","meshCode":"503010751","cityCode":"40230","city":"糸島市","lat":33.4770833,"lon":130.065625,"areaKm2":0.2684606,"populated2020":false,"population2020":null,"populationNote":"境界またぎ・原典収録外のため自治体内人口は未集計"},"geometry":{"type":"Polygon","coordinates":[[[130.0625,33.47500000000001],[130.0625,33.47916666666667],[130.06875,33.479166666666664],[130.06875,33.475],[130.0625,33.47500000000001]]]}},{"type":"Feature","id":"40230:503010752","properties":{"id":"40230:503010752","meshCode":"503010752","cityCode":"40230","city":"糸島市","lat":33.4770833,"lon":130.071875,"areaKm2":0.2684599,"populated2020":false,"population2020":null,"populationNote":"境界またぎ・原典収録外のため自治体内人口は未集計"},"geometry":{"type":"Polygon","coordinates":[[[130.06875,33.475],[130.06875,33.479166666666664],[130.075,33.479166666666664],[130.075,33.47500000000001],[130.06875,33.475]]]}},{"type":"Feature","id":"40230:503010761","properties":{"id":"40230:503010761","meshCode":"503010761","cityCode":"40230","city":"糸島市","lat":33.4770833,"lon":130.078125,"areaKm2":0.2684592,"populated2020":true,"population2020":0.9908,"populationNote":"2020年基準の国交省調整値"},"geometry":{"type":"Polygon","coordinates":[[[130.075,33.47500000000001],[130.075,33.479166666666664],[130.08125,33.47916666666666],[130.08125,33.47500000000001],[130.075,33.47500000000001]]]}},{"type":"Feature","id":"40230:503010762","properties":{"id":"40230:503010762","meshCode":"503010762","cityCode":"40230","city":"糸島市","lat":33.4770833,"lon":130.084375,"areaKm2":0.2684586,"populated2020":false,"population2020":null,"populationNote":"境界またぎ・原典収録外のため自治体内人口は未集計"},"geometry":{"type":"Polygon","coordinates":[[[130.08125,33.47500000000001],[130.08125,33.47916666666666],[130.0875,33.479166666666664],[130.0875,33.475],[130.08125,33.47500000000001]]]}},{"type":"Feature","id":"40230:503010771","properties":{"id":"40230:503010771","meshCode":"503010771","cityCode":"40230","city":"糸島市","lat":33.4770833,"lon":130.090625,"areaKm2":0.2684579,"populated2020":false,"population2020":null,"populationNote":"境界またぎ・原典収録外のため自治体内人口は未集計"},"geometry":{"type":"Polygon","coordinates":[[[130.0875,33.475],[130.0875,33.479166666666664],[130.09375,33.47916666666666],[130.09375,33.47500000000001],[130.0875,33.475]]]}},{"type":"Feature","id":"40230:503010772","properties":{"id":"40230:503010772","meshCode":"503010772","cityCode":"40230","city":"糸島市","lat":33.4770833,"lon":130.096875,"areaKm2":0.2684573,"populated2020":false,"population2020":null,"populationNote":"境界またぎ・原典収録外のため自治体内人口は未集計"},"geometry":{"type":"Polygon","coordinates":[[[130.09375,33.47500000000001],[130.09375,33.47916666666666],[130.1,33.479166666666664],[130.1,33.475],[130.09375,33.47500000000001]]]}},{"type":"Feature","id":"40230:503010781","properties":{"id":"40230:503010781","meshCode":"503010781","cityCode":"40230","city":"糸島市","lat":33.4770833,"lon":130.103125,"areaKm2":0.2304167,"populated2020":false,"population2020":null,"populationNote":"境界またぎ・原典収録外のため自治体内人口は未集計"},"geometry":{"type":"Polygon","coordinates":[[[130.10625,33.47733504528349],[130.105633333,33.476202775],[130.105417782,33.476047225],[130.104854721,33.475891667],[130.10419,33.476067494999995],[130.10313027200002,33.475886667],[130.102992503,33.475620829],[130.103037497,33.475367495],[130.102812503,33.475],[130.1,33.475],[130.1,33.479166666666664],[130.10625,33.479166666666664],[130.10625,33.47733504528349]]]}},{"type":"Feature","id":"40230:503010782","properties":{"id":"40230:503010782","meshCode":"503010782","cityCode":"40230","city":"糸島市","lat":33.4770833,"lon":130.109375,"areaKm2":0.1696265,"populated2020":false,"population2020":null,"populationNote":"境界またぎ・原典収録外のため自治体内人口は未集計"},"geometry":{"type":"Polygon","coordinates":[[[130.1125,33.47548603774386],[130.111351388,33.475591108],[130.109288612,33.476165559],[130.108279728,33.477151108],[130.107902503,33.477718054],[130.107704994,33.477798332999996],[130.106926394,33.477828613],[130.106552503,33.477675559],[130.10625,33.47733504528349],[130.10625,33.479166666666664],[130.1125,33.479166666666664],[130.1125,33.47548603774386]]]}},{"type":"Feature","id":"40230:503010791","properties":{"id":"40230:503010791","meshCode":"503010791","cityCode":"40230","city":"糸島市","lat":33.4770833,"lon":130.115625,"areaKm2":0.256811,"populated2020":false,"population2020":null,"populationNote":"境界またぎ・原典収録外のため自治体内人口は未集計"},"geometry":{"type":"Polygon","coordinates":[[[130.118258327,33.47517749499999],[130.117994721,33.475061946],[130.117255279,33.475134721],[130.115892892,33.47500000000001],[130.114204449,33.475297495],[130.113575837,33.47519222500001],[130.1125,33.47548603774386],[130.1125,33.479166666666664],[130.11875,33.47916666666666],[130.11875,33.47556519308099],[130.118258327,33.47517749499999]]]}},{"type":"Feature","id":"40230:503010792","properties":{"id":"40230:503010792","meshCode":"503010792","cityCode":"40230","city":"糸島市","lat":33.4770833,"lon":130.121875,"areaKm2":0.227962,"populated2020":false,"population2020":null,"populationNote":"境界またぎ・原典収録外のため自治体内人口は未集計"},"geometry":{"type":"Polygon","coordinates":[[[130.120084721,33.475869720999995],[130.119234449,33.475769441],[130.11875,33.47556519308099],[130.11875,33.47916666666666],[130.125,33.479166666666664],[130.125,33.475820559],[130.121853891,33.475335559],[130.12138083,33.475420829],[130.120371946,33.475834721000005],[130.120084721,33.475869720999995]]]}},{"type":"Feature","id":"40230:503011701","properties":{"id":"40230:503011701","meshCode":"503011701","cityCode":"40230","city":"糸島市","lat":33.4770833,"lon":130.128125,"areaKm2":0.2371741,"populated2020":false,"population2020":null,"populationNote":"境界またぎ・原典収録外のため自治体内人口は未集計"},"geometry":{"type":"Polygon","coordinates":[[[130.12973972800003,33.475553613],[130.129558885,33.475626387],[130.129085551,33.475520279],[130.127797782,33.47541444099999],[130.12704,33.475449441],[130.126463333,33.47578416199999],[130.126035279,33.475909162],[130.125,33.475820559],[130.125,33.479166666666664],[130.13125,33.47916666666666],[130.13125,33.47500000000001],[130.130119105,33.475],[130.12973972800003,33.475553613]]]}},{"type":"Feature","id":"40230:503011702","properties":{"id":"40230:503011702","meshCode":"503011702","cityCode":"40230","city":"糸島市","lat":33.4770833,"lon":130.134375,"areaKm2":0.2684535,"populated2020":false,"population2020":null,"populationNote":"境界またぎ・原典収録外のため自治体内人口は未集計"},"geometry":{"type":"Polygon","coordinates":[[[130.13125,33.47500000000001],[130.13125,33.47916666666666],[130.1375,33.47916666666666],[130.1375,33.475],[130.13125,33.47500000000001]]]}},{"type":"Feature","id":"40230:503011711","properties":{"id":"40230:503011711","meshCode":"503011711","cityCode":"40230","city":"糸島市","lat":33.4770833,"lon":130.140625,"areaKm2":0.2684529,"populated2020":false,"population2020":null,"populationNote":"境界またぎ・原典収録外のため自治体内人口は未集計"},"geometry":{"type":"Polygon","coordinates":[[[130.1375,33.475],[130.1375,33.47916666666666],[130.14375,33.479166666666664],[130.14375,33.475],[130.1375,33.475]]]}},{"type":"Feature","id":"40230:503011712","properties":{"id":"40230:503011712","meshCode":"503011712","cityCode":"40230","city":"糸島市","lat":33.4770833,"lon":130.146875,"areaKm2":0.2196203,"populated2020":false,"population2020":null,"populationNote":"境界またぎ・原典収録外のため自治体内人口は未集計"},"geometry":{"type":"Polygon","coordinates":[[[130.15,33.477424919],[130.148809442,33.47733722500001],[130.148583061,33.477397225],[130.148496667,33.477289721],[130.14833083,33.476332495],[130.14795166,33.47580305399999],[130.147668885,33.47554082900001],[130.146715422,33.47500000000001],[130.14375,33.475],[130.14375,33.479166666666664],[130.15,33.479166666666664],[130.15,33.477424919]]]}},{"type":"Feature","id":"40230:503011721","properties":{"id":"40230:503011721","meshCode":"503011721","cityCode":"40230","city":"糸島市","lat":33.4770833,"lon":130.153125,"areaKm2":0.1463554,"populated2020":false,"population2020":null,"populationNote":"境界またぎ・原典収録外のため自治体内人口は未集計"},"geometry":{"type":"Polygon","coordinates":[[[130.156020558,33.476754162],[130.155264721,33.476465],[130.154948054,33.476493613],[130.15449917,33.47667694599999],[130.153652503,33.476599441],[130.152487782,33.477029161999994],[130.151622218,33.47693582899999],[130.151444994,33.47699277500001],[130.150821115,33.477616667],[130.15,33.477424919],[130.15,33.479166666666664],[130.15625,33.479166666666664],[130.15625,33.47676939206149],[130.156020558,33.476754162]]]}},{"type":"Feature","id":"40230:503011722","properties":{"id":"40230:503011722","meshCode":"503011722","cityCode":"40230","city":"糸島市","lat":33.4770833,"lon":130.159375,"areaKm2":0.2345884,"populated2020":false,"population2020":null,"populationNote":"境界またぎ・原典収録外のため自治体内人口は未集計"},"geometry":{"type":"Polygon","coordinates":[[[130.159912361,33.475000000000016],[130.159517782,33.47547],[130.158873061,33.475823891999994],[130.158474994,33.475756108],[130.158037782,33.475481108000004],[130.157694721,33.475522225],[130.157319728,33.475991387],[130.156987782,33.476597775],[130.156767224,33.476722495000004],[130.15625,33.47676939206149],[130.15625,33.479166666666664],[130.1625,33.479166666666664],[130.1625,33.47500000000001],[130.159912361,33.475000000000016]]]}},{"type":"Feature","id":"40230:503011731","properties":{"id":"40230:503011731","meshCode":"503011731","cityCode":"40230","city":"糸島市","lat":33.4770833,"lon":130.165625,"areaKm2":0.2684504,"populated2020":false,"population2020":null,"populationNote":"境界またぎ・原典収録外のため自治体内人口は未集計"},"geometry":{"type":"Polygon","coordinates":[[[130.1625,33.47500000000001],[130.1625,33.479166666666664],[130.16875,33.479166666666664],[130.16875,33.47500000000001],[130.1625,33.47500000000001]]]}},{"type":"Feature","id":"40230:503011732","properties":{"id":"40230:503011732","meshCode":"503011732","cityCode":"40230","city":"糸島市","lat":33.4770833,"lon":130.171875,"areaKm2":0.2684499,"populated2020":false,"population2020":null,"populationNote":"境界またぎ・原典収録外のため自治体内人口は未集計"},"geometry":{"type":"Polygon","coordinates":[[[130.16875,33.47500000000001],[130.16875,33.479166666666664],[130.175,33.479166666666664],[130.175,33.47500000000001],[130.16875,33.47500000000001]]]}},{"type":"Feature","id":"40230:503011741","properties":{"id":"40230:503011741","meshCode":"503011741","cityCode":"40230","city":"糸島市","lat":33.4770833,"lon":130.178125,"areaKm2":0.2684493,"populated2020":false,"population2020":null,"populationNote":"境界またぎ・原典収録外のため自治体内人口は未集計"},"geometry":{"type":"Polygon","coordinates":[[[130.175,33.47500000000001],[130.175,33.479166666666664],[130.18125,33.47916666666667],[130.18125,33.475],[130.175,33.47500000000001]]]}},{"type":"Feature","id":"40230:503011742","properties":{"id":"40230:503011742","meshCode":"503011742","cityCode":"40230","city":"糸島市","lat":33.4770833,"lon":130.184375,"areaKm2":0.2684487,"populated2020":false,"population2020":null,"populationNote":"境界またぎ・原典収録外のため自治体内人口は未集計"},"geometry":{"type":"Polygon","coordinates":[[[130.18125,33.475],[130.18125,33.47916666666667],[130.1875,33.479166666666664],[130.1875,33.47500000000001],[130.18125,33.475]]]}},{"type":"Feature","id":"40230:503011751","properties":{"id":"40230:503011751","meshCode":"503011751","cityCode":"40230","city":"糸島市","lat":33.4770833,"lon":130.190625,"areaKm2":0.2249401,"populated2020":false,"population2020":null,"populationNote":"境界またぎ・原典収録外のため自治体内人口は未集計"},"geometry":{"type":"Polygon","coordinates":[[[130.193698054,33.476184721],[130.192915551,33.476053613],[130.192527224,33.476104162000006],[130.191846667,33.476485],[130.191518612,33.476428054],[130.191088885,33.476292225],[130.190892776,33.476124721],[130.190792776,33.475797775],[130.190306394,33.475431108],[130.188957445,33.475],[130.1875,33.47500000000001],[130.1875,33.479166666666664],[130.19375,33.479166666666664],[130.193698054,33.476184721]]]}},{"type":"Feature","id":"40230:503011752","properties":{"id":"40230:503011752","meshCode":"503011752","cityCode":"40230","city":"糸島市","lat":33.4776721,"lon":130.1947115,"areaKm2":0.1000041,"populated2020":false,"population2020":null,"populationNote":"境界またぎ・原典収録外のため自治体内人口は未集計"},"geometry":{"type":"Polygon","coordinates":[[[130.19808052543635,33.47916666666667],[130.19873166,33.47841861300001],[130.19909,33.478140559],[130.198733606,33.477519721],[130.19848832700004,33.477298612999995],[130.198252776,33.477271667000004],[130.19743111500003,33.477524441],[130.195969728,33.478085279],[130.19577917,33.477906667],[130.195456939,33.477194162],[130.194693606,33.476197495],[130.194531388,33.476108892000006],[130.19375,33.47618412856851],[130.19375,33.479166666666664],[130.19808052543635,33.47916666666667]]]}},{"type":"Feature","id":"40230:503011771","properties":{"id":"40230:503011771","meshCode":"503011771","cityCode":"40230","city":"糸島市","lat":33.4786736,"lon":130.2183375,"areaKm2":0.0088437,"populated2020":false,"population2020":null,"populationNote":"境界またぎ・原典収録外のため自治体内人口は未集計"},"geometry":{"type":"Polygon","coordinates":[[[130.21875,33.47805675433984],[130.218174721,33.478186387],[130.217965551,33.478481667000004],[130.217884449,33.478865559],[130.21776,33.47905222499999],[130.21749880453442,33.47916666666667],[130.21875,33.479166666666664],[130.21875,33.47805675433984]]]}},{"type":"Feature","id":"40230:503011772","properties":{"id":"40230:503011772","meshCode":"503011772","cityCode":"40230","city":"糸島市","lat":33.4782542,"lon":130.220999,"areaKm2":0.0863578,"populated2020":false,"population2020":null,"populationNote":"境界またぎ・原典収録外のため自治体内人口は未集計"},"geometry":{"type":"Polygon","coordinates":[[[130.225,33.477357495],[130.224584721,33.477478892],[130.223542218,33.47808361300001],[130.223342218,33.47827944099999],[130.222522503,33.477892495000006],[130.221662503,33.477655559],[130.220823606,33.477688613],[130.21875,33.47805675433984],[130.21875,33.479166666666664],[130.225,33.479166666666664],[130.225,33.477357495]]]}},{"type":"Feature","id":"40230:503011781","properties":{"id":"40230:503011781","meshCode":"503011781","cityCode":"40230","city":"糸島市","lat":33.4780579,"lon":130.2272647,"areaKm2":0.1055957,"populated2020":false,"population2020":null,"populationNote":"境界またぎ・原典収録外のため自治体内人口は未集計"},"geometry":{"type":"Polygon","coordinates":[[[130.231213891,33.478401387],[130.230550272,33.47849],[130.229911115,33.478301946],[130.229147497,33.47781389200001],[130.22702083,33.47671110800002],[130.22656083,33.476748892],[130.226113891,33.47690861299999],[130.22562,33.477246667],[130.225,33.477357495],[130.225,33.479166666666664],[130.23125,33.479166666666664],[130.231213891,33.478401387]]]}},{"type":"Feature","id":"40230:503011782","properties":{"id":"40230:503011782","meshCode":"503011782","cityCode":"40230","city":"糸島市","lat":33.4776135,"lon":130.2370869,"areaKm2":0.0668732,"populated2020":false,"population2020":null,"populationNote":"境界またぎ・原典収録外のため自治体内人口は未集計"},"geometry":{"type":"Polygon","coordinates":[[[130.237375279,33.47639555899999],[130.237094449,33.477158333],[130.23687,33.47744444100001],[130.236477782,33.477782495000014],[130.236015837,33.478024162000004],[130.235529442,33.47816],[130.234518885,33.478084162],[130.234140272,33.478136108],[130.233733061,33.47836666700001],[130.233427497,33.478869162],[130.233314449,33.478922775],[130.232422503,33.478481946],[130.23189083,33.478371386999996],[130.23125,33.47839978675241],[130.23125,33.479166666666664],[130.2375,33.479166666666664],[130.2375,33.47625985977439],[130.237375279,33.47639555899999]]]}},{"type":"Feature","id":"40230:503011791","properties":{"id":"40230:503011791","meshCode":"503011791","cityCode":"40230","city":"糸島市","lat":33.4770833,"lon":130.240625,"areaKm2":0.26541,"populated2020":false,"population2020":null,"populationNote":"境界またぎ・原典収録外のため自治体内人口は未集計"},"geometry":{"type":"Polygon","coordinates":[[[130.237710169,33.47500000000001],[130.237812776,33.47530249500001],[130.237667782,33.47584110799999],[130.237788327,33.476065559],[130.2375,33.47625985977439],[130.2375,33.479166666666664],[130.24375,33.47916666666666],[130.24375,33.47500000000001],[130.237710169,33.47500000000001]]]}},{"type":"Feature","id":"40230:503011792","properties":{"id":"40230:503011792","meshCode":"503011792","cityCode":"40230","city":"糸島市","lat":33.4770833,"lon":130.246875,"areaKm2":0.2684431,"populated2020":false,"population2020":null,"populationNote":"境界またぎ・原典収録外のため自治体内人口は未集計"},"geometry":{"type":"Polygon","coordinates":[[[130.24375,33.47500000000001],[130.24375,33.47916666666666],[130.25000000000003,33.479166666666664],[130.25000000000003,33.47500000000001],[130.24375,33.47500000000001]]]}},{"type":"Feature","id":"40230:503012701","properties":{"id":"40230:503012701","meshCode":"503012701","cityCode":"40230","city":"糸島市","lat":33.4770833,"lon":130.253125,"areaKm2":0.2684425,"populated2020":false,"population2020":null,"populationNote":"境界またぎ・原典収録外のため自治体内人口は未集計"},"geometry":{"type":"Polygon","coordinates":[[[130.25000000000003,33.47500000000001],[130.25000000000003,33.479166666666664],[130.25625,33.479166666666664],[130.25625,33.475],[130.25000000000003,33.47500000000001]]]}},{"type":"Feature","id":"40230:503012702","properties":{"id":"40230:503012702","meshCode":"503012702","cityCode":"40230","city":"糸島市","lat":33.4770833,"lon":130.259375,"areaKm2":0.1713793,"populated2020":false,"population2020":null,"populationNote":"境界またぎ・原典収録外のため自治体内人口は未集計"},"geometry":{"type":"Polygon","coordinates":[[[130.262495279,33.477921667],[130.262184994,33.477555279],[130.261434721,33.477238892],[130.260612503,33.476751666999995],[130.260021115,33.476718333],[130.25758917,33.476126946],[130.257129442,33.475602495],[130.256583333,33.475231667],[130.256389027,33.47500000000001],[130.25625,33.475],[130.25625,33.479166666666664],[130.2625,33.47916666666667],[130.262495279,33.477921667]]]}},{"type":"Feature","id":"40230:503012711","properties":{"id":"40230:503012711","meshCode":"503012711","cityCode":"40230","city":"糸島市","lat":33.4782174,"lon":130.2644428,"areaKm2":0.0659076,"populated2020":false,"population2020":null,"populationNote":"境界またぎ・原典収録外のため自治体内人口は未集計"},"geometry":{"type":"Polygon","coordinates":[[[130.26828083,33.47898361299998],[130.267858612,33.478596387],[130.267317224,33.47866722500001],[130.267016667,33.478633892],[130.266499728,33.478317225],[130.265988054,33.477863333],[130.265277497,33.477896667],[130.264768327,33.47774694600001],[130.264559728,33.477434441],[130.263553606,33.477709441],[130.262867782,33.478017495],[130.2625,33.477924493867086],[130.2625,33.47916666666667],[130.26866535022825,33.479166666666664],[130.26828083,33.47898361299998]]]}},{"type":"Feature","id":"40230:503010733","properties":{"id":"40230:503010733","meshCode":"503010733","cityCode":"40230","city":"糸島市","lat":33.4800931,"lon":130.0435075,"areaKm2":0.0102063,"populated2020":false,"population2020":null,"populationNote":"境界またぎ・原典収録外のため自治体内人口は未集計"},"geometry":{"type":"Polygon","coordinates":[[[130.042591388,33.47918038700001],[130.042795499,33.47942469400001],[130.042934553,33.479793198],[130.04348238700004,33.480326135000006],[130.043683722,33.48076536],[130.04363,33.480914694],[130.04375,33.481074949758955],[130.04375,33.47916666666666],[130.042591388,33.47918038700001]]]}},{"type":"Feature","id":"40230:503010734","properties":{"id":"40230:503010734","meshCode":"503010734","cityCode":"40230","city":"糸島市","lat":33.48125,"lon":130.046875,"areaKm2":0.251763,"populated2020":true,"population2020":33.7271,"populationNote":"2020年基準の国交省調整値"},"geometry":{"type":"MultiPolygon","coordinates":[[[[130.043929857,33.481913694],[130.043924112,33.481869387],[130.043886693,33.481876667],[130.043929857,33.481913694]]],[[[130.044266861,33.482198495000006],[130.044289144,33.482169559000006],[130.044234669,33.48218258599999],[130.044266861,33.482198495000006]]],[[[130.044271725,33.482294027],[130.044252049,33.482244748],[130.044140169,33.482251441],[130.044166329,33.48228022499999],[130.044271725,33.482294027]]],[[[130.043761582,33.481081802],[130.043888859,33.481542802],[130.044072192,33.481701918999995],[130.044095811,33.481872135],[130.043988301,33.481893054],[130.044163333,33.482122532],[130.044319559,33.482153306],[130.044383943,33.48232527900001],[130.044632244,33.482425107999994],[130.045250195,33.483082386999996],[130.045541699,33.483018829],[130.045296498,33.483156973],[130.04537744514602,33.483333333333334],[130.05,33.483333333333334],[130.05,33.479166666666664],[130.04375,33.47916666666666],[130.043761582,33.481081802]]]]}},{"type":"Feature","id":"40230:503010743","properties":{"id":"40230:503010743","meshCode":"503010743","cityCode":"40230","city":"糸島市","lat":33.48125,"lon":130.053125,"areaKm2":0.2684492,"populated2020":false,"population2020":null,"populationNote":"境界またぎ・原典収録外のため自治体内人口は未集計"},"geometry":{"type":"Polygon","coordinates":[[[130.05,33.479166666666664],[130.05,33.483333333333334],[130.05625,33.483333333333334],[130.05625,33.479166666666664],[130.05,33.479166666666664]]]}},{"type":"Feature","id":"40230:503010744","properties":{"id":"40230:503010744","meshCode":"503010744","cityCode":"40230","city":"糸島市","lat":33.48125,"lon":130.059375,"areaKm2":0.2684486,"populated2020":false,"population2020":null,"populationNote":"境界またぎ・原典収録外のため自治体内人口は未集計"},"geometry":{"type":"Polygon","coordinates":[[[130.05625,33.479166666666664],[130.05625,33.483333333333334],[130.0625,33.483333333333334],[130.0625,33.47916666666667],[130.05625,33.479166666666664]]]}},{"type":"Feature","id":"40230:503010753","properties":{"id":"40230:503010753","meshCode":"503010753","cityCode":"40230","city":"糸島市","lat":33.48125,"lon":130.065625,"areaKm2":0.2684479,"populated2020":false,"population2020":null,"populationNote":"境界またぎ・原典収録外のため自治体内人口は未集計"},"geometry":{"type":"Polygon","coordinates":[[[130.0625,33.47916666666667],[130.0625,33.483333333333334],[130.06875,33.48333333333334],[130.06875,33.479166666666664],[130.0625,33.47916666666667]]]}},{"type":"Feature","id":"40230:503010754","properties":{"id":"40230:503010754","meshCode":"503010754","cityCode":"40230","city":"糸島市","lat":33.48125,"lon":130.071875,"areaKm2":0.2684472,"populated2020":false,"population2020":null,"populationNote":"境界またぎ・原典収録外のため自治体内人口は未集計"},"geometry":{"type":"Polygon","coordinates":[[[130.06875,33.479166666666664],[130.06875,33.48333333333334],[130.075,33.483333333333334],[130.075,33.479166666666664],[130.06875,33.479166666666664]]]}},{"type":"Feature","id":"40230:503010763","properties":{"id":"40230:503010763","meshCode":"503010763","cityCode":"40230","city":"糸島市","lat":33.48125,"lon":130.078125,"areaKm2":0.2684466,"populated2020":true,"population2020":114.6613,"populationNote":"2020年基準の国交省調整値"},"geometry":{"type":"Polygon","coordinates":[[[130.075,33.479166666666664],[130.075,33.483333333333334],[130.08125,33.483333333333334],[130.08125,33.47916666666666],[130.075,33.479166666666664]]]}},{"type":"Feature","id":"40230:503010764","properties":{"id":"40230:503010764","meshCode":"503010764","cityCode":"40230","city":"糸島市","lat":33.48125,"lon":130.084375,"areaKm2":0.2684459,"populated2020":true,"population2020":10.9182,"populationNote":"2020年基準の国交省調整値"},"geometry":{"type":"Polygon","coordinates":[[[130.08125,33.47916666666666],[130.08125,33.483333333333334],[130.0875,33.483333333333334],[130.0875,33.479166666666664],[130.08125,33.47916666666666]]]}},{"type":"Feature","id":"40230:503010773","properties":{"id":"40230:503010773","meshCode":"503010773","cityCode":"40230","city":"糸島市","lat":33.48125,"lon":130.090625,"areaKm2":0.2684452,"populated2020":true,"population2020":3.9572,"populationNote":"2020年基準の国交省調整値"},"geometry":{"type":"Polygon","coordinates":[[[130.0875,33.479166666666664],[130.0875,33.483333333333334],[130.09375,33.483333333333334],[130.09375,33.47916666666666],[130.0875,33.479166666666664]]]}},{"type":"Feature","id":"40230:503010774","properties":{"id":"40230:503010774","meshCode":"503010774","cityCode":"40230","city":"糸島市","lat":33.48125,"lon":130.096875,"areaKm2":0.2684446,"populated2020":false,"population2020":null,"populationNote":"境界またぎ・原典収録外のため自治体内人口は未集計"},"geometry":{"type":"Polygon","coordinates":[[[130.09375,33.47916666666666],[130.09375,33.483333333333334],[130.1,33.483333333333334],[130.1,33.479166666666664],[130.09375,33.47916666666666]]]}},{"type":"Feature","id":"40230:503010783","properties":{"id":"40230:503010783","meshCode":"503010783","cityCode":"40230","city":"糸島市","lat":33.48125,"lon":130.103125,"areaKm2":0.268444,"populated2020":false,"population2020":null,"populationNote":"境界またぎ・原典収録外のため自治体内人口は未集計"},"geometry":{"type":"Polygon","coordinates":[[[130.1,33.479166666666664],[130.1,33.483333333333334],[130.10625,33.483333333333334],[130.10625,33.479166666666664],[130.1,33.479166666666664]]]}},{"type":"Feature","id":"40230:503010784","properties":{"id":"40230:503010784","meshCode":"503010784","cityCode":"40230","city":"糸島市","lat":33.48125,"lon":130.109375,"areaKm2":0.2684433,"populated2020":false,"population2020":null,"populationNote":"境界またぎ・原典収録外のため自治体内人口は未集計"},"geometry":{"type":"Polygon","coordinates":[[[130.10625,33.479166666666664],[130.10625,33.483333333333334],[130.1125,33.483333333333334],[130.1125,33.479166666666664],[130.10625,33.479166666666664]]]}},{"type":"Feature","id":"40230:503010793","properties":{"id":"40230:503010793","meshCode":"503010793","cityCode":"40230","city":"糸島市","lat":33.48125,"lon":130.115625,"areaKm2":0.2684427,"populated2020":false,"population2020":null,"populationNote":"境界またぎ・原典収録外のため自治体内人口は未集計"},"geometry":{"type":"Polygon","coordinates":[[[130.1125,33.479166666666664],[130.1125,33.483333333333334],[130.11875,33.483333333333334],[130.11875,33.47916666666666],[130.1125,33.479166666666664]]]}},{"type":"Feature","id":"40230:503010794","properties":{"id":"40230:503010794","meshCode":"503010794","cityCode":"40230","city":"糸島市","lat":33.48125,"lon":130.121875,"areaKm2":0.2684421,"populated2020":false,"population2020":null,"populationNote":"境界またぎ・原典収録外のため自治体内人口は未集計"},"geometry":{"type":"Polygon","coordinates":[[[130.11875,33.47916666666666],[130.11875,33.483333333333334],[130.125,33.48333333333334],[130.125,33.479166666666664],[130.11875,33.47916666666666]]]}},{"type":"Feature","id":"40230:503011703","properties":{"id":"40230:503011703","meshCode":"503011703","cityCode":"40230","city":"糸島市","lat":33.48125,"lon":130.128125,"areaKm2":0.2684414,"populated2020":false,"population2020":null,"populationNote":"境界またぎ・原典収録外のため自治体内人口は未集計"},"geometry":{"type":"Polygon","coordinates":[[[130.125,33.479166666666664],[130.125,33.48333333333334],[130.13125,33.48333333333334],[130.13125,33.47916666666666],[130.125,33.479166666666664]]]}},{"type":"Feature","id":"40230:503011704","properties":{"id":"40230:503011704","meshCode":"503011704","cityCode":"40230","city":"糸島市","lat":33.48125,"lon":130.134375,"areaKm2":0.2684408,"populated2020":false,"population2020":null,"populationNote":"境界またぎ・原典収録外のため自治体内人口は未集計"},"geometry":{"type":"Polygon","coordinates":[[[130.13125,33.47916666666666],[130.13125,33.48333333333334],[130.1375,33.483333333333334],[130.1375,33.47916666666666],[130.13125,33.47916666666666]]]}},{"type":"Feature","id":"40230:503011713","properties":{"id":"40230:503011713","meshCode":"503011713","cityCode":"40230","city":"糸島市","lat":33.48125,"lon":130.140625,"areaKm2":0.2684402,"populated2020":false,"population2020":null,"populationNote":"境界またぎ・原典収録外のため自治体内人口は未集計"},"geometry":{"type":"Polygon","coordinates":[[[130.1375,33.47916666666666],[130.1375,33.483333333333334],[130.14375,33.48333333333334],[130.14375,33.479166666666664],[130.1375,33.47916666666666]]]}},{"type":"Feature","id":"40230:503011714","properties":{"id":"40230:503011714","meshCode":"503011714","cityCode":"40230","city":"糸島市","lat":33.48125,"lon":130.146875,"areaKm2":0.2684396,"populated2020":false,"population2020":null,"populationNote":"境界またぎ・原典収録外のため自治体内人口は未集計"},"geometry":{"type":"Polygon","coordinates":[[[130.14375,33.479166666666664],[130.14375,33.48333333333334],[130.15,33.483333333333334],[130.15,33.479166666666664],[130.14375,33.479166666666664]]]}},{"type":"Feature","id":"40230:503011723","properties":{"id":"40230:503011723","meshCode":"503011723","cityCode":"40230","city":"糸島市","lat":33.48125,"lon":130.153125,"areaKm2":0.268439,"populated2020":false,"population2020":null,"populationNote":"境界またぎ・原典収録外のため自治体内人口は未集計"},"geometry":{"type":"Polygon","coordinates":[[[130.15,33.479166666666664],[130.15,33.483333333333334],[130.15625,33.483333333333334],[130.15625,33.479166666666664],[130.15,33.479166666666664]]]}},{"type":"Feature","id":"40230:503011724","properties":{"id":"40230:503011724","meshCode":"503011724","cityCode":"40230","city":"糸島市","lat":33.48125,"lon":130.159375,"areaKm2":0.2684384,"populated2020":false,"population2020":null,"populationNote":"境界またぎ・原典収録外のため自治体内人口は未集計"},"geometry":{"type":"Polygon","coordinates":[[[130.15625,33.479166666666664],[130.15625,33.483333333333334],[130.1625,33.48333333333334],[130.1625,33.479166666666664],[130.15625,33.479166666666664]]]}},{"type":"Feature","id":"40230:503011733","properties":{"id":"40230:503011733","meshCode":"503011733","cityCode":"40230","city":"糸島市","lat":33.48125,"lon":130.165625,"areaKm2":0.2684378,"populated2020":false,"population2020":null,"populationNote":"境界またぎ・原典収録外のため自治体内人口は未集計"},"geometry":{"type":"Polygon","coordinates":[[[130.1625,33.479166666666664],[130.1625,33.48333333333334],[130.16875,33.483333333333334],[130.16875,33.479166666666664],[130.1625,33.479166666666664]]]}},{"type":"Feature","id":"40230:503011734","properties":{"id":"40230:503011734","meshCode":"503011734","cityCode":"40230","city":"糸島市","lat":33.48125,"lon":130.171875,"areaKm2":0.2684372,"populated2020":false,"population2020":null,"populationNote":"境界またぎ・原典収録外のため自治体内人口は未集計"},"geometry":{"type":"Polygon","coordinates":[[[130.16875,33.479166666666664],[130.16875,33.483333333333334],[130.175,33.48333333333334],[130.175,33.479166666666664],[130.16875,33.479166666666664]]]}},{"type":"Feature","id":"40230:503011743","properties":{"id":"40230:503011743","meshCode":"503011743","cityCode":"40230","city":"糸島市","lat":33.48125,"lon":130.178125,"areaKm2":0.2684366,"populated2020":false,"population2020":null,"populationNote":"境界またぎ・原典収録外のため自治体内人口は未集計"},"geometry":{"type":"Polygon","coordinates":[[[130.175,33.479166666666664],[130.175,33.48333333333334],[130.18125,33.483333333333334],[130.18125,33.47916666666667],[130.175,33.479166666666664]]]}},{"type":"Feature","id":"40230:503011744","properties":{"id":"40230:503011744","meshCode":"503011744","cityCode":"40230","city":"糸島市","lat":33.48125,"lon":130.184375,"areaKm2":0.268436,"populated2020":false,"population2020":null,"populationNote":"境界またぎ・原典収録外のため自治体内人口は未集計"},"geometry":{"type":"Polygon","coordinates":[[[130.18125,33.47916666666667],[130.18125,33.483333333333334],[130.1875,33.483333333333334],[130.1875,33.479166666666664],[130.18125,33.47916666666667]]]}},{"type":"Feature","id":"40230:503011753","properties":{"id":"40230:503011753","meshCode":"503011753","cityCode":"40230","city":"糸島市","lat":33.48125,"lon":130.190625,"areaKm2":0.2684354,"populated2020":false,"population2020":null,"populationNote":"境界またぎ・原典収録外のため自治体内人口は未集計"},"geometry":{"type":"Polygon","coordinates":[[[130.1875,33.479166666666664],[130.1875,33.483333333333334],[130.19375,33.48333333333334],[130.19375,33.479166666666664],[130.1875,33.479166666666664]]]}},{"type":"Feature","id":"40230:503011754","properties":{"id":"40230:503011754","meshCode":"503011754","cityCode":"40230","city":"糸島市","lat":33.48125,"lon":130.196875,"areaKm2":0.2326511,"populated2020":false,"population2020":null,"populationNote":"境界またぎ・原典収録外のため自治体内人口は未集計"},"geometry":{"type":"Polygon","coordinates":[[[130.2,33.480643252],[130.198801388,33.481178333],[130.198522503,33.481171946],[130.197928612,33.48052889200001],[130.197928612,33.480374162],[130.19817917,33.480037495000005],[130.198190558,33.47989861300001],[130.197954994,33.479344162],[130.19808052543635,33.47916666666667],[130.19375,33.479166666666664],[130.19375,33.48333333333334],[130.2,33.483333333333334],[130.2,33.480643252]]]}},{"type":"Feature","id":"40230:503011763","properties":{"id":"40230:503011763","meshCode":"503011763","cityCode":"40230","city":"糸島市","lat":33.48125,"lon":130.203125,"areaKm2":0.1610335,"populated2020":false,"population2020":null,"populationNote":"境界またぎ・原典収録外のため自治体内人口は未集計"},"geometry":{"type":"Polygon","coordinates":[[[130.205586667,33.481404162],[130.204521388,33.48127944099999],[130.204264994,33.481326667],[130.203884163,33.481573054],[130.203733333,33.48141833300001],[130.203537224,33.480919162],[130.20333166,33.480746946],[130.20173499400002,33.480040829],[130.201584163,33.48004082899999],[130.201088327,33.480396108],[130.2,33.480643252],[130.2,33.483333333333334],[130.20625,33.48333333333334],[130.20625,33.481343214261834],[130.205586667,33.481404162]]]}},{"type":"Feature","id":"40230:503011764","properties":{"id":"40230:503011764","meshCode":"503011764","cityCode":"40230","city":"糸島市","lat":33.48125,"lon":130.209375,"areaKm2":0.1517763,"populated2020":false,"population2020":null,"populationNote":"境界またぎ・原典収録外のため自治体内人口は未集計"},"geometry":{"type":"Polygon","coordinates":[[[130.2125,33.48072767237322],[130.210154721,33.48074889200001],[130.210060558,33.480922494999994],[130.209913333,33.480963613],[130.20928,33.480846667],[130.208919728,33.480898612999994],[130.208520272,33.481081946],[130.207688885,33.481231946],[130.20625,33.481343214261834],[130.20625,33.48333333333334],[130.2125,33.483333333333334],[130.2125,33.48072767237322]]]}},{"type":"Feature","id":"40230:503011773","properties":{"id":"40230:503011773","meshCode":"503011773","cityCode":"40230","city":"糸島市","lat":33.48125,"lon":130.215625,"areaKm2":0.2292706,"populated2020":false,"population2020":null,"populationNote":"境界またぎ・原典収録外のため自治体内人口は未集計"},"geometry":{"type":"Polygon","coordinates":[[[130.21749880453442,33.47916666666667],[130.216679728,33.479476946000005],[130.216306394,33.479837225],[130.216033061,33.479914721],[130.215184721,33.479709162],[130.214651115,33.479751946],[130.213488054,33.48038222499999],[130.21277917,33.480682495],[130.2125,33.48072767237322],[130.2125,33.483333333333334],[130.21875,33.483333333333334],[130.21875,33.479166666666664],[130.21749880453442,33.47916666666667]]]}},{"type":"Feature","id":"40230:503011774","properties":{"id":"40230:503011774","meshCode":"503011774","cityCode":"40230","city":"糸島市","lat":33.48125,"lon":130.221875,"areaKm2":0.2684326,"populated2020":false,"population2020":null,"populationNote":"境界またぎ・原典収録外のため自治体内人口は未集計"},"geometry":{"type":"Polygon","coordinates":[[[130.21875,33.479166666666664],[130.21875,33.483333333333334],[130.225,33.483333333333334],[130.225,33.479166666666664],[130.21875,33.479166666666664]]]}},{"type":"Feature","id":"40230:503011783","properties":{"id":"40230:503011783","meshCode":"503011783","cityCode":"40230","city":"糸島市","lat":33.48125,"lon":130.228125,"areaKm2":0.268432,"populated2020":false,"population2020":null,"populationNote":"境界またぎ・原典収録外のため自治体内人口は未集計"},"geometry":{"type":"Polygon","coordinates":[[[130.225,33.479166666666664],[130.225,33.483333333333334],[130.23125,33.483333333333334],[130.23125,33.479166666666664],[130.225,33.479166666666664]]]}},{"type":"Feature","id":"40230:503011784","properties":{"id":"40230:503011784","meshCode":"503011784","cityCode":"40230","city":"糸島市","lat":33.48125,"lon":130.234375,"areaKm2":0.2684315,"populated2020":false,"population2020":null,"populationNote":"境界またぎ・原典収録外のため自治体内人口は未集計"},"geometry":{"type":"Polygon","coordinates":[[[130.23125,33.479166666666664],[130.23125,33.483333333333334],[130.2375,33.483333333333334],[130.2375,33.479166666666664],[130.23125,33.479166666666664]]]}},{"type":"Feature","id":"40230:503011793","properties":{"id":"40230:503011793","meshCode":"503011793","cityCode":"40230","city":"糸島市","lat":33.48125,"lon":130.240625,"areaKm2":0.2684309,"populated2020":false,"population2020":null,"populationNote":"境界またぎ・原典収録外のため自治体内人口は未集計"},"geometry":{"type":"Polygon","coordinates":[[[130.2375,33.479166666666664],[130.2375,33.483333333333334],[130.24375,33.483333333333334],[130.24375,33.47916666666666],[130.2375,33.479166666666664]]]}},{"type":"Feature","id":"40230:503011794","properties":{"id":"40230:503011794","meshCode":"503011794","cityCode":"40230","city":"糸島市","lat":33.48125,"lon":130.246875,"areaKm2":0.2684304,"populated2020":false,"population2020":null,"populationNote":"境界またぎ・原典収録外のため自治体内人口は未集計"},"geometry":{"type":"Polygon","coordinates":[[[130.24375,33.47916666666666],[130.24375,33.483333333333334],[130.25000000000003,33.48333333333334],[130.25000000000003,33.479166666666664],[130.24375,33.47916666666666]]]}},{"type":"Feature","id":"40230:503012703","properties":{"id":"40230:503012703","meshCode":"503012703","cityCode":"40230","city":"糸島市","lat":33.48125,"lon":130.253125,"areaKm2":0.2684299,"populated2020":false,"population2020":null,"populationNote":"境界またぎ・原典収録外のため自治体内人口は未集計"},"geometry":{"type":"Polygon","coordinates":[[[130.25000000000003,33.479166666666664],[130.25000000000003,33.48333333333334],[130.25625,33.483333333333334],[130.25625,33.479166666666664],[130.25000000000003,33.479166666666664]]]}},{"type":"Feature","id":"40230:503012704","properties":{"id":"40230:503012704","meshCode":"503012704","cityCode":"40230","city":"糸島市","lat":33.48125,"lon":130.259375,"areaKm2":0.2684293,"populated2020":false,"population2020":null,"populationNote":"境界またぎ・原典収録外のため自治体内人口は未集計"},"geometry":{"type":"Polygon","coordinates":[[[130.25625,33.479166666666664],[130.25625,33.483333333333334],[130.2625,33.483333333333334],[130.2625,33.47916666666667],[130.25625,33.479166666666664]]]}},{"type":"Feature","id":"40230:503012713","properties":{"id":"40230:503012713","meshCode":"503012713","cityCode":"40230","city":"糸島市","lat":33.48125,"lon":130.265625,"areaKm2":0.2684113,"populated2020":false,"population2020":null,"populationNote":"境界またぎ・原典収録外のため自治体内人口は未集計"},"geometry":{"type":"Polygon","coordinates":[[[130.26875,33.479206964809556],[130.2625,33.47916666666667],[130.2625,33.483333333333334],[130.26875,33.48333333333333],[130.26875,33.479206964809556]]]}},{"type":"Feature","id":"40230:503012714","properties":{"id":"40230:503012714","meshCode":"503012714","cityCode":"40230","city":"糸島市","lat":33.48125,"lon":130.271875,"areaKm2":0.1603257,"populated2020":false,"population2020":null,"populationNote":"境界またぎ・原典収録外のため自治体内人口は未集計"},"geometry":{"type":"Polygon","coordinates":[[[130.273534163,33.48333333299999],[130.273363061,33.482669441],[130.272843891,33.481999441],[130.272861388,33.481587225000006],[130.272732218,33.480966667000004],[130.272113891,33.479351108],[130.271528327,33.47958333300001],[130.271214163,33.479877775],[130.271039442,33.47993082899999],[130.27063083,33.479633054],[130.26931917,33.479429162],[130.26875,33.479206964809556],[130.26875,33.48333333333333],[130.273534163,33.48333333299999]]]}},{"type":"Feature","id":"40230:503010832","properties":{"id":"40230:503010832","meshCode":"503010832","cityCode":"40230","city":"糸島市","lat":33.4854167,"lon":130.046875,"areaKm2":0.1480662,"populated2020":true,"population2020":119.7122,"populationNote":"2020年基準の国交省調整値"},"geometry":{"type":"Polygon","coordinates":[[[130.045378392,33.483335495000006],[130.04536761300002,33.483571],[130.04502358,33.48391755899999],[130.044994721,33.484006775000005],[130.045058106,33.484026468],[130.044951699,33.484134305999994],[130.044818975,33.484676081],[130.045077445,33.484755054],[130.04525847,33.48471182899999],[130.046439222,33.485424829],[130.048016939,33.486582973],[130.0489151329456,33.4875],[130.05,33.4875],[130.05,33.483333333333334],[130.045378392,33.483335495000006]]]}},{"type":"Feature","id":"40230:503010841","properties":{"id":"40230:503010841","meshCode":"503010841","cityCode":"40230","city":"糸島市","lat":33.4854167,"lon":130.053125,"areaKm2":0.2684365,"populated2020":true,"population2020":57.2455,"populationNote":"2020年基準の国交省調整値"},"geometry":{"type":"Polygon","coordinates":[[[130.05,33.483333333333334],[130.05,33.4875],[130.05625,33.4875],[130.05625,33.483333333333334],[130.05,33.483333333333334]]]}},{"type":"Feature","id":"40230:503010842","properties":{"id":"40230:503010842","meshCode":"503010842","cityCode":"40230","city":"糸島市","lat":33.4854167,"lon":130.059375,"areaKm2":0.2684359,"populated2020":true,"population2020":46.4672,"populationNote":"2020年基準の国交省調整値"},"geometry":{"type":"Polygon","coordinates":[[[130.05625,33.483333333333334],[130.05625,33.4875],[130.0625,33.4875],[130.0625,33.483333333333334],[130.05625,33.483333333333334]]]}},{"type":"Feature","id":"40230:503010851","properties":{"id":"40230:503010851","meshCode":"503010851","cityCode":"40230","city":"糸島市","lat":33.4854167,"lon":130.065625,"areaKm2":0.2684352,"populated2020":true,"population2020":3.9416,"populationNote":"2020年基準の国交省調整値"},"geometry":{"type":"Polygon","coordinates":[[[130.0625,33.483333333333334],[130.0625,33.4875],[130.06875,33.4875],[130.06875,33.48333333333334],[130.0625,33.483333333333334]]]}},{"type":"Feature","id":"40230:503010852","properties":{"id":"40230:503010852","meshCode":"503010852","cityCode":"40230","city":"糸島市","lat":33.4854167,"lon":130.071875,"areaKm2":0.2684345,"populated2020":true,"population2020":60.3023,"populationNote":"2020年基準の国交省調整値"},"geometry":{"type":"Polygon","coordinates":[[[130.06875,33.48333333333334],[130.06875,33.4875],[130.075,33.4875],[130.075,33.483333333333334],[130.06875,33.48333333333334]]]}},{"type":"Feature","id":"40230:503010861","properties":{"id":"40230:503010861","meshCode":"503010861","cityCode":"40230","city":"糸島市","lat":33.4854167,"lon":130.078125,"areaKm2":0.2684339,"populated2020":true,"population2020":25.6989,"populationNote":"2020年基準の国交省調整値"},"geometry":{"type":"Polygon","coordinates":[[[130.075,33.483333333333334],[130.075,33.4875],[130.08125,33.4875],[130.08125,33.483333333333334],[130.075,33.483333333333334]]]}},{"type":"Feature","id":"40230:503010862","properties":{"id":"40230:503010862","meshCode":"503010862","cityCode":"40230","city":"糸島市","lat":33.4854167,"lon":130.084375,"areaKm2":0.2684332,"populated2020":false,"population2020":null,"populationNote":"境界またぎ・原典収録外のため自治体内人口は未集計"},"geometry":{"type":"Polygon","coordinates":[[[130.08125,33.483333333333334],[130.08125,33.4875],[130.0875,33.4875],[130.0875,33.483333333333334],[130.08125,33.483333333333334]]]}},{"type":"Feature","id":"40230:503010871","properties":{"id":"40230:503010871","meshCode":"503010871","cityCode":"40230","city":"糸島市","lat":33.4854167,"lon":130.090625,"areaKm2":0.2684326,"populated2020":false,"population2020":null,"populationNote":"境界またぎ・原典収録外のため自治体内人口は未集計"},"geometry":{"type":"Polygon","coordinates":[[[130.0875,33.483333333333334],[130.0875,33.4875],[130.09375,33.4875],[130.09375,33.483333333333334],[130.0875,33.483333333333334]]]}},{"type":"Feature","id":"40230:503010872","properties":{"id":"40230:503010872","meshCode":"503010872","cityCode":"40230","city":"糸島市","lat":33.4854167,"lon":130.096875,"areaKm2":0.2684319,"populated2020":false,"population2020":null,"populationNote":"境界またぎ・原典収録外のため自治体内人口は未集計"},"geometry":{"type":"Polygon","coordinates":[[[130.09375,33.483333333333334],[130.09375,33.4875],[130.1,33.487500000000004],[130.1,33.483333333333334],[130.09375,33.483333333333334]]]}},{"type":"Feature","id":"40230:503010881","properties":{"id":"40230:503010881","meshCode":"503010881","cityCode":"40230","city":"糸島市","lat":33.4854167,"lon":130.103125,"areaKm2":0.2684313,"populated2020":false,"population2020":null,"populationNote":"境界またぎ・原典収録外のため自治体内人口は未集計"},"geometry":{"type":"Polygon","coordinates":[[[130.1,33.483333333333334],[130.1,33.487500000000004],[130.10625,33.48749999999999],[130.10625,33.483333333333334],[130.1,33.483333333333334]]]}},{"type":"Feature","id":"40230:503010882","properties":{"id":"40230:503010882","meshCode":"503010882","cityCode":"40230","city":"糸島市","lat":33.4854167,"lon":130.109375,"areaKm2":0.2684306,"populated2020":false,"population2020":null,"populationNote":"境界またぎ・原典収録外のため自治体内人口は未集計"},"geometry":{"type":"Polygon","coordinates":[[[130.10625,33.483333333333334],[130.10625,33.48749999999999],[130.1125,33.4875],[130.1125,33.483333333333334],[130.10625,33.483333333333334]]]}},{"type":"Feature","id":"40230:503010891","properties":{"id":"40230:503010891","meshCode":"503010891","cityCode":"40230","city":"糸島市","lat":33.4854167,"lon":130.115625,"areaKm2":0.26843,"populated2020":true,"population2020":5.9436,"populationNote":"2020年基準の国交省調整値"},"geometry":{"type":"Polygon","coordinates":[[[130.1125,33.483333333333334],[130.1125,33.4875],[130.11875,33.48749999999999],[130.11875,33.483333333333334],[130.1125,33.483333333333334]]]}},{"type":"Feature","id":"40230:503010892","properties":{"id":"40230:503010892","meshCode":"503010892","cityCode":"40230","city":"糸島市","lat":33.4854167,"lon":130.121875,"areaKm2":0.2684294,"populated2020":false,"population2020":null,"populationNote":"境界またぎ・原典収録外のため自治体内人口は未集計"},"geometry":{"type":"Polygon","coordinates":[[[130.11875,33.483333333333334],[130.11875,33.48749999999999],[130.125,33.4875],[130.125,33.48333333333334],[130.11875,33.483333333333334]]]}},{"type":"Feature","id":"40230:503011801","properties":{"id":"40230:503011801","meshCode":"503011801","cityCode":"40230","city":"糸島市","lat":33.4854167,"lon":130.128125,"areaKm2":0.2684288,"populated2020":false,"population2020":null,"populationNote":"境界またぎ・原典収録外のため自治体内人口は未集計"},"geometry":{"type":"Polygon","coordinates":[[[130.125,33.48333333333334],[130.125,33.4875],[130.13125,33.48749999999999],[130.13125,33.48333333333334],[130.125,33.48333333333334]]]}},{"type":"Feature","id":"40230:503011802","properties":{"id":"40230:503011802","meshCode":"503011802","cityCode":"40230","city":"糸島市","lat":33.4854167,"lon":130.134375,"areaKm2":0.2684281,"populated2020":false,"population2020":null,"populationNote":"境界またぎ・原典収録外のため自治体内人口は未集計"},"geometry":{"type":"Polygon","coordinates":[[[130.13125,33.48333333333334],[130.13125,33.48749999999999],[130.1375,33.4875],[130.1375,33.483333333333334],[130.13125,33.48333333333334]]]}},{"type":"Feature","id":"40230:503011811","properties":{"id":"40230:503011811","meshCode":"503011811","cityCode":"40230","city":"糸島市","lat":33.4854167,"lon":130.140625,"areaKm2":0.2684275,"populated2020":false,"population2020":null,"populationNote":"境界またぎ・原典収録外のため自治体内人口は未集計"},"geometry":{"type":"Polygon","coordinates":[[[130.1375,33.483333333333334],[130.1375,33.4875],[130.14375,33.4875],[130.14375,33.48333333333334],[130.1375,33.483333333333334]]]}},{"type":"Feature","id":"40230:503011812","properties":{"id":"40230:503011812","meshCode":"503011812","cityCode":"40230","city":"糸島市","lat":33.4854167,"lon":130.146875,"areaKm2":0.2684269,"populated2020":false,"population2020":null,"populationNote":"境界またぎ・原典収録外のため自治体内人口は未集計"},"geometry":{"type":"Polygon","coordinates":[[[130.14375,33.48333333333334],[130.14375,33.4875],[130.15,33.4875],[130.15,33.483333333333334],[130.14375,33.48333333333334]]]}},{"type":"Feature","id":"40230:503011821","properties":{"id":"40230:503011821","meshCode":"503011821","cityCode":"40230","city":"糸島市","lat":33.4854167,"lon":130.153125,"areaKm2":0.2684263,"populated2020":false,"population2020":null,"populationNote":"境界またぎ・原典収録外のため自治体内人口は未集計"},"geometry":{"type":"Polygon","coordinates":[[[130.15,33.483333333333334],[130.15,33.4875],[130.15625,33.487500000000004],[130.15625,33.483333333333334],[130.15,33.483333333333334]]]}},{"type":"Feature","id":"40230:503011822","properties":{"id":"40230:503011822","meshCode":"503011822","cityCode":"40230","city":"糸島市","lat":33.4854167,"lon":130.159375,"areaKm2":0.2684257,"populated2020":false,"population2020":null,"populationNote":"境界またぎ・原典収録外のため自治体内人口は未集計"},"geometry":{"type":"Polygon","coordinates":[[[130.15625,33.483333333333334],[130.15625,33.487500000000004],[130.1625,33.487500000000004],[130.1625,33.48333333333334],[130.15625,33.483333333333334]]]}},{"type":"Feature","id":"40230:503011831","properties":{"id":"40230:503011831","meshCode":"503011831","cityCode":"40230","city":"糸島市","lat":33.4854167,"lon":130.165625,"areaKm2":0.2684251,"populated2020":false,"population2020":null,"populationNote":"境界またぎ・原典収録外のため自治体内人口は未集計"},"geometry":{"type":"Polygon","coordinates":[[[130.1625,33.48333333333334],[130.1625,33.487500000000004],[130.16875,33.4875],[130.16875,33.483333333333334],[130.1625,33.48333333333334]]]}},{"type":"Feature","id":"40230:503011832","properties":{"id":"40230:503011832","meshCode":"503011832","cityCode":"40230","city":"糸島市","lat":33.4854167,"lon":130.171875,"areaKm2":0.2684245,"populated2020":false,"population2020":null,"populationNote":"境界またぎ・原典収録外のため自治体内人口は未集計"},"geometry":{"type":"Polygon","coordinates":[[[130.16875,33.483333333333334],[130.16875,33.4875],[130.175,33.4875],[130.175,33.48333333333334],[130.16875,33.483333333333334]]]}},{"type":"Feature","id":"40230:503011841","properties":{"id":"40230:503011841","meshCode":"503011841","cityCode":"40230","city":"糸島市","lat":33.4854167,"lon":130.178125,"areaKm2":0.2684239,"populated2020":true,"population2020":87.0473,"populationNote":"2020年基準の国交省調整値"},"geometry":{"type":"Polygon","coordinates":[[[130.175,33.48333333333334],[130.175,33.4875],[130.18125,33.4875],[130.18125,33.483333333333334],[130.175,33.48333333333334]]]}},{"type":"Feature","id":"40230:503011842","properties":{"id":"40230:503011842","meshCode":"503011842","cityCode":"40230","city":"糸島市","lat":33.4854167,"lon":130.184375,"areaKm2":0.2684233,"populated2020":true,"population2020":5.924,"populationNote":"2020年基準の国交省調整値"},"geometry":{"type":"Polygon","coordinates":[[[130.18125,33.483333333333334],[130.18125,33.4875],[130.1875,33.4875],[130.1875,33.483333333333334],[130.18125,33.483333333333334]]]}},{"type":"Feature","id":"40230:503011851","properties":{"id":"40230:503011851","meshCode":"503011851","cityCode":"40230","city":"糸島市","lat":33.4854167,"lon":130.190625,"areaKm2":0.2684227,"populated2020":false,"population2020":null,"populationNote":"境界またぎ・原典収録外のため自治体内人口は未集計"},"geometry":{"type":"Polygon","coordinates":[[[130.1875,33.483333333333334],[130.1875,33.4875],[130.19375,33.487500000000004],[130.19375,33.48333333333334],[130.1875,33.483333333333334]]]}},{"type":"Feature","id":"40230:503011852","properties":{"id":"40230:503011852","meshCode":"503011852","cityCode":"40230","city":"糸島市","lat":33.4854167,"lon":130.196875,"areaKm2":0.2684222,"populated2020":false,"population2020":null,"populationNote":"境界またぎ・原典収録外のため自治体内人口は未集計"},"geometry":{"type":"Polygon","coordinates":[[[130.19375,33.48333333333334],[130.19375,33.487500000000004],[130.2,33.487500000000004],[130.2,33.483333333333334],[130.19375,33.48333333333334]]]}},{"type":"Feature","id":"40230:503011861","properties":{"id":"40230:503011861","meshCode":"503011861","cityCode":"40230","city":"糸島市","lat":33.4854167,"lon":130.203125,"areaKm2":0.2684216,"populated2020":false,"population2020":null,"populationNote":"境界またぎ・原典収録外のため自治体内人口は未集計"},"geometry":{"type":"Polygon","coordinates":[[[130.2,33.483333333333334],[130.2,33.487500000000004],[130.20625,33.4875],[130.20625,33.48333333333334],[130.2,33.483333333333334]]]}},{"type":"Feature","id":"40230:503011862","properties":{"id":"40230:503011862","meshCode":"503011862","cityCode":"40230","city":"糸島市","lat":33.4854167,"lon":130.209375,"areaKm2":0.268421,"populated2020":false,"population2020":null,"populationNote":"境界またぎ・原典収録外のため自治体内人口は未集計"},"geometry":{"type":"Polygon","coordinates":[[[130.20625,33.48333333333334],[130.20625,33.4875],[130.2125,33.48749999999999],[130.2125,33.483333333333334],[130.20625,33.48333333333334]]]}},{"type":"Feature","id":"40230:503011871","properties":{"id":"40230:503011871","meshCode":"503011871","cityCode":"40230","city":"糸島市","lat":33.4854167,"lon":130.215625,"areaKm2":0.2684205,"populated2020":false,"population2020":null,"populationNote":"境界またぎ・原典収録外のため自治体内人口は未集計"},"geometry":{"type":"Polygon","coordinates":[[[130.2125,33.483333333333334],[130.2125,33.48749999999999],[130.21875,33.4875],[130.21875,33.483333333333334],[130.2125,33.483333333333334]]]}},{"type":"Feature","id":"40230:503011872","properties":{"id":"40230:503011872","meshCode":"503011872","cityCode":"40230","city":"糸島市","lat":33.4854167,"lon":130.221875,"areaKm2":0.2684199,"populated2020":false,"population2020":null,"populationNote":"境界またぎ・原典収録外のため自治体内人口は未集計"},"geometry":{"type":"Polygon","coordinates":[[[130.21875,33.483333333333334],[130.21875,33.4875],[130.225,33.4875],[130.225,33.483333333333334],[130.21875,33.483333333333334]]]}},{"type":"Feature","id":"40230:503011881","properties":{"id":"40230:503011881","meshCode":"503011881","cityCode":"40230","city":"糸島市","lat":33.4854167,"lon":130.228125,"areaKm2":0.2684194,"populated2020":false,"population2020":null,"populationNote":"境界またぎ・原典収録外のため自治体内人口は未集計"},"geometry":{"type":"Polygon","coordinates":[[[130.225,33.483333333333334],[130.225,33.4875],[130.23125,33.487500000000004],[130.23125,33.483333333333334],[130.225,33.483333333333334]]]}},{"type":"Feature","id":"40230:503011882","properties":{"id":"40230:503011882","meshCode":"503011882","cityCode":"40230","city":"糸島市","lat":33.4854167,"lon":130.234375,"areaKm2":0.2684188,"populated2020":false,"population2020":null,"populationNote":"境界またぎ・原典収録外のため自治体内人口は未集計"},"geometry":{"type":"Polygon","coordinates":[[[130.23125,33.483333333333334],[130.23125,33.487500000000004],[130.2375,33.487500000000004],[130.2375,33.483333333333334],[130.23125,33.483333333333334]]]}},{"type":"Feature","id":"40230:503011891","properties":{"id":"40230:503011891","meshCode":"503011891","cityCode":"40230","city":"糸島市","lat":33.4854167,"lon":130.240625,"areaKm2":0.2684183,"populated2020":false,"population2020":null,"populationNote":"境界またぎ・原典収録外のため自治体内人口は未集計"},"geometry":{"type":"Polygon","coordinates":[[[130.2375,33.483333333333334],[130.2375,33.487500000000004],[130.24375,33.4875],[130.24375,33.483333333333334],[130.2375,33.483333333333334]]]}},{"type":"Feature","id":"40230:503011892","properties":{"id":"40230:503011892","meshCode":"503011892","cityCode":"40230","city":"糸島市","lat":33.4854167,"lon":130.246875,"areaKm2":0.2684177,"populated2020":false,"population2020":null,"populationNote":"境界またぎ・原典収録外のため自治体内人口は未集計"},"geometry":{"type":"Polygon","coordinates":[[[130.24375,33.483333333333334],[130.24375,33.4875],[130.25000000000003,33.487500000000004],[130.25000000000003,33.48333333333334],[130.24375,33.483333333333334]]]}},{"type":"Feature","id":"40230:503012801","properties":{"id":"40230:503012801","meshCode":"503012801","cityCode":"40230","city":"糸島市","lat":33.4854167,"lon":130.253125,"areaKm2":0.2684172,"populated2020":false,"population2020":null,"populationNote":"境界またぎ・原典収録外のため自治体内人口は未集計"},"geometry":{"type":"Polygon","coordinates":[[[130.25000000000003,33.48333333333334],[130.25000000000003,33.487500000000004],[130.25625,33.4875],[130.25625,33.483333333333334],[130.25000000000003,33.48333333333334]]]}},{"type":"Feature","id":"40230:503012802","properties":{"id":"40230:503012802","meshCode":"503012802","cityCode":"40230","city":"糸島市","lat":33.4854167,"lon":130.259375,"areaKm2":0.2684167,"populated2020":false,"population2020":null,"populationNote":"境界またぎ・原典収録外のため自治体内人口は未集計"},"geometry":{"type":"Polygon","coordinates":[[[130.25625,33.483333333333334],[130.25625,33.4875],[130.2625,33.4875],[130.2625,33.483333333333334],[130.25625,33.483333333333334]]]}},{"type":"Feature","id":"40230:503012811","properties":{"id":"40230:503012811","meshCode":"503012811","cityCode":"40230","city":"糸島市","lat":33.4854167,"lon":130.265625,"areaKm2":0.2684161,"populated2020":false,"population2020":null,"populationNote":"境界またぎ・原典収録外のため自治体内人口は未集計"},"geometry":{"type":"Polygon","coordinates":[[[130.2625,33.483333333333334],[130.2625,33.4875],[130.26875,33.4875],[130.26875,33.48333333333333],[130.2625,33.483333333333334]]]}},{"type":"Feature","id":"40230:503012812","properties":{"id":"40230:503012812","meshCode":"503012812","cityCode":"40230","city":"糸島市","lat":33.4854167,"lon":130.271875,"areaKm2":0.1824311,"populated2020":false,"population2020":null,"populationNote":"境界またぎ・原典収録外のため自治体内人口は未集計"},"geometry":{"type":"Polygon","coordinates":[[[130.27260235695786,33.4875],[130.27274166,33.487079162],[130.272716939,33.48656694600001],[130.27285861200002,33.485934162],[130.272853606,33.48548861300001],[130.27304027200003,33.484726667],[130.273529442,33.483743892],[130.27353416301102,33.483333333333334],[130.26875,33.48333333333333],[130.26875,33.4875],[130.27260235695786,33.4875]]]}},{"type":"Feature","id":"40230:503010834","properties":{"id":"40230:503010834","meshCode":"503010834","cityCode":"40230","city":"糸島市","lat":33.4879423,"lon":130.0493932,"areaKm2":0.024242,"populated2020":true,"population2020":6.8813,"populationNote":"2020年基準の国交省調整値"},"geometry":{"type":"MultiPolygon","coordinates":[[[[130.0489151329456,33.4875],[130.049500947,33.488364559],[130.04956625200003,33.488373721],[130.049553359,33.48824469400002],[130.049654163,33.488138333],[130.049386641,33.487627225],[130.04950894859323,33.4875],[130.0489151329456,33.4875]]],[[[130.049550921,33.48753091900001],[130.049443113,33.487707891999996],[130.049757951,33.488270495],[130.049585305,33.48824636],[130.049582166,33.488503135],[130.049911699,33.489328946],[130.05,33.489970027],[130.05,33.4875],[130.049550921,33.48753091900001]]],[[[130.049991699,33.48998344099999],[130.049968327,33.490387559000006],[130.049709948,33.490814775000004],[130.049034137,33.491023000000006],[130.048548911,33.490934532],[130.048278495,33.49105994600001],[130.048042049,33.491378559000005],[130.04807577200646,33.49166666666668],[130.05,33.49166666666667],[130.049991699,33.48998344099999]]]]}},{"type":"Feature","id":"40230:503010843","properties":{"id":"40230:503010843","meshCode":"503010843","cityCode":"40230","city":"糸島市","lat":33.4895833,"lon":130.053125,"areaKm2":0.2684104,"populated2020":true,"population2020":25.713,"populationNote":"2020年基準の国交省調整値"},"geometry":{"type":"Polygon","coordinates":[[[130.050016135,33.48997135999999],[130.05013786,33.489970667],[130.05,33.489983027],[130.05,33.49166666666667],[130.05625,33.491666666666674],[130.05625,33.4875],[130.05,33.4875],[130.050016135,33.48997135999999]]]}},{"type":"Feature","id":"40230:503010844","properties":{"id":"40230:503010844","meshCode":"503010844","cityCode":"40230","city":"糸島市","lat":33.4895833,"lon":130.059375,"areaKm2":0.2684232,"populated2020":true,"population2020":20.7999,"populationNote":"2020年基準の国交省調整値"},"geometry":{"type":"Polygon","coordinates":[[[130.05625,33.4875],[130.05625,33.491666666666674],[130.0625,33.491666666666674],[130.0625,33.4875],[130.05625,33.4875]]]}},{"type":"Feature","id":"40230:503010853","properties":{"id":"40230:503010853","meshCode":"503010853","cityCode":"40230","city":"糸島市","lat":33.4895833,"lon":130.065625,"areaKm2":0.2684225,"populated2020":false,"population2020":null,"populationNote":"境界またぎ・原典収録外のため自治体内人口は未集計"},"geometry":{"type":"Polygon","coordinates":[[[130.0625,33.4875],[130.0625,33.491666666666674],[130.06875,33.49166666666667],[130.06875,33.4875],[130.0625,33.4875]]]}},{"type":"Feature","id":"40230:503010854","properties":{"id":"40230:503010854","meshCode":"503010854","cityCode":"40230","city":"糸島市","lat":33.4895833,"lon":130.071875,"areaKm2":0.2684219,"populated2020":true,"population2020":160.3462,"populationNote":"2020年基準の国交省調整値"},"geometry":{"type":"Polygon","coordinates":[[[130.06875,33.4875],[130.06875,33.49166666666667],[130.075,33.491666666666674],[130.075,33.4875],[130.06875,33.4875]]]}},{"type":"Feature","id":"40230:503010863","properties":{"id":"40230:503010863","meshCode":"503010863","cityCode":"40230","city":"糸島市","lat":33.4895833,"lon":130.078125,"areaKm2":0.2684212,"populated2020":false,"population2020":null,"populationNote":"境界またぎ・原典収録外のため自治体内人口は未集計"},"geometry":{"type":"Polygon","coordinates":[[[130.075,33.4875],[130.075,33.491666666666674],[130.08125,33.49166666666667],[130.08125,33.4875],[130.075,33.4875]]]}},{"type":"Feature","id":"40230:503010864","properties":{"id":"40230:503010864","meshCode":"503010864","cityCode":"40230","city":"糸島市","lat":33.4895833,"lon":130.084375,"areaKm2":0.2684205,"populated2020":false,"population2020":null,"populationNote":"境界またぎ・原典収録外のため自治体内人口は未集計"},"geometry":{"type":"Polygon","coordinates":[[[130.08125,33.4875],[130.08125,33.49166666666667],[130.0875,33.49166666666666],[130.0875,33.4875],[130.08125,33.4875]]]}},{"type":"Feature","id":"40230:503010873","properties":{"id":"40230:503010873","meshCode":"503010873","cityCode":"40230","city":"糸島市","lat":33.4895833,"lon":130.090625,"areaKm2":0.2684199,"populated2020":false,"population2020":null,"populationNote":"境界またぎ・原典収録外のため自治体内人口は未集計"},"geometry":{"type":"Polygon","coordinates":[[[130.0875,33.4875],[130.0875,33.49166666666666],[130.09375,33.49166666666667],[130.09375,33.4875],[130.0875,33.4875]]]}},{"type":"Feature","id":"40230:503010874","properties":{"id":"40230:503010874","meshCode":"503010874","cityCode":"40230","city":"糸島市","lat":33.4895833,"lon":130.096875,"areaKm2":0.2684192,"populated2020":false,"population2020":null,"populationNote":"境界またぎ・原典収録外のため自治体内人口は未集計"},"geometry":{"type":"Polygon","coordinates":[[[130.09375,33.4875],[130.09375,33.49166666666667],[130.1,33.491666666666674],[130.1,33.487500000000004],[130.09375,33.4875]]]}},{"type":"Feature","id":"40230:503010883","properties":{"id":"40230:503010883","meshCode":"503010883","cityCode":"40230","city":"糸島市","lat":33.4895833,"lon":130.103125,"areaKm2":0.2684186,"populated2020":false,"population2020":null,"populationNote":"境界またぎ・原典収録外のため自治体内人口は未集計"},"geometry":{"type":"Polygon","coordinates":[[[130.1,33.487500000000004],[130.1,33.491666666666674],[130.10625,33.491666666666674],[130.10625,33.48749999999999],[130.1,33.487500000000004]]]}},{"type":"Feature","id":"40230:503010884","properties":{"id":"40230:503010884","meshCode":"503010884","cityCode":"40230","city":"糸島市","lat":33.4895833,"lon":130.109375,"areaKm2":0.268418,"populated2020":false,"population2020":null,"populationNote":"境界またぎ・原典収録外のため自治体内人口は未集計"},"geometry":{"type":"Polygon","coordinates":[[[130.10625,33.48749999999999],[130.10625,33.491666666666674],[130.1125,33.491666666666674],[130.1125,33.4875],[130.10625,33.48749999999999]]]}},{"type":"Feature","id":"40230:503010893","properties":{"id":"40230:503010893","meshCode":"503010893","cityCode":"40230","city":"糸島市","lat":33.4895833,"lon":130.115625,"areaKm2":0.2684173,"populated2020":false,"population2020":null,"populationNote":"境界またぎ・原典収録外のため自治体内人口は未集計"},"geometry":{"type":"Polygon","coordinates":[[[130.1125,33.4875],[130.1125,33.491666666666674],[130.11875,33.491666666666674],[130.11875,33.48749999999999],[130.1125,33.4875]]]}},{"type":"Feature","id":"40230:503010894","properties":{"id":"40230:503010894","meshCode":"503010894","cityCode":"40230","city":"糸島市","lat":33.4895833,"lon":130.121875,"areaKm2":0.2684167,"populated2020":false,"population2020":null,"populationNote":"境界またぎ・原典収録外のため自治体内人口は未集計"},"geometry":{"type":"Polygon","coordinates":[[[130.11875,33.48749999999999],[130.11875,33.491666666666674],[130.125,33.49166666666667],[130.125,33.4875],[130.11875,33.48749999999999]]]}},{"type":"Feature","id":"40230:503011803","properties":{"id":"40230:503011803","meshCode":"503011803","cityCode":"40230","city":"糸島市","lat":33.4895833,"lon":130.128125,"areaKm2":0.2684161,"populated2020":false,"population2020":null,"populationNote":"境界またぎ・原典収録外のため自治体内人口は未集計"},"geometry":{"type":"Polygon","coordinates":[[[130.125,33.4875],[130.125,33.49166666666667],[130.13125,33.49166666666667],[130.13125,33.48749999999999],[130.125,33.4875]]]}},{"type":"Feature","id":"40230:503011804","properties":{"id":"40230:503011804","meshCode":"503011804","cityCode":"40230","city":"糸島市","lat":33.4895833,"lon":130.134375,"areaKm2":0.2684155,"populated2020":false,"population2020":null,"populationNote":"境界またぎ・原典収録外のため自治体内人口は未集計"},"geometry":{"type":"Polygon","coordinates":[[[130.13125,33.48749999999999],[130.13125,33.49166666666667],[130.1375,33.49166666666667],[130.1375,33.4875],[130.13125,33.48749999999999]]]}},{"type":"Feature","id":"40230:503011813","properties":{"id":"40230:503011813","meshCode":"503011813","cityCode":"40230","city":"糸島市","lat":33.4895833,"lon":130.140625,"areaKm2":0.2684148,"populated2020":false,"population2020":null,"populationNote":"境界またぎ・原典収録外のため自治体内人口は未集計"},"geometry":{"type":"Polygon","coordinates":[[[130.1375,33.4875],[130.1375,33.49166666666667],[130.14375,33.491666666666674],[130.14375,33.4875],[130.1375,33.4875]]]}},{"type":"Feature","id":"40230:503011814","properties":{"id":"40230:503011814","meshCode":"503011814","cityCode":"40230","city":"糸島市","lat":33.4895833,"lon":130.146875,"areaKm2":0.2684142,"populated2020":false,"population2020":null,"populationNote":"境界またぎ・原典収録外のため自治体内人口は未集計"},"geometry":{"type":"Polygon","coordinates":[[[130.14375,33.4875],[130.14375,33.491666666666674],[130.15,33.49166666666667],[130.15,33.4875],[130.14375,33.4875]]]}},{"type":"Feature","id":"40230:503011823","properties":{"id":"40230:503011823","meshCode":"503011823","cityCode":"40230","city":"糸島市","lat":33.4895833,"lon":130.153125,"areaKm2":0.2684136,"populated2020":false,"population2020":null,"populationNote":"境界またぎ・原典収録外のため自治体内人口は未集計"},"geometry":{"type":"Polygon","coordinates":[[[130.15,33.4875],[130.15,33.49166666666667],[130.15625,33.491666666666674],[130.15625,33.487500000000004],[130.15,33.4875]]]}},{"type":"Feature","id":"40230:503011824","properties":{"id":"40230:503011824","meshCode":"503011824","cityCode":"40230","city":"糸島市","lat":33.4895833,"lon":130.159375,"areaKm2":0.268413,"populated2020":false,"population2020":null,"populationNote":"境界またぎ・原典収録外のため自治体内人口は未集計"},"geometry":{"type":"Polygon","coordinates":[[[130.15625,33.487500000000004],[130.15625,33.491666666666674],[130.1625,33.491666666666674],[130.1625,33.487500000000004],[130.15625,33.487500000000004]]]}},{"type":"Feature","id":"40230:503011833","properties":{"id":"40230:503011833","meshCode":"503011833","cityCode":"40230","city":"糸島市","lat":33.4895833,"lon":130.165625,"areaKm2":0.2684124,"populated2020":false,"population2020":null,"populationNote":"境界またぎ・原典収録外のため自治体内人口は未集計"},"geometry":{"type":"Polygon","coordinates":[[[130.1625,33.487500000000004],[130.1625,33.491666666666674],[130.16875,33.49166666666668],[130.16875,33.4875],[130.1625,33.487500000000004]]]}},{"type":"Feature","id":"40230:503011834","properties":{"id":"40230:503011834","meshCode":"503011834","cityCode":"40230","city":"糸島市","lat":33.4895833,"lon":130.171875,"areaKm2":0.2684118,"populated2020":false,"population2020":null,"populationNote":"境界またぎ・原典収録外のため自治体内人口は未集計"},"geometry":{"type":"Polygon","coordinates":[[[130.16875,33.4875],[130.16875,33.49166666666668],[130.175,33.49166666666668],[130.175,33.4875],[130.16875,33.4875]]]}},{"type":"Feature","id":"40230:503011843","properties":{"id":"40230:503011843","meshCode":"503011843","cityCode":"40230","city":"糸島市","lat":33.4895833,"lon":130.178125,"areaKm2":0.2684112,"populated2020":true,"population2020":1.9848,"populationNote":"2020年基準の国交省調整値"},"geometry":{"type":"Polygon","coordinates":[[[130.175,33.4875],[130.175,33.49166666666668],[130.18125,33.491666666666674],[130.18125,33.4875],[130.175,33.4875]]]}},{"type":"Feature","id":"40230:503011844","properties":{"id":"40230:503011844","meshCode":"503011844","cityCode":"40230","city":"糸島市","lat":33.4895833,"lon":130.184375,"areaKm2":0.2684107,"populated2020":false,"population2020":null,"populationNote":"境界またぎ・原典収録外のため自治体内人口は未集計"},"geometry":{"type":"Polygon","coordinates":[[[130.18125,33.4875],[130.18125,33.491666666666674],[130.1875,33.49166666666667],[130.1875,33.4875],[130.18125,33.4875]]]}},{"type":"Feature","id":"40230:503011853","properties":{"id":"40230:503011853","meshCode":"503011853","cityCode":"40230","city":"糸島市","lat":33.4895833,"lon":130.190625,"areaKm2":0.2684101,"populated2020":false,"population2020":null,"populationNote":"境界またぎ・原典収録外のため自治体内人口は未集計"},"geometry":{"type":"Polygon","coordinates":[[[130.1875,33.4875],[130.1875,33.49166666666667],[130.19375,33.49166666666667],[130.19375,33.487500000000004],[130.1875,33.4875]]]}},{"type":"Feature","id":"40230:503011854","properties":{"id":"40230:503011854","meshCode":"503011854","cityCode":"40230","city":"糸島市","lat":33.4895833,"lon":130.196875,"areaKm2":0.2684095,"populated2020":false,"population2020":null,"populationNote":"境界またぎ・原典収録外のため自治体内人口は未集計"},"geometry":{"type":"Polygon","coordinates":[[[130.19375,33.487500000000004],[130.19375,33.49166666666667],[130.2,33.49166666666667],[130.2,33.487500000000004],[130.19375,33.487500000000004]]]}},{"type":"Feature","id":"40230:503011863","properties":{"id":"40230:503011863","meshCode":"503011863","cityCode":"40230","city":"糸島市","lat":33.4895833,"lon":130.203125,"areaKm2":0.2684089,"populated2020":false,"population2020":null,"populationNote":"境界またぎ・原典収録外のため自治体内人口は未集計"},"geometry":{"type":"Polygon","coordinates":[[[130.2,33.487500000000004],[130.2,33.49166666666667],[130.20625,33.49166666666667],[130.20625,33.4875],[130.2,33.487500000000004]]]}},{"type":"Feature","id":"40230:503011864","properties":{"id":"40230:503011864","meshCode":"503011864","cityCode":"40230","city":"糸島市","lat":33.4895833,"lon":130.209375,"areaKm2":0.2684084,"populated2020":false,"population2020":null,"populationNote":"境界またぎ・原典収録外のため自治体内人口は未集計"},"geometry":{"type":"Polygon","coordinates":[[[130.20625,33.4875],[130.20625,33.49166666666667],[130.2125,33.491666666666674],[130.2125,33.48749999999999],[130.20625,33.4875]]]}},{"type":"Feature","id":"40230:503011873","properties":{"id":"40230:503011873","meshCode":"503011873","cityCode":"40230","city":"糸島市","lat":33.4895833,"lon":130.215625,"areaKm2":0.2684078,"populated2020":false,"population2020":null,"populationNote":"境界またぎ・原典収録外のため自治体内人口は未集計"},"geometry":{"type":"Polygon","coordinates":[[[130.2125,33.48749999999999],[130.2125,33.491666666666674],[130.21875,33.491666666666674],[130.21875,33.4875],[130.2125,33.48749999999999]]]}},{"type":"Feature","id":"40230:503011874","properties":{"id":"40230:503011874","meshCode":"503011874","cityCode":"40230","city":"糸島市","lat":33.4895833,"lon":130.221875,"areaKm2":0.2684072,"populated2020":false,"population2020":null,"populationNote":"境界またぎ・原典収録外のため自治体内人口は未集計"},"geometry":{"type":"Polygon","coordinates":[[[130.21875,33.4875],[130.21875,33.491666666666674],[130.225,33.49166666666667],[130.225,33.4875],[130.21875,33.4875]]]}},{"type":"Feature","id":"40230:503011883","properties":{"id":"40230:503011883","meshCode":"503011883","cityCode":"40230","city":"糸島市","lat":33.4895833,"lon":130.228125,"areaKm2":0.2684067,"populated2020":false,"population2020":null,"populationNote":"境界またぎ・原典収録外のため自治体内人口は未集計"},"geometry":{"type":"Polygon","coordinates":[[[130.225,33.4875],[130.225,33.49166666666667],[130.23125,33.491666666666674],[130.23125,33.487500000000004],[130.225,33.4875]]]}},{"type":"Feature","id":"40230:503011884","properties":{"id":"40230:503011884","meshCode":"503011884","cityCode":"40230","city":"糸島市","lat":33.4895833,"lon":130.234375,"areaKm2":0.2684061,"populated2020":false,"population2020":null,"populationNote":"境界またぎ・原典収録外のため自治体内人口は未集計"},"geometry":{"type":"Polygon","coordinates":[[[130.23125,33.487500000000004],[130.23125,33.491666666666674],[130.2375,33.491666666666674],[130.2375,33.487500000000004],[130.23125,33.487500000000004]]]}},{"type":"Feature","id":"40230:503011893","properties":{"id":"40230:503011893","meshCode":"503011893","cityCode":"40230","city":"糸島市","lat":33.4895833,"lon":130.240625,"areaKm2":0.2684056,"populated2020":false,"population2020":null,"populationNote":"境界またぎ・原典収録外のため自治体内人口は未集計"},"geometry":{"type":"Polygon","coordinates":[[[130.2375,33.487500000000004],[130.2375,33.491666666666674],[130.24375,33.49166666666667],[130.24375,33.4875],[130.2375,33.487500000000004]]]}},{"type":"Feature","id":"40230:503011894","properties":{"id":"40230:503011894","meshCode":"503011894","cityCode":"40230","city":"糸島市","lat":33.4895833,"lon":130.246875,"areaKm2":0.2684051,"populated2020":false,"population2020":null,"populationNote":"境界またぎ・原典収録外のため自治体内人口は未集計"},"geometry":{"type":"Polygon","coordinates":[[[130.24375,33.4875],[130.24375,33.49166666666667],[130.25000000000003,33.491666666666674],[130.25000000000003,33.487500000000004],[130.24375,33.4875]]]}},{"type":"Feature","id":"40230:503012803","properties":{"id":"40230:503012803","meshCode":"503012803","cityCode":"40230","city":"糸島市","lat":33.4895833,"lon":130.253125,"areaKm2":0.2684045,"populated2020":false,"population2020":null,"populationNote":"境界またぎ・原典収録外のため自治体内人口は未集計"},"geometry":{"type":"Polygon","coordinates":[[[130.25000000000003,33.487500000000004],[130.25000000000003,33.491666666666674],[130.25625,33.49166666666667],[130.25625,33.4875],[130.25000000000003,33.487500000000004]]]}},{"type":"Feature","id":"40230:503012804","properties":{"id":"40230:503012804","meshCode":"503012804","cityCode":"40230","city":"糸島市","lat":33.4895833,"lon":130.259375,"areaKm2":0.268404,"populated2020":false,"population2020":null,"populationNote":"境界またぎ・原典収録外のため自治体内人口は未集計"},"geometry":{"type":"Polygon","coordinates":[[[130.25625,33.4875],[130.25625,33.49166666666667],[130.2625,33.491666666666674],[130.2625,33.4875],[130.25625,33.4875]]]}},{"type":"Feature","id":"40230:503012813","properties":{"id":"40230:503012813","meshCode":"503012813","cityCode":"40230","city":"糸島市","lat":33.4895833,"lon":130.265625,"areaKm2":0.2684035,"populated2020":false,"population2020":null,"populationNote":"境界またぎ・原典収録外のため自治体内人口は未集計"},"geometry":{"type":"Polygon","coordinates":[[[130.2625,33.4875],[130.2625,33.491666666666674],[130.26875,33.491666666666674],[130.26875,33.4875],[130.2625,33.4875]]]}},{"type":"Feature","id":"40230:503012814","properties":{"id":"40230:503012814","meshCode":"503012814","cityCode":"40230","city":"糸島市","lat":33.4895833,"lon":130.271875,"areaKm2":0.2441749,"populated2020":false,"population2020":null,"populationNote":"境界またぎ・原典収録外のため自治体内人口は未集計"},"geometry":{"type":"Polygon","coordinates":[[[130.275,33.491547919000006],[130.275,33.48916636],[130.274602503,33.489127225],[130.274518054,33.488815],[130.273946667,33.488222495],[130.273806109,33.488183891999995],[130.273060558,33.488315828999994],[130.272733606,33.488269161999995],[130.27273917,33.487957775],[130.27260235695786,33.4875],[130.26875,33.4875],[130.26875,33.491666666666674],[130.27489350229894,33.491666666666674],[130.275,33.491547919000006]]]}},{"type":"Feature","id":"40230:503012823","properties":{"id":"40230:503012823","meshCode":"503012823","cityCode":"40230","city":"糸島市","lat":33.4903083,"lon":130.2752562,"areaKm2":0.0125436,"populated2020":false,"population2020":null,"populationNote":"境界またぎ・原典収録外のため自治体内人口は未集計"},"geometry":{"type":"Polygon","coordinates":[[[130.275184449,33.491342225],[130.275585551,33.490116107999995],[130.276033606,33.489422775],[130.275903891,33.489320000000006],[130.275468054,33.48928527899999],[130.275274449,33.489141387],[130.275,33.48916636],[130.275,33.491547919000006],[130.275184449,33.491342225]]]}},{"type":"Feature","id":"40230:503010932","properties":{"id":"40230:503010932","meshCode":"503010932","cityCode":"40230","city":"糸島市","lat":33.4937525,"lon":130.0485571,"areaKm2":0.1452705,"populated2020":true,"population2020":1.9799,"populationNote":"2020年基準の国交省調整値"},"geometry":{"type":"MultiPolygon","coordinates":[[[[130.047726329,33.492282306],[130.047616887,33.492330054],[130.047803865,33.492306532],[130.047726329,33.492282306]]],[[[130.044537951,33.494040586],[130.044467613,33.494056532],[130.04447655,33.494153613],[130.04456297,33.494115333],[130.044537951,33.494040586]]],[[[130.048075772,33.491666667],[130.048016057,33.49282091900001],[130.047785914,33.493257252],[130.047413087,33.49359736],[130.047050973,33.49377402699999],[130.046739001,33.493822108],[130.046419364,33.493816495],[130.046096226,33.493715802000004],[130.045936226,33.493604856],[130.046291232,33.493085802],[130.046116109,33.493226829],[130.045822529,33.493756901000005],[130.045581089,33.493586441],[130.04539128400003,33.49365430600001],[130.045558638,33.493759829],[130.045400441,33.493856333],[130.045374864,33.494021495000005],[130.044992477,33.49405291899999],[130.044836861,33.494200748],[130.044545357,33.494248559],[130.044383113,33.494381468],[130.044452244,33.494210775000006],[130.044292503,33.494195027],[130.044320415,33.494279441],[130.044242555,33.494325468],[130.044299196,33.494409586],[130.044196835,33.49453780200001],[130.044274812,33.494846333],[130.044830661,33.495381946],[130.04495497418958,33.49583333333334],[130.04759052847177,33.49583333333333],[130.047597198,33.495507026999995],[130.048428664,33.495226251999995],[130.049338885,33.495208162],[130.05,33.49527594599999],[130.05,33.49166666666667],[130.048075772,33.491666667]]]]}},{"type":"Feature","id":"40230:503010941","properties":{"id":"40230:503010941","meshCode":"503010941","cityCode":"40230","city":"糸島市","lat":33.49375,"lon":130.053125,"areaKm2":0.2555717,"populated2020":true,"population2020":9.8461,"populationNote":"2020年基準の国交省調整値"},"geometry":{"type":"Polygon","coordinates":[[[130.05,33.49527594599999],[130.053657497,33.495760306],[130.05389341100002,33.495688721],[130.054009728,33.495781108],[130.05434283009916,33.49583333333334],[130.05460295719308,33.49583333333334],[130.054662996,33.49553841400001],[130.05464065117087,33.49583333333334],[130.05625,33.49583333333333],[130.05625,33.491666666666674],[130.05,33.49166666666667],[130.05,33.49527594599999]]]}},{"type":"Feature","id":"40230:503010942","properties":{"id":"40230:503010942","meshCode":"503010942","cityCode":"40230","city":"糸島市","lat":33.49375,"lon":130.059375,"areaKm2":0.2684105,"populated2020":false,"population2020":null,"populationNote":"境界またぎ・原典収録外のため自治体内人口は未集計"},"geometry":{"type":"Polygon","coordinates":[[[130.05625,33.491666666666674],[130.05625,33.49583333333333],[130.0625,33.49583333333333],[130.0625,33.491666666666674],[130.05625,33.491666666666674]]]}},{"type":"Feature","id":"40230:503010951","properties":{"id":"40230:503010951","meshCode":"503010951","cityCode":"40230","city":"糸島市","lat":33.49375,"lon":130.065625,"areaKm2":0.2684098,"populated2020":false,"population2020":null,"populationNote":"境界またぎ・原典収録外のため自治体内人口は未集計"},"geometry":{"type":"Polygon","coordinates":[[[130.0625,33.491666666666674],[130.0625,33.49583333333333],[130.06875,33.49583333333333],[130.06875,33.49166666666667],[130.0625,33.491666666666674]]]}},{"type":"Feature","id":"40230:503010952","properties":{"id":"40230:503010952","meshCode":"503010952","cityCode":"40230","city":"糸島市","lat":33.49375,"lon":130.071875,"areaKm2":0.2684092,"populated2020":true,"population2020":50.4574,"populationNote":"2020年基準の国交省調整値"},"geometry":{"type":"Polygon","coordinates":[[[130.06875,33.49166666666667],[130.06875,33.49583333333333],[130.075,33.49583333333334],[130.075,33.491666666666674],[130.06875,33.49166666666667]]]}},{"type":"Feature","id":"40230:503010961","properties":{"id":"40230:503010961","meshCode":"503010961","cityCode":"40230","city":"糸島市","lat":33.49375,"lon":130.078125,"areaKm2":0.2684085,"populated2020":true,"population2020":5.9142,"populationNote":"2020年基準の国交省調整値"},"geometry":{"type":"Polygon","coordinates":[[[130.075,33.491666666666674],[130.075,33.49583333333334],[130.08125,33.49583333333333],[130.08125,33.49166666666667],[130.075,33.491666666666674]]]}},{"type":"Feature","id":"40230:503010962","properties":{"id":"40230:503010962","meshCode":"503010962","cityCode":"40230","city":"糸島市","lat":33.49375,"lon":130.084375,"areaKm2":0.2684079,"populated2020":true,"population2020":1.9828,"populationNote":"2020年基準の国交省調整値"},"geometry":{"type":"Polygon","coordinates":[[[130.08125,33.49166666666667],[130.08125,33.49583333333333],[130.0875,33.49583333333334],[130.0875,33.49166666666666],[130.08125,33.49166666666667]]]}},{"type":"Feature","id":"40230:503010971","properties":{"id":"40230:503010971","meshCode":"503010971","cityCode":"40230","city":"糸島市","lat":33.49375,"lon":130.090625,"areaKm2":0.2684072,"populated2020":false,"population2020":null,"populationNote":"境界またぎ・原典収録外のため自治体内人口は未集計"},"geometry":{"type":"Polygon","coordinates":[[[130.0875,33.49166666666666],[130.0875,33.49583333333334],[130.09375,33.49583333333333],[130.09375,33.49166666666667],[130.0875,33.49166666666666]]]}},{"type":"Feature","id":"40230:503010972","properties":{"id":"40230:503010972","meshCode":"503010972","cityCode":"40230","city":"糸島市","lat":33.49375,"lon":130.096875,"areaKm2":0.2684066,"populated2020":false,"population2020":null,"populationNote":"境界またぎ・原典収録外のため自治体内人口は未集計"},"geometry":{"type":"Polygon","coordinates":[[[130.09375,33.49166666666667],[130.09375,33.49583333333333],[130.1,33.49583333333333],[130.1,33.491666666666674],[130.09375,33.49166666666667]]]}},{"type":"Feature","id":"40230:503010981","properties":{"id":"40230:503010981","meshCode":"503010981","cityCode":"40230","city":"糸島市","lat":33.49375,"lon":130.103125,"areaKm2":0.2684059,"populated2020":false,"population2020":null,"populationNote":"境界またぎ・原典収録外のため自治体内人口は未集計"},"geometry":{"type":"Polygon","coordinates":[[[130.1,33.491666666666674],[130.1,33.49583333333333],[130.10625,33.49583333333333],[130.10625,33.491666666666674],[130.1,33.491666666666674]]]}},{"type":"Feature","id":"40230:503010982","properties":{"id":"40230:503010982","meshCode":"503010982","cityCode":"40230","city":"糸島市","lat":33.49375,"lon":130.109375,"areaKm2":0.2684053,"populated2020":false,"population2020":null,"populationNote":"境界またぎ・原典収録外のため自治体内人口は未集計"},"geometry":{"type":"Polygon","coordinates":[[[130.10625,33.491666666666674],[130.10625,33.49583333333333],[130.1125,33.49583333333333],[130.1125,33.491666666666674],[130.10625,33.491666666666674]]]}},{"type":"Feature","id":"40230:503010991","properties":{"id":"40230:503010991","meshCode":"503010991","cityCode":"40230","city":"糸島市","lat":33.49375,"lon":130.115625,"areaKm2":0.2684047,"populated2020":false,"population2020":null,"populationNote":"境界またぎ・原典収録外のため自治体内人口は未集計"},"geometry":{"type":"Polygon","coordinates":[[[130.1125,33.491666666666674],[130.1125,33.49583333333333],[130.11875,33.49583333333333],[130.11875,33.491666666666674],[130.1125,33.491666666666674]]]}},{"type":"Feature","id":"40230:503010992","properties":{"id":"40230:503010992","meshCode":"503010992","cityCode":"40230","city":"糸島市","lat":33.49375,"lon":130.121875,"areaKm2":0.268404,"populated2020":false,"population2020":null,"populationNote":"境界またぎ・原典収録外のため自治体内人口は未集計"},"geometry":{"type":"Polygon","coordinates":[[[130.11875,33.491666666666674],[130.11875,33.49583333333333],[130.125,33.49583333333333],[130.125,33.49166666666667],[130.11875,33.491666666666674]]]}},{"type":"Feature","id":"40230:503011901","properties":{"id":"40230:503011901","meshCode":"503011901","cityCode":"40230","city":"糸島市","lat":33.49375,"lon":130.128125,"areaKm2":0.2684034,"populated2020":false,"population2020":null,"populationNote":"境界またぎ・原典収録外のため自治体内人口は未集計"},"geometry":{"type":"Polygon","coordinates":[[[130.125,33.49166666666667],[130.125,33.49583333333333],[130.13125,33.49583333333333],[130.13125,33.49166666666667],[130.125,33.49166666666667]]]}},{"type":"Feature","id":"40230:503011902","properties":{"id":"40230:503011902","meshCode":"503011902","cityCode":"40230","city":"糸島市","lat":33.49375,"lon":130.134375,"areaKm2":0.2684028,"populated2020":false,"population2020":null,"populationNote":"境界またぎ・原典収録外のため自治体内人口は未集計"},"geometry":{"type":"Polygon","coordinates":[[[130.13125,33.49166666666667],[130.13125,33.49583333333333],[130.1375,33.49583333333334],[130.1375,33.49166666666667],[130.13125,33.49166666666667]]]}},{"type":"Feature","id":"40230:503011911","properties":{"id":"40230:503011911","meshCode":"503011911","cityCode":"40230","city":"糸島市","lat":33.49375,"lon":130.140625,"areaKm2":0.2684022,"populated2020":false,"population2020":null,"populationNote":"境界またぎ・原典収録外のため自治体内人口は未集計"},"geometry":{"type":"Polygon","coordinates":[[[130.1375,33.49166666666667],[130.1375,33.49583333333334],[130.14375,33.49583333333333],[130.14375,33.491666666666674],[130.1375,33.49166666666667]]]}},{"type":"Feature","id":"40230:503011912","properties":{"id":"40230:503011912","meshCode":"503011912","cityCode":"40230","city":"糸島市","lat":33.49375,"lon":130.146875,"areaKm2":0.2684015,"populated2020":false,"population2020":null,"populationNote":"境界またぎ・原典収録外のため自治体内人口は未集計"},"geometry":{"type":"Polygon","coordinates":[[[130.14375,33.491666666666674],[130.14375,33.49583333333333],[130.15,33.49583333333333],[130.15,33.49166666666667],[130.14375,33.491666666666674]]]}},{"type":"Feature","id":"40230:503011921","properties":{"id":"40230:503011921","meshCode":"503011921","cityCode":"40230","city":"糸島市","lat":33.49375,"lon":130.153125,"areaKm2":0.2684009,"populated2020":true,"population2020":2.9862,"populationNote":"2020年基準の国交省調整値"},"geometry":{"type":"Polygon","coordinates":[[[130.15,33.49166666666667],[130.15,33.49583333333333],[130.15625,33.49583333333333],[130.15625,33.491666666666674],[130.15,33.49166666666667]]]}},{"type":"Feature","id":"40230:503011922","properties":{"id":"40230:503011922","meshCode":"503011922","cityCode":"40230","city":"糸島市","lat":33.49375,"lon":130.159375,"areaKm2":0.2684003,"populated2020":true,"population2020":0.9908,"populationNote":"2020年基準の国交省調整値"},"geometry":{"type":"Polygon","coordinates":[[[130.15625,33.491666666666674],[130.15625,33.49583333333333],[130.1625,33.49583333333333],[130.1625,33.491666666666674],[130.15625,33.491666666666674]]]}},{"type":"Feature","id":"40230:503011931","properties":{"id":"40230:503011931","meshCode":"503011931","cityCode":"40230","city":"糸島市","lat":33.49375,"lon":130.165625,"areaKm2":0.2683997,"populated2020":false,"population2020":null,"populationNote":"境界またぎ・原典収録外のため自治体内人口は未集計"},"geometry":{"type":"Polygon","coordinates":[[[130.1625,33.491666666666674],[130.1625,33.49583333333333],[130.16875,33.49583333333333],[130.16875,33.49166666666668],[130.1625,33.491666666666674]]]}},{"type":"Feature","id":"40230:503011932","properties":{"id":"40230:503011932","meshCode":"503011932","cityCode":"40230","city":"糸島市","lat":33.49375,"lon":130.171875,"areaKm2":0.2683991,"populated2020":false,"population2020":null,"populationNote":"境界またぎ・原典収録外のため自治体内人口は未集計"},"geometry":{"type":"Polygon","coordinates":[[[130.16875,33.49166666666668],[130.16875,33.49583333333333],[130.175,33.49583333333333],[130.175,33.49166666666668],[130.16875,33.49166666666668]]]}},{"type":"Feature","id":"40230:503011941","properties":{"id":"40230:503011941","meshCode":"503011941","cityCode":"40230","city":"糸島市","lat":33.49375,"lon":130.178125,"areaKm2":0.2683986,"populated2020":false,"population2020":null,"populationNote":"境界またぎ・原典収録外のため自治体内人口は未集計"},"geometry":{"type":"Polygon","coordinates":[[[130.175,33.49166666666668],[130.175,33.49583333333333],[130.18125,33.49583333333334],[130.18125,33.491666666666674],[130.175,33.49166666666668]]]}},{"type":"Feature","id":"40230:503011942","properties":{"id":"40230:503011942","meshCode":"503011942","cityCode":"40230","city":"糸島市","lat":33.49375,"lon":130.184375,"areaKm2":0.268398,"populated2020":false,"population2020":null,"populationNote":"境界またぎ・原典収録外のため自治体内人口は未集計"},"geometry":{"type":"Polygon","coordinates":[[[130.18125,33.491666666666674],[130.18125,33.49583333333334],[130.1875,33.49583333333334],[130.1875,33.49166666666667],[130.18125,33.491666666666674]]]}},{"type":"Feature","id":"40230:503011951","properties":{"id":"40230:503011951","meshCode":"503011951","cityCode":"40230","city":"糸島市","lat":33.49375,"lon":130.190625,"areaKm2":0.2683974,"populated2020":false,"population2020":null,"populationNote":"境界またぎ・原典収録外のため自治体内人口は未集計"},"geometry":{"type":"Polygon","coordinates":[[[130.1875,33.49166666666667],[130.1875,33.49583333333334],[130.19375,33.49583333333333],[130.19375,33.49166666666667],[130.1875,33.49166666666667]]]}},{"type":"Feature","id":"40230:503011952","properties":{"id":"40230:503011952","meshCode":"503011952","cityCode":"40230","city":"糸島市","lat":33.49375,"lon":130.196875,"areaKm2":0.2683968,"populated2020":false,"population2020":null,"populationNote":"境界またぎ・原典収録外のため自治体内人口は未集計"},"geometry":{"type":"Polygon","coordinates":[[[130.19375,33.49166666666667],[130.19375,33.49583333333333],[130.2,33.49583333333333],[130.2,33.49166666666667],[130.19375,33.49166666666667]]]}},{"type":"Feature","id":"40230:503011961","properties":{"id":"40230:503011961","meshCode":"503011961","cityCode":"40230","city":"糸島市","lat":33.49375,"lon":130.203125,"areaKm2":0.2683962,"populated2020":false,"population2020":null,"populationNote":"境界またぎ・原典収録外のため自治体内人口は未集計"},"geometry":{"type":"Polygon","coordinates":[[[130.2,33.49166666666667],[130.2,33.49583333333333],[130.20625,33.49583333333334],[130.20625,33.49166666666667],[130.2,33.49166666666667]]]}},{"type":"Feature","id":"40230:503011962","properties":{"id":"40230:503011962","meshCode":"503011962","cityCode":"40230","city":"糸島市","lat":33.49375,"lon":130.209375,"areaKm2":0.2683957,"populated2020":false,"population2020":null,"populationNote":"境界またぎ・原典収録外のため自治体内人口は未集計"},"geometry":{"type":"Polygon","coordinates":[[[130.20625,33.49166666666667],[130.20625,33.49583333333334],[130.2125,33.49583333333332],[130.2125,33.491666666666674],[130.20625,33.49166666666667]]]}},{"type":"Feature","id":"40230:503011971","properties":{"id":"40230:503011971","meshCode":"503011971","cityCode":"40230","city":"糸島市","lat":33.49375,"lon":130.215625,"areaKm2":0.2683951,"populated2020":false,"population2020":null,"populationNote":"境界またぎ・原典収録外のため自治体内人口は未集計"},"geometry":{"type":"Polygon","coordinates":[[[130.2125,33.491666666666674],[130.2125,33.49583333333332],[130.21875,33.49583333333334],[130.21875,33.491666666666674],[130.2125,33.491666666666674]]]}},{"type":"Feature","id":"40230:503011972","properties":{"id":"40230:503011972","meshCode":"503011972","cityCode":"40230","city":"糸島市","lat":33.49375,"lon":130.221875,"areaKm2":0.2683946,"populated2020":false,"population2020":null,"populationNote":"境界またぎ・原典収録外のため自治体内人口は未集計"},"geometry":{"type":"Polygon","coordinates":[[[130.21875,33.491666666666674],[130.21875,33.49583333333334],[130.225,33.49583333333334],[130.225,33.49166666666667],[130.21875,33.491666666666674]]]}},{"type":"Feature","id":"40230:503011981","properties":{"id":"40230:503011981","meshCode":"503011981","cityCode":"40230","city":"糸島市","lat":33.49375,"lon":130.228125,"areaKm2":0.268394,"populated2020":true,"population2020":22.8104,"populationNote":"2020年基準の国交省調整値"},"geometry":{"type":"Polygon","coordinates":[[[130.225,33.49166666666667],[130.225,33.49583333333334],[130.23125,33.49583333333333],[130.23125,33.491666666666674],[130.225,33.49166666666667]]]}},{"type":"Feature","id":"40230:503011982","properties":{"id":"40230:503011982","meshCode":"503011982","cityCode":"40230","city":"糸島市","lat":33.49375,"lon":130.234375,"areaKm2":0.2683935,"populated2020":true,"population2020":2.9687,"populationNote":"2020年基準の国交省調整値"},"geometry":{"type":"Polygon","coordinates":[[[130.23125,33.491666666666674],[130.23125,33.49583333333333],[130.2375,33.49583333333333],[130.2375,33.491666666666674],[130.23125,33.491666666666674]]]}},{"type":"Feature","id":"40230:503011991","properties":{"id":"40230:503011991","meshCode":"503011991","cityCode":"40230","city":"糸島市","lat":33.49375,"lon":130.240625,"areaKm2":0.2683929,"populated2020":false,"population2020":null,"populationNote":"境界またぎ・原典収録外のため自治体内人口は未集計"},"geometry":{"type":"Polygon","coordinates":[[[130.2375,33.491666666666674],[130.2375,33.49583333333333],[130.24375,33.49583333333333],[130.24375,33.49166666666667],[130.2375,33.491666666666674]]]}},{"type":"Feature","id":"40230:503011992","properties":{"id":"40230:503011992","meshCode":"503011992","cityCode":"40230","city":"糸島市","lat":33.49375,"lon":130.246875,"areaKm2":0.2683924,"populated2020":true,"population2020":13.8852,"populationNote":"2020年基準の国交省調整値"},"geometry":{"type":"Polygon","coordinates":[[[130.24375,33.49166666666667],[130.24375,33.49583333333333],[130.25000000000003,33.49583333333334],[130.25000000000003,33.491666666666674],[130.24375,33.49166666666667]]]}},{"type":"Feature","id":"40230:503012901","properties":{"id":"40230:503012901","meshCode":"503012901","cityCode":"40230","city":"糸島市","lat":33.49375,"lon":130.253125,"areaKm2":0.2683918,"populated2020":false,"population2020":null,"populationNote":"境界またぎ・原典収録外のため自治体内人口は未集計"},"geometry":{"type":"Polygon","coordinates":[[[130.25000000000003,33.491666666666674],[130.25000000000003,33.49583333333334],[130.25625,33.49583333333333],[130.25625,33.49166666666667],[130.25000000000003,33.491666666666674]]]}},{"type":"Feature","id":"40230:503012902","properties":{"id":"40230:503012902","meshCode":"503012902","cityCode":"40230","city":"糸島市","lat":33.49375,"lon":130.259375,"areaKm2":0.2683913,"populated2020":false,"population2020":null,"populationNote":"境界またぎ・原典収録外のため自治体内人口は未集計"},"geometry":{"type":"Polygon","coordinates":[[[130.25625,33.49166666666667],[130.25625,33.49583333333333],[130.2625,33.49583333333334],[130.2625,33.491666666666674],[130.25625,33.49166666666667]]]}},{"type":"Feature","id":"40230:503012911","properties":{"id":"40230:503012911","meshCode":"503012911","cityCode":"40230","city":"糸島市","lat":33.49375,"lon":130.265625,"areaKm2":0.2683908,"populated2020":false,"population2020":null,"populationNote":"境界またぎ・原典収録外のため自治体内人口は未集計"},"geometry":{"type":"Polygon","coordinates":[[[130.2625,33.491666666666674],[130.2625,33.49583333333334],[130.26875,33.49583333333334],[130.26875,33.491666666666674],[130.2625,33.491666666666674]]]}},{"type":"Feature","id":"40230:503012912","properties":{"id":"40230:503012912","meshCode":"503012912","cityCode":"40230","city":"糸島市","lat":33.49375,"lon":130.271875,"areaKm2":0.1922099,"populated2020":false,"population2020":null,"populationNote":"境界またぎ・原典収録外のため自治体内人口は未集計"},"geometry":{"type":"Polygon","coordinates":[[[130.2728417813009,33.49583333333333],[130.272484721,33.49548222500001],[130.271928327,33.495355829],[130.271839442,33.495256387000005],[130.27226917,33.494524162],[130.272448327,33.49392444099999],[130.272760558,33.493655],[130.273743061,33.49327055900001],[130.27423277600002,33.492892225],[130.274534163,33.492538054],[130.27489350229894,33.491666666666674],[130.26875,33.491666666666674],[130.26875,33.49583333333334],[130.2728417813009,33.49583333333333]]]}},{"type":"Feature","id":"40230:503010934","properties":{"id":"40230:503010934","meshCode":"503010934","cityCode":"40230","city":"糸島市","lat":33.4962703,"lon":130.0461708,"areaKm2":0.0155952,"populated2020":false,"population2020":null,"populationNote":"境界またぎ・原典収録外のため自治体内人口は未集計"},"geometry":{"type":"Polygon","coordinates":[[[130.044959689,33.495862532],[130.044965136,33.496024532],[130.044843281,33.496135198],[130.045073865,33.49607936],[130.045368301,33.49645130599999],[130.04623511,33.496693586000006],[130.046565032,33.49658666700001],[130.046618444,33.496455694000005],[130.046888029,33.496437225],[130.047349053,33.496190279],[130.047594163,33.495881360000006],[130.04759052847177,33.49583333333333],[130.044959689,33.495862532]]]}},{"type":"Feature","id":"40230:503010943","properties":{"id":"40230:503010943","meshCode":"503010943","cityCode":"40230","city":"糸島市","lat":33.4959897,"lon":130.055873,"areaKm2":0.0027252,"populated2020":false,"population2020":null,"populationNote":"境界またぎ・原典収録外のため自治体内人口は未集計"},"geometry":{"type":"MultiPolygon","coordinates":[[[[130.054349754,33.495834558999995],[130.05455917,33.49586527900001],[130.054622607,33.495858387],[130.05460295719308,33.49583333333334],[130.054349754,33.495834558999995]]],[[[130.054654189,33.495872865],[130.055097717,33.495959748],[130.055261025,33.49591391900001],[130.05625,33.496132481624045],[130.05625,33.49583333333333],[130.054654189,33.495872865]]]]}},{"type":"Feature","id":"40230:503010944","properties":{"id":"40230:503010944","meshCode":"503010944","cityCode":"40230","city":"糸島市","lat":33.4968542,"lon":130.0607347,"areaKm2":0.0734319,"populated2020":false,"population2020":null,"populationNote":"境界またぎ・原典収録外のため自治体内人口は未集計"},"geometry":{"type":"MultiPolygon","coordinates":[[[[130.059199663,33.497160225],[130.059178716,33.49706763999999],[130.059094384,33.497152748],[130.059199663,33.497160225]]],[[[130.059354968,33.497299080999994],[130.059256252,33.497182198],[130.059224189,33.49719122500001],[130.059298003,33.497313252],[130.059354968,33.497299080999994]]],[[[130.059517691,33.497387865],[130.059644423,33.49743227900001],[130.05977155600002,33.497377613000005],[130.059732361,33.49733061300001],[130.059517691,33.497387865]]],[[[130.061372802,33.498087278999996],[130.06142325600004,33.497989559000004],[130.061295837,33.49810010800001],[130.061372802,33.498087278999996]]],[[[130.056274942,33.496158333000004],[130.056560052,33.496163919],[130.057093995,33.496366081],[130.058571751,33.496609494999994],[130.05913297,33.496978306],[130.059351505,33.497221945999996],[130.059523217,33.497195586],[130.059613645,33.497301946],[130.059740246,33.497188748],[130.060258716,33.497161305999995],[130.062099857,33.497759892],[130.062135551,33.497583532],[130.062206005,33.497517694],[130.062110272,33.49776249500001],[130.0625,33.49788086973849],[130.0625,33.49583333333333],[130.05625,33.49583333333333],[130.056274942,33.496158333000004]]]]}},{"type":"Feature","id":"40230:503010953","properties":{"id":"40230:503010953","meshCode":"503010953","cityCode":"40230","city":"糸島市","lat":33.4979167,"lon":130.065625,"areaKm2":0.2323483,"populated2020":true,"population2020":5.959,"populationNote":"2020年基準の国交省調整値"},"geometry":{"type":"MultiPolygon","coordinates":[[[[130.063210117,33.49838286500001],[130.063220441,33.49829266700001],[130.063182776,33.498295000000006],[130.063210117,33.49838286500001]]],[[[130.064014137,33.499344225],[130.064027782,33.499255865],[130.063964916,33.499267829],[130.064014137,33.499344225]]],[[[130.065040973,33.499402468],[130.065113839,33.49934036],[130.06508869,33.499317252000004],[130.065040973,33.499402468]]],[[[130.063751051,33.499757892000005],[130.063810506,33.499606694],[130.064010169,33.499503865],[130.063681414,33.499608775],[130.06365564200001,33.499773748],[130.063751051,33.499757892000005]]],[[[130.064000778,33.499885748000004],[130.064131894,33.499642468000005],[130.064028366,33.499562162],[130.063811219,33.499797197999996],[130.064000778,33.499885748000004]]],[[[130.065047134,33.499870198],[130.06498880700002,33.5],[130.065063178,33.499981649],[130.065277108,33.499991027],[130.065047134,33.499870198]]],[[[130.065094306,33.5],[130.065065357,33.499985198],[130.065032866,33.5],[130.065094306,33.5]]],[[[130.062527977,33.49788916200001],[130.062872361,33.49797913500001],[130.06320572000004,33.49820113500001],[130.063314086,33.49843322500001],[130.063542114,33.498554694000006],[130.063581388,33.498675802],[130.063727419,33.49860613500001],[130.063969339,33.49876764],[130.064196472,33.499160585999995],[130.064426161,33.49913933300001],[130.065186589,33.499332613],[130.065133191,33.499371694],[130.065552244,33.49989474800001],[130.065431414,33.499922225],[130.065437134,33.5],[130.06875,33.5],[130.06875,33.49583333333333],[130.0625,33.49583333333333],[130.062527977,33.49788916200001]]]]}},{"type":"Feature","id":"40230:503010954","properties":{"id":"40230:503010954","meshCode":"503010954","cityCode":"40230","city":"糸島市","lat":33.4979167,"lon":130.071875,"areaKm2":0.2683965,"populated2020":true,"population2020":66.2971,"populationNote":"2020年基準の国交省調整値"},"geometry":{"type":"Polygon","coordinates":[[[130.06875,33.49583333333333],[130.06875,33.5],[130.075,33.5],[130.075,33.49583333333334],[130.06875,33.49583333333333]]]}},{"type":"Feature","id":"40230:503010963","properties":{"id":"40230:503010963","meshCode":"503010963","cityCode":"40230","city":"糸島市","lat":33.4979167,"lon":130.078125,"areaKm2":0.2683958,"populated2020":true,"population2020":111.6751,"populationNote":"2020年基準の国交省調整値"},"geometry":{"type":"Polygon","coordinates":[[[130.075,33.49583333333334],[130.075,33.5],[130.08125,33.5],[130.08125,33.49583333333333],[130.075,33.49583333333334]]]}},{"type":"Feature","id":"40230:503010964","properties":{"id":"40230:503010964","meshCode":"503010964","cityCode":"40230","city":"糸島市","lat":33.4979167,"lon":130.084375,"areaKm2":0.2683952,"populated2020":true,"population2020":124.2591,"populationNote":"2020年基準の国交省調整値"},"geometry":{"type":"Polygon","coordinates":[[[130.08125,33.49583333333333],[130.08125,33.5],[130.0875,33.49999999999999],[130.0875,33.49583333333334],[130.08125,33.49583333333333]]]}},{"type":"Feature","id":"40230:503010973","properties":{"id":"40230:503010973","meshCode":"503010973","cityCode":"40230","city":"糸島市","lat":33.4979167,"lon":130.090625,"areaKm2":0.2683945,"populated2020":true,"population2020":77.0923,"populationNote":"2020年基準の国交省調整値"},"geometry":{"type":"Polygon","coordinates":[[[130.0875,33.49583333333334],[130.0875,33.49999999999999],[130.09375,33.5],[130.09375,33.49583333333333],[130.0875,33.49583333333334]]]}},{"type":"Feature","id":"40230:503010974","properties":{"id":"40230:503010974","meshCode":"503010974","cityCode":"40230","city":"糸島市","lat":33.4979167,"lon":130.096875,"areaKm2":0.2683939,"populated2020":true,"population2020":10.9246,"populationNote":"2020年基準の国交省調整値"},"geometry":{"type":"Polygon","coordinates":[[[130.09375,33.49583333333333],[130.09375,33.5],[130.1,33.5],[130.1,33.49583333333333],[130.09375,33.49583333333333]]]}},{"type":"Feature","id":"40230:503010983","properties":{"id":"40230:503010983","meshCode":"503010983","cityCode":"40230","city":"糸島市","lat":33.4979167,"lon":130.103125,"areaKm2":0.2683932,"populated2020":true,"population2020":28.7374,"populationNote":"2020年基準の国交省調整値"},"geometry":{"type":"Polygon","coordinates":[[[130.1,33.49583333333333],[130.1,33.5],[130.10625,33.5],[130.10625,33.49583333333333],[130.1,33.49583333333333]]]}},{"type":"Feature","id":"40230:503010984","properties":{"id":"40230:503010984","meshCode":"503010984","cityCode":"40230","city":"糸島市","lat":33.4979167,"lon":130.109375,"areaKm2":0.2683926,"populated2020":true,"population2020":21.8899,"populationNote":"2020年基準の国交省調整値"},"geometry":{"type":"Polygon","coordinates":[[[130.10625,33.49583333333333],[130.10625,33.5],[130.1125,33.5],[130.1125,33.49583333333333],[130.10625,33.49583333333333]]]}},{"type":"Feature","id":"40230:503010993","properties":{"id":"40230:503010993","meshCode":"503010993","cityCode":"40230","city":"糸島市","lat":33.4979167,"lon":130.115625,"areaKm2":0.268392,"populated2020":false,"population2020":null,"populationNote":"境界またぎ・原典収録外のため自治体内人口は未集計"},"geometry":{"type":"Polygon","coordinates":[[[130.1125,33.49583333333333],[130.1125,33.5],[130.11875,33.5],[130.11875,33.49583333333333],[130.1125,33.49583333333333]]]}},{"type":"Feature","id":"40230:503010994","properties":{"id":"40230:503010994","meshCode":"503010994","cityCode":"40230","city":"糸島市","lat":33.4979167,"lon":130.121875,"areaKm2":0.2683913,"populated2020":false,"population2020":null,"populationNote":"境界またぎ・原典収録外のため自治体内人口は未集計"},"geometry":{"type":"Polygon","coordinates":[[[130.11875,33.49583333333333],[130.11875,33.5],[130.125,33.5],[130.125,33.49583333333333],[130.11875,33.49583333333333]]]}},{"type":"Feature","id":"40230:503011903","properties":{"id":"40230:503011903","meshCode":"503011903","cityCode":"40230","city":"糸島市","lat":33.4979167,"lon":130.128125,"areaKm2":0.2683907,"populated2020":false,"population2020":null,"populationNote":"境界またぎ・原典収録外のため自治体内人口は未集計"},"geometry":{"type":"Polygon","coordinates":[[[130.125,33.49583333333333],[130.125,33.5],[130.13125,33.49999999999999],[130.13125,33.49583333333333],[130.125,33.49583333333333]]]}},{"type":"Feature","id":"40230:503011904","properties":{"id":"40230:503011904","meshCode":"503011904","cityCode":"40230","city":"糸島市","lat":33.4979167,"lon":130.134375,"areaKm2":0.2683901,"populated2020":false,"population2020":null,"populationNote":"境界またぎ・原典収録外のため自治体内人口は未集計"},"geometry":{"type":"Polygon","coordinates":[[[130.13125,33.49583333333333],[130.13125,33.49999999999999],[130.1375,33.49999999999999],[130.1375,33.49583333333334],[130.13125,33.49583333333333]]]}},{"type":"Feature","id":"40230:503011913","properties":{"id":"40230:503011913","meshCode":"503011913","cityCode":"40230","city":"糸島市","lat":33.4979167,"lon":130.140625,"areaKm2":0.2683895,"populated2020":true,"population2020":10.8379,"populationNote":"2020年基準の国交省調整値"},"geometry":{"type":"Polygon","coordinates":[[[130.1375,33.49583333333334],[130.1375,33.49999999999999],[130.14375,33.5],[130.14375,33.49583333333333],[130.1375,33.49583333333334]]]}},{"type":"Feature","id":"40230:503011914","properties":{"id":"40230:503011914","meshCode":"503011914","cityCode":"40230","city":"糸島市","lat":33.4979167,"lon":130.146875,"areaKm2":0.2683889,"populated2020":false,"population2020":null,"populationNote":"境界またぎ・原典収録外のため自治体内人口は未集計"},"geometry":{"type":"Polygon","coordinates":[[[130.14375,33.49583333333333],[130.14375,33.5],[130.15,33.49999999999999],[130.15,33.49583333333333],[130.14375,33.49583333333333]]]}},{"type":"Feature","id":"40230:503011923","properties":{"id":"40230:503011923","meshCode":"503011923","cityCode":"40230","city":"糸島市","lat":33.4979167,"lon":130.153125,"areaKm2":0.2683883,"populated2020":true,"population2020":3.9449,"populationNote":"2020年基準の国交省調整値"},"geometry":{"type":"Polygon","coordinates":[[[130.15,33.49583333333333],[130.15,33.49999999999999],[130.15625,33.5],[130.15625,33.49583333333333],[130.15,33.49583333333333]]]}},{"type":"Feature","id":"40230:503011924","properties":{"id":"40230:503011924","meshCode":"503011924","cityCode":"40230","city":"糸島市","lat":33.4979167,"lon":130.159375,"areaKm2":0.2683877,"populated2020":false,"population2020":null,"populationNote":"境界またぎ・原典収録外のため自治体内人口は未集計"},"geometry":{"type":"Polygon","coordinates":[[[130.15625,33.49583333333333],[130.15625,33.5],[130.1625,33.49999999999999],[130.1625,33.49583333333333],[130.15625,33.49583333333333]]]}},{"type":"Feature","id":"40230:503011933","properties":{"id":"40230:503011933","meshCode":"503011933","cityCode":"40230","city":"糸島市","lat":33.4979167,"lon":130.165625,"areaKm2":0.2683871,"populated2020":false,"population2020":null,"populationNote":"境界またぎ・原典収録外のため自治体内人口は未集計"},"geometry":{"type":"Polygon","coordinates":[[[130.1625,33.49583333333333],[130.1625,33.49999999999999],[130.16875,33.49999999999999],[130.16875,33.49583333333333],[130.1625,33.49583333333333]]]}},{"type":"Feature","id":"40230:503011934","properties":{"id":"40230:503011934","meshCode":"503011934","cityCode":"40230","city":"糸島市","lat":33.4979167,"lon":130.171875,"areaKm2":0.2683865,"populated2020":false,"population2020":null,"populationNote":"境界またぎ・原典収録外のため自治体内人口は未集計"},"geometry":{"type":"Polygon","coordinates":[[[130.16875,33.49583333333333],[130.16875,33.49999999999999],[130.175,33.49999999999999],[130.175,33.49583333333333],[130.16875,33.49583333333333]]]}},{"type":"Feature","id":"40230:503011943","properties":{"id":"40230:503011943","meshCode":"503011943","cityCode":"40230","city":"糸島市","lat":33.4979167,"lon":130.178125,"areaKm2":0.2683859,"populated2020":false,"population2020":null,"populationNote":"境界またぎ・原典収録外のため自治体内人口は未集計"},"geometry":{"type":"Polygon","coordinates":[[[130.175,33.49583333333333],[130.175,33.49999999999999],[130.18125,33.5],[130.18125,33.49583333333334],[130.175,33.49583333333333]]]}},{"type":"Feature","id":"40230:503011944","properties":{"id":"40230:503011944","meshCode":"503011944","cityCode":"40230","city":"糸島市","lat":33.4979167,"lon":130.184375,"areaKm2":0.2683853,"populated2020":false,"population2020":null,"populationNote":"境界またぎ・原典収録外のため自治体内人口は未集計"},"geometry":{"type":"Polygon","coordinates":[[[130.18125,33.49583333333334],[130.18125,33.5],[130.1875,33.5],[130.1875,33.49583333333334],[130.18125,33.49583333333334]]]}},{"type":"Feature","id":"40230:503011953","properties":{"id":"40230:503011953","meshCode":"503011953","cityCode":"40230","city":"糸島市","lat":33.4979167,"lon":130.190625,"areaKm2":0.2683847,"populated2020":false,"population2020":null,"populationNote":"境界またぎ・原典収録外のため自治体内人口は未集計"},"geometry":{"type":"Polygon","coordinates":[[[130.1875,33.49583333333334],[130.1875,33.5],[130.19375,33.5],[130.19375,33.49583333333333],[130.1875,33.49583333333334]]]}},{"type":"Feature","id":"40230:503011954","properties":{"id":"40230:503011954","meshCode":"503011954","cityCode":"40230","city":"糸島市","lat":33.4979167,"lon":130.196875,"areaKm2":0.2683841,"populated2020":true,"population2020":49.5076,"populationNote":"2020年基準の国交省調整値"},"geometry":{"type":"Polygon","coordinates":[[[130.19375,33.49583333333333],[130.19375,33.5],[130.2,33.50000000000001],[130.2,33.49583333333333],[130.19375,33.49583333333333]]]}},{"type":"Feature","id":"40230:503011963","properties":{"id":"40230:503011963","meshCode":"503011963","cityCode":"40230","city":"糸島市","lat":33.4979167,"lon":130.203125,"areaKm2":0.2683836,"populated2020":false,"population2020":null,"populationNote":"境界またぎ・原典収録外のため自治体内人口は未集計"},"geometry":{"type":"Polygon","coordinates":[[[130.2,33.49583333333333],[130.2,33.50000000000001],[130.20625,33.5],[130.20625,33.49583333333334],[130.2,33.49583333333333]]]}},{"type":"Feature","id":"40230:503011964","properties":{"id":"40230:503011964","meshCode":"503011964","cityCode":"40230","city":"糸島市","lat":33.4979167,"lon":130.209375,"areaKm2":0.268383,"populated2020":false,"population2020":null,"populationNote":"境界またぎ・原典収録外のため自治体内人口は未集計"},"geometry":{"type":"Polygon","coordinates":[[[130.20625,33.49583333333334],[130.20625,33.5],[130.2125,33.5],[130.2125,33.49583333333332],[130.20625,33.49583333333334]]]}},{"type":"Feature","id":"40230:503011973","properties":{"id":"40230:503011973","meshCode":"503011973","cityCode":"40230","city":"糸島市","lat":33.4979167,"lon":130.215625,"areaKm2":0.2683824,"populated2020":false,"population2020":null,"populationNote":"境界またぎ・原典収録外のため自治体内人口は未集計"},"geometry":{"type":"Polygon","coordinates":[[[130.2125,33.49583333333332],[130.2125,33.5],[130.21875,33.5],[130.21875,33.49583333333334],[130.2125,33.49583333333332]]]}},{"type":"Feature","id":"40230:503011974","properties":{"id":"40230:503011974","meshCode":"503011974","cityCode":"40230","city":"糸島市","lat":33.4979167,"lon":130.221875,"areaKm2":0.2683819,"populated2020":false,"population2020":null,"populationNote":"境界またぎ・原典収録外のため自治体内人口は未集計"},"geometry":{"type":"Polygon","coordinates":[[[130.21875,33.49583333333334],[130.21875,33.5],[130.225,33.49999999999999],[130.225,33.49583333333334],[130.21875,33.49583333333334]]]}},{"type":"Feature","id":"40230:503011983","properties":{"id":"40230:503011983","meshCode":"503011983","cityCode":"40230","city":"糸島市","lat":33.4979167,"lon":130.228125,"areaKm2":0.2683813,"populated2020":true,"population2020":5.9303,"populationNote":"2020年基準の国交省調整値"},"geometry":{"type":"Polygon","coordinates":[[[130.225,33.49583333333334],[130.225,33.49999999999999],[130.23125,33.5],[130.23125,33.49583333333333],[130.225,33.49583333333334]]]}},{"type":"Feature","id":"40230:503011984","properties":{"id":"40230:503011984","meshCode":"503011984","cityCode":"40230","city":"糸島市","lat":33.4979167,"lon":130.234375,"areaKm2":0.2683808,"populated2020":false,"population2020":null,"populationNote":"境界またぎ・原典収録外のため自治体内人口は未集計"},"geometry":{"type":"Polygon","coordinates":[[[130.23125,33.49583333333333],[130.23125,33.5],[130.2375,33.49999999999999],[130.2375,33.49583333333333],[130.23125,33.49583333333333]]]}},{"type":"Feature","id":"40230:503011993","properties":{"id":"40230:503011993","meshCode":"503011993","cityCode":"40230","city":"糸島市","lat":33.4979167,"lon":130.240625,"areaKm2":0.2683802,"populated2020":false,"population2020":null,"populationNote":"境界またぎ・原典収録外のため自治体内人口は未集計"},"geometry":{"type":"Polygon","coordinates":[[[130.2375,33.49583333333333],[130.2375,33.49999999999999],[130.24375,33.49999999999999],[130.24375,33.49583333333333],[130.2375,33.49583333333333]]]}},{"type":"Feature","id":"40230:503011994","properties":{"id":"40230:503011994","meshCode":"503011994","cityCode":"40230","city":"糸島市","lat":33.4979167,"lon":130.246875,"areaKm2":0.2683797,"populated2020":true,"population2020":26.6948,"populationNote":"2020年基準の国交省調整値"},"geometry":{"type":"Polygon","coordinates":[[[130.24375,33.49583333333333],[130.24375,33.49999999999999],[130.25000000000003,33.49999999999999],[130.25000000000003,33.49583333333334],[130.24375,33.49583333333333]]]}},{"type":"Feature","id":"40230:503012903","properties":{"id":"40230:503012903","meshCode":"503012903","cityCode":"40230","city":"糸島市","lat":33.4979167,"lon":130.253125,"areaKm2":0.2683792,"populated2020":false,"population2020":null,"populationNote":"境界またぎ・原典収録外のため自治体内人口は未集計"},"geometry":{"type":"Polygon","coordinates":[[[130.25000000000003,33.49583333333334],[130.25000000000003,33.49999999999999],[130.25625,33.49999999999999],[130.25625,33.49583333333333],[130.25000000000003,33.49583333333334]]]}},{"type":"Feature","id":"40230:503012904","properties":{"id":"40230:503012904","meshCode":"503012904","cityCode":"40230","city":"糸島市","lat":33.4979167,"lon":130.259375,"areaKm2":0.2683786,"populated2020":false,"population2020":null,"populationNote":"境界またぎ・原典収録外のため自治体内人口は未集計"},"geometry":{"type":"Polygon","coordinates":[[[130.25625,33.49583333333333],[130.25625,33.49999999999999],[130.2625,33.5],[130.2625,33.49583333333334],[130.25625,33.49583333333333]]]}},{"type":"Feature","id":"40230:503012913","properties":{"id":"40230:503012913","meshCode":"503012913","cityCode":"40230","city":"糸島市","lat":33.4979167,"lon":130.265625,"areaKm2":0.2683781,"populated2020":false,"population2020":null,"populationNote":"境界またぎ・原典収録外のため自治体内人口は未集計"},"geometry":{"type":"Polygon","coordinates":[[[130.2625,33.49583333333334],[130.2625,33.5],[130.26875,33.49999999999999],[130.26875,33.49583333333334],[130.2625,33.49583333333334]]]}},{"type":"Feature","id":"40230:503012914","properties":{"id":"40230:503012914","meshCode":"503012914","cityCode":"40230","city":"糸島市","lat":33.4979167,"lon":130.271875,"areaKm2":0.2411518,"populated2020":false,"population2020":null,"populationNote":"境界またぎ・原典収録外のため自治体内人口は未集計"},"geometry":{"type":"Polygon","coordinates":[[[130.27499917,33.499236386999996],[130.274884163,33.499182225000006],[130.27471917,33.49836389200001],[130.274907497,33.49751889200001],[130.273986939,33.497208892],[130.273504163,33.496538054],[130.2728417813009,33.49583333333333],[130.26875,33.49583333333334],[130.26875,33.49999999999999],[130.275,33.50000000000001],[130.27499917,33.499236386999996]]]}},{"type":"Feature","id":"40230:503012923","properties":{"id":"40230:503012923","meshCode":"503012923","cityCode":"40230","city":"糸島市","lat":33.49962,"lon":130.2755662,"areaKm2":0.0087446,"populated2020":false,"population2020":null,"populationNote":"境界またぎ・原典収録外のため自治体内人口は未集計"},"geometry":{"type":"Polygon","coordinates":[[[130.276213891,33.499991387],[130.276086667,33.499537225000005],[130.275788885,33.499263333],[130.275451388,33.499173332999995],[130.275,33.49923625200001],[130.275,33.50000000000001],[130.276213891,33.499991387]]]}},{"type":"Feature","id":"40230:503020051","properties":{"id":"40230:503020051","meshCode":"503020051","cityCode":"40230","city":"糸島市","lat":33.5008358,"lon":130.0679932,"areaKm2":0.0303784,"populated2020":false,"population2020":null,"populationNote":"境界またぎ・原典収録外のため自治体内人口は未集計"},"geometry":{"type":"MultiPolygon","coordinates":[[[[130.065024553,33.5],[130.064951245,33.500038973],[130.06496511,33.500060919000006],[130.065024553,33.5]]],[[[130.06511978,33.50001880200001],[130.065193359,33.500061721],[130.065292503,33.500031108],[130.065268755,33.5],[130.06511978,33.50001880200001]]],[[[130.065002802,33.500029559],[130.065014086,33.500109973],[130.065126887,33.500049414],[130.065094306,33.5],[130.065002802,33.500029559]]],[[[130.065313891,33.50015397300001],[130.065284475,33.500065468],[130.065198249,33.500087279],[130.065244086,33.500169666999994],[130.065313891,33.50015397300001]]],[[[130.063695383,33.500242027],[130.063729728,33.50029033300001],[130.063801505,33.500210802],[130.063774163,33.500201864999994],[130.063695383,33.500242027]]],[[[130.063891089,33.50023889199999],[130.063931699,33.500423586],[130.063970726,33.50033653199999],[130.063883969,33.500219640000005],[130.063780947,33.500311919],[130.063891089,33.50023889199999]]],[[[130.063792049,33.50035013499999],[130.063733502,33.500418748],[130.063745331,33.50043010800001],[130.063792049,33.50035013499999]]],[[[130.063779922,33.500457252000004],[130.06368655,33.500530468],[130.063717665,33.500592027],[130.063788755,33.500545224999996],[130.063779922,33.500457252000004]]],[[[130.068512802,33.501694802],[130.06860131,33.501891414],[130.06870963700004,33.501884559000004],[130.068731803,33.50173630599999],[130.068642361,33.501646829],[130.068275888,33.501465198],[130.068202607,33.50149438700001],[130.068274942,33.50165444099999],[130.068512802,33.501694802]]],[[[130.065433281,33.500011134999994],[130.065952892,33.500419468000004],[130.066910467,33.500634586],[130.067616083,33.501011467999994],[130.067665305,33.501127694000004],[130.068100726,33.50136253200001],[130.068138911,33.501452802],[130.068255084,33.50142841400001],[130.068225837,33.501337775],[130.06875,33.50166210075618],[130.06875,33.5],[130.065433281,33.500011134999994]]]]}},{"type":"Feature","id":"40230:503020052","properties":{"id":"40230:503020052","meshCode":"503020052","cityCode":"40230","city":"糸島市","lat":33.5020833,"lon":130.071875,"areaKm2":0.1692902,"populated2020":true,"population2020":71.1224,"populationNote":"2020年基準の国交省調整値"},"geometry":{"type":"MultiPolygon","coordinates":[[[[130.068835136,33.501754667],[130.068768612,33.501835586],[130.068845305,33.501819306],[130.068835136,33.501754667]]],[[[130.068783969,33.501678559],[130.069095383,33.501773306000004],[130.06903572,33.501848495],[130.069164864,33.50189808099999],[130.06923725,33.501790973],[130.069388275,33.50182997299999],[130.070438495,33.502391278999994],[130.07066192,33.502583306],[130.070991634,33.502626252],[130.071028327,33.50288864],[130.071092023,33.502881559],[130.071082335,33.502670667000004],[130.071969611,33.502719162],[130.073589831,33.503068225],[130.075,33.503007108],[130.075,33.5],[130.06875,33.5],[130.068783969,33.501678559]]]]}},{"type":"Feature","id":"40230:503020061","properties":{"id":"40230:503020061","meshCode":"503020061","cityCode":"40230","city":"糸島市","lat":33.5020833,"lon":130.078125,"areaKm2":0.2267777,"populated2020":true,"population2020":610.2446,"populationNote":"2020年基準の国交省調整値"},"geometry":{"type":"Polygon","coordinates":[[[130.075041608,33.503007748],[130.075236005,33.503025333],[130.075267198,33.503127721000006],[130.075463748,33.50308564],[130.076568612,33.503219135000016],[130.076733696,33.503262108],[130.076726719,33.503390802000006],[130.07684153,33.503282198],[130.078350415,33.503445559000006],[130.07911131,33.503612865],[130.079190506,33.503654027],[130.079179339,33.503772694],[130.079272555,33.50369044100001],[130.07994572,33.503846027],[130.080386861,33.504041613],[130.08036744184685,33.50416666666666],[130.08125,33.50416666666667],[130.08125,33.5],[130.075,33.5],[130.075041608,33.503007748]]]}},{"type":"Feature","id":"40230:503020062","properties":{"id":"40230:503020062","meshCode":"503020062","cityCode":"40230","city":"糸島市","lat":33.5020833,"lon":130.084375,"areaKm2":0.2683825,"populated2020":true,"population2020":697.7192,"populationNote":"2020年基準の国交省調整値"},"geometry":{"type":"Polygon","coordinates":[[[130.08125,33.5],[130.08125,33.50416666666667],[130.0875,33.50416666666667],[130.0875,33.49999999999999],[130.08125,33.5]]]}},{"type":"Feature","id":"40230:503020071","properties":{"id":"40230:503020071","meshCode":"503020071","cityCode":"40230","city":"糸島市","lat":33.5020833,"lon":130.090625,"areaKm2":0.2683819,"populated2020":true,"population2020":53.4539,"populationNote":"2020年基準の国交省調整値"},"geometry":{"type":"Polygon","coordinates":[[[130.0875,33.49999999999999],[130.0875,33.50416666666667],[130.09375,33.50416666666667],[130.09375,33.5],[130.0875,33.49999999999999]]]}},{"type":"Feature","id":"40230:503020072","properties":{"id":"40230:503020072","meshCode":"503020072","cityCode":"40230","city":"糸島市","lat":33.5020833,"lon":130.096875,"areaKm2":0.2683812,"populated2020":true,"population2020":21.79,"populationNote":"2020年基準の国交省調整値"},"geometry":{"type":"Polygon","coordinates":[[[130.09375,33.5],[130.09375,33.50416666666667],[130.1,33.50416666666667],[130.1,33.5],[130.09375,33.5]]]}},{"type":"Feature","id":"40230:503020081","properties":{"id":"40230:503020081","meshCode":"503020081","cityCode":"40230","city":"糸島市","lat":33.5020833,"lon":130.103125,"areaKm2":0.2683806,"populated2020":true,"population2020":0.9908,"populationNote":"2020年基準の国交省調整値"},"geometry":{"type":"Polygon","coordinates":[[[130.1,33.5],[130.1,33.50416666666667],[130.10625,33.50416666666666],[130.10625,33.5],[130.1,33.5]]]}},{"type":"Feature","id":"40230:503020082","properties":{"id":"40230:503020082","meshCode":"503020082","cityCode":"40230","city":"糸島市","lat":33.5020833,"lon":130.109375,"areaKm2":0.2683799,"populated2020":true,"population2020":45.5747,"populationNote":"2020年基準の国交省調整値"},"geometry":{"type":"Polygon","coordinates":[[[130.10625,33.5],[130.10625,33.50416666666666],[130.1125,33.50416666666667],[130.1125,33.5],[130.10625,33.5]]]}},{"type":"Feature","id":"40230:503020091","properties":{"id":"40230:503020091","meshCode":"503020091","cityCode":"40230","city":"糸島市","lat":33.5020833,"lon":130.115625,"areaKm2":0.2683793,"populated2020":false,"population2020":null,"populationNote":"境界またぎ・原典収録外のため自治体内人口は未集計"},"geometry":{"type":"Polygon","coordinates":[[[130.1125,33.5],[130.1125,33.50416666666667],[130.11875,33.50416666666667],[130.11875,33.5],[130.1125,33.5]]]}},{"type":"Feature","id":"40230:503020092","properties":{"id":"40230:503020092","meshCode":"503020092","cityCode":"40230","city":"糸島市","lat":33.5020833,"lon":130.121875,"areaKm2":0.2683787,"populated2020":false,"population2020":null,"populationNote":"境界またぎ・原典収録外のため自治体内人口は未集計"},"geometry":{"type":"Polygon","coordinates":[[[130.11875,33.5],[130.11875,33.50416666666667],[130.125,33.50416666666666],[130.125,33.5],[130.11875,33.5]]]}},{"type":"Feature","id":"40230:503021001","properties":{"id":"40230:503021001","meshCode":"503021001","cityCode":"40230","city":"糸島市","lat":33.5020833,"lon":130.128125,"areaKm2":0.268378,"populated2020":false,"population2020":null,"populationNote":"境界またぎ・原典収録外のため自治体内人口は未集計"},"geometry":{"type":"Polygon","coordinates":[[[130.125,33.5],[130.125,33.50416666666666],[130.13125,33.50416666666667],[130.13125,33.49999999999999],[130.125,33.5]]]}},{"type":"Feature","id":"40230:503021002","properties":{"id":"40230:503021002","meshCode":"503021002","cityCode":"40230","city":"糸島市","lat":33.5020833,"lon":130.134375,"areaKm2":0.2683774,"populated2020":false,"population2020":null,"populationNote":"境界またぎ・原典収録外のため自治体内人口は未集計"},"geometry":{"type":"Polygon","coordinates":[[[130.13125,33.49999999999999],[130.13125,33.50416666666667],[130.1375,33.50416666666668],[130.1375,33.49999999999999],[130.13125,33.49999999999999]]]}},{"type":"Feature","id":"40230:503021011","properties":{"id":"40230:503021011","meshCode":"503021011","cityCode":"40230","city":"糸島市","lat":33.5020833,"lon":130.140625,"areaKm2":0.2683768,"populated2020":false,"population2020":null,"populationNote":"境界またぎ・原典収録外のため自治体内人口は未集計"},"geometry":{"type":"Polygon","coordinates":[[[130.1375,33.49999999999999],[130.1375,33.50416666666668],[130.14375,33.50416666666667],[130.14375,33.5],[130.1375,33.49999999999999]]]}},{"type":"Feature","id":"40230:503021012","properties":{"id":"40230:503021012","meshCode":"503021012","cityCode":"40230","city":"糸島市","lat":33.5020833,"lon":130.146875,"areaKm2":0.2683762,"populated2020":true,"population2020":101.844,"populationNote":"2020年基準の国交省調整値"},"geometry":{"type":"Polygon","coordinates":[[[130.14375,33.5],[130.14375,33.50416666666667],[130.15,33.50416666666667],[130.15,33.49999999999999],[130.14375,33.5]]]}},{"type":"Feature","id":"40230:503021021","properties":{"id":"40230:503021021","meshCode":"503021021","cityCode":"40230","city":"糸島市","lat":33.5020833,"lon":130.153125,"areaKm2":0.2683756,"populated2020":false,"population2020":null,"populationNote":"境界またぎ・原典収録外のため自治体内人口は未集計"},"geometry":{"type":"Polygon","coordinates":[[[130.15,33.49999999999999],[130.15,33.50416666666667],[130.15625,33.50416666666667],[130.15625,33.5],[130.15,33.49999999999999]]]}},{"type":"Feature","id":"40230:503021022","properties":{"id":"40230:503021022","meshCode":"503021022","cityCode":"40230","city":"糸島市","lat":33.5020833,"lon":130.159375,"areaKm2":0.268375,"populated2020":true,"population2020":1.9825,"populationNote":"2020年基準の国交省調整値"},"geometry":{"type":"Polygon","coordinates":[[[130.15625,33.5],[130.15625,33.50416666666667],[130.1625,33.50416666666667],[130.1625,33.49999999999999],[130.15625,33.5]]]}},{"type":"Feature","id":"40230:503021031","properties":{"id":"40230:503021031","meshCode":"503021031","cityCode":"40230","city":"糸島市","lat":33.5020833,"lon":130.165625,"areaKm2":0.2683744,"populated2020":false,"population2020":null,"populationNote":"境界またぎ・原典収録外のため自治体内人口は未集計"},"geometry":{"type":"Polygon","coordinates":[[[130.1625,33.49999999999999],[130.1625,33.50416666666667],[130.16875,33.50416666666667],[130.16875,33.49999999999999],[130.1625,33.49999999999999]]]}},{"type":"Feature","id":"40230:503021032","properties":{"id":"40230:503021032","meshCode":"503021032","cityCode":"40230","city":"糸島市","lat":33.5020833,"lon":130.171875,"areaKm2":0.2683738,"populated2020":false,"population2020":null,"populationNote":"境界またぎ・原典収録外のため自治体内人口は未集計"},"geometry":{"type":"Polygon","coordinates":[[[130.16875,33.49999999999999],[130.16875,33.50416666666667],[130.175,33.50416666666667],[130.175,33.49999999999999],[130.16875,33.49999999999999]]]}},{"type":"Feature","id":"40230:503021041","properties":{"id":"40230:503021041","meshCode":"503021041","cityCode":"40230","city":"糸島市","lat":33.5020833,"lon":130.178125,"areaKm2":0.2683732,"populated2020":false,"population2020":null,"populationNote":"境界またぎ・原典収録外のため自治体内人口は未集計"},"geometry":{"type":"Polygon","coordinates":[[[130.175,33.49999999999999],[130.175,33.50416666666667],[130.18125,33.50416666666667],[130.18125,33.5],[130.175,33.49999999999999]]]}},{"type":"Feature","id":"40230:503021042","properties":{"id":"40230:503021042","meshCode":"503021042","cityCode":"40230","city":"糸島市","lat":33.5020833,"lon":130.184375,"areaKm2":0.2683726,"populated2020":false,"population2020":null,"populationNote":"境界またぎ・原典収録外のため自治体内人口は未集計"},"geometry":{"type":"Polygon","coordinates":[[[130.18125,33.5],[130.18125,33.50416666666667],[130.1875,33.50416666666667],[130.1875,33.5],[130.18125,33.5]]]}},{"type":"Feature","id":"40230:503021051","properties":{"id":"40230:503021051","meshCode":"503021051","cityCode":"40230","city":"糸島市","lat":33.5020833,"lon":130.190625,"areaKm2":0.268372,"populated2020":true,"population2020":41.5029,"populationNote":"2020年基準の国交省調整値"},"geometry":{"type":"Polygon","coordinates":[[[130.1875,33.5],[130.1875,33.50416666666667],[130.19375,33.50416666666668],[130.19375,33.5],[130.1875,33.5]]]}},{"type":"Feature","id":"40230:503021052","properties":{"id":"40230:503021052","meshCode":"503021052","cityCode":"40230","city":"糸島市","lat":33.5020833,"lon":130.196875,"areaKm2":0.2683715,"populated2020":true,"population2020":150.3058,"populationNote":"2020年基準の国交省調整値"},"geometry":{"type":"Polygon","coordinates":[[[130.19375,33.5],[130.19375,33.50416666666668],[130.2,33.50416666666667],[130.2,33.50000000000001],[130.19375,33.5]]]}},{"type":"Feature","id":"40230:503021061","properties":{"id":"40230:503021061","meshCode":"503021061","cityCode":"40230","city":"糸島市","lat":33.5020833,"lon":130.203125,"areaKm2":0.2683709,"populated2020":true,"population2020":23.7407,"populationNote":"2020年基準の国交省調整値"},"geometry":{"type":"Polygon","coordinates":[[[130.2,33.50000000000001],[130.2,33.50416666666667],[130.20625,33.50416666666667],[130.20625,33.5],[130.2,33.50000000000001]]]}},{"type":"Feature","id":"40230:503021062","properties":{"id":"40230:503021062","meshCode":"503021062","cityCode":"40230","city":"糸島市","lat":33.5020833,"lon":130.209375,"areaKm2":0.2683703,"populated2020":false,"population2020":null,"populationNote":"境界またぎ・原典収録外のため自治体内人口は未集計"},"geometry":{"type":"Polygon","coordinates":[[[130.20625,33.5],[130.20625,33.50416666666667],[130.2125,33.50416666666667],[130.2125,33.5],[130.20625,33.5]]]}},{"type":"Feature","id":"40230:503021071","properties":{"id":"40230:503021071","meshCode":"503021071","cityCode":"40230","city":"糸島市","lat":33.5020833,"lon":130.215625,"areaKm2":0.2683698,"populated2020":false,"population2020":null,"populationNote":"境界またぎ・原典収録外のため自治体内人口は未集計"},"geometry":{"type":"Polygon","coordinates":[[[130.2125,33.5],[130.2125,33.50416666666667],[130.21875,33.50416666666667],[130.21875,33.5],[130.2125,33.5]]]}},{"type":"Feature","id":"40230:503021072","properties":{"id":"40230:503021072","meshCode":"503021072","cityCode":"40230","city":"糸島市","lat":33.5020833,"lon":130.221875,"areaKm2":0.2683692,"populated2020":false,"population2020":null,"populationNote":"境界またぎ・原典収録外のため自治体内人口は未集計"},"geometry":{"type":"Polygon","coordinates":[[[130.21875,33.5],[130.21875,33.50416666666667],[130.225,33.50416666666667],[130.225,33.49999999999999],[130.21875,33.5]]]}},{"type":"Feature","id":"40230:503021081","properties":{"id":"40230:503021081","meshCode":"503021081","cityCode":"40230","city":"糸島市","lat":33.5020833,"lon":130.228125,"areaKm2":0.2683686,"populated2020":true,"population2020":2.9874,"populationNote":"2020年基準の国交省調整値"},"geometry":{"type":"Polygon","coordinates":[[[130.225,33.49999999999999],[130.225,33.50416666666667],[130.23125,33.50416666666667],[130.23125,33.5],[130.225,33.49999999999999]]]}},{"type":"Feature","id":"40230:503021082","properties":{"id":"40230:503021082","meshCode":"503021082","cityCode":"40230","city":"糸島市","lat":33.5020833,"lon":130.234375,"areaKm2":0.2683681,"populated2020":false,"population2020":null,"populationNote":"境界またぎ・原典収録外のため自治体内人口は未集計"},"geometry":{"type":"Polygon","coordinates":[[[130.23125,33.5],[130.23125,33.50416666666667],[130.2375,33.50416666666667],[130.2375,33.49999999999999],[130.23125,33.5]]]}},{"type":"Feature","id":"40230:503021091","properties":{"id":"40230:503021091","meshCode":"503021091","cityCode":"40230","city":"糸島市","lat":33.5020833,"lon":130.240625,"areaKm2":0.2683676,"populated2020":false,"population2020":null,"populationNote":"境界またぎ・原典収録外のため自治体内人口は未集計"},"geometry":{"type":"Polygon","coordinates":[[[130.2375,33.49999999999999],[130.2375,33.50416666666667],[130.24375,33.50416666666667],[130.24375,33.49999999999999],[130.2375,33.49999999999999]]]}},{"type":"Feature","id":"40230:503021092","properties":{"id":"40230:503021092","meshCode":"503021092","cityCode":"40230","city":"糸島市","lat":33.5020833,"lon":130.246875,"areaKm2":0.268367,"populated2020":false,"population2020":null,"populationNote":"境界またぎ・原典収録外のため自治体内人口は未集計"},"geometry":{"type":"Polygon","coordinates":[[[130.24375,33.49999999999999],[130.24375,33.50416666666667],[130.25000000000003,33.50416666666668],[130.25000000000003,33.49999999999999],[130.24375,33.49999999999999]]]}},{"type":"Feature","id":"40230:503022001","properties":{"id":"40230:503022001","meshCode":"503022001","cityCode":"40230","city":"糸島市","lat":33.5020833,"lon":130.253125,"areaKm2":0.2683665,"populated2020":false,"population2020":null,"populationNote":"境界またぎ・原典収録外のため自治体内人口は未集計"},"geometry":{"type":"Polygon","coordinates":[[[130.25000000000003,33.49999999999999],[130.25000000000003,33.50416666666668],[130.25625,33.50416666666667],[130.25625,33.49999999999999],[130.25000000000003,33.49999999999999]]]}},{"type":"Feature","id":"40230:503022002","properties":{"id":"40230:503022002","meshCode":"503022002","cityCode":"40230","city":"糸島市","lat":33.5020833,"lon":130.259375,"areaKm2":0.2683659,"populated2020":false,"population2020":null,"populationNote":"境界またぎ・原典収録外のため自治体内人口は未集計"},"geometry":{"type":"Polygon","coordinates":[[[130.25625,33.49999999999999],[130.25625,33.50416666666667],[130.2625,33.50416666666667],[130.2625,33.5],[130.25625,33.49999999999999]]]}},{"type":"Feature","id":"40230:503022011","properties":{"id":"40230:503022011","meshCode":"503022011","cityCode":"40230","city":"糸島市","lat":33.5020833,"lon":130.265625,"areaKm2":0.2683654,"populated2020":false,"population2020":null,"populationNote":"境界またぎ・原典収録外のため自治体内人口は未集計"},"geometry":{"type":"Polygon","coordinates":[[[130.2625,33.5],[130.2625,33.50416666666667],[130.26875,33.50416666666667],[130.26875,33.49999999999999],[130.2625,33.5]]]}},{"type":"Feature","id":"40230:503022012","properties":{"id":"40230:503022012","meshCode":"503022012","cityCode":"40230","city":"糸島市","lat":33.5020833,"lon":130.271875,"areaKm2":0.2683649,"populated2020":false,"population2020":null,"populationNote":"境界またぎ・原典収録外のため自治体内人口は未集計"},"geometry":{"type":"Polygon","coordinates":[[[130.26875,33.49999999999999],[130.26875,33.50416666666667],[130.275,33.50416666666668],[130.275,33.50000000000001],[130.26875,33.49999999999999]]]}},{"type":"Feature","id":"40230:503022021","properties":{"id":"40230:503022021","meshCode":"503022021","cityCode":"40230","city":"糸島市","lat":33.5019257,"lon":130.276507,"areaKm2":0.119949,"populated2020":false,"population2020":null,"populationNote":"境界またぎ・原典収録外のため自治体内人口は未集計"},"geometry":{"type":"Polygon","coordinates":[[[130.27840590475722,33.50416666666667],[130.278396109,33.50329749499999],[130.277888327,33.50160999999999],[130.277073606,33.50067138699999],[130.276375279,33.500238054],[130.276216783,33.5],[130.275,33.50000000000001],[130.275,33.50416666666668],[130.27840590475722,33.50416666666667]]]}},{"type":"Feature","id":"40230:503020044","properties":{"id":"40230:503020044","meshCode":"503020044","cityCode":"40230","city":"糸島市","lat":33.5057465,"lon":130.0624758,"areaKm2":4.33e-05,"populated2020":false,"population2020":null,"populationNote":"境界またぎ・原典収録外のため自治体内人口は未集計"},"geometry":{"type":"Polygon","coordinates":[[[130.062489948,33.50569749499999],[130.062452866,33.50573527900001],[130.062454812,33.505794441],[130.0625,33.505793284868346],[130.062489948,33.50569749499999]]]}},{"type":"Feature","id":"40230:503020053","properties":{"id":"40230:503020053","meshCode":"503020053","cityCode":"40230","city":"糸島市","lat":33.5065896,"lon":130.0673499,"areaKm2":0.0013744,"populated2020":false,"population2020":null,"populationNote":"境界またぎ・原典収録外のため自治体内人口は未集計"},"geometry":{"type":"MultiPolygon","coordinates":[[[[130.062584942,33.505821108],[130.0625,33.50569700079919],[130.062540467,33.505842892000004],[130.062584942,33.505821108]]],[[[130.067304721,33.50637333299999],[130.067147497,33.506404162],[130.067135837,33.506511946],[130.067311115,33.506795829],[130.06748166,33.50680444099999],[130.06752000000003,33.506548333000005],[130.067304721,33.50637333299999]]]]}},{"type":"Feature","id":"40230:503020054","properties":{"id":"40230:503020054","meshCode":"503020054","cityCode":"40230","city":"糸島市","lat":33.5074826,"lon":130.0693598,"areaKm2":0.0063378,"populated2020":false,"population2020":null,"populationNote":"境界またぎ・原典収録外のため自治体内人口は未集計"},"geometry":{"type":"Polygon","coordinates":[[[130.069930337,33.50833333300001],[130.069943528,33.508227],[130.069839831,33.50817977500001],[130.069737562,33.507912586],[130.069790026,33.50784480200001],[130.069596693,33.507728387],[130.069481284,33.506704333],[130.06935594,33.506660747999994],[130.069054527,33.506876135],[130.069237951,33.507166495],[130.069193645,33.507383027],[130.069058975,33.50739508099999],[130.069208612,33.507582829],[130.069134695,33.507591667],[130.069148833,33.507687613],[130.069280272,33.507746387000005],[130.069297082,33.50787636],[130.069386835,33.50788730599999],[130.06957472116534,33.50833333333334],[130.069930337,33.50833333300001]]]}},{"type":"Feature","id":"40230:503020063","properties":{"id":"40230:503020063","meshCode":"503020063","cityCode":"40230","city":"糸島市","lat":33.5048614,"lon":130.0807312,"areaKm2":0.0119603,"populated2020":true,"population2020":7.9386,"populationNote":"2020年基準の国交省調整値"},"geometry":{"type":"Polygon","coordinates":[[[130.080363696,33.504186414],[130.08015435800002,33.505112306],[130.08125,33.50549819266766],[130.08125,33.50416666666667],[130.080363696,33.504186414]]]}},{"type":"Feature","id":"40230:503020064","properties":{"id":"40230:503020064","meshCode":"503020064","cityCode":"40230","city":"糸島市","lat":33.5060703,"lon":130.0835704,"areaKm2":0.110735,"populated2020":true,"population2020":255.0841,"populationNote":"2020年基準の国交省調整値"},"geometry":{"type":"MultiPolygon","coordinates":[[[[130.083647912,33.507394667],[130.083610052,33.50741330599999],[130.083645914,33.507412667],[130.083647912,33.507394667]]],[[[130.083936589,33.507507333],[130.083921829,33.507467829],[130.083897173,33.507488748],[130.083936589,33.507507333]]],[[[130.083673917,33.50813582899999],[130.083640921,33.508151081],[130.083676978,33.50817082900001],[130.083673917,33.50813582899999]]],[[[130.083663606,33.508211667],[130.083584721,33.508167495000016],[130.083546109,33.508188054],[130.08359166,33.508242495000005],[130.083663606,33.508211667]]],[[[130.083535058,33.508208468],[130.083507367,33.508221162000005],[130.083525305,33.508234532],[130.083535058,33.508208468]]],[[[130.08125,33.50549819266766],[130.082208275,33.50590249500001],[130.082816861,33.506001865],[130.082668664,33.506530946],[130.082738638,33.507101829],[130.083051725,33.507601946],[130.083603671,33.507999973],[130.083642049,33.507941829],[130.083061051,33.507502586],[130.082813774,33.507079306],[130.082736226,33.506533413999996],[130.082861115,33.506009414],[130.083251543,33.50617301799999],[130.083244968,33.506852054],[130.083364423,33.506885387000004],[130.083557497,33.50719282899999],[130.083523061,33.507336306000006],[130.08363791200003,33.507364748],[130.083688418,33.507452748],[130.083774358,33.50743825199999],[130.083719754,33.507420892],[130.083833139,33.507284305999995],[130.084406719,33.507281801999994],[130.084419274,33.50722364],[130.085633333,33.506960946],[130.087243774,33.50727053199999],[130.0875,33.50738738286387],[130.0875,33.50732287859488],[130.087262244,33.507212162],[130.08563786,33.506888829],[130.084242412,33.507164162],[130.083910895,33.50625936000001],[130.084298275,33.505847279],[130.0843669,33.505882054],[130.085130195,33.505260495],[130.085124228,33.50500936],[130.085981997,33.50500036],[130.086004643,33.505908829],[130.086659248,33.505897252],[130.086644942,33.505352919],[130.0875,33.50533983279138],[130.0875,33.50416666666667],[130.08125,33.50416666666667],[130.08125,33.50549819266766]]]]}},{"type":"Feature","id":"40230:503020073","properties":{"id":"40230:503020073","meshCode":"503020073","cityCode":"40230","city":"糸島市","lat":33.5055281,"lon":130.092291,"areaKm2":0.1030511,"populated2020":true,"population2020":30.7107,"populationNote":"2020年基準の国交省調整値"},"geometry":{"type":"MultiPolygon","coordinates":[[[[130.0875,33.50738738286387],[130.088453554,33.50782530600001],[130.088543087,33.507948864999996],[130.088697665,33.50788464],[130.08862703,33.507786559],[130.0875,33.50732287859488],[130.0875,33.50738738286387]]],[[[130.087895499,33.50533058600001],[130.087960856,33.506886865000006],[130.087982023,33.505669613],[130.088423865,33.505647532],[130.089633165,33.505401252000006],[130.090265331,33.505416532],[130.090890726,33.505544828999994],[130.09099808,33.505588892],[130.090945668,33.505743775],[130.091066693,33.505637279000005],[130.09213428,33.505922802],[130.09375,33.50662497818337],[130.09375,33.50416666666667],[130.0875,33.50416666666667],[130.0875,33.50533983279138],[130.087895499,33.50533058600001]]]]}},{"type":"Feature","id":"40230:503020074","properties":{"id":"40230:503020074","meshCode":"503020074","cityCode":"40230","city":"糸島市","lat":33.50625,"lon":130.096875,"areaKm2":0.2390237,"populated2020":true,"population2020":13.7741,"populationNote":"2020年基準の国交省調整値"},"geometry":{"type":"Polygon","coordinates":[[[130.09375313900003,33.506626306],[130.09472642,33.50708164],[130.096974189544,33.50833333333334],[130.1,33.50833333333334],[130.1,33.50416666666667],[130.09375,33.50416666666667],[130.09375313900003,33.506626306]]]}},{"type":"Feature","id":"40230:503020083","properties":{"id":"40230:503020083","meshCode":"503020083","cityCode":"40230","city":"糸島市","lat":33.50625,"lon":130.103125,"areaKm2":0.2683679,"populated2020":false,"population2020":null,"populationNote":"境界またぎ・原典収録外のため自治体内人口は未集計"},"geometry":{"type":"Polygon","coordinates":[[[130.1,33.50416666666667],[130.1,33.50833333333334],[130.10625,33.50833333333334],[130.10625,33.50416666666666],[130.1,33.50416666666667]]]}},{"type":"Feature","id":"40230:503020084","properties":{"id":"40230:503020084","meshCode":"503020084","cityCode":"40230","city":"糸島市","lat":33.50625,"lon":130.109375,"areaKm2":0.2683672,"populated2020":true,"population2020":48.4947,"populationNote":"2020年基準の国交省調整値"},"geometry":{"type":"Polygon","coordinates":[[[130.10625,33.50416666666666],[130.10625,33.50833333333334],[130.1125,33.50833333333334],[130.1125,33.50416666666667],[130.10625,33.50416666666666]]]}},{"type":"Feature","id":"40230:503020093","properties":{"id":"40230:503020093","meshCode":"503020093","cityCode":"40230","city":"糸島市","lat":33.50625,"lon":130.115625,"areaKm2":0.238382,"populated2020":true,"population2020":56.344,"populationNote":"2020年基準の国交省調整値"},"geometry":{"type":"MultiPolygon","coordinates":[[[[130.116204994,33.508080414000005],[130.11613131,33.508107027],[130.116169027,33.508134332999994],[130.116204994,33.508080414000005]]],[[[130.112954034,33.508333333],[130.113682438,33.50810855900001],[130.113684332,33.507986586],[130.113838495,33.507994333000006],[130.113966031,33.507785252],[130.114593502,33.507660441],[130.116086394,33.507845586],[130.116133256,33.507958441],[130.116143204,33.507805595],[130.115971764,33.507730072],[130.11771096,33.507785477],[130.117960065,33.507833694],[130.11791131,33.507908279000006],[130.118008145,33.507921667000005],[130.118374578,33.50779858600001],[130.118723139,33.507816027],[130.11875,33.50416666666667],[130.1125,33.50416666666667],[130.1125,33.50833333333334],[130.112954034,33.508333333]]]]}},{"type":"Feature","id":"40230:503020094","properties":{"id":"40230:503020094","meshCode":"503020094","cityCode":"40230","city":"糸島市","lat":33.50625,"lon":130.121875,"areaKm2":0.2604684,"populated2020":true,"population2020":89.9986,"populationNote":"2020年基準の国交省調整値"},"geometry":{"type":"Polygon","coordinates":[[[130.118752892,33.507770801999996],[130.11934978,33.507772693999996],[130.119472866,33.507863919],[130.119525837,33.507818586000006],[130.119669468,33.507877946],[130.119660778,33.507939468000004],[130.119748003,33.507902224999995],[130.120108664,33.508073829000004],[130.120396861,33.508121054],[130.1207291702984,33.50833333333334],[130.125,33.50833333333334],[130.125,33.50416666666666],[130.11875,33.50416666666667],[130.118752892,33.507770801999996]]]}},{"type":"Feature","id":"40230:503021003","properties":{"id":"40230:503021003","meshCode":"503021003","cityCode":"40230","city":"糸島市","lat":33.50625,"lon":130.128125,"areaKm2":0.2683654,"populated2020":true,"population2020":88.2251,"populationNote":"2020年基準の国交省調整値"},"geometry":{"type":"Polygon","coordinates":[[[130.125,33.50416666666666],[130.125,33.50833333333334],[130.13125,33.50833333333333],[130.13125,33.50416666666667],[130.125,33.50416666666666]]]}},{"type":"Feature","id":"40230:503021004","properties":{"id":"40230:503021004","meshCode":"503021004","cityCode":"40230","city":"糸島市","lat":33.50625,"lon":130.134375,"areaKm2":0.2683647,"populated2020":true,"population2020":17.0633,"populationNote":"2020年基準の国交省調整値"},"geometry":{"type":"Polygon","coordinates":[[[130.13125,33.50416666666667],[130.13125,33.50833333333333],[130.1375,33.50833333333334],[130.1375,33.50416666666668],[130.13125,33.50416666666667]]]}},{"type":"Feature","id":"40230:503021013","properties":{"id":"40230:503021013","meshCode":"503021013","cityCode":"40230","city":"糸島市","lat":33.50625,"lon":130.140625,"areaKm2":0.2683641,"populated2020":true,"population2020":2.9743,"populationNote":"2020年基準の国交省調整値"},"geometry":{"type":"Polygon","coordinates":[[[130.1375,33.50416666666668],[130.1375,33.50833333333334],[130.14375,33.50833333333334],[130.14375,33.50416666666667],[130.1375,33.50416666666668]]]}},{"type":"Feature","id":"40230:503021014","properties":{"id":"40230:503021014","meshCode":"503021014","cityCode":"40230","city":"糸島市","lat":33.50625,"lon":130.146875,"areaKm2":0.2683635,"populated2020":true,"population2020":2.9376,"populationNote":"2020年基準の国交省調整値"},"geometry":{"type":"Polygon","coordinates":[[[130.14375,33.50416666666667],[130.14375,33.50833333333334],[130.15,33.50833333333333],[130.15,33.50416666666667],[130.14375,33.50416666666667]]]}},{"type":"Feature","id":"40230:503021023","properties":{"id":"40230:503021023","meshCode":"503021023","cityCode":"40230","city":"糸島市","lat":33.50625,"lon":130.153125,"areaKm2":0.2683629,"populated2020":true,"population2020":14.7936,"populationNote":"2020年基準の国交省調整値"},"geometry":{"type":"Polygon","coordinates":[[[130.15,33.50416666666667],[130.15,33.50833333333333],[130.15625,33.50833333333333],[130.15625,33.50416666666667],[130.15,33.50416666666667]]]}},{"type":"Feature","id":"40230:503021024","properties":{"id":"40230:503021024","meshCode":"503021024","cityCode":"40230","city":"糸島市","lat":33.50625,"lon":130.159375,"areaKm2":0.2683623,"populated2020":true,"population2020":10.868,"populationNote":"2020年基準の国交省調整値"},"geometry":{"type":"Polygon","coordinates":[[[130.15625,33.50416666666667],[130.15625,33.50833333333333],[130.1625,33.50833333333334],[130.1625,33.50416666666667],[130.15625,33.50416666666667]]]}},{"type":"Feature","id":"40230:503021033","properties":{"id":"40230:503021033","meshCode":"503021033","cityCode":"40230","city":"糸島市","lat":33.50625,"lon":130.165625,"areaKm2":0.2683617,"populated2020":true,"population2020":53.3914,"populationNote":"2020年基準の国交省調整値"},"geometry":{"type":"Polygon","coordinates":[[[130.1625,33.50416666666667],[130.1625,33.50833333333334],[130.16875,33.50833333333333],[130.16875,33.50416666666667],[130.1625,33.50416666666667]]]}},{"type":"Feature","id":"40230:503021034","properties":{"id":"40230:503021034","meshCode":"503021034","cityCode":"40230","city":"糸島市","lat":33.50625,"lon":130.171875,"areaKm2":0.2683611,"populated2020":true,"population2020":3.9526,"populationNote":"2020年基準の国交省調整値"},"geometry":{"type":"Polygon","coordinates":[[[130.16875,33.50416666666667],[130.16875,33.50833333333333],[130.175,33.50833333333334],[130.175,33.50416666666667],[130.16875,33.50416666666667]]]}},{"type":"Feature","id":"40230:503021043","properties":{"id":"40230:503021043","meshCode":"503021043","cityCode":"40230","city":"糸島市","lat":33.50625,"lon":130.178125,"areaKm2":0.2683605,"populated2020":false,"population2020":null,"populationNote":"境界またぎ・原典収録外のため自治体内人口は未集計"},"geometry":{"type":"Polygon","coordinates":[[[130.175,33.50416666666667],[130.175,33.50833333333334],[130.18125,33.50833333333333],[130.18125,33.50416666666667],[130.175,33.50416666666667]]]}},{"type":"Feature","id":"40230:503021044","properties":{"id":"40230:503021044","meshCode":"503021044","cityCode":"40230","city":"糸島市","lat":33.50625,"lon":130.184375,"areaKm2":0.2683599,"populated2020":false,"population2020":null,"populationNote":"境界またぎ・原典収録外のため自治体内人口は未集計"},"geometry":{"type":"Polygon","coordinates":[[[130.18125,33.50416666666667],[130.18125,33.50833333333333],[130.1875,33.50833333333334],[130.1875,33.50416666666667],[130.18125,33.50416666666667]]]}},{"type":"Feature","id":"40230:503021053","properties":{"id":"40230:503021053","meshCode":"503021053","cityCode":"40230","city":"糸島市","lat":33.50625,"lon":130.190625,"areaKm2":0.2683594,"populated2020":true,"population2020":31.608,"populationNote":"2020年基準の国交省調整値"},"geometry":{"type":"Polygon","coordinates":[[[130.1875,33.50416666666667],[130.1875,33.50833333333334],[130.19375,33.50833333333334],[130.19375,33.50416666666668],[130.1875,33.50416666666667]]]}},{"type":"Feature","id":"40230:503021054","properties":{"id":"40230:503021054","meshCode":"503021054","cityCode":"40230","city":"糸島市","lat":33.50625,"lon":130.196875,"areaKm2":0.2683588,"populated2020":true,"population2020":37.4846,"populationNote":"2020年基準の国交省調整値"},"geometry":{"type":"Polygon","coordinates":[[[130.19375,33.50416666666668],[130.19375,33.50833333333334],[130.2,33.50833333333334],[130.2,33.50416666666667],[130.19375,33.50416666666668]]]}},{"type":"Feature","id":"40230:503021063","properties":{"id":"40230:503021063","meshCode":"503021063","cityCode":"40230","city":"糸島市","lat":33.50625,"lon":130.203125,"areaKm2":0.2683582,"populated2020":true,"population2020":129.669,"populationNote":"2020年基準の国交省調整値"},"geometry":{"type":"Polygon","coordinates":[[[130.2,33.50416666666667],[130.2,33.50833333333334],[130.20625,33.50833333333333],[130.20625,33.50416666666667],[130.2,33.50416666666667]]]}},{"type":"Feature","id":"40230:503021064","properties":{"id":"40230:503021064","meshCode":"503021064","cityCode":"40230","city":"糸島市","lat":33.50625,"lon":130.209375,"areaKm2":0.2683576,"populated2020":true,"population2020":0.9946,"populationNote":"2020年基準の国交省調整値"},"geometry":{"type":"Polygon","coordinates":[[[130.20625,33.50416666666667],[130.20625,33.50833333333333],[130.2125,33.50833333333334],[130.2125,33.50416666666667],[130.20625,33.50416666666667]]]}},{"type":"Feature","id":"40230:503021073","properties":{"id":"40230:503021073","meshCode":"503021073","cityCode":"40230","city":"糸島市","lat":33.50625,"lon":130.215625,"areaKm2":0.2683571,"populated2020":false,"population2020":null,"populationNote":"境界またぎ・原典収録外のため自治体内人口は未集計"},"geometry":{"type":"Polygon","coordinates":[[[130.2125,33.50416666666667],[130.2125,33.50833333333334],[130.21875,33.50833333333334],[130.21875,33.50416666666667],[130.2125,33.50416666666667]]]}},{"type":"Feature","id":"40230:503021074","properties":{"id":"40230:503021074","meshCode":"503021074","cityCode":"40230","city":"糸島市","lat":33.50625,"lon":130.221875,"areaKm2":0.2683565,"populated2020":true,"population2020":7.8857,"populationNote":"2020年基準の国交省調整値"},"geometry":{"type":"Polygon","coordinates":[[[130.21875,33.50416666666667],[130.21875,33.50833333333334],[130.225,33.50833333333333],[130.225,33.50416666666667],[130.21875,33.50416666666667]]]}},{"type":"Feature","id":"40230:503021083","properties":{"id":"40230:503021083","meshCode":"503021083","cityCode":"40230","city":"糸島市","lat":33.50625,"lon":130.228125,"areaKm2":0.268356,"populated2020":true,"population2020":3.979,"populationNote":"2020年基準の国交省調整値"},"geometry":{"type":"Polygon","coordinates":[[[130.225,33.50416666666667],[130.225,33.50833333333333],[130.23125,33.50833333333334],[130.23125,33.50416666666667],[130.225,33.50416666666667]]]}},{"type":"Feature","id":"40230:503021084","properties":{"id":"40230:503021084","meshCode":"503021084","cityCode":"40230","city":"糸島市","lat":33.50625,"lon":130.234375,"areaKm2":0.2683554,"populated2020":false,"population2020":null,"populationNote":"境界またぎ・原典収録外のため自治体内人口は未集計"},"geometry":{"type":"Polygon","coordinates":[[[130.23125,33.50416666666667],[130.23125,33.50833333333334],[130.2375,33.50833333333334],[130.2375,33.50416666666667],[130.23125,33.50416666666667]]]}},{"type":"Feature","id":"40230:503021093","properties":{"id":"40230:503021093","meshCode":"503021093","cityCode":"40230","city":"糸島市","lat":33.50625,"lon":130.240625,"areaKm2":0.2683549,"populated2020":false,"population2020":null,"populationNote":"境界またぎ・原典収録外のため自治体内人口は未集計"},"geometry":{"type":"Polygon","coordinates":[[[130.2375,33.50416666666667],[130.2375,33.50833333333334],[130.24375,33.50833333333334],[130.24375,33.50416666666667],[130.2375,33.50416666666667]]]}},{"type":"Feature","id":"40230:503021094","properties":{"id":"40230:503021094","meshCode":"503021094","cityCode":"40230","city":"糸島市","lat":33.50625,"lon":130.246875,"areaKm2":0.2683543,"populated2020":false,"population2020":null,"populationNote":"境界またぎ・原典収録外のため自治体内人口は未集計"},"geometry":{"type":"Polygon","coordinates":[[[130.24375,33.50416666666667],[130.24375,33.50833333333334],[130.25000000000003,33.50833333333334],[130.25000000000003,33.50416666666668],[130.24375,33.50416666666667]]]}},{"type":"Feature","id":"40230:503022003","properties":{"id":"40230:503022003","meshCode":"503022003","cityCode":"40230","city":"糸島市","lat":33.50625,"lon":130.253125,"areaKm2":0.2683538,"populated2020":false,"population2020":null,"populationNote":"境界またぎ・原典収録外のため自治体内人口は未集計"},"geometry":{"type":"Polygon","coordinates":[[[130.25000000000003,33.50416666666668],[130.25000000000003,33.50833333333334],[130.25625,33.50833333333333],[130.25625,33.50416666666667],[130.25000000000003,33.50416666666668]]]}},{"type":"Feature","id":"40230:503022004","properties":{"id":"40230:503022004","meshCode":"503022004","cityCode":"40230","city":"糸島市","lat":33.50625,"lon":130.259375,"areaKm2":0.2683533,"populated2020":false,"population2020":null,"populationNote":"境界またぎ・原典収録外のため自治体内人口は未集計"},"geometry":{"type":"Polygon","coordinates":[[[130.25625,33.50416666666667],[130.25625,33.50833333333333],[130.2625,33.50833333333334],[130.2625,33.50416666666667],[130.25625,33.50416666666667]]]}},{"type":"Feature","id":"40230:503022013","properties":{"id":"40230:503022013","meshCode":"503022013","cityCode":"40230","city":"糸島市","lat":33.50625,"lon":130.265625,"areaKm2":0.2683527,"populated2020":false,"population2020":null,"populationNote":"境界またぎ・原典収録外のため自治体内人口は未集計"},"geometry":{"type":"Polygon","coordinates":[[[130.2625,33.50416666666667],[130.2625,33.50833333333334],[130.26875,33.50833333333333],[130.26875,33.50416666666667],[130.2625,33.50416666666667]]]}},{"type":"Feature","id":"40230:503022014","properties":{"id":"40230:503022014","meshCode":"503022014","cityCode":"40230","city":"糸島市","lat":33.50625,"lon":130.271875,"areaKm2":0.2683522,"populated2020":false,"population2020":null,"populationNote":"境界またぎ・原典収録外のため自治体内人口は未集計"},"geometry":{"type":"Polygon","coordinates":[[[130.26875,33.50416666666667],[130.26875,33.50833333333333],[130.275,33.50833333333334],[130.275,33.50416666666668],[130.26875,33.50416666666667]]]}},{"type":"Feature","id":"40230:503022023","properties":{"id":"40230:503022023","meshCode":"503022023","cityCode":"40230","city":"糸島市","lat":33.50625,"lon":130.278125,"areaKm2":0.2048788,"populated2020":false,"population2020":null,"populationNote":"境界またぎ・原典収録外のため自治体内人口は未集計"},"geometry":{"type":"Polygon","coordinates":[[[130.281106394,33.506861667],[130.280730272,33.50674500000001],[130.279701946,33.506702225],[130.279395551,33.506546946],[130.27863,33.505170829],[130.278620558,33.50480166700002],[130.27840590475722,33.50416666666667],[130.275,33.50416666666668],[130.275,33.50833333333334],[130.28125,33.50833333333334],[130.28125,33.50702309912412],[130.281106394,33.506861667]]]}},{"type":"Feature","id":"40230:503022024","properties":{"id":"40230:503022024","meshCode":"503022024","cityCode":"40230","city":"糸島市","lat":33.5076235,"lon":130.2833839,"areaKm2":0.0618665,"populated2020":false,"population2020":null,"populationNote":"境界またぎ・原典収録外のため自治体内人口は未集計"},"geometry":{"type":"Polygon","coordinates":[[[130.285357523,33.508333333],[130.285634994,33.507184441],[130.285500272,33.506978333],[130.282747224,33.506846108000005],[130.281570558,33.507095],[130.28125,33.50702309912412],[130.28125,33.50833333333334],[130.285357523,33.508333333]]]}},{"type":"Feature","id":"40230:503020152","properties":{"id":"40230:503020152","meshCode":"503020152","cityCode":"40230","city":"糸島市","lat":33.5091902,"lon":130.0699703,"areaKm2":0.0105418,"populated2020":false,"population2020":null,"populationNote":"境界またぎ・原典収録外のため自治体内人口は未集計"},"geometry":{"type":"MultiPolygon","coordinates":[[[[130.069603696,33.508431279],[130.069458145,33.508474107999994],[130.069577004,33.50852213500001],[130.069739974,33.50883336],[130.069631245,33.50882389200001],[130.069669611,33.50891],[130.069530584,33.508905721],[130.069643995,33.508960775],[130.069625383,33.509119586],[130.069741219,33.509248748],[130.069763774,33.509475252],[130.069906109,33.509470359999995],[130.069895551,33.50963186500001],[130.070030856,33.509692027],[130.070088975,33.510005332999995],[130.070266783,33.510035775],[130.070429416,33.509943332999995],[130.07030166,33.509862919],[130.07052594,33.509845054],[130.070475694,33.509774613],[130.070542023,33.50970964000001],[130.070447198,33.509620225],[130.07048345,33.509452252],[130.070614773,33.509409054],[130.070237004,33.509105135],[130.070216524,33.508935667],[130.070299754,33.508874612999996],[130.070235746,33.50872869399999],[130.070456693,33.50872233300001],[130.070083281,33.508624694],[130.06993033688144,33.50833333333333],[130.06957472116534,33.50833333333334],[130.069603696,33.508431279]]],[[[130.070724163,33.509396108],[130.070846109,33.509477225],[130.070902503,33.509455279],[130.070824721,33.509338613000004],[130.070724163,33.509396108]]],[[[130.0695907,33.509474387],[130.069656446,33.509426027],[130.06957808,33.509445802],[130.0695907,33.509474387]]],[[[130.069696057,33.509687775],[130.06974725,33.509640108000006],[130.06969197100003,33.509637162],[130.069696057,33.509687775]]],[[[130.06974166,33.51014361299999],[130.06973166,33.510080279],[130.069653333,33.510059162],[130.06966083,33.510139441],[130.06974166,33.51014361299999]]],[[[130.070131751,33.510201306],[130.070202698,33.51018038699999],[130.07016847,33.510149829],[130.070131751,33.510201306]]],[[[130.069786641,33.510286162],[130.069788885,33.510376973],[130.069867886,33.510356387],[130.069786641,33.510286162]]],[[[130.069739559,33.510408892],[130.069674812,33.510346198],[130.069717782,33.510422802],[130.069739559,33.510408892]]],[[[130.073747263,33.510183937],[130.073216304,33.510112883000005],[130.073202802,33.510187892000005],[130.07373420200003,33.510258405],[130.073747263,33.510183937]]]]}},{"type":"Feature","id":"40230:503020172","properties":{"id":"40230:503020172","meshCode":"503020172","cityCode":"40230","city":"糸島市","lat":33.5096764,"lon":130.0994702,"areaKm2":0.0338875,"populated2020":false,"population2020":null,"populationNote":"境界またぎ・原典収録外のため自治体内人口は未集計"},"geometry":{"type":"Polygon","coordinates":[[[130.096974189544,33.50833333333334],[130.098589585,33.509377559],[130.099044553,33.50977172099999],[130.09959978,33.510359865],[130.1,33.511070495],[130.1,33.50833333333334],[130.096974189544,33.50833333333334]]]}},{"type":"Feature","id":"40230:503020181","properties":{"id":"40230:503020181","meshCode":"503020181","cityCode":"40230","city":"糸島市","lat":33.5104167,"lon":130.103125,"areaKm2":0.2136001,"populated2020":true,"population2020":399.596,"populationNote":"2020年基準の国交省調整値"},"geometry":{"type":"Polygon","coordinates":[[[130.10001808,33.511116495],[130.100219805,33.51192636],[130.1001456613979,33.5125],[130.10271034366764,33.512499999999996],[130.102789611,33.512220459],[130.103056939,33.511920892],[130.103223645,33.511871973000005],[130.103694332,33.511894027],[130.103593256,33.51249064000001],[130.10375821694012,33.512499999999996],[130.103870078,33.511905306],[130.104096472,33.511579999999995],[130.104323074,33.511546036],[130.102885551,33.511198532],[130.103821699,33.511263721000006],[130.104590584,33.511417135],[130.104423359,33.51135091900001],[130.104420389,33.511282108],[130.104882335,33.510722721],[130.105579053,33.51011464],[130.10625,33.509652731409915],[130.10625,33.50833333333334],[130.1,33.50833333333334],[130.10001808,33.511116495]]]}},{"type":"Feature","id":"40230:503020182","properties":{"id":"40230:503020182","meshCode":"503020182","cityCode":"40230","city":"糸島市","lat":33.5095644,"lon":130.1109072,"areaKm2":0.0971679,"populated2020":true,"population2020":13.7851,"populationNote":"2020年基準の国交省調整値"},"geometry":{"type":"Polygon","coordinates":[[[130.106288171,33.50963313500001],[130.106401025,33.509583197999994],[130.10647725,33.509665694000006],[130.106472944,33.509551162],[130.106711971,33.509458198],[130.107662672,33.509295721],[130.108989442,33.509287162],[130.109444747,33.509526468],[130.109595772,33.510178027],[130.109744578,33.510467162],[130.109875837,33.510482441],[130.109998249,33.51070133299999],[130.110136394,33.51077897300001],[130.110194994,33.510722306],[130.110711025,33.510783559],[130.111220195,33.510630495],[130.112203554,33.50982822500001],[130.112389805,33.509487667000016],[130.112320117,33.509145802000006],[130.1125,33.50881877914074],[130.1125,33.50833333333334],[130.10625,33.50833333333334],[130.106288171,33.50963313500001]]]}},{"type":"Feature","id":"40230:503020191","properties":{"id":"40230:503020191","meshCode":"503020191","cityCode":"40230","city":"糸島市","lat":33.5086108,"lon":130.1125882,"areaKm2":0.0010654,"populated2020":false,"population2020":null,"populationNote":"境界またぎ・原典収録外のため自治体内人口は未集計"},"geometry":{"type":"Polygon","coordinates":[[[130.1125,33.50881877914074],[130.11289435800003,33.508381892],[130.11295403356834,33.50833333333335],[130.1125,33.50833333333334],[130.1125,33.50881877914074]]]}},{"type":"Feature","id":"40230:503020192","properties":{"id":"40230:503020192","meshCode":"503020192","cityCode":"40230","city":"糸島市","lat":33.509226,"lon":130.1244042,"areaKm2":0.0280094,"populated2020":false,"population2020":null,"populationNote":"境界またぎ・原典収録外のため自治体内人口は未集計"},"geometry":{"type":"MultiPolygon","coordinates":[[[[130.120662944,33.508415441],[130.120651855,33.50839553200001],[130.12064642,33.508402532000005],[130.120662944,33.508415441]]],[[[130.120654994,33.50844713499999],[130.120691803,33.508466946],[130.120707393,33.508459946],[130.120654994,33.50844713499999]]],[[[130.121382776,33.508684559],[130.121394916,33.50865569399999],[130.121374137,33.50866563999999],[130.121382776,33.508684559]]],[[[130.122874916,33.508840919],[130.122854864,33.508845306000005],[130.122854306,33.50885836],[130.122874916,33.508840919]]],[[[130.12296077800002,33.50885677500001],[130.122948418,33.508864441],[130.122962114,33.50886219800001],[130.12296077800002,33.50885677500001]]],[[[130.124945253,33.510134748],[130.124948106,33.510097081],[130.124925253,33.510101414000005],[130.124945253,33.510134748]]],[[[130.124999416,33.510207694],[130.125,33.510210829],[130.125,33.510206748],[130.124999416,33.510207694]]],[[[130.120749559,33.508356107999994],[130.121422918,33.50863046800001],[130.121622802,33.508641],[130.121657562,33.508577225],[130.123089805,33.508773919],[130.124721362,33.509836333],[130.125,33.51012736],[130.125,33.50833333333334],[130.120749559,33.508356107999994]]]]}},{"type":"Feature","id":"40230:503021101","properties":{"id":"40230:503021101","meshCode":"503021101","cityCode":"40230","city":"糸島市","lat":33.5104167,"lon":130.128125,"areaKm2":0.1916322,"populated2020":true,"population2020":8.8938,"populationNote":"2020年基準の国交省調整値"},"geometry":{"type":"MultiPolygon","coordinates":[[[[130.125012283,33.510200864999995],[130.125005746,33.510220829000005],[130.125021388,33.510215532],[130.125012283,33.510200864999995]]],[[[130.12508847,33.510364865],[130.125044423,33.51038708099999],[130.125104968,33.510391586],[130.12508847,33.510364865]]],[[[130.125003554,33.510128667],[130.125088781,33.51019436],[130.125070169,33.51029036],[130.125503969,33.51028638700001],[130.125689144,33.51017497299999],[130.126801025,33.510044694],[130.127214527,33.51049977500001],[130.12841061,33.511503360000006],[130.12942902567264,33.5125],[130.13125,33.512499999999996],[130.13125,33.50833333333333],[130.125,33.50833333333334],[130.125003554,33.510128667]]]]}},{"type":"Feature","id":"40230:503021102","properties":{"id":"40230:503021102","meshCode":"503021102","cityCode":"40230","city":"糸島市","lat":33.5104167,"lon":130.134375,"areaKm2":0.268352,"populated2020":true,"population2020":222.3459,"populationNote":"2020年基準の国交省調整値"},"geometry":{"type":"Polygon","coordinates":[[[130.13125,33.50833333333333],[130.13125,33.512499999999996],[130.1375,33.512499999999996],[130.1375,33.50833333333334],[130.13125,33.50833333333333]]]}},{"type":"Feature","id":"40230:503021111","properties":{"id":"40230:503021111","meshCode":"503021111","cityCode":"40230","city":"糸島市","lat":33.5104167,"lon":130.140625,"areaKm2":0.2683514,"populated2020":true,"population2020":603.0393,"populationNote":"2020年基準の国交省調整値"},"geometry":{"type":"Polygon","coordinates":[[[130.1375,33.50833333333334],[130.1375,33.512499999999996],[130.14375,33.5125],[130.14375,33.50833333333334],[130.1375,33.50833333333334]]]}},{"type":"Feature","id":"40230:503021112","properties":{"id":"40230:503021112","meshCode":"503021112","cityCode":"40230","city":"糸島市","lat":33.5104167,"lon":130.146875,"areaKm2":0.2683508,"populated2020":true,"population2020":104.6864,"populationNote":"2020年基準の国交省調整値"},"geometry":{"type":"Polygon","coordinates":[[[130.14375,33.50833333333334],[130.14375,33.5125],[130.15,33.5125],[130.15,33.50833333333333],[130.14375,33.50833333333334]]]}},{"type":"Feature","id":"40230:503021121","properties":{"id":"40230:503021121","meshCode":"503021121","cityCode":"40230","city":"糸島市","lat":33.5104167,"lon":130.153125,"areaKm2":0.2683502,"populated2020":true,"population2020":14.8045,"populationNote":"2020年基準の国交省調整値"},"geometry":{"type":"Polygon","coordinates":[[[130.15,33.50833333333333],[130.15,33.5125],[130.15625,33.512499999999996],[130.15625,33.50833333333333],[130.15,33.50833333333333]]]}},{"type":"Feature","id":"40230:503021122","properties":{"id":"40230:503021122","meshCode":"503021122","cityCode":"40230","city":"糸島市","lat":33.5104167,"lon":130.159375,"areaKm2":0.2683496,"populated2020":true,"population2020":106.7773,"populationNote":"2020年基準の国交省調整値"},"geometry":{"type":"Polygon","coordinates":[[[130.15625,33.50833333333333],[130.15625,33.512499999999996],[130.1625,33.5125],[130.1625,33.50833333333334],[130.15625,33.50833333333333]]]}},{"type":"Feature","id":"40230:503021131","properties":{"id":"40230:503021131","meshCode":"503021131","cityCode":"40230","city":"糸島市","lat":33.5104167,"lon":130.165625,"areaKm2":0.268349,"populated2020":true,"population2020":97.8789,"populationNote":"2020年基準の国交省調整値"},"geometry":{"type":"Polygon","coordinates":[[[130.1625,33.50833333333334],[130.1625,33.5125],[130.16875,33.5125],[130.16875,33.50833333333333],[130.1625,33.50833333333334]]]}},{"type":"Feature","id":"40230:503021132","properties":{"id":"40230:503021132","meshCode":"503021132","cityCode":"40230","city":"糸島市","lat":33.5104167,"lon":130.171875,"areaKm2":0.2683484,"populated2020":true,"population2020":110.9378,"populationNote":"2020年基準の国交省調整値"},"geometry":{"type":"Polygon","coordinates":[[[130.16875,33.50833333333333],[130.16875,33.5125],[130.175,33.5125],[130.175,33.50833333333334],[130.16875,33.50833333333333]]]}},{"type":"Feature","id":"40230:503021141","properties":{"id":"40230:503021141","meshCode":"503021141","cityCode":"40230","city":"糸島市","lat":33.5104167,"lon":130.178125,"areaKm2":0.2683478,"populated2020":true,"population2020":31.6013,"populationNote":"2020年基準の国交省調整値"},"geometry":{"type":"Polygon","coordinates":[[[130.175,33.50833333333334],[130.175,33.5125],[130.18125,33.5125],[130.18125,33.50833333333333],[130.175,33.50833333333334]]]}},{"type":"Feature","id":"40230:503021142","properties":{"id":"40230:503021142","meshCode":"503021142","cityCode":"40230","city":"糸島市","lat":33.5104167,"lon":130.184375,"areaKm2":0.2683472,"populated2020":true,"population2020":98.7948,"populationNote":"2020年基準の国交省調整値"},"geometry":{"type":"Polygon","coordinates":[[[130.18125,33.50833333333333],[130.18125,33.5125],[130.1875,33.5125],[130.1875,33.50833333333334],[130.18125,33.50833333333333]]]}},{"type":"Feature","id":"40230:503021151","properties":{"id":"40230:503021151","meshCode":"503021151","cityCode":"40230","city":"糸島市","lat":33.5104167,"lon":130.190625,"areaKm2":0.2683467,"populated2020":true,"population2020":17.7821,"populationNote":"2020年基準の国交省調整値"},"geometry":{"type":"Polygon","coordinates":[[[130.1875,33.50833333333334],[130.1875,33.5125],[130.19375,33.5125],[130.19375,33.50833333333334],[130.1875,33.50833333333334]]]}},{"type":"Feature","id":"40230:503021152","properties":{"id":"40230:503021152","meshCode":"503021152","cityCode":"40230","city":"糸島市","lat":33.5104167,"lon":130.196875,"areaKm2":0.2683461,"populated2020":true,"population2020":188.0737,"populationNote":"2020年基準の国交省調整値"},"geometry":{"type":"Polygon","coordinates":[[[130.19375,33.50833333333334],[130.19375,33.5125],[130.2,33.5125],[130.2,33.50833333333334],[130.19375,33.50833333333334]]]}},{"type":"Feature","id":"40230:503021161","properties":{"id":"40230:503021161","meshCode":"503021161","cityCode":"40230","city":"糸島市","lat":33.5104167,"lon":130.203125,"areaKm2":0.2683455,"populated2020":true,"population2020":17.7812,"populationNote":"2020年基準の国交省調整値"},"geometry":{"type":"Polygon","coordinates":[[[130.2,33.50833333333334],[130.2,33.5125],[130.20625,33.5125],[130.20625,33.50833333333333],[130.2,33.50833333333334]]]}},{"type":"Feature","id":"40230:503021162","properties":{"id":"40230:503021162","meshCode":"503021162","cityCode":"40230","city":"糸島市","lat":33.5104167,"lon":130.209375,"areaKm2":0.268345,"populated2020":true,"population2020":22.7901,"populationNote":"2020年基準の国交省調整値"},"geometry":{"type":"Polygon","coordinates":[[[130.20625,33.50833333333333],[130.20625,33.5125],[130.2125,33.512499999999996],[130.2125,33.50833333333334],[130.20625,33.50833333333333]]]}},{"type":"Feature","id":"40230:503021171","properties":{"id":"40230:503021171","meshCode":"503021171","cityCode":"40230","city":"糸島市","lat":33.5104167,"lon":130.215625,"areaKm2":0.2683444,"populated2020":true,"population2020":5.9417,"populationNote":"2020年基準の国交省調整値"},"geometry":{"type":"Polygon","coordinates":[[[130.2125,33.50833333333334],[130.2125,33.512499999999996],[130.21875,33.5125],[130.21875,33.50833333333334],[130.2125,33.50833333333334]]]}},{"type":"Feature","id":"40230:503021172","properties":{"id":"40230:503021172","meshCode":"503021172","cityCode":"40230","city":"糸島市","lat":33.5104167,"lon":130.221875,"areaKm2":0.2683438,"populated2020":true,"population2020":9.9034,"populationNote":"2020年基準の国交省調整値"},"geometry":{"type":"Polygon","coordinates":[[[130.21875,33.50833333333334],[130.21875,33.5125],[130.225,33.5125],[130.225,33.50833333333333],[130.21875,33.50833333333334]]]}},{"type":"Feature","id":"40230:503021181","properties":{"id":"40230:503021181","meshCode":"503021181","cityCode":"40230","city":"糸島市","lat":33.5104167,"lon":130.228125,"areaKm2":0.2683433,"populated2020":false,"population2020":null,"populationNote":"境界またぎ・原典収録外のため自治体内人口は未集計"},"geometry":{"type":"Polygon","coordinates":[[[130.225,33.50833333333333],[130.225,33.5125],[130.23125,33.51250000000001],[130.23125,33.50833333333334],[130.225,33.50833333333333]]]}},{"type":"Feature","id":"40230:503021182","properties":{"id":"40230:503021182","meshCode":"503021182","cityCode":"40230","city":"糸島市","lat":33.5104167,"lon":130.234375,"areaKm2":0.2683427,"populated2020":false,"population2020":null,"populationNote":"境界またぎ・原典収録外のため自治体内人口は未集計"},"geometry":{"type":"Polygon","coordinates":[[[130.23125,33.50833333333334],[130.23125,33.51250000000001],[130.2375,33.512499999999996],[130.2375,33.50833333333334],[130.23125,33.50833333333334]]]}},{"type":"Feature","id":"40230:503021191","properties":{"id":"40230:503021191","meshCode":"503021191","cityCode":"40230","city":"糸島市","lat":33.5104167,"lon":130.240625,"areaKm2":0.2683422,"populated2020":false,"population2020":null,"populationNote":"境界またぎ・原典収録外のため自治体内人口は未集計"},"geometry":{"type":"Polygon","coordinates":[[[130.2375,33.50833333333334],[130.2375,33.512499999999996],[130.24375,33.5125],[130.24375,33.50833333333334],[130.2375,33.50833333333334]]]}},{"type":"Feature","id":"40230:503021192","properties":{"id":"40230:503021192","meshCode":"503021192","cityCode":"40230","city":"糸島市","lat":33.5104167,"lon":130.246875,"areaKm2":0.2683417,"populated2020":true,"population2020":31.699,"populationNote":"2020年基準の国交省調整値"},"geometry":{"type":"Polygon","coordinates":[[[130.24375,33.50833333333334],[130.24375,33.5125],[130.25000000000003,33.5125],[130.25000000000003,33.50833333333334],[130.24375,33.50833333333334]]]}},{"type":"Feature","id":"40230:503022101","properties":{"id":"40230:503022101","meshCode":"503022101","cityCode":"40230","city":"糸島市","lat":33.5104167,"lon":130.253125,"areaKm2":0.2683411,"populated2020":false,"population2020":null,"populationNote":"境界またぎ・原典収録外のため自治体内人口は未集計"},"geometry":{"type":"Polygon","coordinates":[[[130.25000000000003,33.50833333333334],[130.25000000000003,33.5125],[130.25625,33.5125],[130.25625,33.50833333333333],[130.25000000000003,33.50833333333334]]]}},{"type":"Feature","id":"40230:503022102","properties":{"id":"40230:503022102","meshCode":"503022102","cityCode":"40230","city":"糸島市","lat":33.5104167,"lon":130.259375,"areaKm2":0.2683406,"populated2020":true,"population2020":4.9345,"populationNote":"2020年基準の国交省調整値"},"geometry":{"type":"Polygon","coordinates":[[[130.25625,33.50833333333333],[130.25625,33.5125],[130.2625,33.5125],[130.2625,33.50833333333334],[130.25625,33.50833333333333]]]}},{"type":"Feature","id":"40230:503022111","properties":{"id":"40230:503022111","meshCode":"503022111","cityCode":"40230","city":"糸島市","lat":33.5104167,"lon":130.265625,"areaKm2":0.2683401,"populated2020":true,"population2020":52.443,"populationNote":"2020年基準の国交省調整値"},"geometry":{"type":"Polygon","coordinates":[[[130.2625,33.50833333333334],[130.2625,33.5125],[130.26875,33.5125],[130.26875,33.50833333333333],[130.2625,33.50833333333334]]]}},{"type":"Feature","id":"40230:503022112","properties":{"id":"40230:503022112","meshCode":"503022112","cityCode":"40230","city":"糸島市","lat":33.5104167,"lon":130.271875,"areaKm2":0.2683395,"populated2020":false,"population2020":null,"populationNote":"境界またぎ・原典収録外のため自治体内人口は未集計"},"geometry":{"type":"Polygon","coordinates":[[[130.26875,33.50833333333333],[130.26875,33.5125],[130.275,33.5125],[130.275,33.50833333333334],[130.26875,33.50833333333333]]]}},{"type":"Feature","id":"40230:503022121","properties":{"id":"40230:503022121","meshCode":"503022121","cityCode":"40230","city":"糸島市","lat":33.5104167,"lon":130.278125,"areaKm2":0.268339,"populated2020":false,"population2020":null,"populationNote":"境界またぎ・原典収録外のため自治体内人口は未集計"},"geometry":{"type":"Polygon","coordinates":[[[130.275,33.50833333333334],[130.275,33.5125],[130.28125,33.5125],[130.28125,33.50833333333334],[130.275,33.50833333333334]]]}},{"type":"Feature","id":"40230:503022122","properties":{"id":"40230:503022122","meshCode":"503022122","cityCode":"40230","city":"糸島市","lat":33.5104167,"lon":130.284375,"areaKm2":0.1907128,"populated2020":false,"population2020":null,"populationNote":"境界またぎ・原典収録外のため自治体内人口は未集計"},"geometry":{"type":"MultiPolygon","coordinates":[[[[130.2875,33.510457910233306],[130.287322503,33.510594162],[130.287282218,33.51079305399999],[130.2875,33.51104484691242],[130.2875,33.510457910233306]]],[[[130.2875,33.51117],[130.286747224,33.511042225000004],[130.286024721,33.511133333],[130.28537,33.511483054],[130.284318612,33.512384721],[130.284327782,33.512031108],[130.284773606,33.510511386999994],[130.285261115,33.509590279],[130.285233061,33.509189721],[130.28535752294601,33.50833333333333],[130.28125,33.50833333333334],[130.28125,33.5125],[130.2875,33.512499999999996],[130.2875,33.51117]]]]}},{"type":"Feature","id":"40230:503022131","properties":{"id":"40230:503022131","meshCode":"503022131","cityCode":"40230","city":"糸島市","lat":33.510774,"lon":130.2887563,"areaKm2":0.0716752,"populated2020":false,"population2020":null,"populationNote":"境界またぎ・原典収録外のため自治体内人口は未集計"},"geometry":{"type":"Polygon","coordinates":[[[130.290940272,33.512463892],[130.290314163,33.51224166699999],[130.290276394,33.51183582899999],[130.290016109,33.51118999999999],[130.290032503,33.510805559],[130.289680558,33.510498891999994],[130.28958917,33.509951945999994],[130.289691388,33.50972972099999],[130.289676939,33.50954027899999],[130.289551388,33.509311946],[130.289188885,33.50904805399999],[130.288856939,33.509485829],[130.288163333,33.510119162],[130.2875,33.510457910233306],[130.2875,33.512499999999996],[130.290940272,33.512463892]]]}},{"type":"Feature","id":"40230:503020174","properties":{"id":"40230:503020174","meshCode":"503020174","cityCode":"40230","city":"糸島市","lat":33.5141986,"lon":130.0994072,"areaKm2":0.0316115,"populated2020":false,"population2020":null,"populationNote":"境界またぎ・原典収録外のため自治体内人口は未集計"},"geometry":{"type":"MultiPolygon","coordinates":[[[[130.09800499400004,33.513000559],[130.098123891,33.513070000000006],[130.098164449,33.512891387],[130.098083606,33.51287249500001],[130.09800499400004,33.513000559]]],[[[130.098482724,33.51359982900001],[130.098342633,33.513728721],[130.098564112,33.513712586000004],[130.098482724,33.51359982900001]]],[[[130.098487367,33.51383736],[130.098560389,33.513782162],[130.098453748,33.51382061300001],[130.098487367,33.51383736]]],[[[130.1,33.512741892],[130.099368249,33.51313425200001],[130.099040026,33.512920531999995],[130.09903297,33.512719306],[130.098874669,33.51270363999999],[130.09877856,33.512798333000006],[130.098695305,33.51340336],[130.098518444,33.513457892],[130.098649585,33.51356741399999],[130.098489728,33.513589865],[130.098742361,33.513930558999995],[130.09867489,33.514075306],[130.098757393,33.514071748],[130.098957588,33.514413495],[130.098911362,33.514710441],[130.099059001,33.51493153199999],[130.098980506,33.514975667],[130.099011362,33.515072559],[130.099143256,33.515122640000016],[130.09909978,33.515244225],[130.099184527,33.515396135],[130.099438392,33.515548108],[130.099562088,33.515536468],[130.099720532,33.515694054],[130.099885058,33.515656495],[130.099951777,33.51571991899999],[130.1,33.512741892]]]]}},{"type":"Feature","id":"40230:503020183","properties":{"id":"40230:503020183","meshCode":"503020183","cityCode":"40230","city":"糸島市","lat":33.5145833,"lon":130.103125,"areaKm2":0.1199402,"populated2020":true,"population2020":159.0785,"populationNote":"2020年基準の国交省調整値"},"geometry":{"type":"MultiPolygon","coordinates":[[[[130.105232166,33.514410919],[130.105232477,33.51439280200001],[130.105222555,33.514394279],[130.105232166,33.514410919]]],[[[130.105153839,33.514492946000004],[130.105134721,33.514517613],[130.105160804,33.514513748],[130.105153839,33.514492946000004]]],[[[130.10508655,33.514774225000004],[130.105073022,33.514740333],[130.105069416,33.51476725199999],[130.10508655,33.514774225000004]]],[[[130.105120415,33.51482136],[130.105152166,33.514811495],[130.1051207,33.514802694],[130.105120415,33.51482136]]],[[[130.104465084,33.514831775],[130.104444669,33.51480927900001],[130.104437912,33.514826162000006],[130.104465084,33.514831775]]],[[[130.104399053,33.514889360000005],[130.104420143,33.514910802],[130.10443978,33.514896775],[130.104399053,33.514889360000005]]],[[[130.104288197,33.51488864],[130.104304643,33.514923027],[130.104323671,33.514903613],[130.104288197,33.51488864]]],[[[130.104266615,33.51503897300001],[130.104246783,33.515020802],[130.10425489,33.51503889200001],[130.104266615,33.51503897300001]]],[[[130.104394163,33.515050161999994],[130.104385331,33.515071946000006],[130.10439642,33.515071468],[130.104394163,33.515050161999994]]],[[[130.104244475,33.515088414],[130.104316109,33.515104694],[130.104290752,33.51506855899999],[130.104244475,33.515088414]]],[[[130.102089222,33.51572082900002],[130.102105888,33.51569164],[130.102077665,33.515714775],[130.102089222,33.51572082900002]]],[[[130.100659585,33.515737054000006],[130.100624747,33.51572155899999],[130.100625084,33.515741667],[130.100659585,33.515737054000006]]],[[[130.101049442,33.51597664],[130.101142672,33.516070919],[130.101217756,33.515950468],[130.101049442,33.51597664]]],[[[130.101377497,33.516042775],[130.101341414,33.516024945999995],[130.101340441,33.51604619799999],[130.101377497,33.516042775]]],[[[130.101486913,33.516017135],[130.101460363,33.516066],[130.101534916,33.516058441],[130.101486913,33.516017135]]],[[[130.1013162,33.516100586],[130.101307445,33.516039667],[130.101250415,33.516060162],[130.101256887,33.516078414],[130.1013162,33.516100586]]],[[[130.1001456613979,33.5125],[130.1,33.512741892],[130.1,33.515707586],[130.100572166,33.515674108],[130.101215084,33.51593827899999],[130.101233606,33.516009198],[130.10189061,33.515950559],[130.101890246,33.51574669399999],[130.102571025,33.515219558999995],[130.102577834,33.514958225],[130.102855616,33.514731586],[130.103045253,33.514765135000005],[130.103155616,33.51465864],[130.103530636,33.514615467999995],[130.103931971,33.514747495],[130.104455422,33.514787973],[130.104643671,33.514927279],[130.104797224,33.51488764],[130.104843502,33.514952892],[130.10493166,33.514837306],[130.10476406,33.514733225],[130.104927756,33.514557225000004],[130.10625,33.51370429501821],[130.10625,33.513636409139075],[130.105481725,33.514114468],[130.103672412,33.513641919],[130.103626005,33.513143495],[130.103686109,33.51285910800001],[130.103857886,33.512829053999994],[130.103585616,33.51272916200001],[130.103434968,33.513338495],[130.103138405,33.513311099],[130.102652477,33.512908243],[130.10271034366764,33.512499999999996],[130.1001456613979,33.5125]]],[[[130.103596446,33.512503198],[130.103689831,33.512601694],[130.103962088,33.512588081],[130.10375821694012,33.512499999999996],[130.103596446,33.512503198]]]]}},{"type":"Feature","id":"40230:503020184","properties":{"id":"40230:503020184","meshCode":"503020184","cityCode":"40230","city":"糸島市","lat":33.5136704,"lon":130.1062753,"areaKm2":6.32e-05,"populated2020":false,"population2020":null,"populationNote":"境界またぎ・原典収録外のため自治体内人口は未集計"},"geometry":{"type":"Polygon","coordinates":[[[130.106351193,33.513636468],[130.10625,33.513636409139075],[130.10625,33.51370429501821],[130.106351193,33.513636468]]]}},{"type":"Feature","id":"40230:503021103","properties":{"id":"40230:503021103","meshCode":"503021103","cityCode":"40230","city":"糸島市","lat":33.5135028,"lon":130.1308112,"areaKm2":0.0183462,"populated2020":true,"population2020":15.841,"populationNote":"2020年基準の国交省調整値"},"geometry":{"type":"Polygon","coordinates":[[[130.129449883,33.512521135],[130.130520661,33.513649494999996],[130.13125,33.51454896540434],[130.13125,33.512499999999996],[130.129449883,33.512521135]]]}},{"type":"Feature","id":"40230:503021104","properties":{"id":"40230:503021104","meshCode":"503021104","cityCode":"40230","city":"糸島市","lat":33.5145833,"lon":130.134375,"areaKm2":0.2521413,"populated2020":true,"population2020":655.4929,"populationNote":"2020年基準の国交省調整値"},"geometry":{"type":"Polygon","coordinates":[[[130.131285162,33.51459374800001],[130.13270739280065,33.516666666666666],[130.1375,33.516666666666666],[130.1375,33.512499999999996],[130.13125,33.512499999999996],[130.131285162,33.51459374800001]]]}},{"type":"Feature","id":"40230:503021113","properties":{"id":"40230:503021113","meshCode":"503021113","cityCode":"40230","city":"糸島市","lat":33.5145833,"lon":130.140625,"areaKm2":0.2683387,"populated2020":true,"population2020":1150.5701,"populationNote":"2020年基準の国交省調整値"},"geometry":{"type":"Polygon","coordinates":[[[130.1375,33.512499999999996],[130.1375,33.516666666666666],[130.14375,33.51666666666667],[130.14375,33.5125],[130.1375,33.512499999999996]]]}},{"type":"Feature","id":"40230:503021114","properties":{"id":"40230:503021114","meshCode":"503021114","cityCode":"40230","city":"糸島市","lat":33.5145833,"lon":130.146875,"areaKm2":0.2683381,"populated2020":true,"population2020":130.5792,"populationNote":"2020年基準の国交省調整値"},"geometry":{"type":"Polygon","coordinates":[[[130.14375,33.5125],[130.14375,33.51666666666667],[130.15,33.516666666666666],[130.15,33.5125],[130.14375,33.5125]]]}},{"type":"Feature","id":"40230:503021123","properties":{"id":"40230:503021123","meshCode":"503021123","cityCode":"40230","city":"糸島市","lat":33.5145833,"lon":130.153125,"areaKm2":0.2683375,"populated2020":true,"population2020":77.145,"populationNote":"2020年基準の国交省調整値"},"geometry":{"type":"Polygon","coordinates":[[[130.15,33.5125],[130.15,33.516666666666666],[130.15625,33.51666666666666],[130.15625,33.512499999999996],[130.15,33.5125]]]}},{"type":"Feature","id":"40230:503021124","properties":{"id":"40230:503021124","meshCode":"503021124","cityCode":"40230","city":"糸島市","lat":33.5145833,"lon":130.159375,"areaKm2":0.2683369,"populated2020":true,"population2020":123.8493,"populationNote":"2020年基準の国交省調整値"},"geometry":{"type":"Polygon","coordinates":[[[130.15625,33.512499999999996],[130.15625,33.51666666666666],[130.1625,33.516666666666666],[130.1625,33.5125],[130.15625,33.512499999999996]]]}},{"type":"Feature","id":"40230:503021133","properties":{"id":"40230:503021133","meshCode":"503021133","cityCode":"40230","city":"糸島市","lat":33.5145833,"lon":130.165625,"areaKm2":0.2683363,"populated2020":true,"population2020":95.814,"populationNote":"2020年基準の国交省調整値"},"geometry":{"type":"Polygon","coordinates":[[[130.1625,33.5125],[130.1625,33.516666666666666],[130.16875,33.516666666666666],[130.16875,33.5125],[130.1625,33.5125]]]}},{"type":"Feature","id":"40230:503021134","properties":{"id":"40230:503021134","meshCode":"503021134","cityCode":"40230","city":"糸島市","lat":33.5145833,"lon":130.171875,"areaKm2":0.2683357,"populated2020":false,"population2020":null,"populationNote":"境界またぎ・原典収録外のため自治体内人口は未集計"},"geometry":{"type":"Polygon","coordinates":[[[130.16875,33.5125],[130.16875,33.516666666666666],[130.175,33.51666666666667],[130.175,33.5125],[130.16875,33.5125]]]}},{"type":"Feature","id":"40230:503021143","properties":{"id":"40230:503021143","meshCode":"503021143","cityCode":"40230","city":"糸島市","lat":33.5145833,"lon":130.178125,"areaKm2":0.2683351,"populated2020":true,"population2020":39.5451,"populationNote":"2020年基準の国交省調整値"},"geometry":{"type":"Polygon","coordinates":[[[130.175,33.5125],[130.175,33.51666666666667],[130.18125,33.516666666666666],[130.18125,33.5125],[130.175,33.5125]]]}},{"type":"Feature","id":"40230:503021144","properties":{"id":"40230:503021144","meshCode":"503021144","cityCode":"40230","city":"糸島市","lat":33.5145833,"lon":130.184375,"areaKm2":0.2683346,"populated2020":true,"population2020":8.9058,"populationNote":"2020年基準の国交省調整値"},"geometry":{"type":"Polygon","coordinates":[[[130.18125,33.5125],[130.18125,33.516666666666666],[130.1875,33.516666666666666],[130.1875,33.5125],[130.18125,33.5125]]]}},{"type":"Feature","id":"40230:503021153","properties":{"id":"40230:503021153","meshCode":"503021153","cityCode":"40230","city":"糸島市","lat":33.5145833,"lon":130.190625,"areaKm2":0.268334,"populated2020":true,"population2020":53.4191,"populationNote":"2020年基準の国交省調整値"},"geometry":{"type":"Polygon","coordinates":[[[130.1875,33.5125],[130.1875,33.516666666666666],[130.19375,33.51666666666667],[130.19375,33.5125],[130.1875,33.5125]]]}},{"type":"Feature","id":"40230:503021154","properties":{"id":"40230:503021154","meshCode":"503021154","cityCode":"40230","city":"糸島市","lat":33.5145833,"lon":130.196875,"areaKm2":0.2683334,"populated2020":true,"population2020":88.9313,"populationNote":"2020年基準の国交省調整値"},"geometry":{"type":"Polygon","coordinates":[[[130.19375,33.5125],[130.19375,33.51666666666667],[130.2,33.51666666666667],[130.2,33.5125],[130.19375,33.5125]]]}},{"type":"Feature","id":"40230:503021163","properties":{"id":"40230:503021163","meshCode":"503021163","cityCode":"40230","city":"糸島市","lat":33.5145833,"lon":130.203125,"areaKm2":0.2683328,"populated2020":true,"population2020":40.5357,"populationNote":"2020年基準の国交省調整値"},"geometry":{"type":"Polygon","coordinates":[[[130.2,33.5125],[130.2,33.51666666666667],[130.20625,33.516666666666666],[130.20625,33.5125],[130.2,33.5125]]]}},{"type":"Feature","id":"40230:503021164","properties":{"id":"40230:503021164","meshCode":"503021164","cityCode":"40230","city":"糸島市","lat":33.5145833,"lon":130.209375,"areaKm2":0.2683323,"populated2020":true,"population2020":13.8336,"populationNote":"2020年基準の国交省調整値"},"geometry":{"type":"Polygon","coordinates":[[[130.20625,33.5125],[130.20625,33.516666666666666],[130.2125,33.516666666666666],[130.2125,33.512499999999996],[130.20625,33.5125]]]}},{"type":"Feature","id":"40230:503021173","properties":{"id":"40230:503021173","meshCode":"503021173","cityCode":"40230","city":"糸島市","lat":33.5145833,"lon":130.215625,"areaKm2":0.2683317,"populated2020":true,"population2020":30.7155,"populationNote":"2020年基準の国交省調整値"},"geometry":{"type":"Polygon","coordinates":[[[130.2125,33.512499999999996],[130.2125,33.516666666666666],[130.21875,33.51666666666667],[130.21875,33.5125],[130.2125,33.512499999999996]]]}},{"type":"Feature","id":"40230:503021174","properties":{"id":"40230:503021174","meshCode":"503021174","cityCode":"40230","city":"糸島市","lat":33.5145833,"lon":130.221875,"areaKm2":0.2683312,"populated2020":true,"population2020":62.3173,"populationNote":"2020年基準の国交省調整値"},"geometry":{"type":"Polygon","coordinates":[[[130.21875,33.5125],[130.21875,33.51666666666667],[130.225,33.516666666666666],[130.225,33.5125],[130.21875,33.5125]]]}},{"type":"Feature","id":"40230:503021183","properties":{"id":"40230:503021183","meshCode":"503021183","cityCode":"40230","city":"糸島市","lat":33.5145833,"lon":130.228125,"areaKm2":0.2683306,"populated2020":false,"population2020":null,"populationNote":"境界またぎ・原典収録外のため自治体内人口は未集計"},"geometry":{"type":"Polygon","coordinates":[[[130.225,33.5125],[130.225,33.516666666666666],[130.23125,33.516666666666666],[130.23125,33.51250000000001],[130.225,33.5125]]]}},{"type":"Feature","id":"40230:503021184","properties":{"id":"40230:503021184","meshCode":"503021184","cityCode":"40230","city":"糸島市","lat":33.5145833,"lon":130.234375,"areaKm2":0.2683301,"populated2020":true,"population2020":6.9353,"populationNote":"2020年基準の国交省調整値"},"geometry":{"type":"Polygon","coordinates":[[[130.23125,33.51250000000001],[130.23125,33.516666666666666],[130.2375,33.516666666666666],[130.2375,33.512499999999996],[130.23125,33.51250000000001]]]}},{"type":"Feature","id":"40230:503021193","properties":{"id":"40230:503021193","meshCode":"503021193","cityCode":"40230","city":"糸島市","lat":33.5145833,"lon":130.240625,"areaKm2":0.2683295,"populated2020":true,"population2020":33.6252,"populationNote":"2020年基準の国交省調整値"},"geometry":{"type":"Polygon","coordinates":[[[130.2375,33.512499999999996],[130.2375,33.516666666666666],[130.24375,33.51666666666667],[130.24375,33.5125],[130.2375,33.512499999999996]]]}},{"type":"Feature","id":"40230:503021194","properties":{"id":"40230:503021194","meshCode":"503021194","cityCode":"40230","city":"糸島市","lat":33.5145833,"lon":130.246875,"areaKm2":0.268329,"populated2020":false,"population2020":null,"populationNote":"境界またぎ・原典収録外のため自治体内人口は未集計"},"geometry":{"type":"Polygon","coordinates":[[[130.24375,33.5125],[130.24375,33.51666666666667],[130.25000000000003,33.51666666666667],[130.25000000000003,33.5125],[130.24375,33.5125]]]}},{"type":"Feature","id":"40230:503022103","properties":{"id":"40230:503022103","meshCode":"503022103","cityCode":"40230","city":"糸島市","lat":33.5145833,"lon":130.253125,"areaKm2":0.2683284,"populated2020":true,"population2020":18.7606,"populationNote":"2020年基準の国交省調整値"},"geometry":{"type":"Polygon","coordinates":[[[130.25000000000003,33.5125],[130.25000000000003,33.51666666666667],[130.25625,33.516666666666666],[130.25625,33.5125],[130.25000000000003,33.5125]]]}},{"type":"Feature","id":"40230:503022104","properties":{"id":"40230:503022104","meshCode":"503022104","cityCode":"40230","city":"糸島市","lat":33.5145833,"lon":130.259375,"areaKm2":0.2683279,"populated2020":true,"population2020":12.8346,"populationNote":"2020年基準の国交省調整値"},"geometry":{"type":"Polygon","coordinates":[[[130.25625,33.5125],[130.25625,33.516666666666666],[130.2625,33.516666666666666],[130.2625,33.5125],[130.25625,33.5125]]]}},{"type":"Feature","id":"40230:503022113","properties":{"id":"40230:503022113","meshCode":"503022113","cityCode":"40230","city":"糸島市","lat":33.5145833,"lon":130.265625,"areaKm2":0.2683274,"populated2020":true,"population2020":111.8736,"populationNote":"2020年基準の国交省調整値"},"geometry":{"type":"Polygon","coordinates":[[[130.2625,33.5125],[130.2625,33.516666666666666],[130.26875,33.516666666666666],[130.26875,33.5125],[130.2625,33.5125]]]}},{"type":"Feature","id":"40230:503022114","properties":{"id":"40230:503022114","meshCode":"503022114","cityCode":"40230","city":"糸島市","lat":33.5145833,"lon":130.271875,"areaKm2":0.2683269,"populated2020":true,"population2020":76.2072,"populationNote":"2020年基準の国交省調整値"},"geometry":{"type":"Polygon","coordinates":[[[130.26875,33.5125],[130.26875,33.516666666666666],[130.275,33.516666666666666],[130.275,33.5125],[130.26875,33.5125]]]}},{"type":"Feature","id":"40230:503022123","properties":{"id":"40230:503022123","meshCode":"503022123","cityCode":"40230","city":"糸島市","lat":33.5145833,"lon":130.278125,"areaKm2":0.2683263,"populated2020":false,"population2020":null,"populationNote":"境界またぎ・原典収録外のため自治体内人口は未集計"},"geometry":{"type":"Polygon","coordinates":[[[130.275,33.5125],[130.275,33.516666666666666],[130.28125,33.516666666666666],[130.28125,33.5125],[130.275,33.5125]]]}},{"type":"Feature","id":"40230:503022124","properties":{"id":"40230:503022124","meshCode":"503022124","cityCode":"40230","city":"糸島市","lat":33.5145833,"lon":130.284375,"areaKm2":0.2683258,"populated2020":false,"population2020":null,"populationNote":"境界またぎ・原典収録外のため自治体内人口は未集計"},"geometry":{"type":"Polygon","coordinates":[[[130.28125,33.5125],[130.28125,33.516666666666666],[130.2875,33.516666666666666],[130.2875,33.512499999999996],[130.28125,33.5125]]]}},{"type":"Feature","id":"40230:503022133","properties":{"id":"40230:503022133","meshCode":"503022133","cityCode":"40230","city":"糸島市","lat":33.5145833,"lon":130.290625,"areaKm2":0.17127,"populated2020":false,"population2020":null,"populationNote":"境界またぎ・原典収録外のため自治体内人口は未集計"},"geometry":{"type":"Polygon","coordinates":[[[130.2913809469467,33.516666666666666],[130.291412776,33.516232775000006],[130.291336394,33.515523892],[130.291412776,33.515016667000005],[130.29162083,33.514447225],[130.291798612,33.513006108],[130.291401388,33.512980829],[130.29097046740688,33.5125],[130.2875,33.512499999999996],[130.2875,33.516666666666666],[130.2913809469467,33.516666666666666]]]}},{"type":"Feature","id":"40230:503021202","properties":{"id":"40230:503021202","meshCode":"503021202","cityCode":"40230","city":"糸島市","lat":33.51875,"lon":130.134375,"areaKm2":0.1760117,"populated2020":true,"population2020":542.9667,"populationNote":"2020年基準の国交省調整値"},"geometry":{"type":"Polygon","coordinates":[[[130.132707393,33.51666666700001],[130.133067834,33.517383973],[130.133540584,33.51896227899999],[130.133648495,33.519077802],[130.133870117,33.518702829],[130.13450166,33.518409440999996],[130.134574721,33.518316162000005],[130.134428327,33.518357892000004],[130.134384838,33.518338748000005],[130.135105772,33.517875225],[130.135119416,33.51794955900001],[130.134670804,33.51836435999999],[130.133859857,33.518790225],[130.133703061,33.519090000000006],[130.133552607,33.519095532],[130.1335727474329,33.520833333333336],[130.1375,33.52083333333334],[130.1375,33.516666666666666],[130.132707393,33.51666666700001]]]}},{"type":"Feature","id":"40230:503021211","properties":{"id":"40230:503021211","meshCode":"503021211","cityCode":"40230","city":"糸島市","lat":33.51875,"lon":130.140625,"areaKm2":0.2683261,"populated2020":true,"population2020":722.4383,"populationNote":"2020年基準の国交省調整値"},"geometry":{"type":"Polygon","coordinates":[[[130.1375,33.516666666666666],[130.1375,33.52083333333334],[130.14375,33.520833333333336],[130.14375,33.51666666666667],[130.1375,33.516666666666666]]]}},{"type":"Feature","id":"40230:503021212","properties":{"id":"40230:503021212","meshCode":"503021212","cityCode":"40230","city":"糸島市","lat":33.51875,"lon":130.146875,"areaKm2":0.2683254,"populated2020":true,"population2020":43.3889,"populationNote":"2020年基準の国交省調整値"},"geometry":{"type":"Polygon","coordinates":[[[130.14375,33.51666666666667],[130.14375,33.520833333333336],[130.15,33.520833333333336],[130.15,33.516666666666666],[130.14375,33.51666666666667]]]}},{"type":"Feature","id":"40230:503021221","properties":{"id":"40230:503021221","meshCode":"503021221","cityCode":"40230","city":"糸島市","lat":33.51875,"lon":130.153125,"areaKm2":0.2683248,"populated2020":true,"population2020":41.4338,"populationNote":"2020年基準の国交省調整値"},"geometry":{"type":"Polygon","coordinates":[[[130.15,33.516666666666666],[130.15,33.520833333333336],[130.15625,33.520833333333336],[130.15625,33.51666666666666],[130.15,33.516666666666666]]]}},{"type":"Feature","id":"40230:503021222","properties":{"id":"40230:503021222","meshCode":"503021222","cityCode":"40230","city":"糸島市","lat":33.51875,"lon":130.159375,"areaKm2":0.2683242,"populated2020":true,"population2020":4.9416,"populationNote":"2020年基準の国交省調整値"},"geometry":{"type":"Polygon","coordinates":[[[130.15625,33.51666666666666],[130.15625,33.520833333333336],[130.1625,33.520833333333336],[130.1625,33.516666666666666],[130.15625,33.51666666666666]]]}},{"type":"Feature","id":"40230:503021231","properties":{"id":"40230:503021231","meshCode":"503021231","cityCode":"40230","city":"糸島市","lat":33.51875,"lon":130.165625,"areaKm2":0.2683236,"populated2020":true,"population2020":97.7561,"populationNote":"2020年基準の国交省調整値"},"geometry":{"type":"Polygon","coordinates":[[[130.1625,33.516666666666666],[130.1625,33.520833333333336],[130.16875,33.520833333333336],[130.16875,33.516666666666666],[130.1625,33.516666666666666]]]}},{"type":"Feature","id":"40230:503021232","properties":{"id":"40230:503021232","meshCode":"503021232","cityCode":"40230","city":"糸島市","lat":33.51875,"lon":130.171875,"areaKm2":0.268323,"populated2020":false,"population2020":null,"populationNote":"境界またぎ・原典収録外のため自治体内人口は未集計"},"geometry":{"type":"Polygon","coordinates":[[[130.16875,33.516666666666666],[130.16875,33.520833333333336],[130.175,33.52083333333334],[130.175,33.51666666666667],[130.16875,33.516666666666666]]]}},{"type":"Feature","id":"40230:503021241","properties":{"id":"40230:503021241","meshCode":"503021241","cityCode":"40230","city":"糸島市","lat":33.51875,"lon":130.178125,"areaKm2":0.2683225,"populated2020":true,"population2020":65.3548,"populationNote":"2020年基準の国交省調整値"},"geometry":{"type":"Polygon","coordinates":[[[130.175,33.51666666666667],[130.175,33.52083333333334],[130.18125,33.52083333333334],[130.18125,33.516666666666666],[130.175,33.51666666666667]]]}},{"type":"Feature","id":"40230:503021242","properties":{"id":"40230:503021242","meshCode":"503021242","cityCode":"40230","city":"糸島市","lat":33.51875,"lon":130.184375,"areaKm2":0.2683219,"populated2020":false,"population2020":null,"populationNote":"境界またぎ・原典収録外のため自治体内人口は未集計"},"geometry":{"type":"Polygon","coordinates":[[[130.18125,33.516666666666666],[130.18125,33.52083333333334],[130.1875,33.52083333333334],[130.1875,33.516666666666666],[130.18125,33.516666666666666]]]}},{"type":"Feature","id":"40230:503021251","properties":{"id":"40230:503021251","meshCode":"503021251","cityCode":"40230","city":"糸島市","lat":33.51875,"lon":130.190625,"areaKm2":0.2683213,"populated2020":true,"population2020":82.0359,"populationNote":"2020年基準の国交省調整値"},"geometry":{"type":"Polygon","coordinates":[[[130.1875,33.516666666666666],[130.1875,33.52083333333334],[130.19375,33.52083333333334],[130.19375,33.51666666666667],[130.1875,33.516666666666666]]]}},{"type":"Feature","id":"40230:503021252","properties":{"id":"40230:503021252","meshCode":"503021252","cityCode":"40230","city":"糸島市","lat":33.51875,"lon":130.196875,"areaKm2":0.2683207,"populated2020":true,"population2020":68.1991,"populationNote":"2020年基準の国交省調整値"},"geometry":{"type":"Polygon","coordinates":[[[130.19375,33.51666666666667],[130.19375,33.52083333333334],[130.2,33.520833333333336],[130.2,33.51666666666667],[130.19375,33.51666666666667]]]}},{"type":"Feature","id":"40230:503021261","properties":{"id":"40230:503021261","meshCode":"503021261","cityCode":"40230","city":"糸島市","lat":33.51875,"lon":130.203125,"areaKm2":0.2683202,"populated2020":true,"population2020":33.6318,"populationNote":"2020年基準の国交省調整値"},"geometry":{"type":"Polygon","coordinates":[[[130.2,33.51666666666667],[130.2,33.520833333333336],[130.20625,33.520833333333336],[130.20625,33.516666666666666],[130.2,33.51666666666667]]]}},{"type":"Feature","id":"40230:503021262","properties":{"id":"40230:503021262","meshCode":"503021262","cityCode":"40230","city":"糸島市","lat":33.51875,"lon":130.209375,"areaKm2":0.2683196,"populated2020":true,"population2020":1.967,"populationNote":"2020年基準の国交省調整値"},"geometry":{"type":"Polygon","coordinates":[[[130.20625,33.516666666666666],[130.20625,33.520833333333336],[130.2125,33.520833333333336],[130.2125,33.516666666666666],[130.20625,33.516666666666666]]]}},{"type":"Feature","id":"40230:503021271","properties":{"id":"40230:503021271","meshCode":"503021271","cityCode":"40230","city":"糸島市","lat":33.51875,"lon":130.215625,"areaKm2":0.268319,"populated2020":true,"population2020":1.0114,"populationNote":"2020年基準の国交省調整値"},"geometry":{"type":"Polygon","coordinates":[[[130.2125,33.516666666666666],[130.2125,33.520833333333336],[130.21875,33.52083333333334],[130.21875,33.51666666666667],[130.2125,33.516666666666666]]]}},{"type":"Feature","id":"40230:503021272","properties":{"id":"40230:503021272","meshCode":"503021272","cityCode":"40230","city":"糸島市","lat":33.51875,"lon":130.221875,"areaKm2":0.2683185,"populated2020":true,"population2020":22.6806,"populationNote":"2020年基準の国交省調整値"},"geometry":{"type":"Polygon","coordinates":[[[130.21875,33.51666666666667],[130.21875,33.52083333333334],[130.225,33.520833333333336],[130.225,33.516666666666666],[130.21875,33.51666666666667]]]}},{"type":"Feature","id":"40230:503021281","properties":{"id":"40230:503021281","meshCode":"503021281","cityCode":"40230","city":"糸島市","lat":33.51875,"lon":130.228125,"areaKm2":0.2683179,"populated2020":true,"population2020":25.7268,"populationNote":"2020年基準の国交省調整値"},"geometry":{"type":"Polygon","coordinates":[[[130.225,33.516666666666666],[130.225,33.520833333333336],[130.23125,33.520833333333336],[130.23125,33.516666666666666],[130.225,33.516666666666666]]]}},{"type":"Feature","id":"40230:503021282","properties":{"id":"40230:503021282","meshCode":"503021282","cityCode":"40230","city":"糸島市","lat":33.51875,"lon":130.234375,"areaKm2":0.2683174,"populated2020":true,"population2020":23.7884,"populationNote":"2020年基準の国交省調整値"},"geometry":{"type":"Polygon","coordinates":[[[130.23125,33.516666666666666],[130.23125,33.520833333333336],[130.2375,33.52083333333334],[130.2375,33.516666666666666],[130.23125,33.516666666666666]]]}},{"type":"Feature","id":"40230:503021291","properties":{"id":"40230:503021291","meshCode":"503021291","cityCode":"40230","city":"糸島市","lat":33.51875,"lon":130.240625,"areaKm2":0.2683168,"populated2020":true,"population2020":26.722,"populationNote":"2020年基準の国交省調整値"},"geometry":{"type":"Polygon","coordinates":[[[130.2375,33.516666666666666],[130.2375,33.52083333333334],[130.24375,33.520833333333336],[130.24375,33.51666666666667],[130.2375,33.516666666666666]]]}},{"type":"Feature","id":"40230:503021292","properties":{"id":"40230:503021292","meshCode":"503021292","cityCode":"40230","city":"糸島市","lat":33.51875,"lon":130.246875,"areaKm2":0.2683163,"populated2020":true,"population2020":10.8937,"populationNote":"2020年基準の国交省調整値"},"geometry":{"type":"Polygon","coordinates":[[[130.24375,33.51666666666667],[130.24375,33.520833333333336],[130.25000000000003,33.52083333333334],[130.25000000000003,33.51666666666667],[130.24375,33.51666666666667]]]}},{"type":"Feature","id":"40230:503022201","properties":{"id":"40230:503022201","meshCode":"503022201","cityCode":"40230","city":"糸島市","lat":33.51875,"lon":130.253125,"areaKm2":0.2683157,"populated2020":true,"population2020":3.9687,"populationNote":"2020年基準の国交省調整値"},"geometry":{"type":"Polygon","coordinates":[[[130.25000000000003,33.51666666666667],[130.25000000000003,33.52083333333334],[130.25625,33.52083333333334],[130.25625,33.516666666666666],[130.25000000000003,33.51666666666667]]]}},{"type":"Feature","id":"40230:503022202","properties":{"id":"40230:503022202","meshCode":"503022202","cityCode":"40230","city":"糸島市","lat":33.51875,"lon":130.259375,"areaKm2":0.2683152,"populated2020":false,"population2020":null,"populationNote":"境界またぎ・原典収録外のため自治体内人口は未集計"},"geometry":{"type":"Polygon","coordinates":[[[130.25625,33.516666666666666],[130.25625,33.52083333333334],[130.2625,33.52083333333334],[130.2625,33.516666666666666],[130.25625,33.516666666666666]]]}},{"type":"Feature","id":"40230:503022211","properties":{"id":"40230:503022211","meshCode":"503022211","cityCode":"40230","city":"糸島市","lat":33.51875,"lon":130.265625,"areaKm2":0.2683147,"populated2020":false,"population2020":null,"populationNote":"境界またぎ・原典収録外のため自治体内人口は未集計"},"geometry":{"type":"Polygon","coordinates":[[[130.2625,33.516666666666666],[130.2625,33.52083333333334],[130.26875,33.52083333333334],[130.26875,33.516666666666666],[130.2625,33.516666666666666]]]}},{"type":"Feature","id":"40230:503022212","properties":{"id":"40230:503022212","meshCode":"503022212","cityCode":"40230","city":"糸島市","lat":33.51875,"lon":130.271875,"areaKm2":0.2683142,"populated2020":true,"population2020":31.7147,"populationNote":"2020年基準の国交省調整値"},"geometry":{"type":"Polygon","coordinates":[[[130.26875,33.516666666666666],[130.26875,33.52083333333334],[130.275,33.52083333333334],[130.275,33.516666666666666],[130.26875,33.516666666666666]]]}},{"type":"Feature","id":"40230:503022221","properties":{"id":"40230:503022221","meshCode":"503022221","cityCode":"40230","city":"糸島市","lat":33.51875,"lon":130.278125,"areaKm2":0.2683137,"populated2020":false,"population2020":null,"populationNote":"境界またぎ・原典収録外のため自治体内人口は未集計"},"geometry":{"type":"Polygon","coordinates":[[[130.275,33.516666666666666],[130.275,33.52083333333334],[130.28125,33.520833333333336],[130.28125,33.516666666666666],[130.275,33.516666666666666]]]}},{"type":"Feature","id":"40230:503022222","properties":{"id":"40230:503022222","meshCode":"503022222","cityCode":"40230","city":"糸島市","lat":33.51875,"lon":130.284375,"areaKm2":0.2683131,"populated2020":false,"population2020":null,"populationNote":"境界またぎ・原典収録外のため自治体内人口は未集計"},"geometry":{"type":"Polygon","coordinates":[[[130.28125,33.516666666666666],[130.28125,33.520833333333336],[130.2875,33.520833333333336],[130.2875,33.516666666666666],[130.28125,33.516666666666666]]]}},{"type":"Feature","id":"40230:503022231","properties":{"id":"40230:503022231","meshCode":"503022231","cityCode":"40230","city":"糸島市","lat":33.51875,"lon":130.290625,"areaKm2":0.1721647,"populated2020":false,"population2020":null,"populationNote":"境界またぎ・原典収録外のため自治体内人口は未集計"},"geometry":{"type":"Polygon","coordinates":[[[130.289557782,33.52057389200001],[130.290272503,33.520155829],[130.290813333,33.520546946],[130.290961388,33.52052749500001],[130.291458612,33.519636667],[130.292210558,33.519071387],[130.292242776,33.518858613],[130.291722776,33.51818833299999],[130.292064994,33.51766944100001],[130.291972503,33.517313054],[130.291470558,33.516852225],[130.2913809469467,33.516666666666666],[130.2875,33.516666666666666],[130.2875,33.520833333333336],[130.2892929585416,33.52083333333334],[130.289557782,33.52057389200001]]]}},{"type":"Feature","id":"40230:503020294","properties":{"id":"40230:503020294","meshCode":"503020294","cityCode":"40230","city":"糸島市","lat":33.5248792,"lon":130.1249443,"areaKm2":0.0003007,"populated2020":false,"population2020":null,"populationNote":"境界またぎ・原典収録外のため自治体内人口は未集計"},"geometry":{"type":"MultiPolygon","coordinates":[[[[130.125,33.524667946],[130.124954306,33.524704495],[130.125,33.524725829000005],[130.125,33.524667946]]],[[[130.124987328,33.524772333],[130.124907639,33.524817586],[130.124832335,33.525],[130.125,33.525],[130.124987328,33.524772333]]]]}},{"type":"Feature","id":"40230:503021203","properties":{"id":"40230:503021203","meshCode":"503021203","cityCode":"40230","city":"糸島市","lat":33.5234783,"lon":130.1306223,"areaKm2":0.080748,"populated2020":true,"population2020":8.9115,"populationNote":"2020年基準の国交省調整値"},"geometry":{"type":"MultiPolygon","coordinates":[[[[130.126254968,33.52380553199999],[130.126233087,33.523830252],[130.126260661,33.523827829],[130.126254968,33.52380553199999]]],[[[130.126077497,33.52385433300001],[130.12608655,33.523842829],[130.126072192,33.523847252],[130.126077497,33.52385433300001]]],[[[130.125742633,33.523871802],[130.125711556,33.523880667],[130.125732335,33.52389091900001],[130.125742633,33.523871802]]],[[[130.126316693,33.52382372099999],[130.126267912,33.523813108],[130.126268949,33.523828532],[130.126316693,33.52382372099999]]],[[[130.131235058,33.521879108],[130.130918029,33.52198553200001],[130.130915136,33.52202599999999],[130.13125,33.52194145260161],[130.131235058,33.521879108]]],[[[130.131206835,33.523085495],[130.130287912,33.52306661299999],[130.130336861,33.522024829],[130.130197108,33.523381919],[130.129714332,33.52361466700001],[130.129250337,33.52353080200001],[130.128877056,33.523697054],[130.128688755,33.523688865000004],[130.128621777,33.523786054],[130.128272802,33.523826054000004],[130.128161634,33.524048532],[130.127706304,33.524152532],[130.127044669,33.524078081],[130.126744942,33.523855135],[130.126725616,33.523754468],[130.125766744,33.523988640000006],[130.125041582,33.52449446800001],[130.125,33.525],[130.13125,33.525000000000006],[130.131206835,33.523085495]]]]}},{"type":"Feature","id":"40230:503021204","properties":{"id":"40230:503021204","meshCode":"503021204","cityCode":"40230","city":"糸島市","lat":33.5229167,"lon":130.134375,"areaKm2":0.2336223,"populated2020":true,"population2020":96.0108,"populationNote":"2020年基準の国交省調整値"},"geometry":{"type":"Polygon","coordinates":[[[130.133572309,33.520867973],[130.133521193,33.521253865],[130.132849974,33.521299667],[130.134159468,33.52125936],[130.134224449,33.521609387],[130.13316511,33.52167255900001],[130.133129948,33.52161522499999],[130.133004721,33.521801973],[130.1327338,33.521948135],[130.13125,33.52187452414396],[130.13125,33.52194145260161],[130.131539274,33.52191064],[130.131530999,33.521984063],[130.132186783,33.522039964],[130.132084449,33.522380694],[130.132192283,33.52241608100001],[130.132035616,33.522755278999995],[130.131918444,33.522717027],[130.131791505,33.522966081],[130.13125,33.523086454000115],[130.13125,33.525000000000006],[130.1375,33.525],[130.1375,33.52083333333334],[130.133572309,33.520867973]]]}},{"type":"Feature","id":"40230:503021213","properties":{"id":"40230:503021213","meshCode":"503021213","cityCode":"40230","city":"糸島市","lat":33.5229167,"lon":130.140625,"areaKm2":0.2683134,"populated2020":true,"population2020":214.4938,"populationNote":"2020年基準の国交省調整値"},"geometry":{"type":"Polygon","coordinates":[[[130.1375,33.52083333333334],[130.1375,33.525],[130.14375,33.525000000000006],[130.14375,33.520833333333336],[130.1375,33.52083333333334]]]}},{"type":"Feature","id":"40230:503021214","properties":{"id":"40230:503021214","meshCode":"503021214","cityCode":"40230","city":"糸島市","lat":33.5229167,"lon":130.146875,"areaKm2":0.2683128,"populated2020":false,"population2020":null,"populationNote":"境界またぎ・原典収録外のため自治体内人口は未集計"},"geometry":{"type":"Polygon","coordinates":[[[130.14375,33.520833333333336],[130.14375,33.525000000000006],[130.15,33.525],[130.15,33.520833333333336],[130.14375,33.520833333333336]]]}},{"type":"Feature","id":"40230:503021223","properties":{"id":"40230:503021223","meshCode":"503021223","cityCode":"40230","city":"糸島市","lat":33.5229167,"lon":130.153125,"areaKm2":0.2683122,"populated2020":true,"population2020":7.9209,"populationNote":"2020年基準の国交省調整値"},"geometry":{"type":"Polygon","coordinates":[[[130.15,33.520833333333336],[130.15,33.525],[130.15625,33.52499999999999],[130.15625,33.520833333333336],[130.15,33.520833333333336]]]}},{"type":"Feature","id":"40230:503021224","properties":{"id":"40230:503021224","meshCode":"503021224","cityCode":"40230","city":"糸島市","lat":33.5229167,"lon":130.159375,"areaKm2":0.2683116,"populated2020":true,"population2020":10.8676,"populationNote":"2020年基準の国交省調整値"},"geometry":{"type":"Polygon","coordinates":[[[130.15625,33.520833333333336],[130.15625,33.52499999999999],[130.1625,33.525000000000006],[130.1625,33.520833333333336],[130.15625,33.520833333333336]]]}},{"type":"Feature","id":"40230:503021233","properties":{"id":"40230:503021233","meshCode":"503021233","cityCode":"40230","city":"糸島市","lat":33.5229167,"lon":130.165625,"areaKm2":0.268311,"populated2020":true,"population2020":17.869,"populationNote":"2020年基準の国交省調整値"},"geometry":{"type":"Polygon","coordinates":[[[130.1625,33.520833333333336],[130.1625,33.525000000000006],[130.16875,33.525000000000006],[130.16875,33.520833333333336],[130.1625,33.520833333333336]]]}},{"type":"Feature","id":"40230:503021234","properties":{"id":"40230:503021234","meshCode":"503021234","cityCode":"40230","city":"糸島市","lat":33.5229167,"lon":130.171875,"areaKm2":0.2683104,"populated2020":true,"population2020":43.4864,"populationNote":"2020年基準の国交省調整値"},"geometry":{"type":"Polygon","coordinates":[[[130.16875,33.520833333333336],[130.16875,33.525000000000006],[130.175,33.525],[130.175,33.52083333333334],[130.16875,33.520833333333336]]]}},{"type":"Feature","id":"40230:503021243","properties":{"id":"40230:503021243","meshCode":"503021243","cityCode":"40230","city":"糸島市","lat":33.5229167,"lon":130.178125,"areaKm2":0.2683098,"populated2020":true,"population2020":34.6872,"populationNote":"2020年基準の国交省調整値"},"geometry":{"type":"Polygon","coordinates":[[[130.175,33.52083333333334],[130.175,33.525],[130.18125,33.525],[130.18125,33.52083333333334],[130.175,33.52083333333334]]]}},{"type":"Feature","id":"40230:503021244","properties":{"id":"40230:503021244","meshCode":"503021244","cityCode":"40230","city":"糸島市","lat":33.5229167,"lon":130.184375,"areaKm2":0.2683092,"populated2020":true,"population2020":9.8689,"populationNote":"2020年基準の国交省調整値"},"geometry":{"type":"Polygon","coordinates":[[[130.18125,33.52083333333334],[130.18125,33.525],[130.1875,33.525],[130.1875,33.52083333333334],[130.18125,33.52083333333334]]]}},{"type":"Feature","id":"40230:503021253","properties":{"id":"40230:503021253","meshCode":"503021253","cityCode":"40230","city":"糸島市","lat":33.5229167,"lon":130.190625,"areaKm2":0.2683086,"populated2020":true,"population2020":194.9017,"populationNote":"2020年基準の国交省調整値"},"geometry":{"type":"Polygon","coordinates":[[[130.1875,33.52083333333334],[130.1875,33.525],[130.19375,33.525],[130.19375,33.52083333333334],[130.1875,33.52083333333334]]]}},{"type":"Feature","id":"40230:503021254","properties":{"id":"40230:503021254","meshCode":"503021254","cityCode":"40230","city":"糸島市","lat":33.5229167,"lon":130.196875,"areaKm2":0.268308,"populated2020":true,"population2020":35.5142,"populationNote":"2020年基準の国交省調整値"},"geometry":{"type":"Polygon","coordinates":[[[130.19375,33.52083333333334],[130.19375,33.525],[130.2,33.525000000000006],[130.2,33.520833333333336],[130.19375,33.52083333333334]]]}},{"type":"Feature","id":"40230:503021263","properties":{"id":"40230:503021263","meshCode":"503021263","cityCode":"40230","city":"糸島市","lat":33.5229167,"lon":130.203125,"areaKm2":0.2683075,"populated2020":false,"population2020":null,"populationNote":"境界またぎ・原典収録外のため自治体内人口は未集計"},"geometry":{"type":"Polygon","coordinates":[[[130.2,33.520833333333336],[130.2,33.525000000000006],[130.20625,33.52499999999999],[130.20625,33.520833333333336],[130.2,33.520833333333336]]]}},{"type":"Feature","id":"40230:503021264","properties":{"id":"40230:503021264","meshCode":"503021264","cityCode":"40230","city":"糸島市","lat":33.5229167,"lon":130.209375,"areaKm2":0.2683069,"populated2020":true,"population2020":1.9833,"populationNote":"2020年基準の国交省調整値"},"geometry":{"type":"Polygon","coordinates":[[[130.20625,33.520833333333336],[130.20625,33.52499999999999],[130.2125,33.525],[130.2125,33.520833333333336],[130.20625,33.520833333333336]]]}},{"type":"Feature","id":"40230:503021273","properties":{"id":"40230:503021273","meshCode":"503021273","cityCode":"40230","city":"糸島市","lat":33.5229167,"lon":130.215625,"areaKm2":0.2683063,"populated2020":false,"population2020":null,"populationNote":"境界またぎ・原典収録外のため自治体内人口は未集計"},"geometry":{"type":"Polygon","coordinates":[[[130.2125,33.520833333333336],[130.2125,33.525],[130.21875,33.525000000000006],[130.21875,33.52083333333334],[130.2125,33.520833333333336]]]}},{"type":"Feature","id":"40230:503021274","properties":{"id":"40230:503021274","meshCode":"503021274","cityCode":"40230","city":"糸島市","lat":33.5229167,"lon":130.221875,"areaKm2":0.2683058,"populated2020":true,"population2020":86.1237,"populationNote":"2020年基準の国交省調整値"},"geometry":{"type":"Polygon","coordinates":[[[130.21875,33.52083333333334],[130.21875,33.525000000000006],[130.225,33.525000000000006],[130.225,33.520833333333336],[130.21875,33.52083333333334]]]}},{"type":"Feature","id":"40230:503021283","properties":{"id":"40230:503021283","meshCode":"503021283","cityCode":"40230","city":"糸島市","lat":33.5229167,"lon":130.228125,"areaKm2":0.2683052,"populated2020":true,"population2020":127.5695,"populationNote":"2020年基準の国交省調整値"},"geometry":{"type":"Polygon","coordinates":[[[130.225,33.520833333333336],[130.225,33.525000000000006],[130.23125,33.525000000000006],[130.23125,33.520833333333336],[130.225,33.520833333333336]]]}},{"type":"Feature","id":"40230:503021284","properties":{"id":"40230:503021284","meshCode":"503021284","cityCode":"40230","city":"糸島市","lat":33.5229167,"lon":130.234375,"areaKm2":0.2683047,"populated2020":true,"population2020":42.6007,"populationNote":"2020年基準の国交省調整値"},"geometry":{"type":"Polygon","coordinates":[[[130.23125,33.520833333333336],[130.23125,33.525000000000006],[130.2375,33.525],[130.2375,33.52083333333334],[130.23125,33.520833333333336]]]}},{"type":"Feature","id":"40230:503021293","properties":{"id":"40230:503021293","meshCode":"503021293","cityCode":"40230","city":"糸島市","lat":33.5229167,"lon":130.240625,"areaKm2":0.2683041,"populated2020":true,"population2020":43.5777,"populationNote":"2020年基準の国交省調整値"},"geometry":{"type":"Polygon","coordinates":[[[130.2375,33.52083333333334],[130.2375,33.525],[130.24375,33.52499999999999],[130.24375,33.520833333333336],[130.2375,33.52083333333334]]]}},{"type":"Feature","id":"40230:503021294","properties":{"id":"40230:503021294","meshCode":"503021294","cityCode":"40230","city":"糸島市","lat":33.5229167,"lon":130.246875,"areaKm2":0.2683036,"populated2020":true,"population2020":33.6177,"populationNote":"2020年基準の国交省調整値"},"geometry":{"type":"Polygon","coordinates":[[[130.24375,33.520833333333336],[130.24375,33.52499999999999],[130.25000000000003,33.525],[130.25000000000003,33.52083333333334],[130.24375,33.520833333333336]]]}},{"type":"Feature","id":"40230:503022203","properties":{"id":"40230:503022203","meshCode":"503022203","cityCode":"40230","city":"糸島市","lat":33.5229167,"lon":130.253125,"areaKm2":0.2683031,"populated2020":true,"population2020":14.8325,"populationNote":"2020年基準の国交省調整値"},"geometry":{"type":"Polygon","coordinates":[[[130.25000000000003,33.52083333333334],[130.25000000000003,33.525],[130.25625,33.525],[130.25625,33.52083333333334],[130.25000000000003,33.52083333333334]]]}},{"type":"Feature","id":"40230:503022204","properties":{"id":"40230:503022204","meshCode":"503022204","cityCode":"40230","city":"糸島市","lat":33.5229167,"lon":130.259375,"areaKm2":0.2683025,"populated2020":false,"population2020":null,"populationNote":"境界またぎ・原典収録外のため自治体内人口は未集計"},"geometry":{"type":"Polygon","coordinates":[[[130.25625,33.52083333333334],[130.25625,33.525],[130.2625,33.525000000000006],[130.2625,33.52083333333334],[130.25625,33.52083333333334]]]}},{"type":"Feature","id":"40230:503022213","properties":{"id":"40230:503022213","meshCode":"503022213","cityCode":"40230","city":"糸島市","lat":33.5229167,"lon":130.265625,"areaKm2":0.268302,"populated2020":true,"population2020":22.7578,"populationNote":"2020年基準の国交省調整値"},"geometry":{"type":"Polygon","coordinates":[[[130.2625,33.52083333333334],[130.2625,33.525000000000006],[130.26875,33.525],[130.26875,33.52083333333334],[130.2625,33.52083333333334]]]}},{"type":"Feature","id":"40230:503022214","properties":{"id":"40230:503022214","meshCode":"503022214","cityCode":"40230","city":"糸島市","lat":33.5229167,"lon":130.271875,"areaKm2":0.2683015,"populated2020":true,"population2020":41.5753,"populationNote":"2020年基準の国交省調整値"},"geometry":{"type":"Polygon","coordinates":[[[130.26875,33.52083333333334],[130.26875,33.525],[130.275,33.525],[130.275,33.52083333333334],[130.26875,33.52083333333334]]]}},{"type":"Feature","id":"40230:503022223","properties":{"id":"40230:503022223","meshCode":"503022223","cityCode":"40230","city":"糸島市","lat":33.5229167,"lon":130.278125,"areaKm2":0.268301,"populated2020":false,"population2020":null,"populationNote":"境界またぎ・原典収録外のため自治体内人口は未集計"},"geometry":{"type":"Polygon","coordinates":[[[130.275,33.52083333333334],[130.275,33.525],[130.28125,33.525],[130.28125,33.520833333333336],[130.275,33.52083333333334]]]}},{"type":"Feature","id":"40230:503022224","properties":{"id":"40230:503022224","meshCode":"503022224","cityCode":"40230","city":"糸島市","lat":33.5229167,"lon":130.284375,"areaKm2":0.2521725,"populated2020":false,"population2020":null,"populationNote":"境界またぎ・原典収録外のため自治体内人口は未集計"},"geometry":{"type":"Polygon","coordinates":[[[130.287046109,33.52496194599999],[130.286955837,33.52367610799999],[130.286585837,33.522708054],[130.286654994,33.522541667],[130.287011388,33.522479441],[130.2875,33.52251110887066],[130.2875,33.520833333333336],[130.28125,33.520833333333336],[130.28125,33.525],[130.287046109,33.52496194599999]]]}},{"type":"Feature","id":"40230:503022233","properties":{"id":"40230:503022233","meshCode":"503022233","cityCode":"40230","city":"糸島市","lat":33.5219508,"lon":130.2880935,"areaKm2":0.023083,"populated2020":false,"population2020":null,"populationNote":"境界またぎ・原典収録外のため自治体内人口は未集計"},"geometry":{"type":"Polygon","coordinates":[[[130.2875,33.52251110887066],[130.288206939,33.522618892],[130.28848917,33.522436946000006],[130.288889442,33.521340828999996],[130.2892929585416,33.52083333333334],[130.2875,33.520833333333336],[130.2875,33.52251110887066]]]}},{"type":"Feature","id":"40230:503020392","properties":{"id":"40230:503020392","meshCode":"503020392","cityCode":"40230","city":"糸島市","lat":33.5254146,"lon":130.1248456,"areaKm2":0.0027576,"populated2020":false,"population2020":null,"populationNote":"境界またぎ・原典収録外のため自治体内人口は未集計"},"geometry":{"type":"MultiPolygon","coordinates":[[[[130.124424942,33.52522163100001],[130.124453554,33.525170802000005],[130.124432114,33.52517182],[130.124424942,33.52522163100001]]],[[[130.12442275,33.52551410800001],[130.124374358,33.525541161999996],[130.12440489,33.52556744099999],[130.12442275,33.52551410800001]]],[[[130.124255525,33.525602198],[130.124225188,33.525601252],[130.124228106,33.525609586],[130.124255525,33.525602198]]],[[[130.124329689,33.525601918999996],[130.124276861,33.52565536],[130.124306135,33.525676306],[130.124329689,33.525601918999996]]],[[[130.124347367,33.525633667],[130.124327886,33.525707468],[130.124329079,33.52571677500001],[130.124347367,33.525633667]]],[[[130.124832802,33.525010108],[130.124797782,33.525185495],[130.12467786,33.525259225],[130.124684747,33.525494224999996],[130.12448345,33.52550516200001],[130.124603359,33.52581564],[130.124701362,33.525790441000005],[130.124702023,33.525682441],[130.125,33.52580889200001],[130.125,33.525],[130.124832802,33.525010108]]],[[[130.125,33.525850946],[130.124977886,33.525879053999994],[130.125,33.525912387],[130.125,33.525850946]]]]}},{"type":"Feature","id":"40230:503021301","properties":{"id":"40230:503021301","meshCode":"503021301","cityCode":"40230","city":"糸島市","lat":33.5270107,"lon":130.1301089,"areaKm2":0.1410117,"populated2020":false,"population2020":null,"populationNote":"境界またぎ・原典収録外のため自治体内人口は未集計"},"geometry":{"type":"MultiPolygon","coordinates":[[[[130.125310778,33.526018279],[130.125252283,33.52598964],[130.12530791200004,33.526023135],[130.125310778,33.526018279]]],[[[130.126162581,33.526270721],[130.126105253,33.52625336],[130.126071556,33.526285667],[130.12610858600002,33.526319279],[130.126162581,33.526270721]]],[[[130.129133476,33.52843394599999],[130.129167198,33.528453748],[130.129171193,33.528429892000005],[130.129133476,33.52843394599999]]],[[[130.13098220663164,33.52916666666667],[130.130953087,33.529115306],[130.130902114,33.529140278999996],[130.13098220663164,33.52916666666667]]],[[[130.125,33.525],[130.125,33.525912387],[130.125134916,33.525873135],[130.125342996,33.52603572100001],[130.125779857,33.526077865],[130.126171855,33.52624725199999],[130.126189754,33.526342054],[130.126362361,33.526165559000006],[130.126843722,33.526342946],[130.12721878100004,33.526324495],[130.128142776,33.526473829],[130.128455447,33.526416162],[130.128717198,33.52662835999999],[130.129154773,33.527298387],[130.12880594,33.52795386500001],[130.128822283,33.528322667],[130.128929027,33.52831691899999],[130.128921946,33.528409919],[130.12902856,33.528471802],[130.129107276,33.528415279],[130.130058521,33.528567225],[130.130547665,33.52897225200001],[130.13125,33.52906788993566],[130.13125,33.525000000000006],[130.125,33.525]]]]}},{"type":"Feature","id":"40230:503021302","properties":{"id":"40230:503021302","meshCode":"503021302","cityCode":"40230","city":"糸島市","lat":33.5270833,"lon":130.134375,"areaKm2":0.2547933,"populated2020":true,"population2020":23.6864,"populationNote":"2020年基準の国交省調整値"},"geometry":{"type":"MultiPolygon","coordinates":[[[[130.133847367,33.528825135000005],[130.133834553,33.528811721],[130.13383552500002,33.528824532],[130.133847367,33.528825135000005]]],[[[130.131257134,33.529068586000015],[130.132099689,33.528936532],[130.132982387,33.529022252],[130.133813528,33.528814802],[130.134014189,33.528697279000006],[130.13456085600004,33.528657640000006],[130.135122529,33.528786],[130.135395914,33.529017640000006],[130.135765305,33.529017892],[130.13633951352796,33.52916666666667],[130.1375,33.52916666666667],[130.1375,33.525],[130.13125,33.525000000000006],[130.131257134,33.529068586000015]]]]}},{"type":"Feature","id":"40230:503021311","properties":{"id":"40230:503021311","meshCode":"503021311","cityCode":"40230","city":"糸島市","lat":33.5270833,"lon":130.140625,"areaKm2":0.2683007,"populated2020":false,"population2020":null,"populationNote":"境界またぎ・原典収録外のため自治体内人口は未集計"},"geometry":{"type":"Polygon","coordinates":[[[130.1375,33.525],[130.1375,33.52916666666667],[130.14375,33.529166666666676],[130.14375,33.525000000000006],[130.1375,33.525]]]}},{"type":"Feature","id":"40230:503021312","properties":{"id":"40230:503021312","meshCode":"503021312","cityCode":"40230","city":"糸島市","lat":33.5270833,"lon":130.146875,"areaKm2":0.2683001,"populated2020":true,"population2020":16.7708,"populationNote":"2020年基準の国交省調整値"},"geometry":{"type":"Polygon","coordinates":[[[130.14375,33.525000000000006],[130.14375,33.529166666666676],[130.15,33.52916666666667],[130.15,33.525],[130.14375,33.525000000000006]]]}},{"type":"Feature","id":"40230:503021321","properties":{"id":"40230:503021321","meshCode":"503021321","cityCode":"40230","city":"糸島市","lat":33.5270833,"lon":130.153125,"areaKm2":0.2682995,"populated2020":false,"population2020":null,"populationNote":"境界またぎ・原典収録外のため自治体内人口は未集計"},"geometry":{"type":"Polygon","coordinates":[[[130.15,33.525],[130.15,33.52916666666667],[130.15625,33.52916666666667],[130.15625,33.52499999999999],[130.15,33.525]]]}},{"type":"Feature","id":"40230:503021322","properties":{"id":"40230:503021322","meshCode":"503021322","cityCode":"40230","city":"糸島市","lat":33.5270833,"lon":130.159375,"areaKm2":0.2682989,"populated2020":false,"population2020":null,"populationNote":"境界またぎ・原典収録外のため自治体内人口は未集計"},"geometry":{"type":"Polygon","coordinates":[[[130.15625,33.52499999999999],[130.15625,33.52916666666667],[130.1625,33.52916666666667],[130.1625,33.525000000000006],[130.15625,33.52499999999999]]]}},{"type":"Feature","id":"40230:503021331","properties":{"id":"40230:503021331","meshCode":"503021331","cityCode":"40230","city":"糸島市","lat":33.5270833,"lon":130.165625,"areaKm2":0.2682983,"populated2020":true,"population2020":167.1359,"populationNote":"2020年基準の国交省調整値"},"geometry":{"type":"Polygon","coordinates":[[[130.1625,33.525000000000006],[130.1625,33.52916666666667],[130.16875,33.52916666666667],[130.16875,33.525000000000006],[130.1625,33.525000000000006]]]}},{"type":"Feature","id":"40230:503021332","properties":{"id":"40230:503021332","meshCode":"503021332","cityCode":"40230","city":"糸島市","lat":33.5270833,"lon":130.171875,"areaKm2":0.2682977,"populated2020":true,"population2020":203.529,"populationNote":"2020年基準の国交省調整値"},"geometry":{"type":"Polygon","coordinates":[[[130.16875,33.525000000000006],[130.16875,33.52916666666667],[130.175,33.52916666666667],[130.175,33.525],[130.16875,33.525000000000006]]]}},{"type":"Feature","id":"40230:503021341","properties":{"id":"40230:503021341","meshCode":"503021341","cityCode":"40230","city":"糸島市","lat":33.5270833,"lon":130.178125,"areaKm2":0.2682971,"populated2020":true,"population2020":29.0453,"populationNote":"2020年基準の国交省調整値"},"geometry":{"type":"Polygon","coordinates":[[[130.175,33.525],[130.175,33.52916666666667],[130.18125,33.52916666666667],[130.18125,33.525],[130.175,33.525]]]}},{"type":"Feature","id":"40230:503021342","properties":{"id":"40230:503021342","meshCode":"503021342","cityCode":"40230","city":"糸島市","lat":33.5270833,"lon":130.184375,"areaKm2":0.2682965,"populated2020":true,"population2020":36.5179,"populationNote":"2020年基準の国交省調整値"},"geometry":{"type":"Polygon","coordinates":[[[130.18125,33.525],[130.18125,33.52916666666667],[130.1875,33.52916666666667],[130.1875,33.525],[130.18125,33.525]]]}},{"type":"Feature","id":"40230:503021351","properties":{"id":"40230:503021351","meshCode":"503021351","cityCode":"40230","city":"糸島市","lat":33.5270833,"lon":130.190625,"areaKm2":0.2682959,"populated2020":true,"population2020":132.4286,"populationNote":"2020年基準の国交省調整値"},"geometry":{"type":"Polygon","coordinates":[[[130.1875,33.525],[130.1875,33.52916666666667],[130.19375,33.52916666666667],[130.19375,33.525],[130.1875,33.525]]]}},{"type":"Feature","id":"40230:503021352","properties":{"id":"40230:503021352","meshCode":"503021352","cityCode":"40230","city":"糸島市","lat":33.5270833,"lon":130.196875,"areaKm2":0.2682953,"populated2020":true,"population2020":66.0885,"populationNote":"2020年基準の国交省調整値"},"geometry":{"type":"Polygon","coordinates":[[[130.19375,33.525],[130.19375,33.52916666666667],[130.2,33.52916666666667],[130.2,33.525000000000006],[130.19375,33.525]]]}},{"type":"Feature","id":"40230:503021361","properties":{"id":"40230:503021361","meshCode":"503021361","cityCode":"40230","city":"糸島市","lat":33.5270833,"lon":130.203125,"areaKm2":0.2682948,"populated2020":true,"population2020":7.9004,"populationNote":"2020年基準の国交省調整値"},"geometry":{"type":"Polygon","coordinates":[[[130.2,33.525000000000006],[130.2,33.52916666666667],[130.20625,33.52916666666667],[130.20625,33.52499999999999],[130.2,33.525000000000006]]]}},{"type":"Feature","id":"40230:503021362","properties":{"id":"40230:503021362","meshCode":"503021362","cityCode":"40230","city":"糸島市","lat":33.5270833,"lon":130.209375,"areaKm2":0.2682942,"populated2020":false,"population2020":null,"populationNote":"境界またぎ・原典収録外のため自治体内人口は未集計"},"geometry":{"type":"Polygon","coordinates":[[[130.20625,33.52499999999999],[130.20625,33.52916666666667],[130.2125,33.52916666666667],[130.2125,33.525],[130.20625,33.52499999999999]]]}},{"type":"Feature","id":"40230:503021371","properties":{"id":"40230:503021371","meshCode":"503021371","cityCode":"40230","city":"糸島市","lat":33.5270833,"lon":130.215625,"areaKm2":0.2682936,"populated2020":false,"population2020":null,"populationNote":"境界またぎ・原典収録外のため自治体内人口は未集計"},"geometry":{"type":"Polygon","coordinates":[[[130.2125,33.525],[130.2125,33.52916666666667],[130.21875,33.52916666666667],[130.21875,33.525000000000006],[130.2125,33.525]]]}},{"type":"Feature","id":"40230:503021372","properties":{"id":"40230:503021372","meshCode":"503021372","cityCode":"40230","city":"糸島市","lat":33.5270833,"lon":130.221875,"areaKm2":0.2682931,"populated2020":true,"population2020":50.3327,"populationNote":"2020年基準の国交省調整値"},"geometry":{"type":"Polygon","coordinates":[[[130.21875,33.525000000000006],[130.21875,33.52916666666667],[130.225,33.529166666666676],[130.225,33.525000000000006],[130.21875,33.525000000000006]]]}},{"type":"Feature","id":"40230:503021381","properties":{"id":"40230:503021381","meshCode":"503021381","cityCode":"40230","city":"糸島市","lat":33.5270833,"lon":130.228125,"areaKm2":0.2682925,"populated2020":true,"population2020":39.6103,"populationNote":"2020年基準の国交省調整値"},"geometry":{"type":"Polygon","coordinates":[[[130.225,33.525000000000006],[130.225,33.529166666666676],[130.23125,33.52916666666667],[130.23125,33.525000000000006],[130.225,33.525000000000006]]]}},{"type":"Feature","id":"40230:503021382","properties":{"id":"40230:503021382","meshCode":"503021382","cityCode":"40230","city":"糸島市","lat":33.5270833,"lon":130.234375,"areaKm2":0.268292,"populated2020":true,"population2020":38.5746,"populationNote":"2020年基準の国交省調整値"},"geometry":{"type":"Polygon","coordinates":[[[130.23125,33.525000000000006],[130.23125,33.52916666666667],[130.2375,33.52916666666666],[130.2375,33.525],[130.23125,33.525000000000006]]]}},{"type":"Feature","id":"40230:503021391","properties":{"id":"40230:503021391","meshCode":"503021391","cityCode":"40230","city":"糸島市","lat":33.5270833,"lon":130.240625,"areaKm2":0.2682914,"populated2020":true,"population2020":110.6575,"populationNote":"2020年基準の国交省調整値"},"geometry":{"type":"Polygon","coordinates":[[[130.2375,33.525],[130.2375,33.52916666666666],[130.24375,33.52916666666667],[130.24375,33.52499999999999],[130.2375,33.525]]]}},{"type":"Feature","id":"40230:503021392","properties":{"id":"40230:503021392","meshCode":"503021392","cityCode":"40230","city":"糸島市","lat":33.5270833,"lon":130.246875,"areaKm2":0.2682909,"populated2020":true,"population2020":149.1947,"populationNote":"2020年基準の国交省調整値"},"geometry":{"type":"Polygon","coordinates":[[[130.24375,33.52499999999999],[130.24375,33.52916666666667],[130.25000000000003,33.52916666666667],[130.25000000000003,33.525],[130.24375,33.52499999999999]]]}},{"type":"Feature","id":"40230:503022301","properties":{"id":"40230:503022301","meshCode":"503022301","cityCode":"40230","city":"糸島市","lat":33.5270833,"lon":130.253125,"areaKm2":0.2682904,"populated2020":true,"population2020":36.6177,"populationNote":"2020年基準の国交省調整値"},"geometry":{"type":"Polygon","coordinates":[[[130.25000000000003,33.525],[130.25000000000003,33.52916666666667],[130.25625,33.52916666666667],[130.25625,33.525],[130.25000000000003,33.525]]]}},{"type":"Feature","id":"40230:503022302","properties":{"id":"40230:503022302","meshCode":"503022302","cityCode":"40230","city":"糸島市","lat":33.5270833,"lon":130.259375,"areaKm2":0.2682898,"populated2020":true,"population2020":78.0954,"populationNote":"2020年基準の国交省調整値"},"geometry":{"type":"Polygon","coordinates":[[[130.25625,33.525],[130.25625,33.52916666666667],[130.2625,33.529166666666676],[130.2625,33.525000000000006],[130.25625,33.525]]]}},{"type":"Feature","id":"40230:503022311","properties":{"id":"40230:503022311","meshCode":"503022311","cityCode":"40230","city":"糸島市","lat":33.5270833,"lon":130.265625,"areaKm2":0.2682893,"populated2020":true,"population2020":88.0892,"populationNote":"2020年基準の国交省調整値"},"geometry":{"type":"Polygon","coordinates":[[[130.2625,33.525000000000006],[130.2625,33.529166666666676],[130.26875,33.52916666666666],[130.26875,33.525],[130.2625,33.525000000000006]]]}},{"type":"Feature","id":"40230:503022312","properties":{"id":"40230:503022312","meshCode":"503022312","cityCode":"40230","city":"糸島市","lat":33.5270833,"lon":130.271875,"areaKm2":0.2682888,"populated2020":true,"population2020":1.9873,"populationNote":"2020年基準の国交省調整値"},"geometry":{"type":"Polygon","coordinates":[[[130.26875,33.525],[130.26875,33.52916666666666],[130.275,33.52916666666667],[130.275,33.525],[130.26875,33.525]]]}},{"type":"Feature","id":"40230:503022321","properties":{"id":"40230:503022321","meshCode":"503022321","cityCode":"40230","city":"糸島市","lat":33.5270833,"lon":130.278125,"areaKm2":0.2682883,"populated2020":false,"population2020":null,"populationNote":"境界またぎ・原典収録外のため自治体内人口は未集計"},"geometry":{"type":"Polygon","coordinates":[[[130.275,33.525],[130.275,33.52916666666667],[130.28125,33.52916666666667],[130.28125,33.525],[130.275,33.525]]]}},{"type":"Feature","id":"40230:503022322","properties":{"id":"40230:503022322","meshCode":"503022322","cityCode":"40230","city":"糸島市","lat":33.5270833,"lon":130.284375,"areaKm2":0.264087,"populated2020":false,"population2020":null,"populationNote":"境界またぎ・原典収録外のため自治体内人口は未集計"},"geometry":{"type":"Polygon","coordinates":[[[130.287314163,33.526251667],[130.287056394,33.525000000000006],[130.28125,33.525],[130.28125,33.52916666666667],[130.2875,33.52916666666667],[130.2875,33.526601810531645],[130.287314163,33.526251667]]]}},{"type":"Feature","id":"40230:503022331","properties":{"id":"40230:503022331","meshCode":"503022331","cityCode":"40230","city":"糸島市","lat":33.5279053,"lon":130.2878823,"areaKm2":0.0157674,"populated2020":false,"population2020":null,"populationNote":"境界またぎ・原典収録外のため自治体内人口は未集計"},"geometry":{"type":"Polygon","coordinates":[[[130.288405551,33.529148613],[130.288176667,33.528768892],[130.288287782,33.528060279],[130.288190558,33.527560559],[130.2875,33.526601810531645],[130.2875,33.52916666666667],[130.288405551,33.529148613]]]}},{"type":"Feature","id":"40230:503021303","properties":{"id":"40230:503021303","meshCode":"503021303","cityCode":"40230","city":"糸島市","lat":33.5291755,"lon":130.1309643,"areaKm2":6.1e-06,"populated2020":false,"population2020":null,"populationNote":"境界またぎ・原典収録外のため自治体内人口は未集計"},"geometry":{"type":"Polygon","coordinates":[[[130.130960895,33.529182891999994],[130.13098220663164,33.52916666666667],[130.1309311200547,33.52916666666667],[130.130960895,33.529182891999994]]]}},{"type":"Feature","id":"40230:503021304","properties":{"id":"40230:503021304","meshCode":"503021304","cityCode":"40230","city":"糸島市","lat":33.5294387,"lon":130.1373842,"areaKm2":0.0018066,"populated2020":false,"population2020":null,"populationNote":"境界またぎ・原典収録外のため自治体内人口は未集計"},"geometry":{"type":"Polygon","coordinates":[[[130.136383943,33.529177387],[130.137022049,33.52928164],[130.1375,33.52963006583009],[130.1375,33.52916666666667],[130.136383943,33.529177387]]]}},{"type":"Feature","id":"40230:503021313","properties":{"id":"40230:503021313","meshCode":"503021313","cityCode":"40230","city":"糸島市","lat":33.53125,"lon":130.140625,"areaKm2":0.1710236,"populated2020":false,"population2020":null,"populationNote":"境界またぎ・原典収録外のため自治体内人口は未集計"},"geometry":{"type":"Polygon","coordinates":[[[130.137553696,33.529671694],[130.137768975,33.529783108],[130.138118859,33.529783279],[130.138864721,33.53042386500001],[130.139337393,33.531258108],[130.139430895,33.531263802],[130.139535084,33.531504919],[130.139769105,33.531681279],[130.139749857,33.531822081],[130.139951167,33.531877748],[130.140029105,33.53194249500001],[130.139976978,33.531967468000005],[130.140291699,33.532073081],[130.140258171,33.532121532],[130.140338301,33.53214986500001],[130.140375084,33.532101413999996],[130.14079489,33.532152306],[130.141298807,33.532352721],[130.142060363,33.532445721],[130.14252783413787,33.53333333333333],[130.14375,33.53333333333333],[130.14375,33.529166666666676],[130.1375,33.52916666666667],[130.137553696,33.529671694]]]}},{"type":"Feature","id":"40230:503021314","properties":{"id":"40230:503021314","meshCode":"503021314","cityCode":"40230","city":"糸島市","lat":33.53125,"lon":130.146875,"areaKm2":0.2682874,"populated2020":true,"population2020":10.8527,"populationNote":"2020年基準の国交省調整値"},"geometry":{"type":"Polygon","coordinates":[[[130.14375,33.529166666666676],[130.14375,33.53333333333333],[130.15,33.53333333333333],[130.15,33.52916666666667],[130.14375,33.529166666666676]]]}},{"type":"Feature","id":"40230:503021323","properties":{"id":"40230:503021323","meshCode":"503021323","cityCode":"40230","city":"糸島市","lat":33.53125,"lon":130.153125,"areaKm2":0.2682868,"populated2020":true,"population2020":90.0991,"populationNote":"2020年基準の国交省調整値"},"geometry":{"type":"Polygon","coordinates":[[[130.15,33.52916666666667],[130.15,33.53333333333333],[130.15625,33.53333333333333],[130.15625,33.52916666666667],[130.15,33.52916666666667]]]}},{"type":"Feature","id":"40230:503021324","properties":{"id":"40230:503021324","meshCode":"503021324","cityCode":"40230","city":"糸島市","lat":33.53125,"lon":130.159375,"areaKm2":0.2682862,"populated2020":false,"population2020":null,"populationNote":"境界またぎ・原典収録外のため自治体内人口は未集計"},"geometry":{"type":"Polygon","coordinates":[[[130.15625,33.52916666666667],[130.15625,33.53333333333333],[130.1625,33.53333333333333],[130.1625,33.52916666666667],[130.15625,33.52916666666667]]]}},{"type":"Feature","id":"40230:503021333","properties":{"id":"40230:503021333","meshCode":"503021333","cityCode":"40230","city":"糸島市","lat":33.53125,"lon":130.165625,"areaKm2":0.2682856,"populated2020":true,"population2020":573.2281,"populationNote":"2020年基準の国交省調整値"},"geometry":{"type":"Polygon","coordinates":[[[130.1625,33.52916666666667],[130.1625,33.53333333333333],[130.16875,33.533333333333324],[130.16875,33.52916666666667],[130.1625,33.52916666666667]]]}},{"type":"Feature","id":"40230:503021334","properties":{"id":"40230:503021334","meshCode":"503021334","cityCode":"40230","city":"糸島市","lat":33.53125,"lon":130.171875,"areaKm2":0.268285,"populated2020":true,"population2020":245.8357,"populationNote":"2020年基準の国交省調整値"},"geometry":{"type":"Polygon","coordinates":[[[130.16875,33.52916666666667],[130.16875,33.533333333333324],[130.175,33.53333333333333],[130.175,33.52916666666667],[130.16875,33.52916666666667]]]}},{"type":"Feature","id":"40230:503021343","properties":{"id":"40230:503021343","meshCode":"503021343","cityCode":"40230","city":"糸島市","lat":33.53125,"lon":130.178125,"areaKm2":0.2682844,"populated2020":true,"population2020":72.9854,"populationNote":"2020年基準の国交省調整値"},"geometry":{"type":"Polygon","coordinates":[[[130.175,33.52916666666667],[130.175,33.53333333333333],[130.18125,33.53333333333333],[130.18125,33.52916666666667],[130.175,33.52916666666667]]]}},{"type":"Feature","id":"40230:503021344","properties":{"id":"40230:503021344","meshCode":"503021344","cityCode":"40230","city":"糸島市","lat":33.53125,"lon":130.184375,"areaKm2":0.2682838,"populated2020":true,"population2020":70.162,"populationNote":"2020年基準の国交省調整値"},"geometry":{"type":"Polygon","coordinates":[[[130.18125,33.52916666666667],[130.18125,33.53333333333333],[130.1875,33.53333333333333],[130.1875,33.52916666666667],[130.18125,33.52916666666667]]]}},{"type":"Feature","id":"40230:503021353","properties":{"id":"40230:503021353","meshCode":"503021353","cityCode":"40230","city":"糸島市","lat":33.53125,"lon":130.190625,"areaKm2":0.2682832,"populated2020":true,"population2020":26.6831,"populationNote":"2020年基準の国交省調整値"},"geometry":{"type":"Polygon","coordinates":[[[130.1875,33.52916666666667],[130.1875,33.53333333333333],[130.19375,33.53333333333334],[130.19375,33.52916666666667],[130.1875,33.52916666666667]]]}},{"type":"Feature","id":"40230:503021354","properties":{"id":"40230:503021354","meshCode":"503021354","cityCode":"40230","city":"糸島市","lat":33.53125,"lon":130.196875,"areaKm2":0.2682827,"populated2020":false,"population2020":null,"populationNote":"境界またぎ・原典収録外のため自治体内人口は未集計"},"geometry":{"type":"Polygon","coordinates":[[[130.19375,33.52916666666667],[130.19375,33.53333333333334],[130.2,33.53333333333333],[130.2,33.52916666666667],[130.19375,33.52916666666667]]]}},{"type":"Feature","id":"40230:503021363","properties":{"id":"40230:503021363","meshCode":"503021363","cityCode":"40230","city":"糸島市","lat":33.53125,"lon":130.203125,"areaKm2":0.2682821,"populated2020":false,"population2020":null,"populationNote":"境界またぎ・原典収録外のため自治体内人口は未集計"},"geometry":{"type":"Polygon","coordinates":[[[130.2,33.52916666666667],[130.2,33.53333333333333],[130.20625,33.53333333333334],[130.20625,33.52916666666667],[130.2,33.52916666666667]]]}},{"type":"Feature","id":"40230:503021364","properties":{"id":"40230:503021364","meshCode":"503021364","cityCode":"40230","city":"糸島市","lat":33.53125,"lon":130.209375,"areaKm2":0.2682815,"populated2020":true,"population2020":1.9804,"populationNote":"2020年基準の国交省調整値"},"geometry":{"type":"Polygon","coordinates":[[[130.20625,33.52916666666667],[130.20625,33.53333333333334],[130.2125,33.53333333333333],[130.2125,33.52916666666667],[130.20625,33.52916666666667]]]}},{"type":"Feature","id":"40230:503021373","properties":{"id":"40230:503021373","meshCode":"503021373","cityCode":"40230","city":"糸島市","lat":33.53125,"lon":130.215625,"areaKm2":0.268281,"populated2020":true,"population2020":18.7474,"populationNote":"2020年基準の国交省調整値"},"geometry":{"type":"Polygon","coordinates":[[[130.2125,33.52916666666667],[130.2125,33.53333333333333],[130.21875,33.53333333333333],[130.21875,33.52916666666667],[130.2125,33.52916666666667]]]}},{"type":"Feature","id":"40230:503021374","properties":{"id":"40230:503021374","meshCode":"503021374","cityCode":"40230","city":"糸島市","lat":33.53125,"lon":130.221875,"areaKm2":0.2682804,"populated2020":true,"population2020":207.421,"populationNote":"2020年基準の国交省調整値"},"geometry":{"type":"Polygon","coordinates":[[[130.21875,33.52916666666667],[130.21875,33.53333333333333],[130.225,33.533333333333324],[130.225,33.529166666666676],[130.21875,33.52916666666667]]]}},{"type":"Feature","id":"40230:503021383","properties":{"id":"40230:503021383","meshCode":"503021383","cityCode":"40230","city":"糸島市","lat":33.53125,"lon":130.228125,"areaKm2":0.2682798,"populated2020":false,"population2020":null,"populationNote":"境界またぎ・原典収録外のため自治体内人口は未集計"},"geometry":{"type":"Polygon","coordinates":[[[130.225,33.529166666666676],[130.225,33.533333333333324],[130.23125,33.53333333333334],[130.23125,33.52916666666667],[130.225,33.529166666666676]]]}},{"type":"Feature","id":"40230:503021384","properties":{"id":"40230:503021384","meshCode":"503021384","cityCode":"40230","city":"糸島市","lat":33.53125,"lon":130.234375,"areaKm2":0.2682793,"populated2020":true,"population2020":487.8892,"populationNote":"2020年基準の国交省調整値"},"geometry":{"type":"Polygon","coordinates":[[[130.23125,33.52916666666667],[130.23125,33.53333333333334],[130.2375,33.533333333333324],[130.2375,33.52916666666666],[130.23125,33.52916666666667]]]}},{"type":"Feature","id":"40230:503021393","properties":{"id":"40230:503021393","meshCode":"503021393","cityCode":"40230","city":"糸島市","lat":33.53125,"lon":130.240625,"areaKm2":0.2682788,"populated2020":true,"population2020":169.0423,"populationNote":"2020年基準の国交省調整値"},"geometry":{"type":"Polygon","coordinates":[[[130.2375,33.52916666666666],[130.2375,33.533333333333324],[130.24375,33.53333333333333],[130.24375,33.52916666666667],[130.2375,33.52916666666666]]]}},{"type":"Feature","id":"40230:503021394","properties":{"id":"40230:503021394","meshCode":"503021394","cityCode":"40230","city":"糸島市","lat":33.53125,"lon":130.246875,"areaKm2":0.2682782,"populated2020":true,"population2020":150.3975,"populationNote":"2020年基準の国交省調整値"},"geometry":{"type":"Polygon","coordinates":[[[130.24375,33.52916666666667],[130.24375,33.53333333333333],[130.25000000000003,33.533333333333324],[130.25000000000003,33.52916666666667],[130.24375,33.52916666666667]]]}},{"type":"Feature","id":"40230:503022303","properties":{"id":"40230:503022303","meshCode":"503022303","cityCode":"40230","city":"糸島市","lat":33.53125,"lon":130.253125,"areaKm2":0.2682777,"populated2020":true,"population2020":17.7652,"populationNote":"2020年基準の国交省調整値"},"geometry":{"type":"Polygon","coordinates":[[[130.25000000000003,33.52916666666667],[130.25000000000003,33.533333333333324],[130.25625,33.53333333333333],[130.25625,33.52916666666667],[130.25000000000003,33.52916666666667]]]}},{"type":"Feature","id":"40230:503022304","properties":{"id":"40230:503022304","meshCode":"503022304","cityCode":"40230","city":"糸島市","lat":33.53125,"lon":130.259375,"areaKm2":0.2682772,"populated2020":true,"population2020":113.69,"populationNote":"2020年基準の国交省調整値"},"geometry":{"type":"Polygon","coordinates":[[[130.25625,33.52916666666667],[130.25625,33.53333333333333],[130.2625,33.53333333333333],[130.2625,33.529166666666676],[130.25625,33.52916666666667]]]}},{"type":"Feature","id":"40230:503022313","properties":{"id":"40230:503022313","meshCode":"503022313","cityCode":"40230","city":"糸島市","lat":33.53125,"lon":130.265625,"areaKm2":0.2682766,"populated2020":true,"population2020":99.7688,"populationNote":"2020年基準の国交省調整値"},"geometry":{"type":"Polygon","coordinates":[[[130.2625,33.529166666666676],[130.2625,33.53333333333333],[130.26875,33.53333333333333],[130.26875,33.52916666666666],[130.2625,33.529166666666676]]]}},{"type":"Feature","id":"40230:503022314","properties":{"id":"40230:503022314","meshCode":"503022314","cityCode":"40230","city":"糸島市","lat":33.53125,"lon":130.271875,"areaKm2":0.2682761,"populated2020":false,"population2020":null,"populationNote":"境界またぎ・原典収録外のため自治体内人口は未集計"},"geometry":{"type":"Polygon","coordinates":[[[130.26875,33.52916666666666],[130.26875,33.53333333333333],[130.275,33.53333333333334],[130.275,33.52916666666667],[130.26875,33.52916666666666]]]}},{"type":"Feature","id":"40230:503022323","properties":{"id":"40230:503022323","meshCode":"503022323","cityCode":"40230","city":"糸島市","lat":33.53125,"lon":130.278125,"areaKm2":0.2682756,"populated2020":false,"population2020":null,"populationNote":"境界またぎ・原典収録外のため自治体内人口は未集計"},"geometry":{"type":"Polygon","coordinates":[[[130.275,33.52916666666667],[130.275,33.53333333333334],[130.28125,33.53333333333333],[130.28125,33.52916666666667],[130.275,33.52916666666667]]]}},{"type":"Feature","id":"40230:503022324","properties":{"id":"40230:503022324","meshCode":"503022324","cityCode":"40230","city":"糸島市","lat":33.53125,"lon":130.284375,"areaKm2":0.2682751,"populated2020":true,"population2020":5.918,"populationNote":"2020年基準の国交省調整値"},"geometry":{"type":"Polygon","coordinates":[[[130.28125,33.52916666666667],[130.28125,33.53333333333333],[130.2875,33.53333333333333],[130.2875,33.52916666666667],[130.28125,33.52916666666667]]]}},{"type":"Feature","id":"40230:503022333","properties":{"id":"40230:503022333","meshCode":"503022333","cityCode":"40230","city":"糸島市","lat":33.5308407,"lon":130.2882553,"areaKm2":0.064138,"populated2020":false,"population2020":null,"populationNote":"境界またぎ・原典収録外のため自治体内人口は未集計"},"geometry":{"type":"Polygon","coordinates":[[[130.2890307,33.53333333300001],[130.289033891,33.53294138700001],[130.289358054,33.531913613],[130.289248054,33.531318892],[130.288773333,33.530362495000006],[130.288583891,33.529516387],[130.28841430553652,33.52916666666667],[130.2875,33.52916666666667],[130.2875,33.53333333333333],[130.2890307,33.53333333300001]]]}},{"type":"Feature","id":"40230:503021411","properties":{"id":"40230:503021411","meshCode":"503021411","cityCode":"40230","city":"糸島市","lat":33.5341219,"lon":130.1431826,"areaKm2":0.0175539,"populated2020":false,"population2020":null,"populationNote":"境界またぎ・原典収録外のため自治体内人口は未集計"},"geometry":{"type":"Polygon","coordinates":[[[130.14253358,33.533347225],[130.142714189,33.533841694],[130.142699442,33.534027694],[130.142386667,33.53426941399999],[130.142446135,33.534407225],[130.142288145,33.534357441],[130.14222275,33.534414973000004],[130.142328327,33.534496495],[130.142380117,33.534419306],[130.142585525,33.53448664],[130.143148833,33.534879612999994],[130.14375,33.5349047800702],[130.14375,33.53333333333333],[130.14253358,33.533347225]]]}},{"type":"Feature","id":"40230:503021412","properties":{"id":"40230:503021412","meshCode":"503021412","cityCode":"40230","city":"糸島市","lat":33.5349442,"lon":130.1481938,"areaKm2":0.1398701,"populated2020":false,"population2020":null,"populationNote":"境界またぎ・原典収録外のため自治体内人口は未集計"},"geometry":{"type":"MultiPolygon","coordinates":[[[[130.14716917,33.537431387],[130.146548885,33.537336667000005],[130.146237782,33.537462225],[130.14717065561413,33.5375],[130.14716917,33.537431387]]],[[[130.143761777,33.534910161999996],[130.144263774,33.534905081],[130.144364475,33.535011999999995],[130.144869416,33.534870586],[130.145766783,33.534796441000005],[130.145860752,33.53472386499999],[130.146154034,33.534778559],[130.1468162,33.535278748],[130.147204423,33.535127532],[130.147397977,33.53520764],[130.147765357,33.535787495],[130.147593748,33.53600433300001],[130.147706887,33.53597482899999],[130.14766703,33.53604336],[130.147792283,33.535982802],[130.148102633,33.536097198],[130.148102698,33.536235973],[130.148171336,33.53621866700001],[130.148324475,33.536390865],[130.148676278,33.536418081],[130.148773061,33.536485721],[130.149444228,33.536390892],[130.15,33.53655769400001],[130.15,33.53333333333333],[130.14375,33.53333333333333],[130.143761777,33.534910161999996]]]]}},{"type":"Feature","id":"40230:503021421","properties":{"id":"40230:503021421","meshCode":"503021421","cityCode":"40230","city":"糸島市","lat":33.5354167,"lon":130.153125,"areaKm2":0.2417637,"populated2020":true,"population2020":108.7313,"populationNote":"2020年基準の国交省調整値"},"geometry":{"type":"Polygon","coordinates":[[[130.150026031,33.536567829],[130.150190389,33.53652864],[130.150365305,33.536632919],[130.150471193,33.536616694],[130.150569196,33.53669255900001],[130.150533061,33.536754892],[130.150779001,33.536848721],[130.150953385,33.53673197300001],[130.15113847,33.536809252],[130.151395525,33.536716162],[130.151515966,33.53682986500001],[130.151885694,33.536874973],[130.152060726,33.536824775],[130.152141479,33.536934694],[130.152496135,33.537011414],[130.152631725,33.53691902700001],[130.152895032,33.536892973],[130.153472633,33.537116919],[130.153643217,33.53712277500001],[130.153809494,33.537007586],[130.15416242438212,33.53750000000001],[130.15625,33.53750000000001],[130.15625,33.53333333333333],[130.15,33.53333333333333],[130.150026031,33.536567829]]]}},{"type":"Feature","id":"40230:503021422","properties":{"id":"40230:503021422","meshCode":"503021422","cityCode":"40230","city":"糸島市","lat":33.5354167,"lon":130.159375,"areaKm2":0.2682735,"populated2020":true,"population2020":27.6414,"populationNote":"2020年基準の国交省調整値"},"geometry":{"type":"Polygon","coordinates":[[[130.15625,33.53333333333333],[130.15625,33.53750000000001],[130.1625,33.5375],[130.1625,33.53333333333333],[130.15625,33.53333333333333]]]}},{"type":"Feature","id":"40230:503021431","properties":{"id":"40230:503021431","meshCode":"503021431","cityCode":"40230","city":"糸島市","lat":33.5354167,"lon":130.165625,"areaKm2":0.2682729,"populated2020":true,"population2020":415.2215,"populationNote":"2020年基準の国交省調整値"},"geometry":{"type":"Polygon","coordinates":[[[130.1625,33.53333333333333],[130.1625,33.5375],[130.16875,33.53750000000001],[130.16875,33.533333333333324],[130.1625,33.53333333333333]]]}},{"type":"Feature","id":"40230:503021432","properties":{"id":"40230:503021432","meshCode":"503021432","cityCode":"40230","city":"糸島市","lat":33.5354167,"lon":130.171875,"areaKm2":0.2682723,"populated2020":true,"population2020":263.9098,"populationNote":"2020年基準の国交省調整値"},"geometry":{"type":"Polygon","coordinates":[[[130.16875,33.533333333333324],[130.16875,33.53750000000001],[130.175,33.5375],[130.175,33.53333333333333],[130.16875,33.533333333333324]]]}},{"type":"Feature","id":"40230:503021441","properties":{"id":"40230:503021441","meshCode":"503021441","cityCode":"40230","city":"糸島市","lat":33.5354167,"lon":130.178125,"areaKm2":0.2682717,"populated2020":true,"population2020":135.4698,"populationNote":"2020年基準の国交省調整値"},"geometry":{"type":"Polygon","coordinates":[[[130.175,33.53333333333333],[130.175,33.5375],[130.18125,33.53750000000001],[130.18125,33.53333333333333],[130.175,33.53333333333333]]]}},{"type":"Feature","id":"40230:503021442","properties":{"id":"40230:503021442","meshCode":"503021442","cityCode":"40230","city":"糸島市","lat":33.5354167,"lon":130.184375,"areaKm2":0.2682711,"populated2020":true,"population2020":58.3345,"populationNote":"2020年基準の国交省調整値"},"geometry":{"type":"Polygon","coordinates":[[[130.18125,33.53333333333333],[130.18125,33.53750000000001],[130.1875,33.5375],[130.1875,33.53333333333333],[130.18125,33.53333333333333]]]}},{"type":"Feature","id":"40230:503021451","properties":{"id":"40230:503021451","meshCode":"503021451","cityCode":"40230","city":"糸島市","lat":33.5354167,"lon":130.190625,"areaKm2":0.2682705,"populated2020":true,"population2020":97.8291,"populationNote":"2020年基準の国交省調整値"},"geometry":{"type":"Polygon","coordinates":[[[130.1875,33.53333333333333],[130.1875,33.5375],[130.19375,33.53750000000001],[130.19375,33.53333333333334],[130.1875,33.53333333333333]]]}},{"type":"Feature","id":"40230:503021452","properties":{"id":"40230:503021452","meshCode":"503021452","cityCode":"40230","city":"糸島市","lat":33.5354167,"lon":130.196875,"areaKm2":0.26827,"populated2020":false,"population2020":null,"populationNote":"境界またぎ・原典収録外のため自治体内人口は未集計"},"geometry":{"type":"Polygon","coordinates":[[[130.19375,33.53333333333334],[130.19375,33.53750000000001],[130.2,33.53750000000001],[130.2,33.53333333333333],[130.19375,33.53333333333334]]]}},{"type":"Feature","id":"40230:503021461","properties":{"id":"40230:503021461","meshCode":"503021461","cityCode":"40230","city":"糸島市","lat":33.5354167,"lon":130.203125,"areaKm2":0.2682694,"populated2020":false,"population2020":null,"populationNote":"境界またぎ・原典収録外のため自治体内人口は未集計"},"geometry":{"type":"Polygon","coordinates":[[[130.2,33.53333333333333],[130.2,33.53750000000001],[130.20625,33.5375],[130.20625,33.53333333333334],[130.2,33.53333333333333]]]}},{"type":"Feature","id":"40230:503021462","properties":{"id":"40230:503021462","meshCode":"503021462","cityCode":"40230","city":"糸島市","lat":33.5354167,"lon":130.209375,"areaKm2":0.2682688,"populated2020":true,"population2020":3.9175,"populationNote":"2020年基準の国交省調整値"},"geometry":{"type":"Polygon","coordinates":[[[130.20625,33.53333333333334],[130.20625,33.5375],[130.2125,33.5375],[130.2125,33.53333333333333],[130.20625,33.53333333333334]]]}},{"type":"Feature","id":"40230:503021471","properties":{"id":"40230:503021471","meshCode":"503021471","cityCode":"40230","city":"糸島市","lat":33.5354167,"lon":130.215625,"areaKm2":0.2682683,"populated2020":true,"population2020":51.3476,"populationNote":"2020年基準の国交省調整値"},"geometry":{"type":"Polygon","coordinates":[[[130.2125,33.53333333333333],[130.2125,33.5375],[130.21875,33.5375],[130.21875,33.53333333333333],[130.2125,33.53333333333333]]]}},{"type":"Feature","id":"40230:503021472","properties":{"id":"40230:503021472","meshCode":"503021472","cityCode":"40230","city":"糸島市","lat":33.5354167,"lon":130.221875,"areaKm2":0.2682677,"populated2020":true,"population2020":167.2284,"populationNote":"2020年基準の国交省調整値"},"geometry":{"type":"Polygon","coordinates":[[[130.21875,33.53333333333333],[130.21875,33.5375],[130.225,33.53750000000001],[130.225,33.533333333333324],[130.21875,33.53333333333333]]]}},{"type":"Feature","id":"40230:503021481","properties":{"id":"40230:503021481","meshCode":"503021481","cityCode":"40230","city":"糸島市","lat":33.5354167,"lon":130.228125,"areaKm2":0.2682672,"populated2020":true,"population2020":57.2523,"populationNote":"2020年基準の国交省調整値"},"geometry":{"type":"Polygon","coordinates":[[[130.225,33.533333333333324],[130.225,33.53750000000001],[130.23125,33.5375],[130.23125,33.53333333333334],[130.225,33.533333333333324]]]}},{"type":"Feature","id":"40230:503021482","properties":{"id":"40230:503021482","meshCode":"503021482","cityCode":"40230","city":"糸島市","lat":33.5354167,"lon":130.234375,"areaKm2":0.2682666,"populated2020":true,"population2020":492.1665,"populationNote":"2020年基準の国交省調整値"},"geometry":{"type":"Polygon","coordinates":[[[130.23125,33.53333333333334],[130.23125,33.5375],[130.2375,33.53750000000001],[130.2375,33.533333333333324],[130.23125,33.53333333333334]]]}},{"type":"Feature","id":"40230:503021491","properties":{"id":"40230:503021491","meshCode":"503021491","cityCode":"40230","city":"糸島市","lat":33.5354167,"lon":130.240625,"areaKm2":0.2682661,"populated2020":true,"population2020":112.6114,"populationNote":"2020年基準の国交省調整値"},"geometry":{"type":"Polygon","coordinates":[[[130.2375,33.533333333333324],[130.2375,33.53750000000001],[130.24375,33.537499999999994],[130.24375,33.53333333333333],[130.2375,33.533333333333324]]]}},{"type":"Feature","id":"40230:503021492","properties":{"id":"40230:503021492","meshCode":"503021492","cityCode":"40230","city":"糸島市","lat":33.5354167,"lon":130.246875,"areaKm2":0.2682655,"populated2020":true,"population2020":63.317,"populationNote":"2020年基準の国交省調整値"},"geometry":{"type":"Polygon","coordinates":[[[130.24375,33.53333333333333],[130.24375,33.537499999999994],[130.25000000000003,33.5375],[130.25000000000003,33.533333333333324],[130.24375,33.53333333333333]]]}},{"type":"Feature","id":"40230:503022401","properties":{"id":"40230:503022401","meshCode":"503022401","cityCode":"40230","city":"糸島市","lat":33.5354167,"lon":130.253125,"areaKm2":0.268265,"populated2020":true,"population2020":19.7599,"populationNote":"2020年基準の国交省調整値"},"geometry":{"type":"Polygon","coordinates":[[[130.25000000000003,33.533333333333324],[130.25000000000003,33.5375],[130.25625,33.53750000000001],[130.25625,33.53333333333333],[130.25000000000003,33.533333333333324]]]}},{"type":"Feature","id":"40230:503022402","properties":{"id":"40230:503022402","meshCode":"503022402","cityCode":"40230","city":"糸島市","lat":33.5354167,"lon":130.259375,"areaKm2":0.2682645,"populated2020":true,"population2020":67.263,"populationNote":"2020年基準の国交省調整値"},"geometry":{"type":"Polygon","coordinates":[[[130.25625,33.53333333333333],[130.25625,33.53750000000001],[130.2625,33.5375],[130.2625,33.53333333333333],[130.25625,33.53333333333333]]]}},{"type":"Feature","id":"40230:503022411","properties":{"id":"40230:503022411","meshCode":"503022411","cityCode":"40230","city":"糸島市","lat":33.5354167,"lon":130.265625,"areaKm2":0.2682639,"populated2020":true,"population2020":116.4583,"populationNote":"2020年基準の国交省調整値"},"geometry":{"type":"Polygon","coordinates":[[[130.2625,33.53333333333333],[130.2625,33.5375],[130.26875,33.537499999999994],[130.26875,33.53333333333333],[130.2625,33.53333333333333]]]}},{"type":"Feature","id":"40230:503022412","properties":{"id":"40230:503022412","meshCode":"503022412","cityCode":"40230","city":"糸島市","lat":33.5354167,"lon":130.271875,"areaKm2":0.2682634,"populated2020":true,"population2020":30.596,"populationNote":"2020年基準の国交省調整値"},"geometry":{"type":"Polygon","coordinates":[[[130.26875,33.53333333333333],[130.26875,33.537499999999994],[130.275,33.53750000000001],[130.275,33.53333333333334],[130.26875,33.53333333333333]]]}},{"type":"Feature","id":"40230:503022421","properties":{"id":"40230:503022421","meshCode":"503022421","cityCode":"40230","city":"糸島市","lat":33.5354167,"lon":130.278125,"areaKm2":0.2682629,"populated2020":true,"population2020":25.6468,"populationNote":"2020年基準の国交省調整値"},"geometry":{"type":"Polygon","coordinates":[[[130.275,33.53333333333334],[130.275,33.53750000000001],[130.28125,33.5375],[130.28125,33.53333333333333],[130.275,33.53333333333334]]]}},{"type":"Feature","id":"40230:503022422","properties":{"id":"40230:503022422","meshCode":"503022422","cityCode":"40230","city":"糸島市","lat":33.5354167,"lon":130.284375,"areaKm2":0.2682624,"populated2020":false,"population2020":null,"populationNote":"境界またぎ・原典収録外のため自治体内人口は未集計"},"geometry":{"type":"Polygon","coordinates":[[[130.28125,33.53333333333333],[130.28125,33.5375],[130.2875,33.5375],[130.2875,33.53333333333333],[130.28125,33.53333333333333]]]}},{"type":"Feature","id":"40230:503022431","properties":{"id":"40230:503022431","meshCode":"503022431","cityCode":"40230","city":"糸島市","lat":33.53538,"lon":130.287957,"areaKm2":0.0503142,"populated2020":false,"population2020":null,"populationNote":"境界またぎ・原典収録外のため自治体内人口は未集計"},"geometry":{"type":"Polygon","coordinates":[[[130.288232776,33.536777495],[130.288093891,33.536460829],[130.288385279,33.535429721],[130.28866917,33.534986946000004],[130.289296394,33.534440829],[130.289300272,33.53399138700001],[130.289116667,33.533694441],[130.2890307000471,33.53333333333334],[130.2875,33.53333333333333],[130.2875,33.5375],[130.28888302990887,33.5375],[130.288232776,33.536777495]]]}},{"type":"Feature","id":"40230:503021414","properties":{"id":"40230:503021414","meshCode":"503021414","cityCode":"40230","city":"糸島市","lat":33.537584,"lon":130.1466899,"areaKm2":0.000989,"populated2020":false,"population2020":null,"populationNote":"境界またぎ・原典収録外のため自治体内人口は未集計"},"geometry":{"type":"Polygon","coordinates":[[[130.146497497,33.537663892],[130.146919728,33.537623613],[130.14717065561413,33.5375],[130.14626053010304,33.5375],[130.146497497,33.537663892]]]}},{"type":"Feature","id":"40230:503021423","properties":{"id":"40230:503021423","meshCode":"503021423","cityCode":"40230","city":"糸島市","lat":33.5395997,"lon":130.1554292,"areaKm2":0.0716101,"populated2020":true,"population2020":57.2951,"populationNote":"2020年基準の国交省調整値"},"geometry":{"type":"Polygon","coordinates":[[[130.15416242438212,33.53750000000001],[130.154296835,33.53782422500001],[130.154499144,33.537917387],[130.15440572,33.538151081],[130.154412918,33.538454],[130.15471192,33.54027863999999],[130.1547812190124,33.541666666666664],[130.15625,33.541666666666664],[130.15625,33.53750000000001],[130.15416242438212,33.53750000000001]]]}},{"type":"Feature","id":"40230:503021424","properties":{"id":"40230:503021424","meshCode":"503021424","cityCode":"40230","city":"糸島市","lat":33.5395833,"lon":130.159375,"areaKm2":0.2682608,"populated2020":true,"population2020":66.0717,"populationNote":"2020年基準の国交省調整値"},"geometry":{"type":"Polygon","coordinates":[[[130.15625,33.53750000000001],[130.15625,33.541666666666664],[130.1625,33.541666666666664],[130.1625,33.5375],[130.15625,33.53750000000001]]]}},{"type":"Feature","id":"40230:503021433","properties":{"id":"40230:503021433","meshCode":"503021433","cityCode":"40230","city":"糸島市","lat":33.5395833,"lon":130.165625,"areaKm2":0.2682602,"populated2020":true,"population2020":124.4018,"populationNote":"2020年基準の国交省調整値"},"geometry":{"type":"Polygon","coordinates":[[[130.1625,33.5375],[130.1625,33.541666666666664],[130.16875,33.541666666666664],[130.16875,33.53750000000001],[130.1625,33.5375]]]}},{"type":"Feature","id":"40230:503021434","properties":{"id":"40230:503021434","meshCode":"503021434","cityCode":"40230","city":"糸島市","lat":33.5395833,"lon":130.171875,"areaKm2":0.2682596,"populated2020":true,"population2020":249.8264,"populationNote":"2020年基準の国交省調整値"},"geometry":{"type":"Polygon","coordinates":[[[130.16875,33.53750000000001],[130.16875,33.541666666666664],[130.175,33.541666666666664],[130.175,33.5375],[130.16875,33.53750000000001]]]}},{"type":"Feature","id":"40230:503021443","properties":{"id":"40230:503021443","meshCode":"503021443","cityCode":"40230","city":"糸島市","lat":33.5395833,"lon":130.178125,"areaKm2":0.268259,"populated2020":true,"population2020":93.0536,"populationNote":"2020年基準の国交省調整値"},"geometry":{"type":"Polygon","coordinates":[[[130.175,33.5375],[130.175,33.541666666666664],[130.18125,33.541666666666664],[130.18125,33.53750000000001],[130.175,33.5375]]]}},{"type":"Feature","id":"40230:503021444","properties":{"id":"40230:503021444","meshCode":"503021444","cityCode":"40230","city":"糸島市","lat":33.5395833,"lon":130.184375,"areaKm2":0.2682584,"populated2020":false,"population2020":null,"populationNote":"境界またぎ・原典収録外のため自治体内人口は未集計"},"geometry":{"type":"Polygon","coordinates":[[[130.18125,33.53750000000001],[130.18125,33.541666666666664],[130.1875,33.54166666666667],[130.1875,33.5375],[130.18125,33.53750000000001]]]}},{"type":"Feature","id":"40230:503021453","properties":{"id":"40230:503021453","meshCode":"503021453","cityCode":"40230","city":"糸島市","lat":33.5395833,"lon":130.190625,"areaKm2":0.2682578,"populated2020":true,"population2020":42.5383,"populationNote":"2020年基準の国交省調整値"},"geometry":{"type":"Polygon","coordinates":[[[130.1875,33.5375],[130.1875,33.54166666666667],[130.19375,33.54166666666667],[130.19375,33.53750000000001],[130.1875,33.5375]]]}},{"type":"Feature","id":"40230:503021454","properties":{"id":"40230:503021454","meshCode":"503021454","cityCode":"40230","city":"糸島市","lat":33.5395833,"lon":130.196875,"areaKm2":0.2682573,"populated2020":true,"population2020":6.8898,"populationNote":"2020年基準の国交省調整値"},"geometry":{"type":"Polygon","coordinates":[[[130.19375,33.53750000000001],[130.19375,33.54166666666667],[130.2,33.541666666666664],[130.2,33.53750000000001],[130.19375,33.53750000000001]]]}},{"type":"Feature","id":"40230:503021463","properties":{"id":"40230:503021463","meshCode":"503021463","cityCode":"40230","city":"糸島市","lat":33.5395833,"lon":130.203125,"areaKm2":0.2682567,"populated2020":true,"population2020":2.9727,"populationNote":"2020年基準の国交省調整値"},"geometry":{"type":"Polygon","coordinates":[[[130.2,33.53750000000001],[130.2,33.541666666666664],[130.20625,33.54166666666667],[130.20625,33.5375],[130.2,33.53750000000001]]]}},{"type":"Feature","id":"40230:503021464","properties":{"id":"40230:503021464","meshCode":"503021464","cityCode":"40230","city":"糸島市","lat":33.5395833,"lon":130.209375,"areaKm2":0.2682561,"populated2020":true,"population2020":182.0137,"populationNote":"2020年基準の国交省調整値"},"geometry":{"type":"Polygon","coordinates":[[[130.20625,33.5375],[130.20625,33.54166666666667],[130.2125,33.54166666666667],[130.2125,33.5375],[130.20625,33.5375]]]}},{"type":"Feature","id":"40230:503021473","properties":{"id":"40230:503021473","meshCode":"503021473","cityCode":"40230","city":"糸島市","lat":33.5395833,"lon":130.215625,"areaKm2":0.2682556,"populated2020":true,"population2020":62.1549,"populationNote":"2020年基準の国交省調整値"},"geometry":{"type":"Polygon","coordinates":[[[130.2125,33.5375],[130.2125,33.54166666666667],[130.21875,33.54166666666667],[130.21875,33.5375],[130.2125,33.5375]]]}},{"type":"Feature","id":"40230:503021474","properties":{"id":"40230:503021474","meshCode":"503021474","cityCode":"40230","city":"糸島市","lat":33.5395833,"lon":130.221875,"areaKm2":0.268255,"populated2020":true,"population2020":135.34,"populationNote":"2020年基準の国交省調整値"},"geometry":{"type":"Polygon","coordinates":[[[130.21875,33.5375],[130.21875,33.54166666666667],[130.225,33.541666666666664],[130.225,33.53750000000001],[130.21875,33.5375]]]}},{"type":"Feature","id":"40230:503021483","properties":{"id":"40230:503021483","meshCode":"503021483","cityCode":"40230","city":"糸島市","lat":33.5395833,"lon":130.228125,"areaKm2":0.2682545,"populated2020":true,"population2020":845.8111,"populationNote":"2020年基準の国交省調整値"},"geometry":{"type":"Polygon","coordinates":[[[130.225,33.53750000000001],[130.225,33.541666666666664],[130.23125,33.54166666666667],[130.23125,33.5375],[130.225,33.53750000000001]]]}},{"type":"Feature","id":"40230:503021484","properties":{"id":"40230:503021484","meshCode":"503021484","cityCode":"40230","city":"糸島市","lat":33.5395833,"lon":130.234375,"areaKm2":0.2682539,"populated2020":true,"population2020":465.4705,"populationNote":"2020年基準の国交省調整値"},"geometry":{"type":"Polygon","coordinates":[[[130.23125,33.5375],[130.23125,33.54166666666667],[130.2375,33.541666666666664],[130.2375,33.53750000000001],[130.23125,33.5375]]]}},{"type":"Feature","id":"40230:503021493","properties":{"id":"40230:503021493","meshCode":"503021493","cityCode":"40230","city":"糸島市","lat":33.5395833,"lon":130.240625,"areaKm2":0.2682534,"populated2020":true,"population2020":285.3766,"populationNote":"2020年基準の国交省調整値"},"geometry":{"type":"Polygon","coordinates":[[[130.2375,33.53750000000001],[130.2375,33.541666666666664],[130.24375,33.54166666666667],[130.24375,33.537499999999994],[130.2375,33.53750000000001]]]}},{"type":"Feature","id":"40230:503021494","properties":{"id":"40230:503021494","meshCode":"503021494","cityCode":"40230","city":"糸島市","lat":33.5395833,"lon":130.246875,"areaKm2":0.2682528,"populated2020":true,"population2020":44.5192,"populationNote":"2020年基準の国交省調整値"},"geometry":{"type":"Polygon","coordinates":[[[130.24375,33.537499999999994],[130.24375,33.54166666666667],[130.25000000000003,33.54166666666667],[130.25000000000003,33.5375],[130.24375,33.537499999999994]]]}},{"type":"Feature","id":"40230:503022403","properties":{"id":"40230:503022403","meshCode":"503022403","cityCode":"40230","city":"糸島市","lat":33.5395833,"lon":130.253125,"areaKm2":0.2682523,"populated2020":true,"population2020":82.0136,"populationNote":"2020年基準の国交省調整値"},"geometry":{"type":"Polygon","coordinates":[[[130.25000000000003,33.5375],[130.25000000000003,33.54166666666667],[130.25625,33.541666666666664],[130.25625,33.53750000000001],[130.25000000000003,33.5375]]]}},{"type":"Feature","id":"40230:503022404","properties":{"id":"40230:503022404","meshCode":"503022404","cityCode":"40230","city":"糸島市","lat":33.5395833,"lon":130.259375,"areaKm2":0.2682518,"populated2020":true,"population2020":95.959,"populationNote":"2020年基準の国交省調整値"},"geometry":{"type":"Polygon","coordinates":[[[130.25625,33.53750000000001],[130.25625,33.541666666666664],[130.2625,33.54166666666667],[130.2625,33.5375],[130.25625,33.53750000000001]]]}},{"type":"Feature","id":"40230:503022413","properties":{"id":"40230:503022413","meshCode":"503022413","cityCode":"40230","city":"糸島市","lat":33.5395833,"lon":130.265625,"areaKm2":0.2682512,"populated2020":true,"population2020":68.2364,"populationNote":"2020年基準の国交省調整値"},"geometry":{"type":"Polygon","coordinates":[[[130.2625,33.5375],[130.2625,33.54166666666667],[130.26875,33.541666666666664],[130.26875,33.537499999999994],[130.2625,33.5375]]]}},{"type":"Feature","id":"40230:503022414","properties":{"id":"40230:503022414","meshCode":"503022414","cityCode":"40230","city":"糸島市","lat":33.5395833,"lon":130.271875,"areaKm2":0.2682507,"populated2020":true,"population2020":10.8625,"populationNote":"2020年基準の国交省調整値"},"geometry":{"type":"Polygon","coordinates":[[[130.26875,33.537499999999994],[130.26875,33.541666666666664],[130.275,33.541666666666664],[130.275,33.53750000000001],[130.26875,33.537499999999994]]]}},{"type":"Feature","id":"40230:503022423","properties":{"id":"40230:503022423","meshCode":"503022423","cityCode":"40230","city":"糸島市","lat":33.5395833,"lon":130.278125,"areaKm2":0.2676188,"populated2020":false,"population2020":null,"populationNote":"境界またぎ・原典収録外のため自治体内人口は未集計"},"geometry":{"type":"Polygon","coordinates":[[[130.28125,33.541377760562796],[130.28125,33.5375],[130.275,33.53750000000001],[130.275,33.541666666666664],[130.28082586348935,33.54166666666667],[130.28125,33.541377760562796]]]}},{"type":"Feature","id":"40230:503022424","properties":{"id":"40230:503022424","meshCode":"503022424","cityCode":"40230","city":"糸島市","lat":33.5394307,"lon":130.282659,"areaKm2":0.1558372,"populated2020":false,"population2020":null,"populationNote":"境界またぎ・原典収録外のため自治体内人口は未集計"},"geometry":{"type":"Polygon","coordinates":[[[130.28125,33.541377760562796],[130.281991388,33.540752225],[130.28270166,33.540370829],[130.283990558,33.53944694599999],[130.284569728,33.539382225000004],[130.285723891,33.539576108],[130.286356939,33.539482495],[130.286939728,33.54007694599999],[130.2875,33.5394837276268],[130.2875,33.5375],[130.28125,33.5375],[130.28125,33.541377760562796]]]}},{"type":"Feature","id":"40230:503022433","properties":{"id":"40230:503022433","meshCode":"503022433","cityCode":"40230","city":"糸島市","lat":33.5384482,"lon":130.2881741,"areaKm2":0.0218632,"populated2020":false,"population2020":null,"populationNote":"境界またぎ・原典収録外のため自治体内人口は未集計"},"geometry":{"type":"Polygon","coordinates":[[[130.2875,33.5394837276268],[130.288894449,33.53839],[130.288998885,33.538176667],[130.28903166,33.53778555899999],[130.28888302990887,33.5375],[130.2875,33.5375],[130.2875,33.5394837276268]]]}},{"type":"Feature","id":"40230:503021521","properties":{"id":"40230:503021521","meshCode":"503021521","cityCode":"40230","city":"糸島市","lat":33.5426974,"lon":130.1554304,"areaKm2":0.0283645,"populated2020":true,"population2020":0.9924,"populationNote":"2020年基準の国交省調整値"},"geometry":{"type":"Polygon","coordinates":[[[130.154781219,33.54166666700001],[130.154684034,33.542490721],[130.154577004,33.54274344099999],[130.153985305,33.542822198],[130.15374968900002,33.542936694],[130.153619857,33.543109748],[130.15378557700004,33.54321916199999],[130.153890143,33.543682892],[130.15394642,33.543620053999994],[130.153849857,33.54319877500001],[130.15421642,33.54316225200001],[130.154275473,33.543379306000006],[130.154274423,33.54308916200001],[130.154867613,33.542866162],[130.155039883,33.542899],[130.15625,33.543715930468],[130.15625,33.541666666666664],[130.154781219,33.54166666700001]]]}},{"type":"Feature","id":"40230:503021522","properties":{"id":"40230:503021522","meshCode":"503021522","cityCode":"40230","city":"糸島市","lat":33.54375,"lon":130.159375,"areaKm2":0.2218447,"populated2020":true,"population2020":119.5789,"populationNote":"2020年基準の国交省調整値"},"geometry":{"type":"MultiPolygon","coordinates":[[[[130.156872412,33.543987414],[130.156892633,33.544035359999995],[130.156911894,33.54399094600001],[130.156872412,33.543987414]]],[[[130.156994423,33.54403019800001],[130.157014527,33.544024279],[130.156991751,33.544018441],[130.156994423,33.54403019800001]]],[[[130.156944189,33.544047865],[130.156905525,33.54403705400001],[130.156890532,33.54408430600001],[130.156944189,33.544047865]]],[[[130.156986887,33.54415246799999],[130.156954669,33.544166973],[130.15698144,33.544171198],[130.156986887,33.54415246799999]]],[[[130.156809637,33.544165613],[130.156753307,33.544199495000015],[130.156765966,33.54421564],[130.156809637,33.544165613]]],[[[130.15628869,33.54373377500001],[130.157016978,33.54399391900001],[130.157048716,33.544116387],[130.157452581,33.544210107999994],[130.157612049,33.544352306],[130.157757173,33.544345279],[130.157904994,33.544469162],[130.157953307,33.54442746800001],[130.158079053,33.544653748],[130.158258223,33.544576441],[130.158251245,33.544460973],[130.158448612,33.544419135000005],[130.158839105,33.544501667],[130.15900358,33.544674],[130.159099222,33.544973000000006],[130.159137639,33.545330054],[130.15905736453777,33.545833333333334],[130.1625,33.545833333333334],[130.1625,33.541666666666664],[130.15625,33.541666666666664],[130.15628869,33.54373377500001]]]]}},{"type":"Feature","id":"40230:503021531","properties":{"id":"40230:503021531","meshCode":"503021531","cityCode":"40230","city":"糸島市","lat":33.54375,"lon":130.165625,"areaKm2":0.2682475,"populated2020":true,"population2020":468.2583,"populationNote":"2020年基準の国交省調整値"},"geometry":{"type":"Polygon","coordinates":[[[130.1625,33.541666666666664],[130.1625,33.545833333333334],[130.16875,33.54583333333334],[130.16875,33.541666666666664],[130.1625,33.541666666666664]]]}},{"type":"Feature","id":"40230:503021532","properties":{"id":"40230:503021532","meshCode":"503021532","cityCode":"40230","city":"糸島市","lat":33.54375,"lon":130.171875,"areaKm2":0.2682469,"populated2020":true,"population2020":1006.6291,"populationNote":"2020年基準の国交省調整値"},"geometry":{"type":"Polygon","coordinates":[[[130.16875,33.541666666666664],[130.16875,33.54583333333334],[130.175,33.545833333333334],[130.175,33.541666666666664],[130.16875,33.541666666666664]]]}},{"type":"Feature","id":"40230:503021541","properties":{"id":"40230:503021541","meshCode":"503021541","cityCode":"40230","city":"糸島市","lat":33.54375,"lon":130.178125,"areaKm2":0.2682463,"populated2020":true,"population2020":650.7013,"populationNote":"2020年基準の国交省調整値"},"geometry":{"type":"Polygon","coordinates":[[[130.175,33.541666666666664],[130.175,33.545833333333334],[130.18125,33.545833333333334],[130.18125,33.541666666666664],[130.175,33.541666666666664]]]}},{"type":"Feature","id":"40230:503021542","properties":{"id":"40230:503021542","meshCode":"503021542","cityCode":"40230","city":"糸島市","lat":33.54375,"lon":130.184375,"areaKm2":0.2682457,"populated2020":false,"population2020":null,"populationNote":"境界またぎ・原典収録外のため自治体内人口は未集計"},"geometry":{"type":"Polygon","coordinates":[[[130.18125,33.541666666666664],[130.18125,33.545833333333334],[130.1875,33.54583333333334],[130.1875,33.54166666666667],[130.18125,33.541666666666664]]]}},{"type":"Feature","id":"40230:503021551","properties":{"id":"40230:503021551","meshCode":"503021551","cityCode":"40230","city":"糸島市","lat":33.54375,"lon":130.190625,"areaKm2":0.2682451,"populated2020":true,"population2020":53.3959,"populationNote":"2020年基準の国交省調整値"},"geometry":{"type":"Polygon","coordinates":[[[130.1875,33.54166666666667],[130.1875,33.54583333333334],[130.19375,33.545833333333334],[130.19375,33.54166666666667],[130.1875,33.54166666666667]]]}},{"type":"Feature","id":"40230:503021552","properties":{"id":"40230:503021552","meshCode":"503021552","cityCode":"40230","city":"糸島市","lat":33.54375,"lon":130.196875,"areaKm2":0.2682446,"populated2020":true,"population2020":186.8533,"populationNote":"2020年基準の国交省調整値"},"geometry":{"type":"Polygon","coordinates":[[[130.19375,33.54166666666667],[130.19375,33.545833333333334],[130.2,33.545833333333334],[130.2,33.541666666666664],[130.19375,33.54166666666667]]]}},{"type":"Feature","id":"40230:503021561","properties":{"id":"40230:503021561","meshCode":"503021561","cityCode":"40230","city":"糸島市","lat":33.54375,"lon":130.203125,"areaKm2":0.268244,"populated2020":true,"population2020":20.7153,"populationNote":"2020年基準の国交省調整値"},"geometry":{"type":"Polygon","coordinates":[[[130.2,33.541666666666664],[130.2,33.545833333333334],[130.20625,33.545833333333334],[130.20625,33.54166666666667],[130.2,33.541666666666664]]]}},{"type":"Feature","id":"40230:503021562","properties":{"id":"40230:503021562","meshCode":"503021562","cityCode":"40230","city":"糸島市","lat":33.54375,"lon":130.209375,"areaKm2":0.2682434,"populated2020":true,"population2020":180.6338,"populationNote":"2020年基準の国交省調整値"},"geometry":{"type":"Polygon","coordinates":[[[130.20625,33.54166666666667],[130.20625,33.545833333333334],[130.2125,33.545833333333334],[130.2125,33.54166666666667],[130.20625,33.54166666666667]]]}},{"type":"Feature","id":"40230:503021571","properties":{"id":"40230:503021571","meshCode":"503021571","cityCode":"40230","city":"糸島市","lat":33.54375,"lon":130.215625,"areaKm2":0.2682429,"populated2020":true,"population2020":467.0278,"populationNote":"2020年基準の国交省調整値"},"geometry":{"type":"Polygon","coordinates":[[[130.2125,33.54166666666667],[130.2125,33.545833333333334],[130.21875,33.545833333333334],[130.21875,33.54166666666667],[130.2125,33.54166666666667]]]}},{"type":"Feature","id":"40230:503021572","properties":{"id":"40230:503021572","meshCode":"503021572","cityCode":"40230","city":"糸島市","lat":33.54375,"lon":130.221875,"areaKm2":0.2682423,"populated2020":true,"population2020":212.3871,"populationNote":"2020年基準の国交省調整値"},"geometry":{"type":"Polygon","coordinates":[[[130.21875,33.54166666666667],[130.21875,33.545833333333334],[130.225,33.54583333333334],[130.225,33.541666666666664],[130.21875,33.54166666666667]]]}},{"type":"Feature","id":"40230:503021581","properties":{"id":"40230:503021581","meshCode":"503021581","cityCode":"40230","city":"糸島市","lat":33.54375,"lon":130.228125,"areaKm2":0.2682418,"populated2020":true,"population2020":324.1576,"populationNote":"2020年基準の国交省調整値"},"geometry":{"type":"Polygon","coordinates":[[[130.225,33.541666666666664],[130.225,33.54583333333334],[130.23125,33.545833333333334],[130.23125,33.54166666666667],[130.225,33.541666666666664]]]}},{"type":"Feature","id":"40230:503021582","properties":{"id":"40230:503021582","meshCode":"503021582","cityCode":"40230","city":"糸島市","lat":33.54375,"lon":130.234375,"areaKm2":0.2682412,"populated2020":true,"population2020":217.4133,"populationNote":"2020年基準の国交省調整値"},"geometry":{"type":"Polygon","coordinates":[[[130.23125,33.54166666666667],[130.23125,33.545833333333334],[130.2375,33.54583333333334],[130.2375,33.541666666666664],[130.23125,33.54166666666667]]]}},{"type":"Feature","id":"40230:503021591","properties":{"id":"40230:503021591","meshCode":"503021591","cityCode":"40230","city":"糸島市","lat":33.54375,"lon":130.240625,"areaKm2":0.2682407,"populated2020":true,"population2020":24.6738,"populationNote":"2020年基準の国交省調整値"},"geometry":{"type":"Polygon","coordinates":[[[130.2375,33.541666666666664],[130.2375,33.54583333333334],[130.24375,33.545833333333334],[130.24375,33.54166666666667],[130.2375,33.541666666666664]]]}},{"type":"Feature","id":"40230:503021592","properties":{"id":"40230:503021592","meshCode":"503021592","cityCode":"40230","city":"糸島市","lat":33.54375,"lon":130.246875,"areaKm2":0.2682401,"populated2020":true,"population2020":128.5543,"populationNote":"2020年基準の国交省調整値"},"geometry":{"type":"Polygon","coordinates":[[[130.24375,33.54166666666667],[130.24375,33.545833333333334],[130.25000000000003,33.545833333333334],[130.25000000000003,33.54166666666667],[130.24375,33.54166666666667]]]}},{"type":"Feature","id":"40230:503022501","properties":{"id":"40230:503022501","meshCode":"503022501","cityCode":"40230","city":"糸島市","lat":33.54375,"lon":130.253125,"areaKm2":0.2682396,"populated2020":true,"population2020":401.2929,"populationNote":"2020年基準の国交省調整値"},"geometry":{"type":"Polygon","coordinates":[[[130.25000000000003,33.54166666666667],[130.25000000000003,33.545833333333334],[130.25625,33.545833333333334],[130.25625,33.541666666666664],[130.25000000000003,33.54166666666667]]]}},{"type":"Feature","id":"40230:503022502","properties":{"id":"40230:503022502","meshCode":"503022502","cityCode":"40230","city":"糸島市","lat":33.54375,"lon":130.259375,"areaKm2":0.2682391,"populated2020":true,"population2020":73.1425,"populationNote":"2020年基準の国交省調整値"},"geometry":{"type":"Polygon","coordinates":[[[130.25625,33.541666666666664],[130.25625,33.545833333333334],[130.2625,33.545833333333334],[130.2625,33.54166666666667],[130.25625,33.541666666666664]]]}},{"type":"Feature","id":"40230:503022511","properties":{"id":"40230:503022511","meshCode":"503022511","cityCode":"40230","city":"糸島市","lat":33.54375,"lon":130.265625,"areaKm2":0.2682385,"populated2020":false,"population2020":null,"populationNote":"境界またぎ・原典収録外のため自治体内人口は未集計"},"geometry":{"type":"Polygon","coordinates":[[[130.2625,33.54166666666667],[130.2625,33.545833333333334],[130.26875,33.545833333333334],[130.26875,33.541666666666664],[130.2625,33.54166666666667]]]}},{"type":"Feature","id":"40230:503022512","properties":{"id":"40230:503022512","meshCode":"503022512","cityCode":"40230","city":"糸島市","lat":33.54375,"lon":130.271875,"areaKm2":0.2628911,"populated2020":false,"population2020":null,"populationNote":"境界またぎ・原典収録外のため自治体内人口は未集計"},"geometry":{"type":"Polygon","coordinates":[[[130.273666667,33.545791946000016],[130.275,33.545095306],[130.275,33.541666666666664],[130.26875,33.541666666666664],[130.26875,33.545833333333334],[130.273666667,33.545791946000016]]]}},{"type":"Feature","id":"40230:503022521","properties":{"id":"40230:503022521","meshCode":"503022521","cityCode":"40230","city":"糸島市","lat":33.5435843,"lon":130.2765569,"areaKm2":0.1129213,"populated2020":false,"population2020":null,"populationNote":"境界またぎ・原典収録外のため自治体内人口は未集計"},"geometry":{"type":"Polygon","coordinates":[[[130.275,33.545095306],[130.275678885,33.544662775000006],[130.276311946,33.544518333],[130.277580558,33.54402749500001],[130.278573061,33.543235829],[130.278991388,33.543186387],[130.279243061,33.54258138699999],[130.279358612,33.542471387],[130.28082586348935,33.54166666666667],[130.275,33.541666666666664],[130.275,33.545095306]]]}},{"type":"Feature","id":"40230:503020593","properties":{"id":"40230:503020593","meshCode":"503020593","cityCode":"40230","city":"糸島市","lat":33.5483614,"lon":130.1174669,"areaKm2":0.0730737,"populated2020":false,"population2020":null,"populationNote":"境界またぎ・原典収録外のため自治体内人口は未集計"},"geometry":{"type":"MultiPolygon","coordinates":[[[[130.115616719,33.54645261300001],[130.115415668,33.546211801999995],[130.11545839200002,33.546097586],[130.115301946,33.545989081],[130.115015914,33.546057468],[130.115113281,33.546245053999996],[130.115275162,33.546251999999996],[130.115267808,33.546328495],[130.115500169,33.546329441],[130.115529857,33.546449748],[130.115570415,33.546398468],[130.115616719,33.54645261300001]]],[[[130.115717639,33.546535387],[130.115720117,33.546578586],[130.115763891,33.546581333000006],[130.115717639,33.546535387]]],[[[130.115543891,33.546562918999996],[130.115511725,33.546633919],[130.115574358,33.54663572100001],[130.115543891,33.546562918999996]]],[[[130.115877756,33.546662586],[130.11587763900002,33.546716135000004],[130.115900532,33.54671072099999],[130.115877756,33.546662586]]],[[[130.115777082,33.54676555900001],[130.115709196,33.546770386999995],[130.11582061,33.546816531999994],[130.115777082,33.54676555900001]]],[[[130.116775279,33.546966973],[130.116809922,33.54695938700001],[130.116786446,33.546950026999994],[130.116775279,33.546966973]]],[[[130.117714034,33.54721136],[130.117691362,33.547196495],[130.117695694,33.54721564],[130.117714034,33.54721136]]],[[[130.11615192,33.54847936],[130.116149364,33.548444468],[130.116131751,33.54847336],[130.11615192,33.54847936]]],[[[130.115809922,33.549485694],[130.115791141,33.549446892],[130.115784475,33.549486775],[130.115809922,33.549485694]]],[[[130.115422438,33.549602586000006],[130.115449857,33.549585081000004],[130.115423748,33.54957958599999],[130.115422438,33.549602586000006]]],[[[130.115156394,33.549716973],[130.115204747,33.549695252],[130.115174812,33.549684829],[130.115156394,33.549716973]]],[[[130.117739468,33.547271667],[130.117757951,33.547244468],[130.117737834,33.547243802000004],[130.117739468,33.547271667]]],[[[130.117997198,33.54743777499999],[130.118024137,33.54742491900001],[130.117989611,33.547420775],[130.117997198,33.54743777499999]]],[[[130.11811808,33.547484],[130.118114449,33.547450081],[130.118104423,33.547482829],[130.11811808,33.547484]]],[[[130.118542192,33.547574829000006],[130.118534501,33.54755622500001],[130.11852644600003,33.547575892],[130.118542192,33.547574829000006]]],[[[130.118739416,33.547938081000005],[130.118123917,33.547493973],[130.117584475,33.547330613],[130.117502088,33.547226333],[130.117203722,33.547285973],[130.11669192,33.547042829],[130.11649177700002,33.546838],[130.116342283,33.546875441],[130.116287613,33.546796054],[130.115950311,33.546747945999996],[130.115876135,33.54693794599999],[130.116051167,33.547111495],[130.116242166,33.54770746799999],[130.116222114,33.547868640000004],[130.116074332,33.547892559],[130.116217328,33.547945162000005],[130.116135551,33.54826736],[130.116805032,33.548964532000014],[130.116779027,33.54918036000001],[130.116597588,33.54944677500001],[130.11566786000003,33.549528225],[130.115470999,33.549634919],[130.11535489,33.549606333],[130.115374994,33.549682387],[130.115191245,33.54978313499999],[130.11507255500004,33.549764892],[130.11504214,33.549896586],[130.114835473,33.54999999999999],[130.11875,33.55],[130.118739416,33.547938081000005]]]]}},{"type":"Feature","id":"40230:503020594","properties":{"id":"40230:503020594","meshCode":"503020594","cityCode":"40230","city":"糸島市","lat":33.5488354,"lon":130.1197065,"areaKm2":0.0410271,"populated2020":false,"population2020":null,"populationNote":"境界またぎ・原典収録外のため自治体内人口は未集計"},"geometry":{"type":"MultiPolygon","coordinates":[[[[130.119772438,33.547519946],[130.119745279,33.547503332999995],[130.119748885,33.54752958600001],[130.119772438,33.547519946]]],[[[130.119687782,33.547502919],[130.119705136,33.547532532],[130.119710467,33.54752544099999],[130.119687782,33.547502919]]],[[[130.119551089,33.547540198],[130.119533645,33.547518252],[130.119510026,33.547532225],[130.119551089,33.547540198]]],[[[130.120092892,33.547597135],[130.12011917,33.547585774999995],[130.120102892,33.54757800000002],[130.120092892,33.547597135]]],[[[130.119544994,33.547630829],[130.119526783,33.54762089199999],[130.119527393,33.54763513500001],[130.119544994,33.547630829]]],[[[130.120127004,33.547726414],[130.120138586,33.547741721],[130.120160895,33.547730973],[130.120127004,33.547726414]]],[[[130.11918786,33.547796559],[130.119153671,33.547831829],[130.119197471,33.547812495],[130.11918786,33.547796559]]],[[[130.120161414,33.547827081],[130.120132335,33.547858],[130.120169883,33.547830946],[130.120161414,33.547827081]]],[[[130.119073554,33.547873919000004],[130.11912083,33.547852333],[130.119088885,33.547849414000005],[130.119073554,33.547873919000004]]],[[[130.120357367,33.548022613],[130.120359754,33.548050585999995],[130.120378106,33.548046829],[130.120357367,33.548022613]]],[[[130.120430169,33.548189666999995],[130.12047649800002,33.54819658600001],[130.120432827,33.54818255899999],[130.120430169,33.548189666999995]]],[[[130.12045050600003,33.548245],[130.120472529,33.548272027],[130.120481855,33.548254054],[130.12045050600003,33.548245]]],[[[130.120470467,33.54828236],[130.120504695,33.548317694000005],[130.120544189,33.548286774999994],[130.120470467,33.54828236]]],[[[130.120729339,33.548422162],[130.120759222,33.548426252000006],[130.120745058,33.548411918999996],[130.120729339,33.548422162]]],[[[130.120692555,33.548448586],[130.120698975,33.54846449499999],[130.120706252,33.54844653199999],[130.120692555,33.548448586]]],[[[130.120815914,33.548685775],[130.120817717,33.54863655900001],[130.120798249,33.54863364],[130.120815914,33.548685775]]],[[[130.120710337,33.549977081],[130.120698521,33.54978233300001],[130.120842724,33.549621892],[130.120858586,33.549471135],[130.120631193,33.549274973],[130.120531219,33.54896236],[130.120700804,33.54880316199999],[130.120695084,33.548656081000004],[130.1203307,33.548240973],[130.120306329,33.547999252],[130.11964939,33.547658279],[130.119351582,33.54783397300001],[130.11875,33.54793760415689],[130.11875,33.55],[130.120710337,33.549977081]]]]}},{"type":"Feature","id":"40230:503021513","properties":{"id":"40230:503021513","meshCode":"503021513","cityCode":"40230","city":"糸島市","lat":33.5489497,"lon":130.1420901,"areaKm2":0.0202642,"populated2020":false,"population2020":null,"populationNote":"境界またぎ・原典収録外のため自治体内人口は未集計"},"geometry":{"type":"MultiPolygon","coordinates":[[[[130.141407056,33.54678897299999],[130.141427393,33.546779081],[130.141416783,33.54677236],[130.141407056,33.54678897299999]]],[[[130.14117511,33.546789054],[130.141290636,33.546821162],[130.141306304,33.546806027],[130.14117511,33.546789054]]],[[[130.141362412,33.546825721],[130.141386835,33.546828586],[130.141382672,33.546814387],[130.141362412,33.546825721]]],[[[130.14087391700002,33.54698497300001],[130.140886135,33.54705610799999],[130.140913774,33.547005721],[130.14087391700002,33.54698497300001]]],[[[130.141500584,33.548328441],[130.141623528,33.548353387],[130.141660532,33.54832361300001],[130.141529442,33.548251107999995],[130.141500584,33.548328441]]],[[[130.14320875500002,33.55],[130.143393995,33.54961272100001],[130.14306680900003,33.54942100000001],[130.142598755,33.549294892000006],[130.142484475,33.549134586],[130.142457082,33.54859286500001],[130.142069105,33.54811366700001],[130.142120311,33.548022748],[130.142063865,33.547948441],[130.141871855,33.54790436],[130.141950052,33.548184414],[130.141718301,33.549080667],[130.141249442,33.55],[130.14320875500002,33.55]]]]}},{"type":"Feature","id":"40230:503021524","properties":{"id":"40230:503021524","meshCode":"503021524","cityCode":"40230","city":"糸島市","lat":33.5479167,"lon":130.159375,"areaKm2":0.1115218,"populated2020":true,"population2020":216.4624,"populationNote":"2020年基準の国交省調整値"},"geometry":{"type":"MultiPolygon","coordinates":[[[[130.159052438,33.545843865],[130.158857912,33.546594252],[130.15875655,33.546655251999994],[130.158823191,33.546743414000005],[130.158736005,33.54705155900001],[130.158799364,33.54720246800001],[130.158686589,33.547286],[130.158765577,33.547345613],[130.158664254,33.547768613],[130.15855561600003,33.547834224999995],[130.158645084,33.547889468],[130.158523087,33.548477775],[130.158310882,33.548961694000006],[130.158483606,33.549605918999994],[130.158412529,33.548962108],[130.158669533,33.548356333],[130.158911608,33.54837727900001],[130.158923256,33.548432441],[130.158987523,33.548167252000006],[130.159115447,33.548187864999996],[130.159081634,33.548323135],[130.159324695,33.54836358600001],[130.159288249,33.548512829],[130.159346524,33.548368775],[130.161324501,33.548706613],[130.161179883,33.54929819800001],[130.160975473,33.549301135],[130.161171141,33.54933363999999],[130.161133256,33.549486495000004],[130.161607134,33.549568775],[130.161797004,33.54878589199999],[130.1625,33.54890760969871],[130.1625,33.545833333333334],[130.159052438,33.545843865]]],[[[130.1625,33.54932383011293],[130.162334812,33.55],[130.1625,33.54999999999999],[130.1625,33.54932383011293]]],[[[130.160564617,33.54999999999999],[130.159649196,33.549850162],[130.159092361,33.549681829],[130.159079883,33.549714666999996],[130.15964297,33.549870306],[130.160564617,33.54999999999999]]]]}},{"type":"Feature","id":"40230:503021533","properties":{"id":"40230:503021533","meshCode":"503021533","cityCode":"40230","city":"糸島市","lat":33.5479167,"lon":130.165625,"areaKm2":0.2680249,"populated2020":true,"population2020":951.6377,"populationNote":"2020年基準の国交省調整値"},"geometry":{"type":"Polygon","coordinates":[[[130.16259856,33.54892413500001],[130.1625,33.54932383011293],[130.1625,33.54999999999999],[130.16875,33.55],[130.16875,33.54583333333334],[130.1625,33.545833333333334],[130.1625,33.54890760969871],[130.16259856,33.54892413500001]]]}},{"type":"Feature","id":"40230:503021534","properties":{"id":"40230:503021534","meshCode":"503021534","cityCode":"40230","city":"糸島市","lat":33.5479167,"lon":130.171875,"areaKm2":0.2682342,"populated2020":true,"population2020":610.7732,"populationNote":"2020年基準の国交省調整値"},"geometry":{"type":"Polygon","coordinates":[[[130.16875,33.54583333333334],[130.16875,33.55],[130.175,33.55],[130.175,33.545833333333334],[130.16875,33.54583333333334]]]}},{"type":"Feature","id":"40230:503021543","properties":{"id":"40230:503021543","meshCode":"503021543","cityCode":"40230","city":"糸島市","lat":33.5479167,"lon":130.178125,"areaKm2":0.2682336,"populated2020":true,"population2020":1130.0729,"populationNote":"2020年基準の国交省調整値"},"geometry":{"type":"Polygon","coordinates":[[[130.175,33.545833333333334],[130.175,33.55],[130.18125,33.55],[130.18125,33.545833333333334],[130.175,33.545833333333334]]]}},{"type":"Feature","id":"40230:503021544","properties":{"id":"40230:503021544","meshCode":"503021544","cityCode":"40230","city":"糸島市","lat":33.5479167,"lon":130.184375,"areaKm2":0.268233,"populated2020":true,"population2020":1514.6923,"populationNote":"2020年基準の国交省調整値"},"geometry":{"type":"Polygon","coordinates":[[[130.18125,33.545833333333334],[130.18125,33.55],[130.1875,33.55],[130.1875,33.54583333333334],[130.18125,33.545833333333334]]]}},{"type":"Feature","id":"40230:503021553","properties":{"id":"40230:503021553","meshCode":"503021553","cityCode":"40230","city":"糸島市","lat":33.5479167,"lon":130.190625,"areaKm2":0.2682325,"populated2020":true,"population2020":1260.456,"populationNote":"2020年基準の国交省調整値"},"geometry":{"type":"Polygon","coordinates":[[[130.1875,33.54583333333334],[130.1875,33.55],[130.19375,33.550000000000004],[130.19375,33.545833333333334],[130.1875,33.54583333333334]]]}},{"type":"Feature","id":"40230:503021554","properties":{"id":"40230:503021554","meshCode":"503021554","cityCode":"40230","city":"糸島市","lat":33.5479167,"lon":130.196875,"areaKm2":0.2682319,"populated2020":true,"population2020":1291.0095,"populationNote":"2020年基準の国交省調整値"},"geometry":{"type":"Polygon","coordinates":[[[130.19375,33.545833333333334],[130.19375,33.550000000000004],[130.2,33.54999999999999],[130.2,33.545833333333334],[130.19375,33.545833333333334]]]}},{"type":"Feature","id":"40230:503021563","properties":{"id":"40230:503021563","meshCode":"503021563","cityCode":"40230","city":"糸島市","lat":33.5479167,"lon":130.203125,"areaKm2":0.2682313,"populated2020":true,"population2020":461.7381,"populationNote":"2020年基準の国交省調整値"},"geometry":{"type":"Polygon","coordinates":[[[130.2,33.545833333333334],[130.2,33.54999999999999],[130.20625,33.55],[130.20625,33.545833333333334],[130.2,33.545833333333334]]]}},{"type":"Feature","id":"40230:503021564","properties":{"id":"40230:503021564","meshCode":"503021564","cityCode":"40230","city":"糸島市","lat":33.5479167,"lon":130.209375,"areaKm2":0.2682307,"populated2020":true,"population2020":1305.9468,"populationNote":"2020年基準の国交省調整値"},"geometry":{"type":"Polygon","coordinates":[[[130.20625,33.545833333333334],[130.20625,33.55],[130.2125,33.54999999999999],[130.2125,33.545833333333334],[130.20625,33.545833333333334]]]}},{"type":"Feature","id":"40230:503021573","properties":{"id":"40230:503021573","meshCode":"503021573","cityCode":"40230","city":"糸島市","lat":33.5479167,"lon":130.215625,"areaKm2":0.2682302,"populated2020":true,"population2020":578.4236,"populationNote":"2020年基準の国交省調整値"},"geometry":{"type":"Polygon","coordinates":[[[130.2125,33.545833333333334],[130.2125,33.54999999999999],[130.21875,33.54999999999999],[130.21875,33.545833333333334],[130.2125,33.545833333333334]]]}},{"type":"Feature","id":"40230:503021574","properties":{"id":"40230:503021574","meshCode":"503021574","cityCode":"40230","city":"糸島市","lat":33.5479167,"lon":130.221875,"areaKm2":0.2682296,"populated2020":true,"population2020":2.9368,"populationNote":"2020年基準の国交省調整値"},"geometry":{"type":"Polygon","coordinates":[[[130.21875,33.545833333333334],[130.21875,33.54999999999999],[130.225,33.55],[130.225,33.54583333333334],[130.21875,33.545833333333334]]]}},{"type":"Feature","id":"40230:503021583","properties":{"id":"40230:503021583","meshCode":"503021583","cityCode":"40230","city":"糸島市","lat":33.5479167,"lon":130.228125,"areaKm2":0.2682291,"populated2020":true,"population2020":6.9296,"populationNote":"2020年基準の国交省調整値"},"geometry":{"type":"Polygon","coordinates":[[[130.225,33.54583333333334],[130.225,33.55],[130.23125,33.54999999999999],[130.23125,33.545833333333334],[130.225,33.54583333333334]]]}},{"type":"Feature","id":"40230:503021584","properties":{"id":"40230:503021584","meshCode":"503021584","cityCode":"40230","city":"糸島市","lat":33.5479167,"lon":130.234375,"areaKm2":0.2682285,"populated2020":true,"population2020":60.353,"populationNote":"2020年基準の国交省調整値"},"geometry":{"type":"Polygon","coordinates":[[[130.23125,33.545833333333334],[130.23125,33.54999999999999],[130.2375,33.55],[130.2375,33.54583333333334],[130.23125,33.545833333333334]]]}},{"type":"Feature","id":"40230:503021593","properties":{"id":"40230:503021593","meshCode":"503021593","cityCode":"40230","city":"糸島市","lat":33.5479167,"lon":130.240625,"areaKm2":0.268228,"populated2020":true,"population2020":94.9282,"populationNote":"2020年基準の国交省調整値"},"geometry":{"type":"Polygon","coordinates":[[[130.2375,33.54583333333334],[130.2375,33.55],[130.24375,33.55],[130.24375,33.545833333333334],[130.2375,33.54583333333334]]]}},{"type":"Feature","id":"40230:503021594","properties":{"id":"40230:503021594","meshCode":"503021594","cityCode":"40230","city":"糸島市","lat":33.5479167,"lon":130.246875,"areaKm2":0.2682274,"populated2020":true,"population2020":126.5853,"populationNote":"2020年基準の国交省調整値"},"geometry":{"type":"Polygon","coordinates":[[[130.24375,33.545833333333334],[130.24375,33.55],[130.25000000000003,33.55],[130.25000000000003,33.545833333333334],[130.24375,33.545833333333334]]]}},{"type":"Feature","id":"40230:503022503","properties":{"id":"40230:503022503","meshCode":"503022503","cityCode":"40230","city":"糸島市","lat":33.5479167,"lon":130.253125,"areaKm2":0.2682269,"populated2020":true,"population2020":51.4783,"populationNote":"2020年基準の国交省調整値"},"geometry":{"type":"Polygon","coordinates":[[[130.25000000000003,33.545833333333334],[130.25000000000003,33.55],[130.25625,33.55],[130.25625,33.545833333333334],[130.25000000000003,33.545833333333334]]]}},{"type":"Feature","id":"40230:503022504","properties":{"id":"40230:503022504","meshCode":"503022504","cityCode":"40230","city":"糸島市","lat":33.5479167,"lon":130.259375,"areaKm2":0.2682264,"populated2020":true,"population2020":7.8897,"populationNote":"2020年基準の国交省調整値"},"geometry":{"type":"Polygon","coordinates":[[[130.25625,33.545833333333334],[130.25625,33.55],[130.2625,33.54999999999999],[130.2625,33.545833333333334],[130.25625,33.545833333333334]]]}},{"type":"Feature","id":"40230:503022513","properties":{"id":"40230:503022513","meshCode":"503022513","cityCode":"40230","city":"糸島市","lat":33.5479167,"lon":130.265625,"areaKm2":0.2471355,"populated2020":false,"population2020":null,"populationNote":"境界またぎ・原典収録外のため自治体内人口は未集計"},"geometry":{"type":"Polygon","coordinates":[[[130.266446887,33.55],[130.266652218,33.549867225],[130.266957497,33.549458892000004],[130.267226109,33.549248333],[130.268041388,33.548889441],[130.268637497,33.548452775],[130.26875,33.54804290717608],[130.26875,33.545833333333334],[130.2625,33.545833333333334],[130.2625,33.54999999999999],[130.266446887,33.55]]]}},{"type":"Feature","id":"40230:503022514","properties":{"id":"40230:503022514","meshCode":"503022514","cityCode":"40230","city":"糸島市","lat":33.546979,"lon":130.2699616,"areaKm2":0.0439303,"populated2020":false,"population2020":null,"populationNote":"境界またぎ・原典収録外のため自治体内人口は未集計"},"geometry":{"type":"Polygon","coordinates":[[[130.268984721,33.547792775000005],[130.269898612,33.547178054],[130.270578054,33.54708333300001],[130.270878612,33.54721527899999],[130.271095279,33.547145],[130.271437782,33.546415278999994],[130.271733333,33.546093613],[130.272250558,33.545953333],[130.27319888500003,33.546006946],[130.27359211309323,33.545833333333334],[130.26875,33.545833333333334],[130.26875,33.54804290717608],[130.268984721,33.547792775000005]]]}},{"type":"Feature","id":"40230:503020691","properties":{"id":"40230:503020691","meshCode":"503020691","cityCode":"40230","city":"糸島市","lat":33.552086,"lon":130.1181545,"areaKm2":0.0743848,"populated2020":false,"population2020":null,"populationNote":"境界またぎ・原典収録外のため自治体内人口は未集計"},"geometry":{"type":"MultiPolygon","coordinates":[[[[130.114659611,33.55007733299999],[130.114613113,33.550151027000005],[130.114715032,33.550113973],[130.114659611,33.55007733299999]]],[[[130.115713191,33.550627387],[130.115727004,33.55059349500001],[130.115702776,33.550604946],[130.115713191,33.550627387]]],[[[130.116428716,33.55074844100001],[130.116399364,33.550745721],[130.116402555,33.550759892],[130.116428716,33.55074844100001]]],[[[130.116956719,33.552398802],[130.11702166,33.552501586],[130.117113217,33.552405586000006],[130.117063774,33.552354748000006],[130.116956719,33.552398802]]],[[[130.11707572,33.552956865000006],[130.117054137,33.55297374800001],[130.117074358,33.552975414],[130.11707572,33.552956865000006]]],[[[130.1172562,33.553096468],[130.117263891,33.553123829],[130.117270506,33.55311999999999],[130.1172562,33.553096468]]],[[[130.117181634,33.553396279],[130.117166031,33.553375613],[130.117177717,33.553399586],[130.117181634,33.553396279]]],[[[130.117034747,33.55359800000001],[130.117077198,33.55359586499999],[130.117039442,33.553570081000004],[130.117034747,33.55359800000001]]],[[[130.114812503,33.55001694600001],[130.114824617,33.550138829],[130.114648327,33.550171306],[130.11463345,33.55034177500001],[130.115604228,33.550479],[130.115802996,33.550595748],[130.115842477,33.55070610800001],[130.115968521,33.55070036],[130.115996304,33.550808027],[130.116718638,33.550490667],[130.117110026,33.550697135],[130.117483839,33.55127686499999],[130.117595966,33.55181377499999],[130.117534773,33.55214505399999],[130.11734166,33.552390081],[130.117234695,33.552374532],[130.11727489000003,33.552464802],[130.117125253,33.55254544100001],[130.117094838,33.55268741399999],[130.117183774,33.55268786500001],[130.117323917,33.55251664],[130.117518807,33.552688162],[130.117603022,33.552909306],[130.11757856,33.553039532],[130.11737,33.55317436],[130.117396693,33.553236946000006],[130.117140999,33.553560892],[130.11707594,33.553953721],[130.11703297,33.553836108000006],[130.1169262,33.553946892],[130.11705511,33.553989081000005],[130.117047497,33.554081198000006],[130.117194527,33.554078279],[130.11728906724684,33.55416666666667],[130.11875,33.55416666666667],[130.11875,33.55],[130.114812503,33.55001694600001]]]]}},{"type":"Feature","id":"40230:503020692","properties":{"id":"40230:503020692","meshCode":"503020692","cityCode":"40230","city":"糸島市","lat":33.5520833,"lon":130.121875,"areaKm2":0.159869,"populated2020":false,"population2020":null,"populationNote":"境界またぎ・原典収録外のため自治体内人口は未集計"},"geometry":{"type":"MultiPolygon","coordinates":[[[[130.121601219,33.550935468],[130.121625863,33.550946279],[130.121623385,33.550936332999996],[130.121601219,33.550935468]]],[[[130.122309559,33.551404387],[130.12235642,33.551403081],[130.122307523,33.55140166700001],[130.122309559,33.551404387]]],[[[130.122263865,33.551439135],[130.122269857,33.551465775],[130.122282724,33.551448829],[130.122263865,33.551439135]]],[[[130.122232776,33.551500775],[130.122206641,33.551443694],[130.122168638,33.551433495000005],[130.122232776,33.551500775]]],[[[130.122340999,33.551575387],[130.122357523,33.551613441],[130.122366524,33.551595946],[130.122340999,33.551575387]]],[[[130.122906005,33.552568387],[130.122905188,33.552542775000006],[130.122886887,33.552562414],[130.122906005,33.552568387]]],[[[130.123026524,33.552769414],[130.123076057,33.552781135],[130.123047834,33.552750721],[130.123026524,33.552769414]]],[[[130.12499786,33.553644162],[130.123969754,33.553932919],[130.123328716,33.55360766700001],[130.122388327,33.552005441],[130.122186978,33.551492775],[130.121972581,33.55125700000001],[130.121667173,33.551121386999995],[130.121528249,33.550941721],[130.121576329,33.550893198],[130.121236278,33.55072064],[130.121182802,33.550609251999994],[130.121322724,33.550521333000006],[130.121123671,33.550527865],[130.120870947,33.550303198],[130.120714137,33.55],[130.11875,33.55],[130.11875,33.55416666666667],[130.125,33.55416666666667],[130.12499786,33.553644162]]]]}},{"type":"Feature","id":"40230:503021601","properties":{"id":"40230:503021601","meshCode":"503021601","cityCode":"40230","city":"糸島市","lat":33.5541223,"lon":130.1256432,"areaKm2":0.0033354,"populated2020":false,"population2020":null,"populationNote":"境界またぎ・原典収録外のため自治体内人口は未集計"},"geometry":{"type":"MultiPolygon","coordinates":[[[[130.13024535474835,33.55416666666666],[130.130211958,33.55408322499999],[130.129338885,33.553722649],[130.129315084,33.553765586000004],[130.13018716144308,33.55416666666666],[130.13024535474835,33.55416666666666]]],[[[130.125713839,33.554077865000004],[130.12539510692577,33.55416666666667],[130.1257499338558,33.554166666666674],[130.125713839,33.554077865000004]]],[[[130.1252728950098,33.55416666666666],[130.125074916,33.553669973000005],[130.128965422,33.55255203600001],[130.125,33.553643694],[130.125,33.55416666666667],[130.1252728950098,33.55416666666666]]]]}},{"type":"Feature","id":"40230:503021611","properties":{"id":"40230:503021611","meshCode":"503021611","cityCode":"40230","city":"糸島市","lat":33.5520833,"lon":130.140625,"areaKm2":0.1697689,"populated2020":true,"population2020":42.4958,"populationNote":"2020年基準の国交省調整値"},"geometry":{"type":"Polygon","coordinates":[[[130.143705966,33.55103919799999],[130.143407471,33.550832108],[130.143191971,33.550528387],[130.14313869,33.550199],[130.14320875500002,33.55],[130.141249442,33.55],[130.140787497,33.550709892],[130.140688029,33.55068613500001],[130.140658664,33.55073597300001],[130.140747782,33.550773829],[130.139734747,33.552157748],[130.13773688361968,33.55416666666666],[130.14375,33.55416666666667],[130.143705966,33.55103919799999]]]}},{"type":"Feature","id":"40230:503021612","properties":{"id":"40230:503021612","meshCode":"503021612","cityCode":"40230","city":"糸島市","lat":33.5520833,"lon":130.146875,"areaKm2":0.1386765,"populated2020":true,"population2020":78.1907,"populationNote":"2020年基準の国交省調整値"},"geometry":{"type":"MultiPolygon","coordinates":[[[[130.146557367,33.55131730600001],[130.146612555,33.551342586],[130.146603502,33.55129058599999],[130.146557367,33.55131730600001]]],[[[130.147825694,33.551754225],[130.147824527,33.551698333],[130.147797108,33.551737892000006],[130.147825694,33.551754225]]],[[[130.14975196751098,33.55416666666666],[130.149755863,33.55401891900001],[130.14899131,33.553325441],[130.148520311,33.553034667],[130.148469922,33.552770667],[130.148399831,33.552757748],[130.14847594,33.552760441],[130.148554864,33.552475694],[130.147677834,33.551678829000004],[130.14725131,33.55155697299999],[130.146890143,33.55132564],[130.146003554,33.55145541400001],[130.145403165,33.551459107999996],[130.144295253,33.551290054],[130.14375,33.55105744077971],[130.14375,33.55416666666667],[130.14975196751098,33.55416666666666]]]]}},{"type":"Feature","id":"40230:503021622","properties":{"id":"40230:503021622","meshCode":"503021622","cityCode":"40230","city":"糸島市","lat":33.5501951,"lon":130.1623939,"areaKm2":0.0012048,"populated2020":false,"population2020":null,"populationNote":"境界またぎ・原典収録外のため自治体内人口は未集計"},"geometry":{"type":"Polygon","coordinates":[[[130.162334812,33.55],[130.1622193,33.55029441400001],[130.160925616,33.55005880200001],[130.160435305,33.55],[130.162229105,33.550305306000006],[130.162237393,33.550385694],[130.1625,33.55043248594037],[130.1625,33.54999999999999],[130.162334812,33.55]]]}},{"type":"Feature","id":"40230:503021631","properties":{"id":"40230:503021631","meshCode":"503021631","cityCode":"40230","city":"糸島市","lat":33.5520833,"lon":130.165625,"areaKm2":0.1937914,"populated2020":true,"population2020":141.4098,"populationNote":"2020年基準の国交省調整値"},"geometry":{"type":"Polygon","coordinates":[[[130.162504747,33.550433225],[130.1625807,33.550362333],[130.163968859,33.550598468000004],[130.164710973,33.553088532000004],[130.16473153,33.55355949500001],[130.16491854838418,33.55416666666666],[130.16875,33.55416666666666],[130.16875,33.55],[130.1625,33.54999999999999],[130.162504747,33.550433225]]]}},{"type":"Feature","id":"40230:503021632","properties":{"id":"40230:503021632","meshCode":"503021632","cityCode":"40230","city":"糸島市","lat":33.5520833,"lon":130.171875,"areaKm2":0.2682215,"populated2020":true,"population2020":29.6419,"populationNote":"2020年基準の国交省調整値"},"geometry":{"type":"Polygon","coordinates":[[[130.16875,33.55],[130.16875,33.55416666666666],[130.175,33.55416666666666],[130.175,33.55],[130.16875,33.55]]]}},{"type":"Feature","id":"40230:503021641","properties":{"id":"40230:503021641","meshCode":"503021641","cityCode":"40230","city":"糸島市","lat":33.5520833,"lon":130.178125,"areaKm2":0.2682209,"populated2020":true,"population2020":398.2526,"populationNote":"2020年基準の国交省調整値"},"geometry":{"type":"Polygon","coordinates":[[[130.175,33.55],[130.175,33.55416666666666],[130.18125,33.55416666666666],[130.18125,33.55],[130.175,33.55]]]}},{"type":"Feature","id":"40230:503021642","properties":{"id":"40230:503021642","meshCode":"503021642","cityCode":"40230","city":"糸島市","lat":33.5520833,"lon":130.184375,"areaKm2":0.2682203,"populated2020":true,"population2020":385.7865,"populationNote":"2020年基準の国交省調整値"},"geometry":{"type":"Polygon","coordinates":[[[130.18125,33.55],[130.18125,33.55416666666666],[130.1875,33.55416666666667],[130.1875,33.55],[130.18125,33.55]]]}},{"type":"Feature","id":"40230:503021651","properties":{"id":"40230:503021651","meshCode":"503021651","cityCode":"40230","city":"糸島市","lat":33.5520833,"lon":130.190625,"areaKm2":0.2682198,"populated2020":true,"population2020":1314.6198,"populationNote":"2020年基準の国交省調整値"},"geometry":{"type":"Polygon","coordinates":[[[130.1875,33.55],[130.1875,33.55416666666667],[130.19375,33.55416666666667],[130.19375,33.550000000000004],[130.1875,33.55]]]}},{"type":"Feature","id":"40230:503021652","properties":{"id":"40230:503021652","meshCode":"503021652","cityCode":"40230","city":"糸島市","lat":33.5520833,"lon":130.196875,"areaKm2":0.2682192,"populated2020":true,"population2020":1876.6486,"populationNote":"2020年基準の国交省調整値"},"geometry":{"type":"Polygon","coordinates":[[[130.19375,33.550000000000004],[130.19375,33.55416666666667],[130.2,33.55416666666666],[130.2,33.54999999999999],[130.19375,33.550000000000004]]]}},{"type":"Feature","id":"40230:503021661","properties":{"id":"40230:503021661","meshCode":"503021661","cityCode":"40230","city":"糸島市","lat":33.5520833,"lon":130.203125,"areaKm2":0.2682186,"populated2020":true,"population2020":1677.2073,"populationNote":"2020年基準の国交省調整値"},"geometry":{"type":"Polygon","coordinates":[[[130.2,33.54999999999999],[130.2,33.55416666666666],[130.20625,33.55416666666667],[130.20625,33.55],[130.2,33.54999999999999]]]}},{"type":"Feature","id":"40230:503021662","properties":{"id":"40230:503021662","meshCode":"503021662","cityCode":"40230","city":"糸島市","lat":33.5520833,"lon":130.209375,"areaKm2":0.268218,"populated2020":true,"population2020":1525.7831,"populationNote":"2020年基準の国交省調整値"},"geometry":{"type":"Polygon","coordinates":[[[130.20625,33.55],[130.20625,33.55416666666667],[130.2125,33.55416666666666],[130.2125,33.54999999999999],[130.20625,33.55]]]}},{"type":"Feature","id":"40230:503021671","properties":{"id":"40230:503021671","meshCode":"503021671","cityCode":"40230","city":"糸島市","lat":33.5520833,"lon":130.215625,"areaKm2":0.2682175,"populated2020":true,"population2020":748.5314,"populationNote":"2020年基準の国交省調整値"},"geometry":{"type":"Polygon","coordinates":[[[130.2125,33.54999999999999],[130.2125,33.55416666666666],[130.21875,33.55416666666667],[130.21875,33.54999999999999],[130.2125,33.54999999999999]]]}},{"type":"Feature","id":"40230:503021672","properties":{"id":"40230:503021672","meshCode":"503021672","cityCode":"40230","city":"糸島市","lat":33.5520833,"lon":130.221875,"areaKm2":0.2682169,"populated2020":true,"population2020":49.4516,"populationNote":"2020年基準の国交省調整値"},"geometry":{"type":"Polygon","coordinates":[[[130.21875,33.54999999999999],[130.21875,33.55416666666667],[130.225,33.55416666666667],[130.225,33.55],[130.21875,33.54999999999999]]]}},{"type":"Feature","id":"40230:503021681","properties":{"id":"40230:503021681","meshCode":"503021681","cityCode":"40230","city":"糸島市","lat":33.5520833,"lon":130.228125,"areaKm2":0.2682164,"populated2020":true,"population2020":126.7011,"populationNote":"2020年基準の国交省調整値"},"geometry":{"type":"Polygon","coordinates":[[[130.225,33.55],[130.225,33.55416666666667],[130.23125,33.55416666666666],[130.23125,33.54999999999999],[130.225,33.55]]]}},{"type":"Feature","id":"40230:503021682","properties":{"id":"40230:503021682","meshCode":"503021682","cityCode":"40230","city":"糸島市","lat":33.5520833,"lon":130.234375,"areaKm2":0.2682158,"populated2020":true,"population2020":63.2822,"populationNote":"2020年基準の国交省調整値"},"geometry":{"type":"Polygon","coordinates":[[[130.23125,33.54999999999999],[130.23125,33.55416666666666],[130.2375,33.55416666666666],[130.2375,33.55],[130.23125,33.54999999999999]]]}},{"type":"Feature","id":"40230:503021691","properties":{"id":"40230:503021691","meshCode":"503021691","cityCode":"40230","city":"糸島市","lat":33.5520654,"lon":130.2388434,"areaKm2":0.1913061,"populated2020":false,"population2020":null,"populationNote":"境界またぎ・原典収録外のため自治体内人口は未集計"},"geometry":{"type":"Polygon","coordinates":[[[130.23798166,33.553939721],[130.238738612,33.55246416199999],[130.239539442,33.55272082900001],[130.240431388,33.55172749500001],[130.240904721,33.551894721],[130.241086939,33.551847775000006],[130.241624994,33.552389162],[130.241905279,33.553228333],[130.24290917,33.55353194599999],[130.24267025504264,33.55416666666666],[130.24375,33.55416666666667],[130.24375,33.55],[130.2375,33.55],[130.2375,33.55416666666666],[130.23777370200187,33.55416666666667],[130.23798166,33.553939721]]]}},{"type":"Feature","id":"40230:503021692","properties":{"id":"40230:503021692","meshCode":"503021692","cityCode":"40230","city":"糸島市","lat":33.5520833,"lon":130.246875,"areaKm2":0.2682147,"populated2020":true,"population2020":147.3174,"populationNote":"2020年基準の国交省調整値"},"geometry":{"type":"Polygon","coordinates":[[[130.24375,33.55],[130.24375,33.55416666666667],[130.25000000000003,33.55416666666667],[130.25000000000003,33.55],[130.24375,33.55]]]}},{"type":"Feature","id":"40230:503022601","properties":{"id":"40230:503022601","meshCode":"503022601","cityCode":"40230","city":"糸島市","lat":33.5520833,"lon":130.253125,"areaKm2":0.2682142,"populated2020":true,"population2020":6.9179,"populationNote":"2020年基準の国交省調整値"},"geometry":{"type":"Polygon","coordinates":[[[130.25000000000003,33.55],[130.25000000000003,33.55416666666667],[130.25625,33.55416666666666],[130.25625,33.55],[130.25000000000003,33.55]]]}},{"type":"Feature","id":"40230:503022602","properties":{"id":"40230:503022602","meshCode":"503022602","cityCode":"40230","city":"糸島市","lat":33.5520833,"lon":130.259375,"areaKm2":0.2682137,"populated2020":false,"population2020":null,"populationNote":"境界またぎ・原典収録外のため自治体内人口は未集計"},"geometry":{"type":"Polygon","coordinates":[[[130.25625,33.55],[130.25625,33.55416666666666],[130.2625,33.55416666666667],[130.2625,33.54999999999999],[130.25625,33.55]]]}},{"type":"Feature","id":"40230:503022611","properties":{"id":"40230:503022611","meshCode":"503022611","cityCode":"40230","city":"糸島市","lat":33.5520833,"lon":130.265625,"areaKm2":0.1746992,"populated2020":false,"population2020":null,"populationNote":"境界またぎ・原典収録外のため自治体内人口は未集計"},"geometry":{"type":"Polygon","coordinates":[[[130.26621787539196,33.55416666666666],[130.26635166,33.55343055899999],[130.267043891,33.552535559000006],[130.267073333,33.552386946],[130.266982218,33.551999162],[130.266383606,33.551487775],[130.266482218,33.55107527900001],[130.266482218,33.550663054000005],[130.266376394,33.55029194600001],[130.266446887,33.55],[130.2625,33.54999999999999],[130.2625,33.55416666666667],[130.26621787539196,33.55416666666666]]]}},{"type":"Feature","id":"40230:503020684","properties":{"id":"40230:503020684","meshCode":"503020684","cityCode":"40230","city":"糸島市","lat":33.5548551,"lon":130.1122144,"areaKm2":0.000349,"populated2020":false,"population2020":null,"populationNote":"境界またぎ・原典収録外のため自治体内人口は未集計"},"geometry":{"type":"MultiPolygon","coordinates":[[[[130.112133606,33.55482],[130.112219728,33.55493194600001],[130.112292218,33.55489110800001],[130.112224449,33.554795279],[130.112133606,33.55482]]],[[[130.112207224,33.555057775],[130.112282218,33.555151667],[130.112365837,33.555133613],[130.11234221800004,33.555025559],[130.112207224,33.555057775]]]]}},{"type":"Feature","id":"40230:503020693","properties":{"id":"40230:503020693","meshCode":"503020693","cityCode":"40230","city":"糸島市","lat":33.5550747,"lon":130.1181769,"areaKm2":0.0174803,"populated2020":false,"population2020":null,"populationNote":"境界またぎ・原典収録外のため自治体内人口は未集計"},"geometry":{"type":"MultiPolygon","coordinates":[[[[130.117466861,33.55506282900001],[130.117492166,33.555043721],[130.117466135,33.555049747999995],[130.117466861,33.55506282900001]]],[[[130.117487082,33.555087306],[130.117483891,33.555146721],[130.117522944,33.55513958600001],[130.117487082,33.555087306]]],[[[130.117669364,33.555197532],[130.117716304,33.555229613],[130.117712244,33.555182775000006],[130.117669364,33.555197532]]],[[[130.117963528,33.555678865],[130.118002477,33.55565],[130.117977756,33.555645694],[130.117963528,33.555678865]]],[[[130.118275811,33.55571280200001],[130.118241855,33.555694360000004],[130.118243917,33.555715559],[130.118275811,33.55571280200001]]],[[[130.11728906724684,33.55416666666667],[130.117475863,33.554582414],[130.117418911,33.554801468],[130.11763358,33.555167802],[130.117837912,33.555194775],[130.118107639,33.555369801999994],[130.118119533,33.55548044100001],[130.118522088,33.555787694],[130.118526161,33.55589663999999],[130.11875,33.555984577429875],[130.11875,33.55416666666667],[130.11728906724684,33.55416666666667]]]]}},{"type":"Feature","id":"40230:503020694","properties":{"id":"40230:503020694","meshCode":"503020694","cityCode":"40230","city":"糸島市","lat":33.55625,"lon":130.121875,"areaKm2":0.2457365,"populated2020":true,"population2020":100.8923,"populationNote":"2020年基準の国交省調整値"},"geometry":{"type":"Polygon","coordinates":[[[130.118757302,33.55598791900001],[130.119120532,33.556084441],[130.11932655,33.556316721],[130.119303359,33.556479667],[130.119499364,33.55657582900001],[130.11970610900002,33.55718249499999],[130.119635499,33.557361225],[130.119733671,33.557374721],[130.119838301,33.557624694],[130.120001141,33.557771027],[130.1201967188817,33.558333333333344],[130.125,33.558333333333344],[130.125,33.55416666666667],[130.11875,33.55416666666667],[130.118757302,33.55598791900001]]]}},{"type":"Feature","id":"40230:503021603","properties":{"id":"40230:503021603","meshCode":"503021603","cityCode":"40230","city":"糸島市","lat":33.55625,"lon":130.128125,"areaKm2":0.1509012,"populated2020":true,"population2020":458.5598,"populationNote":"2020年基準の国交省調整値"},"geometry":{"type":"Polygon","coordinates":[[[130.131150078,33.556283414],[130.13024535474835,33.55416666666666],[130.13018716144308,33.55416666666666],[130.130700441,33.555436414],[130.128148664,33.556160162],[130.127925668,33.55560038699999],[130.126903839,33.555884252],[130.126812244,33.555824162],[130.127282802,33.556417532000005],[130.127449728,33.556760054],[130.126852477,33.556910748],[130.126783411,33.556901252],[130.126787108,33.556674333],[130.126741051,33.556894387],[130.126144189,33.556812613],[130.125250584,33.556297613],[130.125091051,33.555575162000004],[130.126037108,33.55514861300001],[130.126281582,33.555350387000004],[130.126323722,33.555314919000004],[130.126075668,33.555093252],[130.1257499338558,33.554166666666674],[130.125,33.55416666666667],[130.125,33.558333333333344],[130.12855916930914,33.558333333333344],[130.128916446,33.558170748],[130.12888583700004,33.55811994599999],[130.128931388,33.55816300000001],[130.129347808,33.558037892],[130.129456835,33.557927667],[130.130563891,33.558049972999996],[130.13125,33.558256834493704],[130.13125,33.5562744605886],[130.131150078,33.556283414]]]}},{"type":"Feature","id":"40230:503021604","properties":{"id":"40230:503021604","meshCode":"503021604","cityCode":"40230","city":"糸島市","lat":33.55625,"lon":130.134375,"areaKm2":0.1702934,"populated2020":true,"population2020":68.2328,"populationNote":"2020年基準の国交省調整値"},"geometry":{"type":"MultiPolygon","coordinates":[[[[130.134327756,33.55566930599999],[130.134359222,33.555710721],[130.134383113,33.555689532],[130.134327756,33.55566930599999]]],[[[130.132556355,33.555698829],[130.132612049,33.555686054000006],[130.132558807,33.55568036],[130.132556355,33.555698829]]],[[[130.13265847,33.555739586],[130.132675499,33.555717441],[130.132655668,33.55573136],[130.13265847,33.555739586]]],[[[130.13286189400003,33.555860468],[130.132858586,33.55583619800001],[130.132834669,33.555856946],[130.13286189400003,33.555860468]]],[[[130.133620584,33.555978225000004],[130.133640532,33.556007468000004],[130.133649922,33.555994919],[130.133620584,33.555978225000004]]],[[[130.1375,33.55435678940499],[130.137377302,33.554460305999996],[130.137478495,33.554647721],[130.137301051,33.554527027],[130.136199442,33.55533219800001],[130.135376978,33.555724333],[130.134712698,33.555880919],[130.134501855,33.55568397300001],[130.134160661,33.555912586],[130.133400195,33.55609038699999],[130.133297056,33.556035468000005],[130.132996355,33.556057973],[130.132843307,33.555866198000004],[130.132692477,33.55590555900001],[130.132588249,33.555837108],[130.131959442,33.55604277500001],[130.1319438,33.55611922500001],[130.131760532,33.556182667],[130.13125,33.5562744605886],[130.13125,33.558256834493704],[130.1314372508043,33.55833333333334],[130.1375,33.55833333333334],[130.1375,33.55435678940499]]]]}},{"type":"Feature","id":"40230:503021613","properties":{"id":"40230:503021613","meshCode":"503021613","cityCode":"40230","city":"糸島市","lat":33.55625,"lon":130.140625,"areaKm2":0.2679787,"populated2020":true,"population2020":32.6636,"populationNote":"2020年基準の国交省調整値"},"geometry":{"type":"Polygon","coordinates":[[[130.13773214,33.55417064000001],[130.1375,33.55435678940499],[130.1375,33.55833333333334],[130.14375,33.558333333333344],[130.14375,33.55416666666667],[130.13773214,33.55417064000001]]]}},{"type":"Feature","id":"40230:503021614","properties":{"id":"40230:503021614","meshCode":"503021614","cityCode":"40230","city":"糸島市","lat":33.55625,"lon":130.146875,"areaKm2":0.2678156,"populated2020":true,"population2020":170.0799,"populationNote":"2020年基準の国交省調整値"},"geometry":{"type":"Polygon","coordinates":[[[130.15,33.55443791900001],[130.14975196751098,33.55416666666666],[130.14375,33.55416666666667],[130.14375,33.558333333333344],[130.15,33.55833333333334],[130.15,33.55443791900001]]]}},{"type":"Feature","id":"40230:503021623","properties":{"id":"40230:503021623","meshCode":"503021623","cityCode":"40230","city":"糸島市","lat":33.5563314,"lon":130.1505433,"areaKm2":0.057229,"populated2020":false,"population2020":null,"populationNote":"境界またぎ・原典収録外のため自治体内人口は未集計"},"geometry":{"type":"Polygon","coordinates":[[[130.153574669,33.558333333],[130.150747328,33.556069306],[130.150806226,33.556026252],[130.150482918,33.555840919],[130.150346226,33.55512036],[130.150450169,33.555095559],[130.150409533,33.554880252],[130.150285136,33.55466946800001],[130.15,33.55443791900001],[130.15,33.55833333333334],[130.153574669,33.558333333]]]}},{"type":"Feature","id":"40230:503021633","properties":{"id":"40230:503021633","meshCode":"503021633","cityCode":"40230","city":"糸島市","lat":33.55625,"lon":130.165625,"areaKm2":0.1543837,"populated2020":true,"population2020":1.9856,"populationNote":"2020年基準の国交省調整値"},"geometry":{"type":"Polygon","coordinates":[[[130.164927224,33.55418277500001],[130.165049144,33.554707802],[130.164915694,33.55492358600001],[130.16525572,33.555022081],[130.165251245,33.556905586000006],[130.16513869,33.557632999999996],[130.164914812,33.557657387],[130.165135577,33.557656532],[130.165087328,33.557890252],[130.164765551,33.557857252000005],[130.164996109,33.557959694],[130.164961388,33.558063252],[130.164718249,33.558039081000004],[130.164694773,33.55814972099999],[130.164759637,33.558068468],[130.165041336,33.558104559],[130.16500033693669,33.55833333333334],[130.16875,33.55833333333334],[130.16875,33.55416666666666],[130.164927224,33.55418277500001]]]}},{"type":"Feature","id":"40230:503021634","properties":{"id":"40230:503021634","meshCode":"503021634","cityCode":"40230","city":"糸島市","lat":33.55625,"lon":130.171875,"areaKm2":0.2682088,"populated2020":false,"population2020":null,"populationNote":"境界またぎ・原典収録外のため自治体内人口は未集計"},"geometry":{"type":"Polygon","coordinates":[[[130.16875,33.55416666666666],[130.16875,33.55833333333334],[130.175,33.558333333333344],[130.175,33.55416666666666],[130.16875,33.55416666666666]]]}},{"type":"Feature","id":"40230:503021643","properties":{"id":"40230:503021643","meshCode":"503021643","cityCode":"40230","city":"糸島市","lat":33.55625,"lon":130.178125,"areaKm2":0.2682082,"populated2020":false,"population2020":null,"populationNote":"境界またぎ・原典収録外のため自治体内人口は未集計"},"geometry":{"type":"Polygon","coordinates":[[[130.175,33.55416666666666],[130.175,33.558333333333344],[130.18125,33.55833333333334],[130.18125,33.55416666666666],[130.175,33.55416666666666]]]}},{"type":"Feature","id":"40230:503021644","properties":{"id":"40230:503021644","meshCode":"503021644","cityCode":"40230","city":"糸島市","lat":33.55625,"lon":130.184375,"areaKm2":0.2682076,"populated2020":false,"population2020":null,"populationNote":"境界またぎ・原典収録外のため自治体内人口は未集計"},"geometry":{"type":"Polygon","coordinates":[[[130.18125,33.55416666666666],[130.18125,33.55833333333334],[130.1875,33.558333333333344],[130.1875,33.55416666666667],[130.18125,33.55416666666666]]]}},{"type":"Feature","id":"40230:503021653","properties":{"id":"40230:503021653","meshCode":"503021653","cityCode":"40230","city":"糸島市","lat":33.55625,"lon":130.190625,"areaKm2":0.2682071,"populated2020":true,"population2020":804.4347,"populationNote":"2020年基準の国交省調整値"},"geometry":{"type":"Polygon","coordinates":[[[130.1875,33.55416666666667],[130.1875,33.558333333333344],[130.19375,33.558333333333344],[130.19375,33.55416666666667],[130.1875,33.55416666666667]]]}},{"type":"Feature","id":"40230:503021654","properties":{"id":"40230:503021654","meshCode":"503021654","cityCode":"40230","city":"糸島市","lat":33.55625,"lon":130.196875,"areaKm2":0.2682065,"populated2020":true,"population2020":1338.8195,"populationNote":"2020年基準の国交省調整値"},"geometry":{"type":"Polygon","coordinates":[[[130.19375,33.55416666666667],[130.19375,33.558333333333344],[130.2,33.55833333333334],[130.2,33.55416666666666],[130.19375,33.55416666666667]]]}},{"type":"Feature","id":"40230:503021663","properties":{"id":"40230:503021663","meshCode":"503021663","cityCode":"40230","city":"糸島市","lat":33.55625,"lon":130.203125,"areaKm2":0.2682059,"populated2020":true,"population2020":1992.509,"populationNote":"2020年基準の国交省調整値"},"geometry":{"type":"Polygon","coordinates":[[[130.2,33.55416666666666],[130.2,33.55833333333334],[130.20625,33.55833333333334],[130.20625,33.55416666666667],[130.2,33.55416666666666]]]}},{"type":"Feature","id":"40230:503021664","properties":{"id":"40230:503021664","meshCode":"503021664","cityCode":"40230","city":"糸島市","lat":33.55625,"lon":130.209375,"areaKm2":0.2682053,"populated2020":true,"population2020":1103.6487,"populationNote":"2020年基準の国交省調整値"},"geometry":{"type":"Polygon","coordinates":[[[130.20625,33.55416666666667],[130.20625,33.55833333333334],[130.2125,33.558333333333344],[130.2125,33.55416666666666],[130.20625,33.55416666666667]]]}},{"type":"Feature","id":"40230:503021673","properties":{"id":"40230:503021673","meshCode":"503021673","cityCode":"40230","city":"糸島市","lat":33.55625,"lon":130.215625,"areaKm2":0.2682048,"populated2020":true,"population2020":983.7518,"populationNote":"2020年基準の国交省調整値"},"geometry":{"type":"Polygon","coordinates":[[[130.2125,33.55416666666666],[130.2125,33.558333333333344],[130.21875,33.558333333333344],[130.21875,33.55416666666667],[130.2125,33.55416666666666]]]}},{"type":"Feature","id":"40230:503021674","properties":{"id":"40230:503021674","meshCode":"503021674","cityCode":"40230","city":"糸島市","lat":33.55625,"lon":130.221875,"areaKm2":0.2682042,"populated2020":true,"population2020":38.5771,"populationNote":"2020年基準の国交省調整値"},"geometry":{"type":"Polygon","coordinates":[[[130.21875,33.55416666666667],[130.21875,33.558333333333344],[130.225,33.558333333333344],[130.225,33.55416666666667],[130.21875,33.55416666666667]]]}},{"type":"Feature","id":"40230:503021683","properties":{"id":"40230:503021683","meshCode":"503021683","cityCode":"40230","city":"糸島市","lat":33.55625,"lon":130.228125,"areaKm2":0.2682037,"populated2020":true,"population2020":46.5147,"populationNote":"2020年基準の国交省調整値"},"geometry":{"type":"Polygon","coordinates":[[[130.225,33.55416666666667],[130.225,33.558333333333344],[130.23125,33.558333333333344],[130.23125,33.55416666666666],[130.225,33.55416666666667]]]}},{"type":"Feature","id":"40230:503021684","properties":{"id":"40230:503021684","meshCode":"503021684","cityCode":"40230","city":"糸島市","lat":33.55625,"lon":130.234375,"areaKm2":0.2277989,"populated2020":true,"population2020":119.9956,"populationNote":"2020年基準の国交省調整値"},"geometry":{"type":"Polygon","coordinates":[[[130.2375,33.558267038176666],[130.235919728,33.557766108],[130.236392776,33.556900279],[130.236381115,33.556714162],[130.236190558,33.556610559],[130.236220558,33.556490278999995],[130.236416109,33.556138892],[130.23665,33.55595138699999],[130.236266109,33.555363891999995],[130.236436109,33.555106945999995],[130.2375,33.554440171449336],[130.2375,33.55416666666666],[130.23125,33.55416666666666],[130.23125,33.558333333333344],[130.2375,33.558333333333344],[130.2375,33.558267038176666]]]}},{"type":"Feature","id":"40230:503021693","properties":{"id":"40230:503021693","meshCode":"503021693","cityCode":"40230","city":"糸島市","lat":33.555536,"lon":130.243078,"areaKm2":0.0323196,"populated2020":true,"population2020":null,"populationNote":"境界またぎ・原典収録外のため自治体内人口は未集計"},"geometry":{"type":"MultiPolygon","coordinates":[[[[130.237701167,33.55833333299999],[130.237646109,33.558315829],[130.2375,33.558267038176666],[130.2375,33.558333333333344],[130.237701167,33.55833333299999]]],[[[130.2375,33.554440171449336],[130.23777370200187,33.55416666666667],[130.2375,33.55416666666666],[130.2375,33.554440171449336]]],[[[130.24267025504264,33.55416666666666],[130.242317224,33.554958613],[130.242602503,33.555066108000005],[130.24237,33.555621946],[130.242446939,33.555701667],[130.242383606,33.55605805399999],[130.242839442,33.556207224999994],[130.242723333,33.556514162],[130.24375,33.556938496210364],[130.24375,33.55416666666667],[130.24267025504264,33.55416666666666]]]]}},{"type":"Feature","id":"40230:503021694","properties":{"id":"40230:503021694","meshCode":"503021694","cityCode":"40230","city":"糸島市","lat":33.55625,"lon":130.246875,"areaKm2":0.2072567,"populated2020":true,"population2020":150.2114,"populationNote":"2020年基準の国交省調整値"},"geometry":{"type":"Polygon","coordinates":[[[130.24375,33.556938496210364],[130.24522166,33.557703612999994],[130.246799442,33.55776305399999],[130.247041115,33.557715],[130.247682503,33.55735500000001],[130.248411388,33.557615559],[130.248706939,33.557553892],[130.249426109,33.556984441],[130.24973917000003,33.55604],[130.25000000000003,33.556042748],[130.25000000000003,33.55416666666667],[130.24375,33.55416666666667],[130.24375,33.556938496210364]]]}},{"type":"Feature","id":"40230:503022603","properties":{"id":"40230:503022603","meshCode":"503022603","cityCode":"40230","city":"糸島市","lat":33.55625,"lon":130.253125,"areaKm2":0.1880771,"populated2020":false,"population2020":null,"populationNote":"境界またぎ・原典収録外のため自治体内人口は未集計"},"geometry":{"type":"Polygon","coordinates":[[[130.25000000000003,33.556042748],[130.250611115,33.55644833299999],[130.25151722400003,33.55663833300001],[130.251704449,33.556778613000006],[130.251884163,33.557092225],[130.252154994,33.55726527899999],[130.252406394,33.55732722500001],[130.253224163,33.557318892000005],[130.254093606,33.557715],[130.254517224,33.557805559],[130.254807782,33.557776667000006],[130.255,33.557706667000005],[130.255460272,33.557026107999995],[130.25625,33.556540851573445],[130.25625,33.55416666666666],[130.25000000000003,33.55416666666667],[130.25000000000003,33.556042748]]]}},{"type":"Feature","id":"40230:503022604","properties":{"id":"40230:503022604","meshCode":"503022604","cityCode":"40230","city":"糸島市","lat":33.5555089,"lon":130.2606428,"areaKm2":0.1146984,"populated2020":false,"population2020":null,"populationNote":"境界またぎ・原典収録外のため自治体内人口は未集計"},"geometry":{"type":"Polygon","coordinates":[[[130.25626583700003,33.556531387],[130.256943061,33.555879721],[130.257329728,33.555364162000004],[130.257507224,33.555228054],[130.257704163,33.555207775],[130.260024163,33.555826387],[130.261765551,33.55678749500001],[130.262085837,33.556841108],[130.262297497,33.556766667],[130.2625,33.55678581106139],[130.2625,33.55416666666667],[130.25625,33.55416666666666],[130.25626583700003,33.556531387]]]}},{"type":"Feature","id":"40230:503022613","properties":{"id":"40230:503022613","meshCode":"503022613","cityCode":"40230","city":"糸島市","lat":33.55625,"lon":130.265625,"areaKm2":0.0854088,"populated2020":false,"population2020":null,"populationNote":"境界またぎ・原典収録外のため自治体内人口は未集計"},"geometry":{"type":"Polygon","coordinates":[[[130.2625,33.55678581106139],[130.262849442,33.556849162],[130.263051388,33.55678333299999],[130.263467224,33.556506946],[130.263703891,33.556436946000005],[130.264142218,33.55645749499999],[130.264383606,33.556552225],[130.264713606,33.556849162],[130.26485166,33.556865829],[130.265583061,33.556564721],[130.265696394,33.55632972099999],[130.265624994,33.555352225],[130.265792503,33.55507610800001],[130.266169442,33.554770829],[130.26621787539196,33.55416666666666],[130.2625,33.55416666666667],[130.2625,33.55678581106139]]]}},{"type":"Feature","id":"40230:503020792","properties":{"id":"40230:503020792","meshCode":"503020792","cityCode":"40230","city":"糸島市","lat":33.5598266,"lon":130.1238383,"areaKm2":0.0750967,"populated2020":false,"population2020":null,"populationNote":"境界またぎ・原典収録外のため自治体内人口は未集計"},"geometry":{"type":"MultiPolygon","coordinates":[[[[130.120329663,33.55846661300001],[130.120320726,33.558488999999994],[130.120340246,33.55848627899999],[130.120329663,33.55846661300001]]],[[[130.120490973,33.558554135],[130.120514449,33.558555135000006],[130.120493554,33.558544892],[130.120490973,33.558554135]]],[[[130.120602361,33.558562613],[130.120596057,33.558588693999994],[130.120626589,33.558582613],[130.120602361,33.558562613]]],[[[130.120695422,33.558656586000005],[130.120658145,33.55863586500001],[130.120646446,33.558653081],[130.120695422,33.558656586000005]]],[[[130.12019605700002,33.558335198],[130.120933839,33.55871138700001],[130.12103083,33.55881],[130.121100246,33.558772613],[130.121467977,33.558874414],[130.121724332,33.55908316199999],[130.122253774,33.559241279],[130.122532555,33.559736279000006],[130.122615136,33.559737586],[130.122927834,33.560072775],[130.12337642,33.560697892],[130.123643165,33.560872162],[130.124017056,33.561045332999996],[130.124437224,33.561084279],[130.124631089,33.561256693999994],[130.125,33.561320775],[130.125,33.558333333333344],[130.12019605700002,33.558335198]]]]}},{"type":"Feature","id":"40230:503021701","properties":{"id":"40230:503021701","meshCode":"503021701","cityCode":"40230","city":"糸島市","lat":33.5601077,"lon":130.1259245,"areaKm2":0.0706745,"populated2020":true,"population2020":102.7967,"populationNote":"2020年基準の国交省調整値"},"geometry":{"type":"MultiPolygon","coordinates":[[[[130.125898949,33.562362865000004],[130.125967419,33.562387414],[130.125903891,33.562321414],[130.125898949,33.562362865000004]]],[[[130.125016524,33.561320919],[130.125595447,33.561571694],[130.126254812,33.561675892],[130.126555837,33.561611468],[130.12700308700002,33.56105694600001],[130.126693268,33.560432991000006],[130.126757562,33.560434351],[130.127238755,33.55907444099999],[130.127187056,33.559032892],[130.127255447,33.559051586],[130.128166861,33.558527387],[130.128150921,33.558475251999994],[130.128183113,33.558519108],[130.12855916930914,33.558333333333344],[130.125,33.558333333333344],[130.125016524,33.561320919]]]]}},{"type":"Feature","id":"40230:503021702","properties":{"id":"40230:503021702","meshCode":"503021702","cityCode":"40230","city":"糸島市","lat":33.5604167,"lon":130.134375,"areaKm2":0.1549963,"populated2020":true,"population2020":63.2969,"populationNote":"2020年基準の国交省調整値"},"geometry":{"type":"Polygon","coordinates":[[[130.1314372508043,33.55833333333334],[130.13228572,33.558749279000004],[130.133662892,33.559668134999995],[130.134176226,33.560375108],[130.13466121900004,33.56134316199999],[130.134753839,33.561344892],[130.134833333,33.561570946],[130.13473572,33.561540333],[130.134997052721,33.56250000000001],[130.1375,33.56250000000001],[130.1375,33.55833333333334],[130.1314372508043,33.55833333333334]]]}},{"type":"Feature","id":"40230:503021711","properties":{"id":"40230:503021711","meshCode":"503021711","cityCode":"40230","city":"糸島市","lat":33.5604167,"lon":130.140625,"areaKm2":0.2681991,"populated2020":true,"population2020":50.3446,"populationNote":"2020年基準の国交省調整値"},"geometry":{"type":"Polygon","coordinates":[[[130.1375,33.55833333333334],[130.1375,33.56250000000001],[130.14375,33.56250000000001],[130.14375,33.558333333333344],[130.1375,33.55833333333334]]]}},{"type":"Feature","id":"40230:503021712","properties":{"id":"40230:503021712","meshCode":"503021712","cityCode":"40230","city":"糸島市","lat":33.5604167,"lon":130.146875,"areaKm2":0.2681985,"populated2020":true,"population2020":9.8968,"populationNote":"2020年基準の国交省調整値"},"geometry":{"type":"Polygon","coordinates":[[[130.14375,33.558333333333344],[130.14375,33.56250000000001],[130.15,33.562500000000014],[130.15,33.55833333333334],[130.14375,33.558333333333344]]]}},{"type":"Feature","id":"40230:503021721","properties":{"id":"40230:503021721","meshCode":"503021721","cityCode":"40230","city":"糸島市","lat":33.5604167,"lon":130.153125,"areaKm2":0.2392087,"populated2020":true,"population2020":21.6971,"populationNote":"2020年基準の国交省調整値"},"geometry":{"type":"Polygon","coordinates":[[[130.15625,33.560172301295005],[130.155654189,33.560033161999996],[130.15357466942962,33.55833333333334],[130.15,33.55833333333334],[130.15,33.562500000000014],[130.15625,33.562500000000014],[130.15625,33.560172301295005]]]}},{"type":"Feature","id":"40230:503021722","properties":{"id":"40230:503021722","meshCode":"503021722","cityCode":"40230","city":"糸島市","lat":33.5617186,"lon":130.159375,"areaKm2":0.1169972,"populated2020":true,"population2020":185.8492,"populationNote":"2020年基準の国交省調整値"},"geometry":{"type":"Polygon","coordinates":[[[130.16248214,33.56075253200001],[130.162086031,33.560707748000006],[130.16082978,33.56093680200001],[130.15906428,33.560803468],[130.15625,33.560172301295005],[130.15625,33.562500000000014],[130.1625,33.56250000000001],[130.16248214,33.56075253200001]]]}},{"type":"Feature","id":"40230:503021731","properties":{"id":"40230:503021731","meshCode":"503021731","cityCode":"40230","city":"糸島市","lat":33.5604167,"lon":130.165625,"areaKm2":0.2101383,"populated2020":true,"population2020":97.7977,"populationNote":"2020年基準の国交省調整値"},"geometry":{"type":"Polygon","coordinates":[[[130.164997419,33.558348694],[130.164639533,33.560127919],[130.164126304,33.56101808099999],[130.163389922,33.56101030599999],[130.163329079,33.560875108],[130.163411894,33.56074213499999],[130.163310467,33.560862919],[130.163112387,33.56079916200001],[130.163178444,33.56065941399999],[130.163091505,33.560787865],[130.162970195,33.56079164],[130.162892335,33.560757387],[130.162956083,33.560579919000006],[130.162869416,33.560753613],[130.162719663,33.560769721],[130.162711219,33.56053010800001],[130.162617951,33.560776081],[130.1625,33.560755606706415],[130.1625,33.56250000000001],[130.16875,33.56250000000001],[130.16875,33.55833333333334],[130.164997419,33.558348694]]]}},{"type":"Feature","id":"40230:503021732","properties":{"id":"40230:503021732","meshCode":"503021732","cityCode":"40230","city":"糸島市","lat":33.5604167,"lon":130.171875,"areaKm2":0.2681961,"populated2020":true,"population2020":104.7685,"populationNote":"2020年基準の国交省調整値"},"geometry":{"type":"Polygon","coordinates":[[[130.16875,33.55833333333334],[130.16875,33.56250000000001],[130.175,33.56250000000001],[130.175,33.558333333333344],[130.16875,33.55833333333334]]]}},{"type":"Feature","id":"40230:503021741","properties":{"id":"40230:503021741","meshCode":"503021741","cityCode":"40230","city":"糸島市","lat":33.5604167,"lon":130.178125,"areaKm2":0.2681955,"populated2020":true,"population2020":94.0173,"populationNote":"2020年基準の国交省調整値"},"geometry":{"type":"Polygon","coordinates":[[[130.175,33.558333333333344],[130.175,33.56250000000001],[130.18125,33.562500000000014],[130.18125,33.55833333333334],[130.175,33.558333333333344]]]}},{"type":"Feature","id":"40230:503021742","properties":{"id":"40230:503021742","meshCode":"503021742","cityCode":"40230","city":"糸島市","lat":33.5604167,"lon":130.184375,"areaKm2":0.2681949,"populated2020":false,"population2020":null,"populationNote":"境界またぎ・原典収録外のため自治体内人口は未集計"},"geometry":{"type":"Polygon","coordinates":[[[130.18125,33.55833333333334],[130.18125,33.562500000000014],[130.1875,33.562500000000014],[130.1875,33.558333333333344],[130.18125,33.55833333333334]]]}},{"type":"Feature","id":"40230:503021751","properties":{"id":"40230:503021751","meshCode":"503021751","cityCode":"40230","city":"糸島市","lat":33.5604167,"lon":130.190625,"areaKm2":0.2681944,"populated2020":true,"population2020":217.0739,"populationNote":"2020年基準の国交省調整値"},"geometry":{"type":"Polygon","coordinates":[[[130.1875,33.558333333333344],[130.1875,33.562500000000014],[130.19375,33.562500000000014],[130.19375,33.558333333333344],[130.1875,33.558333333333344]]]}},{"type":"Feature","id":"40230:503021752","properties":{"id":"40230:503021752","meshCode":"503021752","cityCode":"40230","city":"糸島市","lat":33.5604167,"lon":130.196875,"areaKm2":0.2681938,"populated2020":true,"population2020":1829.2625,"populationNote":"2020年基準の国交省調整値"},"geometry":{"type":"Polygon","coordinates":[[[130.19375,33.558333333333344],[130.19375,33.562500000000014],[130.2,33.56250000000001],[130.2,33.55833333333334],[130.19375,33.558333333333344]]]}},{"type":"Feature","id":"40230:503021761","properties":{"id":"40230:503021761","meshCode":"503021761","cityCode":"40230","city":"糸島市","lat":33.5604167,"lon":130.203125,"areaKm2":0.2681932,"populated2020":true,"population2020":1695.6027,"populationNote":"2020年基準の国交省調整値"},"geometry":{"type":"Polygon","coordinates":[[[130.2,33.55833333333334],[130.2,33.56250000000001],[130.20625,33.562500000000014],[130.20625,33.55833333333334],[130.2,33.55833333333334]]]}},{"type":"Feature","id":"40230:503021762","properties":{"id":"40230:503021762","meshCode":"503021762","cityCode":"40230","city":"糸島市","lat":33.5604167,"lon":130.209375,"areaKm2":0.2681926,"populated2020":true,"population2020":1871.416,"populationNote":"2020年基準の国交省調整値"},"geometry":{"type":"Polygon","coordinates":[[[130.20625,33.55833333333334],[130.20625,33.562500000000014],[130.2125,33.562500000000014],[130.2125,33.558333333333344],[130.20625,33.55833333333334]]]}},{"type":"Feature","id":"40230:503021771","properties":{"id":"40230:503021771","meshCode":"503021771","cityCode":"40230","city":"糸島市","lat":33.5604167,"lon":130.215625,"areaKm2":0.2681921,"populated2020":true,"population2020":1511.8223,"populationNote":"2020年基準の国交省調整値"},"geometry":{"type":"Polygon","coordinates":[[[130.2125,33.558333333333344],[130.2125,33.562500000000014],[130.21875,33.56250000000001],[130.21875,33.558333333333344],[130.2125,33.558333333333344]]]}},{"type":"Feature","id":"40230:503021772","properties":{"id":"40230:503021772","meshCode":"503021772","cityCode":"40230","city":"糸島市","lat":33.5604167,"lon":130.221875,"areaKm2":0.2681915,"populated2020":true,"population2020":538.4247,"populationNote":"2020年基準の国交省調整値"},"geometry":{"type":"Polygon","coordinates":[[[130.21875,33.558333333333344],[130.21875,33.56250000000001],[130.225,33.56250000000001],[130.225,33.558333333333344],[130.21875,33.558333333333344]]]}},{"type":"Feature","id":"40230:503021781","properties":{"id":"40230:503021781","meshCode":"503021781","cityCode":"40230","city":"糸島市","lat":33.5604167,"lon":130.228125,"areaKm2":0.268191,"populated2020":true,"population2020":448.2784,"populationNote":"2020年基準の国交省調整値"},"geometry":{"type":"Polygon","coordinates":[[[130.225,33.558333333333344],[130.225,33.56250000000001],[130.23125,33.562500000000014],[130.23125,33.558333333333344],[130.225,33.558333333333344]]]}},{"type":"Feature","id":"40230:503021782","properties":{"id":"40230:503021782","meshCode":"503021782","cityCode":"40230","city":"糸島市","lat":33.5604167,"lon":130.234375,"areaKm2":0.2681904,"populated2020":true,"population2020":248.2252,"populationNote":"2020年基準の国交省調整値"},"geometry":{"type":"Polygon","coordinates":[[[130.23125,33.558333333333344],[130.23125,33.562500000000014],[130.2375,33.562500000000014],[130.2375,33.558333333333344],[130.23125,33.558333333333344]]]}},{"type":"Feature","id":"40230:503021791","properties":{"id":"40230:503021791","meshCode":"503021791","cityCode":"40230","city":"糸島市","lat":33.5605035,"lon":130.2380483,"areaKm2":0.0539023,"populated2020":true,"population2020":null,"populationNote":"境界またぎ・原典収録外のため自治体内人口は未集計"},"geometry":{"type":"Polygon","coordinates":[[[130.23857770883814,33.56250000000001],[130.238984994,33.561608054],[130.238224449,33.56127638699999],[130.239384449,33.558903892],[130.23770116804877,33.558333333333344],[130.2375,33.558333333333344],[130.2375,33.562500000000014],[130.23857770883814,33.56250000000001]]]}},{"type":"Feature","id":"40230:503020734","properties":{"id":"40230:503020734","meshCode":"503020734","cityCode":"40230","city":"糸島市","lat":33.5657639,"lon":130.0498613,"areaKm2":0.0119854,"populated2020":true,"population2020":34.5823,"populationNote":"2020年基準の国交省調整値"},"geometry":{"type":"Polygon","coordinates":[[[130.049759948,33.565879973],[130.04831678352235,33.56666666666668],[130.05,33.56666666666668],[130.05,33.564772612999995],[130.049314449,33.565294198],[130.049759948,33.565879973]]]}},{"type":"Feature","id":"40230:503020743","properties":{"id":"40230:503020743","meshCode":"503020743","cityCode":"40230","city":"糸島市","lat":33.565254,"lon":130.0503817,"areaKm2":0.0262414,"populated2020":true,"population2020":2.9623,"populationNote":"2020年基準の国交省調整値"},"geometry":{"type":"MultiPolygon","coordinates":[[[[130.05261511010795,33.56666666666668],[130.05325546,33.565810198],[130.053165227,33.565759017999994],[130.05269594,33.56633302699999],[130.052556446,33.566314],[130.052610999,33.566398080999996],[130.05252367108108,33.56666666666668],[130.05261511010795,33.56666666666668]]],[[[130.050864942,33.56659191899999],[130.051517302,33.566120306],[130.051387613,33.565992081],[130.050940078,33.56632994600001],[130.050230311,33.565652586000006],[130.051634747,33.56458889200001],[130.052491414,33.565315667],[130.052604864,33.56539219799999],[130.05265153,33.565349612999995],[130.051697847,33.56458908999999],[130.051289416,33.56419663999999],[130.051165383,33.563928532],[130.051018975,33.563982414],[130.050864968,33.564218000000004],[130.05071917,33.56421597300001],[130.05,33.564772612999995],[130.05,33.56666666666668],[130.05092241174373,33.56666666666668],[130.050864942,33.56659191899999]]],[[[130.051331245,33.565395865000006],[130.052157523,33.56601836],[130.051124501,33.56516625199999],[130.051331245,33.565395865000006]]],[[[130.051626887,33.56628136],[130.051668975,33.56624636],[130.051551971,33.566150333],[130.051514449,33.566183946],[130.051626887,33.56628136]]]]}},{"type":"Feature","id":"40230:503020774","properties":{"id":"40230:503020774","meshCode":"503020774","cityCode":"40230","city":"糸島市","lat":33.5652938,"lon":130.0990362,"areaKm2":0.046076,"populated2020":true,"population2020":8.9268,"populationNote":"2020年基準の国交省調整値"},"geometry":{"type":"Polygon","coordinates":[[[130.1,33.564113802],[130.099406693,33.564447775],[130.09888131,33.564533414],[130.098595253,33.56440977500001],[130.098364137,33.564033198000004],[130.098125966,33.564037054],[130.098038859,33.56385113499999],[130.097993476,33.56398982900001],[130.09784869,33.564065135],[130.09778891100004,33.564291387],[130.097681219,33.56429049500001],[130.097860169,33.564535532],[130.097891505,33.564858197999996],[130.09851505799307,33.56666666666668],[130.1,33.56666666666668],[130.1,33.564113802]]]}},{"type":"Feature","id":"40230:503020783","properties":{"id":"40230:503020783","meshCode":"503020783","cityCode":"40230","city":"糸島市","lat":33.5651352,"lon":130.1021219,"areaKm2":0.1086879,"populated2020":true,"population2020":3.9658,"populationNote":"2020年基準の国交省調整値"},"geometry":{"type":"Polygon","coordinates":[[[130.10583310584823,33.56666666666668],[130.105265577,33.566620414000006],[130.104730169,33.56620466700001],[130.104799053,33.56575922500001],[130.10430808,33.56515922500001],[130.10410594,33.56506533299999],[130.104072412,33.564743468],[130.103766835,33.564831613],[130.103584916,33.564769532],[130.103615863,33.564610333],[130.103272412,33.564711198],[130.103129196,33.564595],[130.103062166,33.564680892],[130.102811777,33.56473264],[130.102144942,33.56473582899999],[130.10181917,33.564547829],[130.101416887,33.56389455899999],[130.101361414,33.56362419800001],[130.101190506,33.563593027],[130.100648975,33.563602162],[130.1,33.564113802],[130.1,33.56666666666668],[130.10583310584823,33.56666666666668]]]}},{"type":"Feature","id":"40230:503020784","properties":{"id":"40230:503020784","meshCode":"503020784","cityCode":"40230","city":"糸島市","lat":33.5666471,"lon":130.1064184,"areaKm2":2.92e-05,"populated2020":false,"population2020":null,"populationNote":"境界またぎ・原典収録外のため自治体内人口は未集計"},"geometry":{"type":"Polygon","coordinates":[[[130.10648021960438,33.56666666666668],[130.106398885,33.566626531999994],[130.10637666725523,33.56666666666668],[130.10648021960438,33.56666666666668]]]}},{"type":"Feature","id":"40230:503021703","properties":{"id":"40230:503021703","meshCode":"503021703","cityCode":"40230","city":"糸島市","lat":33.5662813,"lon":130.1303158,"areaKm2":0.0008902,"populated2020":false,"population2020":null,"populationNote":"境界またぎ・原典収録外のため自治体内人口は未集計"},"geometry":{"type":"Polygon","coordinates":[[[130.130340558,33.566621775],[130.130399222,33.566408865],[130.13032625200003,33.566392387],[130.130461725,33.565997693999996],[130.130387173,33.565925387],[130.13019175100837,33.56666666666668],[130.130340558,33.566621775]]]}},{"type":"Feature","id":"40230:503021704","properties":{"id":"40230:503021704","meshCode":"503021704","cityCode":"40230","city":"糸島市","lat":33.5646124,"lon":130.1362969,"areaKm2":0.1032125,"populated2020":true,"population2020":159.9613,"populationNote":"2020年基準の国交省調整値"},"geometry":{"type":"Polygon","coordinates":[[[130.13499983100002,33.56251064],[130.135133865,33.563844586],[130.13499642,33.566310054],[130.135635693281,33.56666666666668],[130.1375,33.56666666666668],[130.1375,33.56250000000001],[130.13499983100002,33.56251064]]]}},{"type":"Feature","id":"40230:503021713","properties":{"id":"40230:503021713","meshCode":"503021713","cityCode":"40230","city":"糸島市","lat":33.5645833,"lon":130.140625,"areaKm2":0.2681864,"populated2020":true,"population2020":167.2596,"populationNote":"2020年基準の国交省調整値"},"geometry":{"type":"Polygon","coordinates":[[[130.1375,33.56250000000001],[130.1375,33.56666666666668],[130.14375,33.56666666666668],[130.14375,33.56250000000001],[130.1375,33.56250000000001]]]}},{"type":"Feature","id":"40230:503021714","properties":{"id":"40230:503021714","meshCode":"503021714","cityCode":"40230","city":"糸島市","lat":33.5645833,"lon":130.146875,"areaKm2":0.2681858,"populated2020":true,"population2020":34.6226,"populationNote":"2020年基準の国交省調整値"},"geometry":{"type":"Polygon","coordinates":[[[130.14375,33.56250000000001],[130.14375,33.56666666666668],[130.15,33.56666666666668],[130.15,33.562500000000014],[130.14375,33.56250000000001]]]}},{"type":"Feature","id":"40230:503021723","properties":{"id":"40230:503021723","meshCode":"503021723","cityCode":"40230","city":"糸島市","lat":33.5645833,"lon":130.153125,"areaKm2":0.2681852,"populated2020":true,"population2020":176.9686,"populationNote":"2020年基準の国交省調整値"},"geometry":{"type":"Polygon","coordinates":[[[130.15,33.562500000000014],[130.15,33.56666666666668],[130.15625,33.56666666666668],[130.15625,33.562500000000014],[130.15,33.562500000000014]]]}},{"type":"Feature","id":"40230:503021724","properties":{"id":"40230:503021724","meshCode":"503021724","cityCode":"40230","city":"糸島市","lat":33.5645833,"lon":130.159375,"areaKm2":0.2681846,"populated2020":true,"population2020":1.9797,"populationNote":"2020年基準の国交省調整値"},"geometry":{"type":"Polygon","coordinates":[[[130.15625,33.562500000000014],[130.15625,33.56666666666668],[130.1625,33.56666666666668],[130.1625,33.56250000000001],[130.15625,33.562500000000014]]]}},{"type":"Feature","id":"40230:503021733","properties":{"id":"40230:503021733","meshCode":"503021733","cityCode":"40230","city":"糸島市","lat":33.5645833,"lon":130.165625,"areaKm2":0.268184,"populated2020":true,"population2020":2.9704,"populationNote":"2020年基準の国交省調整値"},"geometry":{"type":"Polygon","coordinates":[[[130.1625,33.56250000000001],[130.1625,33.56666666666668],[130.16875,33.56666666666667],[130.16875,33.56250000000001],[130.1625,33.56250000000001]]]}},{"type":"Feature","id":"40230:503021734","properties":{"id":"40230:503021734","meshCode":"503021734","cityCode":"40230","city":"糸島市","lat":33.5645833,"lon":130.171875,"areaKm2":0.2681834,"populated2020":true,"population2020":2.9673,"populationNote":"2020年基準の国交省調整値"},"geometry":{"type":"Polygon","coordinates":[[[130.16875,33.56250000000001],[130.16875,33.56666666666667],[130.175,33.56666666666668],[130.175,33.56250000000001],[130.16875,33.56250000000001]]]}},{"type":"Feature","id":"40230:503021743","properties":{"id":"40230:503021743","meshCode":"503021743","cityCode":"40230","city":"糸島市","lat":33.5645833,"lon":130.178125,"areaKm2":0.2681828,"populated2020":true,"population2020":7.9314,"populationNote":"2020年基準の国交省調整値"},"geometry":{"type":"Polygon","coordinates":[[[130.175,33.56250000000001],[130.175,33.56666666666668],[130.18125,33.56666666666668],[130.18125,33.562500000000014],[130.175,33.56250000000001]]]}},{"type":"Feature","id":"40230:503021744","properties":{"id":"40230:503021744","meshCode":"503021744","cityCode":"40230","city":"糸島市","lat":33.5645833,"lon":130.184375,"areaKm2":0.2681822,"populated2020":true,"population2020":415.3618,"populationNote":"2020年基準の国交省調整値"},"geometry":{"type":"Polygon","coordinates":[[[130.18125,33.562500000000014],[130.18125,33.56666666666668],[130.1875,33.56666666666668],[130.1875,33.562500000000014],[130.18125,33.562500000000014]]]}},{"type":"Feature","id":"40230:503021753","properties":{"id":"40230:503021753","meshCode":"503021753","cityCode":"40230","city":"糸島市","lat":33.5645833,"lon":130.190625,"areaKm2":0.2681817,"populated2020":true,"population2020":558.9334,"populationNote":"2020年基準の国交省調整値"},"geometry":{"type":"Polygon","coordinates":[[[130.1875,33.562500000000014],[130.1875,33.56666666666668],[130.19375,33.56666666666668],[130.19375,33.562500000000014],[130.1875,33.562500000000014]]]}},{"type":"Feature","id":"40230:503021754","properties":{"id":"40230:503021754","meshCode":"503021754","cityCode":"40230","city":"糸島市","lat":33.5645833,"lon":130.196875,"areaKm2":0.2681811,"populated2020":true,"population2020":1421.078,"populationNote":"2020年基準の国交省調整値"},"geometry":{"type":"Polygon","coordinates":[[[130.19375,33.562500000000014],[130.19375,33.56666666666668],[130.2,33.56666666666667],[130.2,33.56250000000001],[130.19375,33.562500000000014]]]}},{"type":"Feature","id":"40230:503021763","properties":{"id":"40230:503021763","meshCode":"503021763","cityCode":"40230","city":"糸島市","lat":33.5645833,"lon":130.203125,"areaKm2":0.2681805,"populated2020":true,"population2020":1888.643,"populationNote":"2020年基準の国交省調整値"},"geometry":{"type":"Polygon","coordinates":[[[130.2,33.56250000000001],[130.2,33.56666666666667],[130.20625,33.56666666666668],[130.20625,33.562500000000014],[130.2,33.56250000000001]]]}},{"type":"Feature","id":"40230:503021764","properties":{"id":"40230:503021764","meshCode":"503021764","cityCode":"40230","city":"糸島市","lat":33.5645833,"lon":130.209375,"areaKm2":0.2681799,"populated2020":true,"population2020":1550.6839,"populationNote":"2020年基準の国交省調整値"},"geometry":{"type":"Polygon","coordinates":[[[130.20625,33.562500000000014],[130.20625,33.56666666666668],[130.2125,33.56666666666668],[130.2125,33.562500000000014],[130.20625,33.562500000000014]]]}},{"type":"Feature","id":"40230:503021773","properties":{"id":"40230:503021773","meshCode":"503021773","cityCode":"40230","city":"糸島市","lat":33.5645833,"lon":130.215625,"areaKm2":0.2681794,"populated2020":true,"population2020":1968.0209,"populationNote":"2020年基準の国交省調整値"},"geometry":{"type":"Polygon","coordinates":[[[130.2125,33.562500000000014],[130.2125,33.56666666666668],[130.21875,33.56666666666668],[130.21875,33.56250000000001],[130.2125,33.562500000000014]]]}},{"type":"Feature","id":"40230:503021774","properties":{"id":"40230:503021774","meshCode":"503021774","cityCode":"40230","city":"糸島市","lat":33.5645833,"lon":130.221875,"areaKm2":0.2681788,"populated2020":true,"population2020":2789.2708,"populationNote":"2020年基準の国交省調整値"},"geometry":{"type":"Polygon","coordinates":[[[130.21875,33.56250000000001],[130.21875,33.56666666666668],[130.225,33.56666666666668],[130.225,33.56250000000001],[130.21875,33.56250000000001]]]}},{"type":"Feature","id":"40230:503021783","properties":{"id":"40230:503021783","meshCode":"503021783","cityCode":"40230","city":"糸島市","lat":33.5645833,"lon":130.228125,"areaKm2":0.2681783,"populated2020":true,"population2020":2529.4281,"populationNote":"2020年基準の国交省調整値"},"geometry":{"type":"Polygon","coordinates":[[[130.225,33.56250000000001],[130.225,33.56666666666668],[130.23125,33.56666666666668],[130.23125,33.562500000000014],[130.225,33.56250000000001]]]}},{"type":"Feature","id":"40230:503021784","properties":{"id":"40230:503021784","meshCode":"503021784","cityCode":"40230","city":"糸島市","lat":33.5645833,"lon":130.234375,"areaKm2":0.2581697,"populated2020":true,"population2020":316.0209,"populationNote":"2020年基準の国交省調整値"},"geometry":{"type":"Polygon","coordinates":[[[130.236656109,33.56642527899999],[130.236715551,33.566159441],[130.2375,33.564611318416524],[130.2375,33.562500000000014],[130.23125,33.562500000000014],[130.23125,33.56666666666668],[130.23723625119888,33.56666666666668],[130.236656109,33.56642527899999]]]}},{"type":"Feature","id":"40230:503021793","properties":{"id":"40230:503021793","meshCode":"503021793","cityCode":"40230","city":"糸島市","lat":33.5631568,"lon":130.2378697,"areaKm2":0.0116784,"populated2020":true,"population2020":null,"populationNote":"境界またぎ・原典収録外のため自治体内人口は未集計"},"geometry":{"type":"Polygon","coordinates":[[[130.2375,33.564611318416524],[130.23802,33.563585829],[130.23857770883814,33.56250000000001],[130.2375,33.562500000000014],[130.2375,33.564611318416524]]]}},{"type":"Feature","id":"40230:503020832","properties":{"id":"40230:503020832","meshCode":"503020832","cityCode":"40230","city":"糸島市","lat":33.56875,"lon":130.046875,"areaKm2":0.2006417,"populated2020":true,"population2020":72.1387,"populationNote":"2020年基準の国交省調整値"},"geometry":{"type":"Polygon","coordinates":[[[130.04831678300002,33.56666666700001],[130.047378249,33.566993667],[130.046854578,33.56726833300001],[130.044877588,33.568753054000005],[130.044338859,33.569462559],[130.044222555,33.569736027],[130.04401704078666,33.57083333333333],[130.05,33.57083333333333],[130.05,33.56666666666668],[130.04831678300002,33.56666666700001]]]}},{"type":"Feature","id":"40230:503020841","properties":{"id":"40230:503020841","meshCode":"503020841","cityCode":"40230","city":"糸島市","lat":33.5687338,"lon":130.0512788,"areaKm2":0.1107671,"populated2020":true,"population2020":22.7613,"populationNote":"2020年基準の国交省調整値"},"geometry":{"type":"MultiPolygon","coordinates":[[[[130.053956744,33.57083244100001],[130.053441336,33.569810198000006],[130.053273528,33.569719748000004],[130.051921777,33.567927387000005],[130.051938262,33.567517595],[130.052104332,33.567370514],[130.052462944,33.56753870299999],[130.052120493,33.56735617099999],[130.052462918,33.567038207],[130.05261511010795,33.56666666666668],[130.05252367108108,33.56666666666668],[130.052388418,33.567025919],[130.051777445,33.56752389199999],[130.05133,33.567193081000006],[130.05092241174373,33.56666666666668],[130.05,33.56666666666668],[130.05,33.57083333333333],[130.053956744,33.57083244100001]]],[[[130.052019442,33.56725058599999],[130.051832023,33.567151386999996],[130.051983191,33.567285919],[130.052019442,33.56725058599999]]],[[[130.053426589,33.569651586],[130.053302944,33.569620775000004],[130.053442114,33.569718134999995],[130.053426589,33.569651586]]],[[[130.053910532,33.570213224999996],[130.05392752300003,33.570194414],[130.053909805,33.570198333],[130.053910532,33.570213224999996]]],[[[130.053728859,33.57017944099999],[130.053780026,33.570248108],[130.053755811,33.570177775000005],[130.053728859,33.57017944099999]]],[[[130.054020363,33.570244081],[130.054046005,33.570223801999994],[130.054020272,33.57023208100001],[130.054020363,33.570244081]]]]}},{"type":"Feature","id":"40230:503020871","properties":{"id":"40230:503020871","meshCode":"503020871","cityCode":"40230","city":"糸島市","lat":33.5675994,"lon":130.0883673,"areaKm2":0.0007748,"populated2020":false,"population2020":null,"populationNote":"境界またぎ・原典収録外のため自治体内人口は未集計"},"geometry":{"type":"MultiPolygon","coordinates":[[[[130.088240272,33.567654162],[130.08840917,33.567697225],[130.088515551,33.567623333],[130.08829917,33.56751555899999],[130.088240272,33.567654162]]],[[[130.088756667,33.56803249499999],[130.08876166,33.56795472099999],[130.088658612,33.567980000000006],[130.088756667,33.56803249499999]]],[[[130.088554449,33.568447775],[130.088579442,33.56839527900001],[130.088496667,33.56841],[130.088554449,33.568447775]]],[[[130.08983917,33.568585559000006],[130.090090558,33.568627495],[130.08983917,33.568535000000004],[130.08983917,33.568585559000006]]],[[[130.089830558,33.569051108000004],[130.089707497,33.569013333],[130.089792776,33.569068054000006],[130.089830558,33.569051108000004]]]]}},{"type":"Feature","id":"40230:503020872","properties":{"id":"40230:503020872","meshCode":"503020872","cityCode":"40230","city":"糸島市","lat":33.568738,"lon":130.0993712,"areaKm2":0.0625767,"populated2020":false,"population2020":null,"populationNote":"境界またぎ・原典収録外のため自治体内人口は未集計"},"geometry":{"type":"Polygon","coordinates":[[[130.098515058,33.56666666700001],[130.098745551,33.568229613],[130.098585914,33.568529495],[130.098613722,33.568632586],[130.098742218,33.568673559],[130.098712672,33.569362441],[130.09851830100004,33.570011027],[130.098371167,33.570154386999995],[130.098124916,33.570147559],[130.097955694,33.570241441],[130.097958716,33.57036408100001],[130.098171219,33.570450387],[130.098186278,33.570680775],[130.097897004,33.570728640000006],[130.098159580943,33.57083333333333],[130.1,33.57083333333333],[130.1,33.56666666666668],[130.098515058,33.56666666700001]]]}},{"type":"Feature","id":"40230:503020881","properties":{"id":"40230:503020881","meshCode":"503020881","cityCode":"40230","city":"糸島市","lat":33.56875,"lon":130.103125,"areaKm2":0.2681478,"populated2020":false,"population2020":null,"populationNote":"境界またぎ・原典収録外のため自治体内人口は未集計"},"geometry":{"type":"Polygon","coordinates":[[[130.106233165,33.56667636],[130.1,33.56666666666668],[130.1,33.57083333333333],[130.10625,33.57083333333333],[130.106233165,33.56667636]]]}},{"type":"Feature","id":"40230:503020882","properties":{"id":"40230:503020882","meshCode":"503020882","cityCode":"40230","city":"糸島市","lat":33.5687129,"lon":130.1068495,"areaKm2":0.0607206,"populated2020":true,"population2020":20.7316,"populationNote":"2020年基準の国交省調整値"},"geometry":{"type":"Polygon","coordinates":[[[130.11036785383428,33.57083333333333],[130.109592244,33.570631559],[130.10929655,33.570435468],[130.108642049,33.57026458600001],[130.108290506,33.570021495],[130.10811725,33.569796027],[130.108082438,33.569493973],[130.107056861,33.568259441],[130.106993839,33.568018973],[130.10684061,33.567836559],[130.106722335,33.567462162],[130.106741971,33.56696855900001],[130.10648021960438,33.56666666666668],[130.10625,33.5666756505231],[130.10625,33.57083333333333],[130.11036785383428,33.57083333333333]]]}},{"type":"Feature","id":"40230:503021801","properties":{"id":"40230:503021801","meshCode":"503021801","cityCode":"40230","city":"糸島市","lat":33.5687508,"lon":130.1302627,"areaKm2":0.0812078,"populated2020":true,"population2020":140.4228,"populationNote":"2020年基準の国交省調整値"},"geometry":{"type":"MultiPolygon","coordinates":[[[[130.128409974,33.566971919],[130.128468171,33.566958],[130.128427393,33.566922721000005],[130.128409974,33.566971919]]],[[[130.128529494,33.567080694],[130.128826667,33.567369586000005],[130.129021219,33.567398829],[130.128645084,33.567079414],[130.128529494,33.567080694]]],[[[130.129519922,33.56778299999999],[130.129550298,33.567707297],[130.129497873,33.567715225],[130.129519922,33.56778299999999]]],[[[130.13125,33.56834121643816],[130.130969611,33.568140774999996],[130.131101971,33.56801422499999],[130.130959248,33.56795136],[130.130996498,33.567243747999996],[130.130365863,33.566977027],[130.13034422797276,33.56666666666668],[130.13019175100837,33.56666666666668],[130.130205525,33.567220054],[130.129728171,33.567649586],[130.129326304,33.568658667],[130.12850263300004,33.569958559],[130.128694695,33.570257613],[130.12847511,33.569996586],[130.12783951316484,33.57083333333333],[130.13125,33.57083333333334],[130.13125,33.56834121643816]]]]}},{"type":"Feature","id":"40230:503021802","properties":{"id":"40230:503021802","meshCode":"503021802","cityCode":"40230","city":"糸島市","lat":33.56875,"lon":130.134375,"areaKm2":0.2048024,"populated2020":true,"population2020":411.8559,"populationNote":"2020年基準の国交省調整値"},"geometry":{"type":"Polygon","coordinates":[[[130.135635694,33.56666666700001],[130.135874721,33.56677730599999],[130.134189637,33.567935775],[130.132915473,33.56843691899999],[130.13284703,33.568349414],[130.131912309,33.56860958600001],[130.13160297,33.568536],[130.13125,33.56834121643816],[130.13125,33.57083333333334],[130.1375,33.57083333333333],[130.1375,33.56666666666668],[130.135635694,33.56666666700001]]]}},{"type":"Feature","id":"40230:503021811","properties":{"id":"40230:503021811","meshCode":"503021811","cityCode":"40230","city":"糸島市","lat":33.56875,"lon":130.140625,"areaKm2":0.2681737,"populated2020":true,"population2020":116.5544,"populationNote":"2020年基準の国交省調整値"},"geometry":{"type":"Polygon","coordinates":[[[130.1375,33.56666666666668],[130.1375,33.57083333333333],[130.14375,33.57083333333333],[130.14375,33.56666666666668],[130.1375,33.56666666666668]]]}},{"type":"Feature","id":"40230:503021812","properties":{"id":"40230:503021812","meshCode":"503021812","cityCode":"40230","city":"糸島市","lat":33.56875,"lon":130.146875,"areaKm2":0.2681731,"populated2020":false,"population2020":null,"populationNote":"境界またぎ・原典収録外のため自治体内人口は未集計"},"geometry":{"type":"Polygon","coordinates":[[[130.14375,33.56666666666668],[130.14375,33.57083333333333],[130.15,33.57083333333333],[130.15,33.56666666666668],[130.14375,33.56666666666668]]]}},{"type":"Feature","id":"40230:503021821","properties":{"id":"40230:503021821","meshCode":"503021821","cityCode":"40230","city":"糸島市","lat":33.56875,"lon":130.153125,"areaKm2":0.2681725,"populated2020":true,"population2020":24.7792,"populationNote":"2020年基準の国交省調整値"},"geometry":{"type":"Polygon","coordinates":[[[130.15,33.56666666666668],[130.15,33.57083333333333],[130.15625,33.57083333333333],[130.15625,33.56666666666668],[130.15,33.56666666666668]]]}},{"type":"Feature","id":"40230:503021822","properties":{"id":"40230:503021822","meshCode":"503021822","cityCode":"40230","city":"糸島市","lat":33.56875,"lon":130.159375,"areaKm2":0.2681719,"populated2020":false,"population2020":null,"populationNote":"境界またぎ・原典収録外のため自治体内人口は未集計"},"geometry":{"type":"Polygon","coordinates":[[[130.15625,33.56666666666668],[130.15625,33.57083333333333],[130.1625,33.57083333333333],[130.1625,33.56666666666668],[130.15625,33.56666666666668]]]}},{"type":"Feature","id":"40230:503021831","properties":{"id":"40230:503021831","meshCode":"503021831","cityCode":"40230","city":"糸島市","lat":33.56875,"lon":130.165625,"areaKm2":0.2681713,"populated2020":false,"population2020":null,"populationNote":"境界またぎ・原典収録外のため自治体内人口は未集計"},"geometry":{"type":"Polygon","coordinates":[[[130.1625,33.56666666666668],[130.1625,33.57083333333333],[130.16875,33.57083333333334],[130.16875,33.56666666666667],[130.1625,33.56666666666668]]]}},{"type":"Feature","id":"40230:503021832","properties":{"id":"40230:503021832","meshCode":"503021832","cityCode":"40230","city":"糸島市","lat":33.56875,"lon":130.171875,"areaKm2":0.2681707,"populated2020":false,"population2020":null,"populationNote":"境界またぎ・原典収録外のため自治体内人口は未集計"},"geometry":{"type":"Polygon","coordinates":[[[130.16875,33.56666666666667],[130.16875,33.57083333333334],[130.175,33.57083333333334],[130.175,33.56666666666668],[130.16875,33.56666666666667]]]}},{"type":"Feature","id":"40230:503021841","properties":{"id":"40230:503021841","meshCode":"503021841","cityCode":"40230","city":"糸島市","lat":33.56875,"lon":130.178125,"areaKm2":0.2681701,"populated2020":false,"population2020":null,"populationNote":"境界またぎ・原典収録外のため自治体内人口は未集計"},"geometry":{"type":"Polygon","coordinates":[[[130.175,33.56666666666668],[130.175,33.57083333333334],[130.18125,33.57083333333333],[130.18125,33.56666666666668],[130.175,33.56666666666668]]]}},{"type":"Feature","id":"40230:503021842","properties":{"id":"40230:503021842","meshCode":"503021842","cityCode":"40230","city":"糸島市","lat":33.56875,"lon":130.184375,"areaKm2":0.2681695,"populated2020":true,"population2020":930.7945,"populationNote":"2020年基準の国交省調整値"},"geometry":{"type":"Polygon","coordinates":[[[130.18125,33.56666666666668],[130.18125,33.57083333333333],[130.1875,33.57083333333333],[130.1875,33.56666666666668],[130.18125,33.56666666666668]]]}},{"type":"Feature","id":"40230:503021851","properties":{"id":"40230:503021851","meshCode":"503021851","cityCode":"40230","city":"糸島市","lat":33.56875,"lon":130.190625,"areaKm2":0.268169,"populated2020":true,"population2020":91.8577,"populationNote":"2020年基準の国交省調整値"},"geometry":{"type":"Polygon","coordinates":[[[130.1875,33.56666666666668],[130.1875,33.57083333333333],[130.19375,33.57083333333333],[130.19375,33.56666666666668],[130.1875,33.56666666666668]]]}},{"type":"Feature","id":"40230:503021852","properties":{"id":"40230:503021852","meshCode":"503021852","cityCode":"40230","city":"糸島市","lat":33.56875,"lon":130.196875,"areaKm2":0.2681684,"populated2020":true,"population2020":26.6527,"populationNote":"2020年基準の国交省調整値"},"geometry":{"type":"Polygon","coordinates":[[[130.19375,33.56666666666668],[130.19375,33.57083333333333],[130.2,33.57083333333333],[130.2,33.56666666666667],[130.19375,33.56666666666668]]]}},{"type":"Feature","id":"40230:503021861","properties":{"id":"40230:503021861","meshCode":"503021861","cityCode":"40230","city":"糸島市","lat":33.56875,"lon":130.203125,"areaKm2":0.2681678,"populated2020":true,"population2020":53.347,"populationNote":"2020年基準の国交省調整値"},"geometry":{"type":"Polygon","coordinates":[[[130.2,33.56666666666667],[130.2,33.57083333333333],[130.20625,33.57083333333333],[130.20625,33.56666666666668],[130.2,33.56666666666667]]]}},{"type":"Feature","id":"40230:503021862","properties":{"id":"40230:503021862","meshCode":"503021862","cityCode":"40230","city":"糸島市","lat":33.56875,"lon":130.209375,"areaKm2":0.2681672,"populated2020":true,"population2020":73.1287,"populationNote":"2020年基準の国交省調整値"},"geometry":{"type":"Polygon","coordinates":[[[130.20625,33.56666666666668],[130.20625,33.57083333333333],[130.2125,33.57083333333333],[130.2125,33.56666666666668],[130.20625,33.56666666666668]]]}},{"type":"Feature","id":"40230:503021871","properties":{"id":"40230:503021871","meshCode":"503021871","cityCode":"40230","city":"糸島市","lat":33.56875,"lon":130.215625,"areaKm2":0.2681667,"populated2020":true,"population2020":160.1082,"populationNote":"2020年基準の国交省調整値"},"geometry":{"type":"Polygon","coordinates":[[[130.2125,33.56666666666668],[130.2125,33.57083333333333],[130.21875,33.57083333333334],[130.21875,33.56666666666668],[130.2125,33.56666666666668]]]}},{"type":"Feature","id":"40230:503021872","properties":{"id":"40230:503021872","meshCode":"503021872","cityCode":"40230","city":"糸島市","lat":33.56875,"lon":130.221875,"areaKm2":0.2681661,"populated2020":true,"population2020":737.4642,"populationNote":"2020年基準の国交省調整値"},"geometry":{"type":"Polygon","coordinates":[[[130.21875,33.56666666666668],[130.21875,33.57083333333334],[130.225,33.57083333333333],[130.225,33.56666666666668],[130.21875,33.56666666666668]]]}},{"type":"Feature","id":"40230:503021881","properties":{"id":"40230:503021881","meshCode":"503021881","cityCode":"40230","city":"糸島市","lat":33.56875,"lon":130.228125,"areaKm2":0.2681656,"populated2020":true,"population2020":1064.711,"populationNote":"2020年基準の国交省調整値"},"geometry":{"type":"Polygon","coordinates":[[[130.225,33.56666666666668],[130.225,33.57083333333333],[130.23125,33.57083333333333],[130.23125,33.56666666666668],[130.225,33.56666666666668]]]}},{"type":"Feature","id":"40230:503021882","properties":{"id":"40230:503021882","meshCode":"503021882","cityCode":"40230","city":"糸島市","lat":33.56875,"lon":130.234375,"areaKm2":0.2680162,"populated2020":true,"population2020":2588.2628,"populationNote":"2020年基準の国交省調整値"},"geometry":{"type":"Polygon","coordinates":[[[130.237236252,33.56666666700001],[130.23125,33.56666666666668],[130.23125,33.57083333333333],[130.2375,33.57083333333333],[130.2375,33.56677641632673],[130.237236252,33.56666666700001]]]}},{"type":"Feature","id":"40230:503021891","properties":{"id":"40230:503021891","meshCode":"503021891","cityCode":"40230","city":"糸島市","lat":33.5689735,"lon":130.2386983,"areaKm2":0.0759354,"populated2020":true,"population2020":null,"populationNote":"境界またぎ・原典収録外のため自治体内人口は未集計"},"geometry":{"type":"Polygon","coordinates":[[[130.240378612,33.570820559],[130.239219442,33.570464162],[130.240024721,33.568692495],[130.23884917,33.56826861300001],[130.239333061,33.56744389200001],[130.2375,33.56677641632673],[130.2375,33.57083333333333],[130.240378612,33.570820559]]]}},{"type":"Feature","id":"40230:503020834","properties":{"id":"40230:503020834","meshCode":"503020834","cityCode":"40230","city":"糸島市","lat":33.5729167,"lon":130.046875,"areaKm2":0.2273241,"populated2020":false,"population2020":null,"populationNote":"境界またぎ・原典収録外のため自治体内人口は未集計"},"geometry":{"type":"MultiPolygon","coordinates":[[[[130.044013385,33.570840802],[130.044016472,33.571799532],[130.04414655,33.57209644100001],[130.044177471,33.572399],[130.044227951,33.57251038700001],[130.0443507,33.572552892],[130.044413722,33.57273830599999],[130.044689585,33.572990559000004],[130.044954578,33.573506973],[130.044936887,33.573655613],[130.045021284,33.573748495],[130.044960947,33.573789694],[130.045144475,33.574016775],[130.045242088,33.574034585999996],[130.045166394,33.574108306],[130.045155694,33.574355613],[130.045273774,33.57434427900001],[130.045347717,33.574173973],[130.045658301,33.574297198000004],[130.045775746,33.574488973],[130.045764384,33.57457263999999],[130.046028145,33.57480136],[130.046029585,33.574942919],[130.046125136,33.575],[130.05,33.575],[130.05,33.57083333333333],[130.044013385,33.570840802]]],[[[130.04412428,33.57222125199999],[130.044129663,33.57224166699999],[130.044138003,33.57222774800001],[130.04412428,33.57222125199999]]],[[[130.044093917,33.572300162000005],[130.044127834,33.57231936],[130.044128833,33.572308387],[130.044093917,33.572300162000005]]],[[[130.044110467,33.572389667],[130.044133722,33.572380801999984],[130.044123995,33.572373252],[130.044110467,33.572389667]]],[[[130.044153139,33.572553721000006],[130.044141025,33.57253946800001],[130.044132607,33.572550054],[130.044153139,33.572553721000006]]],[[[130.044329883,33.572594946],[130.044350506,33.57260049500001],[130.044345694,33.572586667],[130.044329883,33.572594946]]],[[[130.044484994,33.572895559],[130.044505058,33.572876162],[130.044478911,33.57287216200001],[130.044484994,33.572895559]]],[[[130.04493083,33.573620414],[130.044903774,33.57363958599999],[130.044930584,33.57363222499999],[130.04493083,33.573620414]]],[[[130.044948911,33.573824495],[130.04492725,33.573836495],[130.044947886,33.57384208100001],[130.044948911,33.573824495]]],[[[130.04502572,33.57419610800001],[130.045083995,33.574175721],[130.045063139,33.574074667],[130.04502572,33.57419610800001]]],[[[130.045568029,33.574288559],[130.045569805,33.574312919],[130.04558725,33.574304027],[130.045568029,33.574288559]]],[[[130.045515914,33.574304108],[130.045516809,33.57433108099999],[130.045532477,33.574308306],[130.045515914,33.574304108]]],[[[130.045579027,33.57438566700001],[130.045566226,33.57441164],[130.045586304,33.574408],[130.045579027,33.57438566700001]]],[[[130.045753281,33.574523694],[130.045735253,33.574548081],[130.045760921,33.574544135],[130.045753281,33.574523694]]],[[[130.045808054,33.574686054],[130.045779196,33.574694667],[130.045810895,33.574691946],[130.045808054,33.574686054]]],[[[130.045969948,33.574882225],[130.045949027,33.574903],[130.045960999,33.574901108],[130.045969948,33.574882225]]],[[[130.046049637,33.574970306000004],[130.0460293,33.574989081],[130.046069922,33.574987775],[130.046049637,33.574970306000004]]]]}},{"type":"Feature","id":"40230:503020843","properties":{"id":"40230:503020843","meshCode":"503020843","cityCode":"40230","city":"糸島市","lat":33.5729167,"lon":130.053125,"areaKm2":0.1710215,"populated2020":false,"population2020":null,"populationNote":"境界またぎ・原典収録外のため自治体内人口は未集計"},"geometry":{"type":"MultiPolygon","coordinates":[[[[130.05,33.575],[130.052202996,33.574994775],[130.053219689,33.574464108],[130.053793554,33.574043198000005],[130.054335694,33.57317066699999],[130.054534475,33.57269405400001],[130.054421608,33.572246414],[130.054461894,33.572078748],[130.054339974,33.571822586],[130.05426978,33.571393306],[130.05395719241767,33.57083333333333],[130.05,33.57083333333333],[130.05,33.575]]],[[[130.054156031,33.571177054],[130.054181777,33.571166333],[130.054159948,33.571163639999995],[130.054156031,33.571177054]]],[[[130.054244695,33.571293748],[130.054276135,33.571284892],[130.054258833,33.571272586],[130.054244695,33.571293748]]],[[[130.054336329,33.571403919],[130.05428697800002,33.571396694],[130.05428655,33.57140569399999],[130.054336329,33.571403919]]],[[[130.05435083,33.57146758599999],[130.054371388,33.57145838700001],[130.054350078,33.571447946],[130.05435083,33.57146758599999]]],[[[130.054316472,33.571517468],[130.054295447,33.571510441],[130.05430131,33.57152608100001],[130.054316472,33.571517468]]],[[[130.054359196,33.57155963999999],[130.054372166,33.57153699999999],[130.054360636,33.571535667000006],[130.054359196,33.57155963999999]]],[[[130.054635642,33.57234400000001],[130.054606667,33.572375162],[130.054646615,33.572377081],[130.054635642,33.57234400000001]]],[[[130.054555746,33.57245977499999],[130.054514228,33.572446586000005],[130.054507056,33.572471414],[130.054555746,33.57245977499999]]],[[[130.053551025,33.57438430599999],[130.053563281,33.574406495],[130.053564695,33.574384775],[130.053551025,33.57438430599999]]]]}},{"type":"Feature","id":"40230:503020873","properties":{"id":"40230:503020873","meshCode":"503020873","cityCode":"40230","city":"糸島市","lat":33.574686,"lon":130.0934582,"areaKm2":0.0015588,"populated2020":false,"population2020":null,"populationNote":"境界またぎ・原典収録外のため自治体内人口は未集計"},"geometry":{"type":"MultiPolygon","coordinates":[[[[130.092289728,33.57137555900001],[130.092073333,33.571308613],[130.09206917,33.57138694599999],[130.092281946,33.57144916200001],[130.092289728,33.57137555900001]]],[[[130.093337808,33.574999999999996],[130.09369535700003,33.57458110799999],[130.093617977,33.574525559],[130.09375,33.57435966820024],[130.093375188,33.574617892],[130.093147173,33.575],[130.093337808,33.574999999999996]]]]}},{"type":"Feature","id":"40230:503020874","properties":{"id":"40230:503020874","meshCode":"503020874","cityCode":"40230","city":"糸島市","lat":33.5729134,"lon":130.0988759,"areaKm2":0.101552,"populated2020":true,"population2020":23.7226,"populationNote":"2020年基準の国交省調整値"},"geometry":{"type":"MultiPolygon","coordinates":[[[[130.098159580943,33.57083333333333],[130.098149027,33.571112865],[130.097924112,33.57145616199999],[130.098033022,33.57184864],[130.098018366,33.572159613000004],[130.097666589,33.57260577499999],[130.097737497,33.573210667],[130.097431193,33.57362336],[130.097305136,33.574215198],[130.097508197,33.574142468000005],[130.097489689,33.574294613],[130.097301971,33.574622081],[130.097413281,33.574770306],[130.097357523,33.574806946],[130.09725022,33.574667586],[130.097477756,33.574219252],[130.097276524,33.574261973],[130.09648917,33.574999999999996],[130.1,33.575],[130.1,33.57083333333333],[130.098159580943,33.57083333333333]]],[[[130.093758521,33.57443272100001],[130.093985694,33.574239080999995],[130.093938171,33.574200252],[130.09375,33.57435966820024],[130.093758521,33.57443272100001]]]]}},{"type":"Feature","id":"40230:503020883","properties":{"id":"40230:503020883","meshCode":"503020883","cityCode":"40230","city":"糸島市","lat":33.5729167,"lon":130.103125,"areaKm2":0.2681648,"populated2020":false,"population2020":null,"populationNote":"境界またぎ・原典収録外のため自治体内人口は未集計"},"geometry":{"type":"Polygon","coordinates":[[[130.1,33.57083333333333],[130.1,33.575],[130.10625,33.575],[130.10625,33.57083333333333],[130.1,33.57083333333333]]]}},{"type":"Feature","id":"40230:503020884","properties":{"id":"40230:503020884","meshCode":"503020884","cityCode":"40230","city":"糸島市","lat":33.5729167,"lon":130.109375,"areaKm2":0.255508,"populated2020":true,"population2020":48.463,"populationNote":"2020年基準の国交省調整値"},"geometry":{"type":"MultiPolygon","coordinates":[[[[130.112499416,33.571772441],[130.1125,33.57177727748452],[130.1125,33.571768845441625],[130.112499416,33.571772441]]],[[[130.112498223,33.571795333000004],[130.1125,33.57179959377945],[130.1125,33.57178454101351],[130.112498223,33.571795333000004]]],[[[130.1125,33.575],[130.11248428,33.57168389200001],[130.11153511,33.571611081],[130.11036785383428,33.57083333333333],[130.10625,33.57083333333333],[130.10625,33.575],[130.1125,33.575]]]]}},{"type":"Feature","id":"40230:503020893","properties":{"id":"40230:503020893","meshCode":"503020893","cityCode":"40230","city":"糸島市","lat":33.5729167,"lon":130.115625,"areaKm2":0.1856652,"populated2020":true,"population2020":47.4075,"populationNote":"2020年基準の国交省調整値"},"geometry":{"type":"Polygon","coordinates":[[[130.11875,33.57361957036661],[130.118445357,33.57319536],[130.118735383,33.573074162],[130.11875,33.57234028636311],[130.116863333,33.572586279],[130.116454384,33.572402414],[130.115984864,33.572298892000006],[130.115380558,33.571890081],[130.114239364,33.57172225200001],[130.113191505,33.571757747999996],[130.112509883,33.571684892],[130.1125,33.575],[130.11875,33.575],[130.11875,33.57361957036661]]]}},{"type":"Feature","id":"40230:503020894","properties":{"id":"40230:503020894","meshCode":"503020894","cityCode":"40230","city":"糸島市","lat":33.573615,"lon":130.1242151,"areaKm2":0.0789545,"populated2020":true,"population2020":54.3184,"populationNote":"2020年基準の国交省調整値"},"geometry":{"type":"MultiPolygon","coordinates":[[[[130.124384617,33.57200569399999],[130.124121582,33.57168564],[130.120877808,33.571998775],[130.124113696,33.57172082900001],[130.124384617,33.57200569399999]]],[[[130.124992866,33.57269802700001],[130.124564942,33.572228333000005],[130.124911725,33.572681495],[130.123150169,33.573791865],[130.122881284,33.573390413999995],[130.123106109,33.573802892],[130.121973476,33.57407105400001],[130.121797717,33.573544586],[130.121272802,33.573666919],[130.12145358,33.574195108],[130.120191141,33.574495414],[130.120104254,33.57423530599999],[130.120158975,33.574485775],[130.119676226,33.574604332999996],[130.119227419,33.573879495],[130.118982776,33.573986305999995],[130.11875,33.57361957036661],[130.11875,33.575],[130.125,33.57500000000001],[130.124992866,33.57269802700001]]],[[[130.11875,33.57297687125955],[130.118903748,33.572638775],[130.118859637,33.57257022500001],[130.119399053,33.572326829],[130.11947153,33.572190748],[130.119419754,33.572111829],[130.120162361,33.571375162],[130.119373554,33.572100252],[130.119116109,33.572251054000006],[130.11875,33.57234028636311],[130.11875,33.57297687125955]]]]}},{"type":"Feature","id":"40230:503021803","properties":{"id":"40230:503021803","meshCode":"503021803","cityCode":"40230","city":"糸島市","lat":33.5729167,"lon":130.128125,"areaKm2":0.2290387,"populated2020":true,"population2020":179.0491,"populationNote":"2020年基準の国交省調整値"},"geometry":{"type":"Polygon","coordinates":[[[130.12783951316484,33.57083333333333],[130.126691141,33.572049865000004],[130.125863554,33.572735748],[130.125259922,33.573006468],[130.125,33.572706694],[130.125,33.57500000000001],[130.13125,33.575],[130.13125,33.57083333333334],[130.12783951316484,33.57083333333333]]]}},{"type":"Feature","id":"40230:503021804","properties":{"id":"40230:503021804","meshCode":"503021804","cityCode":"40230","city":"糸島市","lat":33.5729167,"lon":130.134375,"areaKm2":0.2681616,"populated2020":true,"population2020":9.8597,"populationNote":"2020年基準の国交省調整値"},"geometry":{"type":"Polygon","coordinates":[[[130.13125,33.57083333333334],[130.13125,33.575],[130.1375,33.575],[130.1375,33.57083333333333],[130.13125,33.57083333333334]]]}},{"type":"Feature","id":"40230:503021813","properties":{"id":"40230:503021813","meshCode":"503021813","cityCode":"40230","city":"糸島市","lat":33.5729167,"lon":130.140625,"areaKm2":0.268161,"populated2020":false,"population2020":null,"populationNote":"境界またぎ・原典収録外のため自治体内人口は未集計"},"geometry":{"type":"Polygon","coordinates":[[[130.1375,33.57083333333333],[130.1375,33.575],[130.14375,33.57500000000001],[130.14375,33.57083333333333],[130.1375,33.57083333333333]]]}},{"type":"Feature","id":"40230:503021814","properties":{"id":"40230:503021814","meshCode":"503021814","cityCode":"40230","city":"糸島市","lat":33.5729167,"lon":130.146875,"areaKm2":0.2681604,"populated2020":true,"population2020":25.6642,"populationNote":"2020年基準の国交省調整値"},"geometry":{"type":"Polygon","coordinates":[[[130.14375,33.57083333333333],[130.14375,33.57500000000001],[130.15,33.575],[130.15,33.57083333333333],[130.14375,33.57083333333333]]]}},{"type":"Feature","id":"40230:503021823","properties":{"id":"40230:503021823","meshCode":"503021823","cityCode":"40230","city":"糸島市","lat":33.5729167,"lon":130.153125,"areaKm2":0.2681598,"populated2020":false,"population2020":null,"populationNote":"境界またぎ・原典収録外のため自治体内人口は未集計"},"geometry":{"type":"Polygon","coordinates":[[[130.15,33.57083333333333],[130.15,33.575],[130.15625,33.575],[130.15625,33.57083333333333],[130.15,33.57083333333333]]]}},{"type":"Feature","id":"40230:503021824","properties":{"id":"40230:503021824","meshCode":"503021824","cityCode":"40230","city":"糸島市","lat":33.5729167,"lon":130.159375,"areaKm2":0.2681592,"populated2020":false,"population2020":null,"populationNote":"境界またぎ・原典収録外のため自治体内人口は未集計"},"geometry":{"type":"Polygon","coordinates":[[[130.15625,33.57083333333333],[130.15625,33.575],[130.1625,33.575],[130.1625,33.57083333333333],[130.15625,33.57083333333333]]]}},{"type":"Feature","id":"40230:503021833","properties":{"id":"40230:503021833","meshCode":"503021833","cityCode":"40230","city":"糸島市","lat":33.5729167,"lon":130.165625,"areaKm2":0.2681586,"populated2020":false,"population2020":null,"populationNote":"境界またぎ・原典収録外のため自治体内人口は未集計"},"geometry":{"type":"Polygon","coordinates":[[[130.1625,33.57083333333333],[130.1625,33.575],[130.16875,33.575],[130.16875,33.57083333333334],[130.1625,33.57083333333333]]]}},{"type":"Feature","id":"40230:503021834","properties":{"id":"40230:503021834","meshCode":"503021834","cityCode":"40230","city":"糸島市","lat":33.5729167,"lon":130.171875,"areaKm2":0.268158,"populated2020":false,"population2020":null,"populationNote":"境界またぎ・原典収録外のため自治体内人口は未集計"},"geometry":{"type":"Polygon","coordinates":[[[130.16875,33.57083333333334],[130.16875,33.575],[130.175,33.575],[130.175,33.57083333333334],[130.16875,33.57083333333334]]]}},{"type":"Feature","id":"40230:503021843","properties":{"id":"40230:503021843","meshCode":"503021843","cityCode":"40230","city":"糸島市","lat":33.5729167,"lon":130.178125,"areaKm2":0.2681574,"populated2020":true,"population2020":177.7096,"populationNote":"2020年基準の国交省調整値"},"geometry":{"type":"Polygon","coordinates":[[[130.175,33.57083333333334],[130.175,33.575],[130.18125,33.575],[130.18125,33.57083333333333],[130.175,33.57083333333334]]]}},{"type":"Feature","id":"40230:503021844","properties":{"id":"40230:503021844","meshCode":"503021844","cityCode":"40230","city":"糸島市","lat":33.5729167,"lon":130.184375,"areaKm2":0.2681568,"populated2020":true,"population2020":1012.6954,"populationNote":"2020年基準の国交省調整値"},"geometry":{"type":"Polygon","coordinates":[[[130.18125,33.57083333333333],[130.18125,33.575],[130.1875,33.575],[130.1875,33.57083333333333],[130.18125,33.57083333333333]]]}},{"type":"Feature","id":"40230:503021853","properties":{"id":"40230:503021853","meshCode":"503021853","cityCode":"40230","city":"糸島市","lat":33.5729167,"lon":130.190625,"areaKm2":0.2681562,"populated2020":true,"population2020":78.0707,"populationNote":"2020年基準の国交省調整値"},"geometry":{"type":"Polygon","coordinates":[[[130.1875,33.57083333333333],[130.1875,33.575],[130.19375,33.575],[130.19375,33.57083333333333],[130.1875,33.57083333333333]]]}},{"type":"Feature","id":"40230:503021854","properties":{"id":"40230:503021854","meshCode":"503021854","cityCode":"40230","city":"糸島市","lat":33.5729167,"lon":130.196875,"areaKm2":0.2681557,"populated2020":true,"population2020":67.2868,"populationNote":"2020年基準の国交省調整値"},"geometry":{"type":"Polygon","coordinates":[[[130.19375,33.57083333333333],[130.19375,33.575],[130.2,33.574999999999996],[130.2,33.57083333333333],[130.19375,33.57083333333333]]]}},{"type":"Feature","id":"40230:503021863","properties":{"id":"40230:503021863","meshCode":"503021863","cityCode":"40230","city":"糸島市","lat":33.5729167,"lon":130.203125,"areaKm2":0.2681551,"populated2020":true,"population2020":52.3681,"populationNote":"2020年基準の国交省調整値"},"geometry":{"type":"Polygon","coordinates":[[[130.2,33.57083333333333],[130.2,33.574999999999996],[130.20625,33.57500000000001],[130.20625,33.57083333333333],[130.2,33.57083333333333]]]}},{"type":"Feature","id":"40230:503021864","properties":{"id":"40230:503021864","meshCode":"503021864","cityCode":"40230","city":"糸島市","lat":33.5729167,"lon":130.209375,"areaKm2":0.2681545,"populated2020":true,"population2020":50.4753,"populationNote":"2020年基準の国交省調整値"},"geometry":{"type":"Polygon","coordinates":[[[130.20625,33.57083333333333],[130.20625,33.57500000000001],[130.2125,33.574999999999996],[130.2125,33.57083333333333],[130.20625,33.57083333333333]]]}},{"type":"Feature","id":"40230:503021873","properties":{"id":"40230:503021873","meshCode":"503021873","cityCode":"40230","city":"糸島市","lat":33.5729167,"lon":130.215625,"areaKm2":0.268154,"populated2020":true,"population2020":143.0073,"populationNote":"2020年基準の国交省調整値"},"geometry":{"type":"Polygon","coordinates":[[[130.2125,33.57083333333333],[130.2125,33.574999999999996],[130.21875,33.575],[130.21875,33.57083333333334],[130.2125,33.57083333333333]]]}},{"type":"Feature","id":"40230:503021874","properties":{"id":"40230:503021874","meshCode":"503021874","cityCode":"40230","city":"糸島市","lat":33.5729167,"lon":130.221875,"areaKm2":0.2681534,"populated2020":true,"population2020":28.6097,"populationNote":"2020年基準の国交省調整値"},"geometry":{"type":"Polygon","coordinates":[[[130.21875,33.57083333333334],[130.21875,33.575],[130.225,33.575],[130.225,33.57083333333333],[130.21875,33.57083333333334]]]}},{"type":"Feature","id":"40230:503021883","properties":{"id":"40230:503021883","meshCode":"503021883","cityCode":"40230","city":"糸島市","lat":33.5729167,"lon":130.228125,"areaKm2":0.2681529,"populated2020":true,"population2020":311.8498,"populationNote":"2020年基準の国交省調整値"},"geometry":{"type":"Polygon","coordinates":[[[130.225,33.57083333333333],[130.225,33.575],[130.23125,33.575],[130.23125,33.57083333333333],[130.225,33.57083333333333]]]}},{"type":"Feature","id":"40230:503021884","properties":{"id":"40230:503021884","meshCode":"503021884","cityCode":"40230","city":"糸島市","lat":33.5729167,"lon":130.234375,"areaKm2":0.2681523,"populated2020":true,"population2020":1438.8657,"populationNote":"2020年基準の国交省調整値"},"geometry":{"type":"Polygon","coordinates":[[[130.23125,33.57083333333333],[130.23125,33.575],[130.2375,33.574999999999996],[130.2375,33.57083333333333],[130.23125,33.57083333333333]]]}},{"type":"Feature","id":"40230:503021893","properties":{"id":"40230:503021893","meshCode":"503021893","cityCode":"40230","city":"糸島市","lat":33.5729653,"lon":130.2390799,"areaKm2":0.1351057,"populated2020":true,"population2020":null,"populationNote":"境界またぎ・原典収録外のため自治体内人口は未集計"},"geometry":{"type":"Polygon","coordinates":[[[130.240160272,33.575],[130.241067224,33.573076667],[130.240252218,33.572853892],[130.241103061,33.57105138699999],[130.24041873085704,33.57083333333333],[130.2375,33.57083333333333],[130.2375,33.574999999999996],[130.240160272,33.575]]]}},{"type":"Feature","id":"40230:503020932","properties":{"id":"40230:503020932","meshCode":"503020932","cityCode":"40230","city":"糸島市","lat":33.5755246,"lon":130.0480102,"areaKm2":0.0297972,"populated2020":false,"population2020":null,"populationNote":"境界またぎ・原典収録外のため自治体内人口は未集計"},"geometry":{"type":"MultiPolygon","coordinates":[[[[130.046125772,33.57500064],[130.046221803,33.57503510800001],[130.046089922,33.575117586],[130.046262412,33.57551527900001],[130.046813645,33.575687225],[130.046844617,33.575771054],[130.046984475,33.575697721],[130.047286693,33.575767946],[130.04759061,33.576047721],[130.047651997,33.575678162],[130.047968949,33.575664198000005],[130.048019974,33.57558822499999],[130.048201388,33.575791413999994],[130.048278859,33.575808306],[130.048366783,33.57567861300001],[130.04838949400002,33.575786802],[130.048540467,33.57582016200001],[130.048603191,33.575779612999995],[130.048732192,33.575763748],[130.048974137,33.575810054],[130.049473087,33.57556377499999],[130.04964066100004,33.575743865],[130.049764721,33.575646802],[130.049669001,33.575565468],[130.049754228,33.57548677500001],[130.04993011700003,33.57553636],[130.049965499,33.575472252],[130.05,33.575584108],[130.05,33.575],[130.046125772,33.57500064]]],[[[130.05,33.575607802],[130.049998003,33.57561289200001],[130.05,33.575620532000016],[130.05,33.575607802]]],[[[130.046114423,33.575357694],[130.046134358,33.575366694],[130.046119663,33.575351252000004],[130.046114423,33.575357694]]],[[[130.046088975,33.575507441],[130.046126783,33.575528027],[130.046138444,33.575504027],[130.046088975,33.575507441]]],[[[130.04627808,33.575530892],[130.046226693,33.575541135],[130.04627747100002,33.575548468],[130.04627808,33.575530892]]],[[[130.046335811,33.575570467999995],[130.0463007,33.575542694000006],[130.046296304,33.575559441],[130.046335811,33.575570467999995]]],[[[130.049812802,33.57555530599999],[130.049846252,33.575600081],[130.049867497,33.57559710799999],[130.049812802,33.57555530599999]]],[[[130.046516252,33.57563866699999],[130.046566835,33.575630775],[130.046510506,33.57561230599999],[130.046516252,33.57563866699999]]],[[[130.046671505,33.575693532],[130.046705058,33.575669802],[130.046661751,33.575668387],[130.046671505,33.575693532]]],[[[130.046437613,33.575707865],[130.046465084,33.57565722499999],[130.046429663,33.575655414],[130.046437613,33.575707865]]],[[[130.047743671,33.575706829],[130.047788586,33.575695640000006],[130.047747393,33.575691694],[130.047743671,33.575706829]]],[[[130.04794489,33.575714775],[130.047976913,33.575692829],[130.047938197,33.575696252],[130.04794489,33.575714775]]],[[[130.046793217,33.575741891999996],[130.046797562,33.575701252],[130.046767471,33.57570355899999],[130.046793217,33.575741891999996]]],[[[130.046816446,33.575757225],[130.046786005,33.575771306],[130.046821141,33.57577933300001],[130.046816446,33.575757225]]],[[[130.04914038900003,33.575758667],[130.049150752,33.575784081],[130.04915988300002,33.575767586],[130.04914038900003,33.575758667]]],[[[130.04625358,33.57581074800001],[130.046221829,33.575776892],[130.046202892,33.575814532],[130.04625358,33.57581074800001]]],[[[130.048670311,33.57578761300001],[130.048619339,33.57580886499999],[130.048653307,33.575814973],[130.048670311,33.57578761300001]]],[[[130.048739416,33.575800775],[130.048727562,33.575822225],[130.048745772,33.575810829],[130.048739416,33.575800775]]],[[[130.048848444,33.575819559],[130.048818223,33.575804532],[130.048800636,33.575808441],[130.048848444,33.575819559]]],[[[130.048893217,33.575804027],[130.048878275,33.57582941399999],[130.048907912,33.575817829],[130.048893217,33.575804027]]],[[[130.04681425400003,33.57582869400001],[130.046790363,33.57586602699999],[130.04683275,33.57585066699999],[130.04681425400003,33.57582869400001]]],[[[130.048839611,33.57584925199999],[130.04882939,33.575876919],[130.048855694,33.575876775],[130.048839611,33.57584925199999]]],[[[130.047881946,33.575699946],[130.047842892,33.57600036],[130.047941855,33.576039162],[130.047983476,33.575888919],[130.047881946,33.575699946]]],[[[130.048445914,33.575898135],[130.048382581,33.575848532],[130.048396809,33.575887748],[130.048445914,33.575898135]]],[[[130.049317198,33.575881586],[130.049290467,33.57589255900001],[130.049327004,33.575891108],[130.049317198,33.575881586]]],[[[130.047205551,33.575956946],[130.047247328,33.57593038700001],[130.047186719,33.575907108],[130.047205551,33.575956946]]],[[[130.049033645,33.575953252000005],[130.049056446,33.57595646800001],[130.049055357,33.575948],[130.049033645,33.575953252000005]]],[[[130.048059805,33.576069468],[130.048171414,33.576176162],[130.048129883,33.576064667000004],[130.04819153,33.576071919],[130.048271193,33.575898054],[130.048108612,33.575783829],[130.048059805,33.576069468]]],[[[130.04826511,33.576059054],[130.048323139,33.576200613000005],[130.048423281,33.576018532],[130.048374332,33.57596116199999],[130.04826511,33.576059054]]],[[[130.047869105,33.576091973],[130.047804501,33.57608246800001],[130.047846083,33.576138775000004],[130.047869105,33.576091973]]],[[[130.046100752,33.576072135],[130.046053191,33.576135973],[130.04611725,33.576111027],[130.046100752,33.576072135]]],[[[130.0480493,33.576221667],[130.047994034,33.576252694],[130.048043385,33.576259667],[130.0480493,33.576221667]]],[[[130.047323476,33.57636286499999],[130.047327782,33.576441802],[130.047389663,33.576456333],[130.047397951,33.576379306],[130.047323476,33.57636286499999]]],[[[130.048816278,33.576347225],[130.04871642000003,33.57634636],[130.048736978,33.576505387],[130.0487762,33.576486027],[130.048816278,33.576347225]]],[[[130.046679805,33.57641822499999],[130.046594358,33.576380775000004],[130.046544747,33.576444613],[130.04659600500003,33.576476468],[130.046679805,33.57641822499999]]],[[[130.049062412,33.57661977499999],[130.049058612,33.576505495],[130.048947198,33.576449919],[130.048940337,33.576605865000005],[130.049062412,33.57661977499999]]]]}},{"type":"Feature","id":"40230:503020941","properties":{"id":"40230:503020941","meshCode":"503020941","cityCode":"40230","city":"糸島市","lat":33.5753822,"lon":130.0501829,"areaKm2":0.0069758,"populated2020":false,"population2020":null,"populationNote":"境界またぎ・原典収録外のため自治体内人口は未集計"},"geometry":{"type":"MultiPolygon","coordinates":[[[[130.050000895,33.575584864999996],[130.050125616,33.57576091899999],[130.050145616,33.57546038699999],[130.050500999,33.575358532],[130.050587588,33.57545936],[130.05065214,33.575348694],[130.05080725,33.575466081],[130.0509538,33.57547],[130.05094166,33.575396613],[130.051065914,33.575373586],[130.051351505,33.575113306],[130.051812283,33.574999999999996],[130.05,33.575],[130.050000895,33.575584864999996]]],[[[130.051844475,33.575000135],[130.05202917,33.575011919],[130.052171855,33.575084162],[130.052134916,33.574999999999996],[130.051844475,33.575000135]]],[[[130.051916809,33.57505236000001],[130.051940584,33.575055891999995],[130.051936031,33.575048081],[130.051916809,33.57505236000001]]],[[[130.051756615,33.575046279],[130.051739416,33.57507210799999],[130.051756083,33.575074108],[130.051756615,33.575046279]]],[[[130.051982996,33.57506882900001],[130.051956304,33.57508691900001],[130.051977782,33.57508346800001],[130.051982996,33.57506882900001]]],[[[130.052089533,33.575096613],[130.052073307,33.575113333],[130.05209166,33.575108613],[130.052089533,33.575096613]]],[[[130.0519338,33.575095225],[130.051926355,33.575115721],[130.051939857,33.575102386999994],[130.0519338,33.575095225]]],[[[130.05179083,33.575127414],[130.05174847,33.575149613],[130.051796835,33.575150441000005],[130.05179083,33.575127414]]],[[[130.051665525,33.575141333],[130.05163352800002,33.57516036],[130.051656394,33.575177225],[130.051665525,33.575141333]]],[[[130.052073281,33.57522353200001],[130.052058418,33.575254054],[130.052089442,33.575232108],[130.052073281,33.57522353200001]]],[[[130.050268949,33.575471613000005],[130.050278003,33.575499441],[130.050285642,33.575470829],[130.050268949,33.575471613000005]]],[[[130.05054153,33.57549389199999],[130.050541362,33.575509413999995],[130.050555888,33.575500667],[130.05054153,33.57549389199999]]],[[[130.051112581,33.575568252],[130.05107655,33.575580865],[130.051109974,33.575588694],[130.051112581,33.575568252]]],[[[130.050747173,33.575669865],[130.050853748,33.575792586],[130.050920363,33.57569164000002],[130.050988366,33.575775387],[130.051106005,33.575665946],[130.050753217,33.57546136],[130.050705188,33.575547721],[130.050802438,33.575638532],[130.050747173,33.575669865]]],[[[130.050862387,33.575810027],[130.05081374800002,33.575805775],[130.050848054,33.575831829],[130.050862387,33.575810027]]],[[[130.051152166,33.575788721],[130.051081362,33.575830919],[130.05110406,33.57588330600001],[130.051152166,33.575788721]]],[[[130.050178223,33.575915495],[130.050202866,33.576015973],[130.050243476,33.576017162],[130.050178223,33.575915495]]]]}},{"type":"Feature","id":"40230:503020962","properties":{"id":"40230:503020962","meshCode":"503020962","cityCode":"40230","city":"糸島市","lat":33.5790618,"lon":130.0874522,"areaKm2":0.0001957,"populated2020":false,"population2020":null,"populationNote":"境界またぎ・原典収録外のため自治体内人口は未集計"},"geometry":{"type":"Polygon","coordinates":[[[130.08749786000004,33.578935306000005],[130.087409754,33.579048802],[130.08737318795397,33.57916666666666],[130.0875,33.579166666666666],[130.08749786000004,33.578935306000005]]]}},{"type":"Feature","id":"40230:503020971","properties":{"id":"40230:503020971","meshCode":"503020971","cityCode":"40230","city":"糸島市","lat":33.5770833,"lon":130.090625,"areaKm2":0.1671938,"populated2020":true,"population2020":98.8541,"populationNote":"2020年基準の国交省調整値"},"geometry":{"type":"MultiPolygon","coordinates":[[[[130.088553411,33.577552387],[130.088502244,33.577571748],[130.088560506,33.57758436],[130.088553411,33.577552387]]],[[[130.088372477,33.577683252],[130.088337613,33.577690748],[130.088355447,33.577704586],[130.088372477,33.577683252]]],[[[130.088203722,33.577780802],[130.088206304,33.577803386999996],[130.088217134,33.577785694],[130.088203722,33.577780802]]],[[[130.088087639,33.577787081000004],[130.088112607,33.577790054],[130.088111803,33.577784279],[130.088087639,33.577787081000004]]],[[[130.088150415,33.57786291899999],[130.088132996,33.57787810800001],[130.088147756,33.57788102699999],[130.088150415,33.57786291899999]]],[[[130.08813144,33.57791453200001],[130.088153696,33.577928775],[130.088155499,33.57792058599999],[130.08813144,33.57791453200001]]],[[[130.088132049,33.577958441],[130.088096329,33.577964586],[130.088129416,33.577974108],[130.088132049,33.577958441]]],[[[130.088028145,33.57803855900001],[130.088063165,33.577984081],[130.087995253,33.578019829],[130.088028145,33.57803855900001]]],[[[130.08787406,33.578114414],[130.087899001,33.578149865],[130.087909728,33.57811333299999],[130.08787406,33.578114414]]],[[[130.087897951,33.578198197999996],[130.087916472,33.578187414000006],[130.087897613,33.578188892],[130.087897951,33.578198197999996]]],[[[130.087858521,33.578195918999995],[130.087855357,33.578222586],[130.08786917,33.578200495],[130.087858521,33.578195918999995]]],[[[130.09375,33.575404234107914],[130.093225642,33.57519836],[130.093337808,33.574999999999996],[130.093147173,33.575],[130.092974163,33.575245748],[130.092694553,33.575378667],[130.092508975,33.575346468],[130.091864475,33.575667693999996],[130.091504812,33.575988748],[130.091194189,33.576136495],[130.090789494,33.576599387],[130.090211855,33.576944721],[130.090276278,33.577057892],[130.09031011700003,33.577261467999996],[130.09019416300004,33.576957829],[130.089953839,33.577083667],[130.089583917,33.576939829],[130.089274643,33.577034108],[130.088929339,33.577338225],[130.088872049,33.577531108],[130.088663995,33.577555559],[130.08821786,33.577799775],[130.088180947,33.577940054],[130.08798214,33.57812136],[130.087585577,33.578769495],[130.0875,33.579166666666666],[130.09375,33.579166666666666],[130.09375,33.575404234107914]]]]}},{"type":"Feature","id":"40230:503020972","properties":{"id":"40230:503020972","meshCode":"503020972","cityCode":"40230","city":"糸島市","lat":33.5770833,"lon":130.096875,"areaKm2":0.2512984,"populated2020":true,"population2020":15.8595,"populationNote":"2020年基準の国交省調整値"},"geometry":{"type":"Polygon","coordinates":[[[130.096479001,33.575008468],[130.095603411,33.57558264],[130.09488511,33.57578655900001],[130.094848366,33.57593064],[130.094976783,33.576198919],[130.094952088,33.576225333],[130.094826057,33.575953748],[130.094856615,33.575791946],[130.093985837,33.575779999999995],[130.093892361,33.575727468],[130.094013359,33.575507613],[130.09375,33.575404234107914],[130.09375,33.579166666666666],[130.1,33.579166666666666],[130.1,33.575],[130.096479001,33.575008468]]]}},{"type":"Feature","id":"40230:503020981","properties":{"id":"40230:503020981","meshCode":"503020981","cityCode":"40230","city":"糸島市","lat":33.5770833,"lon":130.103125,"areaKm2":0.268152,"populated2020":false,"population2020":null,"populationNote":"境界またぎ・原典収録外のため自治体内人口は未集計"},"geometry":{"type":"Polygon","coordinates":[[[130.1,33.575],[130.1,33.579166666666666],[130.10625,33.57916666666666],[130.10625,33.575],[130.1,33.575]]]}},{"type":"Feature","id":"40230:503020982","properties":{"id":"40230:503020982","meshCode":"503020982","cityCode":"40230","city":"糸島市","lat":33.5770833,"lon":130.109375,"areaKm2":0.2681514,"populated2020":false,"population2020":null,"populationNote":"境界またぎ・原典収録外のため自治体内人口は未集計"},"geometry":{"type":"Polygon","coordinates":[[[130.10625,33.575],[130.10625,33.57916666666666],[130.1125,33.579166666666666],[130.1125,33.575],[130.10625,33.575]]]}},{"type":"Feature","id":"40230:503020991","properties":{"id":"40230:503020991","meshCode":"503020991","cityCode":"40230","city":"糸島市","lat":33.5770833,"lon":130.115625,"areaKm2":0.2681508,"populated2020":false,"population2020":null,"populationNote":"境界またぎ・原典収録外のため自治体内人口は未集計"},"geometry":{"type":"Polygon","coordinates":[[[130.1125,33.575],[130.1125,33.579166666666666],[130.11875,33.579166666666666],[130.11875,33.575],[130.1125,33.575]]]}},{"type":"Feature","id":"40230:503020992","properties":{"id":"40230:503020992","meshCode":"503020992","cityCode":"40230","city":"糸島市","lat":33.5770833,"lon":130.121875,"areaKm2":0.2681501,"populated2020":true,"population2020":311.4194,"populationNote":"2020年基準の国交省調整値"},"geometry":{"type":"Polygon","coordinates":[[[130.11875,33.575],[130.11875,33.579166666666666],[130.125,33.57916666666667],[130.125,33.57500000000001],[130.11875,33.575]]]}},{"type":"Feature","id":"40230:503021901","properties":{"id":"40230:503021901","meshCode":"503021901","cityCode":"40230","city":"糸島市","lat":33.5770833,"lon":130.128125,"areaKm2":0.2681495,"populated2020":false,"population2020":null,"populationNote":"境界またぎ・原典収録外のため自治体内人口は未集計"},"geometry":{"type":"Polygon","coordinates":[[[130.125,33.57500000000001],[130.125,33.57916666666667],[130.13125,33.57916666666667],[130.13125,33.575],[130.125,33.57500000000001]]]}},{"type":"Feature","id":"40230:503021902","properties":{"id":"40230:503021902","meshCode":"503021902","cityCode":"40230","city":"糸島市","lat":33.5770833,"lon":130.134375,"areaKm2":0.2681489,"populated2020":false,"population2020":null,"populationNote":"境界またぎ・原典収録外のため自治体内人口は未集計"},"geometry":{"type":"Polygon","coordinates":[[[130.13125,33.575],[130.13125,33.57916666666667],[130.1375,33.579166666666666],[130.1375,33.575],[130.13125,33.575]]]}},{"type":"Feature","id":"40230:503021911","properties":{"id":"40230:503021911","meshCode":"503021911","cityCode":"40230","city":"糸島市","lat":33.5770833,"lon":130.140625,"areaKm2":0.2681483,"populated2020":true,"population2020":55.5493,"populationNote":"2020年基準の国交省調整値"},"geometry":{"type":"Polygon","coordinates":[[[130.1375,33.575],[130.1375,33.579166666666666],[130.14375,33.57916666666666],[130.14375,33.57500000000001],[130.1375,33.575]]]}},{"type":"Feature","id":"40230:503021912","properties":{"id":"40230:503021912","meshCode":"503021912","cityCode":"40230","city":"糸島市","lat":33.5770833,"lon":130.146875,"areaKm2":0.2681477,"populated2020":true,"population2020":110.6887,"populationNote":"2020年基準の国交省調整値"},"geometry":{"type":"Polygon","coordinates":[[[130.14375,33.57500000000001],[130.14375,33.57916666666666],[130.15,33.579166666666666],[130.15,33.575],[130.14375,33.57500000000001]]]}},{"type":"Feature","id":"40230:503021921","properties":{"id":"40230:503021921","meshCode":"503021921","cityCode":"40230","city":"糸島市","lat":33.5770833,"lon":130.153125,"areaKm2":0.2681471,"populated2020":true,"population2020":31.686,"populationNote":"2020年基準の国交省調整値"},"geometry":{"type":"Polygon","coordinates":[[[130.15,33.575],[130.15,33.579166666666666],[130.15625,33.57916666666666],[130.15625,33.575],[130.15,33.575]]]}},{"type":"Feature","id":"40230:503021922","properties":{"id":"40230:503021922","meshCode":"503021922","cityCode":"40230","city":"糸島市","lat":33.5770833,"lon":130.159375,"areaKm2":0.2681465,"populated2020":false,"population2020":null,"populationNote":"境界またぎ・原典収録外のため自治体内人口は未集計"},"geometry":{"type":"Polygon","coordinates":[[[130.15625,33.575],[130.15625,33.57916666666666],[130.1625,33.579166666666666],[130.1625,33.575],[130.15625,33.575]]]}},{"type":"Feature","id":"40230:503021931","properties":{"id":"40230:503021931","meshCode":"503021931","cityCode":"40230","city":"糸島市","lat":33.5770833,"lon":130.165625,"areaKm2":0.2681459,"populated2020":false,"population2020":null,"populationNote":"境界またぎ・原典収録外のため自治体内人口は未集計"},"geometry":{"type":"Polygon","coordinates":[[[130.1625,33.575],[130.1625,33.579166666666666],[130.16875,33.57916666666666],[130.16875,33.575],[130.1625,33.575]]]}},{"type":"Feature","id":"40230:503021932","properties":{"id":"40230:503021932","meshCode":"503021932","cityCode":"40230","city":"糸島市","lat":33.5770833,"lon":130.171875,"areaKm2":0.2681453,"populated2020":true,"population2020":280.2135,"populationNote":"2020年基準の国交省調整値"},"geometry":{"type":"Polygon","coordinates":[[[130.16875,33.575],[130.16875,33.57916666666666],[130.175,33.579166666666666],[130.175,33.575],[130.16875,33.575]]]}},{"type":"Feature","id":"40230:503021941","properties":{"id":"40230:503021941","meshCode":"503021941","cityCode":"40230","city":"糸島市","lat":33.5770833,"lon":130.178125,"areaKm2":0.2681447,"populated2020":true,"population2020":460.995,"populationNote":"2020年基準の国交省調整値"},"geometry":{"type":"Polygon","coordinates":[[[130.175,33.575],[130.175,33.579166666666666],[130.18125,33.579166666666666],[130.18125,33.575],[130.175,33.575]]]}},{"type":"Feature","id":"40230:503021942","properties":{"id":"40230:503021942","meshCode":"503021942","cityCode":"40230","city":"糸島市","lat":33.5770833,"lon":130.184375,"areaKm2":0.2681441,"populated2020":true,"population2020":618.2622,"populationNote":"2020年基準の国交省調整値"},"geometry":{"type":"Polygon","coordinates":[[[130.18125,33.575],[130.18125,33.579166666666666],[130.1875,33.579166666666666],[130.1875,33.575],[130.18125,33.575]]]}},{"type":"Feature","id":"40230:503021951","properties":{"id":"40230:503021951","meshCode":"503021951","cityCode":"40230","city":"糸島市","lat":33.5770833,"lon":130.190625,"areaKm2":0.2681435,"populated2020":true,"population2020":97.9418,"populationNote":"2020年基準の国交省調整値"},"geometry":{"type":"Polygon","coordinates":[[[130.1875,33.575],[130.1875,33.579166666666666],[130.19375,33.57916666666667],[130.19375,33.575],[130.1875,33.575]]]}},{"type":"Feature","id":"40230:503021952","properties":{"id":"40230:503021952","meshCode":"503021952","cityCode":"40230","city":"糸島市","lat":33.5770833,"lon":130.196875,"areaKm2":0.268143,"populated2020":true,"population2020":96.8688,"populationNote":"2020年基準の国交省調整値"},"geometry":{"type":"Polygon","coordinates":[[[130.19375,33.575],[130.19375,33.57916666666667],[130.2,33.57916666666666],[130.2,33.574999999999996],[130.19375,33.575]]]}},{"type":"Feature","id":"40230:503021961","properties":{"id":"40230:503021961","meshCode":"503021961","cityCode":"40230","city":"糸島市","lat":33.5770833,"lon":130.203125,"areaKm2":0.2681424,"populated2020":true,"population2020":337.9556,"populationNote":"2020年基準の国交省調整値"},"geometry":{"type":"Polygon","coordinates":[[[130.2,33.574999999999996],[130.2,33.57916666666666],[130.20625,33.579166666666666],[130.20625,33.57500000000001],[130.2,33.574999999999996]]]}},{"type":"Feature","id":"40230:503021962","properties":{"id":"40230:503021962","meshCode":"503021962","cityCode":"40230","city":"糸島市","lat":33.5770833,"lon":130.209375,"areaKm2":0.2681418,"populated2020":true,"population2020":186.7443,"populationNote":"2020年基準の国交省調整値"},"geometry":{"type":"Polygon","coordinates":[[[130.20625,33.57500000000001],[130.20625,33.579166666666666],[130.2125,33.57916666666666],[130.2125,33.574999999999996],[130.20625,33.57500000000001]]]}},{"type":"Feature","id":"40230:503021971","properties":{"id":"40230:503021971","meshCode":"503021971","cityCode":"40230","city":"糸島市","lat":33.5770833,"lon":130.215625,"areaKm2":0.2681413,"populated2020":true,"population2020":76.1227,"populationNote":"2020年基準の国交省調整値"},"geometry":{"type":"Polygon","coordinates":[[[130.2125,33.574999999999996],[130.2125,33.57916666666666],[130.21875,33.579166666666666],[130.21875,33.575],[130.2125,33.574999999999996]]]}},{"type":"Feature","id":"40230:503021972","properties":{"id":"40230:503021972","meshCode":"503021972","cityCode":"40230","city":"糸島市","lat":33.5770833,"lon":130.221875,"areaKm2":0.2681407,"populated2020":true,"population2020":26.606,"populationNote":"2020年基準の国交省調整値"},"geometry":{"type":"Polygon","coordinates":[[[130.21875,33.575],[130.21875,33.579166666666666],[130.225,33.57916666666666],[130.225,33.575],[130.21875,33.575]]]}},{"type":"Feature","id":"40230:503021981","properties":{"id":"40230:503021981","meshCode":"503021981","cityCode":"40230","city":"糸島市","lat":33.5770833,"lon":130.228125,"areaKm2":0.2681402,"populated2020":true,"population2020":65.244,"populationNote":"2020年基準の国交省調整値"},"geometry":{"type":"Polygon","coordinates":[[[130.225,33.575],[130.225,33.57916666666666],[130.23125,33.579166666666666],[130.23125,33.575],[130.225,33.575]]]}},{"type":"Feature","id":"40230:503021982","properties":{"id":"40230:503021982","meshCode":"503021982","cityCode":"40230","city":"糸島市","lat":33.5770833,"lon":130.234375,"areaKm2":0.2681396,"populated2020":true,"population2020":54.3093,"populationNote":"2020年基準の国交省調整値"},"geometry":{"type":"Polygon","coordinates":[[[130.23125,33.575],[130.23125,33.579166666666666],[130.2375,33.579166666666666],[130.2375,33.574999999999996],[130.23125,33.575]]]}},{"type":"Feature","id":"40230:503021991","properties":{"id":"40230:503021991","meshCode":"503021991","cityCode":"40230","city":"糸島市","lat":33.5770154,"lon":130.2383419,"areaKm2":0.0720694,"populated2020":true,"population2020":null,"populationNote":"境界またぎ・原典収録外のため自治体内人口は未集計"},"geometry":{"type":"Polygon","coordinates":[[[130.2382209753466,33.579166666666666],[130.239622776,33.576236666999996],[130.240160272,33.575],[130.2375,33.574999999999996],[130.2375,33.579166666666666],[130.2382209753466,33.579166666666666]]]}},{"type":"Feature","id":"40230:503020964","properties":{"id":"40230:503020964","meshCode":"503020964","cityCode":"40230","city":"糸島市","lat":33.5800704,"lon":130.0873528,"areaKm2":0.0037381,"populated2020":false,"population2020":null,"populationNote":"境界またぎ・原典収録外のため自治体内人口は未集計"},"geometry":{"type":"MultiPolygon","coordinates":[[[[130.087155188,33.579910414],[130.087132438,33.57992080199999],[130.0871562,33.57991538700001],[130.087155188,33.579910414]]],[[[130.08712406,33.580001252],[130.087090026,33.580001441],[130.087114228,33.580015694000004],[130.08712406,33.580001252]]],[[[130.087371025,33.579185919000004],[130.087212088,33.57959994600001],[130.087199637,33.580036531999994],[130.0875,33.5809600311471],[130.0875,33.579166666666666],[130.087371025,33.579185919000004]]]]}},{"type":"Feature","id":"40230:503020973","properties":{"id":"40230:503020973","meshCode":"503020973","cityCode":"40230","city":"糸島市","lat":33.58125,"lon":130.090625,"areaKm2":0.2547029,"populated2020":false,"population2020":null,"populationNote":"境界またぎ・原典収録外のため自治体内人口は未集計"},"geometry":{"type":"MultiPolygon","coordinates":[[[[130.087874449,33.581997775],[130.087972503,33.581996441],[130.08794642,33.58195486500001],[130.087874449,33.581997775]]],[[[130.087926693,33.582131694],[130.087957302,33.58211010800001],[130.087943696,33.582091801999994],[130.087926693,33.582131694]]],[[[130.087877497,33.582137559],[130.087885746,33.58211274800001],[130.087856667,33.582111441],[130.087877497,33.582137559]]],[[[130.087847834,33.582182162],[130.08785856,33.58215736],[130.087850272,33.582156468],[130.087847834,33.582182162]]],[[[130.087946278,33.582431108],[130.087989689,33.582400054000004],[130.087967613,33.58238844099999],[130.087946278,33.582431108]]],[[[130.088101608,33.58251158600001],[130.088214838,33.582633693999995],[130.088216693,33.58255030600001],[130.088101608,33.58251158600001]]],[[[130.088406913,33.58292010800001],[130.088392192,33.582887829],[130.088395305,33.582918495],[130.088406913,33.58292010800001]]],[[[130.088334034,33.583307108],[130.08836260639475,33.583333333333336],[130.088369468,33.583316306],[130.088334034,33.583307108]]],[[[130.087527419,33.581011532000005],[130.087830558,33.581817865000005],[130.087982672,33.581951892],[130.088058612,33.582349532],[130.088223333,33.582491387],[130.08824572,33.582636802],[130.088490661,33.58283464000001],[130.088526226,33.583047946],[130.08883836636718,33.58333333333334],[130.09375,33.58333333333333],[130.09375,33.579166666666666],[130.0875,33.579166666666666],[130.087527419,33.581011532000005]]]]}},{"type":"Feature","id":"40230:503020974","properties":{"id":"40230:503020974","meshCode":"503020974","cityCode":"40230","city":"糸島市","lat":33.58125,"lon":130.096875,"areaKm2":0.26814,"populated2020":false,"population2020":null,"populationNote":"境界またぎ・原典収録外のため自治体内人口は未集計"},"geometry":{"type":"Polygon","coordinates":[[[130.09375,33.579166666666666],[130.09375,33.58333333333333],[130.1,33.58333333333334],[130.1,33.579166666666666],[130.09375,33.579166666666666]]]}},{"type":"Feature","id":"40230:503020983","properties":{"id":"40230:503020983","meshCode":"503020983","cityCode":"40230","city":"糸島市","lat":33.58125,"lon":130.103125,"areaKm2":0.2681393,"populated2020":false,"population2020":null,"populationNote":"境界またぎ・原典収録外のため自治体内人口は未集計"},"geometry":{"type":"Polygon","coordinates":[[[130.1,33.579166666666666],[130.1,33.58333333333334],[130.10625,33.583333333333336],[130.10625,33.57916666666666],[130.1,33.579166666666666]]]}},{"type":"Feature","id":"40230:503020984","properties":{"id":"40230:503020984","meshCode":"503020984","cityCode":"40230","city":"糸島市","lat":33.58125,"lon":130.109375,"areaKm2":0.2681387,"populated2020":false,"population2020":null,"populationNote":"境界またぎ・原典収録外のため自治体内人口は未集計"},"geometry":{"type":"Polygon","coordinates":[[[130.10625,33.57916666666666],[130.10625,33.583333333333336],[130.1125,33.58333333333334],[130.1125,33.579166666666666],[130.10625,33.57916666666666]]]}},{"type":"Feature","id":"40230:503020993","properties":{"id":"40230:503020993","meshCode":"503020993","cityCode":"40230","city":"糸島市","lat":33.58125,"lon":130.115625,"areaKm2":0.2681381,"populated2020":false,"population2020":null,"populationNote":"境界またぎ・原典収録外のため自治体内人口は未集計"},"geometry":{"type":"Polygon","coordinates":[[[130.1125,33.579166666666666],[130.1125,33.58333333333334],[130.11875,33.58333333333334],[130.11875,33.579166666666666],[130.1125,33.579166666666666]]]}},{"type":"Feature","id":"40230:503020994","properties":{"id":"40230:503020994","meshCode":"503020994","cityCode":"40230","city":"糸島市","lat":33.58125,"lon":130.121875,"areaKm2":0.2681374,"populated2020":true,"population2020":0.9924,"populationNote":"2020年基準の国交省調整値"},"geometry":{"type":"Polygon","coordinates":[[[130.11875,33.579166666666666],[130.11875,33.58333333333334],[130.125,33.583333333333336],[130.125,33.57916666666667],[130.11875,33.579166666666666]]]}},{"type":"Feature","id":"40230:503021903","properties":{"id":"40230:503021903","meshCode":"503021903","cityCode":"40230","city":"糸島市","lat":33.58125,"lon":130.128125,"areaKm2":0.2681368,"populated2020":true,"population2020":2.9721,"populationNote":"2020年基準の国交省調整値"},"geometry":{"type":"Polygon","coordinates":[[[130.125,33.57916666666667],[130.125,33.583333333333336],[130.13125,33.583333333333336],[130.13125,33.57916666666667],[130.125,33.57916666666667]]]}},{"type":"Feature","id":"40230:503021904","properties":{"id":"40230:503021904","meshCode":"503021904","cityCode":"40230","city":"糸島市","lat":33.58125,"lon":130.134375,"areaKm2":0.2681362,"populated2020":false,"population2020":null,"populationNote":"境界またぎ・原典収録外のため自治体内人口は未集計"},"geometry":{"type":"Polygon","coordinates":[[[130.13125,33.57916666666667],[130.13125,33.583333333333336],[130.1375,33.583333333333336],[130.1375,33.579166666666666],[130.13125,33.57916666666667]]]}},{"type":"Feature","id":"40230:503021913","properties":{"id":"40230:503021913","meshCode":"503021913","cityCode":"40230","city":"糸島市","lat":33.58125,"lon":130.140625,"areaKm2":0.2681356,"populated2020":false,"population2020":null,"populationNote":"境界またぎ・原典収録外のため自治体内人口は未集計"},"geometry":{"type":"Polygon","coordinates":[[[130.1375,33.579166666666666],[130.1375,33.583333333333336],[130.14375,33.583333333333336],[130.14375,33.57916666666666],[130.1375,33.579166666666666]]]}},{"type":"Feature","id":"40230:503021914","properties":{"id":"40230:503021914","meshCode":"503021914","cityCode":"40230","city":"糸島市","lat":33.58125,"lon":130.146875,"areaKm2":0.268135,"populated2020":true,"population2020":66.3332,"populationNote":"2020年基準の国交省調整値"},"geometry":{"type":"Polygon","coordinates":[[[130.14375,33.57916666666666],[130.14375,33.583333333333336],[130.15,33.583333333333336],[130.15,33.579166666666666],[130.14375,33.57916666666666]]]}},{"type":"Feature","id":"40230:503021923","properties":{"id":"40230:503021923","meshCode":"503021923","cityCode":"40230","city":"糸島市","lat":33.58125,"lon":130.153125,"areaKm2":0.2681344,"populated2020":false,"population2020":null,"populationNote":"境界またぎ・原典収録外のため自治体内人口は未集計"},"geometry":{"type":"Polygon","coordinates":[[[130.15,33.579166666666666],[130.15,33.583333333333336],[130.15625,33.58333333333334],[130.15625,33.57916666666666],[130.15,33.579166666666666]]]}},{"type":"Feature","id":"40230:503021924","properties":{"id":"40230:503021924","meshCode":"503021924","cityCode":"40230","city":"糸島市","lat":33.58125,"lon":130.159375,"areaKm2":0.2681338,"populated2020":false,"population2020":null,"populationNote":"境界またぎ・原典収録外のため自治体内人口は未集計"},"geometry":{"type":"Polygon","coordinates":[[[130.15625,33.57916666666666],[130.15625,33.58333333333334],[130.1625,33.583333333333336],[130.1625,33.579166666666666],[130.15625,33.57916666666666]]]}},{"type":"Feature","id":"40230:503021933","properties":{"id":"40230:503021933","meshCode":"503021933","cityCode":"40230","city":"糸島市","lat":33.58125,"lon":130.165625,"areaKm2":0.2681332,"populated2020":true,"population2020":76.2012,"populationNote":"2020年基準の国交省調整値"},"geometry":{"type":"Polygon","coordinates":[[[130.1625,33.579166666666666],[130.1625,33.583333333333336],[130.16875,33.583333333333336],[130.16875,33.57916666666666],[130.1625,33.579166666666666]]]}},{"type":"Feature","id":"40230:503021934","properties":{"id":"40230:503021934","meshCode":"503021934","cityCode":"40230","city":"糸島市","lat":33.58125,"lon":130.171875,"areaKm2":0.2681326,"populated2020":true,"population2020":322.0687,"populationNote":"2020年基準の国交省調整値"},"geometry":{"type":"Polygon","coordinates":[[[130.16875,33.57916666666666],[130.16875,33.583333333333336],[130.175,33.58333333333334],[130.175,33.579166666666666],[130.16875,33.57916666666666]]]}},{"type":"Feature","id":"40230:503021943","properties":{"id":"40230:503021943","meshCode":"503021943","cityCode":"40230","city":"糸島市","lat":33.58125,"lon":130.178125,"areaKm2":0.268132,"populated2020":true,"population2020":693.6697,"populationNote":"2020年基準の国交省調整値"},"geometry":{"type":"Polygon","coordinates":[[[130.175,33.579166666666666],[130.175,33.58333333333334],[130.18125,33.583333333333336],[130.18125,33.579166666666666],[130.175,33.579166666666666]]]}},{"type":"Feature","id":"40230:503021944","properties":{"id":"40230:503021944","meshCode":"503021944","cityCode":"40230","city":"糸島市","lat":33.58125,"lon":130.184375,"areaKm2":0.2681314,"populated2020":true,"population2020":471.3686,"populationNote":"2020年基準の国交省調整値"},"geometry":{"type":"Polygon","coordinates":[[[130.18125,33.579166666666666],[130.18125,33.583333333333336],[130.1875,33.583333333333336],[130.1875,33.579166666666666],[130.18125,33.579166666666666]]]}},{"type":"Feature","id":"40230:503021953","properties":{"id":"40230:503021953","meshCode":"503021953","cityCode":"40230","city":"糸島市","lat":33.58125,"lon":130.190625,"areaKm2":0.2681308,"populated2020":true,"population2020":105.6441,"populationNote":"2020年基準の国交省調整値"},"geometry":{"type":"Polygon","coordinates":[[[130.1875,33.579166666666666],[130.1875,33.583333333333336],[130.19375,33.58333333333334],[130.19375,33.57916666666667],[130.1875,33.579166666666666]]]}},{"type":"Feature","id":"40230:503021954","properties":{"id":"40230:503021954","meshCode":"503021954","cityCode":"40230","city":"糸島市","lat":33.58125,"lon":130.196875,"areaKm2":0.2681303,"populated2020":true,"population2020":26.6465,"populationNote":"2020年基準の国交省調整値"},"geometry":{"type":"Polygon","coordinates":[[[130.19375,33.57916666666667],[130.19375,33.58333333333334],[130.2,33.58333333333334],[130.2,33.57916666666666],[130.19375,33.57916666666667]]]}},{"type":"Feature","id":"40230:503021963","properties":{"id":"40230:503021963","meshCode":"503021963","cityCode":"40230","city":"糸島市","lat":33.58125,"lon":130.203125,"areaKm2":0.2681297,"populated2020":true,"population2020":72.0364,"populationNote":"2020年基準の国交省調整値"},"geometry":{"type":"Polygon","coordinates":[[[130.2,33.57916666666666],[130.2,33.58333333333334],[130.20625,33.583333333333336],[130.20625,33.579166666666666],[130.2,33.57916666666666]]]}},{"type":"Feature","id":"40230:503021964","properties":{"id":"40230:503021964","meshCode":"503021964","cityCode":"40230","city":"糸島市","lat":33.58125,"lon":130.209375,"areaKm2":0.2681291,"populated2020":true,"population2020":37.5623,"populationNote":"2020年基準の国交省調整値"},"geometry":{"type":"Polygon","coordinates":[[[130.20625,33.579166666666666],[130.20625,33.583333333333336],[130.2125,33.583333333333336],[130.2125,33.57916666666666],[130.20625,33.579166666666666]]]}},{"type":"Feature","id":"40230:503021973","properties":{"id":"40230:503021973","meshCode":"503021973","cityCode":"40230","city":"糸島市","lat":33.58125,"lon":130.215625,"areaKm2":0.2464116,"populated2020":true,"population2020":25.5804,"populationNote":"2020年基準の国交省調整値"},"geometry":{"type":"Polygon","coordinates":[[[130.21648496800003,33.583333333],[130.217524994,33.582855279],[130.218061115,33.581746387],[130.21817,33.58160416199999],[130.21875,33.58124821672627],[130.21875,33.579166666666666],[130.2125,33.57916666666666],[130.2125,33.583333333333336],[130.21648496800003,33.583333333]]]}},{"type":"Feature","id":"40230:503021974","properties":{"id":"40230:503021974","meshCode":"503021974","cityCode":"40230","city":"糸島市","lat":33.580194,"lon":130.2240897,"areaKm2":0.0665161,"populated2020":false,"population2020":null,"populationNote":"境界またぎ・原典収録外のため自治体内人口は未集計"},"geometry":{"type":"Polygon","coordinates":[[[130.218986939,33.58110638699999],[130.219156667,33.580883892],[130.219187224,33.58055610800001],[130.222628612,33.579436387],[130.222720272,33.579461946],[130.223288885,33.580298892],[130.223772503,33.580233333],[130.225,33.580859802000006],[130.225,33.57916666666666],[130.21875,33.579166666666666],[130.21875,33.58124821672627],[130.218986939,33.58110638699999]]]}},{"type":"Feature","id":"40230:503021983","properties":{"id":"40230:503021983","meshCode":"503021983","cityCode":"40230","city":"糸島市","lat":33.5797247,"lon":130.228125,"areaKm2":0.1125296,"populated2020":false,"population2020":null,"populationNote":"境界またぎ・原典収録外のため自治体内人口は未集計"},"geometry":{"type":"Polygon","coordinates":[[[130.225,33.580859802000006],[130.226699728,33.58139305400001],[130.227181115,33.580698613],[130.229254721,33.58134416200001],[130.229376667,33.581267495],[130.229908327,33.580282775],[130.23125,33.58071566451213],[130.23125,33.579166666666666],[130.225,33.57916666666666],[130.225,33.580859802000006]]]}},{"type":"Feature","id":"40230:503021984","properties":{"id":"40230:503021984","meshCode":"503021984","cityCode":"40230","city":"糸島市","lat":33.58125,"lon":130.234375,"areaKm2":0.123094,"populated2020":true,"population2020":null,"populationNote":"境界またぎ・原典収録外のため自治体内人口は未集計"},"geometry":{"type":"Polygon","coordinates":[[[130.23125,33.58071566451213],[130.234523891,33.581531946000005],[130.234671946,33.581495279000016],[130.23472,33.581367775000004],[130.234676394,33.580930279],[130.235333891,33.58090110799999],[130.236836109,33.581314162],[130.237331115,33.580328613],[130.2375,33.580378558839456],[130.2375,33.579166666666666],[130.23125,33.579166666666666],[130.23125,33.58071566451213]]]}},{"type":"Feature","id":"40230:503021993","properties":{"id":"40230:503021993","meshCode":"503021993","cityCode":"40230","city":"糸島市","lat":33.5796444,"lon":130.2377576,"areaKm2":0.0060047,"populated2020":true,"population2020":null,"populationNote":"境界またぎ・原典収録外のため自治体内人口は未集計"},"geometry":{"type":"Polygon","coordinates":[[[130.23771055800003,33.580440829000004],[130.237937224,33.57982582900001],[130.2382209753466,33.579166666666666],[130.2375,33.579166666666666],[130.2375,33.580378558839456],[130.23771055800003,33.580440829000004]]]}},{"type":"Feature","id":"40230:503030071","properties":{"id":"40230:503030071","meshCode":"503030071","cityCode":"40230","city":"糸島市","lat":33.5843562,"lon":130.0923568,"areaKm2":0.0605988,"populated2020":false,"population2020":null,"populationNote":"境界またぎ・原典収録外のため自治体内人口は未集計"},"geometry":{"type":"MultiPolygon","coordinates":[[[[130.08832919686657,33.58333333333334],[130.08835383900004,33.58333816199999],[130.08836260639475,33.583333333333336],[130.08832919686657,33.58333333333334]]],[[[130.08865625200002,33.583417774999994],[130.088615616,33.583441162],[130.088648612,33.583448198],[130.08865625200002,33.583417774999994]]],[[[130.08883511,33.583435586000014],[130.088848106,33.58341844099999],[130.08882131,33.583426198],[130.08883511,33.583435586000014]]],[[[130.089098716,33.583454559],[130.089071556,33.583446973],[130.089082529,33.583466693999995],[130.089098716,33.583454559]]],[[[130.089187445,33.583592721],[130.08919869,33.58357702700001],[130.08918703,33.583578829000004],[130.089187445,33.583592721]]],[[[130.089974968,33.58394663999999],[130.089966355,33.584007892],[130.089982309,33.58394533300001],[130.089974968,33.58394663999999]]],[[[130.090073722,33.584144559],[130.09019061,33.584000613],[130.090129857,33.583977441],[130.090073722,33.584144559]]],[[[130.090346498,33.584059802],[130.090362088,33.58408500000001],[130.090365525,33.584074306],[130.090346498,33.584059802]]],[[[130.090423139,33.584096081],[130.090369533,33.584114162],[130.090350415,33.584138829000004],[130.090423139,33.584096081]]],[[[130.093042776,33.585274919],[130.093061634,33.585294802],[130.093062724,33.585285333],[130.093042776,33.585274919]]],[[[130.092000272,33.585307559],[130.09203192,33.585270829],[130.091995162,33.585280748],[130.092000272,33.585307559]]],[[[130.092412892,33.585285892],[130.092384994,33.585306333],[130.092414617,33.585318279],[130.092412892,33.585285892]]],[[[130.093021751,33.585348775],[130.092929663,33.585356748],[130.092939468,33.58538938699999],[130.093021751,33.585348775]]],[[[130.092098495,33.58540358599999],[130.092096913,33.58537022499999],[130.092072438,33.58539077499999],[130.092098495,33.58540358599999]]],[[[130.093061414,33.58537710800001],[130.093080532,33.585424667],[130.093107977,33.585385919],[130.093061414,33.58537710800001]]],[[[130.092947224,33.585467775],[130.092917497,33.58540082900001],[130.092853606,33.585415559],[130.092877224,33.58546416200001],[130.092947224,33.585467775]]],[[[130.093114994,33.585493892],[130.093094163,33.58544666700001],[130.093067497,33.58546416200001],[130.093114994,33.585493892]]],[[[130.093392335,33.585474108],[130.093373061,33.585503559],[130.093417691,33.585490721],[130.093392335,33.585474108]]],[[[130.09301280200003,33.585534278999994],[130.093044086,33.58554289199999],[130.093025058,33.585527053999996],[130.09301280200003,33.585534278999994]]],[[[130.090645279,33.58637444099999],[130.090726939,33.586401667000004],[130.090799728,33.586334721],[130.090703061,33.586296108],[130.090645279,33.58637444099999]]],[[[130.08883836636718,33.58333333333334],[130.088863502,33.583347162],[130.08890727559213,33.58333333333334],[130.08883836636718,33.58333333333334]]],[[[130.089154916,33.58334399999999],[130.089657562,33.583736640000005],[130.090434669,33.584013748],[130.090499754,33.58408591900001],[130.090440363,33.584169972999995],[130.090552776,33.584112559000005],[130.090677834,33.58425772099999],[130.090760441,33.58420746800001],[130.090939079,33.584299586],[130.090994423,33.584507468000005],[130.091084553,33.584479198],[130.091212244,33.584681],[130.09155655,33.584804162],[130.091713165,33.58509491900001],[130.09188717300003,33.585060495],[130.092048145,33.585254891999995],[130.09247311300004,33.585244946],[130.092572218,33.585130973],[130.092695084,33.585116559],[130.093354578,33.585231748000005],[130.09375,33.585378849259826],[130.09375,33.58333333333333],[130.089154916,33.58334399999999]]]]}},{"type":"Feature","id":"40230:503030072","properties":{"id":"40230:503030072","meshCode":"503030072","cityCode":"40230","city":"糸島市","lat":33.5854167,"lon":130.096875,"areaKm2":0.1631228,"populated2020":false,"population2020":null,"populationNote":"境界またぎ・原典収録外のため自治体内人口は未集計"},"geometry":{"type":"MultiPolygon","coordinates":[[[[130.093916226,33.585555135],[130.093933554,33.585585828999996],[130.093938444,33.585572613000004],[130.093916226,33.585555135]]],[[[130.094360726,33.585769000000006],[130.094349105,33.58573646800001],[130.094336083,33.585758108],[130.094360726,33.585769000000006]]],[[[130.095574617,33.58583099999999],[130.095598638,33.585883748],[130.095627523,33.585860946000004],[130.095574617,33.58583099999999]]],[[[130.095011414,33.58605777499999],[130.095025357,33.58601308099999],[130.094969222,33.586043586],[130.095011414,33.58605777499999]]],[[[130.097252244,33.58607055899999],[130.097325305,33.586049720999995],[130.097339222,33.58601636],[130.097284838,33.586025532],[130.097252244,33.58607055899999]]],[[[130.097431894,33.58606636],[130.097324669,33.586224359999996],[130.097456835,33.58607086500001],[130.097431894,33.58606636]]],[[[130.098777562,33.586157586],[130.098760415,33.586250252],[130.098811336,33.586180721],[130.098777562,33.586157586]]],[[[130.099701051,33.586296865],[130.09974939,33.586259054],[130.09970297,33.58623825200001],[130.099701051,33.586296865]]],[[[130.098898119,33.586320667],[130.098963489,33.586313297000004],[130.098948846,33.586291288],[130.098898119,33.586320667]]],[[[130.098365357,33.586283054000006],[130.098371608,33.58639564],[130.09841061,33.586262829],[130.098365357,33.586283054000006]]],[[[130.099806978,33.586327198000006],[130.099839468,33.586340414000006],[130.099838418,33.586317495],[130.099806978,33.586327198000006]]],[[[130.1,33.58639336000001],[130.0999738,33.58636230599999],[130.099960246,33.586370495],[130.1,33.58639336000001]]],[[[130.099907886,33.58642286500001],[130.099871115,33.586446135],[130.099895837,33.586451720999996],[130.099907886,33.58642286500001]]],[[[130.099924773,33.586518829000006],[130.099938949,33.58654391899999],[130.099959974,33.586522252],[130.099924773,33.586518829000006]]],[[[130.093755188,33.585388333000004],[130.094000467,33.585460532000006],[130.094174643,33.585608333],[130.09431655,33.585552559],[130.09455856,33.585662162],[130.094775668,33.58561813499999],[130.09487269800002,33.58572569399999],[130.09497,33.585619748],[130.09519358,33.585728225],[130.095173645,33.58588289200001],[130.095829974,33.585797054],[130.096155383,33.58590161299999],[130.096197691,33.586010279],[130.096410661,33.585916532],[130.096424553,33.586073080999995],[130.096585136,33.586013559],[130.096687691,33.586118197999994],[130.096826641,33.58610027900001],[130.096877004,33.585990559],[130.097011479,33.586041108],[130.097254501,33.585948306000006],[130.097312918,33.585997252],[130.097890143,33.585757640000004],[130.098242581,33.585761919],[130.099593554,33.586098694],[130.1,33.586358532],[130.1,33.58333333333334],[130.09375,33.58333333333333],[130.093755188,33.585388333000004]]]]}},{"type":"Feature","id":"40230:503030081","properties":{"id":"40230:503030081","meshCode":"503030081","cityCode":"40230","city":"糸島市","lat":33.5854167,"lon":130.103125,"areaKm2":0.1927336,"populated2020":false,"population2020":null,"populationNote":"境界またぎ・原典収録外のため自治体内人口は未集計"},"geometry":{"type":"MultiPolygon","coordinates":[[[[130.105569689,33.585462748],[130.105615811,33.585461640000005],[130.105592438,33.585439829],[130.105569689,33.585462748]]],[[[130.1,33.58639336000001],[130.100011803,33.586384414],[130.1,33.586373559],[130.1,33.58639336000001]]],[[[130.100821219,33.586858613],[130.100869468,33.586786919],[130.100867134,33.586772919],[130.100814501,33.58679066700001],[130.100821219,33.586858613]]],[[[130.100941193,33.58693402699999],[130.100982944,33.586928306],[130.100978366,33.586914306],[130.100941193,33.58693402699999]]],[[[130.1,33.586358532],[130.100612802,33.586635559],[130.10074642,33.58660236],[130.100816226,33.58674882900001],[130.100904137,33.586725225],[130.100886252,33.586872694],[130.101046304,33.586917946],[130.1010838,33.586966892],[130.101229948,33.586951360000015],[130.10141144,33.587068721],[130.101437108,33.587243918999995],[130.101731115,33.587325135],[130.10175612706033,33.5875],[130.10257602057828,33.5875],[130.102639274,33.587326054],[130.102848911,33.58718166700001],[130.102888716,33.586809775000006],[130.10315917,33.586660802000004],[130.103131089,33.586460162],[130.103346083,33.58637930600001],[130.103353969,33.58610536],[130.104054838,33.585483252],[130.104335162,33.58538764],[130.104620441,33.58544894600001],[130.10462083,33.585609694],[130.104760246,33.585836946],[130.104667173,33.585940865],[130.104729663,33.58602336],[130.104906589,33.58604210800001],[130.105120467,33.58623427900001],[130.105400584,33.586170306],[130.105489001,33.58606922500001],[130.1053693,33.586028612999996],[130.105503281,33.585938252],[130.105465422,33.585744829],[130.105544773,33.585621694],[130.1054093,33.585356279],[130.105487808,33.58514161299999],[130.105550661,33.585165973],[130.105648301,33.584986441],[130.105935966,33.58482694600001],[130.10625,33.58475499706087],[130.10625,33.583333333333336],[130.1,33.58333333333334],[130.1,33.586358532]]]]}},{"type":"Feature","id":"40230:503030082","properties":{"id":"40230:503030082","meshCode":"503030082","cityCode":"40230","city":"糸島市","lat":33.5854167,"lon":130.109375,"areaKm2":0.2096869,"populated2020":true,"population2020":9.8984,"populationNote":"2020年基準の国交省調整値"},"geometry":{"type":"Polygon","coordinates":[[[130.10625,33.58475499706087],[130.107141634,33.584963414],[130.10775786,33.585296586],[130.108198054,33.585661495000004],[130.108501699,33.58609477500001],[130.108034968,33.586446027],[130.108181751,33.586449775],[130.108556615,33.586212279],[130.10879939,33.586468026999995],[130.109000726,33.587058054],[130.1089005639171,33.5875],[130.1125,33.58749999999999],[130.1125,33.58333333333334],[130.10625,33.583333333333336],[130.10625,33.58475499706087]]]}},{"type":"Feature","id":"40230:503030091","properties":{"id":"40230:503030091","meshCode":"503030091","cityCode":"40230","city":"糸島市","lat":33.5854167,"lon":130.115625,"areaKm2":0.2681254,"populated2020":false,"population2020":null,"populationNote":"境界またぎ・原典収録外のため自治体内人口は未集計"},"geometry":{"type":"Polygon","coordinates":[[[130.1125,33.58333333333334],[130.1125,33.58749999999999],[130.11875,33.587500000000006],[130.11875,33.58333333333334],[130.1125,33.58333333333334]]]}},{"type":"Feature","id":"40230:503030092","properties":{"id":"40230:503030092","meshCode":"503030092","cityCode":"40230","city":"糸島市","lat":33.5854167,"lon":130.121875,"areaKm2":0.2681247,"populated2020":true,"population2020":32.6867,"populationNote":"2020年基準の国交省調整値"},"geometry":{"type":"Polygon","coordinates":[[[130.11875,33.58333333333334],[130.11875,33.587500000000006],[130.125,33.587500000000006],[130.125,33.583333333333336],[130.11875,33.58333333333334]]]}},{"type":"Feature","id":"40230:503031001","properties":{"id":"40230:503031001","meshCode":"503031001","cityCode":"40230","city":"糸島市","lat":33.5854167,"lon":130.128125,"areaKm2":0.2681241,"populated2020":false,"population2020":null,"populationNote":"境界またぎ・原典収録外のため自治体内人口は未集計"},"geometry":{"type":"Polygon","coordinates":[[[130.125,33.583333333333336],[130.125,33.587500000000006],[130.13125,33.587500000000006],[130.13125,33.583333333333336],[130.125,33.583333333333336]]]}},{"type":"Feature","id":"40230:503031002","properties":{"id":"40230:503031002","meshCode":"503031002","cityCode":"40230","city":"糸島市","lat":33.5854167,"lon":130.134375,"areaKm2":0.2681235,"populated2020":false,"population2020":null,"populationNote":"境界またぎ・原典収録外のため自治体内人口は未集計"},"geometry":{"type":"Polygon","coordinates":[[[130.13125,33.583333333333336],[130.13125,33.587500000000006],[130.1375,33.5875],[130.1375,33.583333333333336],[130.13125,33.583333333333336]]]}},{"type":"Feature","id":"40230:503031011","properties":{"id":"40230:503031011","meshCode":"503031011","cityCode":"40230","city":"糸島市","lat":33.5854167,"lon":130.140625,"areaKm2":0.2681229,"populated2020":false,"population2020":null,"populationNote":"境界またぎ・原典収録外のため自治体内人口は未集計"},"geometry":{"type":"Polygon","coordinates":[[[130.1375,33.583333333333336],[130.1375,33.5875],[130.14375,33.587500000000006],[130.14375,33.583333333333336],[130.1375,33.583333333333336]]]}},{"type":"Feature","id":"40230:503031012","properties":{"id":"40230:503031012","meshCode":"503031012","cityCode":"40230","city":"糸島市","lat":33.5854167,"lon":130.146875,"areaKm2":0.2681223,"populated2020":true,"population2020":1.9708,"populationNote":"2020年基準の国交省調整値"},"geometry":{"type":"Polygon","coordinates":[[[130.14375,33.583333333333336],[130.14375,33.587500000000006],[130.15,33.587500000000006],[130.15,33.583333333333336],[130.14375,33.583333333333336]]]}},{"type":"Feature","id":"40230:503031021","properties":{"id":"40230:503031021","meshCode":"503031021","cityCode":"40230","city":"糸島市","lat":33.5854167,"lon":130.153125,"areaKm2":0.2681217,"populated2020":false,"population2020":null,"populationNote":"境界またぎ・原典収録外のため自治体内人口は未集計"},"geometry":{"type":"Polygon","coordinates":[[[130.15,33.583333333333336],[130.15,33.587500000000006],[130.15625,33.58749999999999],[130.15625,33.58333333333334],[130.15,33.583333333333336]]]}},{"type":"Feature","id":"40230:503031022","properties":{"id":"40230:503031022","meshCode":"503031022","cityCode":"40230","city":"糸島市","lat":33.5854167,"lon":130.159375,"areaKm2":0.2681211,"populated2020":true,"population2020":107.8961,"populationNote":"2020年基準の国交省調整値"},"geometry":{"type":"Polygon","coordinates":[[[130.15625,33.58333333333334],[130.15625,33.58749999999999],[130.1625,33.587500000000006],[130.1625,33.583333333333336],[130.15625,33.58333333333334]]]}},{"type":"Feature","id":"40230:503031031","properties":{"id":"40230:503031031","meshCode":"503031031","cityCode":"40230","city":"糸島市","lat":33.5854167,"lon":130.165625,"areaKm2":0.2681205,"populated2020":true,"population2020":95.0403,"populationNote":"2020年基準の国交省調整値"},"geometry":{"type":"Polygon","coordinates":[[[130.1625,33.583333333333336],[130.1625,33.587500000000006],[130.16875,33.5875],[130.16875,33.583333333333336],[130.1625,33.583333333333336]]]}},{"type":"Feature","id":"40230:503031032","properties":{"id":"40230:503031032","meshCode":"503031032","cityCode":"40230","city":"糸島市","lat":33.5854167,"lon":130.171875,"areaKm2":0.2681199,"populated2020":true,"population2020":283.3188,"populationNote":"2020年基準の国交省調整値"},"geometry":{"type":"Polygon","coordinates":[[[130.16875,33.583333333333336],[130.16875,33.5875],[130.175,33.587500000000006],[130.175,33.58333333333334],[130.16875,33.583333333333336]]]}},{"type":"Feature","id":"40230:503031041","properties":{"id":"40230:503031041","meshCode":"503031041","cityCode":"40230","city":"糸島市","lat":33.5854167,"lon":130.178125,"areaKm2":0.2681193,"populated2020":true,"population2020":145.2896,"populationNote":"2020年基準の国交省調整値"},"geometry":{"type":"Polygon","coordinates":[[[130.175,33.58333333333334],[130.175,33.587500000000006],[130.18125,33.5875],[130.18125,33.583333333333336],[130.175,33.58333333333334]]]}},{"type":"Feature","id":"40230:503031042","properties":{"id":"40230:503031042","meshCode":"503031042","cityCode":"40230","city":"糸島市","lat":33.5854167,"lon":130.184375,"areaKm2":0.2681187,"populated2020":true,"population2020":530.1286,"populationNote":"2020年基準の国交省調整値"},"geometry":{"type":"Polygon","coordinates":[[[130.18125,33.583333333333336],[130.18125,33.5875],[130.1875,33.587500000000006],[130.1875,33.583333333333336],[130.18125,33.583333333333336]]]}},{"type":"Feature","id":"40230:503031051","properties":{"id":"40230:503031051","meshCode":"503031051","cityCode":"40230","city":"糸島市","lat":33.5854167,"lon":130.190625,"areaKm2":0.2681181,"populated2020":true,"population2020":191.518,"populationNote":"2020年基準の国交省調整値"},"geometry":{"type":"Polygon","coordinates":[[[130.1875,33.583333333333336],[130.1875,33.587500000000006],[130.19375,33.587500000000006],[130.19375,33.58333333333334],[130.1875,33.583333333333336]]]}},{"type":"Feature","id":"40230:503031052","properties":{"id":"40230:503031052","meshCode":"503031052","cityCode":"40230","city":"糸島市","lat":33.5854167,"lon":130.196875,"areaKm2":0.2681175,"populated2020":true,"population2020":29.5795,"populationNote":"2020年基準の国交省調整値"},"geometry":{"type":"Polygon","coordinates":[[[130.19375,33.58333333333334],[130.19375,33.587500000000006],[130.2,33.5875],[130.2,33.58333333333334],[130.19375,33.58333333333334]]]}},{"type":"Feature","id":"40230:503031061","properties":{"id":"40230:503031061","meshCode":"503031061","cityCode":"40230","city":"糸島市","lat":33.5854167,"lon":130.203125,"areaKm2":0.268117,"populated2020":true,"population2020":117.6251,"populationNote":"2020年基準の国交省調整値"},"geometry":{"type":"Polygon","coordinates":[[[130.2,33.58333333333334],[130.2,33.5875],[130.20625,33.5875],[130.20625,33.583333333333336],[130.2,33.58333333333334]]]}},{"type":"Feature","id":"40230:503031062","properties":{"id":"40230:503031062","meshCode":"503031062","cityCode":"40230","city":"糸島市","lat":33.5854167,"lon":130.209375,"areaKm2":0.2681164,"populated2020":true,"population2020":157.8265,"populationNote":"2020年基準の国交省調整値"},"geometry":{"type":"Polygon","coordinates":[[[130.20625,33.583333333333336],[130.20625,33.5875],[130.2125,33.5875],[130.2125,33.583333333333336],[130.20625,33.583333333333336]]]}},{"type":"Feature","id":"40230:503031071","properties":{"id":"40230:503031071","meshCode":"503031071","cityCode":"40230","city":"糸島市","lat":33.5854167,"lon":130.215625,"areaKm2":0.1195229,"populated2020":true,"population2020":null,"populationNote":"境界またぎ・原典収録外のため自治体内人口は未集計"},"geometry":{"type":"Polygon","coordinates":[[[130.21321083,33.587241387],[130.21412083,33.586419721],[130.214913333,33.586160559],[130.21555166,33.585786946],[130.215976394,33.585267495000004],[130.216126667,33.584919162],[130.216333891,33.583564162],[130.21648496748776,33.58333333333333],[130.2125,33.583333333333336],[130.2125,33.5875],[130.2130742116125,33.5875],[130.21321083,33.587241387]]]}},{"type":"Feature","id":"40230:503030083","properties":{"id":"40230:503030083","meshCode":"503030083","cityCode":"40230","city":"糸島市","lat":33.5878299,"lon":130.1023741,"areaKm2":0.0043661,"populated2020":false,"population2020":null,"populationNote":"境界またぎ・原典収録外のため自治体内人口は未集計"},"geometry":{"type":"MultiPolygon","coordinates":[[[[130.102142581,33.58813102700001],[130.102198755,33.588128279],[130.102152244,33.588113162],[130.102142581,33.58813102700001]]],[[[130.102167302,33.588190081],[130.102022776,33.58819436],[130.102188495,33.588224135],[130.102167302,33.588190081]]],[[[130.105686472,33.589128108],[130.105888392,33.589271405000005],[130.10625,33.589504719595894],[130.10625,33.58937144041973],[130.105813022,33.589090279000004],[130.105869027,33.588871225],[130.105762283,33.588850135],[130.105686472,33.589128108]]],[[[130.101756719,33.58750394599999],[130.101905058,33.58753638699999],[130.10198786,33.587758441000005],[130.10212678300002,33.587692801999985],[130.10219725000002,33.587752468],[130.102026809,33.58796266699999],[130.101823061,33.588007613],[130.10188053200002,33.588115892],[130.10205489,33.588162586],[130.102106978,33.588074612999996],[130.102374864,33.588152919],[130.1023993,33.58792353199999],[130.102486589,33.58788161300001],[130.102545914,33.587966613],[130.102629611,33.587945864999995],[130.102570558,33.587834081000004],[130.102649805,33.58773491899999],[130.102472802,33.587587829],[130.102371479,33.587595135],[130.10257602057828,33.5875],[130.101756719,33.58750394599999]]],[[[130.10625,33.59150070406847],[130.10623464301565,33.591666666666676],[130.10625,33.59166666666667],[130.10625,33.59150070406847]]]]}},{"type":"Feature","id":"40230:503030084","properties":{"id":"40230:503030084","meshCode":"503030084","cityCode":"40230","city":"糸島市","lat":33.5895833,"lon":130.109375,"areaKm2":0.2160805,"populated2020":true,"population2020":152.323,"populationNote":"2020年基準の国交省調整値"},"geometry":{"type":"MultiPolygon","coordinates":[[[[130.106595162,33.589727423],[130.106671971,33.58964294599999],[130.10625,33.58937144041973],[130.10625,33.589504719595894],[130.106595162,33.589727423]]],[[[130.108899274,33.587502559],[130.10853564200002,33.588136586],[130.10794489,33.58782794599999],[130.10731939,33.587977332999984],[130.107936252,33.58786277499999],[130.10858847,33.58820586500001],[130.108457134,33.588374973],[130.108341167,33.58831533299999],[130.107934423,33.58885619800001],[130.108031997,33.588910802],[130.107887056,33.58909361300001],[130.108241479,33.589315441],[130.108512023,33.589237054],[130.108733022,33.589077333],[130.108900415,33.589226054],[130.1083807,33.589615892],[130.108148197,33.589523865],[130.108154578,33.589363495],[130.107487691,33.588988919],[130.107109494,33.588492279],[130.106705396,33.588125378],[130.106652075,33.588166829],[130.107055901,33.58852877500001],[130.107271608,33.58891217099999],[130.107639222,33.589266108000004],[130.107477977,33.58959764],[130.106612996,33.590537225],[130.106372918,33.590958162],[130.10625,33.59166666666667],[130.1125,33.591666666666676],[130.1125,33.58749999999999],[130.108899274,33.587502559]]]]}},{"type":"Feature","id":"40230:503030093","properties":{"id":"40230:503030093","meshCode":"503030093","cityCode":"40230","city":"糸島市","lat":33.5895833,"lon":130.115625,"areaKm2":0.2655839,"populated2020":true,"population2020":238.3768,"populationNote":"2020年基準の国交省調整値"},"geometry":{"type":"Polygon","coordinates":[[[130.1174252278266,33.591666666666676],[130.118395772,33.591439441000006],[130.11875,33.59128415179245],[130.11875,33.587500000000006],[130.1125,33.58749999999999],[130.1125,33.591666666666676],[130.1174252278266,33.591666666666676]]]}},{"type":"Feature","id":"40230:503030094","properties":{"id":"40230:503030094","meshCode":"503030094","cityCode":"40230","city":"糸島市","lat":33.5895833,"lon":130.121875,"areaKm2":0.1898774,"populated2020":true,"population2020":41.5195,"populationNote":"2020年基準の国交省調整値"},"geometry":{"type":"Polygon","coordinates":[[[130.118751608,33.591284081],[130.119317977,33.591146667],[130.119804695,33.59093749499999],[130.120043774,33.590934532000006],[130.120066446,33.590878053999994],[130.121557302,33.59056713499999],[130.122005499,33.590266828999994],[130.122709857,33.590074640000005],[130.125,33.58992536000001],[130.125,33.587500000000006],[130.11875,33.587500000000006],[130.118751608,33.591284081]]]}},{"type":"Feature","id":"40230:503031003","properties":{"id":"40230:503031003","meshCode":"503031003","cityCode":"40230","city":"糸島市","lat":33.5895833,"lon":130.128125,"areaKm2":0.1587374,"populated2020":false,"population2020":null,"populationNote":"境界またぎ・原典収録外のため自治体内人口は未集計"},"geometry":{"type":"Polygon","coordinates":[[[130.12503655,33.589908892000004],[130.126140752,33.589798108],[130.127094332,33.589881865],[130.128016304,33.589849865000005],[130.13125,33.59028666995991],[130.13125,33.587500000000006],[130.125,33.587500000000006],[130.12503655,33.589908892000004]]]}},{"type":"Feature","id":"40230:503031004","properties":{"id":"40230:503031004","meshCode":"503031004","cityCode":"40230","city":"糸島市","lat":33.5895833,"lon":130.134375,"areaKm2":0.2177161,"populated2020":false,"population2020":null,"populationNote":"境界またぎ・原典収録外のため自治体内人口は未集計"},"geometry":{"type":"Polygon","coordinates":[[[130.131299533,33.590299333],[130.132104617,33.590473945999996],[130.1333,33.590615135],[130.1375,33.591535020888124],[130.1375,33.5875],[130.13125,33.587500000000006],[130.131299533,33.590299333]]]}},{"type":"Feature","id":"40230:503031013","properties":{"id":"40230:503031013","meshCode":"503031013","cityCode":"40230","city":"糸島市","lat":33.5895833,"lon":130.140625,"areaKm2":0.2677895,"populated2020":true,"population2020":0.9927,"populationNote":"2020年基準の国交省調整値"},"geometry":{"type":"Polygon","coordinates":[[[130.137541751,33.591534892],[130.1378891693203,33.591666666666676],[130.14375,33.591666666666676],[130.14375,33.587500000000006],[130.1375,33.5875],[130.137541751,33.591534892]]]}},{"type":"Feature","id":"40230:503031014","properties":{"id":"40230:503031014","meshCode":"503031014","cityCode":"40230","city":"糸島市","lat":33.5895833,"lon":130.146875,"areaKm2":0.2681096,"populated2020":true,"population2020":119.4094,"populationNote":"2020年基準の国交省調整値"},"geometry":{"type":"Polygon","coordinates":[[[130.14375,33.587500000000006],[130.14375,33.591666666666676],[130.15,33.591666666666676],[130.15,33.587500000000006],[130.14375,33.587500000000006]]]}},{"type":"Feature","id":"40230:503031023","properties":{"id":"40230:503031023","meshCode":"503031023","cityCode":"40230","city":"糸島市","lat":33.5895833,"lon":130.153125,"areaKm2":0.2681089,"populated2020":true,"population2020":145.1904,"populationNote":"2020年基準の国交省調整値"},"geometry":{"type":"Polygon","coordinates":[[[130.15,33.587500000000006],[130.15,33.591666666666676],[130.15625,33.59166666666667],[130.15625,33.58749999999999],[130.15,33.587500000000006]]]}},{"type":"Feature","id":"40230:503031024","properties":{"id":"40230:503031024","meshCode":"503031024","cityCode":"40230","city":"糸島市","lat":33.5895833,"lon":130.159375,"areaKm2":0.2681083,"populated2020":true,"population2020":195.7292,"populationNote":"2020年基準の国交省調整値"},"geometry":{"type":"Polygon","coordinates":[[[130.15625,33.58749999999999],[130.15625,33.59166666666667],[130.1625,33.591666666666676],[130.1625,33.587500000000006],[130.15625,33.58749999999999]]]}},{"type":"Feature","id":"40230:503031033","properties":{"id":"40230:503031033","meshCode":"503031033","cityCode":"40230","city":"糸島市","lat":33.5895833,"lon":130.165625,"areaKm2":0.2681078,"populated2020":true,"population2020":7.938,"populationNote":"2020年基準の国交省調整値"},"geometry":{"type":"Polygon","coordinates":[[[130.1625,33.587500000000006],[130.1625,33.591666666666676],[130.16875,33.591666666666676],[130.16875,33.5875],[130.1625,33.587500000000006]]]}},{"type":"Feature","id":"40230:503031034","properties":{"id":"40230:503031034","meshCode":"503031034","cityCode":"40230","city":"糸島市","lat":33.5895833,"lon":130.171875,"areaKm2":0.2681072,"populated2020":true,"population2020":103.8492,"populationNote":"2020年基準の国交省調整値"},"geometry":{"type":"Polygon","coordinates":[[[130.16875,33.5875],[130.16875,33.591666666666676],[130.175,33.591666666666676],[130.175,33.587500000000006],[130.16875,33.5875]]]}},{"type":"Feature","id":"40230:503031043","properties":{"id":"40230:503031043","meshCode":"503031043","cityCode":"40230","city":"糸島市","lat":33.5895833,"lon":130.178125,"areaKm2":0.2681066,"populated2020":true,"population2020":88.9709,"populationNote":"2020年基準の国交省調整値"},"geometry":{"type":"Polygon","coordinates":[[[130.175,33.587500000000006],[130.175,33.591666666666676],[130.18125,33.591666666666676],[130.18125,33.5875],[130.175,33.587500000000006]]]}},{"type":"Feature","id":"40230:503031044","properties":{"id":"40230:503031044","meshCode":"503031044","cityCode":"40230","city":"糸島市","lat":33.5895833,"lon":130.184375,"areaKm2":0.268106,"populated2020":true,"population2020":186.8723,"populationNote":"2020年基準の国交省調整値"},"geometry":{"type":"Polygon","coordinates":[[[130.18125,33.5875],[130.18125,33.591666666666676],[130.1875,33.591666666666676],[130.1875,33.587500000000006],[130.18125,33.5875]]]}},{"type":"Feature","id":"40230:503031053","properties":{"id":"40230:503031053","meshCode":"503031053","cityCode":"40230","city":"糸島市","lat":33.5895833,"lon":130.190625,"areaKm2":0.2681054,"populated2020":false,"population2020":null,"populationNote":"境界またぎ・原典収録外のため自治体内人口は未集計"},"geometry":{"type":"Polygon","coordinates":[[[130.1875,33.587500000000006],[130.1875,33.591666666666676],[130.19375,33.591666666666676],[130.19375,33.587500000000006],[130.1875,33.587500000000006]]]}},{"type":"Feature","id":"40230:503031054","properties":{"id":"40230:503031054","meshCode":"503031054","cityCode":"40230","city":"糸島市","lat":33.5895833,"lon":130.196875,"areaKm2":0.2681048,"populated2020":true,"population2020":75.1354,"populationNote":"2020年基準の国交省調整値"},"geometry":{"type":"Polygon","coordinates":[[[130.19375,33.587500000000006],[130.19375,33.591666666666676],[130.2,33.591666666666676],[130.2,33.5875],[130.19375,33.587500000000006]]]}},{"type":"Feature","id":"40230:503031063","properties":{"id":"40230:503031063","meshCode":"503031063","cityCode":"40230","city":"糸島市","lat":33.5895833,"lon":130.203125,"areaKm2":0.2681043,"populated2020":true,"population2020":97.9211,"populationNote":"2020年基準の国交省調整値"},"geometry":{"type":"Polygon","coordinates":[[[130.2,33.5875],[130.2,33.591666666666676],[130.20625,33.591666666666676],[130.20625,33.5875],[130.2,33.5875]]]}},{"type":"Feature","id":"40230:503031064","properties":{"id":"40230:503031064","meshCode":"503031064","cityCode":"40230","city":"糸島市","lat":33.5895833,"lon":130.209375,"areaKm2":0.2454663,"populated2020":false,"population2020":null,"populationNote":"境界またぎ・原典収録外のため自治体内人口は未集計"},"geometry":{"type":"Polygon","coordinates":[[[130.21165538313608,33.591666666666676],[130.21193166,33.59045944100001],[130.211808885,33.590095279],[130.211787497,33.588985],[130.211913061,33.588618333],[130.2125,33.58822460363991],[130.2125,33.5875],[130.20625,33.5875],[130.20625,33.591666666666676],[130.21165538313608,33.591666666666676]]]}},{"type":"Feature","id":"40230:503031073","properties":{"id":"40230:503031073","meshCode":"503031073","cityCode":"40230","city":"糸島市","lat":33.5880067,"lon":130.2125739,"areaKm2":0.0020252,"populated2020":true,"population2020":null,"populationNote":"境界またぎ・原典収録外のため自治体内人口は未集計"},"geometry":{"type":"Polygon","coordinates":[[[130.212526667,33.588192495],[130.212768885,33.58782082900001],[130.2130742116125,33.5875],[130.2125,33.5875],[130.212526667,33.588192495]]]}},{"type":"Feature","id":"40230:503030181","properties":{"id":"40230:503030181","meshCode":"503030181","cityCode":"40230","city":"糸島市","lat":33.5920567,"lon":130.1062444,"areaKm2":0.00017,"populated2020":false,"population2020":null,"populationNote":"境界またぎ・原典収録外のため自治体内人口は未集計"},"geometry":{"type":"MultiPolygon","coordinates":[[[[130.10625,33.59166666666667],[130.106205811,33.591765387],[130.10625,33.59242591037346],[130.10625,33.59166666666667]]],[[[130.10625,33.592567219897646],[130.10624786,33.59265919799999],[130.10625,33.592670714874046],[130.10625,33.592567219897646]]]]}},{"type":"Feature","id":"40230:503030182","properties":{"id":"40230:503030182","meshCode":"503030182","cityCode":"40230","city":"糸島市","lat":33.59375,"lon":130.109375,"areaKm2":0.2180105,"populated2020":true,"population2020":118.6964,"populationNote":"2020年基準の国交省調整値"},"geometry":{"type":"Polygon","coordinates":[[[130.10625,33.59166666666667],[130.106288223,33.592882306],[130.106425499,33.593235919],[130.107390143,33.59495464],[130.107459442,33.595757775],[130.107321556,33.595736495],[130.10716240643612,33.59583333333334],[130.10853077552804,33.59583333333333],[130.108986394,33.595450225],[130.109314773,33.595305532],[130.11107594,33.595122919],[130.112094086,33.59484819800001],[130.1125,33.59464800417874],[130.1125,33.591666666666676],[130.10625,33.59166666666667]]]}},{"type":"Feature","id":"40230:503030191","properties":{"id":"40230:503030191","meshCode":"503030191","cityCode":"40230","city":"糸島市","lat":33.5931623,"lon":130.113668,"areaKm2":0.0728437,"populated2020":true,"population2020":52.4437,"populationNote":"2020年基準の国交省調整値"},"geometry":{"type":"Polygon","coordinates":[[[130.112502802,33.594643198],[130.113245253,33.594209414],[130.11344978,33.593975027],[130.114617951,33.593314279],[130.11510978,33.592924414],[130.1174252278266,33.591666666666676],[130.1125,33.591666666666676],[130.112502802,33.594643198]]]}},{"type":"Feature","id":"40230:503031111","properties":{"id":"40230:503031111","meshCode":"503031111","cityCode":"40230","city":"糸島市","lat":33.5927204,"lon":130.1424733,"areaKm2":0.0578946,"populated2020":false,"population2020":null,"populationNote":"境界またぎ・原典収録外のため自治体内人口は未集計"},"geometry":{"type":"Polygon","coordinates":[[[130.13788917,33.59166666699999],[130.140520415,33.592470775],[130.14375,33.59372766876892],[130.14375,33.591666666666676],[130.13788917,33.59166666699999]]]}},{"type":"Feature","id":"40230:503031112","properties":{"id":"40230:503031112","meshCode":"503031112","cityCode":"40230","city":"糸島市","lat":33.59375,"lon":130.146875,"areaKm2":0.2221593,"populated2020":true,"population2020":23.6824,"populationNote":"2020年基準の国交省調整値"},"geometry":{"type":"Polygon","coordinates":[[[130.14375,33.59372766876892],[130.145751634,33.594751559],[130.146785422,33.595363225],[130.14739773793167,33.59583333333333],[130.14761036787925,33.59583333333333],[130.147588106,33.59571174800001],[130.147804747,33.59550486500001],[130.147346939,33.595222748],[130.147145058,33.594761694],[130.147001141,33.594647829],[130.147141141,33.59451436000001],[130.147499663,33.594396919000005],[130.147629857,33.594259667],[130.147567497,33.59391697300001],[130.147393696,33.593712721],[130.147587691,33.593169026999995],[130.147523528,33.592915027],[130.147613022,33.592935721],[130.147662477,33.593177748],[130.147469364,33.59370810800001],[130.147639364,33.593897279000004],[130.147704086,33.594272612999994],[130.147543217,33.59444861299999],[130.147220636,33.594546919],[130.147101089,33.59466510800001],[130.147236083,33.59468677500001],[130.147351582,33.59513513500001],[130.147365357,33.595147225],[130.148006278,33.59486564000001],[130.148142503,33.59484964000001],[130.148428197,33.594523946],[130.148769105,33.59428174800001],[130.148783385,33.594077919],[130.148915746,33.59398486500001],[130.148801193,33.594084413999994],[130.148786589,33.59429008099999],[130.148441894,33.594534225000004],[130.148149442,33.594866532],[130.147382477,33.59516933300001],[130.147857951,33.595520387],[130.147644553,33.595701414],[130.14764037144494,33.59583333333333],[130.15,33.59583333333333],[130.15,33.591666666666676],[130.14375,33.591666666666676],[130.14375,33.59372766876892]]]}},{"type":"Feature","id":"40230:503031121","properties":{"id":"40230:503031121","meshCode":"503031121","cityCode":"40230","city":"糸島市","lat":33.59375,"lon":130.153125,"areaKm2":0.2680962,"populated2020":true,"population2020":65.9304,"populationNote":"2020年基準の国交省調整値"},"geometry":{"type":"Polygon","coordinates":[[[130.15,33.591666666666676],[130.15,33.59583333333333],[130.15625,33.59583333333333],[130.15625,33.59166666666667],[130.15,33.591666666666676]]]}},{"type":"Feature","id":"40230:503031122","properties":{"id":"40230:503031122","meshCode":"503031122","cityCode":"40230","city":"糸島市","lat":33.59375,"lon":130.159375,"areaKm2":0.2680956,"populated2020":true,"population2020":1.9816,"populationNote":"2020年基準の国交省調整値"},"geometry":{"type":"Polygon","coordinates":[[[130.15625,33.59166666666667],[130.15625,33.59583333333333],[130.1625,33.59583333333333],[130.1625,33.591666666666676],[130.15625,33.59166666666667]]]}},{"type":"Feature","id":"40230:503031131","properties":{"id":"40230:503031131","meshCode":"503031131","cityCode":"40230","city":"糸島市","lat":33.59375,"lon":130.165625,"areaKm2":0.268095,"populated2020":false,"population2020":null,"populationNote":"境界またぎ・原典収録外のため自治体内人口は未集計"},"geometry":{"type":"Polygon","coordinates":[[[130.1625,33.591666666666676],[130.1625,33.59583333333333],[130.16875,33.59583333333334],[130.16875,33.591666666666676],[130.1625,33.591666666666676]]]}},{"type":"Feature","id":"40230:503031132","properties":{"id":"40230:503031132","meshCode":"503031132","cityCode":"40230","city":"糸島市","lat":33.59375,"lon":130.171875,"areaKm2":0.2680944,"populated2020":false,"population2020":null,"populationNote":"境界またぎ・原典収録外のため自治体内人口は未集計"},"geometry":{"type":"Polygon","coordinates":[[[130.16875,33.591666666666676],[130.16875,33.59583333333334],[130.175,33.59583333333334],[130.175,33.591666666666676],[130.16875,33.591666666666676]]]}},{"type":"Feature","id":"40230:503031141","properties":{"id":"40230:503031141","meshCode":"503031141","cityCode":"40230","city":"糸島市","lat":33.59375,"lon":130.178125,"areaKm2":0.2680939,"populated2020":true,"population2020":2.9881,"populationNote":"2020年基準の国交省調整値"},"geometry":{"type":"Polygon","coordinates":[[[130.175,33.591666666666676],[130.175,33.59583333333334],[130.18125,33.59583333333333],[130.18125,33.591666666666676],[130.175,33.591666666666676]]]}},{"type":"Feature","id":"40230:503031142","properties":{"id":"40230:503031142","meshCode":"503031142","cityCode":"40230","city":"糸島市","lat":33.59375,"lon":130.184375,"areaKm2":0.2680933,"populated2020":true,"population2020":87.8396,"populationNote":"2020年基準の国交省調整値"},"geometry":{"type":"Polygon","coordinates":[[[130.18125,33.591666666666676],[130.18125,33.59583333333333],[130.1875,33.59583333333333],[130.1875,33.591666666666676],[130.18125,33.591666666666676]]]}},{"type":"Feature","id":"40230:503031151","properties":{"id":"40230:503031151","meshCode":"503031151","cityCode":"40230","city":"糸島市","lat":33.59375,"lon":130.190625,"areaKm2":0.2680927,"populated2020":true,"population2020":23.7323,"populationNote":"2020年基準の国交省調整値"},"geometry":{"type":"Polygon","coordinates":[[[130.1875,33.591666666666676],[130.1875,33.59583333333333],[130.19375,33.59583333333333],[130.19375,33.591666666666676],[130.1875,33.591666666666676]]]}},{"type":"Feature","id":"40230:503031152","properties":{"id":"40230:503031152","meshCode":"503031152","cityCode":"40230","city":"糸島市","lat":33.59375,"lon":130.196875,"areaKm2":0.2680921,"populated2020":false,"population2020":null,"populationNote":"境界またぎ・原典収録外のため自治体内人口は未集計"},"geometry":{"type":"Polygon","coordinates":[[[130.19375,33.591666666666676],[130.19375,33.59583333333333],[130.2,33.59583333333333],[130.2,33.591666666666676],[130.19375,33.591666666666676]]]}},{"type":"Feature","id":"40230:503031161","properties":{"id":"40230:503031161","meshCode":"503031161","cityCode":"40230","city":"糸島市","lat":33.59375,"lon":130.203125,"areaKm2":0.2680916,"populated2020":true,"population2020":13.8392,"populationNote":"2020年基準の国交省調整値"},"geometry":{"type":"Polygon","coordinates":[[[130.2,33.591666666666676],[130.2,33.59583333333333],[130.20625,33.59583333333333],[130.20625,33.591666666666676],[130.2,33.591666666666676]]]}},{"type":"Feature","id":"40230:503031162","properties":{"id":"40230:503031162","meshCode":"503031162","cityCode":"40230","city":"糸島市","lat":33.59375,"lon":130.209375,"areaKm2":0.1741112,"populated2020":false,"population2020":null,"populationNote":"境界またぎ・原典収録外のため自治体内人口は未集計"},"geometry":{"type":"Polygon","coordinates":[[[130.210278327,33.595488333],[130.209845837,33.594731667],[130.209796667,33.594423892],[130.210014721,33.593334162],[130.210296939,33.593180279],[130.210523891,33.59294444100001],[130.21071083,33.592316108],[130.21148083,33.591846946000004],[130.21165538313608,33.591666666666676],[130.20625,33.591666666666676],[130.20625,33.59583333333333],[130.21031304436403,33.59583333333333],[130.210278327,33.595488333]]]}},{"type":"Feature","id":"40230:503030184","properties":{"id":"40230:503030184","meshCode":"503030184","cityCode":"40230","city":"糸島市","lat":33.5964791,"lon":130.1075569,"areaKm2":0.0115778,"populated2020":false,"population2020":null,"populationNote":"境界またぎ・原典収録外のため自治体内人口は未集計"},"geometry":{"type":"MultiPolygon","coordinates":[[[[130.10858166,33.596552225],[130.108516939,33.596575279],[130.108570272,33.596613054],[130.10858166,33.596552225]]],[[[130.10836083,33.59661249500001],[130.10828083,33.596614441],[130.108325279,33.596704441],[130.108367224,33.596692225],[130.10836083,33.59661249500001]]],[[[130.107153139,33.595841027],[130.107068807,33.59609008099999],[130.107184449,33.59632689200001],[130.10717939,33.59646316199999],[130.107108911,33.596484747999995],[130.107152114,33.59663258599999],[130.107402555,33.596774225],[130.107420117,33.596973252],[130.107578171,33.59707619800001],[130.107679974,33.59683664],[130.10784655,33.596795748000005],[130.108028755,33.597118135],[130.108033645,33.59655066700002],[130.107949533,33.596388135],[130.108054384,33.596427305999995],[130.108005422,33.596329829],[130.108066304,33.59627636],[130.108205227,33.596323694],[130.108147782,33.596201468000004],[130.108256355,33.59616141400001],[130.108348106,33.596372973],[130.108411855,33.596356467999996],[130.108389883,33.595927413999995],[130.10853077552804,33.59583333333333],[130.107153139,33.595841027]]]]}},{"type":"Feature","id":"40230:503031114","properties":{"id":"40230:503031114","meshCode":"503031114","cityCode":"40230","city":"糸島市","lat":33.5967442,"lon":130.1494311,"areaKm2":0.0231541,"populated2020":false,"population2020":null,"populationNote":"境界またぎ・原典収録外のため自治体内人口は未集計"},"geometry":{"type":"MultiPolygon","coordinates":[[[[130.14739773793167,33.59583333333333],[130.14753856,33.59592897299999],[130.14761036787925,33.59583333333333],[130.14739773793167,33.59583333333333]]],[[[130.147555577,33.595941252],[130.148844384,33.59673049500001],[130.15,33.597680252],[130.15,33.59583333333333],[130.14764037144494,33.59583333333333],[130.147555577,33.595941252]]]]}},{"type":"Feature","id":"40230:503031123","properties":{"id":"40230:503031123","meshCode":"503031123","cityCode":"40230","city":"糸島市","lat":33.5979167,"lon":130.153125,"areaKm2":0.2338483,"populated2020":true,"population2020":1.9841,"populationNote":"2020年基準の国交省調整値"},"geometry":{"type":"Polygon","coordinates":[[[130.150003943,33.59768330600001],[130.152824773,33.60000000000001],[130.15625,33.6],[130.15625,33.59583333333333],[130.15,33.59583333333333],[130.150003943,33.59768330600001]]]}},{"type":"Feature","id":"40230:503031124","properties":{"id":"40230:503031124","meshCode":"503031124","cityCode":"40230","city":"糸島市","lat":33.5979167,"lon":130.159375,"areaKm2":0.2680829,"populated2020":false,"population2020":null,"populationNote":"境界またぎ・原典収録外のため自治体内人口は未集計"},"geometry":{"type":"Polygon","coordinates":[[[130.15625,33.59583333333333],[130.15625,33.6],[130.1625,33.60000000000001],[130.1625,33.59583333333333],[130.15625,33.59583333333333]]]}},{"type":"Feature","id":"40230:503031133","properties":{"id":"40230:503031133","meshCode":"503031133","cityCode":"40230","city":"糸島市","lat":33.5979167,"lon":130.165625,"areaKm2":0.2680823,"populated2020":false,"population2020":null,"populationNote":"境界またぎ・原典収録外のため自治体内人口は未集計"},"geometry":{"type":"Polygon","coordinates":[[[130.1625,33.59583333333333],[130.1625,33.60000000000001],[130.16875,33.60000000000001],[130.16875,33.59583333333334],[130.1625,33.59583333333333]]]}},{"type":"Feature","id":"40230:503031134","properties":{"id":"40230:503031134","meshCode":"503031134","cityCode":"40230","city":"糸島市","lat":33.5979167,"lon":130.171875,"areaKm2":0.2680817,"populated2020":false,"population2020":null,"populationNote":"境界またぎ・原典収録外のため自治体内人口は未集計"},"geometry":{"type":"Polygon","coordinates":[[[130.16875,33.59583333333334],[130.16875,33.60000000000001],[130.175,33.6],[130.175,33.59583333333334],[130.16875,33.59583333333334]]]}},{"type":"Feature","id":"40230:503031143","properties":{"id":"40230:503031143","meshCode":"503031143","cityCode":"40230","city":"糸島市","lat":33.5979167,"lon":130.178125,"areaKm2":0.2680811,"populated2020":true,"population2020":3.9558,"populationNote":"2020年基準の国交省調整値"},"geometry":{"type":"Polygon","coordinates":[[[130.175,33.59583333333334],[130.175,33.6],[130.18125,33.6],[130.18125,33.59583333333333],[130.175,33.59583333333334]]]}},{"type":"Feature","id":"40230:503031144","properties":{"id":"40230:503031144","meshCode":"503031144","cityCode":"40230","city":"糸島市","lat":33.5979167,"lon":130.184375,"areaKm2":0.2680806,"populated2020":true,"population2020":34.6904,"populationNote":"2020年基準の国交省調整値"},"geometry":{"type":"Polygon","coordinates":[[[130.18125,33.59583333333333],[130.18125,33.6],[130.1875,33.6],[130.1875,33.59583333333333],[130.18125,33.59583333333333]]]}},{"type":"Feature","id":"40230:503031153","properties":{"id":"40230:503031153","meshCode":"503031153","cityCode":"40230","city":"糸島市","lat":33.5979167,"lon":130.190625,"areaKm2":0.26808,"populated2020":true,"population2020":26.7317,"populationNote":"2020年基準の国交省調整値"},"geometry":{"type":"Polygon","coordinates":[[[130.1875,33.59583333333333],[130.1875,33.6],[130.19375,33.6],[130.19375,33.59583333333333],[130.1875,33.59583333333333]]]}},{"type":"Feature","id":"40230:503031154","properties":{"id":"40230:503031154","meshCode":"503031154","cityCode":"40230","city":"糸島市","lat":33.5979167,"lon":130.196875,"areaKm2":0.2680794,"populated2020":false,"population2020":null,"populationNote":"境界またぎ・原典収録外のため自治体内人口は未集計"},"geometry":{"type":"Polygon","coordinates":[[[130.19375,33.59583333333333],[130.19375,33.6],[130.2,33.6],[130.2,33.59583333333333],[130.19375,33.59583333333333]]]}},{"type":"Feature","id":"40230:503031163","properties":{"id":"40230:503031163","meshCode":"503031163","cityCode":"40230","city":"糸島市","lat":33.5979167,"lon":130.203125,"areaKm2":0.2680788,"populated2020":true,"population2020":50.2056,"populationNote":"2020年基準の国交省調整値"},"geometry":{"type":"Polygon","coordinates":[[[130.2,33.59583333333333],[130.2,33.6],[130.20625,33.6],[130.20625,33.59583333333333],[130.2,33.59583333333333]]]}},{"type":"Feature","id":"40230:503031164","properties":{"id":"40230:503031164","meshCode":"503031164","cityCode":"40230","city":"糸島市","lat":33.5979525,"lon":130.2068763,"areaKm2":0.0853375,"populated2020":false,"population2020":null,"populationNote":"境界またぎ・原典収録外のため自治体内人口は未集計"},"geometry":{"type":"Polygon","coordinates":[[[130.20902642,33.6],[130.20795360600002,33.598765279],[130.207898327,33.598334721],[130.207398327,33.597808892],[130.207303061,33.596898613],[130.207425837,33.596606108],[130.207664994,33.596488054],[130.209723061,33.596547494999996],[130.210005279,33.596424162],[130.210213891,33.596157495],[130.21031304436403,33.59583333333333],[130.20625,33.59583333333333],[130.20625,33.6],[130.20902642,33.6]]]}},{"type":"Feature","id":"40230:503031221","properties":{"id":"40230:503031221","meshCode":"503031221","cityCode":"40230","city":"糸島市","lat":33.6012856,"lon":130.155345,"areaKm2":0.0473325,"populated2020":false,"population2020":null,"populationNote":"境界またぎ・原典収録外のため自治体内人口は未集計"},"geometry":{"type":"Polygon","coordinates":[[[130.152824773,33.60000000000001],[130.154086809,33.600924468],[130.154122996,33.601103054000006],[130.153875383,33.601289559],[130.154098106,33.60143236],[130.154219585,33.601384775],[130.154198495,33.601281667],[130.154279585,33.60123172099999],[130.15440406,33.601252748],[130.154561894,33.601451946],[130.154476135,33.60155061300001],[130.154739027,33.601550775],[130.155392335,33.601924387],[130.15625,33.602575298231486],[130.15625,33.6],[130.152824773,33.60000000000001]]]}},{"type":"Feature","id":"40230:503031222","properties":{"id":"40230:503031222","meshCode":"503031222","cityCode":"40230","city":"糸島市","lat":33.6020833,"lon":130.159375,"areaKm2":0.2633922,"populated2020":true,"population2020":8.8621,"populationNote":"2020年基準の国交省調整値"},"geometry":{"type":"Polygon","coordinates":[[[130.156263748,33.60260674799999],[130.15641547300004,33.60283608099999],[130.156301608,33.603375108],[130.15635428,33.603567252],[130.156567834,33.60352264],[130.156789144,33.603735667],[130.156898975,33.603951721],[130.15684388794605,33.60416666666666],[130.1625,33.60416666666666],[130.1625,33.60000000000001],[130.15625,33.6],[130.156263748,33.60260674799999]]]}},{"type":"Feature","id":"40230:503031231","properties":{"id":"40230:503031231","meshCode":"503031231","cityCode":"40230","city":"糸島市","lat":33.6020833,"lon":130.165625,"areaKm2":0.2680696,"populated2020":false,"population2020":null,"populationNote":"境界またぎ・原典収録外のため自治体内人口は未集計"},"geometry":{"type":"Polygon","coordinates":[[[130.1625,33.60000000000001],[130.1625,33.60416666666666],[130.16875,33.60416666666666],[130.16875,33.60000000000001],[130.1625,33.60000000000001]]]}},{"type":"Feature","id":"40230:503031232","properties":{"id":"40230:503031232","meshCode":"503031232","cityCode":"40230","city":"糸島市","lat":33.6020833,"lon":130.171875,"areaKm2":0.268069,"populated2020":false,"population2020":null,"populationNote":"境界またぎ・原典収録外のため自治体内人口は未集計"},"geometry":{"type":"Polygon","coordinates":[[[130.16875,33.60000000000001],[130.16875,33.60416666666666],[130.175,33.60416666666666],[130.175,33.6],[130.16875,33.60000000000001]]]}},{"type":"Feature","id":"40230:503031241","properties":{"id":"40230:503031241","meshCode":"503031241","cityCode":"40230","city":"糸島市","lat":33.6020833,"lon":130.178125,"areaKm2":0.2680684,"populated2020":true,"population2020":79.0955,"populationNote":"2020年基準の国交省調整値"},"geometry":{"type":"Polygon","coordinates":[[[130.175,33.6],[130.175,33.60416666666666],[130.18125,33.604166666666664],[130.18125,33.6],[130.175,33.6]]]}},{"type":"Feature","id":"40230:503031242","properties":{"id":"40230:503031242","meshCode":"503031242","cityCode":"40230","city":"糸島市","lat":33.6020833,"lon":130.184375,"areaKm2":0.2680678,"populated2020":true,"population2020":168.9291,"populationNote":"2020年基準の国交省調整値"},"geometry":{"type":"Polygon","coordinates":[[[130.18125,33.6],[130.18125,33.604166666666664],[130.1875,33.60416666666666],[130.1875,33.6],[130.18125,33.6]]]}},{"type":"Feature","id":"40230:503031251","properties":{"id":"40230:503031251","meshCode":"503031251","cityCode":"40230","city":"糸島市","lat":33.6020833,"lon":130.190625,"areaKm2":0.2680673,"populated2020":true,"population2020":16.8483,"populationNote":"2020年基準の国交省調整値"},"geometry":{"type":"Polygon","coordinates":[[[130.1875,33.6],[130.1875,33.60416666666666],[130.19375,33.604166666666664],[130.19375,33.6],[130.1875,33.6]]]}},{"type":"Feature","id":"40230:503031252","properties":{"id":"40230:503031252","meshCode":"503031252","cityCode":"40230","city":"糸島市","lat":33.6020833,"lon":130.196875,"areaKm2":0.2680667,"populated2020":false,"population2020":null,"populationNote":"境界またぎ・原典収録外のため自治体内人口は未集計"},"geometry":{"type":"Polygon","coordinates":[[[130.19375,33.6],[130.19375,33.604166666666664],[130.2,33.604166666666664],[130.2,33.6],[130.19375,33.6]]]}},{"type":"Feature","id":"40230:503031261","properties":{"id":"40230:503031261","meshCode":"503031261","cityCode":"40230","city":"糸島市","lat":33.6020833,"lon":130.203125,"areaKm2":0.2680661,"populated2020":true,"population2020":5.9363,"populationNote":"2020年基準の国交省調整値"},"geometry":{"type":"Polygon","coordinates":[[[130.2,33.6],[130.2,33.604166666666664],[130.20625,33.604166666666664],[130.20625,33.6],[130.2,33.6]]]}},{"type":"Feature","id":"40230:503031262","properties":{"id":"40230:503031262","meshCode":"503031262","cityCode":"40230","city":"糸島市","lat":33.6020833,"lon":130.209375,"areaKm2":0.1679937,"populated2020":false,"population2020":null,"populationNote":"境界またぎ・原典収録外のため自治体内人口は未集計"},"geometry":{"type":"Polygon","coordinates":[[[130.210316667,33.604137225],[130.210333606,33.603176108],[130.210551388,33.602312225],[130.210526939,33.60214805399999],[130.210413333,33.601750558999996],[130.210005279,33.60114777500001],[130.209781388,33.600581108],[130.209527224,33.600286108],[130.20915917,33.600137225000005],[130.20902642,33.6],[130.20625,33.6],[130.20625,33.604166666666664],[130.210316667,33.604137225]]]}},{"type":"Feature","id":"40230:503031214","properties":{"id":"40230:503031214","meshCode":"503031214","cityCode":"40230","city":"糸島市","lat":33.6082377,"lon":130.1446626,"areaKm2":0.0007982,"populated2020":false,"population2020":null,"populationNote":"境界またぎ・原典収録外のため自治体内人口は未集計"},"geometry":{"type":"MultiPolygon","coordinates":[[[[130.144464021,33.607987477],[130.144541647,33.607971604],[130.144455499,33.607955234],[130.144464021,33.607987477]]],[[[130.144352049,33.608010324000006],[130.144395564,33.608023523],[130.144367004,33.60800195499999],[130.144352049,33.608010324000006]]],[[[130.144285901,33.607997964],[130.144207043,33.608028982],[130.144196031,33.60805207199999],[130.14428928700002,33.608048297],[130.144285901,33.607997964]]],[[[130.144832166,33.608200559000004],[130.144354384,33.608144946],[130.144314112,33.608208775],[130.144646226,33.608249306],[130.144567782,33.60829510799999],[130.14463116710618,33.60833333333333],[130.14508878185808,33.60833333333333],[130.144832166,33.608200559000004]]]]}},{"type":"Feature","id":"40230:503031224","properties":{"id":"40230:503031224","meshCode":"503031224","cityCode":"40230","city":"糸島市","lat":33.60625,"lon":130.159375,"areaKm2":0.1527238,"populated2020":true,"population2020":36.4714,"populationNote":"2020年基準の国交省調整値"},"geometry":{"type":"MultiPolygon","coordinates":[[[[130.156843528,33.604169639999995],[130.156995383,33.604253359999994],[130.156985422,33.604338305999995],[130.157226329,33.604426495],[130.157320636,33.60464733300001],[130.157515253,33.60472222500001],[130.157575499,33.6049],[130.15787869,33.604857694],[130.158178366,33.60507774799999],[130.158255188,33.605243720999994],[130.158137588,33.60544994599999],[130.15831275,33.605507945999996],[130.158475746,33.60544538700001],[130.158740052,33.60557838700001],[130.158942918,33.60583844100001],[130.159329364,33.60680186500001],[130.160012698,33.607449721],[130.1607549162546,33.608333333333334],[130.1625,33.60833333333333],[130.1625,33.60416666666666],[130.156843528,33.604169639999995]]],[[[130.156747536,33.60426717099999],[130.156741751,33.604330153],[130.15678363200004,33.60430077499999],[130.156747536,33.60426717099999]]],[[[130.156853489,33.604363369],[130.156774176,33.604375009],[130.156765681,33.60440704500001],[130.156829598,33.604404505],[130.156853489,33.604363369]]],[[[130.156647224,33.604510198],[130.156601427,33.60446561300001],[130.156591349,33.604549757],[130.156647224,33.604510198]]],[[[130.156675175,33.60467241400001],[130.156731077,33.604629874],[130.156685331,33.604557703000005],[130.156703489,33.604619404999994],[130.156675175,33.60467241400001]]],[[[130.157283917,33.60488890100001],[130.157309676,33.604932261],[130.157321388,33.604891495000004],[130.157283917,33.60488890100001]]],[[[130.158224475,33.607906865000004],[130.158461051,33.60784410800001],[130.158473891,33.60776627900001],[130.158399494,33.607737919],[130.158224475,33.607906865000004]]],[[[130.15820406,33.60769953199999],[130.157744137,33.607745802],[130.157519196,33.608019279],[130.1577638,33.607960892],[130.157971971,33.607997387000005],[130.158261336,33.60782733300001],[130.15820406,33.60769953199999]]],[[[130.157475305,33.608099225],[130.157733191,33.608040946],[130.157815746,33.607995775000006],[130.157524578,33.60805241400001],[130.157475305,33.608099225]]]]}},{"type":"Feature","id":"40230:503031233","properties":{"id":"40230:503031233","meshCode":"503031233","cityCode":"40230","city":"糸島市","lat":33.60625,"lon":130.165625,"areaKm2":0.2680569,"populated2020":true,"population2020":95.8244,"populationNote":"2020年基準の国交省調整値"},"geometry":{"type":"Polygon","coordinates":[[[130.1625,33.60416666666666],[130.1625,33.60833333333333],[130.16875,33.60833333333333],[130.16875,33.60416666666666],[130.1625,33.60416666666666]]]}},{"type":"Feature","id":"40230:503031234","properties":{"id":"40230:503031234","meshCode":"503031234","cityCode":"40230","city":"糸島市","lat":33.60625,"lon":130.171875,"areaKm2":0.2680563,"populated2020":true,"population2020":2.9686,"populationNote":"2020年基準の国交省調整値"},"geometry":{"type":"Polygon","coordinates":[[[130.16875,33.60416666666666],[130.16875,33.60833333333333],[130.175,33.608333333333334],[130.175,33.60416666666666],[130.16875,33.60416666666666]]]}},{"type":"Feature","id":"40230:503031243","properties":{"id":"40230:503031243","meshCode":"503031243","cityCode":"40230","city":"糸島市","lat":33.60625,"lon":130.178125,"areaKm2":0.2680557,"populated2020":true,"population2020":1.9818,"populationNote":"2020年基準の国交省調整値"},"geometry":{"type":"Polygon","coordinates":[[[130.175,33.60416666666666],[130.175,33.608333333333334],[130.18125,33.608333333333334],[130.18125,33.604166666666664],[130.175,33.60416666666666]]]}},{"type":"Feature","id":"40230:503031244","properties":{"id":"40230:503031244","meshCode":"503031244","cityCode":"40230","city":"糸島市","lat":33.60625,"lon":130.184375,"areaKm2":0.2680551,"populated2020":true,"population2020":21.7006,"populationNote":"2020年基準の国交省調整値"},"geometry":{"type":"Polygon","coordinates":[[[130.18125,33.604166666666664],[130.18125,33.608333333333334],[130.1875,33.608333333333334],[130.1875,33.60416666666666],[130.18125,33.604166666666664]]]}},{"type":"Feature","id":"40230:503031253","properties":{"id":"40230:503031253","meshCode":"503031253","cityCode":"40230","city":"糸島市","lat":33.60625,"lon":130.190625,"areaKm2":0.2680546,"populated2020":true,"population2020":1.9514,"populationNote":"2020年基準の国交省調整値"},"geometry":{"type":"Polygon","coordinates":[[[130.1875,33.60416666666666],[130.1875,33.608333333333334],[130.19375,33.608333333333334],[130.19375,33.604166666666664],[130.1875,33.60416666666666]]]}},{"type":"Feature","id":"40230:503031254","properties":{"id":"40230:503031254","meshCode":"503031254","cityCode":"40230","city":"糸島市","lat":33.60625,"lon":130.196875,"areaKm2":0.268054,"populated2020":false,"population2020":null,"populationNote":"境界またぎ・原典収録外のため自治体内人口は未集計"},"geometry":{"type":"Polygon","coordinates":[[[130.19375,33.604166666666664],[130.19375,33.608333333333334],[130.2,33.608333333333334],[130.2,33.604166666666664],[130.19375,33.604166666666664]]]}},{"type":"Feature","id":"40230:503031263","properties":{"id":"40230:503031263","meshCode":"503031263","cityCode":"40230","city":"糸島市","lat":33.60625,"lon":130.203125,"areaKm2":0.2680534,"populated2020":false,"population2020":null,"populationNote":"境界またぎ・原典収録外のため自治体内人口は未集計"},"geometry":{"type":"Polygon","coordinates":[[[130.2,33.604166666666664],[130.2,33.608333333333334],[130.20625,33.608333333333334],[130.20625,33.604166666666664],[130.2,33.604166666666664]]]}},{"type":"Feature","id":"40230:503031264","properties":{"id":"40230:503031264","meshCode":"503031264","cityCode":"40230","city":"糸島市","lat":33.60625,"lon":130.209375,"areaKm2":0.1443606,"populated2020":false,"population2020":null,"populationNote":"境界またぎ・原典収録外のため自治体内人口は未集計"},"geometry":{"type":"Polygon","coordinates":[[[130.207830337,33.608333333000004],[130.208306109,33.608112495],[130.208392218,33.60801500000001],[130.208456667,33.607596946],[130.208622218,33.607428053999996],[130.208886109,33.607386946000005],[130.20955166,33.606891946],[130.209637497,33.606630559],[130.21006083000003,33.606209721],[130.21011917,33.606053333],[130.210021115,33.605458333],[130.210588327,33.60468666700001],[130.21031922006765,33.604166666666664],[130.20625,33.604166666666664],[130.20625,33.608333333333334],[130.207830337,33.608333333000004]]]}},{"type":"Feature","id":"40230:503031312","properties":{"id":"40230:503031312","meshCode":"503031312","cityCode":"40230","city":"糸島市","lat":33.6085679,"lon":130.1453354,"areaKm2":0.0057326,"populated2020":false,"population2020":null,"populationNote":"境界またぎ・原典収録外のため自治体内人口は未集計"},"geometry":{"type":"MultiPolygon","coordinates":[[[[130.144632114,33.608336306000005],[130.144457302,33.608382973],[130.144953217,33.60848036000001],[130.145304721,33.60866564],[130.145303606,33.60878933299999],[130.14560902700003,33.60876305400001],[130.145582477,33.608517333],[130.145401971,33.60838672100001],[130.144632114,33.608336306000005]]],[[[130.14495683500002,33.608562694],[130.14475583700002,33.608543559],[130.14486655,33.608679198],[130.145172581,33.608689973],[130.14495683500002,33.608562694]]],[[[130.144821167,33.60873586499999],[130.1444262,33.60854289200001],[130.144208521,33.60860964],[130.144362412,33.60870664000001],[130.144584864,33.60872333300001],[130.144497951,33.60877446800001],[130.144821167,33.60873586499999]]],[[[130.145019001,33.608779973],[130.144828249,33.60883844100001],[130.144825551,33.608912532],[130.145162023,33.608930802],[130.14527131000003,33.608874495],[130.145019001,33.608779973]]],[[[130.145705811,33.60883864],[130.145488885,33.60895894600001],[130.14595275,33.60901725200001],[130.145833307,33.60890244099999],[130.145705811,33.60883864]]],[[[130.145506122,33.609003973],[130.145461647,33.609023414],[130.145483476,33.609060802],[130.145506122,33.609003973]]],[[[130.145797484,33.609027991],[130.145860661,33.609035099],[130.145793346,33.609009658],[130.145797484,33.609027991]]],[[[130.145667173,33.609085063],[130.145643256,33.60900898199999],[130.145619987,33.60907283800001],[130.145667173,33.609085063]]],[[[130.145941997,33.609136279],[130.145898016,33.609049874],[130.145841453,33.60905984699999],[130.14584642,33.609081162],[130.145941997,33.609136279]]],[[[130.145495966,33.609115360000004],[130.145073606,33.609088279000005],[130.145470389,33.609327054],[130.145384527,33.609183],[130.145506005,33.609169973],[130.145495966,33.609115360000004]]],[[[130.145396589,33.609436198],[130.145322776,33.60947877499999],[130.145394189,33.609589359999994],[130.145629805,33.609639495],[130.145586057,33.60950972100001],[130.145396589,33.609436198]]]]}},{"type":"Feature","id":"40230:503031322","properties":{"id":"40230:503031322","meshCode":"503031322","cityCode":"40230","city":"糸島市","lat":33.6102889,"lon":130.1620797,"areaKm2":0.0385803,"populated2020":true,"population2020":0.9933,"populationNote":"2020年基準の国交省調整値"},"geometry":{"type":"Polygon","coordinates":[[[130.1607549162546,33.608333333333334],[130.161224449,33.609138252],[130.161754812,33.610577973000005],[130.16195978,33.611433225],[130.16196882053987,33.61249999999999],[130.1625,33.6125],[130.1625,33.60833333333333],[130.1607549162546,33.608333333333334]]]}},{"type":"Feature","id":"40230:503031331","properties":{"id":"40230:503031331","meshCode":"503031331","cityCode":"40230","city":"糸島市","lat":33.6104167,"lon":130.165625,"areaKm2":0.2680442,"populated2020":true,"population2020":114.4578,"populationNote":"2020年基準の国交省調整値"},"geometry":{"type":"Polygon","coordinates":[[[130.1625,33.60833333333333],[130.1625,33.6125],[130.16875,33.6125],[130.16875,33.60833333333333],[130.1625,33.60833333333333]]]}},{"type":"Feature","id":"40230:503031332","properties":{"id":"40230:503031332","meshCode":"503031332","cityCode":"40230","city":"糸島市","lat":33.6104167,"lon":130.171875,"areaKm2":0.2680436,"populated2020":true,"population2020":83.0569,"populationNote":"2020年基準の国交省調整値"},"geometry":{"type":"Polygon","coordinates":[[[130.16875,33.60833333333333],[130.16875,33.6125],[130.175,33.6125],[130.175,33.608333333333334],[130.16875,33.60833333333333]]]}},{"type":"Feature","id":"40230:503031341","properties":{"id":"40230:503031341","meshCode":"503031341","cityCode":"40230","city":"糸島市","lat":33.6104167,"lon":130.178125,"areaKm2":0.268043,"populated2020":true,"population2020":8.911,"populationNote":"2020年基準の国交省調整値"},"geometry":{"type":"Polygon","coordinates":[[[130.175,33.608333333333334],[130.175,33.6125],[130.18125,33.6125],[130.18125,33.608333333333334],[130.175,33.608333333333334]]]}},{"type":"Feature","id":"40230:503031342","properties":{"id":"40230:503031342","meshCode":"503031342","cityCode":"40230","city":"糸島市","lat":33.6104167,"lon":130.184375,"areaKm2":0.2680424,"populated2020":true,"population2020":3.9384,"populationNote":"2020年基準の国交省調整値"},"geometry":{"type":"Polygon","coordinates":[[[130.18125,33.608333333333334],[130.18125,33.6125],[130.1875,33.6125],[130.1875,33.608333333333334],[130.18125,33.608333333333334]]]}},{"type":"Feature","id":"40230:503031351","properties":{"id":"40230:503031351","meshCode":"503031351","cityCode":"40230","city":"糸島市","lat":33.6104167,"lon":130.190625,"areaKm2":0.2680418,"populated2020":false,"population2020":null,"populationNote":"境界またぎ・原典収録外のため自治体内人口は未集計"},"geometry":{"type":"Polygon","coordinates":[[[130.1875,33.608333333333334],[130.1875,33.6125],[130.19375,33.612500000000004],[130.19375,33.608333333333334],[130.1875,33.608333333333334]]]}},{"type":"Feature","id":"40230:503031352","properties":{"id":"40230:503031352","meshCode":"503031352","cityCode":"40230","city":"糸島市","lat":33.6104167,"lon":130.196875,"areaKm2":0.2680413,"populated2020":false,"population2020":null,"populationNote":"境界またぎ・原典収録外のため自治体内人口は未集計"},"geometry":{"type":"Polygon","coordinates":[[[130.19375,33.608333333333334],[130.19375,33.612500000000004],[130.2,33.61249999999999],[130.2,33.608333333333334],[130.19375,33.608333333333334]]]}},{"type":"Feature","id":"40230:503031361","properties":{"id":"40230:503031361","meshCode":"503031361","cityCode":"40230","city":"糸島市","lat":33.6104167,"lon":130.203125,"areaKm2":0.2664668,"populated2020":true,"population2020":51.3064,"populationNote":"2020年基準の国交省調整値"},"geometry":{"type":"Polygon","coordinates":[[[130.206061115,33.609861387],[130.205956667,33.609543333],[130.20625,33.60919254774245],[130.20625,33.608333333333334],[130.2,33.608333333333334],[130.2,33.61249999999999],[130.20625,33.61249999999999],[130.20625,33.61003508597838],[130.206061115,33.609861387]]]}},{"type":"Feature","id":"40230:503031362","properties":{"id":"40230:503031362","meshCode":"503031362","cityCode":"40230","city":"糸島市","lat":33.608746,"lon":130.2067874,"areaKm2":0.0278211,"populated2020":false,"population2020":null,"populationNote":"境界またぎ・原典収録外のため自治体内人口は未集計"},"geometry":{"type":"MultiPolygon","coordinates":[[[[130.207491946,33.61240805399999],[130.207212218,33.611285559],[130.20695083,33.610819721],[130.20625,33.61003508597838],[130.20625,33.61249999999999],[130.20743142067874,33.61249999999999],[130.207491946,33.61240805399999]]],[[[130.20625,33.60919254774245],[130.206554994,33.608843333],[130.207456667,33.608720279],[130.20783033677498,33.608333333333334],[130.20625,33.608333333333334],[130.20625,33.60919254774245]]]]}},{"type":"Feature","id":"40230:503031323","properties":{"id":"40230:503031323","meshCode":"503031323","cityCode":"40230","city":"糸島市","lat":33.6154707,"lon":130.1551806,"areaKm2":0.0036521,"populated2020":false,"population2020":null,"populationNote":"境界またぎ・原典収録外のため自治体内人口は未集計"},"geometry":{"type":"Polygon","coordinates":[[[130.156051141,33.616651225],[130.155311855,33.616097081],[130.155220246,33.615226468],[130.15625,33.61422569675719],[130.15625,33.614098137344136],[130.155097004,33.615210829000006],[130.155176005,33.616138613],[130.15590260654292,33.61666666666667],[130.156051141,33.616651225]]]}},{"type":"Feature","id":"40230:503031324","properties":{"id":"40230:503031324","meshCode":"503031324","cityCode":"40230","city":"糸島市","lat":33.6146157,"lon":130.1617581,"areaKm2":0.112264,"populated2020":true,"population2020":214.6028,"populationNote":"2020年基準の国交省調整値"},"geometry":{"type":"MultiPolygon","coordinates":[[[[130.161966498,33.612521279],[130.16158588800002,33.613622027000005],[130.161277588,33.61401016200001],[130.161106278,33.61406074799999],[130.161401582,33.614181333],[130.1605807,33.614386387],[130.160156005,33.614396667],[130.159679442,33.613676],[130.160131167,33.614400198],[130.15994847,33.614405721000004],[130.159940117,33.614521613],[130.161020973,33.61454544099999],[130.160993645,33.61498589199999],[130.160838859,33.61534549500001],[130.160638003,33.615501108],[130.159925772,33.614876586],[130.159883671,33.614907495000004],[130.160539339,33.615496468],[130.159984449,33.61568494600001],[130.15999939,33.615755198],[130.159659494,33.61576602700001],[130.159313969,33.615678667],[130.159352996,33.614901441],[130.159278716,33.614901667],[130.159291414,33.614194586],[130.159217173,33.61418308100001],[130.159135551,33.615175775000004],[130.157934423,33.615139829],[130.157439442,33.615617414],[130.157030363,33.615318414],[130.156677951,33.615663054],[130.157085331,33.615959694],[130.156658755,33.61637172099999],[130.156831946,33.616502829],[130.1566644753488,33.61666666666667],[130.1625,33.61666666666667],[130.1625,33.6125],[130.161966498,33.612521279]]],[[[130.156254137,33.614221694],[130.156545668,33.613954721],[130.156462192,33.613893585999996],[130.15625,33.614098137344136],[130.156254137,33.614221694]]],[[[130.158767665,33.613631658],[130.158726861,33.613571333],[130.157303865,33.614233909999996],[130.15732987,33.614274297],[130.158767665,33.613631658]]]]}},{"type":"Feature","id":"40230:503031333","properties":{"id":"40230:503031333","meshCode":"503031333","cityCode":"40230","city":"糸島市","lat":33.6145833,"lon":130.165625,"areaKm2":0.2680315,"populated2020":true,"population2020":283.7226,"populationNote":"2020年基準の国交省調整値"},"geometry":{"type":"Polygon","coordinates":[[[130.1625,33.6125],[130.1625,33.61666666666667],[130.16875,33.61666666666667],[130.16875,33.6125],[130.1625,33.6125]]]}},{"type":"Feature","id":"40230:503031334","properties":{"id":"40230:503031334","meshCode":"503031334","cityCode":"40230","city":"糸島市","lat":33.6145833,"lon":130.171875,"areaKm2":0.2680309,"populated2020":true,"population2020":22.6871,"populationNote":"2020年基準の国交省調整値"},"geometry":{"type":"Polygon","coordinates":[[[130.16875,33.6125],[130.16875,33.61666666666667],[130.175,33.61666666666667],[130.175,33.6125],[130.16875,33.6125]]]}},{"type":"Feature","id":"40230:503031343","properties":{"id":"40230:503031343","meshCode":"503031343","cityCode":"40230","city":"糸島市","lat":33.6145833,"lon":130.178125,"areaKm2":0.2680303,"populated2020":true,"population2020":1.9814,"populationNote":"2020年基準の国交省調整値"},"geometry":{"type":"Polygon","coordinates":[[[130.175,33.6125],[130.175,33.61666666666667],[130.18125,33.61666666666667],[130.18125,33.6125],[130.175,33.6125]]]}},{"type":"Feature","id":"40230:503031344","properties":{"id":"40230:503031344","meshCode":"503031344","cityCode":"40230","city":"糸島市","lat":33.6145833,"lon":130.184375,"areaKm2":0.2680297,"populated2020":true,"population2020":23.745,"populationNote":"2020年基準の国交省調整値"},"geometry":{"type":"Polygon","coordinates":[[[130.18125,33.6125],[130.18125,33.61666666666667],[130.1875,33.61666666666667],[130.1875,33.6125],[130.18125,33.6125]]]}},{"type":"Feature","id":"40230:503031353","properties":{"id":"40230:503031353","meshCode":"503031353","cityCode":"40230","city":"糸島市","lat":33.6145833,"lon":130.190625,"areaKm2":0.2680291,"populated2020":true,"population2020":50.3968,"populationNote":"2020年基準の国交省調整値"},"geometry":{"type":"Polygon","coordinates":[[[130.1875,33.6125],[130.1875,33.61666666666667],[130.19375,33.61666666666667],[130.19375,33.612500000000004],[130.1875,33.6125]]]}},{"type":"Feature","id":"40230:503031354","properties":{"id":"40230:503031354","meshCode":"503031354","cityCode":"40230","city":"糸島市","lat":33.6145833,"lon":130.196875,"areaKm2":0.2680285,"populated2020":true,"population2020":50.4705,"populationNote":"2020年基準の国交省調整値"},"geometry":{"type":"Polygon","coordinates":[[[130.19375,33.612500000000004],[130.19375,33.61666666666667],[130.2,33.61666666666667],[130.2,33.61249999999999],[130.19375,33.612500000000004]]]}},{"type":"Feature","id":"40230:503031363","properties":{"id":"40230:503031363","meshCode":"503031363","cityCode":"40230","city":"糸島市","lat":33.6145833,"lon":130.203125,"areaKm2":0.2541949,"populated2020":true,"population2020":36.6033,"populationNote":"2020年基準の国交省調整値"},"geometry":{"type":"Polygon","coordinates":[[[130.20599321731066,33.61666666666667],[130.206185551,33.616347774999994],[130.206174449,33.61607194599999],[130.205925551,33.61521833300001],[130.206110272,33.61473194599999],[130.205125551,33.614731946],[130.204957782,33.61459166699999],[130.204913061,33.614432495],[130.20625,33.613460659408034],[130.20625,33.61249999999999],[130.2,33.61249999999999],[130.2,33.61666666666667],[130.20599321731066,33.61666666666667]]]}},{"type":"Feature","id":"40230:503031364","properties":{"id":"40230:503031364","meshCode":"503031364","cityCode":"40230","city":"糸島市","lat":33.6131541,"lon":130.2064122,"areaKm2":0.0054692,"populated2020":false,"population2020":null,"populationNote":"境界またぎ・原典収録外のため自治体内人口は未集計"},"geometry":{"type":"Polygon","coordinates":[[[130.206898885,33.612847495000004],[130.20743142067874,33.61249999999999],[130.20625,33.61249999999999],[130.20625,33.613460659408034],[130.206898885,33.612847495000004]]]}},{"type":"Feature","id":"40230:503031421","properties":{"id":"40230:503031421","meshCode":"503031421","cityCode":"40230","city":"糸島市","lat":33.6194375,"lon":130.1558518,"areaKm2":0.0298223,"populated2020":false,"population2020":null,"populationNote":"境界またぎ・原典収録外のため自治体内人口は未集計"},"geometry":{"type":"MultiPolygon","coordinates":[[[[130.155763904,33.617738270000004],[130.155831466,33.61769509],[130.155747626,33.617727063],[130.155763904,33.617738270000004]]],[[[130.155723359,33.617729514],[130.155677717,33.617702243],[130.155674215,33.61774],[130.155723359,33.617729514]]],[[[130.155985642,33.61808664],[130.155889442,33.61807066699999],[130.155868029,33.618089532],[130.155985642,33.61808664]]],[[[130.15582736700003,33.61816094600001],[130.155865032,33.618187613],[130.155865694,33.618162919],[130.15582736700003,33.61816094600001]]],[[[130.155594942,33.61865164000001],[130.155451803,33.61870944099999],[130.155614643,33.618666747999995],[130.155594942,33.61865164000001]]],[[[130.155373243,33.61905262199999],[130.155437095,33.619079477],[130.155466744,33.61907868499999],[130.15542048,33.619015351],[130.155373243,33.61905262199999]]],[[[130.155398418,33.619311306],[130.155343256,33.619265559],[130.155330532,33.61929902699999],[130.155398418,33.619311306]]],[[[130.15487511,33.619551694],[130.154769053,33.619574973000006],[130.154812724,33.61962630600001],[130.15487511,33.619551694]]],[[[130.154491777,33.620100891999996],[130.15444153,33.620148054],[130.154542335,33.620156586],[130.154491777,33.620100891999996]]],[[[130.154402555,33.620573801999996],[130.154249754,33.620616135],[130.154423281,33.620715414],[130.154402555,33.620573801999996]]],[[[130.156236446,33.616789],[130.15607221754502,33.61666666666667],[130.15590260654292,33.61666666666667],[130.156202438,33.616884252],[130.156153917,33.61695180200001],[130.15625,33.61712932259239],[130.156236446,33.616789]]],[[[130.156242918,33.61804836],[130.155886498,33.618183694],[130.156077808,33.618272108],[130.156056278,33.618411892],[130.155622218,33.61857500000001],[130.155877808,33.61866864],[130.155897419,33.618910865],[130.155571141,33.61905019799999],[130.155426783,33.619198694],[130.15544230900002,33.619451721],[130.154947393,33.619511162],[130.154965642,33.619771775],[130.154727367,33.61969486499999],[130.154605966,33.619731441],[130.154624137,33.619823559],[130.154990441,33.619955892],[130.154844812,33.620037586],[130.154674189,33.61999438699999],[130.154777834,33.620265054],[130.154638327,33.620013441000005],[130.154475694,33.61999455899999],[130.154638197,33.620161387],[130.15463083,33.620264225],[130.154776887,33.620293360000005],[130.154680415,33.62044958600001],[130.15443,33.620513586],[130.154442947828,33.62083333333332],[130.15625,33.62083333333332],[130.156242918,33.61804836]]]]}},{"type":"Feature","id":"40230:503031422","properties":{"id":"40230:503031422","meshCode":"503031422","cityCode":"40230","city":"糸島市","lat":33.61875,"lon":130.159375,"areaKm2":0.2658672,"populated2020":true,"population2020":16.8587,"populationNote":"2020年基準の国交省調整値"},"geometry":{"type":"Polygon","coordinates":[[[130.156664475,33.616666667],[130.156396693,33.61687855899999],[130.15625,33.61679949449392],[130.15625,33.61712932259239],[130.156399559,33.617127054],[130.156332892,33.617242559],[130.156526498,33.617293559],[130.156533411,33.617422612999995],[130.15650847,33.617496468],[130.156382166,33.617507613],[130.156482361,33.61756436000001],[130.156389663,33.617698802],[130.156424968,33.617891559],[130.15625,33.61805031233734],[130.15625,33.62083333333332],[130.1625,33.62083333333333],[130.1625,33.61666666666667],[130.156664475,33.616666667]]]}},{"type":"Feature","id":"40230:503031431","properties":{"id":"40230:503031431","meshCode":"503031431","cityCode":"40230","city":"糸島市","lat":33.61875,"lon":130.165625,"areaKm2":0.2680187,"populated2020":true,"population2020":8.8688,"populationNote":"2020年基準の国交省調整値"},"geometry":{"type":"Polygon","coordinates":[[[130.1625,33.61666666666667],[130.1625,33.62083333333333],[130.16875,33.62083333333332],[130.16875,33.61666666666667],[130.1625,33.61666666666667]]]}},{"type":"Feature","id":"40230:503031432","properties":{"id":"40230:503031432","meshCode":"503031432","cityCode":"40230","city":"糸島市","lat":33.61875,"lon":130.171875,"areaKm2":0.2680181,"populated2020":true,"population2020":99.8914,"populationNote":"2020年基準の国交省調整値"},"geometry":{"type":"Polygon","coordinates":[[[130.16875,33.61666666666667],[130.16875,33.62083333333332],[130.175,33.62083333333333],[130.175,33.61666666666667],[130.16875,33.61666666666667]]]}},{"type":"Feature","id":"40230:503031441","properties":{"id":"40230:503031441","meshCode":"503031441","cityCode":"40230","city":"糸島市","lat":33.61875,"lon":130.178125,"areaKm2":0.2680176,"populated2020":true,"population2020":57.2666,"populationNote":"2020年基準の国交省調整値"},"geometry":{"type":"Polygon","coordinates":[[[130.175,33.61666666666667],[130.175,33.62083333333333],[130.18125,33.62083333333333],[130.18125,33.61666666666667],[130.175,33.61666666666667]]]}},{"type":"Feature","id":"40230:503031442","properties":{"id":"40230:503031442","meshCode":"503031442","cityCode":"40230","city":"糸島市","lat":33.61875,"lon":130.184375,"areaKm2":0.268017,"populated2020":true,"population2020":44.4886,"populationNote":"2020年基準の国交省調整値"},"geometry":{"type":"Polygon","coordinates":[[[130.18125,33.61666666666667],[130.18125,33.62083333333333],[130.1875,33.62083333333333],[130.1875,33.61666666666667],[130.18125,33.61666666666667]]]}},{"type":"Feature","id":"40230:503031451","properties":{"id":"40230:503031451","meshCode":"503031451","cityCode":"40230","city":"糸島市","lat":33.61875,"lon":130.190625,"areaKm2":0.2680164,"populated2020":true,"population2020":90.7336,"populationNote":"2020年基準の国交省調整値"},"geometry":{"type":"Polygon","coordinates":[[[130.1875,33.61666666666667],[130.1875,33.62083333333333],[130.19375,33.62083333333333],[130.19375,33.61666666666667],[130.1875,33.61666666666667]]]}},{"type":"Feature","id":"40230:503031452","properties":{"id":"40230:503031452","meshCode":"503031452","cityCode":"40230","city":"糸島市","lat":33.61875,"lon":130.196875,"areaKm2":0.2680158,"populated2020":true,"population2020":89.149,"populationNote":"2020年基準の国交省調整値"},"geometry":{"type":"Polygon","coordinates":[[[130.19375,33.61666666666667],[130.19375,33.62083333333333],[130.2,33.62083333333333],[130.2,33.61666666666667],[130.19375,33.61666666666667]]]}},{"type":"Feature","id":"40230:503031461","properties":{"id":"40230:503031461","meshCode":"503031461","cityCode":"40230","city":"糸島市","lat":33.61875,"lon":130.203125,"areaKm2":0.2492263,"populated2020":false,"population2020":null,"populationNote":"境界またぎ・原典収録外のため自治体内人口は未集計"},"geometry":{"type":"Polygon","coordinates":[[[130.20561631950463,33.62083333333333],[130.205939442,33.61992055899999],[130.206009442,33.619235558999996],[130.205612218,33.61858999999999],[130.205609442,33.61844749499999],[130.205866939,33.61809666700002],[130.205668327,33.61735055900001],[130.205752218,33.61702361300001],[130.20599321731066,33.61666666666667],[130.2,33.61666666666667],[130.2,33.62083333333333],[130.20561631950463,33.62083333333333]]]}},{"type":"Feature","id":"40230:503031423","properties":{"id":"40230:503031423","meshCode":"503031423","cityCode":"40230","city":"糸島市","lat":33.6220426,"lon":130.1559848,"areaKm2":0.025636,"populated2020":false,"population2020":null,"populationNote":"境界またぎ・原典収録外のため自治体内人口は未集計"},"geometry":{"type":"MultiPolygon","coordinates":[[[[130.15429275,33.62088205399999],[130.154231803,33.620910775000006],[130.154282607,33.620938613],[130.15429275,33.62088205399999]]],[[[130.154120441,33.62091397299999],[130.154145357,33.620987801999995],[130.154287717,33.621021586000005],[130.154253502,33.620949333000006],[130.154120441,33.62091397299999]]],[[[130.154549494,33.62154055900001],[130.154468145,33.621529468],[130.154549144,33.621577],[130.154549494,33.62154055900001]]],[[[130.155781699,33.622621126000006],[130.155835149,33.62264375699999],[130.155814021,33.622610523000006],[130.155781699,33.622621126000006]]],[[[130.156076783,33.62296441400001],[130.156005811,33.623015054],[130.156092698,33.623012667000005],[130.156076783,33.62296441400001]]],[[[130.156117108,33.623106775],[130.156079001,33.623134918999995],[130.156110272,33.62313305400001],[130.156117108,33.623106775]]],[[[130.156068029,33.623187225],[130.156084332,33.623261081],[130.156173502,33.623181],[130.156160778,33.62317000000001],[130.156068029,33.623187225]]],[[[130.155513671,33.62385905399999],[130.155474332,33.623933252],[130.155546329,33.623878829],[130.155513671,33.62385905399999]]],[[[130.156144137,33.624058829],[130.156149805,33.62409791899999],[130.156181634,33.624082081],[130.156144137,33.624058829]]],[[[130.155941141,33.62409694600001],[130.155773191,33.624155108],[130.15587625200004,33.62416510799999],[130.155941141,33.62409694600001]]],[[[130.155985188,33.624366919],[130.155986304,33.62441677500001],[130.156032607,33.624389586],[130.155985188,33.624366919]]],[[[130.155877717,33.62468877500002],[130.155876161,33.624760559],[130.155936939,33.624771495],[130.155957056,33.624685892],[130.155877717,33.62468877500002]]],[[[130.15444527900002,33.620836135],[130.15430428,33.620993864999996],[130.154443748,33.62112291900001],[130.154180856,33.62109436],[130.154259053,33.62126402700001],[130.15421360600004,33.621337747999995],[130.154561608,33.62151325199999],[130.154634501,33.621642495],[130.154570584,33.62176430600001],[130.154798003,33.621896414],[130.154714669,33.62194436],[130.154776861,33.621995919],[130.155005914,33.621970441000016],[130.155105668,33.622032532000006],[130.155215551,33.62200261300001],[130.155240246,33.621879081],[130.15532847,33.621916721],[130.155397004,33.62186336],[130.155848975,33.622154162],[130.1559507,33.622333467999994],[130.155906329,33.622516748],[130.15625,33.623238313046095],[130.15625,33.62083333333332],[130.15444527900002,33.620836135]]],[[[130.15625,33.624094392924356],[130.156200921,33.62410564000001],[130.15625,33.62417060520562],[130.15625,33.624094392924356]]],[[[130.156243281,33.62420358599999],[130.156073359,33.62420908099999],[130.156055305,33.624305802],[130.15625,33.62438118827743],[130.156243281,33.62420358599999]]],[[[130.15624642,33.62480049500001],[130.15604917,33.62484502699999],[130.156021829,33.624918973],[130.15625,33.62500000000001],[130.15624642,33.62480049500001]]]]}},{"type":"Feature","id":"40230:503031424","properties":{"id":"40230:503031424","meshCode":"503031424","cityCode":"40230","city":"糸島市","lat":33.6229167,"lon":130.159375,"areaKm2":0.2668901,"populated2020":false,"population2020":null,"populationNote":"境界またぎ・原典収録外のため自治体内人口は未集計"},"geometry":{"type":"MultiPolygon","coordinates":[[[[130.156276667,33.623487441],[130.156311894,33.623512946],[130.156289339,33.623480694],[130.156276667,33.623487441]]],[[[130.156252412,33.623243748],[130.156321245,33.62341508099999],[130.156388833,33.62392135999999],[130.15625,33.624094392924356],[130.15625,33.62438118827743],[130.156344695,33.62436],[130.156375422,33.624436667],[130.15625,33.62500000000001],[130.1625,33.625000000000014],[130.1625,33.62083333333333],[130.15625,33.62083333333332],[130.156252412,33.623243748]]]]}},{"type":"Feature","id":"40230:503031433","properties":{"id":"40230:503031433","meshCode":"503031433","cityCode":"40230","city":"糸島市","lat":33.6229167,"lon":130.165625,"areaKm2":0.268006,"populated2020":true,"population2020":0.994,"populationNote":"2020年基準の国交省調整値"},"geometry":{"type":"Polygon","coordinates":[[[130.1625,33.62083333333333],[130.1625,33.625000000000014],[130.16875,33.625000000000014],[130.16875,33.62083333333332],[130.1625,33.62083333333333]]]}},{"type":"Feature","id":"40230:503031434","properties":{"id":"40230:503031434","meshCode":"503031434","cityCode":"40230","city":"糸島市","lat":33.6229167,"lon":130.171875,"areaKm2":0.2680054,"populated2020":true,"population2020":19.7268,"populationNote":"2020年基準の国交省調整値"},"geometry":{"type":"Polygon","coordinates":[[[130.16875,33.62083333333332],[130.16875,33.625000000000014],[130.175,33.62500000000001],[130.175,33.62083333333333],[130.16875,33.62083333333332]]]}},{"type":"Feature","id":"40230:503031443","properties":{"id":"40230:503031443","meshCode":"503031443","cityCode":"40230","city":"糸島市","lat":33.6229167,"lon":130.178125,"areaKm2":0.2680048,"populated2020":true,"population2020":54.3546,"populationNote":"2020年基準の国交省調整値"},"geometry":{"type":"Polygon","coordinates":[[[130.175,33.62083333333333],[130.175,33.62500000000001],[130.18125,33.625],[130.18125,33.62083333333333],[130.175,33.62083333333333]]]}},{"type":"Feature","id":"40230:503031444","properties":{"id":"40230:503031444","meshCode":"503031444","cityCode":"40230","city":"糸島市","lat":33.6229167,"lon":130.184375,"areaKm2":0.2680043,"populated2020":true,"population2020":93.0481,"populationNote":"2020年基準の国交省調整値"},"geometry":{"type":"Polygon","coordinates":[[[130.18125,33.62083333333333],[130.18125,33.625],[130.1875,33.62500000000001],[130.1875,33.62083333333333],[130.18125,33.62083333333333]]]}},{"type":"Feature","id":"40230:503031453","properties":{"id":"40230:503031453","meshCode":"503031453","cityCode":"40230","city":"糸島市","lat":33.6229167,"lon":130.190625,"areaKm2":0.2680037,"populated2020":true,"population2020":84.954,"populationNote":"2020年基準の国交省調整値"},"geometry":{"type":"Polygon","coordinates":[[[130.1875,33.62083333333333],[130.1875,33.62500000000001],[130.19375,33.62500000000001],[130.19375,33.62083333333333],[130.1875,33.62083333333333]]]}},{"type":"Feature","id":"40230:503031454","properties":{"id":"40230:503031454","meshCode":"503031454","cityCode":"40230","city":"糸島市","lat":33.6229167,"lon":130.196875,"areaKm2":0.2680031,"populated2020":true,"population2020":29.5883,"populationNote":"2020年基準の国交省調整値"},"geometry":{"type":"Polygon","coordinates":[[[130.19375,33.62083333333333],[130.19375,33.62500000000001],[130.2,33.62500000000001],[130.2,33.62083333333333],[130.19375,33.62083333333333]]]}},{"type":"Feature","id":"40230:503031463","properties":{"id":"40230:503031463","meshCode":"503031463","cityCode":"40230","city":"糸島市","lat":33.6229167,"lon":130.203125,"areaKm2":0.2304044,"populated2020":false,"population2020":null,"populationNote":"境界またぎ・原典収録外のため自治体内人口は未集計"},"geometry":{"type":"Polygon","coordinates":[[[130.205687951,33.625],[130.205783061,33.624054441],[130.205598327,33.62364749499999],[130.205125551,33.623215],[130.204968885,33.62270972099999],[130.205326939,33.621269441],[130.20561631950463,33.62083333333333],[130.2,33.62083333333333],[130.2,33.62500000000001],[130.205687951,33.625]]]}},{"type":"Feature","id":"40230:503031521","properties":{"id":"40230:503031521","meshCode":"503031521","cityCode":"40230","city":"糸島市","lat":33.6251513,"lon":130.1561898,"areaKm2":0.0008709,"populated2020":false,"population2020":null,"populationNote":"境界またぎ・原典収録外のため自治体内人口は未集計"},"geometry":{"type":"MultiPolygon","coordinates":[[[[130.155839909,33.625028532],[130.155868703,33.625083009],[130.155897393,33.62505876600001],[130.155839909,33.625028532]]],[[[130.156164137,33.62500461300001],[130.156113943,33.62512272099999],[130.15625,33.62530168643124],[130.15625,33.62500000000001],[130.156164137,33.62500461300001]]],[[[130.156220415,33.62577497299999],[130.156139585,33.626260333],[130.156206615,33.626296829],[130.156136589,33.62638174800001],[130.15625,33.626536683780735],[130.156220415,33.62577497299999]]],[[[130.15625,33.62658027368487],[130.156187419,33.62661705400001],[130.15625,33.626840564868765],[130.15625,33.62658027368487]]]]}},{"type":"Feature","id":"40230:503031522","properties":{"id":"40230:503031522","meshCode":"503031522","cityCode":"40230","city":"糸島市","lat":33.6270833,"lon":130.159375,"areaKm2":0.2474688,"populated2020":true,"population2020":1.9745,"populationNote":"2020年基準の国交省調整値"},"geometry":{"type":"MultiPolygon","coordinates":[[[[130.156617782,33.62743535999999],[130.1565538,33.62749738699999],[130.156653113,33.627483387],[130.156617782,33.62743535999999]]],[[[130.15625,33.62500000000001],[130.15625,33.626840564868765],[130.156628106,33.62717205399999],[130.156626744,33.627377613],[130.156773722,33.627549387],[130.156805499,33.627771414],[130.156699689,33.62787844100001],[130.156899027,33.628049946],[130.156885837,33.628165333],[130.157047224,33.62824064000001],[130.157076783,33.628424613],[130.157241829,33.628553865],[130.157352244,33.628538387000006],[130.157334553,33.628628252],[130.157589105,33.62857461299999],[130.157938366,33.62876119800001],[130.158054643,33.62872997299999],[130.15811192,33.628857495],[130.158302023,33.628970694],[130.158715577,33.629083054],[130.15865843908335,33.62916666666667],[130.1625,33.62916666666666],[130.1625,33.625000000000014],[130.15625,33.62500000000001]]],[[[130.15707269800004,33.62862427899999],[130.157047198,33.62869669399999],[130.157079585,33.628744694],[130.157148327,33.628646802000006],[130.15707269800004,33.62862427899999]]],[[[130.157149922,33.628927865],[130.157067665,33.62900636],[130.157093606,33.62903305399999],[130.157149922,33.628927865]]],[[[130.157983087,33.628916864999994],[130.157975642,33.629071694],[130.158175058,33.62898180199999],[130.158167224,33.628933252],[130.157983087,33.628916864999994]]],[[[130.158363839,33.62909697300001],[130.158424527,33.62910846799999],[130.158432996,33.629101586],[130.158405422,33.629056225],[130.158363839,33.62909697300001]]],[[[130.157091946,33.629102468],[130.157116809,33.629130585999995],[130.157128833,33.629112279000005],[130.157091946,33.629102468]]],[[[130.157065162,33.629142224999995],[130.157098859,33.629157054000004],[130.157105188,33.629137081],[130.157065162,33.629142224999995]]],[[[130.157136135,33.62914713499999],[130.15712834473496,33.62916666666667],[130.15715854490705,33.62916666666667],[130.157136135,33.62914713499999]]]]}},{"type":"Feature","id":"40230:503031531","properties":{"id":"40230:503031531","meshCode":"503031531","cityCode":"40230","city":"糸島市","lat":33.6270833,"lon":130.165625,"areaKm2":0.2679933,"populated2020":true,"population2020":26.6195,"populationNote":"2020年基準の国交省調整値"},"geometry":{"type":"Polygon","coordinates":[[[130.1625,33.625000000000014],[130.1625,33.62916666666666],[130.16875,33.62916666666666],[130.16875,33.625000000000014],[130.1625,33.625000000000014]]]}},{"type":"Feature","id":"40230:503031532","properties":{"id":"40230:503031532","meshCode":"503031532","cityCode":"40230","city":"糸島市","lat":33.6270833,"lon":130.171875,"areaKm2":0.2666166,"populated2020":false,"population2020":null,"populationNote":"境界またぎ・原典収録外のため自治体内人口は未集計"},"geometry":{"type":"Polygon","coordinates":[[[130.17375040771097,33.62916666666666],[130.173465499,33.628719973],[130.173458833,33.628514802],[130.173695473,33.628563279],[130.17391737828322,33.62916666666667],[130.175,33.62916666666667],[130.175,33.62500000000001],[130.16875,33.625000000000014],[130.16875,33.62916666666666],[130.17375040771097,33.62916666666666]]]}},{"type":"Feature","id":"40230:503031541","properties":{"id":"40230:503031541","meshCode":"503031541","cityCode":"40230","city":"糸島市","lat":33.6270833,"lon":130.178125,"areaKm2":0.2679921,"populated2020":true,"population2020":0.9842,"populationNote":"2020年基準の国交省調整値"},"geometry":{"type":"Polygon","coordinates":[[[130.175,33.62500000000001],[130.175,33.62916666666667],[130.18125,33.62916666666666],[130.18125,33.625],[130.175,33.62500000000001]]]}},{"type":"Feature","id":"40230:503031542","properties":{"id":"40230:503031542","meshCode":"503031542","cityCode":"40230","city":"糸島市","lat":33.6270833,"lon":130.184375,"areaKm2":0.2679915,"populated2020":true,"population2020":27.6676,"populationNote":"2020年基準の国交省調整値"},"geometry":{"type":"Polygon","coordinates":[[[130.18125,33.625],[130.18125,33.62916666666666],[130.1875,33.62916666666666],[130.1875,33.62500000000001],[130.18125,33.625]]]}},{"type":"Feature","id":"40230:503031551","properties":{"id":"40230:503031551","meshCode":"503031551","cityCode":"40230","city":"糸島市","lat":33.6270833,"lon":130.190625,"areaKm2":0.267991,"populated2020":true,"population2020":72.2141,"populationNote":"2020年基準の国交省調整値"},"geometry":{"type":"Polygon","coordinates":[[[130.1875,33.62500000000001],[130.1875,33.62916666666666],[130.19375,33.62916666666667],[130.19375,33.62500000000001],[130.1875,33.62500000000001]]]}},{"type":"Feature","id":"40230:503031552","properties":{"id":"40230:503031552","meshCode":"503031552","cityCode":"40230","city":"糸島市","lat":33.6270833,"lon":130.196875,"areaKm2":0.2679904,"populated2020":true,"population2020":108.0004,"populationNote":"2020年基準の国交省調整値"},"geometry":{"type":"Polygon","coordinates":[[[130.19375,33.62500000000001],[130.19375,33.62916666666667],[130.2,33.629166666666656],[130.2,33.62500000000001],[130.19375,33.62500000000001]]]}},{"type":"Feature","id":"40230:503031561","properties":{"id":"40230:503031561","meshCode":"503031561","cityCode":"40230","city":"糸島市","lat":33.6270833,"lon":130.203125,"areaKm2":0.2529888,"populated2020":false,"population2020":null,"populationNote":"境界またぎ・原典収録外のため自治体内人口は未集計"},"geometry":{"type":"Polygon","coordinates":[[[130.2059599634217,33.62916666666667],[130.206048612,33.62890610800001],[130.20625,33.628873917820066],[130.20625,33.6274323322823],[130.205436109,33.62621944100001],[130.205687951,33.625],[130.2,33.62500000000001],[130.2,33.629166666666656],[130.2059599634217,33.62916666666667]]]}},{"type":"Feature","id":"40230:503031562","properties":{"id":"40230:503031562","meshCode":"503031562","cityCode":"40230","city":"糸島市","lat":33.6282035,"lon":130.2064026,"areaKm2":0.003822,"populated2020":false,"population2020":null,"populationNote":"境界またぎ・原典収録外のため自治体内人口は未集計"},"geometry":{"type":"Polygon","coordinates":[[[130.206552218,33.628840829],[130.206703061,33.628705279],[130.206736667,33.628541387000006],[130.206375837,33.627903053999994],[130.20625,33.6274323322823],[130.20625,33.628873917820066],[130.206552218,33.628840829]]]}},{"type":"Feature","id":"40230:503031524","properties":{"id":"40230:503031524","meshCode":"503031524","cityCode":"40230","city":"糸島市","lat":33.6298707,"lon":130.1612268,"areaKm2":0.0354013,"populated2020":false,"population2020":null,"populationNote":"境界またぎ・原典収録外のため自治体内人口は未集計"},"geometry":{"type":"MultiPolygon","coordinates":[[[[130.158658612,33.629166775],[130.159835499,33.629752829],[130.159576355,33.63014372100001],[130.159783943,33.63013594600001],[130.159921699,33.629822559000004],[130.160125668,33.62992964],[130.159861777,33.630323279],[130.160025084,33.630386973],[130.160004034,33.630513414],[130.160077912,33.630563775],[130.160291362,33.63037163999999],[130.160341699,33.63042725199999],[130.16035358,33.630213027],[130.160448755,33.630167946000014],[130.160473995,33.630521468],[130.160532166,33.63014705400001],[130.160644994,33.630092387],[130.160750052,33.630329135],[130.160793385,33.63011936],[130.161101582,33.630126135000005],[130.161147134,33.630240586000006],[130.161216783,33.630206441],[130.161226783,33.630564197999995],[130.161344669,33.630467162],[130.161452866,33.63010236000001],[130.161674384,33.63013336000001],[130.161641051,33.63023502699999],[130.161719689,33.630150441],[130.162162996,33.630154054],[130.162318664,33.630385027],[130.1625,33.63028112160837],[130.1625,33.62916666666666],[130.158658612,33.629166775]]],[[[130.157140363,33.629199441],[130.15713061,33.629183532],[130.157095772,33.62919544100001],[130.157140363,33.629199441]]],[[[130.15883642,33.629335532],[130.158835551,33.62944669400001],[130.158958833,33.629517225],[130.158954112,33.629379865],[130.15883642,33.629335532]]],[[[130.15863358,33.62953330600001],[130.158727173,33.629619135000006],[130.158792283,33.629451532],[130.15864428,33.62939741400001],[130.15863358,33.62953330600001]]],[[[130.158448949,33.629522315],[130.158376174,33.629492252],[130.158358262,33.62951655900001],[130.158392348,33.629557279],[130.158448949,33.629522315]]],[[[130.158631115,33.62957864],[130.158645447,33.629599225],[130.158642892,33.629574027],[130.158631115,33.62957864]]],[[[130.15865358,33.62962694600001],[130.158673606,33.629674613000006],[130.158689248,33.62967264],[130.15865358,33.62962694600001]]],[[[130.15878922200002,33.629577468],[130.15872642,33.629751332999994],[130.158862607,33.629556775000005],[130.15878922200002,33.629577468]]],[[[130.159528327,33.630007694],[130.159671245,33.629829613],[130.159675525,33.62978861300001],[130.159521362,33.629870532000005],[130.159528327,33.630007694]]],[[[130.159374306,33.630096918999996],[130.159464475,33.630000054],[130.15944988300004,33.62991619799999],[130.159349222,33.62997097299999],[130.15940939,33.62998102700001],[130.159374306,33.630096918999996]]],[[[130.159262802,33.63019091899999],[130.159076939,33.630292973],[130.15906525300002,33.63037730599999],[130.159157198,33.63037710799999],[130.159262802,33.63019091899999]]],[[[130.160936693,33.630390721],[130.1609093,33.630369162],[130.160921803,33.630413],[130.160936693,33.630390721]]],[[[130.162284721,33.63052644100001],[130.162299805,33.630427919],[130.162225616,33.630333027],[130.162207302,33.630430162],[130.162284721,33.63052644100001]]],[[[130.161670363,33.63031464],[130.161576589,33.63042805400001],[130.161591167,33.630613999999994],[130.16174489,33.63034464],[130.161670363,33.63031464]]],[[[130.159760661,33.630590387000005],[130.159805422,33.630554440999994],[130.159779416,33.63054480200001],[130.159760661,33.630590387000005]]],[[[130.161209611,33.630600586],[130.161206978,33.63058461300001],[130.161186135,33.63058708100001],[130.161209611,33.630600586]]],[[[130.162199196,33.630600162],[130.162140143,33.630577333],[130.162189559,33.63062841399999],[130.162199196,33.630600162]]],[[[130.159982555,33.630628225],[130.160016161,33.63065010800001],[130.16000192,33.630598081],[130.159982555,33.630628225]]],[[[130.160194449,33.63066186499999],[130.160143865,33.630731586],[130.160182387,33.630738973000014],[130.160194449,33.63066186499999]]]]}},{"type":"Feature","id":"40230:503031533","properties":{"id":"40230:503031533","meshCode":"503031533","cityCode":"40230","city":"糸島市","lat":33.63125,"lon":130.165625,"areaKm2":0.1469739,"populated2020":false,"population2020":null,"populationNote":"境界またぎ・原典収録外のため自治体内人口は未集計"},"geometry":{"type":"MultiPolygon","coordinates":[[[[130.162515305,33.63027864],[130.16273594,33.630311494999994],[130.162900804,33.630450558999996],[130.162841803,33.63064564],[130.162968054,33.630574441],[130.163300389,33.63071564],[130.163453113,33.630963081],[130.163512776,33.630889667],[130.163739442,33.630866225],[130.163928911,33.630959108],[130.16398978,33.631274559],[130.16462053200001,33.631510332999994],[130.164732387,33.63171225199999],[130.165075084,33.631698162000006],[130.165269948,33.631533305999994],[130.165586329,33.631606667],[130.16598856,33.631855532],[130.165858911,33.632042279],[130.165930661,33.632045829000006],[130.165922672,33.631961108000006],[130.166063385,33.631999306000004],[130.166110195,33.632240802],[130.166183943,33.63219449500001],[130.166295966,33.632335748],[130.166339339,33.632265081],[130.166340441,33.632373829],[130.16652080400002,33.632506586000005],[130.166632244,33.63243953200001],[130.1667093,33.632473225],[130.166787224,33.632633252],[130.166885837,33.632544748],[130.166856615,33.63264636000001],[130.166931051,33.63271799999998],[130.166958664,33.632547306],[130.16725144,33.632500054],[130.1673862,33.632765586],[130.167453671,33.632542532],[130.167938586,33.63195136],[130.167631284,33.631358973],[130.16765710800001,33.631136532],[130.167804332,33.630935748000006],[130.168014228,33.630876198],[130.168122529,33.630530892],[130.16875,33.63026245288785],[130.16875,33.62916666666666],[130.1625,33.62916666666666],[130.162515305,33.63027864]]],[[[130.162711855,33.63060689200001],[130.162758859,33.630484225000004],[130.162732698,33.630459532],[130.162661582,33.630566892000004],[130.162711855,33.63060689200001]]],[[[130.165617445,33.63221359500001],[130.165628495,33.632186532],[130.165609092,33.632197396],[130.165617445,33.63221359500001]]],[[[130.165822412,33.632285216],[130.16582088200002,33.63231045],[130.16584013,33.632304631],[130.165822412,33.632285216]]],[[[130.166100545,33.632348134999994],[130.16617415,33.632406423],[130.166159767,33.632298937],[130.166100545,33.632348134999994]]],[[[130.166267367,33.632441766],[130.16626856,33.632473694],[130.166280791,33.632458171],[130.166267367,33.632441766]]],[[[130.167514942,33.63280712600001],[130.167454617,33.632814117],[130.167497769,33.63283307199999],[130.167514942,33.63280712600001]]],[[[130.167344916,33.632889297000006],[130.167459001,33.632884829],[130.167370752,33.632825630999996],[130.167344916,33.632889297000006]]]]}},{"type":"Feature","id":"40230:503031534","properties":{"id":"40230:503031534","meshCode":"503031534","cityCode":"40230","city":"糸島市","lat":33.6298463,"lon":130.1693445,"areaKm2":0.0391891,"populated2020":false,"population2020":null,"populationNote":"境界またぎ・原典収録外のため自治体内人口は未集計"},"geometry":{"type":"MultiPolygon","coordinates":[[[[130.168769689,33.630259613],[130.168955694,33.630274279000005],[130.169073256,33.630526721],[130.16912572,33.630325748000004],[130.169426031,33.630278613],[130.169349857,33.630172693999995],[130.169476394,33.630118559],[130.169516161,33.630197278999994],[130.169703256,33.629964],[130.169957224,33.629836585999996],[130.170819027,33.629593441],[130.171659442,33.62950069400001],[130.174115383,33.629841973],[130.173973307,33.629696694],[130.173830415,33.629423693999996],[130.173840467,33.629205027],[130.17375040771097,33.62916666666666],[130.16875,33.62916666666666],[130.168769689,33.630259613]]],[[[130.173913359,33.62920280200001],[130.173985694,33.629674414],[130.174136304,33.629850252],[130.175,33.629879946],[130.175,33.62916666666667],[130.173913359,33.62920280200001]]]]}},{"type":"Feature","id":"40230:503031543","properties":{"id":"40230:503031543","meshCode":"503031543","cityCode":"40230","city":"糸島市","lat":33.63125,"lon":130.178125,"areaKm2":0.163077,"populated2020":false,"population2020":null,"populationNote":"境界またぎ・原典収録外のため自治体内人口は未集計"},"geometry":{"type":"MultiPolygon","coordinates":[[[[130.175002529,33.629879721],[130.175492529,33.62994513500001],[130.176315279,33.630350387],[130.176815084,33.630924918999995],[130.176508418,33.631481892],[130.176655473,33.631435161999995],[130.176687756,33.631531414],[130.177048664,33.631457721],[130.177372607,33.631509468],[130.177444838,33.63155546800001],[130.177469883,33.631866892000005],[130.177685136,33.631833495],[130.177819416,33.631948640000005],[130.178081634,33.631905586],[130.178249559,33.631974865000004],[130.178272387,33.63203397299999],[130.177996861,33.632207135],[130.178136744,33.632357306],[130.17826166,33.632289892],[130.178237756,33.63239044099999],[130.178367419,33.632413829],[130.178341608,33.632315305999995],[130.178454306,33.632274108],[130.178461997,33.63216902700001],[130.178636057,33.632271802],[130.17866061,33.632024558999994],[130.178752555,33.63235380199999],[130.178960532,33.632360333],[130.17906635500003,33.632248694],[130.179099144,33.632360279000004],[130.179131803,33.63229241399999],[130.179299248,33.632343829],[130.179368495,33.632293441000016],[130.179449831,33.632502360000004],[130.179643307,33.632491279],[130.179909196,33.632811694],[130.180152477,33.632801748],[130.18038939000002,33.632926306],[130.180552607,33.632787198],[130.180782996,33.632849586],[130.180729222,33.632746802],[130.18084428,33.632742414],[130.181219468,33.632425],[130.18125,33.62916666666666],[130.175,33.62916666666667],[130.175002529,33.629879721]]],[[[130.17632677,33.631349126],[130.176274955,33.631289730000006],[130.176193113,33.631304324],[130.176209611,33.631360793],[130.17632677,33.631349126]]],[[[130.176492244,33.631551297],[130.176465032,33.631511171],[130.176463722,33.631546955000005],[130.176492244,33.631551297]]],[[[130.176543035,33.63163945],[130.176626485,33.631592315],[130.176619507,33.631531856],[130.176533333,33.63157176600001],[130.176543035,33.63163945]]],[[[130.176746109,33.631639541],[130.176766433,33.63166600899999],[130.176781323,33.63164203600001],[130.176746109,33.631639541]]],[[[130.177134163,33.631783414],[130.177169948,33.63185308100001],[130.177201777,33.631802081],[130.177327497,33.631900640000005],[130.177294254,33.631713333],[130.177134163,33.631783414]]],[[[130.1785438,33.63239607199999],[130.178502425,33.63234936],[130.178491375,33.632389685],[130.1785438,33.63239607199999]]]]}},{"type":"Feature","id":"40230:503031544","properties":{"id":"40230:503031544","meshCode":"503031544","cityCode":"40230","city":"糸島市","lat":33.63125,"lon":130.184375,"areaKm2":0.2332735,"populated2020":true,"population2020":32.6091,"populationNote":"2020年基準の国交省調整値"},"geometry":{"type":"MultiPolygon","coordinates":[[[[130.181286744,33.632331946],[130.181549468,33.632268586],[130.181853333,33.63248564],[130.18240083,33.63249097300001],[130.182607276,33.632625694],[130.182939533,33.632459559],[130.18374713400001,33.632476495],[130.184396524,33.632603495],[130.18628391799882,33.63333333333334],[130.1875,33.63333333333334],[130.1875,33.62916666666666],[130.18125,33.62916666666666],[130.181286744,33.632331946]]],[[[130.181775979,33.632696559],[130.181744319,33.632602395999996],[130.181692555,33.63270845],[130.181775979,33.632696559]]],[[[130.182626693,33.632691198],[130.18256581100002,33.632667162000004],[130.182613022,33.632758441],[130.182626693,33.632691198]]],[[[130.182769364,33.632753532],[130.182688911,33.632745333],[130.182772633,33.632771495],[130.182769364,33.632753532]]]]}},{"type":"Feature","id":"40230:503031553","properties":{"id":"40230:503031553","meshCode":"503031553","cityCode":"40230","city":"糸島市","lat":33.63125,"lon":130.190625,"areaKm2":0.2679782,"populated2020":false,"population2020":null,"populationNote":"境界またぎ・原典収録外のため自治体内人口は未集計"},"geometry":{"type":"Polygon","coordinates":[[[130.1875,33.62916666666666],[130.1875,33.63333333333334],[130.19375,33.63333333333334],[130.19375,33.62916666666667],[130.1875,33.62916666666666]]]}},{"type":"Feature","id":"40230:503031554","properties":{"id":"40230:503031554","meshCode":"503031554","cityCode":"40230","city":"糸島市","lat":33.63125,"lon":130.196875,"areaKm2":0.2679777,"populated2020":true,"population2020":31.7263,"populationNote":"2020年基準の国交省調整値"},"geometry":{"type":"Polygon","coordinates":[[[130.19375,33.62916666666667],[130.19375,33.63333333333334],[130.2,33.63333333333333],[130.2,33.629166666666656],[130.19375,33.62916666666667]]]}},{"type":"Feature","id":"40230:503031563","properties":{"id":"40230:503031563","meshCode":"503031563","cityCode":"40230","city":"糸島市","lat":33.63125,"lon":130.203125,"areaKm2":0.2035204,"populated2020":true,"population2020":44.4661,"populationNote":"2020年基準の国交省調整値"},"geometry":{"type":"Polygon","coordinates":[[[130.204043281,33.633333333],[130.203783333,33.63236666699999],[130.203903606,33.631723613000005],[130.204714449,33.631625279],[130.204943891,33.631531667],[130.205106109,33.631363333],[130.205332503,33.630491387000006],[130.205284994,33.629736107999996],[130.205413606,33.629619162],[130.205754994,33.62959582900001],[130.2059599634217,33.62916666666667],[130.2,33.629166666666656],[130.2,33.63333333333333],[130.204043281,33.633333333]]]}},{"type":"Feature","id":"40230:503031642","properties":{"id":"40230:503031642","meshCode":"503031642","cityCode":"40230","city":"糸島市","lat":33.6335641,"lon":130.1872379,"areaKm2":0.0026788,"populated2020":false,"population2020":null,"populationNote":"境界またぎ・原典収録外のため自治体内人口は未集計"},"geometry":{"type":"Polygon","coordinates":[[[130.18628391799882,33.63333333333334],[130.187123061,33.633621027],[130.1875,33.63380105975467],[130.1875,33.63333333333334],[130.18628391799882,33.63333333333334]]]}},{"type":"Feature","id":"40230:503031651","properties":{"id":"40230:503031651","meshCode":"503031651","cityCode":"40230","city":"糸島市","lat":33.6354167,"lon":130.190625,"areaKm2":0.1761884,"populated2020":false,"population2020":null,"populationNote":"境界またぎ・原典収録外のため自治体内人口は未集計"},"geometry":{"type":"Polygon","coordinates":[[[130.18750830100004,33.63380353200001],[130.187983554,33.634090919],[130.188118975,33.634844775000005],[130.188313256,33.63509274799999],[130.188697717,33.635267667],[130.189487367,33.635398252],[130.191048171,33.63617297300001],[130.191418003,33.63641486499999],[130.191831699,33.636933748000004],[130.192593645,33.637447892000004],[130.19375,33.63750000000001],[130.19375,33.63333333333334],[130.1875,33.63333333333334],[130.18750830100004,33.63380353200001]]]}},{"type":"Feature","id":"40230:503031652","properties":{"id":"40230:503031652","meshCode":"503031652","cityCode":"40230","city":"糸島市","lat":33.6354167,"lon":130.196875,"areaKm2":0.2679649,"populated2020":true,"population2020":13.7753,"populationNote":"2020年基準の国交省調整値"},"geometry":{"type":"Polygon","coordinates":[[[130.19375,33.63333333333334],[130.19375,33.63750000000001],[130.2,33.637499999999996],[130.2,33.63333333333333],[130.19375,33.63333333333334]]]}},{"type":"Feature","id":"40230:503031661","properties":{"id":"40230:503031661","meshCode":"503031661","cityCode":"40230","city":"糸島市","lat":33.6354167,"lon":130.203125,"areaKm2":0.1491071,"populated2020":false,"population2020":null,"populationNote":"境界またぎ・原典収録外のため自治体内人口は未集計"},"geometry":{"type":"Polygon","coordinates":[[[130.202093891,33.637398333],[130.202468885,33.63722527899999],[130.202776394,33.636963333],[130.202933061,33.636692225000004],[130.202977782,33.635925],[130.203981946,33.635245],[130.204063061,33.63441944099999],[130.20404328104792,33.63333333333334],[130.2,33.63333333333333],[130.2,33.637499999999996],[130.20202625892037,33.63750000000001],[130.202093891,33.637398333]]]}},{"type":"Feature","id":"40230:503031653","properties":{"id":"40230:503031653","meshCode":"503031653","cityCode":"40230","city":"糸島市","lat":33.6376806,"lon":130.1934682,"areaKm2":0.0020321,"populated2020":false,"population2020":null,"populationNote":"境界またぎ・原典収録外のため自治体内人口は未集計"},"geometry":{"type":"Polygon","coordinates":[[[130.19275280977934,33.6375],[130.193192827,33.637706333000004],[130.19375,33.63785798570713],[130.19375,33.63750000000001],[130.19275280977934,33.6375]]]}},{"type":"Feature","id":"40230:503031654","properties":{"id":"40230:503031654","meshCode":"503031654","cityCode":"40230","city":"糸島市","lat":33.6386261,"lon":130.1979157,"areaKm2":0.0778077,"populated2020":false,"population2020":null,"populationNote":"境界またぎ・原典収録外のため自治体内人口は未集計"},"geometry":{"type":"MultiPolygon","coordinates":[[[[130.19376992200003,33.637859414],[130.193997393,33.637892441000005],[130.194625188,33.637741721000005],[130.19521808,33.637912027],[130.195454423,33.638047829],[130.195681193,33.63832764],[130.195673606,33.63849458600001],[130.195827886,33.638630387000006],[130.196001089,33.638574892],[130.196419805,33.638779559],[130.197084942,33.639450198],[130.197766329,33.639749631],[130.19838,33.639249721],[130.199126667,33.638803333000006],[130.199468054,33.638653892],[130.2,33.638566441],[130.2,33.637499999999996],[130.19375,33.63750000000001],[130.19376992200003,33.637859414]]],[[[130.196507951,33.640235027],[130.196476304,33.640311108],[130.196529637,33.640322892],[130.196507951,33.640235027]]],[[[130.196267224,33.640362829000004],[130.196099559,33.64035536000001],[130.196120856,33.640440252000005],[130.196243113,33.640406865],[130.19637452700002,33.640577946],[130.196446498,33.640245801999995],[130.196267224,33.640362829000004]]],[[[130.196495253,33.640661252],[130.196731479,33.640600387],[130.196663671,33.640472279],[130.196503839,33.640409748],[130.196495253,33.640661252]]]]}},{"type":"Feature","id":"40230:503031663","properties":{"id":"40230:503031663","meshCode":"503031663","cityCode":"40230","city":"糸島市","lat":33.6380364,"lon":130.2004922,"areaKm2":0.013382,"populated2020":false,"population2020":null,"populationNote":"境界またぎ・原典収録外のため自治体内人口は未集計"},"geometry":{"type":"Polygon","coordinates":[[[130.2,33.638566441],[130.200692776,33.638307775],[130.20088,33.638085559],[130.201148612,33.637959161999994],[130.20138917,33.63790777500001],[130.201831115,33.637963892],[130.20197083,33.637800559],[130.20202625892037,33.63750000000001],[130.2,33.637499999999996],[130.2,33.638566441]]]}},{"type":"Feature","id":"40230:503030894","properties":{"id":"40230:503030894","meshCode":"503030894","cityCode":"40230","city":"糸島市","lat":33.6559761,"lon":130.1196337,"areaKm2":6.46e-05,"populated2020":false,"population2020":null,"populationNote":"境界またぎ・原典収録外のため自治体内人口は未集計"},"geometry":{"type":"MultiPolygon","coordinates":[[[[130.120010778,33.655560793],[130.119970078,33.655555721000006],[130.119983904,33.655574126000005],[130.120010778,33.655560793]]],[[[130.119984916,33.65561218],[130.119960039,33.655599559],[130.11997118,33.655616234],[130.119984916,33.65561218]]],[[[130.120263139,33.655840018],[130.120295616,33.655858919],[130.120297536,33.65583927000001],[130.120263139,33.655840018]]],[[[130.120229598,33.65586151400001],[130.120186472,33.655904387],[130.120231245,33.655901829],[130.120229598,33.65586151400001]]],[[[130.119655331,33.655960476999994],[130.11961214,33.65598829700001],[130.119653359,33.655985802],[130.119655331,33.655960476999994]]],[[[130.11921358,33.65599537799999],[130.119237652,33.655993027],[130.119217575,33.655985036],[130.11921358,33.65599537799999]]]]}},{"type":"Feature","id":"40230:502947284","properties":{"id":"40230:502947284","meshCode":"502947284","cityCode":"40230","city":"糸島市","lat":33.6895314,"lon":129.9824802,"areaKm2":0.0105574,"populated2020":false,"population2020":null,"populationNote":"境界またぎ・原典収録外のため自治体内人口は未集計"},"geometry":{"type":"MultiPolygon","coordinates":[[[[129.98162900100002,33.689154297],[129.981506291,33.689152288],[129.981453035,33.68926870300001],[129.981604202,33.689217387],[129.98162900100002,33.689154297]]],[[[129.981850233,33.689316874000006],[129.981894527,33.689439225],[129.981816044,33.689554802],[129.981945992,33.689776495000004],[129.98262406,33.690007757],[129.983149974,33.68978740499999],[129.983141245,33.68952072100001],[129.983412283,33.689631054],[129.983582399,33.689601351],[129.982603372,33.689072341999996],[129.982363632,33.689070099],[129.981898003,33.689272189],[129.981786433,33.68920382899999],[129.981636537,33.68918338700001],[129.981850233,33.689316874000006]]]]}}]}