{"type":"FeatureCollection","metadata":{"cityCode":"40231","city":"那珂川市","resolution":500,"boundaryDate":"2026-01-01","populationLabel":"2020年基準人口（国交省調整値）","method":"標準地域メッシュを行政界で切抜き。中心が区域外のとき区域内代表点を判定点にする。人口不明をゼロにしない。"},"features":[{"type":"Feature","id":"40231:503003722","properties":{"id":"40231:503003722","meshCode":"503003722","cityCode":"40231","city":"那珂川市","lat":33.3953985,"lon":130.4113733,"areaKm2":0.0088245,"populated2020":false,"population2020":null,"populationNote":"境界またぎ・原典収録外のため自治体内人口は未集計"},"geometry":{"type":"Polygon","coordinates":[[[130.4125,33.3955632629415],[130.412097497,33.395512225],[130.411664163,33.395347775],[130.411435279,33.39509972100001],[130.41097083,33.39504027900001],[130.410945837,33.395449162],[130.41067921811614,33.39583333333333],[130.4125,33.395833333333336],[130.4125,33.3955632629415]]]}},{"type":"Feature","id":"40231:503003731","properties":{"id":"40231:503003731","meshCode":"503003731","cityCode":"40231","city":"那珂川市","lat":33.3956634,"lon":130.4126342,"areaKm2":0.0009731,"populated2020":false,"population2020":null,"populationNote":"境界またぎ・原典収録外のため自治体内人口は未集計"},"geometry":{"type":"Polygon","coordinates":[[[130.4131266855871,33.395833333333336],[130.4125,33.3955632629415],[130.4125,33.395833333333336],[130.4131266855871,33.395833333333336]]]}},{"type":"Feature","id":"40231:503003724","properties":{"id":"40231:503003724","meshCode":"503003724","cityCode":"40231","city":"那珂川市","lat":33.3979167,"lon":130.409375,"areaKm2":0.1698923,"populated2020":false,"population2020":null,"populationNote":"境界またぎ・原典収録外のため自治体内人口は未集計"},"geometry":{"type":"Polygon","coordinates":[[[130.410477497,33.39607472099999],[130.409511388,33.396616108],[130.408097497,33.398191946000004],[130.40785166,33.398366667],[130.40768306100003,33.398604162],[130.407555837,33.399002495000005],[130.407633671,33.400000000000006],[130.4125,33.39999999999999],[130.4125,33.395833333333336],[130.41067921811614,33.39583333333333],[130.410477497,33.39607472099999]]]}},{"type":"Feature","id":"40231:503003733","properties":{"id":"40231:503003733","meshCode":"503003733","cityCode":"40231","city":"那珂川市","lat":33.3977835,"lon":130.4130748,"areaKm2":0.0817218,"populated2020":false,"population2020":null,"populationNote":"境界またぎ・原典収録外のため自治体内人口は未集計"},"geometry":{"type":"Polygon","coordinates":[[[130.416865383,33.4],[130.41631166,33.399355559],[130.415966109,33.399114441000016],[130.415422503,33.39898527900001],[130.414473333,33.398981667],[130.413914994,33.398569441],[130.413748612,33.398335278999994],[130.413646394,33.397615829],[130.413758885,33.397413054],[130.413979728,33.397294162],[130.414038054,33.397039162],[130.413356939,33.396011667],[130.4131266855871,33.395833333333336],[130.4125,33.395833333333336],[130.4125,33.39999999999999],[130.416865383,33.4]]]}},{"type":"Feature","id":"40231:503003734","properties":{"id":"40231:503003734","meshCode":"503003734","cityCode":"40231","city":"那珂川市","lat":33.3991515,"lon":130.4230217,"areaKm2":0.0673232,"populated2020":false,"population2020":null,"populationNote":"境界またぎ・原典収録外のため自治体内人口は未集計"},"geometry":{"type":"Polygon","coordinates":[[[130.424511388,33.39828000000001],[130.423568054,33.398286946000006],[130.422839442,33.398465],[130.421875551,33.3985],[130.421386109,33.39897500000001],[130.420567782,33.39942222500001],[130.420339948,33.4],[130.425,33.4],[130.425,33.398001054],[130.424511388,33.39828000000001]]]}},{"type":"Feature","id":"40231:503003743","properties":{"id":"40231:503003743","meshCode":"503003743","cityCode":"40231","city":"那珂川市","lat":33.3979167,"lon":130.428125,"areaKm2":0.1604495,"populated2020":false,"population2020":null,"populationNote":"境界またぎ・原典収録外のため自治体内人口は未集計"},"geometry":{"type":"Polygon","coordinates":[[[130.430712503,33.397885558999995],[130.430112776,33.397365],[130.429248885,33.397120279],[130.428757224,33.39687582900001],[130.428471946,33.396879162],[130.42801805400003,33.396997774999996],[130.427668054,33.39735416199999],[130.426999728,33.39778749500001],[130.426224994,33.397885279],[130.425721388,33.397843333],[130.425007224,33.397996946],[130.425,33.4],[130.43125,33.4],[130.43125,33.398088628744944],[130.430712503,33.397885558999995]]]}},{"type":"Feature","id":"40231:503003744","properties":{"id":"40231:503003744","meshCode":"503003744","cityCode":"40231","city":"那珂川市","lat":33.3992219,"lon":130.4337875,"areaKm2":0.077018,"populated2020":false,"population2020":null,"populationNote":"境界またぎ・原典収録外のため自治体内人口は未集計"},"geometry":{"type":"Polygon","coordinates":[[[130.437244449,33.39952777500001],[130.436586394,33.399454162],[130.436063606,33.39898972100001],[130.435593061,33.39878361299999],[130.434922503,33.39871027900001],[130.434273061,33.398539162],[130.433750272,33.398654441000005],[130.43283,33.398727494999996],[130.432242776,33.398608613],[130.43125,33.398088628744944],[130.43125,33.4],[130.4375,33.4],[130.4375,33.3997097740979],[130.437244449,33.39952777500001]]]}},{"type":"Feature","id":"40231:503003753","properties":{"id":"40231:503003753","meshCode":"503003753","cityCode":"40231","city":"那珂川市","lat":33.3998914,"lon":130.4376551,"areaKm2":0.0007336,"populated2020":false,"population2020":null,"populationNote":"境界またぎ・原典収録外のため自治体内人口は未集計"},"geometry":{"type":"Polygon","coordinates":[[[130.438017756,33.4],[130.4375,33.3997097740979],[130.4375,33.4],[130.438017756,33.4]]]}},{"type":"Feature","id":"40231:503003822","properties":{"id":"40231:503003822","meshCode":"503003822","cityCode":"40231","city":"那珂川市","lat":33.4020833,"lon":130.409375,"areaKm2":0.1637205,"populated2020":false,"population2020":null,"populationNote":"境界またぎ・原典収録外のため自治体内人口は未集計"},"geometry":{"type":"Polygon","coordinates":[[[130.407633671,33.400000000000006],[130.407768327,33.40145527899999],[130.407703891,33.402056108],[130.409188327,33.402807495],[130.40971917,33.402971667],[130.40991083,33.403090559000006],[130.410233333,33.403569162],[130.410947782,33.40373],[130.41119132159918,33.40416666666667],[130.4125,33.40416666666667],[130.4125,33.39999999999999],[130.407633671,33.400000000000006]]]}},{"type":"Feature","id":"40231:503003831","properties":{"id":"40231:503003831","meshCode":"503003831","cityCode":"40231","city":"那珂川市","lat":33.4020833,"lon":130.415625,"areaKm2":0.2587743,"populated2020":false,"population2020":null,"populationNote":"境界またぎ・原典収録外のため自治体内人口は未集計"},"geometry":{"type":"Polygon","coordinates":[[[130.418697782,33.40107472100001],[130.417883606,33.400480829],[130.417500558,33.400355],[130.416865383,33.4],[130.4125,33.39999999999999],[130.4125,33.40416666666667],[130.41875,33.40416666666667],[130.418697782,33.40107472100001]]]}},{"type":"Feature","id":"40231:503003832","properties":{"id":"40231:503003832","meshCode":"503003832","cityCode":"40231","city":"那珂川市","lat":33.4020833,"lon":130.421875,"areaKm2":0.2564481,"populated2020":false,"population2020":null,"populationNote":"境界またぎ・原典収録外のため自治体内人口は未集計"},"geometry":{"type":"Polygon","coordinates":[[[130.420155279,33.400337775000004],[130.419284994,33.401005],[130.419005837,33.401120279],[130.41875,33.40108244347697],[130.41875,33.40416666666667],[130.425,33.40416666666667],[130.425,33.4],[130.420339948,33.4],[130.420155279,33.400337775000004]]]}},{"type":"Feature","id":"40231:503003841","properties":{"id":"40231:503003841","meshCode":"503003841","cityCode":"40231","city":"那珂川市","lat":33.4020833,"lon":130.428125,"areaKm2":0.2686572,"populated2020":false,"population2020":null,"populationNote":"境界またぎ・原典収録外のため自治体内人口は未集計"},"geometry":{"type":"Polygon","coordinates":[[[130.425,33.4],[130.425,33.40416666666667],[130.43125,33.40416666666667],[130.43125,33.4],[130.425,33.4]]]}},{"type":"Feature","id":"40231:503003842","properties":{"id":"40231:503003842","meshCode":"503003842","cityCode":"40231","city":"那珂川市","lat":33.4020833,"lon":130.434375,"areaKm2":0.2669231,"populated2020":false,"population2020":null,"populationNote":"境界またぎ・原典収録外のため自治体内人口は未集計"},"geometry":{"type":"Polygon","coordinates":[[[130.4371582602794,33.40416666666667],[130.4375,33.403251541002746],[130.4375,33.4],[130.43125,33.4],[130.43125,33.40416666666667],[130.4371582602794,33.40416666666667]]]}},{"type":"Feature","id":"40231:503003851","properties":{"id":"40231:503003851","meshCode":"503003851","cityCode":"40231","city":"那珂川市","lat":33.4017129,"lon":130.4377261,"areaKm2":0.0168824,"populated2020":false,"population2020":null,"populationNote":"境界またぎ・原典収録外のため自治体内人口は未集計"},"geometry":{"type":"Polygon","coordinates":[[[130.4375,33.403251541002746],[130.437748054,33.402899162],[130.437889728,33.402514721],[130.438,33.401484162],[130.43835,33.40033833299999],[130.438017756,33.4],[130.4375,33.4],[130.4375,33.403251541002746]]]}},{"type":"Feature","id":"40231:503003824","properties":{"id":"40231:503003824","meshCode":"503003824","cityCode":"40231","city":"那珂川市","lat":33.4052637,"lon":130.4122001,"areaKm2":0.0139327,"populated2020":false,"population2020":null,"populationNote":"境界またぎ・原典収録外のため自治体内人口は未集計"},"geometry":{"type":"Polygon","coordinates":[[[130.41119132159918,33.40416666666667],[130.411403606,33.404701108000005],[130.411801388,33.405068054000004],[130.41199917,33.405459441],[130.4125,33.40607550588153],[130.4125,33.40416666666667],[130.41119132159918,33.40416666666667]]]}},{"type":"Feature","id":"40231:503003833","properties":{"id":"40231:503003833","meshCode":"503003833","cityCode":"40231","city":"那珂川市","lat":33.40625,"lon":130.415625,"areaKm2":0.2465268,"populated2020":false,"population2020":null,"populationNote":"境界またぎ・原典収録外のため自治体内人口は未集計"},"geometry":{"type":"Polygon","coordinates":[[[130.412604994,33.40618610799999],[130.412631946,33.40653555899999],[130.413154721,33.407216946],[130.413712776,33.407335559],[130.413901946,33.407482495000004],[130.414264449,33.407831946],[130.41458739311506,33.408333333333324],[130.41875,33.40833333333333],[130.41875,33.40416666666667],[130.4125,33.40416666666667],[130.4125,33.40607550588153],[130.412604994,33.40618610799999]]]}},{"type":"Feature","id":"40231:503003834","properties":{"id":"40231:503003834","meshCode":"503003834","cityCode":"40231","city":"那珂川市","lat":33.40625,"lon":130.421875,"areaKm2":0.2686449,"populated2020":false,"population2020":null,"populationNote":"境界またぎ・原典収録外のため自治体内人口は未集計"},"geometry":{"type":"Polygon","coordinates":[[[130.41875,33.40416666666667],[130.41875,33.40833333333333],[130.425,33.408333333333324],[130.425,33.40416666666667],[130.41875,33.40416666666667]]]}},{"type":"Feature","id":"40231:503003843","properties":{"id":"40231:503003843","meshCode":"503003843","cityCode":"40231","city":"那珂川市","lat":33.40625,"lon":130.428125,"areaKm2":0.2686445,"populated2020":false,"population2020":null,"populationNote":"境界またぎ・原典収録外のため自治体内人口は未集計"},"geometry":{"type":"Polygon","coordinates":[[[130.425,33.40416666666667],[130.425,33.408333333333324],[130.43125,33.40833333333333],[130.43125,33.40416666666667],[130.425,33.40416666666667]]]}},{"type":"Feature","id":"40231:503003844","properties":{"id":"40231:503003844","meshCode":"503003844","cityCode":"40231","city":"那珂川市","lat":33.40625,"lon":130.434375,"areaKm2":0.2651901,"populated2020":false,"population2020":null,"populationNote":"境界またぎ・原典収録外のため自治体内人口は未集計"},"geometry":{"type":"Polygon","coordinates":[[[130.4375,33.40503024144354],[130.437035837,33.40485222499999],[130.4371582602794,33.40416666666667],[130.43125,33.40416666666667],[130.43125,33.40833333333333],[130.4375,33.408333333333324],[130.4375,33.40503024144354]]]}},{"type":"Feature","id":"40231:503003853","properties":{"id":"40231:503003853","meshCode":"503003853","cityCode":"40231","city":"那珂川市","lat":33.4067999,"lon":130.4384372,"areaKm2":0.0582811,"populated2020":false,"population2020":null,"populationNote":"境界またぎ・原典収録外のため自治体内人口は未集計"},"geometry":{"type":"Polygon","coordinates":[[[130.439999274,33.408333333],[130.439388885,33.407056667],[130.439359728,33.406543054],[130.439128612,33.406075],[130.438599442,33.40549833299999],[130.438212218,33.40527138699999],[130.4375,33.40503024144354],[130.4375,33.408333333333324],[130.439999274,33.408333333]]]}},{"type":"Feature","id":"40231:503003922","properties":{"id":"40231:503003922","meshCode":"503003922","cityCode":"40231","city":"那珂川市","lat":33.4123269,"lon":130.4120269,"areaKm2":0.0045695,"populated2020":false,"population2020":null,"populationNote":"境界またぎ・原典収録外のため自治体内人口は未集計"},"geometry":{"type":"Polygon","coordinates":[[[130.4125,33.41182973255248],[130.411815837,33.412153892],[130.41129177849848,33.4125],[130.4125,33.412499999999994],[130.4125,33.41182973255248]]]}},{"type":"Feature","id":"40231:503003931","properties":{"id":"40231:503003931","meshCode":"503003931","cityCode":"40231","city":"那珂川市","lat":33.4104208,"lon":130.4177782,"areaKm2":0.1822511,"populated2020":false,"population2020":null,"populationNote":"境界またぎ・原典収録外のため自治体内人口は未集計"},"geometry":{"type":"Polygon","coordinates":[[[130.41458739311506,33.408333333333324],[130.415093333,33.409288892],[130.415534721,33.409484721],[130.415193061,33.41007499999999],[130.415338885,33.410347494999996],[130.415680272,33.410392775000005],[130.416542218,33.410239161999996],[130.416796394,33.410309162],[130.416808885,33.410448892000005],[130.415257497,33.41096249500001],[130.414154163,33.410983333],[130.413854163,33.41110222500001],[130.413512776,33.41146527899999],[130.4125,33.41182973255248],[130.4125,33.412499999999994],[130.41875,33.4125],[130.41875,33.40833333333333],[130.41458739311506,33.408333333333324]]]}},{"type":"Feature","id":"40231:503003932","properties":{"id":"40231:503003932","meshCode":"503003932","cityCode":"40231","city":"那珂川市","lat":33.4104167,"lon":130.421875,"areaKm2":0.2686323,"populated2020":false,"population2020":null,"populationNote":"境界またぎ・原典収録外のため自治体内人口は未集計"},"geometry":{"type":"Polygon","coordinates":[[[130.41875,33.40833333333333],[130.41875,33.4125],[130.425,33.412499999999994],[130.425,33.408333333333324],[130.41875,33.40833333333333]]]}},{"type":"Feature","id":"40231:503003941","properties":{"id":"40231:503003941","meshCode":"503003941","cityCode":"40231","city":"那珂川市","lat":33.4104167,"lon":130.428125,"areaKm2":0.2686319,"populated2020":false,"population2020":null,"populationNote":"境界またぎ・原典収録外のため自治体内人口は未集計"},"geometry":{"type":"Polygon","coordinates":[[[130.425,33.408333333333324],[130.425,33.412499999999994],[130.43125,33.4125],[130.43125,33.40833333333333],[130.425,33.408333333333324]]]}},{"type":"Feature","id":"40231:503003942","properties":{"id":"40231:503003942","meshCode":"503003942","cityCode":"40231","city":"那珂川市","lat":33.4104167,"lon":130.434375,"areaKm2":0.2686315,"populated2020":false,"population2020":null,"populationNote":"境界またぎ・原典収録外のため自治体内人口は未集計"},"geometry":{"type":"Polygon","coordinates":[[[130.43125,33.40833333333333],[130.43125,33.4125],[130.4375,33.4125],[130.4375,33.408333333333324],[130.43125,33.40833333333333]]]}},{"type":"Feature","id":"40231:503003951","properties":{"id":"40231:503003951","meshCode":"503003951","cityCode":"40231","city":"那珂川市","lat":33.4104167,"lon":130.440625,"areaKm2":0.130154,"populated2020":false,"population2020":null,"populationNote":"境界またぎ・原典収録外のため自治体内人口は未集計"},"geometry":{"type":"Polygon","coordinates":[[[130.44117148714142,33.412499999999994],[130.441116667,33.412227495],[130.439786109,33.41119666699999],[130.440058885,33.410840559],[130.44122917,33.410201108],[130.441295837,33.410085559],[130.441187497,33.409792225],[130.44084166,33.409701387],[130.44056083,33.40944305399999],[130.440200558,33.40890833299999],[130.43999927420032,33.40833333333333],[130.4375,33.408333333333324],[130.4375,33.4125],[130.44117148714142,33.412499999999994]]]}},{"type":"Feature","id":"40231:503003923","properties":{"id":"40231:503003923","meshCode":"503003923","cityCode":"40231","city":"那珂川市","lat":33.4162903,"lon":130.4054849,"areaKm2":0.0108387,"populated2020":false,"population2020":null,"populationNote":"境界またぎ・原典収録外のため自治体内人口は未集計"},"geometry":{"type":"Polygon","coordinates":[[[130.405457497,33.415996666999995],[130.40476610900004,33.416241387],[130.40444364523404,33.416666666666664],[130.40625,33.416666666666664],[130.40625,33.415823278838744],[130.405457497,33.415996666999995]]]}},{"type":"Feature","id":"40231:503003924","properties":{"id":"40231:503003924","meshCode":"503003924","cityCode":"40231","city":"那珂川市","lat":33.4145833,"lon":130.409375,"areaKm2":0.1921014,"populated2020":false,"population2020":null,"populationNote":"境界またぎ・原典収録外のため自治体内人口は未集計"},"geometry":{"type":"Polygon","coordinates":[[[130.41129177849848,33.4125],[130.410378885,33.413247225],[130.410044721,33.413374721],[130.409320272,33.41330666699999],[130.407554449,33.41424472100001],[130.407339728,33.41454],[130.407458612,33.415493892],[130.40625,33.415823278838744],[130.40625,33.416666666666664],[130.4125,33.416666666666664],[130.4125,33.412499999999994],[130.41129177849848,33.4125]]]}},{"type":"Feature","id":"40231:503003933","properties":{"id":"40231:503003933","meshCode":"503003933","cityCode":"40231","city":"那珂川市","lat":33.4145833,"lon":130.415625,"areaKm2":0.2686201,"populated2020":false,"population2020":null,"populationNote":"境界またぎ・原典収録外のため自治体内人口は未集計"},"geometry":{"type":"Polygon","coordinates":[[[130.4125,33.412499999999994],[130.4125,33.416666666666664],[130.41875,33.41666666666667],[130.41875,33.4125],[130.4125,33.412499999999994]]]}},{"type":"Feature","id":"40231:503003934","properties":{"id":"40231:503003934","meshCode":"503003934","cityCode":"40231","city":"那珂川市","lat":33.4145833,"lon":130.421875,"areaKm2":0.2686196,"populated2020":false,"population2020":null,"populationNote":"境界またぎ・原典収録外のため自治体内人口は未集計"},"geometry":{"type":"Polygon","coordinates":[[[130.41875,33.4125],[130.41875,33.41666666666667],[130.425,33.416666666666664],[130.425,33.412499999999994],[130.41875,33.4125]]]}},{"type":"Feature","id":"40231:503003943","properties":{"id":"40231:503003943","meshCode":"503003943","cityCode":"40231","city":"那珂川市","lat":33.4145833,"lon":130.428125,"areaKm2":0.2686192,"populated2020":false,"population2020":null,"populationNote":"境界またぎ・原典収録外のため自治体内人口は未集計"},"geometry":{"type":"Polygon","coordinates":[[[130.425,33.412499999999994],[130.425,33.416666666666664],[130.43125,33.41666666666667],[130.43125,33.4125],[130.425,33.412499999999994]]]}},{"type":"Feature","id":"40231:503003944","properties":{"id":"40231:503003944","meshCode":"503003944","cityCode":"40231","city":"那珂川市","lat":33.4145833,"lon":130.434375,"areaKm2":0.2686188,"populated2020":false,"population2020":null,"populationNote":"境界またぎ・原典収録外のため自治体内人口は未集計"},"geometry":{"type":"Polygon","coordinates":[[[130.43125,33.4125],[130.43125,33.41666666666667],[130.4375,33.416666666666664],[130.4375,33.4125],[130.43125,33.4125]]]}},{"type":"Feature","id":"40231:503003953","properties":{"id":"40231:503003953","meshCode":"503003953","cityCode":"40231","city":"那珂川市","lat":33.4145833,"lon":130.440625,"areaKm2":0.1923787,"populated2020":false,"population2020":null,"populationNote":"境界またぎ・原典収録外のため自治体内人口は未集計"},"geometry":{"type":"Polygon","coordinates":[[[130.44375,33.41625877271411],[130.442902776,33.415818892],[130.442213891,33.415633613],[130.441153891,33.414222225],[130.441391388,33.41386610799999],[130.44156,33.413170559],[130.441476667,33.412880558999994],[130.44117148714142,33.412499999999994],[130.4375,33.4125],[130.4375,33.416666666666664],[130.44375,33.416666666666664],[130.44375,33.41625877271411]]]}},{"type":"Feature","id":"40231:503003954","properties":{"id":"40231:503003954","meshCode":"503003954","cityCode":"40231","city":"那珂川市","lat":33.4164998,"lon":130.4439488,"areaKm2":0.0015546,"populated2020":false,"population2020":null,"populationNote":"境界またぎ・原典収録外のため自治体内人口は未集計"},"geometry":{"type":"Polygon","coordinates":[[[130.44429985669584,33.416666666666664],[130.444023061,33.416304441],[130.44375,33.41625877271411],[130.44375,33.416666666666664],[130.44429985669584,33.416666666666664]]]}},{"type":"Feature","id":"40231:503013021","properties":{"id":"40231:503013021","meshCode":"503013021","cityCode":"40231","city":"那珂川市","lat":33.4187822,"lon":130.4049635,"areaKm2":0.1279608,"populated2020":false,"population2020":null,"populationNote":"境界またぎ・原典収録外のため自治体内人口は未集計"},"geometry":{"type":"Polygon","coordinates":[[[130.404443645,33.41666666700001],[130.404145551,33.417053892],[130.403430558,33.417626667],[130.403414994,33.41786582900001],[130.403687497,33.418538613],[130.403654163,33.418866946],[130.403502218,33.419041667],[130.403025551,33.419331666999994],[130.402688054,33.420133892],[130.402337497,33.420495],[130.402101946,33.42062],[130.40125657564562,33.420833333333334],[130.40625,33.420833333333334],[130.40625,33.416666666666664],[130.404443645,33.41666666700001]]]}},{"type":"Feature","id":"40231:503013022","properties":{"id":"40231:503013022","meshCode":"503013022","cityCode":"40231","city":"那珂川市","lat":33.41875,"lon":130.409375,"areaKm2":0.2686078,"populated2020":false,"population2020":null,"populationNote":"境界またぎ・原典収録外のため自治体内人口は未集計"},"geometry":{"type":"Polygon","coordinates":[[[130.40625,33.416666666666664],[130.40625,33.420833333333334],[130.4125,33.42083333333334],[130.4125,33.416666666666664],[130.40625,33.416666666666664]]]}},{"type":"Feature","id":"40231:503013031","properties":{"id":"40231:503013031","meshCode":"503013031","cityCode":"40231","city":"那珂川市","lat":33.41875,"lon":130.415625,"areaKm2":0.2686074,"populated2020":false,"population2020":null,"populationNote":"境界またぎ・原典収録外のため自治体内人口は未集計"},"geometry":{"type":"Polygon","coordinates":[[[130.4125,33.416666666666664],[130.4125,33.42083333333334],[130.41875,33.420833333333334],[130.41875,33.41666666666667],[130.4125,33.416666666666664]]]}},{"type":"Feature","id":"40231:503013032","properties":{"id":"40231:503013032","meshCode":"503013032","cityCode":"40231","city":"那珂川市","lat":33.41875,"lon":130.421875,"areaKm2":0.268607,"populated2020":false,"population2020":null,"populationNote":"境界またぎ・原典収録外のため自治体内人口は未集計"},"geometry":{"type":"Polygon","coordinates":[[[130.41875,33.41666666666667],[130.41875,33.420833333333334],[130.425,33.420833333333334],[130.425,33.416666666666664],[130.41875,33.41666666666667]]]}},{"type":"Feature","id":"40231:503013041","properties":{"id":"40231:503013041","meshCode":"503013041","cityCode":"40231","city":"那珂川市","lat":33.41875,"lon":130.428125,"areaKm2":0.2686066,"populated2020":false,"population2020":null,"populationNote":"境界またぎ・原典収録外のため自治体内人口は未集計"},"geometry":{"type":"Polygon","coordinates":[[[130.425,33.416666666666664],[130.425,33.420833333333334],[130.43125,33.420833333333334],[130.43125,33.41666666666667],[130.425,33.416666666666664]]]}},{"type":"Feature","id":"40231:503013042","properties":{"id":"40231:503013042","meshCode":"503013042","cityCode":"40231","city":"那珂川市","lat":33.41875,"lon":130.434375,"areaKm2":0.2686062,"populated2020":false,"population2020":null,"populationNote":"境界またぎ・原典収録外のため自治体内人口は未集計"},"geometry":{"type":"Polygon","coordinates":[[[130.43125,33.41666666666667],[130.43125,33.420833333333334],[130.4375,33.42083333333334],[130.4375,33.416666666666664],[130.43125,33.41666666666667]]]}},{"type":"Feature","id":"40231:503013051","properties":{"id":"40231:503013051","meshCode":"503013051","cityCode":"40231","city":"那珂川市","lat":33.41875,"lon":130.440625,"areaKm2":0.2686058,"populated2020":false,"population2020":null,"populationNote":"境界またぎ・原典収録外のため自治体内人口は未集計"},"geometry":{"type":"Polygon","coordinates":[[[130.4375,33.416666666666664],[130.4375,33.42083333333334],[130.44375,33.42083333333334],[130.44375,33.416666666666664],[130.4375,33.416666666666664]]]}},{"type":"Feature","id":"40231:503013052","properties":{"id":"40231:503013052","meshCode":"503013052","cityCode":"40231","city":"那珂川市","lat":33.41875,"lon":130.446875,"areaKm2":0.1659296,"populated2020":false,"population2020":null,"populationNote":"境界またぎ・原典収録外のため自治体内人口は未集計"},"geometry":{"type":"Polygon","coordinates":[[[130.449596939,33.418820000000004],[130.448830558,33.419071387],[130.448395551,33.419085559],[130.447158885,33.418767495],[130.44640083,33.418414441],[130.445347224,33.417670559],[130.444408054,33.416849721],[130.44429985669584,33.416666666666664],[130.44375,33.416666666666664],[130.44375,33.42083333333334],[130.45,33.420833333333334],[130.45,33.418777721],[130.449596939,33.418820000000004]]]}},{"type":"Feature","id":"40231:503013061","properties":{"id":"40231:503013061","meshCode":"503013061","cityCode":"40231","city":"那珂川市","lat":33.4198053,"lon":130.4513531,"areaKm2":0.0886602,"populated2020":false,"population2020":null,"populationNote":"境界またぎ・原典収録外のため自治体内人口は未集計"},"geometry":{"type":"Polygon","coordinates":[[[130.45625,33.4194647706317],[130.454436394,33.41959582900001],[130.453401388,33.419840559],[130.452899728,33.419829721],[130.452512503,33.41978082899999],[130.451750272,33.419462775],[130.451371388,33.419263892000004],[130.45109,33.418970559],[130.450848612,33.418848054],[130.450544449,33.418774721],[130.45,33.418777721],[130.45,33.420833333333334],[130.45625,33.420833333333334],[130.45625,33.4194647706317]]]}},{"type":"Feature","id":"40231:503013062","properties":{"id":"40231:503013062","meshCode":"503013062","cityCode":"40231","city":"那珂川市","lat":33.4203485,"lon":130.4572372,"areaKm2":0.025542,"populated2020":false,"population2020":null,"populationNote":"境界またぎ・原典収録外のため自治体内人口は未集計"},"geometry":{"type":"Polygon","coordinates":[[[130.45818713935682,33.42083333333334],[130.45826083,33.419975279],[130.458080558,33.419781387],[130.457297497,33.419519441],[130.45625,33.4194647706317],[130.45625,33.420833333333334],[130.45818713935682,33.42083333333334]]]}},{"type":"Feature","id":"40231:503013014","properties":{"id":"40231:503013014","meshCode":"503013014","cityCode":"40231","city":"那珂川市","lat":33.4232935,"lon":130.3990159,"areaKm2":0.0523292,"populated2020":false,"population2020":null,"populationNote":"境界またぎ・原典収録外のため自治体内人口は未集計"},"geometry":{"type":"Polygon","coordinates":[[[130.4,33.421708279],[130.399045837,33.421587225],[130.398683891,33.421799162],[130.398290272,33.422360000000005],[130.398043333,33.422928054],[130.39801166,33.423209162],[130.398149728,33.42354610799999],[130.399094721,33.424491946],[130.399152218,33.424665278999996],[130.399064228,33.425],[130.4,33.425],[130.4,33.421708279]]]}},{"type":"Feature","id":"40231:503013023","properties":{"id":"40231:503013023","meshCode":"503013023","cityCode":"40231","city":"那珂川市","lat":33.4229167,"lon":130.403125,"areaKm2":0.2574446,"populated2020":false,"population2020":null,"populationNote":"境界またぎ・原典収録外のため自治体内人口は未集計"},"geometry":{"type":"Polygon","coordinates":[[[130.401185551,33.420940279],[130.401133891,33.42161861300001],[130.401030558,33.42170527900001],[130.400634163,33.421806387],[130.4,33.421708279],[130.4,33.425],[130.40625,33.425],[130.40625,33.420833333333334],[130.40125657564562,33.420833333333334],[130.401185551,33.420940279]]]}},{"type":"Feature","id":"40231:503013024","properties":{"id":"40231:503013024","meshCode":"503013024","cityCode":"40231","city":"那珂川市","lat":33.4229167,"lon":130.409375,"areaKm2":0.2685952,"populated2020":false,"population2020":null,"populationNote":"境界またぎ・原典収録外のため自治体内人口は未集計"},"geometry":{"type":"Polygon","coordinates":[[[130.40625,33.420833333333334],[130.40625,33.425],[130.4125,33.425],[130.4125,33.42083333333334],[130.40625,33.420833333333334]]]}},{"type":"Feature","id":"40231:503013033","properties":{"id":"40231:503013033","meshCode":"503013033","cityCode":"40231","city":"那珂川市","lat":33.4229167,"lon":130.415625,"areaKm2":0.2685948,"populated2020":false,"population2020":null,"populationNote":"境界またぎ・原典収録外のため自治体内人口は未集計"},"geometry":{"type":"Polygon","coordinates":[[[130.4125,33.42083333333334],[130.4125,33.425],[130.41875,33.42499999999999],[130.41875,33.420833333333334],[130.4125,33.42083333333334]]]}},{"type":"Feature","id":"40231:503013034","properties":{"id":"40231:503013034","meshCode":"503013034","cityCode":"40231","city":"那珂川市","lat":33.4229167,"lon":130.421875,"areaKm2":0.2685943,"populated2020":false,"population2020":null,"populationNote":"境界またぎ・原典収録外のため自治体内人口は未集計"},"geometry":{"type":"Polygon","coordinates":[[[130.41875,33.420833333333334],[130.41875,33.42499999999999],[130.425,33.425],[130.425,33.420833333333334],[130.41875,33.420833333333334]]]}},{"type":"Feature","id":"40231:503013043","properties":{"id":"40231:503013043","meshCode":"503013043","cityCode":"40231","city":"那珂川市","lat":33.4229167,"lon":130.428125,"areaKm2":0.2685939,"populated2020":false,"population2020":null,"populationNote":"境界またぎ・原典収録外のため自治体内人口は未集計"},"geometry":{"type":"Polygon","coordinates":[[[130.425,33.420833333333334],[130.425,33.425],[130.43125,33.425],[130.43125,33.420833333333334],[130.425,33.420833333333334]]]}},{"type":"Feature","id":"40231:503013044","properties":{"id":"40231:503013044","meshCode":"503013044","cityCode":"40231","city":"那珂川市","lat":33.4229167,"lon":130.434375,"areaKm2":0.2685935,"populated2020":false,"population2020":null,"populationNote":"境界またぎ・原典収録外のため自治体内人口は未集計"},"geometry":{"type":"Polygon","coordinates":[[[130.43125,33.420833333333334],[130.43125,33.425],[130.4375,33.425],[130.4375,33.42083333333334],[130.43125,33.420833333333334]]]}},{"type":"Feature","id":"40231:503013053","properties":{"id":"40231:503013053","meshCode":"503013053","cityCode":"40231","city":"那珂川市","lat":33.4229167,"lon":130.440625,"areaKm2":0.2685931,"populated2020":false,"population2020":null,"populationNote":"境界またぎ・原典収録外のため自治体内人口は未集計"},"geometry":{"type":"Polygon","coordinates":[[[130.4375,33.42083333333334],[130.4375,33.425],[130.44375,33.42499999999999],[130.44375,33.42083333333334],[130.4375,33.42083333333334]]]}},{"type":"Feature","id":"40231:503013054","properties":{"id":"40231:503013054","meshCode":"503013054","cityCode":"40231","city":"那珂川市","lat":33.4229167,"lon":130.446875,"areaKm2":0.2685927,"populated2020":false,"population2020":null,"populationNote":"境界またぎ・原典収録外のため自治体内人口は未集計"},"geometry":{"type":"Polygon","coordinates":[[[130.44375,33.42083333333334],[130.44375,33.42499999999999],[130.45,33.425],[130.45,33.420833333333334],[130.44375,33.42083333333334]]]}},{"type":"Feature","id":"40231:503013063","properties":{"id":"40231:503013063","meshCode":"503013063","cityCode":"40231","city":"那珂川市","lat":33.4229167,"lon":130.453125,"areaKm2":0.2685923,"populated2020":false,"population2020":null,"populationNote":"境界またぎ・原典収録外のため自治体内人口は未集計"},"geometry":{"type":"Polygon","coordinates":[[[130.45,33.420833333333334],[130.45,33.425],[130.45625,33.425],[130.45625,33.420833333333334],[130.45,33.420833333333334]]]}},{"type":"Feature","id":"40231:503013064","properties":{"id":"40231:503013064","meshCode":"503013064","cityCode":"40231","city":"那珂川市","lat":33.4229839,"lon":130.4574257,"areaKm2":0.0869976,"populated2020":false,"population2020":null,"populationNote":"境界またぎ・原典収録外のため自治体内人口は未集計"},"geometry":{"type":"Polygon","coordinates":[[[130.458011219,33.425],[130.458618612,33.423060829],[130.458176109,33.42218],[130.45818713935682,33.42083333333334],[130.45625,33.420833333333334],[130.45625,33.425],[130.458011219,33.425]]]}},{"type":"Feature","id":"40231:503013112","properties":{"id":"40231:503013112","meshCode":"503013112","cityCode":"40231","city":"那珂川市","lat":33.4268419,"lon":130.3987452,"areaKm2":0.1162732,"populated2020":false,"population2020":null,"populationNote":"境界またぎ・原典収録外のため自治体内人口は未集計"},"geometry":{"type":"Polygon","coordinates":[[[130.399043061,33.425040559],[130.398126667,33.425456946],[130.398106667,33.426287225],[130.397951388,33.426585829],[130.397029442,33.427098054],[130.39671917,33.427430279],[130.396483606,33.427550559000004],[130.396334449,33.427560279],[130.396163606,33.427405559],[130.395836939,33.42748138700001],[130.395819728,33.427851946000004],[130.395934449,33.428025279],[130.39606083,33.428111945999994],[130.39658333300002,33.428193892],[130.39704558206657,33.42916666666667],[130.4,33.42916666666667],[130.4,33.425],[130.399043061,33.425040559]]]}},{"type":"Feature","id":"40231:503013121","properties":{"id":"40231:503013121","meshCode":"503013121","cityCode":"40231","city":"那珂川市","lat":33.4270833,"lon":130.403125,"areaKm2":0.268583,"populated2020":false,"population2020":null,"populationNote":"境界またぎ・原典収録外のため自治体内人口は未集計"},"geometry":{"type":"Polygon","coordinates":[[[130.4,33.425],[130.4,33.42916666666667],[130.40625,33.42916666666667],[130.40625,33.425],[130.4,33.425]]]}},{"type":"Feature","id":"40231:503013122","properties":{"id":"40231:503013122","meshCode":"503013122","cityCode":"40231","city":"那珂川市","lat":33.4270833,"lon":130.409375,"areaKm2":0.2685825,"populated2020":false,"population2020":null,"populationNote":"境界またぎ・原典収録外のため自治体内人口は未集計"},"geometry":{"type":"Polygon","coordinates":[[[130.40625,33.425],[130.40625,33.42916666666667],[130.4125,33.42916666666667],[130.4125,33.425],[130.40625,33.425]]]}},{"type":"Feature","id":"40231:503013131","properties":{"id":"40231:503013131","meshCode":"503013131","cityCode":"40231","city":"那珂川市","lat":33.4270833,"lon":130.415625,"areaKm2":0.2685821,"populated2020":false,"population2020":null,"populationNote":"境界またぎ・原典収録外のため自治体内人口は未集計"},"geometry":{"type":"Polygon","coordinates":[[[130.4125,33.425],[130.4125,33.42916666666667],[130.41875,33.42916666666666],[130.41875,33.42499999999999],[130.4125,33.425]]]}},{"type":"Feature","id":"40231:503013132","properties":{"id":"40231:503013132","meshCode":"503013132","cityCode":"40231","city":"那珂川市","lat":33.4270833,"lon":130.421875,"areaKm2":0.2685817,"populated2020":false,"population2020":null,"populationNote":"境界またぎ・原典収録外のため自治体内人口は未集計"},"geometry":{"type":"Polygon","coordinates":[[[130.41875,33.42499999999999],[130.41875,33.42916666666666],[130.425,33.42916666666667],[130.425,33.425],[130.41875,33.42499999999999]]]}},{"type":"Feature","id":"40231:503013141","properties":{"id":"40231:503013141","meshCode":"503013141","cityCode":"40231","city":"那珂川市","lat":33.4270833,"lon":130.428125,"areaKm2":0.2685813,"populated2020":false,"population2020":null,"populationNote":"境界またぎ・原典収録外のため自治体内人口は未集計"},"geometry":{"type":"Polygon","coordinates":[[[130.425,33.425],[130.425,33.42916666666667],[130.43125,33.42916666666667],[130.43125,33.425],[130.425,33.425]]]}},{"type":"Feature","id":"40231:503013142","properties":{"id":"40231:503013142","meshCode":"503013142","cityCode":"40231","city":"那珂川市","lat":33.4270833,"lon":130.434375,"areaKm2":0.2685809,"populated2020":false,"population2020":null,"populationNote":"境界またぎ・原典収録外のため自治体内人口は未集計"},"geometry":{"type":"Polygon","coordinates":[[[130.43125,33.425],[130.43125,33.42916666666667],[130.4375,33.42916666666667],[130.4375,33.425],[130.43125,33.425]]]}},{"type":"Feature","id":"40231:503013151","properties":{"id":"40231:503013151","meshCode":"503013151","cityCode":"40231","city":"那珂川市","lat":33.4270833,"lon":130.440625,"areaKm2":0.2685805,"populated2020":false,"population2020":null,"populationNote":"境界またぎ・原典収録外のため自治体内人口は未集計"},"geometry":{"type":"Polygon","coordinates":[[[130.4375,33.425],[130.4375,33.42916666666667],[130.44375,33.42916666666666],[130.44375,33.42499999999999],[130.4375,33.425]]]}},{"type":"Feature","id":"40231:503013152","properties":{"id":"40231:503013152","meshCode":"503013152","cityCode":"40231","city":"那珂川市","lat":33.4270833,"lon":130.446875,"areaKm2":0.2685801,"populated2020":true,"population2020":2.999,"populationNote":"2020年基準の国交省調整値"},"geometry":{"type":"Polygon","coordinates":[[[130.44375,33.42499999999999],[130.44375,33.42916666666666],[130.45,33.42916666666667],[130.45,33.425],[130.44375,33.42499999999999]]]}},{"type":"Feature","id":"40231:503013161","properties":{"id":"40231:503013161","meshCode":"503013161","cityCode":"40231","city":"那珂川市","lat":33.4270833,"lon":130.453125,"areaKm2":0.2685797,"populated2020":false,"population2020":null,"populationNote":"境界またぎ・原典収録外のため自治体内人口は未集計"},"geometry":{"type":"Polygon","coordinates":[[[130.45,33.425],[130.45,33.42916666666667],[130.45625,33.429166666666674],[130.45625,33.425],[130.45,33.425]]]}},{"type":"Feature","id":"40231:503013162","properties":{"id":"40231:503013162","meshCode":"503013162","cityCode":"40231","city":"那珂川市","lat":33.4270833,"lon":130.459375,"areaKm2":0.1529709,"populated2020":false,"population2020":null,"populationNote":"境界またぎ・原典収録外のため自治体内人口は未集計"},"geometry":{"type":"Polygon","coordinates":[[[130.456787691,33.429037919],[130.456978054,33.428939721],[130.457653061,33.429053054],[130.458388327,33.42883166699999],[130.45904917,33.428783333],[130.46030479522,33.42916666666666],[130.46081955931012,33.42916666666667],[130.461413333,33.42823722499999],[130.46095083,33.427729441],[130.45986499400001,33.427098892],[130.45910083,33.425698333],[130.458824994,33.425544441],[130.458273891,33.42540972100001],[130.458011219,33.425],[130.45625,33.425],[130.45625,33.429166666666674],[130.4567364732108,33.42916666666667],[130.456787691,33.429037919]]]}},{"type":"Feature","id":"40231:503013114","properties":{"id":"40231:503013114","meshCode":"503013114","cityCode":"40231","city":"那珂川市","lat":33.43125,"lon":130.396875,"areaKm2":0.1283933,"populated2020":false,"population2020":null,"populationNote":"境界またぎ・原典収録外のため自治体内人口は未集計"},"geometry":{"type":"Polygon","coordinates":[[[130.39704558206657,33.42916666666667],[130.397594449,33.430292225],[130.397597497,33.430747225],[130.397384721,33.43081444100001],[130.396884994,33.430761667],[130.39656917,33.430876946],[130.395925551,33.43191666700001],[130.395937224,33.432027225],[130.396870558,33.432304162],[130.397741115,33.432754162],[130.397775551,33.432802225],[130.39724739266867,33.43333333333332],[130.4,33.43333333333333],[130.4,33.42916666666667],[130.39704558206657,33.42916666666667]]]}},{"type":"Feature","id":"40231:503013123","properties":{"id":"40231:503013123","meshCode":"503013123","cityCode":"40231","city":"那珂川市","lat":33.43125,"lon":130.403125,"areaKm2":0.2685703,"populated2020":false,"population2020":null,"populationNote":"境界またぎ・原典収録外のため自治体内人口は未集計"},"geometry":{"type":"Polygon","coordinates":[[[130.4,33.42916666666667],[130.4,33.43333333333333],[130.40625,33.43333333333334],[130.40625,33.42916666666667],[130.4,33.42916666666667]]]}},{"type":"Feature","id":"40231:503013124","properties":{"id":"40231:503013124","meshCode":"503013124","cityCode":"40231","city":"那珂川市","lat":33.43125,"lon":130.409375,"areaKm2":0.2685699,"populated2020":false,"population2020":null,"populationNote":"境界またぎ・原典収録外のため自治体内人口は未集計"},"geometry":{"type":"Polygon","coordinates":[[[130.40625,33.42916666666667],[130.40625,33.43333333333334],[130.4125,33.43333333333333],[130.4125,33.42916666666667],[130.40625,33.42916666666667]]]}},{"type":"Feature","id":"40231:503013133","properties":{"id":"40231:503013133","meshCode":"503013133","cityCode":"40231","city":"那珂川市","lat":33.43125,"lon":130.415625,"areaKm2":0.2685695,"populated2020":false,"population2020":null,"populationNote":"境界またぎ・原典収録外のため自治体内人口は未集計"},"geometry":{"type":"Polygon","coordinates":[[[130.4125,33.42916666666667],[130.4125,33.43333333333333],[130.41875,33.43333333333333],[130.41875,33.42916666666666],[130.4125,33.42916666666667]]]}},{"type":"Feature","id":"40231:503013134","properties":{"id":"40231:503013134","meshCode":"503013134","cityCode":"40231","city":"那珂川市","lat":33.43125,"lon":130.421875,"areaKm2":0.268569,"populated2020":false,"population2020":null,"populationNote":"境界またぎ・原典収録外のため自治体内人口は未集計"},"geometry":{"type":"Polygon","coordinates":[[[130.41875,33.42916666666666],[130.41875,33.43333333333333],[130.425,33.43333333333333],[130.425,33.42916666666667],[130.41875,33.42916666666666]]]}},{"type":"Feature","id":"40231:503013143","properties":{"id":"40231:503013143","meshCode":"503013143","cityCode":"40231","city":"那珂川市","lat":33.43125,"lon":130.428125,"areaKm2":0.2685686,"populated2020":false,"population2020":null,"populationNote":"境界またぎ・原典収録外のため自治体内人口は未集計"},"geometry":{"type":"Polygon","coordinates":[[[130.425,33.42916666666667],[130.425,33.43333333333333],[130.43125,33.43333333333333],[130.43125,33.42916666666667],[130.425,33.42916666666667]]]}},{"type":"Feature","id":"40231:503013144","properties":{"id":"40231:503013144","meshCode":"503013144","cityCode":"40231","city":"那珂川市","lat":33.43125,"lon":130.434375,"areaKm2":0.2685682,"populated2020":false,"population2020":null,"populationNote":"境界またぎ・原典収録外のため自治体内人口は未集計"},"geometry":{"type":"Polygon","coordinates":[[[130.43125,33.42916666666667],[130.43125,33.43333333333333],[130.4375,33.43333333333333],[130.4375,33.42916666666667],[130.43125,33.42916666666667]]]}},{"type":"Feature","id":"40231:503013153","properties":{"id":"40231:503013153","meshCode":"503013153","cityCode":"40231","city":"那珂川市","lat":33.43125,"lon":130.440625,"areaKm2":0.2685678,"populated2020":false,"population2020":null,"populationNote":"境界またぎ・原典収録外のため自治体内人口は未集計"},"geometry":{"type":"Polygon","coordinates":[[[130.4375,33.42916666666667],[130.4375,33.43333333333333],[130.44375,33.43333333333333],[130.44375,33.42916666666666],[130.4375,33.42916666666667]]]}},{"type":"Feature","id":"40231:503013154","properties":{"id":"40231:503013154","meshCode":"503013154","cityCode":"40231","city":"那珂川市","lat":33.43125,"lon":130.446875,"areaKm2":0.2685674,"populated2020":true,"population2020":2.0054,"populationNote":"2020年基準の国交省調整値"},"geometry":{"type":"Polygon","coordinates":[[[130.44375,33.42916666666666],[130.44375,33.43333333333333],[130.45,33.43333333333334],[130.45,33.42916666666667],[130.44375,33.42916666666666]]]}},{"type":"Feature","id":"40231:503013163","properties":{"id":"40231:503013163","meshCode":"503013163","cityCode":"40231","city":"那珂川市","lat":33.43125,"lon":130.453125,"areaKm2":0.268567,"populated2020":true,"population2020":0.9904,"populationNote":"2020年基準の国交省調整値"},"geometry":{"type":"Polygon","coordinates":[[[130.45,33.42916666666667],[130.45,33.43333333333334],[130.45625,33.43333333333333],[130.45625,33.429166666666674],[130.45,33.42916666666667]]]}},{"type":"Feature","id":"40231:503013164","properties":{"id":"40231:503013164","meshCode":"503013164","cityCode":"40231","city":"那珂川市","lat":33.4311514,"lon":130.4570449,"areaKm2":0.0442499,"populated2020":false,"population2020":null,"populationNote":"境界またぎ・原典収録外のため自治体内人口は未集計"},"geometry":{"type":"MultiPolygon","coordinates":[[[[130.45679661494057,33.43333333333334],[130.457626939,33.431938333],[130.457894449,33.430800000000005],[130.457811115,33.430658054],[130.456584449,33.429851946],[130.4567364732108,33.42916666666667],[130.45625,33.429166666666674],[130.45625,33.43333333333333],[130.45679661494057,33.43333333333334]]],[[[130.46030479522,33.42916666666666],[130.460706394,33.429300829],[130.46081955931012,33.42916666666667],[130.46030479522,33.42916666666666]]]]}},{"type":"Feature","id":"40231:503013212","properties":{"id":"40231:503013212","meshCode":"503013212","cityCode":"40231","city":"那珂川市","lat":33.4354167,"lon":130.396875,"areaKm2":0.1606326,"populated2020":false,"population2020":null,"populationNote":"境界またぎ・原典収録外のため自治体内人口は未集計"},"geometry":{"type":"Polygon","coordinates":[[[130.39724739266867,33.43333333333332],[130.396227224,33.434623892],[130.396247224,33.435583892000004],[130.395902503,33.436681108],[130.39580167326903,33.43750000000001],[130.4,33.4375],[130.4,33.43333333333333],[130.39724739266867,33.43333333333332]]]}},{"type":"Feature","id":"40231:503013221","properties":{"id":"40231:503013221","meshCode":"503013221","cityCode":"40231","city":"那珂川市","lat":33.4354167,"lon":130.403125,"areaKm2":0.2660277,"populated2020":false,"population2020":null,"populationNote":"境界またぎ・原典収録外のため自治体内人口は未集計"},"geometry":{"type":"Polygon","coordinates":[[[130.40225610900004,33.437465829],[130.402577497,33.437230279],[130.403037224,33.43703277499999],[130.403117497,33.437182225],[130.40300785139263,33.4375],[130.40625,33.4375],[130.40625,33.43333333333334],[130.4,33.43333333333333],[130.4,33.4375],[130.40225610900004,33.437465829]]]}},{"type":"Feature","id":"40231:503013222","properties":{"id":"40231:503013222","meshCode":"503013222","cityCode":"40231","city":"那珂川市","lat":33.4354167,"lon":130.409375,"areaKm2":0.2685572,"populated2020":false,"population2020":null,"populationNote":"境界またぎ・原典収録外のため自治体内人口は未集計"},"geometry":{"type":"Polygon","coordinates":[[[130.40625,33.43333333333334],[130.40625,33.4375],[130.4125,33.43749999999999],[130.4125,33.43333333333333],[130.40625,33.43333333333334]]]}},{"type":"Feature","id":"40231:503013231","properties":{"id":"40231:503013231","meshCode":"503013231","cityCode":"40231","city":"那珂川市","lat":33.4354167,"lon":130.415625,"areaKm2":0.2685568,"populated2020":false,"population2020":null,"populationNote":"境界またぎ・原典収録外のため自治体内人口は未集計"},"geometry":{"type":"Polygon","coordinates":[[[130.4125,33.43333333333333],[130.4125,33.43749999999999],[130.41875,33.4375],[130.41875,33.43333333333333],[130.4125,33.43333333333333]]]}},{"type":"Feature","id":"40231:503013232","properties":{"id":"40231:503013232","meshCode":"503013232","cityCode":"40231","city":"那珂川市","lat":33.4354167,"lon":130.421875,"areaKm2":0.2685564,"populated2020":false,"population2020":null,"populationNote":"境界またぎ・原典収録外のため自治体内人口は未集計"},"geometry":{"type":"Polygon","coordinates":[[[130.41875,33.43333333333333],[130.41875,33.4375],[130.425,33.4375],[130.425,33.43333333333333],[130.41875,33.43333333333333]]]}},{"type":"Feature","id":"40231:503013241","properties":{"id":"40231:503013241","meshCode":"503013241","cityCode":"40231","city":"那珂川市","lat":33.4354167,"lon":130.428125,"areaKm2":0.268556,"populated2020":false,"population2020":null,"populationNote":"境界またぎ・原典収録外のため自治体内人口は未集計"},"geometry":{"type":"Polygon","coordinates":[[[130.425,33.43333333333333],[130.425,33.4375],[130.43125,33.4375],[130.43125,33.43333333333333],[130.425,33.43333333333333]]]}},{"type":"Feature","id":"40231:503013242","properties":{"id":"40231:503013242","meshCode":"503013242","cityCode":"40231","city":"那珂川市","lat":33.4354167,"lon":130.434375,"areaKm2":0.2685556,"populated2020":false,"population2020":null,"populationNote":"境界またぎ・原典収録外のため自治体内人口は未集計"},"geometry":{"type":"Polygon","coordinates":[[[130.43125,33.43333333333333],[130.43125,33.4375],[130.4375,33.43750000000001],[130.4375,33.43333333333333],[130.43125,33.43333333333333]]]}},{"type":"Feature","id":"40231:503013251","properties":{"id":"40231:503013251","meshCode":"503013251","cityCode":"40231","city":"那珂川市","lat":33.4354167,"lon":130.440625,"areaKm2":0.2685552,"populated2020":true,"population2020":12.0033,"populationNote":"2020年基準の国交省調整値"},"geometry":{"type":"Polygon","coordinates":[[[130.4375,33.43333333333333],[130.4375,33.43750000000001],[130.44375,33.43749999999999],[130.44375,33.43333333333333],[130.4375,33.43333333333333]]]}},{"type":"Feature","id":"40231:503013252","properties":{"id":"40231:503013252","meshCode":"503013252","cityCode":"40231","city":"那珂川市","lat":33.4354167,"lon":130.446875,"areaKm2":0.2685548,"populated2020":false,"population2020":null,"populationNote":"境界またぎ・原典収録外のため自治体内人口は未集計"},"geometry":{"type":"Polygon","coordinates":[[[130.44375,33.43333333333333],[130.44375,33.43749999999999],[130.45,33.43749999999999],[130.45,33.43333333333334],[130.44375,33.43333333333333]]]}},{"type":"Feature","id":"40231:503013261","properties":{"id":"40231:503013261","meshCode":"503013261","cityCode":"40231","city":"那珂川市","lat":33.4354167,"lon":130.453125,"areaKm2":0.2305325,"populated2020":false,"population2020":null,"populationNote":"境界またぎ・原典収録外のため自治体内人口は未集計"},"geometry":{"type":"Polygon","coordinates":[[[130.45368939966056,33.4375],[130.453657497,33.436207495],[130.453778054,33.436053613],[130.454834994,33.436034162],[130.455504163,33.436209999999996],[130.455923606,33.43613305400001],[130.45610166,33.435988613],[130.45625,33.43527523500371],[130.45625,33.43333333333333],[130.45,33.43333333333334],[130.45,33.43749999999999],[130.45368939966056,33.4375]]]}},{"type":"Feature","id":"40231:503013262","properties":{"id":"40231:503013262","meshCode":"503013262","cityCode":"40231","city":"那珂川市","lat":33.4343017,"lon":130.4562936,"areaKm2":0.0046162,"populated2020":true,"population2020":null,"populationNote":"境界またぎ・原典収録外のため自治体内人口は未集計"},"geometry":{"type":"Polygon","coordinates":[[[130.456394721,33.434746946],[130.456345837,33.434239162],[130.45675083000003,33.433673613],[130.45679661494057,33.43333333333334],[130.45625,33.43333333333333],[130.45625,33.43527523500371],[130.456394721,33.434746946]]]}},{"type":"Feature","id":"40231:503013214","properties":{"id":"40231:503013214","meshCode":"503013214","cityCode":"40231","city":"那珂川市","lat":33.4395833,"lon":130.396875,"areaKm2":0.0870333,"populated2020":false,"population2020":null,"populationNote":"境界またぎ・原典収録外のため自治体内人口は未集計"},"geometry":{"type":"Polygon","coordinates":[[[130.39580167326903,33.43750000000001],[130.395983061,33.439083054],[130.396026109,33.440298333],[130.396974163,33.44027416200001],[130.397548327,33.440158892],[130.398596667,33.438871108],[130.398901388,33.438770279],[130.399406939,33.438823333],[130.4,33.438602108],[130.4,33.4375],[130.39580167326903,33.43750000000001]]]}},{"type":"Feature","id":"40231:503013223","properties":{"id":"40231:503013223","meshCode":"503013223","cityCode":"40231","city":"那珂川市","lat":33.4395596,"lon":130.4053501,"areaKm2":0.117699,"populated2020":false,"population2020":null,"populationNote":"境界またぎ・原典収録外のため自治体内人口は未集計"},"geometry":{"type":"MultiPolygon","coordinates":[[[[130.4,33.438602108],[130.401460272,33.43807472100001],[130.40222375267672,33.43749999999999],[130.4,33.4375],[130.4,33.438602108]]],[[[130.403005551,33.437506666999994],[130.403117497,33.438081946000004],[130.404211946,33.438897775],[130.404579442,33.440004720999994],[130.404381388,33.440604162],[130.403298612,33.441222495],[130.4028488593375,33.44166666666667],[130.40625,33.441666666666656],[130.40625,33.4375],[130.403005551,33.437506666999994]]]]}},{"type":"Feature","id":"40231:503013224","properties":{"id":"40231:503013224","meshCode":"503013224","cityCode":"40231","city":"那珂川市","lat":33.4395833,"lon":130.409375,"areaKm2":0.2685446,"populated2020":false,"population2020":null,"populationNote":"境界またぎ・原典収録外のため自治体内人口は未集計"},"geometry":{"type":"Polygon","coordinates":[[[130.40625,33.4375],[130.40625,33.441666666666656],[130.4125,33.44166666666667],[130.4125,33.43749999999999],[130.40625,33.4375]]]}},{"type":"Feature","id":"40231:503013233","properties":{"id":"40231:503013233","meshCode":"503013233","cityCode":"40231","city":"那珂川市","lat":33.4395833,"lon":130.415625,"areaKm2":0.2685441,"populated2020":false,"population2020":null,"populationNote":"境界またぎ・原典収録外のため自治体内人口は未集計"},"geometry":{"type":"Polygon","coordinates":[[[130.4125,33.43749999999999],[130.4125,33.44166666666667],[130.41875,33.44166666666666],[130.41875,33.4375],[130.4125,33.43749999999999]]]}},{"type":"Feature","id":"40231:503013234","properties":{"id":"40231:503013234","meshCode":"503013234","cityCode":"40231","city":"那珂川市","lat":33.4395833,"lon":130.421875,"areaKm2":0.2685437,"populated2020":false,"population2020":null,"populationNote":"境界またぎ・原典収録外のため自治体内人口は未集計"},"geometry":{"type":"Polygon","coordinates":[[[130.41875,33.4375],[130.41875,33.44166666666666],[130.425,33.44166666666667],[130.425,33.4375],[130.41875,33.4375]]]}},{"type":"Feature","id":"40231:503013243","properties":{"id":"40231:503013243","meshCode":"503013243","cityCode":"40231","city":"那珂川市","lat":33.4395833,"lon":130.428125,"areaKm2":0.2685433,"populated2020":false,"population2020":null,"populationNote":"境界またぎ・原典収録外のため自治体内人口は未集計"},"geometry":{"type":"Polygon","coordinates":[[[130.425,33.4375],[130.425,33.44166666666667],[130.43125,33.44166666666666],[130.43125,33.4375],[130.425,33.4375]]]}},{"type":"Feature","id":"40231:503013244","properties":{"id":"40231:503013244","meshCode":"503013244","cityCode":"40231","city":"那珂川市","lat":33.4395833,"lon":130.434375,"areaKm2":0.2685429,"populated2020":false,"population2020":null,"populationNote":"境界またぎ・原典収録外のため自治体内人口は未集計"},"geometry":{"type":"Polygon","coordinates":[[[130.43125,33.4375],[130.43125,33.44166666666666],[130.4375,33.44166666666666],[130.4375,33.43750000000001],[130.43125,33.4375]]]}},{"type":"Feature","id":"40231:503013253","properties":{"id":"40231:503013253","meshCode":"503013253","cityCode":"40231","city":"那珂川市","lat":33.4395833,"lon":130.440625,"areaKm2":0.2685425,"populated2020":false,"population2020":null,"populationNote":"境界またぎ・原典収録外のため自治体内人口は未集計"},"geometry":{"type":"Polygon","coordinates":[[[130.4375,33.43750000000001],[130.4375,33.44166666666666],[130.44375,33.44166666666666],[130.44375,33.43749999999999],[130.4375,33.43750000000001]]]}},{"type":"Feature","id":"40231:503013254","properties":{"id":"40231:503013254","meshCode":"503013254","cityCode":"40231","city":"那珂川市","lat":33.4395833,"lon":130.446875,"areaKm2":0.2685421,"populated2020":false,"population2020":null,"populationNote":"境界またぎ・原典収録外のため自治体内人口は未集計"},"geometry":{"type":"Polygon","coordinates":[[[130.44375,33.43749999999999],[130.44375,33.44166666666666],[130.45,33.44166666666666],[130.45,33.43749999999999],[130.44375,33.43749999999999]]]}},{"type":"Feature","id":"40231:503013263","properties":{"id":"40231:503013263","meshCode":"503013263","cityCode":"40231","city":"那珂川市","lat":33.4395833,"lon":130.453125,"areaKm2":0.230366,"populated2020":false,"population2020":null,"populationNote":"境界またぎ・原典収録外のため自治体内人口は未集計"},"geometry":{"type":"Polygon","coordinates":[[[130.45625,33.44054267170597],[130.45524,33.438929441000006],[130.45502166,33.438722495],[130.454205837,33.43834222500001],[130.45396444900004,33.43814],[130.453771946,33.437925829],[130.45368939966056,33.4375],[130.45,33.43749999999999],[130.45,33.44166666666666],[130.45625,33.44166666666667],[130.45625,33.44054267170597]]]}},{"type":"Feature","id":"40231:503013264","properties":{"id":"40231:503013264","meshCode":"503013264","cityCode":"40231","city":"那珂川市","lat":33.4410785,"lon":130.4564053,"areaKm2":0.0036073,"populated2020":true,"population2020":null,"populationNote":"境界またぎ・原典収録外のため自治体内人口は未集計"},"geometry":{"type":"Polygon","coordinates":[[[130.4567846689518,33.44166666666666],[130.45667,33.44127361300001],[130.45625,33.44054267170597],[130.45625,33.44166666666667],[130.4567846689518,33.44166666666666]]]}},{"type":"Feature","id":"40231:503013312","properties":{"id":"40231:503013312","meshCode":"503013312","cityCode":"40231","city":"那珂川市","lat":33.4445374,"lon":130.3995317,"areaKm2":0.0230784,"populated2020":false,"population2020":null,"populationNote":"境界またぎ・原典収録外のため自治体内人口は未集計"},"geometry":{"type":"Polygon","coordinates":[[[130.4,33.442978],[130.399202776,33.444124720999994],[130.398869728,33.445279721000006],[130.39894867020047,33.44583333333333],[130.4,33.445833333333326],[130.4,33.442978]]]}},{"type":"Feature","id":"40231:503013321","properties":{"id":"40231:503013321","meshCode":"503013321","cityCode":"40231","city":"那珂川市","lat":33.44375,"lon":130.403125,"areaKm2":0.2334095,"populated2020":false,"population2020":null,"populationNote":"境界またぎ・原典収録外のため自治体内人口は未集計"},"geometry":{"type":"Polygon","coordinates":[[[130.402848859,33.44166666700001],[130.402482776,33.442204162],[130.402364994,33.44316472100001],[130.402296109,33.443226945999996],[130.40204888500003,33.443250829],[130.400615837,33.442835],[130.400403333,33.442834999999995],[130.4,33.442978],[130.4,33.445833333333326],[130.40625,33.445833333333326],[130.40625,33.441666666666656],[130.402848859,33.44166666700001]]]}},{"type":"Feature","id":"40231:503013322","properties":{"id":"40231:503013322","meshCode":"503013322","cityCode":"40231","city":"那珂川市","lat":33.44375,"lon":130.409375,"areaKm2":0.2685319,"populated2020":false,"population2020":null,"populationNote":"境界またぎ・原典収録外のため自治体内人口は未集計"},"geometry":{"type":"Polygon","coordinates":[[[130.40625,33.441666666666656],[130.40625,33.445833333333326],[130.4125,33.44583333333333],[130.4125,33.44166666666667],[130.40625,33.441666666666656]]]}},{"type":"Feature","id":"40231:503013331","properties":{"id":"40231:503013331","meshCode":"503013331","cityCode":"40231","city":"那珂川市","lat":33.44375,"lon":130.415625,"areaKm2":0.2685315,"populated2020":false,"population2020":null,"populationNote":"境界またぎ・原典収録外のため自治体内人口は未集計"},"geometry":{"type":"Polygon","coordinates":[[[130.4125,33.44166666666667],[130.4125,33.44583333333333],[130.41875,33.44583333333334],[130.41875,33.44166666666666],[130.4125,33.44166666666667]]]}},{"type":"Feature","id":"40231:503013332","properties":{"id":"40231:503013332","meshCode":"503013332","cityCode":"40231","city":"那珂川市","lat":33.44375,"lon":130.421875,"areaKm2":0.2685311,"populated2020":false,"population2020":null,"populationNote":"境界またぎ・原典収録外のため自治体内人口は未集計"},"geometry":{"type":"Polygon","coordinates":[[[130.41875,33.44166666666666],[130.41875,33.44583333333334],[130.425,33.44583333333334],[130.425,33.44166666666667],[130.41875,33.44166666666666]]]}},{"type":"Feature","id":"40231:503013341","properties":{"id":"40231:503013341","meshCode":"503013341","cityCode":"40231","city":"那珂川市","lat":33.44375,"lon":130.428125,"areaKm2":0.2685307,"populated2020":true,"population2020":20.1068,"populationNote":"2020年基準の国交省調整値"},"geometry":{"type":"Polygon","coordinates":[[[130.425,33.44166666666667],[130.425,33.44583333333334],[130.43125,33.44583333333333],[130.43125,33.44166666666666],[130.425,33.44166666666667]]]}},{"type":"Feature","id":"40231:503013342","properties":{"id":"40231:503013342","meshCode":"503013342","cityCode":"40231","city":"那珂川市","lat":33.44375,"lon":130.434375,"areaKm2":0.2685303,"populated2020":true,"population2020":44.9811,"populationNote":"2020年基準の国交省調整値"},"geometry":{"type":"Polygon","coordinates":[[[130.43125,33.44166666666666],[130.43125,33.44583333333333],[130.4375,33.44583333333333],[130.4375,33.44166666666666],[130.43125,33.44166666666666]]]}},{"type":"Feature","id":"40231:503013351","properties":{"id":"40231:503013351","meshCode":"503013351","cityCode":"40231","city":"那珂川市","lat":33.44375,"lon":130.440625,"areaKm2":0.2685299,"populated2020":false,"population2020":null,"populationNote":"境界またぎ・原典収録外のため自治体内人口は未集計"},"geometry":{"type":"Polygon","coordinates":[[[130.4375,33.44166666666666],[130.4375,33.44583333333333],[130.44375,33.44583333333334],[130.44375,33.44166666666666],[130.4375,33.44166666666666]]]}},{"type":"Feature","id":"40231:503013352","properties":{"id":"40231:503013352","meshCode":"503013352","cityCode":"40231","city":"那珂川市","lat":33.44375,"lon":130.446875,"areaKm2":0.2685295,"populated2020":false,"population2020":null,"populationNote":"境界またぎ・原典収録外のため自治体内人口は未集計"},"geometry":{"type":"Polygon","coordinates":[[[130.44375,33.44166666666666],[130.44375,33.44583333333334],[130.45,33.44583333333334],[130.45,33.44166666666666],[130.44375,33.44166666666666]]]}},{"type":"Feature","id":"40231:503013361","properties":{"id":"40231:503013361","meshCode":"503013361","cityCode":"40231","city":"那珂川市","lat":33.44375,"lon":130.453125,"areaKm2":0.2685291,"populated2020":false,"population2020":null,"populationNote":"境界またぎ・原典収録外のため自治体内人口は未集計"},"geometry":{"type":"Polygon","coordinates":[[[130.45,33.44166666666666],[130.45,33.44583333333334],[130.45625,33.44583333333333],[130.45625,33.44166666666667],[130.45,33.44166666666666]]]}},{"type":"Feature","id":"40231:503013362","properties":{"id":"40231:503013362","meshCode":"503013362","cityCode":"40231","city":"那珂川市","lat":33.44375,"lon":130.459375,"areaKm2":0.1412039,"populated2020":false,"population2020":null,"populationNote":"境界またぎ・原典収録外のため自治体内人口は未集計"},"geometry":{"type":"Polygon","coordinates":[[[130.461337497,33.44552138700001],[130.461176667,33.444977495],[130.459812503,33.444243333],[130.459591115,33.44337444100001],[130.459487782,33.44325416200001],[130.458485279,33.44278],[130.458266939,33.442558613],[130.458016939,33.44206555900001],[130.457810558,33.442026946],[130.457500272,33.4422],[130.457287782,33.442219162],[130.45685111500003,33.441968892000006],[130.4567846689518,33.44166666666666],[130.45625,33.44166666666667],[130.45625,33.44583333333333],[130.46133253478837,33.44583333333333],[130.461337497,33.44552138700001]]]}},{"type":"Feature","id":"40231:503013314","properties":{"id":"40231:503013314","meshCode":"503013314","cityCode":"40231","city":"那珂川市","lat":33.4483083,"lon":130.3997111,"areaKm2":0.0396451,"populated2020":false,"population2020":null,"populationNote":"境界またぎ・原典収録外のため自治体内人口は未集計"},"geometry":{"type":"Polygon","coordinates":[[[130.39894867020047,33.44583333333333],[130.399202503,33.446632225],[130.399314721,33.447491108],[130.39948972800002,33.447825829],[130.399354721,33.44879082899999],[130.398915551,33.449312775],[130.398128612,33.449750828999996],[130.396956783,33.45],[130.4,33.45],[130.4,33.445833333333326],[130.39894867020047,33.44583333333333]]]}},{"type":"Feature","id":"40231:503013323","properties":{"id":"40231:503013323","meshCode":"503013323","cityCode":"40231","city":"那珂川市","lat":33.4479167,"lon":130.403125,"areaKm2":0.2685197,"populated2020":false,"population2020":null,"populationNote":"境界またぎ・原典収録外のため自治体内人口は未集計"},"geometry":{"type":"Polygon","coordinates":[[[130.4,33.445833333333326],[130.4,33.45],[130.40625,33.45],[130.40625,33.445833333333326],[130.4,33.445833333333326]]]}},{"type":"Feature","id":"40231:503013324","properties":{"id":"40231:503013324","meshCode":"503013324","cityCode":"40231","city":"那珂川市","lat":33.4479167,"lon":130.409375,"areaKm2":0.2685192,"populated2020":false,"population2020":null,"populationNote":"境界またぎ・原典収録外のため自治体内人口は未集計"},"geometry":{"type":"Polygon","coordinates":[[[130.40625,33.445833333333326],[130.40625,33.45],[130.4125,33.45],[130.4125,33.44583333333333],[130.40625,33.445833333333326]]]}},{"type":"Feature","id":"40231:503013333","properties":{"id":"40231:503013333","meshCode":"503013333","cityCode":"40231","city":"那珂川市","lat":33.4479167,"lon":130.415625,"areaKm2":0.2685188,"populated2020":false,"population2020":null,"populationNote":"境界またぎ・原典収録外のため自治体内人口は未集計"},"geometry":{"type":"Polygon","coordinates":[[[130.4125,33.44583333333333],[130.4125,33.45],[130.41875,33.45000000000001],[130.41875,33.44583333333334],[130.4125,33.44583333333333]]]}},{"type":"Feature","id":"40231:503013334","properties":{"id":"40231:503013334","meshCode":"503013334","cityCode":"40231","city":"那珂川市","lat":33.4479167,"lon":130.421875,"areaKm2":0.2685184,"populated2020":true,"population2020":8.0314,"populationNote":"2020年基準の国交省調整値"},"geometry":{"type":"Polygon","coordinates":[[[130.41875,33.44583333333334],[130.41875,33.45000000000001],[130.425,33.45000000000001],[130.425,33.44583333333334],[130.41875,33.44583333333334]]]}},{"type":"Feature","id":"40231:503013343","properties":{"id":"40231:503013343","meshCode":"503013343","cityCode":"40231","city":"那珂川市","lat":33.4479167,"lon":130.428125,"areaKm2":0.268518,"populated2020":true,"population2020":58.0158,"populationNote":"2020年基準の国交省調整値"},"geometry":{"type":"Polygon","coordinates":[[[130.425,33.44583333333334],[130.425,33.45000000000001],[130.43125,33.45],[130.43125,33.44583333333333],[130.425,33.44583333333334]]]}},{"type":"Feature","id":"40231:503013344","properties":{"id":"40231:503013344","meshCode":"503013344","cityCode":"40231","city":"那珂川市","lat":33.4479167,"lon":130.434375,"areaKm2":0.2685176,"populated2020":true,"population2020":0.9986,"populationNote":"2020年基準の国交省調整値"},"geometry":{"type":"Polygon","coordinates":[[[130.43125,33.44583333333333],[130.43125,33.45],[130.4375,33.45],[130.4375,33.44583333333333],[130.43125,33.44583333333333]]]}},{"type":"Feature","id":"40231:503013353","properties":{"id":"40231:503013353","meshCode":"503013353","cityCode":"40231","city":"那珂川市","lat":33.4479167,"lon":130.440625,"areaKm2":0.2685172,"populated2020":true,"population2020":27.0793,"populationNote":"2020年基準の国交省調整値"},"geometry":{"type":"Polygon","coordinates":[[[130.4375,33.44583333333333],[130.4375,33.45],[130.44375,33.45],[130.44375,33.44583333333334],[130.4375,33.44583333333333]]]}},{"type":"Feature","id":"40231:503013354","properties":{"id":"40231:503013354","meshCode":"503013354","cityCode":"40231","city":"那珂川市","lat":33.4479167,"lon":130.446875,"areaKm2":0.2685168,"populated2020":false,"population2020":null,"populationNote":"境界またぎ・原典収録外のため自治体内人口は未集計"},"geometry":{"type":"Polygon","coordinates":[[[130.44375,33.44583333333334],[130.44375,33.45],[130.45,33.45000000000001],[130.45,33.44583333333334],[130.44375,33.44583333333334]]]}},{"type":"Feature","id":"40231:503013363","properties":{"id":"40231:503013363","meshCode":"503013363","cityCode":"40231","city":"那珂川市","lat":33.4479167,"lon":130.453125,"areaKm2":0.2685164,"populated2020":false,"population2020":null,"populationNote":"境界またぎ・原典収録外のため自治体内人口は未集計"},"geometry":{"type":"Polygon","coordinates":[[[130.45,33.44583333333334],[130.45,33.45000000000001],[130.45625,33.45],[130.45625,33.44583333333333],[130.45,33.44583333333334]]]}},{"type":"Feature","id":"40231:503013364","properties":{"id":"40231:503013364","meshCode":"503013364","cityCode":"40231","city":"那珂川市","lat":33.4479167,"lon":130.459375,"areaKm2":0.1822731,"populated2020":false,"population2020":null,"populationNote":"境界またぎ・原典収録外のため自治体内人口は未集計"},"geometry":{"type":"Polygon","coordinates":[[[130.460432218,33.449971108],[130.460159442,33.449660559],[130.460182503,33.44932833299999],[130.46042083,33.448642775],[130.46036083,33.448183054000005],[130.46005917,33.447603054],[130.460070558,33.447468332999996],[130.460636394,33.446820828999996],[130.461185279,33.446481667],[130.4613,33.446289162],[130.46133253478837,33.44583333333333],[130.45625,33.44583333333333],[130.45625,33.45],[130.460432218,33.449971108]]]}},{"type":"Feature","id":"40231:503013411","properties":{"id":"40231:503013411","meshCode":"503013411","cityCode":"40231","city":"那珂川市","lat":33.452676,"lon":130.3922645,"areaKm2":0.0798355,"populated2020":false,"population2020":null,"populationNote":"境界またぎ・原典収録外のため自治体内人口は未集計"},"geometry":{"type":"Polygon","coordinates":[[[130.39375,33.451204525479184],[130.393406394,33.451310279],[130.391821115,33.45249916200001],[130.391441946,33.452581108],[130.390993891,33.452575829000004],[130.390554163,33.452780559],[130.389621115,33.453500279],[130.389172776,33.453991108000004],[130.38890943919782,33.454166666666666],[130.39375,33.45416666666667],[130.39375,33.451204525479184]]]}},{"type":"Feature","id":"40231:503013412","properties":{"id":"40231:503013412","meshCode":"503013412","cityCode":"40231","city":"那珂川市","lat":33.4520833,"lon":130.396875,"areaKm2":0.2424748,"populated2020":false,"population2020":null,"populationNote":"境界またぎ・原典収録外のため自治体内人口は未集計"},"geometry":{"type":"Polygon","coordinates":[[[130.396956783,33.45],[130.396726667,33.450352495000004],[130.396284449,33.450622225],[130.395957224,33.45070389199999],[130.395075279,33.450745],[130.394498054,33.45114166700001],[130.39375,33.451204525479184],[130.39375,33.45416666666667],[130.4,33.454166666666666],[130.4,33.45],[130.396956783,33.45]]]}},{"type":"Feature","id":"40231:503013421","properties":{"id":"40231:503013421","meshCode":"503013421","cityCode":"40231","city":"那珂川市","lat":33.4520833,"lon":130.403125,"areaKm2":0.268507,"populated2020":false,"population2020":null,"populationNote":"境界またぎ・原典収録外のため自治体内人口は未集計"},"geometry":{"type":"Polygon","coordinates":[[[130.4,33.45],[130.4,33.454166666666666],[130.40625,33.454166666666666],[130.40625,33.45],[130.4,33.45]]]}},{"type":"Feature","id":"40231:503013422","properties":{"id":"40231:503013422","meshCode":"503013422","cityCode":"40231","city":"那珂川市","lat":33.4520833,"lon":130.409375,"areaKm2":0.2685066,"populated2020":false,"population2020":null,"populationNote":"境界またぎ・原典収録外のため自治体内人口は未集計"},"geometry":{"type":"Polygon","coordinates":[[[130.40625,33.45],[130.40625,33.454166666666666],[130.4125,33.45416666666667],[130.4125,33.45],[130.40625,33.45]]]}},{"type":"Feature","id":"40231:503013431","properties":{"id":"40231:503013431","meshCode":"503013431","cityCode":"40231","city":"那珂川市","lat":33.4520833,"lon":130.415625,"areaKm2":0.2685062,"populated2020":false,"population2020":null,"populationNote":"境界またぎ・原典収録外のため自治体内人口は未集計"},"geometry":{"type":"Polygon","coordinates":[[[130.4125,33.45],[130.4125,33.45416666666667],[130.41875,33.454166666666666],[130.41875,33.45000000000001],[130.4125,33.45]]]}},{"type":"Feature","id":"40231:503013432","properties":{"id":"40231:503013432","meshCode":"503013432","cityCode":"40231","city":"那珂川市","lat":33.4520833,"lon":130.421875,"areaKm2":0.2685058,"populated2020":true,"population2020":17.0834,"populationNote":"2020年基準の国交省調整値"},"geometry":{"type":"Polygon","coordinates":[[[130.41875,33.45000000000001],[130.41875,33.454166666666666],[130.425,33.454166666666666],[130.425,33.45000000000001],[130.41875,33.45000000000001]]]}},{"type":"Feature","id":"40231:503013441","properties":{"id":"40231:503013441","meshCode":"503013441","cityCode":"40231","city":"那珂川市","lat":33.4520833,"lon":130.428125,"areaKm2":0.2685053,"populated2020":true,"population2020":59.2119,"populationNote":"2020年基準の国交省調整値"},"geometry":{"type":"Polygon","coordinates":[[[130.425,33.45000000000001],[130.425,33.454166666666666],[130.43125,33.45416666666667],[130.43125,33.45],[130.425,33.45000000000001]]]}},{"type":"Feature","id":"40231:503013442","properties":{"id":"40231:503013442","meshCode":"503013442","cityCode":"40231","city":"那珂川市","lat":33.4520833,"lon":130.434375,"areaKm2":0.2685049,"populated2020":true,"population2020":4.9462,"populationNote":"2020年基準の国交省調整値"},"geometry":{"type":"Polygon","coordinates":[[[130.43125,33.45],[130.43125,33.45416666666667],[130.4375,33.45416666666667],[130.4375,33.45],[130.43125,33.45]]]}},{"type":"Feature","id":"40231:503013451","properties":{"id":"40231:503013451","meshCode":"503013451","cityCode":"40231","city":"那珂川市","lat":33.4520833,"lon":130.440625,"areaKm2":0.2685045,"populated2020":true,"population2020":3.9948,"populationNote":"2020年基準の国交省調整値"},"geometry":{"type":"Polygon","coordinates":[[[130.4375,33.45],[130.4375,33.45416666666667],[130.44375,33.454166666666666],[130.44375,33.45],[130.4375,33.45]]]}},{"type":"Feature","id":"40231:503013452","properties":{"id":"40231:503013452","meshCode":"503013452","cityCode":"40231","city":"那珂川市","lat":33.4520833,"lon":130.446875,"areaKm2":0.2685041,"populated2020":false,"population2020":null,"populationNote":"境界またぎ・原典収録外のため自治体内人口は未集計"},"geometry":{"type":"Polygon","coordinates":[[[130.44375,33.45],[130.44375,33.454166666666666],[130.45,33.45416666666667],[130.45,33.45000000000001],[130.44375,33.45]]]}},{"type":"Feature","id":"40231:503013461","properties":{"id":"40231:503013461","meshCode":"503013461","cityCode":"40231","city":"那珂川市","lat":33.4520833,"lon":130.453125,"areaKm2":0.2685037,"populated2020":false,"population2020":null,"populationNote":"境界またぎ・原典収録外のため自治体内人口は未集計"},"geometry":{"type":"Polygon","coordinates":[[[130.45,33.45000000000001],[130.45,33.45416666666667],[130.45625,33.45416666666667],[130.45625,33.45],[130.45,33.45000000000001]]]}},{"type":"Feature","id":"40231:503013462","properties":{"id":"40231:503013462","meshCode":"503013462","cityCode":"40231","city":"那珂川市","lat":33.4520226,"lon":130.4571944,"areaKm2":0.1015438,"populated2020":false,"population2020":null,"populationNote":"境界またぎ・原典収録外のため自治体内人口は未集計"},"geometry":{"type":"Polygon","coordinates":[[[130.458180272,33.454129720999994],[130.458274994,33.453626667],[130.457907497,33.452668892],[130.45813166,33.452259721],[130.458134449,33.451612225],[130.458444721,33.451299440999996],[130.459096667,33.451008333],[130.459389442,33.450714721000004],[130.460449442,33.450365829],[130.460518327,33.450240559],[130.460449468,33.45],[130.45625,33.45],[130.45625,33.45416666666667],[130.458180272,33.454129720999994]]]}},{"type":"Feature","id":"40231:503013404","properties":{"id":"40231:503013404","meshCode":"503013404","cityCode":"40231","city":"那珂川市","lat":33.4579864,"lon":130.3871484,"areaKm2":0.0059179,"populated2020":false,"population2020":null,"populationNote":"境界またぎ・原典収録外のため自治体内人口は未集計"},"geometry":{"type":"MultiPolygon","coordinates":[[[[130.3875,33.45583532049961],[130.387454994,33.456104161999995],[130.3875,33.456261063209325],[130.3875,33.45583532049961]]],[[[130.3875,33.45714167012112],[130.387173606,33.457639441],[130.386420077638,33.458333333333336],[130.3875,33.45833333333334],[130.3875,33.45714167012112]]]]}},{"type":"Feature","id":"40231:503013413","properties":{"id":"40231:503013413","meshCode":"503013413","cityCode":"40231","city":"那珂川市","lat":33.45625,"lon":130.390625,"areaKm2":0.259488,"populated2020":false,"population2020":null,"populationNote":"境界またぎ・原典収録外のため自治体内人口は未集計"},"geometry":{"type":"Polygon","coordinates":[[[130.38890943919782,33.454166666666666],[130.38782,33.454960829],[130.3875,33.45583532049961],[130.3875,33.456261063209325],[130.387618885,33.456674441000004],[130.3875,33.45714167012112],[130.3875,33.45833333333334],[130.39375,33.458333333333336],[130.39375,33.45416666666667],[130.38890943919782,33.454166666666666]]]}},{"type":"Feature","id":"40231:503013414","properties":{"id":"40231:503013414","meshCode":"503013414","cityCode":"40231","city":"那珂川市","lat":33.45625,"lon":130.396875,"areaKm2":0.2684948,"populated2020":false,"population2020":null,"populationNote":"境界またぎ・原典収録外のため自治体内人口は未集計"},"geometry":{"type":"Polygon","coordinates":[[[130.39375,33.45416666666667],[130.39375,33.458333333333336],[130.4,33.458333333333336],[130.4,33.454166666666666],[130.39375,33.45416666666667]]]}},{"type":"Feature","id":"40231:503013423","properties":{"id":"40231:503013423","meshCode":"503013423","cityCode":"40231","city":"那珂川市","lat":33.45625,"lon":130.403125,"areaKm2":0.2684943,"populated2020":false,"population2020":null,"populationNote":"境界またぎ・原典収録外のため自治体内人口は未集計"},"geometry":{"type":"Polygon","coordinates":[[[130.4,33.454166666666666],[130.4,33.458333333333336],[130.40625,33.458333333333336],[130.40625,33.454166666666666],[130.4,33.454166666666666]]]}},{"type":"Feature","id":"40231:503013424","properties":{"id":"40231:503013424","meshCode":"503013424","cityCode":"40231","city":"那珂川市","lat":33.45625,"lon":130.409375,"areaKm2":0.2684939,"populated2020":false,"population2020":null,"populationNote":"境界またぎ・原典収録外のため自治体内人口は未集計"},"geometry":{"type":"Polygon","coordinates":[[[130.40625,33.454166666666666],[130.40625,33.458333333333336],[130.4125,33.458333333333336],[130.4125,33.45416666666667],[130.40625,33.454166666666666]]]}},{"type":"Feature","id":"40231:503013433","properties":{"id":"40231:503013433","meshCode":"503013433","cityCode":"40231","city":"那珂川市","lat":33.45625,"lon":130.415625,"areaKm2":0.2684935,"populated2020":false,"population2020":null,"populationNote":"境界またぎ・原典収録外のため自治体内人口は未集計"},"geometry":{"type":"Polygon","coordinates":[[[130.4125,33.45416666666667],[130.4125,33.458333333333336],[130.41875,33.45833333333334],[130.41875,33.454166666666666],[130.4125,33.45416666666667]]]}},{"type":"Feature","id":"40231:503013434","properties":{"id":"40231:503013434","meshCode":"503013434","cityCode":"40231","city":"那珂川市","lat":33.45625,"lon":130.421875,"areaKm2":0.2684931,"populated2020":true,"population2020":2.9771,"populationNote":"2020年基準の国交省調整値"},"geometry":{"type":"Polygon","coordinates":[[[130.41875,33.454166666666666],[130.41875,33.45833333333334],[130.425,33.458333333333336],[130.425,33.454166666666666],[130.41875,33.454166666666666]]]}},{"type":"Feature","id":"40231:503013443","properties":{"id":"40231:503013443","meshCode":"503013443","cityCode":"40231","city":"那珂川市","lat":33.45625,"lon":130.428125,"areaKm2":0.2684927,"populated2020":true,"population2020":111.1736,"populationNote":"2020年基準の国交省調整値"},"geometry":{"type":"Polygon","coordinates":[[[130.425,33.454166666666666],[130.425,33.458333333333336],[130.43125,33.458333333333336],[130.43125,33.45416666666667],[130.425,33.454166666666666]]]}},{"type":"Feature","id":"40231:503013444","properties":{"id":"40231:503013444","meshCode":"503013444","cityCode":"40231","city":"那珂川市","lat":33.45625,"lon":130.434375,"areaKm2":0.2684923,"populated2020":false,"population2020":null,"populationNote":"境界またぎ・原典収録外のため自治体内人口は未集計"},"geometry":{"type":"Polygon","coordinates":[[[130.43125,33.45416666666667],[130.43125,33.458333333333336],[130.4375,33.45833333333334],[130.4375,33.45416666666667],[130.43125,33.45416666666667]]]}},{"type":"Feature","id":"40231:503013453","properties":{"id":"40231:503013453","meshCode":"503013453","cityCode":"40231","city":"那珂川市","lat":33.45625,"lon":130.440625,"areaKm2":0.2684919,"populated2020":true,"population2020":0.974,"populationNote":"2020年基準の国交省調整値"},"geometry":{"type":"Polygon","coordinates":[[[130.4375,33.45416666666667],[130.4375,33.45833333333334],[130.44375,33.458333333333336],[130.44375,33.454166666666666],[130.4375,33.45416666666667]]]}},{"type":"Feature","id":"40231:503013454","properties":{"id":"40231:503013454","meshCode":"503013454","cityCode":"40231","city":"那珂川市","lat":33.45625,"lon":130.446875,"areaKm2":0.2684915,"populated2020":false,"population2020":null,"populationNote":"境界またぎ・原典収録外のため自治体内人口は未集計"},"geometry":{"type":"Polygon","coordinates":[[[130.44375,33.454166666666666],[130.44375,33.458333333333336],[130.45,33.45833333333334],[130.45,33.45416666666667],[130.44375,33.454166666666666]]]}},{"type":"Feature","id":"40231:503013463","properties":{"id":"40231:503013463","meshCode":"503013463","cityCode":"40231","city":"那珂川市","lat":33.45625,"lon":130.453125,"areaKm2":0.2684911,"populated2020":false,"population2020":null,"populationNote":"境界またぎ・原典収録外のため自治体内人口は未集計"},"geometry":{"type":"Polygon","coordinates":[[[130.45,33.45416666666667],[130.45,33.45833333333334],[130.45625,33.45833333333334],[130.45625,33.45416666666667],[130.45,33.45416666666667]]]}},{"type":"Feature","id":"40231:503013464","properties":{"id":"40231:503013464","meshCode":"503013464","cityCode":"40231","city":"那珂川市","lat":33.4562883,"lon":130.4572181,"areaKm2":0.0947624,"populated2020":false,"population2020":null,"populationNote":"境界またぎ・原典収録外のため自治体内人口は未集計"},"geometry":{"type":"Polygon","coordinates":[[[130.458934228,33.458333333000006],[130.457924721,33.45783361299999],[130.457531388,33.457556667],[130.457491115,33.457378613],[130.457936394,33.456923613],[130.458231946,33.456155829000004],[130.458456109,33.455857495000004],[130.459452776,33.455552225],[130.459538885,33.45522],[130.459464163,33.454868612999995],[130.459263061,33.454738613],[130.458530558,33.454534162],[130.45819172117788,33.454166666666666],[130.45625,33.45416666666667],[130.45625,33.45833333333334],[130.458934228,33.458333333000006]]]}},{"type":"Feature","id":"40231:503013502","properties":{"id":"40231:503013502","meshCode":"503013502","cityCode":"40231","city":"那珂川市","lat":33.4602251,"lon":130.3871551,"areaKm2":0.0517297,"populated2020":false,"population2020":null,"populationNote":"境界またぎ・原典収録外のため自治体内人口は未集計"},"geometry":{"type":"Polygon","coordinates":[[[130.386420077638,33.458333333333336],[130.386010558,33.458782495],[130.386068054,33.459162495000015],[130.386719728,33.460021667],[130.386918054,33.46062582900001],[130.386883606,33.460813613000006],[130.386728327,33.460972495],[130.38602472100004,33.461393333],[130.385892503,33.46157638700001],[130.385812218,33.462101108000006],[130.38594650750858,33.46249999999999],[130.3875,33.4625],[130.3875,33.45833333333334],[130.386420077638,33.458333333333336]]]}},{"type":"Feature","id":"40231:503013511","properties":{"id":"40231:503013511","meshCode":"503013511","cityCode":"40231","city":"那珂川市","lat":33.4604167,"lon":130.390625,"areaKm2":0.2684825,"populated2020":false,"population2020":null,"populationNote":"境界またぎ・原典収録外のため自治体内人口は未集計"},"geometry":{"type":"Polygon","coordinates":[[[130.3875,33.45833333333334],[130.3875,33.4625],[130.39375,33.4625],[130.39375,33.458333333333336],[130.3875,33.45833333333334]]]}},{"type":"Feature","id":"40231:503013512","properties":{"id":"40231:503013512","meshCode":"503013512","cityCode":"40231","city":"那珂川市","lat":33.4604167,"lon":130.396875,"areaKm2":0.2684821,"populated2020":false,"population2020":null,"populationNote":"境界またぎ・原典収録外のため自治体内人口は未集計"},"geometry":{"type":"Polygon","coordinates":[[[130.39375,33.458333333333336],[130.39375,33.4625],[130.4,33.462500000000006],[130.4,33.458333333333336],[130.39375,33.458333333333336]]]}},{"type":"Feature","id":"40231:503013521","properties":{"id":"40231:503013521","meshCode":"503013521","cityCode":"40231","city":"那珂川市","lat":33.4604167,"lon":130.403125,"areaKm2":0.2684817,"populated2020":false,"population2020":null,"populationNote":"境界またぎ・原典収録外のため自治体内人口は未集計"},"geometry":{"type":"Polygon","coordinates":[[[130.4,33.458333333333336],[130.4,33.462500000000006],[130.40625,33.4625],[130.40625,33.458333333333336],[130.4,33.458333333333336]]]}},{"type":"Feature","id":"40231:503013522","properties":{"id":"40231:503013522","meshCode":"503013522","cityCode":"40231","city":"那珂川市","lat":33.4604167,"lon":130.409375,"areaKm2":0.2684813,"populated2020":false,"population2020":null,"populationNote":"境界またぎ・原典収録外のため自治体内人口は未集計"},"geometry":{"type":"Polygon","coordinates":[[[130.40625,33.458333333333336],[130.40625,33.4625],[130.4125,33.462500000000006],[130.4125,33.458333333333336],[130.40625,33.458333333333336]]]}},{"type":"Feature","id":"40231:503013531","properties":{"id":"40231:503013531","meshCode":"503013531","cityCode":"40231","city":"那珂川市","lat":33.4604167,"lon":130.415625,"areaKm2":0.2684808,"populated2020":false,"population2020":null,"populationNote":"境界またぎ・原典収録外のため自治体内人口は未集計"},"geometry":{"type":"Polygon","coordinates":[[[130.4125,33.458333333333336],[130.4125,33.462500000000006],[130.41875,33.4625],[130.41875,33.45833333333334],[130.4125,33.458333333333336]]]}},{"type":"Feature","id":"40231:503013532","properties":{"id":"40231:503013532","meshCode":"503013532","cityCode":"40231","city":"那珂川市","lat":33.4604167,"lon":130.421875,"areaKm2":0.2684804,"populated2020":true,"population2020":51.1496,"populationNote":"2020年基準の国交省調整値"},"geometry":{"type":"Polygon","coordinates":[[[130.41875,33.45833333333334],[130.41875,33.4625],[130.425,33.4625],[130.425,33.458333333333336],[130.41875,33.45833333333334]]]}},{"type":"Feature","id":"40231:503013541","properties":{"id":"40231:503013541","meshCode":"503013541","cityCode":"40231","city":"那珂川市","lat":33.4604167,"lon":130.428125,"areaKm2":0.26848,"populated2020":true,"population2020":117.9112,"populationNote":"2020年基準の国交省調整値"},"geometry":{"type":"Polygon","coordinates":[[[130.425,33.458333333333336],[130.425,33.4625],[130.43125,33.4625],[130.43125,33.458333333333336],[130.425,33.458333333333336]]]}},{"type":"Feature","id":"40231:503013542","properties":{"id":"40231:503013542","meshCode":"503013542","cityCode":"40231","city":"那珂川市","lat":33.4604167,"lon":130.434375,"areaKm2":0.2684796,"populated2020":true,"population2020":14.0039,"populationNote":"2020年基準の国交省調整値"},"geometry":{"type":"Polygon","coordinates":[[[130.43125,33.458333333333336],[130.43125,33.4625],[130.4375,33.4625],[130.4375,33.45833333333334],[130.43125,33.458333333333336]]]}},{"type":"Feature","id":"40231:503013551","properties":{"id":"40231:503013551","meshCode":"503013551","cityCode":"40231","city":"那珂川市","lat":33.4604167,"lon":130.440625,"areaKm2":0.2684792,"populated2020":true,"population2020":4.0549,"populationNote":"2020年基準の国交省調整値"},"geometry":{"type":"Polygon","coordinates":[[[130.4375,33.45833333333334],[130.4375,33.4625],[130.44375,33.4625],[130.44375,33.458333333333336],[130.4375,33.45833333333334]]]}},{"type":"Feature","id":"40231:503013552","properties":{"id":"40231:503013552","meshCode":"503013552","cityCode":"40231","city":"那珂川市","lat":33.4604167,"lon":130.446875,"areaKm2":0.2684788,"populated2020":false,"population2020":null,"populationNote":"境界またぎ・原典収録外のため自治体内人口は未集計"},"geometry":{"type":"Polygon","coordinates":[[[130.44375,33.458333333333336],[130.44375,33.4625],[130.45,33.4625],[130.45,33.45833333333334],[130.44375,33.458333333333336]]]}},{"type":"Feature","id":"40231:503013561","properties":{"id":"40231:503013561","meshCode":"503013561","cityCode":"40231","city":"那珂川市","lat":33.4604167,"lon":130.453125,"areaKm2":0.2684784,"populated2020":false,"population2020":null,"populationNote":"境界またぎ・原典収録外のため自治体内人口は未集計"},"geometry":{"type":"Polygon","coordinates":[[[130.45,33.45833333333334],[130.45,33.4625],[130.45625,33.4625],[130.45625,33.45833333333334],[130.45,33.45833333333334]]]}},{"type":"Feature","id":"40231:503013562","properties":{"id":"40231:503013562","meshCode":"503013562","cityCode":"40231","city":"那珂川市","lat":33.4604167,"lon":130.459375,"areaKm2":0.1967309,"populated2020":false,"population2020":null,"populationNote":"境界またぎ・原典収録外のため自治体内人口は未集計"},"geometry":{"type":"Polygon","coordinates":[[[130.4625,33.461659419073925],[130.461397497,33.461214999999996],[130.460857497,33.46083],[130.460532776,33.460192225],[130.459972776,33.459804721000005],[130.45977444900004,33.458882775000006],[130.45927166,33.458500279],[130.4589342286734,33.458333333333336],[130.45625,33.45833333333334],[130.45625,33.4625],[130.4625,33.4625],[130.4625,33.461659419073925]]]}},{"type":"Feature","id":"40231:503013571","properties":{"id":"40231:503013571","meshCode":"503013571","cityCode":"40231","city":"那珂川市","lat":33.4620794,"lon":130.4633891,"areaKm2":0.0112307,"populated2020":false,"population2020":null,"populationNote":"境界またぎ・原典収録外のため自治体内人口は未集計"},"geometry":{"type":"Polygon","coordinates":[[[130.464416109,33.46236333300001],[130.464324163,33.462093892000006],[130.46362083,33.46200972100001],[130.4625,33.461659419073925],[130.4625,33.4625],[130.46436585012466,33.4625],[130.464416109,33.46236333300001]]]}},{"type":"Feature","id":"40231:503013504","properties":{"id":"40231:503013504","meshCode":"503013504","cityCode":"40231","city":"那珂川市","lat":33.4639575,"lon":130.3870263,"areaKm2":0.027757,"populated2020":false,"population2020":null,"populationNote":"境界またぎ・原典収録外のため自治体内人口は未集計"},"geometry":{"type":"Polygon","coordinates":[[[130.38594650750858,33.46249999999999],[130.386771388,33.46460389199999],[130.387133333,33.465070829],[130.3875,33.46530742964534],[130.3875,33.4625],[130.38594650750858,33.46249999999999]]]}},{"type":"Feature","id":"40231:503013513","properties":{"id":"40231:503013513","meshCode":"503013513","cityCode":"40231","city":"那珂川市","lat":33.4645833,"lon":130.390625,"areaKm2":0.2614572,"populated2020":false,"population2020":null,"populationNote":"境界またぎ・原典収録外のため自治体内人口は未集計"},"geometry":{"type":"Polygon","coordinates":[[[130.3875,33.46530742964534],[130.388003891,33.46554972100001],[130.388066939,33.465698892],[130.388095837,33.46609361299999],[130.38790894917764,33.46666666666667],[130.39375,33.466666666666676],[130.39375,33.4625],[130.3875,33.4625],[130.3875,33.46530742964534]]]}},{"type":"Feature","id":"40231:503013514","properties":{"id":"40231:503013514","meshCode":"503013514","cityCode":"40231","city":"那珂川市","lat":33.4645833,"lon":130.396875,"areaKm2":0.2684694,"populated2020":false,"population2020":null,"populationNote":"境界またぎ・原典収録外のため自治体内人口は未集計"},"geometry":{"type":"Polygon","coordinates":[[[130.39375,33.4625],[130.39375,33.466666666666676],[130.4,33.46666666666667],[130.4,33.462500000000006],[130.39375,33.4625]]]}},{"type":"Feature","id":"40231:503013523","properties":{"id":"40231:503013523","meshCode":"503013523","cityCode":"40231","city":"那珂川市","lat":33.4645833,"lon":130.403125,"areaKm2":0.268469,"populated2020":false,"population2020":null,"populationNote":"境界またぎ・原典収録外のため自治体内人口は未集計"},"geometry":{"type":"Polygon","coordinates":[[[130.4,33.462500000000006],[130.4,33.46666666666667],[130.40625,33.466666666666676],[130.40625,33.4625],[130.4,33.462500000000006]]]}},{"type":"Feature","id":"40231:503013524","properties":{"id":"40231:503013524","meshCode":"503013524","cityCode":"40231","city":"那珂川市","lat":33.4645833,"lon":130.409375,"areaKm2":0.2684686,"populated2020":true,"population2020":4.9889,"populationNote":"2020年基準の国交省調整値"},"geometry":{"type":"Polygon","coordinates":[[[130.40625,33.4625],[130.40625,33.466666666666676],[130.4125,33.466666666666676],[130.4125,33.462500000000006],[130.40625,33.4625]]]}},{"type":"Feature","id":"40231:503013533","properties":{"id":"40231:503013533","meshCode":"503013533","cityCode":"40231","city":"那珂川市","lat":33.4645833,"lon":130.415625,"areaKm2":0.2684682,"populated2020":true,"population2020":3.9937,"populationNote":"2020年基準の国交省調整値"},"geometry":{"type":"Polygon","coordinates":[[[130.4125,33.462500000000006],[130.4125,33.466666666666676],[130.41875,33.46666666666666],[130.41875,33.4625],[130.4125,33.462500000000006]]]}},{"type":"Feature","id":"40231:503013534","properties":{"id":"40231:503013534","meshCode":"503013534","cityCode":"40231","city":"那珂川市","lat":33.4645833,"lon":130.421875,"areaKm2":0.2684678,"populated2020":true,"population2020":84.9047,"populationNote":"2020年基準の国交省調整値"},"geometry":{"type":"Polygon","coordinates":[[[130.41875,33.4625],[130.41875,33.46666666666666],[130.425,33.46666666666667],[130.425,33.4625],[130.41875,33.4625]]]}},{"type":"Feature","id":"40231:503013543","properties":{"id":"40231:503013543","meshCode":"503013543","cityCode":"40231","city":"那珂川市","lat":33.4645833,"lon":130.428125,"areaKm2":0.2684674,"populated2020":true,"population2020":145.9845,"populationNote":"2020年基準の国交省調整値"},"geometry":{"type":"Polygon","coordinates":[[[130.425,33.4625],[130.425,33.46666666666667],[130.43125,33.46666666666667],[130.43125,33.4625],[130.425,33.4625]]]}},{"type":"Feature","id":"40231:503013544","properties":{"id":"40231:503013544","meshCode":"503013544","cityCode":"40231","city":"那珂川市","lat":33.4645833,"lon":130.434375,"areaKm2":0.2684669,"populated2020":true,"population2020":127.2528,"populationNote":"2020年基準の国交省調整値"},"geometry":{"type":"Polygon","coordinates":[[[130.43125,33.4625],[130.43125,33.46666666666667],[130.4375,33.46666666666667],[130.4375,33.4625],[130.43125,33.4625]]]}},{"type":"Feature","id":"40231:503013553","properties":{"id":"40231:503013553","meshCode":"503013553","cityCode":"40231","city":"那珂川市","lat":33.4645833,"lon":130.440625,"areaKm2":0.2684665,"populated2020":false,"population2020":null,"populationNote":"境界またぎ・原典収録外のため自治体内人口は未集計"},"geometry":{"type":"Polygon","coordinates":[[[130.4375,33.4625],[130.4375,33.46666666666667],[130.44375,33.466666666666676],[130.44375,33.4625],[130.4375,33.4625]]]}},{"type":"Feature","id":"40231:503013554","properties":{"id":"40231:503013554","meshCode":"503013554","cityCode":"40231","city":"那珂川市","lat":33.4645833,"lon":130.446875,"areaKm2":0.2684661,"populated2020":false,"population2020":null,"populationNote":"境界またぎ・原典収録外のため自治体内人口は未集計"},"geometry":{"type":"Polygon","coordinates":[[[130.44375,33.4625],[130.44375,33.466666666666676],[130.45,33.46666666666667],[130.45,33.4625],[130.44375,33.4625]]]}},{"type":"Feature","id":"40231:503013563","properties":{"id":"40231:503013563","meshCode":"503013563","cityCode":"40231","city":"那珂川市","lat":33.4645833,"lon":130.453125,"areaKm2":0.2684658,"populated2020":false,"population2020":null,"populationNote":"境界またぎ・原典収録外のため自治体内人口は未集計"},"geometry":{"type":"Polygon","coordinates":[[[130.45,33.4625],[130.45,33.46666666666667],[130.45625,33.466666666666676],[130.45625,33.4625],[130.45,33.4625]]]}},{"type":"Feature","id":"40231:503013564","properties":{"id":"40231:503013564","meshCode":"503013564","cityCode":"40231","city":"那珂川市","lat":33.4645833,"lon":130.459375,"areaKm2":0.2684654,"populated2020":false,"population2020":null,"populationNote":"境界またぎ・原典収録外のため自治体内人口は未集計"},"geometry":{"type":"Polygon","coordinates":[[[130.45625,33.4625],[130.45625,33.466666666666676],[130.4625,33.46666666666668],[130.4625,33.4625],[130.45625,33.4625]]]}},{"type":"Feature","id":"40231:503013573","properties":{"id":"40231:503013573","meshCode":"503013573","cityCode":"40231","city":"那珂川市","lat":33.4645175,"lon":130.4633863,"areaKm2":0.1030277,"populated2020":false,"population2020":null,"populationNote":"境界またぎ・原典収録外のため自治体内人口は未集計"},"geometry":{"type":"Polygon","coordinates":[[[130.4654807003104,33.466666666666676],[130.466257497,33.466351386999996],[130.46609083,33.465985559],[130.465619728,33.465383892],[130.464754994,33.46520833299999],[130.464358612,33.464948054000004],[130.464281115,33.46441166700001],[130.464531115,33.463590829],[130.464275551,33.462823054000005],[130.46436585012466,33.4625],[130.4625,33.4625],[130.4625,33.46666666666668],[130.4654807003104,33.466666666666676]]]}},{"type":"Feature","id":"40231:503013602","properties":{"id":"40231:503013602","meshCode":"503013602","cityCode":"40231","city":"那珂川市","lat":33.4689431,"lon":130.3867192,"areaKm2":0.0487263,"populated2020":false,"population2020":null,"populationNote":"境界またぎ・原典収録外のため自治体内人口は未集計"},"geometry":{"type":"Polygon","coordinates":[[[130.3875,33.46705476478858],[130.386981115,33.467470000000006],[130.385952776,33.468837225],[130.385993061,33.470030559],[130.38556999319212,33.47083333333333],[130.3875,33.470833333333324],[130.3875,33.46705476478858]]]}},{"type":"Feature","id":"40231:503013611","properties":{"id":"40231:503013611","meshCode":"503013611","cityCode":"40231","city":"那珂川市","lat":33.46875,"lon":130.390625,"areaKm2":0.267505,"populated2020":false,"population2020":null,"populationNote":"境界またぎ・原典収録外のため自治体内人口は未集計"},"geometry":{"type":"Polygon","coordinates":[[[130.387908949,33.466666667000005],[130.3875,33.46705476478858],[130.3875,33.470833333333324],[130.39375,33.47083333333333],[130.39375,33.466666666666676],[130.387908949,33.466666667000005]]]}},{"type":"Feature","id":"40231:503013612","properties":{"id":"40231:503013612","meshCode":"503013612","cityCode":"40231","city":"那珂川市","lat":33.46875,"lon":130.396875,"areaKm2":0.2684568,"populated2020":true,"population2020":1.9927,"populationNote":"2020年基準の国交省調整値"},"geometry":{"type":"Polygon","coordinates":[[[130.39375,33.466666666666676],[130.39375,33.47083333333333],[130.4,33.470833333333324],[130.4,33.46666666666667],[130.39375,33.466666666666676]]]}},{"type":"Feature","id":"40231:503013621","properties":{"id":"40231:503013621","meshCode":"503013621","cityCode":"40231","city":"那珂川市","lat":33.46875,"lon":130.403125,"areaKm2":0.2684564,"populated2020":true,"population2020":1.9809,"populationNote":"2020年基準の国交省調整値"},"geometry":{"type":"Polygon","coordinates":[[[130.4,33.46666666666667],[130.4,33.470833333333324],[130.40625,33.470833333333324],[130.40625,33.466666666666676],[130.4,33.46666666666667]]]}},{"type":"Feature","id":"40231:503013622","properties":{"id":"40231:503013622","meshCode":"503013622","cityCode":"40231","city":"那珂川市","lat":33.46875,"lon":130.409375,"areaKm2":0.2684559,"populated2020":true,"population2020":16.0446,"populationNote":"2020年基準の国交省調整値"},"geometry":{"type":"Polygon","coordinates":[[[130.40625,33.466666666666676],[130.40625,33.470833333333324],[130.4125,33.47083333333333],[130.4125,33.466666666666676],[130.40625,33.466666666666676]]]}},{"type":"Feature","id":"40231:503013631","properties":{"id":"40231:503013631","meshCode":"503013631","cityCode":"40231","city":"那珂川市","lat":33.46875,"lon":130.415625,"areaKm2":0.2684555,"populated2020":true,"population2020":127.1064,"populationNote":"2020年基準の国交省調整値"},"geometry":{"type":"Polygon","coordinates":[[[130.4125,33.466666666666676],[130.4125,33.47083333333333],[130.41875,33.470833333333324],[130.41875,33.46666666666666],[130.4125,33.466666666666676]]]}},{"type":"Feature","id":"40231:503013632","properties":{"id":"40231:503013632","meshCode":"503013632","cityCode":"40231","city":"那珂川市","lat":33.46875,"lon":130.421875,"areaKm2":0.2684551,"populated2020":true,"population2020":131.2615,"populationNote":"2020年基準の国交省調整値"},"geometry":{"type":"Polygon","coordinates":[[[130.41875,33.46666666666666],[130.41875,33.470833333333324],[130.425,33.47083333333333],[130.425,33.46666666666667],[130.41875,33.46666666666666]]]}},{"type":"Feature","id":"40231:503013641","properties":{"id":"40231:503013641","meshCode":"503013641","cityCode":"40231","city":"那珂川市","lat":33.46875,"lon":130.428125,"areaKm2":0.2684547,"populated2020":true,"population2020":87.2652,"populationNote":"2020年基準の国交省調整値"},"geometry":{"type":"Polygon","coordinates":[[[130.425,33.46666666666667],[130.425,33.47083333333333],[130.43125,33.470833333333324],[130.43125,33.46666666666667],[130.425,33.46666666666667]]]}},{"type":"Feature","id":"40231:503013642","properties":{"id":"40231:503013642","meshCode":"503013642","cityCode":"40231","city":"那珂川市","lat":33.46875,"lon":130.434375,"areaKm2":0.2684543,"populated2020":false,"population2020":null,"populationNote":"境界またぎ・原典収録外のため自治体内人口は未集計"},"geometry":{"type":"Polygon","coordinates":[[[130.43125,33.46666666666667],[130.43125,33.470833333333324],[130.4375,33.47083333333333],[130.4375,33.46666666666667],[130.43125,33.46666666666667]]]}},{"type":"Feature","id":"40231:503013651","properties":{"id":"40231:503013651","meshCode":"503013651","cityCode":"40231","city":"那珂川市","lat":33.46875,"lon":130.440625,"areaKm2":0.2684539,"populated2020":false,"population2020":null,"populationNote":"境界またぎ・原典収録外のため自治体内人口は未集計"},"geometry":{"type":"Polygon","coordinates":[[[130.4375,33.46666666666667],[130.4375,33.47083333333333],[130.44375,33.47083333333333],[130.44375,33.466666666666676],[130.4375,33.46666666666667]]]}},{"type":"Feature","id":"40231:503013652","properties":{"id":"40231:503013652","meshCode":"503013652","cityCode":"40231","city":"那珂川市","lat":33.46875,"lon":130.446875,"areaKm2":0.2684535,"populated2020":false,"population2020":null,"populationNote":"境界またぎ・原典収録外のため自治体内人口は未集計"},"geometry":{"type":"Polygon","coordinates":[[[130.44375,33.466666666666676],[130.44375,33.47083333333333],[130.45,33.47083333333333],[130.45,33.46666666666667],[130.44375,33.466666666666676]]]}},{"type":"Feature","id":"40231:503013661","properties":{"id":"40231:503013661","meshCode":"503013661","cityCode":"40231","city":"那珂川市","lat":33.46875,"lon":130.453125,"areaKm2":0.2664708,"populated2020":false,"population2020":null,"populationNote":"境界またぎ・原典収録外のため自治体内人口は未集計"},"geometry":{"type":"Polygon","coordinates":[[[130.45552524142866,33.47083333333333],[130.455828327,33.470549999999996],[130.45625,33.470468151907454],[130.45625,33.466666666666676],[130.45,33.46666666666667],[130.45,33.47083333333333],[130.45552524142866,33.47083333333333]]]}},{"type":"Feature","id":"40231:503013662","properties":{"id":"40231:503013662","meshCode":"503013662","cityCode":"40231","city":"那珂川市","lat":33.46875,"lon":130.459375,"areaKm2":0.251574,"populated2020":false,"population2020":null,"populationNote":"境界またぎ・原典収録外のため自治体内人口は未集計"},"geometry":{"type":"Polygon","coordinates":[[[130.45625,33.470468151907454],[130.457468327,33.47056694599999],[130.45810333300003,33.47041555900001],[130.45851500369636,33.470833333333324],[130.46035405320995,33.47083333333333],[130.460989728,33.470697225],[130.461704721,33.470271387],[130.46218166,33.47018500000001],[130.462325279,33.470030829],[130.462374163,33.46959055899999],[130.4625,33.46941148359098],[130.4625,33.46666666666668],[130.45625,33.466666666666676],[130.45625,33.470468151907454]]]}},{"type":"Feature","id":"40231:503013671","properties":{"id":"40231:503013671","meshCode":"503013671","cityCode":"40231","city":"那珂川市","lat":33.46875,"lon":130.465625,"areaKm2":0.0799032,"populated2020":false,"population2020":null,"populationNote":"境界またぎ・原典収録外のため自治体内人口は未集計"},"geometry":{"type":"Polygon","coordinates":[[[130.4625,33.46941148359098],[130.463008885,33.46898638700001],[130.463416939,33.468933333],[130.464838612,33.469518613],[130.465364163,33.469650828999995],[130.465490558,33.46961722499999],[130.465619728,33.469494441],[130.465803606,33.469032495],[130.465763333,33.468286387],[130.46528083,33.467978054],[130.465154449,33.467795279],[130.465269442,33.467039441],[130.4654807003104,33.466666666666676],[130.4625,33.46666666666668],[130.4625,33.46941148359098]]]}},{"type":"Feature","id":"40231:503013604","properties":{"id":"40231:503013604","meshCode":"503013604","cityCode":"40231","city":"那珂川市","lat":33.4729167,"lon":130.384375,"areaKm2":0.1283363,"populated2020":false,"population2020":null,"populationNote":"境界またぎ・原典収録外のため自治体内人口は未集計"},"geometry":{"type":"Polygon","coordinates":[[[130.38556999319212,33.47083333333333],[130.384789728,33.471915],[130.384703606,33.472218333],[130.384350272,33.47261527900001],[130.384327224,33.473568333],[130.384083061,33.474552775],[130.383398054,33.47500000000001],[130.3875,33.47500000000001],[130.3875,33.470833333333324],[130.38556999319212,33.47083333333333]]]}},{"type":"Feature","id":"40231:503013613","properties":{"id":"40231:503013613","meshCode":"503013613","cityCode":"40231","city":"那珂川市","lat":33.4729167,"lon":130.390625,"areaKm2":0.2684445,"populated2020":false,"population2020":null,"populationNote":"境界またぎ・原典収録外のため自治体内人口は未集計"},"geometry":{"type":"Polygon","coordinates":[[[130.3875,33.470833333333324],[130.3875,33.47500000000001],[130.39375,33.47500000000001],[130.39375,33.47083333333333],[130.3875,33.470833333333324]]]}},{"type":"Feature","id":"40231:503013614","properties":{"id":"40231:503013614","meshCode":"503013614","cityCode":"40231","city":"那珂川市","lat":33.4729167,"lon":130.396875,"areaKm2":0.2684441,"populated2020":true,"population2020":25.0273,"populationNote":"2020年基準の国交省調整値"},"geometry":{"type":"Polygon","coordinates":[[[130.39375,33.47083333333333],[130.39375,33.47500000000001],[130.4,33.475],[130.4,33.470833333333324],[130.39375,33.47083333333333]]]}},{"type":"Feature","id":"40231:503013623","properties":{"id":"40231:503013623","meshCode":"503013623","cityCode":"40231","city":"那珂川市","lat":33.4729167,"lon":130.403125,"areaKm2":0.2684437,"populated2020":true,"population2020":6.9683,"populationNote":"2020年基準の国交省調整値"},"geometry":{"type":"Polygon","coordinates":[[[130.4,33.470833333333324],[130.4,33.475],[130.40625,33.47500000000001],[130.40625,33.470833333333324],[130.4,33.470833333333324]]]}},{"type":"Feature","id":"40231:503013624","properties":{"id":"40231:503013624","meshCode":"503013624","cityCode":"40231","city":"那珂川市","lat":33.4729167,"lon":130.409375,"areaKm2":0.2684433,"populated2020":true,"population2020":111.1108,"populationNote":"2020年基準の国交省調整値"},"geometry":{"type":"Polygon","coordinates":[[[130.40625,33.470833333333324],[130.40625,33.47500000000001],[130.4125,33.47500000000001],[130.4125,33.47083333333333],[130.40625,33.470833333333324]]]}},{"type":"Feature","id":"40231:503013633","properties":{"id":"40231:503013633","meshCode":"503013633","cityCode":"40231","city":"那珂川市","lat":33.4729167,"lon":130.415625,"areaKm2":0.2684428,"populated2020":true,"population2020":124.075,"populationNote":"2020年基準の国交省調整値"},"geometry":{"type":"Polygon","coordinates":[[[130.4125,33.47083333333333],[130.4125,33.47500000000001],[130.41875,33.47500000000001],[130.41875,33.470833333333324],[130.4125,33.47083333333333]]]}},{"type":"Feature","id":"40231:503013634","properties":{"id":"40231:503013634","meshCode":"503013634","cityCode":"40231","city":"那珂川市","lat":33.4729167,"lon":130.421875,"areaKm2":0.2684424,"populated2020":true,"population2020":64.9305,"populationNote":"2020年基準の国交省調整値"},"geometry":{"type":"Polygon","coordinates":[[[130.41875,33.470833333333324],[130.41875,33.47500000000001],[130.425,33.47500000000001],[130.425,33.47083333333333],[130.41875,33.470833333333324]]]}},{"type":"Feature","id":"40231:503013643","properties":{"id":"40231:503013643","meshCode":"503013643","cityCode":"40231","city":"那珂川市","lat":33.4729167,"lon":130.428125,"areaKm2":0.268442,"populated2020":true,"population2020":22.1364,"populationNote":"2020年基準の国交省調整値"},"geometry":{"type":"Polygon","coordinates":[[[130.425,33.47083333333333],[130.425,33.47500000000001],[130.43125,33.47500000000001],[130.43125,33.470833333333324],[130.425,33.47083333333333]]]}},{"type":"Feature","id":"40231:503013644","properties":{"id":"40231:503013644","meshCode":"503013644","cityCode":"40231","city":"那珂川市","lat":33.4729167,"lon":130.434375,"areaKm2":0.2684416,"populated2020":false,"population2020":null,"populationNote":"境界またぎ・原典収録外のため自治体内人口は未集計"},"geometry":{"type":"Polygon","coordinates":[[[130.43125,33.470833333333324],[130.43125,33.47500000000001],[130.4375,33.475],[130.4375,33.47083333333333],[130.43125,33.470833333333324]]]}},{"type":"Feature","id":"40231:503013653","properties":{"id":"40231:503013653","meshCode":"503013653","cityCode":"40231","city":"那珂川市","lat":33.4729167,"lon":130.440625,"areaKm2":0.2684412,"populated2020":false,"population2020":null,"populationNote":"境界またぎ・原典収録外のため自治体内人口は未集計"},"geometry":{"type":"Polygon","coordinates":[[[130.4375,33.47083333333333],[130.4375,33.475],[130.44375,33.47500000000001],[130.44375,33.47083333333333],[130.4375,33.47083333333333]]]}},{"type":"Feature","id":"40231:503013654","properties":{"id":"40231:503013654","meshCode":"503013654","cityCode":"40231","city":"那珂川市","lat":33.4729167,"lon":130.446875,"areaKm2":0.2684408,"populated2020":false,"population2020":null,"populationNote":"境界またぎ・原典収録外のため自治体内人口は未集計"},"geometry":{"type":"Polygon","coordinates":[[[130.44375,33.47083333333333],[130.44375,33.47500000000001],[130.45,33.47500000000001],[130.45,33.47083333333333],[130.44375,33.47083333333333]]]}},{"type":"Feature","id":"40231:503013663","properties":{"id":"40231:503013663","meshCode":"503013663","cityCode":"40231","city":"那珂川市","lat":33.4729167,"lon":130.453125,"areaKm2":0.2148495,"populated2020":false,"population2020":null,"populationNote":"境界またぎ・原典収録外のため自治体内人口は未集計"},"geometry":{"type":"Polygon","coordinates":[[[130.454973502,33.47500000000001],[130.454156667,33.474655829],[130.45409917,33.474525829],[130.454581946,33.474126108],[130.454596109,33.473180279],[130.45521083,33.472905829],[130.45561,33.472249162],[130.45554083,33.471748613],[130.45532,33.471274441],[130.45552524142866,33.47083333333333],[130.45,33.47083333333333],[130.45,33.47500000000001],[130.454973502,33.47500000000001]]]}},{"type":"Feature","id":"40231:503013664","properties":{"id":"40231:503013664","meshCode":"503013664","cityCode":"40231","city":"那珂川市","lat":33.4709488,"lon":130.4592342,"areaKm2":0.0032645,"populated2020":false,"population2020":null,"populationNote":"境界またぎ・原典収録外のため自治体内人口は未集計"},"geometry":{"type":"Polygon","coordinates":[[[130.458657224,33.470995559],[130.459093891,33.47114472100001],[130.46035405320995,33.47083333333333],[130.45851500369636,33.470833333333324],[130.458657224,33.470995559]]]}},{"type":"Feature","id":"40231:503013702","properties":{"id":"40231:503013702","meshCode":"503013702","cityCode":"40231","city":"那珂川市","lat":33.4770833,"lon":130.384375,"areaKm2":0.2024413,"populated2020":false,"population2020":null,"populationNote":"境界またぎ・原典収録外のため自治体内人口は未集計"},"geometry":{"type":"Polygon","coordinates":[[[130.383333333,33.475037333],[130.383034721,33.47523861300001],[130.382893891,33.475462495],[130.382824994,33.476001667000006],[130.383129442,33.476343333],[130.383152503,33.47653555899999],[130.383048885,33.47681],[130.38260083,33.47733000000001],[130.382646939,33.477541667000004],[130.382899728,33.477859441],[130.382422776,33.478278054],[130.382457224,33.479058054],[130.38239664902068,33.479166666666664],[130.3875,33.479166666666664],[130.3875,33.47500000000001],[130.383333333,33.475037333]]]}},{"type":"Feature","id":"40231:503013711","properties":{"id":"40231:503013711","meshCode":"503013711","cityCode":"40231","city":"那珂川市","lat":33.4770833,"lon":130.390625,"areaKm2":0.2684319,"populated2020":false,"population2020":null,"populationNote":"境界またぎ・原典収録外のため自治体内人口は未集計"},"geometry":{"type":"Polygon","coordinates":[[[130.3875,33.47500000000001],[130.3875,33.479166666666664],[130.39375,33.479166666666664],[130.39375,33.47500000000001],[130.3875,33.47500000000001]]]}},{"type":"Feature","id":"40231:503013712","properties":{"id":"40231:503013712","meshCode":"503013712","cityCode":"40231","city":"那珂川市","lat":33.4770833,"lon":130.396875,"areaKm2":0.2684314,"populated2020":true,"population2020":28.9661,"populationNote":"2020年基準の国交省調整値"},"geometry":{"type":"Polygon","coordinates":[[[130.39375,33.47500000000001],[130.39375,33.479166666666664],[130.4,33.479166666666664],[130.4,33.475],[130.39375,33.47500000000001]]]}},{"type":"Feature","id":"40231:503013721","properties":{"id":"40231:503013721","meshCode":"503013721","cityCode":"40231","city":"那珂川市","lat":33.4770833,"lon":130.403125,"areaKm2":0.268431,"populated2020":false,"population2020":null,"populationNote":"境界またぎ・原典収録外のため自治体内人口は未集計"},"geometry":{"type":"Polygon","coordinates":[[[130.4,33.475],[130.4,33.479166666666664],[130.40625,33.479166666666664],[130.40625,33.47500000000001],[130.4,33.475]]]}},{"type":"Feature","id":"40231:503013722","properties":{"id":"40231:503013722","meshCode":"503013722","cityCode":"40231","city":"那珂川市","lat":33.4770833,"lon":130.409375,"areaKm2":0.2684306,"populated2020":true,"population2020":3.0298,"populationNote":"2020年基準の国交省調整値"},"geometry":{"type":"Polygon","coordinates":[[[130.40625,33.47500000000001],[130.40625,33.479166666666664],[130.4125,33.47916666666667],[130.4125,33.47500000000001],[130.40625,33.47500000000001]]]}},{"type":"Feature","id":"40231:503013731","properties":{"id":"40231:503013731","meshCode":"503013731","cityCode":"40231","city":"那珂川市","lat":33.4770833,"lon":130.415625,"areaKm2":0.2684302,"populated2020":true,"population2020":13.0085,"populationNote":"2020年基準の国交省調整値"},"geometry":{"type":"Polygon","coordinates":[[[130.4125,33.47500000000001],[130.4125,33.47916666666667],[130.41875,33.47916666666666],[130.41875,33.47500000000001],[130.4125,33.47500000000001]]]}},{"type":"Feature","id":"40231:503013732","properties":{"id":"40231:503013732","meshCode":"503013732","cityCode":"40231","city":"那珂川市","lat":33.4770833,"lon":130.421875,"areaKm2":0.2684298,"populated2020":false,"population2020":null,"populationNote":"境界またぎ・原典収録外のため自治体内人口は未集計"},"geometry":{"type":"Polygon","coordinates":[[[130.41875,33.47500000000001],[130.41875,33.47916666666666],[130.425,33.47916666666666],[130.425,33.47500000000001],[130.41875,33.47500000000001]]]}},{"type":"Feature","id":"40231:503013741","properties":{"id":"40231:503013741","meshCode":"503013741","cityCode":"40231","city":"那珂川市","lat":33.4770833,"lon":130.428125,"areaKm2":0.2684293,"populated2020":false,"population2020":null,"populationNote":"境界またぎ・原典収録外のため自治体内人口は未集計"},"geometry":{"type":"Polygon","coordinates":[[[130.425,33.47500000000001],[130.425,33.47916666666666],[130.43125,33.479166666666664],[130.43125,33.47500000000001],[130.425,33.47500000000001]]]}},{"type":"Feature","id":"40231:503013742","properties":{"id":"40231:503013742","meshCode":"503013742","cityCode":"40231","city":"那珂川市","lat":33.4770833,"lon":130.434375,"areaKm2":0.2684289,"populated2020":false,"population2020":null,"populationNote":"境界またぎ・原典収録外のため自治体内人口は未集計"},"geometry":{"type":"Polygon","coordinates":[[[130.43125,33.47500000000001],[130.43125,33.479166666666664],[130.4375,33.479166666666664],[130.4375,33.475],[130.43125,33.47500000000001]]]}},{"type":"Feature","id":"40231:503013751","properties":{"id":"40231:503013751","meshCode":"503013751","cityCode":"40231","city":"那珂川市","lat":33.4770833,"lon":130.440625,"areaKm2":0.2684285,"populated2020":false,"population2020":null,"populationNote":"境界またぎ・原典収録外のため自治体内人口は未集計"},"geometry":{"type":"Polygon","coordinates":[[[130.4375,33.475],[130.4375,33.479166666666664],[130.44375,33.479166666666664],[130.44375,33.47500000000001],[130.4375,33.475]]]}},{"type":"Feature","id":"40231:503013752","properties":{"id":"40231:503013752","meshCode":"503013752","cityCode":"40231","city":"那珂川市","lat":33.4770833,"lon":130.446875,"areaKm2":0.2684281,"populated2020":false,"population2020":null,"populationNote":"境界またぎ・原典収録外のため自治体内人口は未集計"},"geometry":{"type":"Polygon","coordinates":[[[130.44375,33.47500000000001],[130.44375,33.479166666666664],[130.45,33.47916666666667],[130.45,33.47500000000001],[130.44375,33.47500000000001]]]}},{"type":"Feature","id":"40231:503013761","properties":{"id":"40231:503013761","meshCode":"503013761","cityCode":"40231","city":"那珂川市","lat":33.4770833,"lon":130.453125,"areaKm2":0.2414835,"populated2020":false,"population2020":null,"populationNote":"境界またぎ・原典収録外のため自治体内人口は未集計"},"geometry":{"type":"Polygon","coordinates":[[[130.45430306100002,33.479134162],[130.45529138800003,33.478287225],[130.455458054,33.478061108000006],[130.455724994,33.477355829000004],[130.456098612,33.477091107999996],[130.456170272,33.47671833300001],[130.456069728,33.475729162],[130.455676109,33.475457225],[130.455417782,33.475149162],[130.454973502,33.47500000000001],[130.45,33.47500000000001],[130.45,33.47916666666667],[130.45430306100002,33.479134162]]]}},{"type":"Feature","id":"40231:503013704","properties":{"id":"40231:503013704","meshCode":"503013704","cityCode":"40231","city":"那珂川市","lat":33.48125,"lon":130.384375,"areaKm2":0.2602611,"populated2020":false,"population2020":null,"populationNote":"境界またぎ・原典収録外のため自治体内人口は未集計"},"geometry":{"type":"Polygon","coordinates":[[[130.382376667,33.47920249500001],[130.381710272,33.479385279],[130.381268054,33.48038138700001],[130.38141166,33.48256194599999],[130.38164710810176,33.483333333333334],[130.3875,33.483333333333334],[130.3875,33.479166666666664],[130.382376667,33.47920249500001]]]}},{"type":"Feature","id":"40231:503013713","properties":{"id":"40231:503013713","meshCode":"503013713","cityCode":"40231","city":"那珂川市","lat":33.48125,"lon":130.390625,"areaKm2":0.2684192,"populated2020":true,"population2020":6.9895,"populationNote":"2020年基準の国交省調整値"},"geometry":{"type":"Polygon","coordinates":[[[130.3875,33.479166666666664],[130.3875,33.483333333333334],[130.39375,33.483333333333334],[130.39375,33.479166666666664],[130.3875,33.479166666666664]]]}},{"type":"Feature","id":"40231:503013714","properties":{"id":"40231:503013714","meshCode":"503013714","cityCode":"40231","city":"那珂川市","lat":33.48125,"lon":130.396875,"areaKm2":0.2684188,"populated2020":true,"population2020":12.0263,"populationNote":"2020年基準の国交省調整値"},"geometry":{"type":"Polygon","coordinates":[[[130.39375,33.479166666666664],[130.39375,33.483333333333334],[130.4,33.483333333333334],[130.4,33.479166666666664],[130.39375,33.479166666666664]]]}},{"type":"Feature","id":"40231:503013723","properties":{"id":"40231:503013723","meshCode":"503013723","cityCode":"40231","city":"那珂川市","lat":33.48125,"lon":130.403125,"areaKm2":0.2684183,"populated2020":false,"population2020":null,"populationNote":"境界またぎ・原典収録外のため自治体内人口は未集計"},"geometry":{"type":"Polygon","coordinates":[[[130.4,33.479166666666664],[130.4,33.483333333333334],[130.40625,33.483333333333334],[130.40625,33.479166666666664],[130.4,33.479166666666664]]]}},{"type":"Feature","id":"40231:503013724","properties":{"id":"40231:503013724","meshCode":"503013724","cityCode":"40231","city":"那珂川市","lat":33.48125,"lon":130.409375,"areaKm2":0.2684179,"populated2020":true,"population2020":401.1732,"populationNote":"2020年基準の国交省調整値"},"geometry":{"type":"Polygon","coordinates":[[[130.40625,33.479166666666664],[130.40625,33.483333333333334],[130.4125,33.48333333333334],[130.4125,33.47916666666667],[130.40625,33.479166666666664]]]}},{"type":"Feature","id":"40231:503013733","properties":{"id":"40231:503013733","meshCode":"503013733","cityCode":"40231","city":"那珂川市","lat":33.48125,"lon":130.415625,"areaKm2":0.2684175,"populated2020":true,"population2020":96.8395,"populationNote":"2020年基準の国交省調整値"},"geometry":{"type":"Polygon","coordinates":[[[130.4125,33.47916666666667],[130.4125,33.48333333333334],[130.41875,33.483333333333334],[130.41875,33.47916666666666],[130.4125,33.47916666666667]]]}},{"type":"Feature","id":"40231:503013734","properties":{"id":"40231:503013734","meshCode":"503013734","cityCode":"40231","city":"那珂川市","lat":33.48125,"lon":130.421875,"areaKm2":0.2684171,"populated2020":true,"population2020":73.2143,"populationNote":"2020年基準の国交省調整値"},"geometry":{"type":"Polygon","coordinates":[[[130.41875,33.47916666666666],[130.41875,33.483333333333334],[130.425,33.48333333333334],[130.425,33.47916666666666],[130.41875,33.47916666666666]]]}},{"type":"Feature","id":"40231:503013743","properties":{"id":"40231:503013743","meshCode":"503013743","cityCode":"40231","city":"那珂川市","lat":33.48125,"lon":130.428125,"areaKm2":0.2684167,"populated2020":false,"population2020":null,"populationNote":"境界またぎ・原典収録外のため自治体内人口は未集計"},"geometry":{"type":"Polygon","coordinates":[[[130.425,33.47916666666666],[130.425,33.48333333333334],[130.43125,33.483333333333334],[130.43125,33.479166666666664],[130.425,33.47916666666666]]]}},{"type":"Feature","id":"40231:503013744","properties":{"id":"40231:503013744","meshCode":"503013744","cityCode":"40231","city":"那珂川市","lat":33.48125,"lon":130.434375,"areaKm2":0.2684163,"populated2020":false,"population2020":null,"populationNote":"境界またぎ・原典収録外のため自治体内人口は未集計"},"geometry":{"type":"Polygon","coordinates":[[[130.43125,33.479166666666664],[130.43125,33.483333333333334],[130.4375,33.483333333333334],[130.4375,33.479166666666664],[130.43125,33.479166666666664]]]}},{"type":"Feature","id":"40231:503013753","properties":{"id":"40231:503013753","meshCode":"503013753","cityCode":"40231","city":"那珂川市","lat":33.48125,"lon":130.440625,"areaKm2":0.2684159,"populated2020":false,"population2020":null,"populationNote":"境界またぎ・原典収録外のため自治体内人口は未集計"},"geometry":{"type":"Polygon","coordinates":[[[130.4375,33.479166666666664],[130.4375,33.483333333333334],[130.44375,33.48333333333333],[130.44375,33.479166666666664],[130.4375,33.479166666666664]]]}},{"type":"Feature","id":"40231:503013754","properties":{"id":"40231:503013754","meshCode":"503013754","cityCode":"40231","city":"那珂川市","lat":33.48125,"lon":130.446875,"areaKm2":0.2684155,"populated2020":false,"population2020":null,"populationNote":"境界またぎ・原典収録外のため自治体内人口は未集計"},"geometry":{"type":"Polygon","coordinates":[[[130.44375,33.479166666666664],[130.44375,33.48333333333333],[130.45,33.483333333333334],[130.45,33.47916666666667],[130.44375,33.479166666666664]]]}},{"type":"Feature","id":"40231:503013763","properties":{"id":"40231:503013763","meshCode":"503013763","cityCode":"40231","city":"那珂川市","lat":33.48125,"lon":130.453125,"areaKm2":0.146236,"populated2020":false,"population2020":null,"populationNote":"境界またぎ・原典収録外のため自治体内人口は未集計"},"geometry":{"type":"Polygon","coordinates":[[[130.453387328,33.483333333],[130.453438885,33.48311249499999],[130.453004994,33.48232527900001],[130.45297917,33.481740559],[130.453493333,33.480915],[130.453628327,33.480007775],[130.45426789481016,33.47916666666666],[130.45,33.47916666666667],[130.45,33.483333333333334],[130.453387328,33.483333333]]]}},{"type":"Feature","id":"40231:503013801","properties":{"id":"40231:503013801","meshCode":"503013801","cityCode":"40231","city":"那珂川市","lat":33.4857142,"lon":130.3812474,"areaKm2":6.6e-06,"populated2020":false,"population2020":null,"populationNote":"境界またぎ・原典収録外のため自治体内人口は未集計"},"geometry":{"type":"MultiPolygon","coordinates":[[[[130.381239442,33.485671387000004],[130.38125,33.48575708096688],[130.38125,33.48564326267244],[130.381239442,33.485671387000004]]],[[[130.38124354206138,33.4875],[130.38125,33.4875],[130.38125,33.487489085358305],[130.38124354206138,33.4875]]]]}},{"type":"Feature","id":"40231:503013802","properties":{"id":"40231:503013802","meshCode":"503013802","cityCode":"40231","city":"那珂川市","lat":33.4854167,"lon":130.384375,"areaKm2":0.2582264,"populated2020":true,"population2020":15.1209,"populationNote":"2020年基準の国交省調整値"},"geometry":{"type":"Polygon","coordinates":[[[130.381853891,33.484010829],[130.38125,33.48564326267244],[130.38141778200003,33.48712027900001],[130.38125,33.4875],[130.3875,33.48749999999999],[130.3875,33.483333333333334],[130.38164710810176,33.483333333333334],[130.381853891,33.484010829]]]}},{"type":"Feature","id":"40231:503013811","properties":{"id":"40231:503013811","meshCode":"503013811","cityCode":"40231","city":"那珂川市","lat":33.4854167,"lon":130.390625,"areaKm2":0.2684065,"populated2020":true,"population2020":53.0109,"populationNote":"2020年基準の国交省調整値"},"geometry":{"type":"Polygon","coordinates":[[[130.3875,33.483333333333334],[130.3875,33.48749999999999],[130.39375,33.487500000000004],[130.39375,33.483333333333334],[130.3875,33.483333333333334]]]}},{"type":"Feature","id":"40231:503013812","properties":{"id":"40231:503013812","meshCode":"503013812","cityCode":"40231","city":"那珂川市","lat":33.4854167,"lon":130.396875,"areaKm2":0.2684061,"populated2020":true,"population2020":14.1518,"populationNote":"2020年基準の国交省調整値"},"geometry":{"type":"Polygon","coordinates":[[[130.39375,33.483333333333334],[130.39375,33.487500000000004],[130.4,33.4875],[130.4,33.483333333333334],[130.39375,33.483333333333334]]]}},{"type":"Feature","id":"40231:503013821","properties":{"id":"40231:503013821","meshCode":"503013821","cityCode":"40231","city":"那珂川市","lat":33.4854167,"lon":130.403125,"areaKm2":0.2684057,"populated2020":false,"population2020":null,"populationNote":"境界またぎ・原典収録外のため自治体内人口は未集計"},"geometry":{"type":"Polygon","coordinates":[[[130.4,33.483333333333334],[130.4,33.4875],[130.40625,33.487500000000004],[130.40625,33.483333333333334],[130.4,33.483333333333334]]]}},{"type":"Feature","id":"40231:503013822","properties":{"id":"40231:503013822","meshCode":"503013822","cityCode":"40231","city":"那珂川市","lat":33.4854167,"lon":130.409375,"areaKm2":0.2684052,"populated2020":true,"population2020":130.0112,"populationNote":"2020年基準の国交省調整値"},"geometry":{"type":"Polygon","coordinates":[[[130.40625,33.483333333333334],[130.40625,33.487500000000004],[130.4125,33.4875],[130.4125,33.48333333333334],[130.40625,33.483333333333334]]]}},{"type":"Feature","id":"40231:503013831","properties":{"id":"40231:503013831","meshCode":"503013831","cityCode":"40231","city":"那珂川市","lat":33.4854167,"lon":130.415625,"areaKm2":0.2684048,"populated2020":true,"population2020":514.5134,"populationNote":"2020年基準の国交省調整値"},"geometry":{"type":"Polygon","coordinates":[[[130.4125,33.48333333333334],[130.4125,33.4875],[130.41875,33.48749999999999],[130.41875,33.483333333333334],[130.4125,33.48333333333334]]]}},{"type":"Feature","id":"40231:503013832","properties":{"id":"40231:503013832","meshCode":"503013832","cityCode":"40231","city":"那珂川市","lat":33.4854167,"lon":130.421875,"areaKm2":0.2684044,"populated2020":true,"population2020":432.6032,"populationNote":"2020年基準の国交省調整値"},"geometry":{"type":"Polygon","coordinates":[[[130.41875,33.483333333333334],[130.41875,33.48749999999999],[130.425,33.4875],[130.425,33.48333333333334],[130.41875,33.483333333333334]]]}},{"type":"Feature","id":"40231:503013841","properties":{"id":"40231:503013841","meshCode":"503013841","cityCode":"40231","city":"那珂川市","lat":33.4854167,"lon":130.428125,"areaKm2":0.268404,"populated2020":false,"population2020":null,"populationNote":"境界またぎ・原典収録外のため自治体内人口は未集計"},"geometry":{"type":"Polygon","coordinates":[[[130.425,33.48333333333334],[130.425,33.4875],[130.43125,33.4875],[130.43125,33.483333333333334],[130.425,33.48333333333334]]]}},{"type":"Feature","id":"40231:503013842","properties":{"id":"40231:503013842","meshCode":"503013842","cityCode":"40231","city":"那珂川市","lat":33.4854167,"lon":130.434375,"areaKm2":0.2684036,"populated2020":false,"population2020":null,"populationNote":"境界またぎ・原典収録外のため自治体内人口は未集計"},"geometry":{"type":"Polygon","coordinates":[[[130.43125,33.483333333333334],[130.43125,33.4875],[130.4375,33.4875],[130.4375,33.483333333333334],[130.43125,33.483333333333334]]]}},{"type":"Feature","id":"40231:503013851","properties":{"id":"40231:503013851","meshCode":"503013851","cityCode":"40231","city":"那珂川市","lat":33.4854167,"lon":130.440625,"areaKm2":0.2684032,"populated2020":true,"population2020":26.0944,"populationNote":"2020年基準の国交省調整値"},"geometry":{"type":"Polygon","coordinates":[[[130.4375,33.483333333333334],[130.4375,33.4875],[130.44375,33.4875],[130.44375,33.48333333333333],[130.4375,33.483333333333334]]]}},{"type":"Feature","id":"40231:503013852","properties":{"id":"40231:503013852","meshCode":"503013852","cityCode":"40231","city":"那珂川市","lat":33.4854167,"lon":130.446875,"areaKm2":0.2684028,"populated2020":false,"population2020":null,"populationNote":"境界またぎ・原典収録外のため自治体内人口は未集計"},"geometry":{"type":"Polygon","coordinates":[[[130.44375,33.48333333333333],[130.44375,33.4875],[130.45,33.48749999999999],[130.45,33.483333333333334],[130.44375,33.48333333333333]]]}},{"type":"Feature","id":"40231:503013861","properties":{"id":"40231:503013861","meshCode":"503013861","cityCode":"40231","city":"那珂川市","lat":33.4854238,"lon":130.4512117,"areaKm2":0.1173397,"populated2020":false,"population2020":null,"populationNote":"境界またぎ・原典収録外のため自治体内人口は未集計"},"geometry":{"type":"Polygon","coordinates":[[[130.452548612,33.487078333],[130.452307224,33.486563054],[130.452201115,33.485660559],[130.452338885,33.48545361299999],[130.452789728,33.485350559],[130.452984994,33.485177225],[130.452984994,33.484662225],[130.45338732787943,33.483333333333334],[130.45,33.483333333333334],[130.45,33.48749999999999],[130.45290104034154,33.4875],[130.452548612,33.487078333]]]}},{"type":"Feature","id":"40231:503013803","properties":{"id":"40231:503013803","meshCode":"503013803","cityCode":"40231","city":"那珂川市","lat":33.4896887,"lon":130.3808376,"areaKm2":0.032041,"populated2020":false,"population2020":null,"populationNote":"境界またぎ・原典収録外のため自治体内人口は未集計"},"geometry":{"type":"Polygon","coordinates":[[[130.38125,33.4875],[130.380929442,33.488106946],[130.381078612,33.488819162],[130.380303061,33.489844441],[130.379883606,33.491023892],[130.3797840600516,33.49166666666667],[130.38125,33.491666666666674],[130.38125,33.4875]]]}},{"type":"Feature","id":"40231:503013804","properties":{"id":"40231:503013804","meshCode":"503013804","cityCode":"40231","city":"那珂川市","lat":33.4895833,"lon":130.384375,"areaKm2":0.2683943,"populated2020":false,"population2020":null,"populationNote":"境界またぎ・原典収録外のため自治体内人口は未集計"},"geometry":{"type":"Polygon","coordinates":[[[130.38125,33.4875],[130.38125,33.491666666666674],[130.3875,33.491666666666674],[130.3875,33.48749999999999],[130.38125,33.4875]]]}},{"type":"Feature","id":"40231:503013813","properties":{"id":"40231:503013813","meshCode":"503013813","cityCode":"40231","city":"那珂川市","lat":33.4895833,"lon":130.390625,"areaKm2":0.2683939,"populated2020":true,"population2020":53.886,"populationNote":"2020年基準の国交省調整値"},"geometry":{"type":"Polygon","coordinates":[[[130.3875,33.48749999999999],[130.3875,33.491666666666674],[130.39375,33.49166666666667],[130.39375,33.487500000000004],[130.3875,33.48749999999999]]]}},{"type":"Feature","id":"40231:503013814","properties":{"id":"40231:503013814","meshCode":"503013814","cityCode":"40231","city":"那珂川市","lat":33.4895833,"lon":130.396875,"areaKm2":0.2683934,"populated2020":true,"population2020":85.2005,"populationNote":"2020年基準の国交省調整値"},"geometry":{"type":"Polygon","coordinates":[[[130.39375,33.487500000000004],[130.39375,33.49166666666667],[130.4,33.491666666666674],[130.4,33.4875],[130.39375,33.487500000000004]]]}},{"type":"Feature","id":"40231:503013823","properties":{"id":"40231:503013823","meshCode":"503013823","cityCode":"40231","city":"那珂川市","lat":33.4895833,"lon":130.403125,"areaKm2":0.268393,"populated2020":false,"population2020":null,"populationNote":"境界またぎ・原典収録外のため自治体内人口は未集計"},"geometry":{"type":"Polygon","coordinates":[[[130.4,33.4875],[130.4,33.491666666666674],[130.40625,33.491666666666674],[130.40625,33.487500000000004],[130.4,33.4875]]]}},{"type":"Feature","id":"40231:503013824","properties":{"id":"40231:503013824","meshCode":"503013824","cityCode":"40231","city":"那珂川市","lat":33.4895833,"lon":130.409375,"areaKm2":0.2683926,"populated2020":true,"population2020":7.0217,"populationNote":"2020年基準の国交省調整値"},"geometry":{"type":"Polygon","coordinates":[[[130.40625,33.487500000000004],[130.40625,33.491666666666674],[130.4125,33.491666666666674],[130.4125,33.4875],[130.40625,33.487500000000004]]]}},{"type":"Feature","id":"40231:503013833","properties":{"id":"40231:503013833","meshCode":"503013833","cityCode":"40231","city":"那珂川市","lat":33.4895833,"lon":130.415625,"areaKm2":0.2683922,"populated2020":true,"population2020":220.2655,"populationNote":"2020年基準の国交省調整値"},"geometry":{"type":"Polygon","coordinates":[[[130.4125,33.4875],[130.4125,33.491666666666674],[130.41875,33.491666666666674],[130.41875,33.48749999999999],[130.4125,33.4875]]]}},{"type":"Feature","id":"40231:503013834","properties":{"id":"40231:503013834","meshCode":"503013834","cityCode":"40231","city":"那珂川市","lat":33.4895833,"lon":130.421875,"areaKm2":0.2683917,"populated2020":true,"population2020":94.2506,"populationNote":"2020年基準の国交省調整値"},"geometry":{"type":"Polygon","coordinates":[[[130.41875,33.48749999999999],[130.41875,33.491666666666674],[130.425,33.49166666666667],[130.425,33.4875],[130.41875,33.48749999999999]]]}},{"type":"Feature","id":"40231:503013843","properties":{"id":"40231:503013843","meshCode":"503013843","cityCode":"40231","city":"那珂川市","lat":33.4895833,"lon":130.428125,"areaKm2":0.2683913,"populated2020":true,"population2020":101.2377,"populationNote":"2020年基準の国交省調整値"},"geometry":{"type":"Polygon","coordinates":[[[130.425,33.4875],[130.425,33.49166666666667],[130.43125,33.49166666666667],[130.43125,33.4875],[130.425,33.4875]]]}},{"type":"Feature","id":"40231:503013844","properties":{"id":"40231:503013844","meshCode":"503013844","cityCode":"40231","city":"那珂川市","lat":33.4895833,"lon":130.434375,"areaKm2":0.2683909,"populated2020":false,"population2020":null,"populationNote":"境界またぎ・原典収録外のため自治体内人口は未集計"},"geometry":{"type":"Polygon","coordinates":[[[130.43125,33.4875],[130.43125,33.49166666666667],[130.4375,33.49166666666667],[130.4375,33.4875],[130.43125,33.4875]]]}},{"type":"Feature","id":"40231:503013853","properties":{"id":"40231:503013853","meshCode":"503013853","cityCode":"40231","city":"那珂川市","lat":33.4895833,"lon":130.440625,"areaKm2":0.2683905,"populated2020":true,"population2020":176.4727,"populationNote":"2020年基準の国交省調整値"},"geometry":{"type":"Polygon","coordinates":[[[130.4375,33.4875],[130.4375,33.49166666666667],[130.44375,33.49166666666667],[130.44375,33.4875],[130.4375,33.4875]]]}},{"type":"Feature","id":"40231:503013854","properties":{"id":"40231:503013854","meshCode":"503013854","cityCode":"40231","city":"那珂川市","lat":33.4895833,"lon":130.446875,"areaKm2":0.2683901,"populated2020":false,"population2020":null,"populationNote":"境界またぎ・原典収録外のため自治体内人口は未集計"},"geometry":{"type":"Polygon","coordinates":[[[130.44375,33.4875],[130.44375,33.49166666666667],[130.45,33.491666666666674],[130.45,33.48749999999999],[130.44375,33.4875]]]}},{"type":"Feature","id":"40231:503013863","properties":{"id":"40231:503013863","meshCode":"503013863","cityCode":"40231","city":"那珂川市","lat":33.4895833,"lon":130.453125,"areaKm2":0.1233444,"populated2020":false,"population2020":null,"populationNote":"境界またぎ・原典収録外のため自治体内人口は未集計"},"geometry":{"type":"Polygon","coordinates":[[[130.45153791200548,33.49166666666667],[130.451577782,33.491159721],[130.451721388,33.490928613],[130.45203166,33.49087555900002],[130.452462503,33.49091916199999],[130.452634721,33.490861387],[130.452743891,33.49071222500001],[130.452904721,33.490250278999994],[130.45322917,33.4898],[130.453444449,33.48896527899999],[130.45341,33.48846444099999],[130.45290104034154,33.4875],[130.45,33.48749999999999],[130.45,33.491666666666674],[130.45153791200548,33.49166666666667]]]}},{"type":"Feature","id":"40231:503013901","properties":{"id":"40231:503013901","meshCode":"503013901","cityCode":"40231","city":"那珂川市","lat":33.4936854,"lon":130.3800182,"areaKm2":0.0881893,"populated2020":false,"population2020":null,"populationNote":"境界またぎ・原典収録外のため自治体内人口は未集計"},"geometry":{"type":"Polygon","coordinates":[[[130.37978406,33.491666667000004],[130.379648327,33.492116387],[130.37872333300004,33.493006667],[130.378619728,33.493199162],[130.378700272,33.493574721],[130.379165551,33.494080278999995],[130.379326394,33.494571108],[130.379372503,33.494975559000004],[130.37924674978268,33.49583333333333],[130.38125,33.49583333333334],[130.38125,33.491666666666674],[130.37978406,33.491666667000004]]]}},{"type":"Feature","id":"40231:503013902","properties":{"id":"40231:503013902","meshCode":"503013902","cityCode":"40231","city":"那珂川市","lat":33.49375,"lon":130.384375,"areaKm2":0.2683816,"populated2020":false,"population2020":null,"populationNote":"境界またぎ・原典収録外のため自治体内人口は未集計"},"geometry":{"type":"Polygon","coordinates":[[[130.38125,33.491666666666674],[130.38125,33.49583333333334],[130.3875,33.49583333333334],[130.3875,33.491666666666674],[130.38125,33.491666666666674]]]}},{"type":"Feature","id":"40231:503013911","properties":{"id":"40231:503013911","meshCode":"503013911","cityCode":"40231","city":"那珂川市","lat":33.49375,"lon":130.390625,"areaKm2":0.2683812,"populated2020":true,"population2020":35.0092,"populationNote":"2020年基準の国交省調整値"},"geometry":{"type":"Polygon","coordinates":[[[130.3875,33.491666666666674],[130.3875,33.49583333333334],[130.39375,33.49583333333333],[130.39375,33.49166666666667],[130.3875,33.491666666666674]]]}},{"type":"Feature","id":"40231:503013912","properties":{"id":"40231:503013912","meshCode":"503013912","cityCode":"40231","city":"那珂川市","lat":33.49375,"lon":130.396875,"areaKm2":0.2683808,"populated2020":false,"population2020":null,"populationNote":"境界またぎ・原典収録外のため自治体内人口は未集計"},"geometry":{"type":"Polygon","coordinates":[[[130.39375,33.49166666666667],[130.39375,33.49583333333333],[130.4,33.49583333333334],[130.4,33.491666666666674],[130.39375,33.49166666666667]]]}},{"type":"Feature","id":"40231:503013921","properties":{"id":"40231:503013921","meshCode":"503013921","cityCode":"40231","city":"那珂川市","lat":33.49375,"lon":130.403125,"areaKm2":0.2683803,"populated2020":false,"population2020":null,"populationNote":"境界またぎ・原典収録外のため自治体内人口は未集計"},"geometry":{"type":"Polygon","coordinates":[[[130.4,33.491666666666674],[130.4,33.49583333333334],[130.40625,33.49583333333333],[130.40625,33.491666666666674],[130.4,33.491666666666674]]]}},{"type":"Feature","id":"40231:503013922","properties":{"id":"40231:503013922","meshCode":"503013922","cityCode":"40231","city":"那珂川市","lat":33.49375,"lon":130.409375,"areaKm2":0.2683799,"populated2020":false,"population2020":null,"populationNote":"境界またぎ・原典収録外のため自治体内人口は未集計"},"geometry":{"type":"Polygon","coordinates":[[[130.40625,33.491666666666674],[130.40625,33.49583333333333],[130.4125,33.49583333333334],[130.4125,33.491666666666674],[130.40625,33.491666666666674]]]}},{"type":"Feature","id":"40231:503013931","properties":{"id":"40231:503013931","meshCode":"503013931","cityCode":"40231","city":"那珂川市","lat":33.49375,"lon":130.415625,"areaKm2":0.2683795,"populated2020":true,"population2020":224.1383,"populationNote":"2020年基準の国交省調整値"},"geometry":{"type":"Polygon","coordinates":[[[130.4125,33.491666666666674],[130.4125,33.49583333333334],[130.41875,33.49583333333333],[130.41875,33.491666666666674],[130.4125,33.491666666666674]]]}},{"type":"Feature","id":"40231:503013932","properties":{"id":"40231:503013932","meshCode":"503013932","cityCode":"40231","city":"那珂川市","lat":33.49375,"lon":130.421875,"areaKm2":0.2683791,"populated2020":true,"population2020":126.1922,"populationNote":"2020年基準の国交省調整値"},"geometry":{"type":"Polygon","coordinates":[[[130.41875,33.491666666666674],[130.41875,33.49583333333333],[130.425,33.49583333333334],[130.425,33.49166666666667],[130.41875,33.491666666666674]]]}},{"type":"Feature","id":"40231:503013941","properties":{"id":"40231:503013941","meshCode":"503013941","cityCode":"40231","city":"那珂川市","lat":33.49375,"lon":130.428125,"areaKm2":0.2683787,"populated2020":true,"population2020":83.7999,"populationNote":"2020年基準の国交省調整値"},"geometry":{"type":"Polygon","coordinates":[[[130.425,33.49166666666667],[130.425,33.49583333333334],[130.43125,33.49583333333334],[130.43125,33.49166666666667],[130.425,33.49166666666667]]]}},{"type":"Feature","id":"40231:503013942","properties":{"id":"40231:503013942","meshCode":"503013942","cityCode":"40231","city":"那珂川市","lat":33.49375,"lon":130.434375,"areaKm2":0.2683782,"populated2020":true,"population2020":75.2871,"populationNote":"2020年基準の国交省調整値"},"geometry":{"type":"Polygon","coordinates":[[[130.43125,33.49166666666667],[130.43125,33.49583333333334],[130.4375,33.49583333333333],[130.4375,33.49166666666667],[130.43125,33.49166666666667]]]}},{"type":"Feature","id":"40231:503013951","properties":{"id":"40231:503013951","meshCode":"503013951","cityCode":"40231","city":"那珂川市","lat":33.49375,"lon":130.440625,"areaKm2":0.2683778,"populated2020":true,"population2020":123.8784,"populationNote":"2020年基準の国交省調整値"},"geometry":{"type":"Polygon","coordinates":[[[130.4375,33.49166666666667],[130.4375,33.49583333333333],[130.44375,33.49583333333333],[130.44375,33.49166666666667],[130.4375,33.49166666666667]]]}},{"type":"Feature","id":"40231:503013952","properties":{"id":"40231:503013952","meshCode":"503013952","cityCode":"40231","city":"那珂川市","lat":33.49375,"lon":130.446875,"areaKm2":0.2683774,"populated2020":false,"population2020":null,"populationNote":"境界またぎ・原典収録外のため自治体内人口は未集計"},"geometry":{"type":"Polygon","coordinates":[[[130.44375,33.49166666666667],[130.44375,33.49583333333333],[130.45,33.49583333333333],[130.45,33.491666666666674],[130.44375,33.49166666666667]]]}},{"type":"Feature","id":"40231:503013961","properties":{"id":"40231:503013961","meshCode":"503013961","cityCode":"40231","city":"那珂川市","lat":33.4937573,"lon":130.4506323,"areaKm2":0.0493189,"populated2020":false,"population2020":null,"populationNote":"境界またぎ・原典収録外のため自治体内人口は未集計"},"geometry":{"type":"Polygon","coordinates":[[[130.45131398358006,33.49583333333333],[130.450894449,33.495424162],[130.45075083,33.49510666700001],[130.451267497,33.494235279],[130.45126166,33.493729720999994],[130.451109442,33.49322694599999],[130.451072218,33.492743333],[130.451186939,33.49239666700001],[130.45151166,33.492004441],[130.45153791200548,33.49166666666667],[130.45,33.491666666666674],[130.45,33.49583333333333],[130.45131398358006,33.49583333333333]]]}},{"type":"Feature","id":"40231:503013903","properties":{"id":"40231:503013903","meshCode":"503013903","cityCode":"40231","city":"那珂川市","lat":33.4979167,"lon":130.378125,"areaKm2":0.1469294,"populated2020":false,"population2020":null,"populationNote":"境界またぎ・原典収録外のため自治体内人口は未集計"},"geometry":{"type":"Polygon","coordinates":[[[130.379240272,33.495856387],[130.379113891,33.496193333],[130.378522218,33.496939162],[130.378378612,33.497492775],[130.378114449,33.497868333],[130.37760888500003,33.49840722500001],[130.376396667,33.49943222499999],[130.376085357,33.49999999999999],[130.38125,33.5],[130.38125,33.49583333333334],[130.379240272,33.495856387]]]}},{"type":"Feature","id":"40231:503013904","properties":{"id":"40231:503013904","meshCode":"503013904","cityCode":"40231","city":"那珂川市","lat":33.4979167,"lon":130.384375,"areaKm2":0.2683689,"populated2020":false,"population2020":null,"populationNote":"境界またぎ・原典収録外のため自治体内人口は未集計"},"geometry":{"type":"Polygon","coordinates":[[[130.38125,33.49583333333334],[130.38125,33.5],[130.3875,33.50000000000001],[130.3875,33.49583333333334],[130.38125,33.49583333333334]]]}},{"type":"Feature","id":"40231:503013913","properties":{"id":"40231:503013913","meshCode":"503013913","cityCode":"40231","city":"那珂川市","lat":33.4979167,"lon":130.390625,"areaKm2":0.2683685,"populated2020":false,"population2020":null,"populationNote":"境界またぎ・原典収録外のため自治体内人口は未集計"},"geometry":{"type":"Polygon","coordinates":[[[130.3875,33.49583333333334],[130.3875,33.50000000000001],[130.39375,33.49999999999999],[130.39375,33.49583333333333],[130.3875,33.49583333333334]]]}},{"type":"Feature","id":"40231:503013914","properties":{"id":"40231:503013914","meshCode":"503013914","cityCode":"40231","city":"那珂川市","lat":33.4979167,"lon":130.396875,"areaKm2":0.2683681,"populated2020":true,"population2020":1.008,"populationNote":"2020年基準の国交省調整値"},"geometry":{"type":"Polygon","coordinates":[[[130.39375,33.49583333333333],[130.39375,33.49999999999999],[130.4,33.5],[130.4,33.49583333333334],[130.39375,33.49583333333333]]]}},{"type":"Feature","id":"40231:503013923","properties":{"id":"40231:503013923","meshCode":"503013923","cityCode":"40231","city":"那珂川市","lat":33.4979167,"lon":130.403125,"areaKm2":0.2683676,"populated2020":false,"population2020":null,"populationNote":"境界またぎ・原典収録外のため自治体内人口は未集計"},"geometry":{"type":"Polygon","coordinates":[[[130.4,33.49583333333334],[130.4,33.5],[130.40625,33.5],[130.40625,33.49583333333333],[130.4,33.49583333333334]]]}},{"type":"Feature","id":"40231:503013924","properties":{"id":"40231:503013924","meshCode":"503013924","cityCode":"40231","city":"那珂川市","lat":33.4979167,"lon":130.409375,"areaKm2":0.2683672,"populated2020":true,"population2020":37.1079,"populationNote":"2020年基準の国交省調整値"},"geometry":{"type":"Polygon","coordinates":[[[130.40625,33.49583333333333],[130.40625,33.5],[130.4125,33.5],[130.4125,33.49583333333334],[130.40625,33.49583333333333]]]}},{"type":"Feature","id":"40231:503013933","properties":{"id":"40231:503013933","meshCode":"503013933","cityCode":"40231","city":"那珂川市","lat":33.4979167,"lon":130.415625,"areaKm2":0.2683668,"populated2020":true,"population2020":17.9617,"populationNote":"2020年基準の国交省調整値"},"geometry":{"type":"Polygon","coordinates":[[[130.4125,33.49583333333334],[130.4125,33.5],[130.41875,33.5],[130.41875,33.49583333333333],[130.4125,33.49583333333334]]]}},{"type":"Feature","id":"40231:503013934","properties":{"id":"40231:503013934","meshCode":"503013934","cityCode":"40231","city":"那珂川市","lat":33.4979167,"lon":130.421875,"areaKm2":0.2683664,"populated2020":true,"population2020":319.6599,"populationNote":"2020年基準の国交省調整値"},"geometry":{"type":"Polygon","coordinates":[[[130.41875,33.49583333333333],[130.41875,33.5],[130.425,33.5],[130.425,33.49583333333334],[130.41875,33.49583333333333]]]}},{"type":"Feature","id":"40231:503013943","properties":{"id":"40231:503013943","meshCode":"503013943","cityCode":"40231","city":"那珂川市","lat":33.4979167,"lon":130.428125,"areaKm2":0.268366,"populated2020":true,"population2020":470.6486,"populationNote":"2020年基準の国交省調整値"},"geometry":{"type":"Polygon","coordinates":[[[130.425,33.49583333333334],[130.425,33.5],[130.43125,33.49999999999999],[130.43125,33.49583333333334],[130.425,33.49583333333334]]]}},{"type":"Feature","id":"40231:503013944","properties":{"id":"40231:503013944","meshCode":"503013944","cityCode":"40231","city":"那珂川市","lat":33.4979167,"lon":130.434375,"areaKm2":0.2683656,"populated2020":true,"population2020":1018.0631,"populationNote":"2020年基準の国交省調整値"},"geometry":{"type":"Polygon","coordinates":[[[130.43125,33.49583333333334],[130.43125,33.49999999999999],[130.4375,33.49999999999999],[130.4375,33.49583333333333],[130.43125,33.49583333333334]]]}},{"type":"Feature","id":"40231:503013953","properties":{"id":"40231:503013953","meshCode":"503013953","cityCode":"40231","city":"那珂川市","lat":33.4979167,"lon":130.440625,"areaKm2":0.2683652,"populated2020":true,"population2020":347.5239,"populationNote":"2020年基準の国交省調整値"},"geometry":{"type":"Polygon","coordinates":[[[130.4375,33.49583333333333],[130.4375,33.49999999999999],[130.44375,33.5],[130.44375,33.49583333333333],[130.4375,33.49583333333333]]]}},{"type":"Feature","id":"40231:503013954","properties":{"id":"40231:503013954","meshCode":"503013954","cityCode":"40231","city":"那珂川市","lat":33.4979167,"lon":130.446875,"areaKm2":0.2461599,"populated2020":false,"population2020":null,"populationNote":"境界またぎ・原典収録外のため自治体内人口は未集計"},"geometry":{"type":"Polygon","coordinates":[[[130.447723333,33.49999999999999],[130.448088054,33.49944777500001],[130.448906667,33.498896667],[130.449578612,33.498694441],[130.45,33.49871530600001],[130.45,33.49583333333333],[130.44375,33.49583333333333],[130.44375,33.5],[130.447723333,33.49999999999999]]]}},{"type":"Feature","id":"40231:503013963","properties":{"id":"40231:503013963","meshCode":"503013963","cityCode":"40231","city":"那珂川市","lat":33.4973856,"lon":130.4505606,"areaKm2":0.0346196,"populated2020":true,"population2020":null,"populationNote":"境界またぎ・原典収録外のため自治体内人口は未集計"},"geometry":{"type":"Polygon","coordinates":[[[130.45,33.49871530600001],[130.450336939,33.498802775],[130.450684721,33.498396387],[130.450822503,33.498208613],[130.450882776,33.49772],[130.451560558,33.496694721000004],[130.451629442,33.49650222500001],[130.451591946,33.496177225],[130.45131398358006,33.49583333333333],[130.45,33.49583333333333],[130.45,33.49871530600001]]]}},{"type":"Feature","id":"40231:503022092","properties":{"id":"40231:503022092","meshCode":"503022092","cityCode":"40231","city":"那珂川市","lat":33.5025947,"lon":130.3741187,"areaKm2":0.0593556,"populated2020":false,"population2020":null,"populationNote":"境界またぎ・原典収録外のため自治体内人口は未集計"},"geometry":{"type":"Polygon","coordinates":[[[130.375,33.500842586],[130.374684721,33.501348054],[130.373478612,33.501964441],[130.373334994,33.502479162000014],[130.372675837,33.503298613],[130.37230166,33.50356527900001],[130.371533061,33.503933053999994],[130.37127131624953,33.50416666666667],[130.375,33.50416666666667],[130.375,33.500842586]]]}},{"type":"Feature","id":"40231:503023001","properties":{"id":"40231:503023001","meshCode":"503023001","cityCode":"40231","city":"那珂川市","lat":33.5020833,"lon":130.378125,"areaKm2":0.2625274,"populated2020":true,"population2020":2.9958,"populationNote":"2020年基準の国交省調整値"},"geometry":{"type":"Polygon","coordinates":[[[130.376085357,33.49999999999999],[130.37575917,33.500525],[130.375276394,33.50060194600001],[130.375,33.500842586],[130.375,33.50416666666667],[130.38125,33.50416666666668],[130.38125,33.5],[130.376085357,33.49999999999999]]]}},{"type":"Feature","id":"40231:503023002","properties":{"id":"40231:503023002","meshCode":"503023002","cityCode":"40231","city":"那珂川市","lat":33.5020833,"lon":130.384375,"areaKm2":0.2683563,"populated2020":true,"population2020":22.0914,"populationNote":"2020年基準の国交省調整値"},"geometry":{"type":"Polygon","coordinates":[[[130.38125,33.5],[130.38125,33.50416666666668],[130.3875,33.50416666666667],[130.3875,33.50000000000001],[130.38125,33.5]]]}},{"type":"Feature","id":"40231:503023011","properties":{"id":"40231:503023011","meshCode":"503023011","cityCode":"40231","city":"那珂川市","lat":33.5020833,"lon":130.390625,"areaKm2":0.2683558,"populated2020":false,"population2020":null,"populationNote":"境界またぎ・原典収録外のため自治体内人口は未集計"},"geometry":{"type":"Polygon","coordinates":[[[130.3875,33.50000000000001],[130.3875,33.50416666666667],[130.39375,33.50416666666667],[130.39375,33.49999999999999],[130.3875,33.50000000000001]]]}},{"type":"Feature","id":"40231:503023012","properties":{"id":"40231:503023012","meshCode":"503023012","cityCode":"40231","city":"那珂川市","lat":33.5020833,"lon":130.396875,"areaKm2":0.2683554,"populated2020":false,"population2020":null,"populationNote":"境界またぎ・原典収録外のため自治体内人口は未集計"},"geometry":{"type":"Polygon","coordinates":[[[130.39375,33.49999999999999],[130.39375,33.50416666666667],[130.4,33.50416666666667],[130.4,33.5],[130.39375,33.49999999999999]]]}},{"type":"Feature","id":"40231:503023021","properties":{"id":"40231:503023021","meshCode":"503023021","cityCode":"40231","city":"那珂川市","lat":33.5020833,"lon":130.403125,"areaKm2":0.268355,"populated2020":false,"population2020":null,"populationNote":"境界またぎ・原典収録外のため自治体内人口は未集計"},"geometry":{"type":"Polygon","coordinates":[[[130.4,33.5],[130.4,33.50416666666667],[130.40625,33.50416666666667],[130.40625,33.5],[130.4,33.5]]]}},{"type":"Feature","id":"40231:503023022","properties":{"id":"40231:503023022","meshCode":"503023022","cityCode":"40231","city":"那珂川市","lat":33.5020833,"lon":130.409375,"areaKm2":0.2683545,"populated2020":false,"population2020":null,"populationNote":"境界またぎ・原典収録外のため自治体内人口は未集計"},"geometry":{"type":"Polygon","coordinates":[[[130.40625,33.5],[130.40625,33.50416666666667],[130.4125,33.50416666666667],[130.4125,33.5],[130.40625,33.5]]]}},{"type":"Feature","id":"40231:503023031","properties":{"id":"40231:503023031","meshCode":"503023031","cityCode":"40231","city":"那珂川市","lat":33.5020833,"lon":130.415625,"areaKm2":0.2683541,"populated2020":true,"population2020":135.4632,"populationNote":"2020年基準の国交省調整値"},"geometry":{"type":"Polygon","coordinates":[[[130.4125,33.5],[130.4125,33.50416666666667],[130.41875,33.50416666666667],[130.41875,33.5],[130.4125,33.5]]]}},{"type":"Feature","id":"40231:503023032","properties":{"id":"40231:503023032","meshCode":"503023032","cityCode":"40231","city":"那珂川市","lat":33.5020833,"lon":130.421875,"areaKm2":0.2683537,"populated2020":true,"population2020":364.413,"populationNote":"2020年基準の国交省調整値"},"geometry":{"type":"Polygon","coordinates":[[[130.41875,33.5],[130.41875,33.50416666666667],[130.425,33.50416666666667],[130.425,33.5],[130.41875,33.5]]]}},{"type":"Feature","id":"40231:503023041","properties":{"id":"40231:503023041","meshCode":"503023041","cityCode":"40231","city":"那珂川市","lat":33.5020833,"lon":130.428125,"areaKm2":0.2683533,"populated2020":true,"population2020":20.9742,"populationNote":"2020年基準の国交省調整値"},"geometry":{"type":"Polygon","coordinates":[[[130.425,33.5],[130.425,33.50416666666667],[130.43125,33.50416666666667],[130.43125,33.49999999999999],[130.425,33.5]]]}},{"type":"Feature","id":"40231:503023042","properties":{"id":"40231:503023042","meshCode":"503023042","cityCode":"40231","city":"那珂川市","lat":33.5020833,"lon":130.434375,"areaKm2":0.2683529,"populated2020":true,"population2020":1300.7429,"populationNote":"2020年基準の国交省調整値"},"geometry":{"type":"Polygon","coordinates":[[[130.43125,33.49999999999999],[130.43125,33.50416666666667],[130.4375,33.50416666666667],[130.4375,33.49999999999999],[130.43125,33.49999999999999]]]}},{"type":"Feature","id":"40231:503023051","properties":{"id":"40231:503023051","meshCode":"503023051","cityCode":"40231","city":"那珂川市","lat":33.5020833,"lon":130.440625,"areaKm2":0.2683525,"populated2020":true,"population2020":639.7765,"populationNote":"2020年基準の国交省調整値"},"geometry":{"type":"Polygon","coordinates":[[[130.4375,33.49999999999999],[130.4375,33.50416666666667],[130.44375,33.50416666666666],[130.44375,33.5],[130.4375,33.49999999999999]]]}},{"type":"Feature","id":"40231:503023052","properties":{"id":"40231:503023052","meshCode":"503023052","cityCode":"40231","city":"那珂川市","lat":33.5020914,"lon":130.4451844,"areaKm2":0.1282827,"populated2020":false,"population2020":null,"populationNote":"境界またぎ・原典収録外のため自治体内人口は未集計"},"geometry":{"type":"Polygon","coordinates":[[[130.446364449,33.503970559],[130.446001946,33.503526667],[130.445587497,33.503327225],[130.445408327,33.50305055900001],[130.445916939,33.502311666999994],[130.446088885,33.502181667],[130.44718917,33.502006108],[130.447395837,33.501861667],[130.447683061,33.501264721000005],[130.447648612,33.50043666700001],[130.447723333,33.49999999999999],[130.44375,33.5],[130.44375,33.50416666666666],[130.4464028364169,33.50416666666666],[130.446364449,33.503970559]]]}},{"type":"Feature","id":"40231:503022094","properties":{"id":"40231:503022094","meshCode":"503022094","cityCode":"40231","city":"那珂川市","lat":33.5051569,"lon":130.3734771,"areaKm2":0.0615444,"populated2020":false,"population2020":null,"populationNote":"境界またぎ・原典収録外のため自治体内人口は未集計"},"geometry":{"type":"Polygon","coordinates":[[[130.37127131624953,33.50416666666667],[130.371232776,33.504774999999995],[130.37295083,33.505642775],[130.373481115,33.50607361300001],[130.375,33.506490225],[130.375,33.50416666666667],[130.37127131624953,33.50416666666667]]]}},{"type":"Feature","id":"40231:503023003","properties":{"id":"40231:503023003","meshCode":"503023003","cityCode":"40231","city":"那珂川市","lat":33.50625,"lon":130.378125,"areaKm2":0.2153446,"populated2020":true,"population2020":2.0039,"populationNote":"2020年基準の国交省調整値"},"geometry":{"type":"Polygon","coordinates":[[[130.375,33.506490225],[130.375551946,33.506763333],[130.37696,33.508147775],[130.377201946,33.50820277500001],[130.37883166,33.50787472100001],[130.379295551,33.507656946000004],[130.37976,33.50756222500001],[130.380171388,33.50732861299999],[130.380723891,33.507220829],[130.380876109,33.507139162],[130.381016939,33.506346946],[130.38125,33.506176975261496],[130.38125,33.50416666666668],[130.375,33.50416666666667],[130.375,33.506490225]]]}},{"type":"Feature","id":"40231:503023004","properties":{"id":"40231:503023004","meshCode":"503023004","cityCode":"40231","city":"那珂川市","lat":33.50625,"lon":130.384375,"areaKm2":0.1490313,"populated2020":true,"population2020":7.0147,"populationNote":"2020年基準の国交省調整値"},"geometry":{"type":"Polygon","coordinates":[[[130.38125,33.506176975261496],[130.381898885,33.5056],[130.382062218,33.505529721],[130.382319728,33.505543054],[130.383145837,33.505957775],[130.384066939,33.506692225],[130.385375279,33.506778892],[130.385989728,33.507126108],[130.386844163,33.507002775],[130.387334163,33.507169440999995],[130.3875,33.507157863112496],[130.3875,33.50416666666667],[130.38125,33.50416666666668],[130.38125,33.506176975261496]]]}},{"type":"Feature","id":"40231:503023013","properties":{"id":"40231:503023013","meshCode":"503023013","cityCode":"40231","city":"那珂川市","lat":33.50625,"lon":130.390625,"areaKm2":0.2273505,"populated2020":false,"population2020":null,"populationNote":"境界またぎ・原典収録外のため自治体内人口は未集計"},"geometry":{"type":"Polygon","coordinates":[[[130.3875,33.507157863112496],[130.388211388,33.506987225],[130.388739728,33.507055829],[130.389214163,33.507002494999995],[130.389375837,33.507371946],[130.389445551,33.508026667],[130.389929442,33.508315279],[130.390257224,33.508191108],[130.39056041534192,33.50833333333334],[130.39156846963647,33.50833333333333],[130.392282776,33.50806305399999],[130.39313083,33.507513054],[130.393447782,33.507180000000005],[130.393522218,33.506993892],[130.39362083,33.506323892],[130.39375,33.50619800317601],[130.39375,33.50416666666667],[130.3875,33.50416666666667],[130.3875,33.507157863112496]]]}},{"type":"Feature","id":"40231:503023014","properties":{"id":"40231:503023014","meshCode":"503023014","cityCode":"40231","city":"那珂川市","lat":33.50625,"lon":130.396875,"areaKm2":0.2250606,"populated2020":false,"population2020":null,"populationNote":"境界またぎ・原典収録外のため自治体内人口は未集計"},"geometry":{"type":"Polygon","coordinates":[[[130.393786109,33.50618527899999],[130.394168054,33.506187495],[130.394508612,33.506496387000006],[130.395536394,33.506800559],[130.396159442,33.507100558999994],[130.396167497,33.507852225],[130.39628741902848,33.50833333333334],[130.4,33.50833333333334],[130.4,33.50416666666667],[130.39375,33.50416666666667],[130.393786109,33.50618527899999]]]}},{"type":"Feature","id":"40231:503023023","properties":{"id":"40231:503023023","meshCode":"503023023","cityCode":"40231","city":"那珂川市","lat":33.50625,"lon":130.403125,"areaKm2":0.2683423,"populated2020":false,"population2020":null,"populationNote":"境界またぎ・原典収録外のため自治体内人口は未集計"},"geometry":{"type":"Polygon","coordinates":[[[130.4,33.50416666666667],[130.4,33.50833333333334],[130.40625,33.50833333333333],[130.40625,33.50416666666667],[130.4,33.50416666666667]]]}},{"type":"Feature","id":"40231:503023024","properties":{"id":"40231:503023024","meshCode":"503023024","cityCode":"40231","city":"那珂川市","lat":33.50625,"lon":130.409375,"areaKm2":0.2683419,"populated2020":true,"population2020":39.0416,"populationNote":"2020年基準の国交省調整値"},"geometry":{"type":"Polygon","coordinates":[[[130.40625,33.50416666666667],[130.40625,33.50833333333333],[130.4125,33.50833333333334],[130.4125,33.50416666666667],[130.40625,33.50416666666667]]]}},{"type":"Feature","id":"40231:503023033","properties":{"id":"40231:503023033","meshCode":"503023033","cityCode":"40231","city":"那珂川市","lat":33.50625,"lon":130.415625,"areaKm2":0.2683414,"populated2020":true,"population2020":510.192,"populationNote":"2020年基準の国交省調整値"},"geometry":{"type":"Polygon","coordinates":[[[130.4125,33.50416666666667],[130.4125,33.50833333333334],[130.41875,33.50833333333334],[130.41875,33.50416666666667],[130.4125,33.50416666666667]]]}},{"type":"Feature","id":"40231:503023034","properties":{"id":"40231:503023034","meshCode":"503023034","cityCode":"40231","city":"那珂川市","lat":33.50625,"lon":130.421875,"areaKm2":0.268341,"populated2020":true,"population2020":1260.0657,"populationNote":"2020年基準の国交省調整値"},"geometry":{"type":"Polygon","coordinates":[[[130.41875,33.50416666666667],[130.41875,33.50833333333334],[130.425,33.50833333333333],[130.425,33.50416666666667],[130.41875,33.50416666666667]]]}},{"type":"Feature","id":"40231:503023043","properties":{"id":"40231:503023043","meshCode":"503023043","cityCode":"40231","city":"那珂川市","lat":33.50625,"lon":130.428125,"areaKm2":0.2683406,"populated2020":true,"population2020":297.0261,"populationNote":"2020年基準の国交省調整値"},"geometry":{"type":"Polygon","coordinates":[[[130.425,33.50416666666667],[130.425,33.50833333333333],[130.43125,33.50833333333333],[130.43125,33.50416666666667],[130.425,33.50416666666667]]]}},{"type":"Feature","id":"40231:503023044","properties":{"id":"40231:503023044","meshCode":"503023044","cityCode":"40231","city":"那珂川市","lat":33.50625,"lon":130.434375,"areaKm2":0.2683402,"populated2020":true,"population2020":2178.4905,"populationNote":"2020年基準の国交省調整値"},"geometry":{"type":"Polygon","coordinates":[[[130.43125,33.50416666666667],[130.43125,33.50833333333333],[130.4375,33.50833333333333],[130.4375,33.50416666666667],[130.43125,33.50416666666667]]]}},{"type":"Feature","id":"40231:503023053","properties":{"id":"40231:503023053","meshCode":"503023053","cityCode":"40231","city":"那珂川市","lat":33.50625,"lon":130.440625,"areaKm2":0.2683398,"populated2020":true,"population2020":1865.875,"populationNote":"2020年基準の国交省調整値"},"geometry":{"type":"Polygon","coordinates":[[[130.4375,33.50416666666667],[130.4375,33.50833333333333],[130.44375,33.50833333333334],[130.44375,33.50416666666666],[130.4375,33.50416666666667]]]}},{"type":"Feature","id":"40231:503023054","properties":{"id":"40231:503023054","meshCode":"503023054","cityCode":"40231","city":"那珂川市","lat":33.50625,"lon":130.446875,"areaKm2":0.173011,"populated2020":true,"population2020":7.0539,"populationNote":"2020年基準の国交省調整値"},"geometry":{"type":"Polygon","coordinates":[[[130.448225863,33.50833333300001],[130.447990558,33.507953891999996],[130.448243061,33.506845829],[130.448157224,33.505953054],[130.448027497,33.50575944100001],[130.447483606,33.505381667],[130.447168327,33.504675],[130.446511115,33.504500279000005],[130.4464028364169,33.50416666666666],[130.44375,33.50416666666666],[130.44375,33.50833333333334],[130.448225863,33.50833333300001]]]}},{"type":"Feature","id":"40231:503023111","properties":{"id":"40231:503023111","meshCode":"503023111","cityCode":"40231","city":"那珂川市","lat":33.5085053,"lon":130.3910932,"areaKm2":0.0019291,"populated2020":false,"population2020":null,"populationNote":"境界またぎ・原典収録外のため自治体内人口は未集計"},"geometry":{"type":"Polygon","coordinates":[[[130.390566394,33.508339162000006],[130.391073061,33.508631387],[130.39123,33.508625828999996],[130.39156846963647,33.50833333333333],[130.390566394,33.508339162000006]]]}},{"type":"Feature","id":"40231:503023112","properties":{"id":"40231:503023112","meshCode":"503023112","cityCode":"40231","city":"那珂川市","lat":33.5105156,"lon":130.3986887,"areaKm2":0.1263973,"populated2020":false,"population2020":null,"populationNote":"境界またぎ・原典収録外のため自治体内人口は未集計"},"geometry":{"type":"Polygon","coordinates":[[[130.39628741902848,33.50833333333334],[130.396246667,33.50896889199999],[130.396337224,33.509133891999994],[130.396754994,33.509418613],[130.396913061,33.509658333],[130.39745166,33.510077775],[130.397425837,33.510404441000006],[130.397108612,33.511327224999995],[130.397163606,33.511740829],[130.397788054,33.512234721000006],[130.39794575538247,33.5125],[130.3998899398286,33.5125],[130.4,33.512354802],[130.4,33.50833333333334],[130.39628741902848,33.50833333333334]]]}},{"type":"Feature","id":"40231:503023121","properties":{"id":"40231:503023121","meshCode":"503023121","cityCode":"40231","city":"那珂川市","lat":33.5104167,"lon":130.403125,"areaKm2":0.2658111,"populated2020":false,"population2020":null,"populationNote":"境界またぎ・原典収録外のため自治体内人口は未集計"},"geometry":{"type":"Polygon","coordinates":[[[130.400001115,33.512353333],[130.400169442,33.512038054],[130.400293891,33.51198694600001],[130.40078344304035,33.5125],[130.40625,33.5125],[130.40625,33.50833333333333],[130.4,33.50833333333334],[130.400001115,33.512353333]]]}},{"type":"Feature","id":"40231:503023122","properties":{"id":"40231:503023122","meshCode":"503023122","cityCode":"40231","city":"那珂川市","lat":33.5104167,"lon":130.409375,"areaKm2":0.2683292,"populated2020":true,"population2020":1.9428,"populationNote":"2020年基準の国交省調整値"},"geometry":{"type":"Polygon","coordinates":[[[130.40625,33.50833333333333],[130.40625,33.5125],[130.4125,33.512499999999996],[130.4125,33.50833333333334],[130.40625,33.50833333333333]]]}},{"type":"Feature","id":"40231:503023131","properties":{"id":"40231:503023131","meshCode":"503023131","cityCode":"40231","city":"那珂川市","lat":33.5104167,"lon":130.415625,"areaKm2":0.2683288,"populated2020":true,"population2020":457.2304,"populationNote":"2020年基準の国交省調整値"},"geometry":{"type":"Polygon","coordinates":[[[130.4125,33.50833333333334],[130.4125,33.512499999999996],[130.41875,33.512499999999996],[130.41875,33.50833333333334],[130.4125,33.50833333333334]]]}},{"type":"Feature","id":"40231:503023132","properties":{"id":"40231:503023132","meshCode":"503023132","cityCode":"40231","city":"那珂川市","lat":33.5104167,"lon":130.421875,"areaKm2":0.2683284,"populated2020":true,"population2020":1866.8921,"populationNote":"2020年基準の国交省調整値"},"geometry":{"type":"Polygon","coordinates":[[[130.41875,33.50833333333334],[130.41875,33.512499999999996],[130.425,33.5125],[130.425,33.50833333333333],[130.41875,33.50833333333334]]]}},{"type":"Feature","id":"40231:503023141","properties":{"id":"40231:503023141","meshCode":"503023141","cityCode":"40231","city":"那珂川市","lat":33.5104167,"lon":130.428125,"areaKm2":0.2683279,"populated2020":true,"population2020":2073.7035,"populationNote":"2020年基準の国交省調整値"},"geometry":{"type":"Polygon","coordinates":[[[130.425,33.50833333333333],[130.425,33.5125],[130.43125,33.5125],[130.43125,33.50833333333333],[130.425,33.50833333333333]]]}},{"type":"Feature","id":"40231:503023142","properties":{"id":"40231:503023142","meshCode":"503023142","cityCode":"40231","city":"那珂川市","lat":33.5104167,"lon":130.434375,"areaKm2":0.2683275,"populated2020":true,"population2020":1706.6082,"populationNote":"2020年基準の国交省調整値"},"geometry":{"type":"Polygon","coordinates":[[[130.43125,33.50833333333333],[130.43125,33.5125],[130.4375,33.5125],[130.4375,33.50833333333333],[130.43125,33.50833333333333]]]}},{"type":"Feature","id":"40231:503023151","properties":{"id":"40231:503023151","meshCode":"503023151","cityCode":"40231","city":"那珂川市","lat":33.5104167,"lon":130.440625,"areaKm2":0.2453379,"populated2020":true,"population2020":1084.291,"populationNote":"2020年基準の国交省調整値"},"geometry":{"type":"Polygon","coordinates":[[[130.44112279716379,33.5125],[130.442299728,33.511616667000006],[130.443208054,33.511244441],[130.44375,33.510926051916734],[130.44375,33.50833333333334],[130.4375,33.50833333333333],[130.4375,33.5125],[130.44112279716379,33.5125]]]}},{"type":"Feature","id":"40231:503023152","properties":{"id":"40231:503023152","meshCode":"503023152","cityCode":"40231","city":"那珂川市","lat":33.5095406,"lon":130.4450726,"areaKm2":0.0658328,"populated2020":true,"population2020":null,"populationNote":"境界またぎ・原典収録外のため自治体内人口は未集計"},"geometry":{"type":"Polygon","coordinates":[[[130.44375,33.510926051916734],[130.448265837,33.50860944099999],[130.44822586312318,33.50833333333334],[130.44375,33.50833333333334],[130.44375,33.510926051916734]]]}},{"type":"Feature","id":"40231:503023114","properties":{"id":"40231:503023114","meshCode":"503023114","cityCode":"40231","city":"那珂川市","lat":33.5127633,"lon":130.3988955,"areaKm2":0.0087107,"populated2020":false,"population2020":null,"populationNote":"境界またぎ・原典収録外のため自治体内人口は未集計"},"geometry":{"type":"Polygon","coordinates":[[[130.39794575538247,33.5125],[130.398155551,33.513041108],[130.398435551,33.513069721],[130.399297224,33.512969162000005],[130.399622503,33.512872225],[130.3998899398286,33.5125],[130.39794575538247,33.5125]]]}},{"type":"Feature","id":"40231:503023123","properties":{"id":"40231:503023123","meshCode":"503023123","cityCode":"40231","city":"那珂川市","lat":33.5145415,"lon":130.4051342,"areaKm2":0.120934,"populated2020":false,"population2020":null,"populationNote":"境界またぎ・原典収録外のため自治体内人口は未集計"},"geometry":{"type":"Polygon","coordinates":[[[130.400793606,33.512507775],[130.401368054,33.512896667],[130.401392218,33.51335305400001],[130.401515279,33.513535278999996],[130.402924449,33.513465],[130.403435551,33.51356194600001],[130.403765837,33.513495279000004],[130.404204449,33.513816108],[130.404275837,33.51394333299999],[130.404027224,33.514450829],[130.403998054,33.514874162],[130.404143606,33.515455279],[130.4042080030345,33.51666666666667],[130.40625,33.516666666666666],[130.40625,33.5125],[130.400793606,33.512507775]]]}},{"type":"Feature","id":"40231:503023124","properties":{"id":"40231:503023124","meshCode":"503023124","cityCode":"40231","city":"那珂川市","lat":33.5145833,"lon":130.409375,"areaKm2":0.2683165,"populated2020":true,"population2020":239.3458,"populationNote":"2020年基準の国交省調整値"},"geometry":{"type":"Polygon","coordinates":[[[130.40625,33.5125],[130.40625,33.516666666666666],[130.4125,33.51666666666667],[130.4125,33.512499999999996],[130.40625,33.5125]]]}},{"type":"Feature","id":"40231:503023133","properties":{"id":"40231:503023133","meshCode":"503023133","cityCode":"40231","city":"那珂川市","lat":33.5145833,"lon":130.415625,"areaKm2":0.2683161,"populated2020":true,"population2020":2081.2792,"populationNote":"2020年基準の国交省調整値"},"geometry":{"type":"Polygon","coordinates":[[[130.4125,33.512499999999996],[130.4125,33.51666666666667],[130.41875,33.516666666666666],[130.41875,33.512499999999996],[130.4125,33.512499999999996]]]}},{"type":"Feature","id":"40231:503023134","properties":{"id":"40231:503023134","meshCode":"503023134","cityCode":"40231","city":"那珂川市","lat":33.5145833,"lon":130.421875,"areaKm2":0.2683157,"populated2020":true,"population2020":1962.8492,"populationNote":"2020年基準の国交省調整値"},"geometry":{"type":"Polygon","coordinates":[[[130.41875,33.512499999999996],[130.41875,33.516666666666666],[130.425,33.516666666666666],[130.425,33.5125],[130.41875,33.512499999999996]]]}},{"type":"Feature","id":"40231:503023143","properties":{"id":"40231:503023143","meshCode":"503023143","cityCode":"40231","city":"那珂川市","lat":33.5145833,"lon":130.428125,"areaKm2":0.2683153,"populated2020":true,"population2020":2506.7019,"populationNote":"2020年基準の国交省調整値"},"geometry":{"type":"Polygon","coordinates":[[[130.425,33.5125],[130.425,33.516666666666666],[130.43125,33.51666666666667],[130.43125,33.5125],[130.425,33.5125]]]}},{"type":"Feature","id":"40231:503023144","properties":{"id":"40231:503023144","meshCode":"503023144","cityCode":"40231","city":"那珂川市","lat":33.5145833,"lon":130.434375,"areaKm2":0.2667266,"populated2020":true,"population2020":2605.3384,"populationNote":"2020年基準の国交省調整値"},"geometry":{"type":"Polygon","coordinates":[[[130.436671115,33.516627494999994],[130.4375,33.51630872141869],[130.4375,33.5125],[130.43125,33.5125],[130.43125,33.51666666666667],[130.436671115,33.516627494999994]]]}},{"type":"Feature","id":"40231:503023153","properties":{"id":"40231:503023153","meshCode":"503023153","cityCode":"40231","city":"那珂川市","lat":33.5143794,"lon":130.4381001,"areaKm2":0.0587992,"populated2020":true,"population2020":null,"populationNote":"境界またぎ・原典収録外のため自治体内人口は未集計"},"geometry":{"type":"Polygon","coordinates":[[[130.4375,33.51630872141869],[130.437623891,33.515941387],[130.43788138800002,33.515905279],[130.437967224,33.515525559],[130.438434994,33.515453333],[130.438714721,33.514306387000005],[130.438928327,33.514165829],[130.438949442,33.513993054000004],[130.439593061,33.513855],[130.439804994,33.513068613],[130.440543333,33.512958613],[130.44112279716379,33.5125],[130.4375,33.5125],[130.4375,33.51630872141869]]]}},{"type":"Feature","id":"40231:503023221","properties":{"id":"40231:503023221","meshCode":"503023221","cityCode":"40231","city":"那珂川市","lat":33.5187356,"lon":130.4053136,"areaKm2":0.0568447,"populated2020":false,"population2020":null,"populationNote":"境界またぎ・原典収録外のため自治体内人口は未集計"},"geometry":{"type":"Polygon","coordinates":[[[130.404208003,33.516666666999996],[130.404141946,33.51722416199999],[130.403832776,33.517926667000005],[130.403873061,33.518425559],[130.404606109,33.518894721],[130.405653891,33.519165829],[130.406027782,33.519663054],[130.40625,33.52065864679197],[130.40625,33.516666666666666],[130.404208003,33.516666666999996]]]}},{"type":"Feature","id":"40231:503023222","properties":{"id":"40231:503023222","meshCode":"503023222","cityCode":"40231","city":"那珂川市","lat":33.51875,"lon":130.409375,"areaKm2":0.2682784,"populated2020":true,"population2020":201.4222,"populationNote":"2020年基準の国交省調整値"},"geometry":{"type":"Polygon","coordinates":[[[130.406272218,33.520802775],[130.4125,33.520833333333336],[130.4125,33.51666666666667],[130.40625,33.516666666666666],[130.406272218,33.520802775]]]}},{"type":"Feature","id":"40231:503023231","properties":{"id":"40231:503023231","meshCode":"503023231","cityCode":"40231","city":"那珂川市","lat":33.51875,"lon":130.415625,"areaKm2":0.2683034,"populated2020":true,"population2020":1656.2091,"populationNote":"2020年基準の国交省調整値"},"geometry":{"type":"Polygon","coordinates":[[[130.4125,33.51666666666667],[130.4125,33.520833333333336],[130.41875,33.520833333333336],[130.41875,33.516666666666666],[130.4125,33.51666666666667]]]}},{"type":"Feature","id":"40231:503023232","properties":{"id":"40231:503023232","meshCode":"503023232","cityCode":"40231","city":"那珂川市","lat":33.51875,"lon":130.421875,"areaKm2":0.268303,"populated2020":true,"population2020":1984.8329,"populationNote":"2020年基準の国交省調整値"},"geometry":{"type":"Polygon","coordinates":[[[130.41875,33.516666666666666],[130.41875,33.520833333333336],[130.425,33.520833333333336],[130.425,33.516666666666666],[130.41875,33.516666666666666]]]}},{"type":"Feature","id":"40231:503023241","properties":{"id":"40231:503023241","meshCode":"503023241","cityCode":"40231","city":"那珂川市","lat":33.51875,"lon":130.428125,"areaKm2":0.2683026,"populated2020":true,"population2020":2291.1738,"populationNote":"2020年基準の国交省調整値"},"geometry":{"type":"Polygon","coordinates":[[[130.425,33.516666666666666],[130.425,33.520833333333336],[130.43125,33.52083333333334],[130.43125,33.51666666666667],[130.425,33.516666666666666]]]}},{"type":"Feature","id":"40231:503023242","properties":{"id":"40231:503023242","meshCode":"503023242","cityCode":"40231","city":"那珂川市","lat":33.51875,"lon":130.434375,"areaKm2":0.1908766,"populated2020":true,"population2020":null,"populationNote":"境界またぎ・原典収録外のため自治体内人口は未集計"},"geometry":{"type":"Polygon","coordinates":[[[130.4346787332843,33.52083333333334],[130.435422503,33.519871946],[130.435472503,33.519571667],[130.43563083,33.519285829000005],[130.435420558,33.51917194599999],[130.435799442,33.518501667],[130.436082776,33.517577225],[130.43662141442294,33.516666666666666],[130.43125,33.51666666666667],[130.43125,33.52083333333334],[130.4346787332843,33.52083333333334]]]}},{"type":"Feature","id":"40231:503023224","properties":{"id":"40231:503023224","meshCode":"503023224","cityCode":"40231","city":"那珂川市","lat":33.5226839,"lon":130.4118022,"areaKm2":0.0913282,"populated2020":true,"population2020":null,"populationNote":"境界またぎ・原典収録外のため自治体内人口は未集計"},"geometry":{"type":"Polygon","coordinates":[[[130.40628422305952,33.520833333333336],[130.40648083,33.520992495],[130.407603333,33.521307495],[130.407917497,33.521732775000004],[130.409531115,33.522097495],[130.409467782,33.522365279],[130.410378327,33.522699162],[130.410456109,33.522604162],[130.410467497,33.52227389200001],[130.410755551,33.522262495],[130.411342503,33.522876387],[130.411501115,33.523322495],[130.4125,33.52453302324402],[130.4125,33.520833333333336],[130.40628422305952,33.520833333333336]]]}},{"type":"Feature","id":"40231:503023233","properties":{"id":"40231:503023233","meshCode":"503023233","cityCode":"40231","city":"那珂川市","lat":33.5229167,"lon":130.415625,"areaKm2":0.2274951,"populated2020":true,"population2020":2063.6977,"populationNote":"2020年基準の国交省調整値"},"geometry":{"type":"Polygon","coordinates":[[[130.412519442,33.524550278999996],[130.413158885,33.524660559],[130.413225279,33.524544721000005],[130.413637497,33.52467],[130.414677224,33.52474027900001],[130.416576939,33.523486946],[130.416829442,33.52351166700001],[130.417249442,33.524099441000004],[130.417951946,33.52476166700001],[130.418103606,33.52477472099999],[130.418456667,33.524634441],[130.418673502,33.525000000000006],[130.41875,33.525000000000006],[130.41875,33.520833333333336],[130.4125,33.520833333333336],[130.412519442,33.524550278999996]]]}},{"type":"Feature","id":"40231:503023234","properties":{"id":"40231:503023234","meshCode":"503023234","cityCode":"40231","city":"那珂川市","lat":33.5229167,"lon":130.421875,"areaKm2":0.2682903,"populated2020":true,"population2020":2302.6833,"populationNote":"2020年基準の国交省調整値"},"geometry":{"type":"Polygon","coordinates":[[[130.41875,33.520833333333336],[130.41875,33.525000000000006],[130.425,33.525],[130.425,33.520833333333336],[130.41875,33.520833333333336]]]}},{"type":"Feature","id":"40231:503023243","properties":{"id":"40231:503023243","meshCode":"503023243","cityCode":"40231","city":"那珂川市","lat":33.5229167,"lon":130.428125,"areaKm2":0.1932392,"populated2020":true,"population2020":null,"populationNote":"境界またぎ・原典収録外のため自治体内人口は未集計"},"geometry":{"type":"Polygon","coordinates":[[[130.427727497,33.524991667],[130.42718389100003,33.524446387000005],[130.427125551,33.524332495],[130.427178885,33.524045829],[130.427395837,33.523662775000005],[130.428116939,33.52313416199999],[130.428356394,33.522674720999994],[130.43021083,33.523276387],[130.430737782,33.52322472099999],[130.43125,33.523483393402515],[130.43125,33.52083333333334],[130.425,33.520833333333336],[130.425,33.525],[130.427727497,33.524991667]]]}},{"type":"Feature","id":"40231:503023244","properties":{"id":"40231:503023244","meshCode":"503023244","cityCode":"40231","city":"那珂川市","lat":33.5225056,"lon":130.4327158,"areaKm2":0.090559,"populated2020":true,"population2020":null,"populationNote":"境界またぎ・原典収録外のため自治体内人口は未集計"},"geometry":{"type":"Polygon","coordinates":[[[130.43125,33.523483393402515],[130.432551388,33.524248892],[130.432638612,33.52419194600001],[130.433725551,33.52295222499999],[130.434045551,33.52290555900001],[130.434285279,33.522313054],[130.434746394,33.521942225],[130.434606939,33.52093722499999],[130.4346787332843,33.52083333333334],[130.43125,33.52083333333334],[130.43125,33.523483393402515]]]}},{"type":"Feature","id":"40231:503023331","properties":{"id":"40231:503023331","meshCode":"503023331","cityCode":"40231","city":"那珂川市","lat":33.5250588,"lon":130.4187309,"areaKm2":4.63e-05,"populated2020":true,"population2020":null,"populationNote":"境界またぎ・原典収録外のため自治体内人口は未集計"},"geometry":{"type":"Polygon","coordinates":[[[130.41875,33.52511754707049],[130.41875,33.525000000000006],[130.418673502,33.525000000000006],[130.41875,33.52511754707049]]]}},{"type":"Feature","id":"40231:503023332","properties":{"id":"40231:503023332","meshCode":"503023332","cityCode":"40231","city":"那珂川市","lat":33.5270833,"lon":130.421875,"areaKm2":0.1749602,"populated2020":true,"population2020":null,"populationNote":"境界またぎ・原典収録外のため自治体内人口は未集計"},"geometry":{"type":"Polygon","coordinates":[[[130.418798054,33.52519138700001],[130.41898917,33.525375279],[130.419428612,33.525581667000004],[130.420108885,33.527338054],[130.420448054,33.527673054],[130.420728054,33.527790829],[130.421520558,33.527904721000006],[130.42267917000004,33.528187495],[130.423417497,33.528261387],[130.42337917000003,33.52845444100001],[130.423558885,33.528501946],[130.424238612,33.528473613],[130.42444,33.528738333],[130.4244910192502,33.529166666666676],[130.425,33.52916666666667],[130.425,33.525],[130.41875,33.525000000000006],[130.418798054,33.52519138700001]]]}},{"type":"Feature","id":"40231:503023341","properties":{"id":"40231:503023341","meshCode":"503023341","cityCode":"40231","city":"那珂川市","lat":33.5272385,"lon":130.4263599,"areaKm2":0.1149914,"populated2020":true,"population2020":null,"populationNote":"境界またぎ・原典収録外のため自治体内人口は未集計"},"geometry":{"type":"Polygon","coordinates":[[[130.4271248923307,33.529166666666676],[130.427973333,33.526269441],[130.427983061,33.525570558999995],[130.427854994,33.525194721],[130.427732724,33.525],[130.425,33.525],[130.425,33.52916666666667],[130.4271248923307,33.529166666666676]]]}},{"type":"Feature","id":"40231:503023334","properties":{"id":"40231:503023334","meshCode":"503023334","cityCode":"40231","city":"那珂川市","lat":33.5296142,"lon":130.4248365,"areaKm2":0.0027197,"populated2020":true,"population2020":null,"populationNote":"境界またぎ・原典収録外のため自治体内人口は未集計"},"geometry":{"type":"Polygon","coordinates":[[[130.4244910192502,33.529166666666676],[130.42472166,33.529686387000005],[130.425,33.529962999999995],[130.425,33.52916666666667],[130.4244910192502,33.529166666666676]]]}},{"type":"Feature","id":"40231:503023343","properties":{"id":"40231:503023343","meshCode":"503023343","cityCode":"40231","city":"那珂川市","lat":33.5298365,"lon":130.4259654,"areaKm2":0.020452,"populated2020":true,"population2020":null,"populationNote":"境界またぎ・原典収録外のため自治体内人口は未集計"},"geometry":{"type":"Polygon","coordinates":[[[130.425,33.529962999999995],[130.425922776,33.530094441],[130.426261388,33.530262775],[130.426803891,33.530389721],[130.4271248923307,33.529166666666676],[130.425,33.52916666666667],[130.425,33.529962999999995]]]}}]}