{"type":"FeatureCollection","metadata":{"cityCode":"40602","city":"添田町","resolution":500,"boundaryDate":"2026-01-01","populationLabel":"2020年基準人口（国交省調整値）","method":"標準地域メッシュを行政界で切抜き。中心が区域外のとき区域内代表点を判定点にする。人口不明をゼロにしない。"},"features":[{"type":"Feature","id":"40602:503016383","properties":{"id":"40602:503016383","meshCode":"503016383","cityCode":"40602","city":"添田町","lat":33.4485219,"lon":130.8548454,"areaKm2":0.090842,"populated2020":false,"population2020":null,"populationNote":"境界またぎ・原典収録外のため自治体内人口は未集計"},"geometry":{"type":"Polygon","coordinates":[[[130.85625,33.44695496667863],[130.855298054,33.446937775],[130.854354721,33.447331108000014],[130.853913061,33.447242775],[130.853154721,33.447678054],[130.853114449,33.447851387],[130.853434721,33.448456666999995],[130.853432776,33.44867166700001],[130.852970272,33.44911444099999],[130.85299166,33.449548892],[130.852643696,33.45000000000001],[130.85625,33.45],[130.85625,33.44695496667863]]]}},{"type":"Feature","id":"40602:503016384","properties":{"id":"40602:503016384","meshCode":"503016384","cityCode":"40602","city":"添田町","lat":33.4479167,"lon":130.859375,"areaKm2":0.1428178,"populated2020":false,"population2020":null,"populationNote":"境界またぎ・原典収録外のため自治体内人口は未集計"},"geometry":{"type":"Polygon","coordinates":[[[130.861743333,33.449996387000006],[130.861553061,33.44869972099999],[130.86161917,33.448328333000006],[130.861886394,33.447938333],[130.861922218,33.447735],[130.861188612,33.446819162],[130.860814449,33.447055559000006],[130.859994994,33.447281387],[130.858333333,33.448059586],[130.857313061,33.447752495],[130.856982776,33.447764441000004],[130.857076939,33.447494440999996],[130.856977782,33.447114162],[130.85625,33.44695496667863],[130.85625,33.45],[130.861743333,33.449996387000006]]]}},{"type":"Feature","id":"40602:503016394","properties":{"id":"40602:503016394","meshCode":"503016394","cityCode":"40602","city":"添田町","lat":33.4498632,"lon":130.87321,"areaKm2":0.0070545,"populated2020":false,"population2020":null,"populationNote":"境界またぎ・原典収録外のため自治体内人口は未集計"},"geometry":{"type":"Polygon","coordinates":[[[130.874967782,33.44990555900001],[130.873564163,33.44977277500001],[130.872486394,33.449815279],[130.871967224,33.449702775],[130.871510311,33.45000000000001],[130.875,33.45000000000001],[130.874967782,33.44990555900001]]]}},{"type":"Feature","id":"40602:503017303","properties":{"id":"40602:503017303","meshCode":"503017303","cityCode":"40602","city":"添田町","lat":33.4499598,"lon":130.8750463,"areaKm2":7.68e-05,"populated2020":false,"population2020":null,"populationNote":"境界またぎ・原典収録外のため自治体内人口は未集計"},"geometry":{"type":"Polygon","coordinates":[[[130.875,33.44991955900005],[130.875,33.45000000000001],[130.87518527899977,33.45000000000001],[130.875,33.44991955900005]]]}},{"type":"Feature","id":"40602:503017314","properties":{"id":"40602:503017314","meshCode":"503017314","cityCode":"40602","city":"添田町","lat":33.4499397,"lon":130.8999862,"areaKm2":3.43e-05,"populated2020":false,"population2020":null,"populationNote":"境界またぎ・原典収録外のため自治体内人口は未集計"},"geometry":{"type":"Polygon","coordinates":[[[130.89999981799997,33.449879468000056],[130.89994496800017,33.45000000000001],[130.9,33.45000000000001],[130.89999981799997,33.449879468000056]]]}},{"type":"Feature","id":"40602:503017323","properties":{"id":"40602:503017323","meshCode":"503017323","cityCode":"40602","city":"添田町","lat":33.4494154,"lon":130.902768,"areaKm2":0.0465748,"populated2020":false,"population2020":null,"populationNote":"境界またぎ・原典収録外のため自治体内人口は未集計"},"geometry":{"type":"Polygon","coordinates":[[[130.90625,33.45],[130.9055452010001,33.44963874800004],[130.904994086,33.449134856000114],[130.903119598,33.44924515300006],[130.90180901400015,33.44898155900012],[130.90119344999994,33.449281847000066],[130.90090038899996,33.44930517999996],[130.900280661,33.44921157700014],[130.9,33.45000000000001],[130.90625,33.45]]]}},{"type":"Feature","id":"40602:503017324","properties":{"id":"40602:503017324","meshCode":"503017324","cityCode":"40602","city":"添田町","lat":33.4498387,"lon":130.9079872,"areaKm2":0.0055045,"populated2020":false,"population2020":null,"populationNote":"境界またぎ・原典収録外のため自治体内人口は未集計"},"geometry":{"type":"MultiPolygon","coordinates":[[[[130.91053447500008,33.449788694],[130.91022029800016,33.449705081000104],[130.90970848200047,33.45000000000001],[130.91085413699986,33.45],[130.91053447500008,33.449788694]]],[[[130.90865198399993,33.45],[130.90828108899996,33.44968176600003],[130.90786608300004,33.449565107999994],[130.90724468200045,33.45],[130.90865198399993,33.45]]],[[[130.90625,33.44997434033243],[130.90625,33.45],[130.90630574599982,33.45000000000001],[130.90625,33.44997434033243]]]]}},{"type":"Feature","id":"40602:503016472","properties":{"id":"40602:503016472","meshCode":"503016472","cityCode":"40602","city":"添田町","lat":33.4532274,"lon":130.849635,"areaKm2":0.0142826,"populated2020":false,"population2020":null,"populationNote":"境界またぎ・原典収録外のため自治体内人口は未集計"},"geometry":{"type":"Polygon","coordinates":[[[130.849955551,33.452453613],[130.849626667,33.452881667],[130.84932,33.45313249500001],[130.849165551,33.453395559],[130.848605551,33.453791387],[130.84864381455844,33.454166666666666],[130.85,33.454166666666666],[130.849955551,33.452453613]]]}},{"type":"Feature","id":"40602:503016481","properties":{"id":"40602:503016481","meshCode":"503016481","cityCode":"40602","city":"添田町","lat":33.4520833,"lon":130.853125,"areaKm2":0.2548919,"populated2020":false,"population2020":null,"populationNote":"境界またぎ・原典収録外のため自治体内人口は未集計"},"geometry":{"type":"Polygon","coordinates":[[[130.852643696,33.45000000000001],[130.85252917,33.450231108],[130.852370558,33.450320559],[130.851587782,33.45005972100001],[130.850644163,33.450131667],[130.850563606,33.451047495],[130.850233333,33.451513054],[130.850276394,33.45219416199999],[130.850168054,33.452382495],[130.85,33.452435],[130.85,33.454166666666666],[130.85625,33.454166666666666],[130.85625,33.45],[130.852643696,33.45000000000001]]]}},{"type":"Feature","id":"40602:503016482","properties":{"id":"40602:503016482","meshCode":"503016482","cityCode":"40602","city":"添田町","lat":33.4520833,"lon":130.859375,"areaKm2":0.2681062,"populated2020":false,"population2020":null,"populationNote":"境界またぎ・原典収録外のため自治体内人口は未集計"},"geometry":{"type":"Polygon","coordinates":[[[130.862453606,33.450089721],[130.861758197,33.45000000000001],[130.85625,33.45],[130.85625,33.454166666666666],[130.8625,33.454166666666666],[130.862453606,33.450089721]]]}},{"type":"Feature","id":"40602:503016491","properties":{"id":"40602:503016491","meshCode":"503016491","cityCode":"40602","city":"添田町","lat":33.4520833,"lon":130.865625,"areaKm2":0.2252877,"populated2020":false,"population2020":null,"populationNote":"境界またぎ・原典収録外のため自治体内人口は未集計"},"geometry":{"type":"Polygon","coordinates":[[[130.86875,33.45033286241313],[130.868254721,33.45034777499999],[130.866487782,33.450853892],[130.865946394,33.450834721],[130.86438083,33.451041667],[130.864194163,33.450985],[130.863788612,33.45067055900001],[130.863278054,33.450542225],[130.86284917,33.450237225],[130.8625,33.450102717852246],[130.8625,33.454166666666666],[130.86875,33.454166666666666],[130.86875,33.45033286241313]]]}},{"type":"Feature","id":"40602:503016492","properties":{"id":"40602:503016492","meshCode":"503016492","cityCode":"40602","city":"添田町","lat":33.4520833,"lon":130.871875,"areaKm2":0.2530339,"populated2020":false,"population2020":null,"populationNote":"境界またぎ・原典収録外のため自治体内人口は未集計"},"geometry":{"type":"Polygon","coordinates":[[[130.871469442,33.450031946],[130.871167224,33.450618613],[130.87069111500003,33.45088749500001],[130.86948,33.45040194599999],[130.86875,33.45033286241313],[130.86875,33.454166666666666],[130.875,33.454166666666666],[130.875,33.45000000000001],[130.871469442,33.450031946]]]}},{"type":"Feature","id":"40602:503017401","properties":{"id":"40602:503017401","meshCode":"503017401","cityCode":"40602","city":"添田町","lat":33.4520833,"lon":130.878125,"areaKm2":0.2095541,"populated2020":false,"population2020":null,"populationNote":"境界またぎ・原典収録外のため自治体内人口は未集計"},"geometry":{"type":"Polygon","coordinates":[[[130.88125,33.45142669954561],[130.88049247700008,33.45209744099997],[130.8792546950001,33.45119186500006],[130.878201089,33.451052649000076],[130.87711387800016,33.450358441],[130.87567832700017,33.450163928],[130.875,33.45000000000001],[130.875,33.454166666666666],[130.88125,33.454166666666666],[130.88125,33.45142669954561]]]}},{"type":"Feature","id":"40602:503017402","properties":{"id":"40602:503017402","meshCode":"503017402","cityCode":"40602","city":"添田町","lat":33.4520833,"lon":130.884375,"areaKm2":0.2050447,"populated2020":false,"population2020":null,"populationNote":"境界またぎ・原典収録外のため自治体内人口は未集計"},"geometry":{"type":"Polygon","coordinates":[[[130.88683771699993,33.450773631000054],[130.88445549900018,33.451010161999996],[130.8825196890001,33.45113284700011],[130.88184134900007,33.451111702999974],[130.88142163399993,33.4512977930001],[130.88125,33.45142669954561],[130.88125,33.454166666666666],[130.8875,33.454166666666666],[130.8875,33.45064344077973],[130.88683771699993,33.450773631000054]]]}},{"type":"Feature","id":"40602:503017411","properties":{"id":"40602:503017411","meshCode":"503017411","cityCode":"40602","city":"添田町","lat":33.4523806,"lon":130.8886723,"areaKm2":0.1388571,"populated2020":false,"population2020":null,"populationNote":"境界またぎ・原典収録外のため自治体内人口は未集計"},"geometry":{"type":"Polygon","coordinates":[[[130.89375,33.45227286651168],[130.89277989599998,33.45227420700007],[130.89116046700008,33.45259582000012],[130.89018630400017,33.45264218900013],[130.889898249,33.45243608099997],[130.8887624250001,33.451200314999994],[130.88829020799994,33.4508331080001],[130.88801548599997,33.45064256799998],[130.8875,33.45064344077973],[130.8875,33.454166666666666],[130.89375,33.454166666666666],[130.89375,33.45227286651168]]]}},{"type":"Feature","id":"40602:503017412","properties":{"id":"40602:503017412","meshCode":"503017412","cityCode":"40602","city":"添田町","lat":33.4520833,"lon":130.896875,"areaKm2":0.163615,"populated2020":false,"population2020":null,"populationNote":"境界またぎ・原典収録外のため自治体内人口は未集計"},"geometry":{"type":"Polygon","coordinates":[[[130.9,33.45000000000001],[130.89945343700003,33.45105212600009],[130.89915732800011,33.45137407200007],[130.89837204900005,33.451585441000084],[130.897431505,33.45148320700014],[130.89632290500015,33.45163207200011],[130.89454875500007,33.4522028560001],[130.89375,33.45227286651168],[130.89375,33.454166666666666],[130.9,33.45416666666667],[130.9,33.45000000000001]]]}},{"type":"Feature","id":"40602:503017421","properties":{"id":"40602:503017421","meshCode":"503017421","cityCode":"40602","city":"添田町","lat":33.4520833,"lon":130.903125,"areaKm2":0.2684872,"populated2020":false,"population2020":null,"populationNote":"境界またぎ・原典収録外のため自治体内人口は未集計"},"geometry":{"type":"Polygon","coordinates":[[[130.9,33.45000000000001],[130.9,33.45416666666667],[130.90625,33.45416666666666],[130.90625,33.45],[130.9,33.45000000000001]]]}},{"type":"Feature","id":"40602:503017422","properties":{"id":"40602:503017422","meshCode":"503017422","cityCode":"40602","city":"添田町","lat":33.4520833,"lon":130.909375,"areaKm2":0.2576412,"populated2020":false,"population2020":null,"populationNote":"境界またぎ・原典収録外のため自治体内人口は未集計"},"geometry":{"type":"Polygon","coordinates":[[[130.91205255499995,33.450815901],[130.91085413699986,33.45],[130.90970848200047,33.45000000000001],[130.90883304800002,33.45018926100005],[130.90865198399993,33.45],[130.90724468200045,33.45],[130.90664050600003,33.45013262200007],[130.90625,33.45],[130.90625,33.45416666666666],[130.9125,33.45416666666667],[130.9125,33.45089344563336],[130.91205255499995,33.450815901]]]}},{"type":"Feature","id":"40602:503017431","properties":{"id":"40602:503017431","meshCode":"503017431","cityCode":"40602","city":"添田町","lat":33.4527365,"lon":130.9133873,"areaKm2":0.0526399,"populated2020":false,"population2020":null,"populationNote":"境界またぎ・原典収録外のため自治体内人口は未集計"},"geometry":{"type":"Polygon","coordinates":[[[130.915470944525,33.454166666666666],[130.91392728899996,33.452363396000074],[130.9125,33.45089344563336],[130.9125,33.45416666666667],[130.915470944525,33.454166666666666]]]}},{"type":"Feature","id":"40602:503016474","properties":{"id":"40602:503016474","meshCode":"503016474","cityCode":"40602","city":"添田町","lat":33.4563275,"lon":130.8486303,"areaKm2":0.1125364,"populated2020":false,"population2020":null,"populationNote":"境界またぎ・原典収録外のため自治体内人口は未集計"},"geometry":{"type":"Polygon","coordinates":[[[130.84864381455844,33.454166666666666],[130.848596109,33.455072495],[130.848315279,33.455251108],[130.847951946,33.455687775],[130.847667497,33.455844162],[130.847295837,33.456218613],[130.847225551,33.456436387],[130.846850558,33.456841946000004],[130.84626166,33.457171667],[130.846186939,33.457912775],[130.84625083,33.458203613],[130.8461572235654,33.45833333333334],[130.85,33.458333333333336],[130.85,33.454166666666666],[130.84864381455844,33.454166666666666]]]}},{"type":"Feature","id":"40602:503016483","properties":{"id":"40602:503016483","meshCode":"503016483","cityCode":"40602","city":"添田町","lat":33.45625,"lon":130.853125,"areaKm2":0.2684752,"populated2020":false,"population2020":null,"populationNote":"境界またぎ・原典収録外のため自治体内人口は未集計"},"geometry":{"type":"Polygon","coordinates":[[[130.85,33.454166666666666],[130.85,33.458333333333336],[130.85625,33.45833333333334],[130.85625,33.454166666666666],[130.85,33.454166666666666]]]}},{"type":"Feature","id":"40602:503016484","properties":{"id":"40602:503016484","meshCode":"503016484","cityCode":"40602","city":"添田町","lat":33.45625,"lon":130.859375,"areaKm2":0.2684751,"populated2020":false,"population2020":null,"populationNote":"境界またぎ・原典収録外のため自治体内人口は未集計"},"geometry":{"type":"Polygon","coordinates":[[[130.85625,33.454166666666666],[130.85625,33.45833333333334],[130.8625,33.458333333333336],[130.8625,33.454166666666666],[130.85625,33.454166666666666]]]}},{"type":"Feature","id":"40602:503016493","properties":{"id":"40602:503016493","meshCode":"503016493","cityCode":"40602","city":"添田町","lat":33.45625,"lon":130.865625,"areaKm2":0.268475,"populated2020":false,"population2020":null,"populationNote":"境界またぎ・原典収録外のため自治体内人口は未集計"},"geometry":{"type":"Polygon","coordinates":[[[130.8625,33.454166666666666],[130.8625,33.458333333333336],[130.86875,33.458333333333336],[130.86875,33.454166666666666],[130.8625,33.454166666666666]]]}},{"type":"Feature","id":"40602:503016494","properties":{"id":"40602:503016494","meshCode":"503016494","cityCode":"40602","city":"添田町","lat":33.45625,"lon":130.871875,"areaKm2":0.2684749,"populated2020":false,"population2020":null,"populationNote":"境界またぎ・原典収録外のため自治体内人口は未集計"},"geometry":{"type":"Polygon","coordinates":[[[130.86875,33.454166666666666],[130.86875,33.458333333333336],[130.875,33.45833333333334],[130.875,33.454166666666666],[130.86875,33.454166666666666]]]}},{"type":"Feature","id":"40602:503017403","properties":{"id":"40602:503017403","meshCode":"503017403","cityCode":"40602","city":"添田町","lat":33.45625,"lon":130.878125,"areaKm2":0.2684748,"populated2020":false,"population2020":null,"populationNote":"境界またぎ・原典収録外のため自治体内人口は未集計"},"geometry":{"type":"Polygon","coordinates":[[[130.875,33.454166666666666],[130.875,33.45833333333334],[130.88125,33.45833333333334],[130.88125,33.454166666666666],[130.875,33.454166666666666]]]}},{"type":"Feature","id":"40602:503017404","properties":{"id":"40602:503017404","meshCode":"503017404","cityCode":"40602","city":"添田町","lat":33.45625,"lon":130.884375,"areaKm2":0.2684747,"populated2020":false,"population2020":null,"populationNote":"境界またぎ・原典収録外のため自治体内人口は未集計"},"geometry":{"type":"Polygon","coordinates":[[[130.88125,33.454166666666666],[130.88125,33.45833333333334],[130.8875,33.45833333333334],[130.8875,33.454166666666666],[130.88125,33.454166666666666]]]}},{"type":"Feature","id":"40602:503017413","properties":{"id":"40602:503017413","meshCode":"503017413","cityCode":"40602","city":"添田町","lat":33.45625,"lon":130.890625,"areaKm2":0.2684747,"populated2020":false,"population2020":null,"populationNote":"境界またぎ・原典収録外のため自治体内人口は未集計"},"geometry":{"type":"Polygon","coordinates":[[[130.8875,33.454166666666666],[130.8875,33.45833333333334],[130.89375,33.45833333333334],[130.89375,33.454166666666666],[130.8875,33.454166666666666]]]}},{"type":"Feature","id":"40602:503017414","properties":{"id":"40602:503017414","meshCode":"503017414","cityCode":"40602","city":"添田町","lat":33.45625,"lon":130.896875,"areaKm2":0.2684746,"populated2020":false,"population2020":null,"populationNote":"境界またぎ・原典収録外のため自治体内人口は未集計"},"geometry":{"type":"Polygon","coordinates":[[[130.89375,33.454166666666666],[130.89375,33.45833333333334],[130.9,33.458333333333336],[130.9,33.45416666666667],[130.89375,33.454166666666666]]]}},{"type":"Feature","id":"40602:503017423","properties":{"id":"40602:503017423","meshCode":"503017423","cityCode":"40602","city":"添田町","lat":33.45625,"lon":130.903125,"areaKm2":0.2684745,"populated2020":false,"population2020":null,"populationNote":"境界またぎ・原典収録外のため自治体内人口は未集計"},"geometry":{"type":"Polygon","coordinates":[[[130.9,33.45416666666667],[130.9,33.458333333333336],[130.90625,33.45833333333334],[130.90625,33.45416666666666],[130.9,33.45416666666667]]]}},{"type":"Feature","id":"40602:503017424","properties":{"id":"40602:503017424","meshCode":"503017424","cityCode":"40602","city":"添田町","lat":33.45625,"lon":130.909375,"areaKm2":0.2684744,"populated2020":false,"population2020":null,"populationNote":"境界またぎ・原典収録外のため自治体内人口は未集計"},"geometry":{"type":"Polygon","coordinates":[[[130.90625,33.45416666666666],[130.90625,33.45833333333334],[130.9125,33.458333333333336],[130.9125,33.45416666666667],[130.90625,33.45416666666666]]]}},{"type":"Feature","id":"40602:503017433","properties":{"id":"40602:503017433","meshCode":"503017433","cityCode":"40602","city":"添田町","lat":33.45625,"lon":130.915625,"areaKm2":0.2329734,"populated2020":false,"population2020":null,"populationNote":"境界またぎ・原典収録外のため自治体内人口は未集計"},"geometry":{"type":"Polygon","coordinates":[[[130.91875,33.455838820279254],[130.917548119,33.455330901000025],[130.91691979200004,33.45512395499992],[130.91637645900005,33.45505062199999],[130.9157245140001,33.454803955000095],[130.915470944525,33.454166666666666],[130.9125,33.45416666666667],[130.9125,33.458333333333336],[130.91875,33.45833333333333],[130.91875,33.455838820279254]]]}},{"type":"Feature","id":"40602:503017434","properties":{"id":"40602:503017434","meshCode":"503017434","cityCode":"40602","city":"添田町","lat":33.4572149,"lon":130.9216149,"areaKm2":0.1123131,"populated2020":false,"population2020":null,"populationNote":"境界またぎ・原典収録外のため自治体内人口は未集計"},"geometry":{"type":"Polygon","coordinates":[[[130.9247917250001,33.45762453200001],[130.924284501,33.456964523],[130.92349505799996,33.45691785600013],[130.92204534400014,33.456370909999976],[130.92097561600008,33.45652452299999],[130.91967644600004,33.456270910000065],[130.91905811900006,33.45593063100006],[130.91875,33.455838820279254],[130.91875,33.45833333333333],[130.925,33.458333333333336],[130.925,33.457664207],[130.9247917250001,33.45762453200001]]]}},{"type":"Feature","id":"40602:503017443","properties":{"id":"40602:503017443","meshCode":"503017443","cityCode":"40602","city":"添田町","lat":33.4579247,"lon":130.9258152,"areaKm2":0.0119934,"populated2020":false,"population2020":null,"populationNote":"境界またぎ・原典収録外のため自治体内人口は未集計"},"geometry":{"type":"Polygon","coordinates":[[[130.92711464299998,33.4583333330001],[130.92628588799994,33.45762453200002],[130.925,33.457664207],[130.925,33.458333333333336],[130.92711464299998,33.4583333330001]]]}},{"type":"Feature","id":"40602:503016572","properties":{"id":"40602:503016572","meshCode":"503016572","cityCode":"40602","city":"添田町","lat":33.4604167,"lon":130.846875,"areaKm2":0.2179802,"populated2020":false,"population2020":null,"populationNote":"境界またぎ・原典収録外のため自治体内人口は未集計"},"geometry":{"type":"Polygon","coordinates":[[[130.845871115,33.458552774999994],[130.845666394,33.459143054],[130.845283606,33.459309721],[130.844909442,33.459720829],[130.844698327,33.46104527899999],[130.844409728,33.461650559],[130.84436221800001,33.46213805399999],[130.84419026443558,33.4625],[130.85,33.46249999999999],[130.85,33.458333333333336],[130.8461572235654,33.45833333333334],[130.845871115,33.458552774999994]]]}},{"type":"Feature","id":"40602:503016581","properties":{"id":"40602:503016581","meshCode":"503016581","cityCode":"40602","city":"添田町","lat":33.4604167,"lon":130.853125,"areaKm2":0.2684625,"populated2020":false,"population2020":null,"populationNote":"境界またぎ・原典収録外のため自治体内人口は未集計"},"geometry":{"type":"Polygon","coordinates":[[[130.85,33.458333333333336],[130.85,33.46249999999999],[130.85625,33.4625],[130.85625,33.45833333333334],[130.85,33.458333333333336]]]}},{"type":"Feature","id":"40602:503016582","properties":{"id":"40602:503016582","meshCode":"503016582","cityCode":"40602","city":"添田町","lat":33.4604167,"lon":130.859375,"areaKm2":0.2684624,"populated2020":false,"population2020":null,"populationNote":"境界またぎ・原典収録外のため自治体内人口は未集計"},"geometry":{"type":"Polygon","coordinates":[[[130.85625,33.45833333333334],[130.85625,33.4625],[130.8625,33.46249999999999],[130.8625,33.458333333333336],[130.85625,33.45833333333334]]]}},{"type":"Feature","id":"40602:503016591","properties":{"id":"40602:503016591","meshCode":"503016591","cityCode":"40602","city":"添田町","lat":33.4604167,"lon":130.865625,"areaKm2":0.2684623,"populated2020":false,"population2020":null,"populationNote":"境界またぎ・原典収録外のため自治体内人口は未集計"},"geometry":{"type":"Polygon","coordinates":[[[130.8625,33.458333333333336],[130.8625,33.46249999999999],[130.86875,33.4625],[130.86875,33.458333333333336],[130.8625,33.458333333333336]]]}},{"type":"Feature","id":"40602:503016592","properties":{"id":"40602:503016592","meshCode":"503016592","cityCode":"40602","city":"添田町","lat":33.4604167,"lon":130.871875,"areaKm2":0.2684623,"populated2020":false,"population2020":null,"populationNote":"境界またぎ・原典収録外のため自治体内人口は未集計"},"geometry":{"type":"Polygon","coordinates":[[[130.86875,33.458333333333336],[130.86875,33.4625],[130.875,33.4625],[130.875,33.45833333333334],[130.86875,33.458333333333336]]]}},{"type":"Feature","id":"40602:503017501","properties":{"id":"40602:503017501","meshCode":"503017501","cityCode":"40602","city":"添田町","lat":33.4604167,"lon":130.878125,"areaKm2":0.2684622,"populated2020":false,"population2020":null,"populationNote":"境界またぎ・原典収録外のため自治体内人口は未集計"},"geometry":{"type":"Polygon","coordinates":[[[130.875,33.45833333333334],[130.875,33.4625],[130.88125,33.46249999999999],[130.88125,33.45833333333334],[130.875,33.45833333333334]]]}},{"type":"Feature","id":"40602:503017502","properties":{"id":"40602:503017502","meshCode":"503017502","cityCode":"40602","city":"添田町","lat":33.4604167,"lon":130.884375,"areaKm2":0.2684621,"populated2020":false,"population2020":null,"populationNote":"境界またぎ・原典収録外のため自治体内人口は未集計"},"geometry":{"type":"Polygon","coordinates":[[[130.88125,33.45833333333334],[130.88125,33.46249999999999],[130.8875,33.4625],[130.8875,33.45833333333334],[130.88125,33.45833333333334]]]}},{"type":"Feature","id":"40602:503017511","properties":{"id":"40602:503017511","meshCode":"503017511","cityCode":"40602","city":"添田町","lat":33.4604167,"lon":130.890625,"areaKm2":0.268462,"populated2020":false,"population2020":null,"populationNote":"境界またぎ・原典収録外のため自治体内人口は未集計"},"geometry":{"type":"Polygon","coordinates":[[[130.8875,33.45833333333334],[130.8875,33.4625],[130.89375,33.4625],[130.89375,33.45833333333334],[130.8875,33.45833333333334]]]}},{"type":"Feature","id":"40602:503017512","properties":{"id":"40602:503017512","meshCode":"503017512","cityCode":"40602","city":"添田町","lat":33.4604167,"lon":130.896875,"areaKm2":0.2684619,"populated2020":false,"population2020":null,"populationNote":"境界またぎ・原典収録外のため自治体内人口は未集計"},"geometry":{"type":"Polygon","coordinates":[[[130.89375,33.45833333333334],[130.89375,33.4625],[130.9,33.4625],[130.9,33.458333333333336],[130.89375,33.45833333333334]]]}},{"type":"Feature","id":"40602:503017521","properties":{"id":"40602:503017521","meshCode":"503017521","cityCode":"40602","city":"添田町","lat":33.4604167,"lon":130.903125,"areaKm2":0.2684618,"populated2020":false,"population2020":null,"populationNote":"境界またぎ・原典収録外のため自治体内人口は未集計"},"geometry":{"type":"Polygon","coordinates":[[[130.9,33.458333333333336],[130.9,33.4625],[130.90625,33.462500000000006],[130.90625,33.45833333333334],[130.9,33.458333333333336]]]}},{"type":"Feature","id":"40602:503017522","properties":{"id":"40602:503017522","meshCode":"503017522","cityCode":"40602","city":"添田町","lat":33.4604167,"lon":130.909375,"areaKm2":0.2684618,"populated2020":false,"population2020":null,"populationNote":"境界またぎ・原典収録外のため自治体内人口は未集計"},"geometry":{"type":"Polygon","coordinates":[[[130.90625,33.45833333333334],[130.90625,33.462500000000006],[130.9125,33.4625],[130.9125,33.458333333333336],[130.90625,33.45833333333334]]]}},{"type":"Feature","id":"40602:503017531","properties":{"id":"40602:503017531","meshCode":"503017531","cityCode":"40602","city":"添田町","lat":33.4604167,"lon":130.915625,"areaKm2":0.2684617,"populated2020":false,"population2020":null,"populationNote":"境界またぎ・原典収録外のため自治体内人口は未集計"},"geometry":{"type":"Polygon","coordinates":[[[130.9125,33.458333333333336],[130.9125,33.4625],[130.91875,33.4625],[130.91875,33.45833333333333],[130.9125,33.458333333333336]]]}},{"type":"Feature","id":"40602:503017532","properties":{"id":"40602:503017532","meshCode":"503017532","cityCode":"40602","city":"添田町","lat":33.4604167,"lon":130.921875,"areaKm2":0.2684617,"populated2020":false,"population2020":null,"populationNote":"境界またぎ・原典収録外のため自治体内人口は未集計"},"geometry":{"type":"Polygon","coordinates":[[[130.91875,33.45833333333333],[130.91875,33.4625],[130.925,33.462500000000006],[130.925,33.458333333333336],[130.91875,33.45833333333333]]]}},{"type":"Feature","id":"40602:503017541","properties":{"id":"40602:503017541","meshCode":"503017541","cityCode":"40602","city":"添田町","lat":33.4604167,"lon":130.928125,"areaKm2":0.1617849,"populated2020":false,"population2020":null,"populationNote":"境界またぎ・原典収録外のため自治体内人口は未集計"},"geometry":{"type":"Polygon","coordinates":[[[130.929659196,33.46247616200015],[130.92963836600006,33.462248955000064],[130.92928031099996,33.46137985599999],[130.929246433,33.46062546799993],[130.928592827,33.46011134200006],[130.92834671900005,33.45942389200002],[130.92793977999997,33.45899781100002],[130.9271146434186,33.458333333333336],[130.925,33.458333333333336],[130.925,33.462500000000006],[130.929659196,33.46247616200015]]]}},{"type":"Feature","id":"40602:503016573","properties":{"id":"40602:503016573","meshCode":"503016573","cityCode":"40602","city":"添田町","lat":33.4647071,"lon":130.8427556,"areaKm2":0.1036655,"populated2020":false,"population2020":null,"populationNote":"境界またぎ・原典収録外のため自治体内人口は未集計"},"geometry":{"type":"Polygon","coordinates":[[[130.843547224,33.462693333000004],[130.842694721,33.463015279],[130.842011946,33.463976108],[130.841863891,33.464561946],[130.841707497,33.46476055899999],[130.841112776,33.46500361299999],[130.84043917,33.465596667],[130.839206939,33.46610444099999],[130.83857869044044,33.46666666666666],[130.84375,33.466666666666676],[130.84375,33.46269703126343],[130.843547224,33.462693333000004]]]}},{"type":"Feature","id":"40602:503016574","properties":{"id":"40602:503016574","meshCode":"503016574","cityCode":"40602","city":"添田町","lat":33.4645833,"lon":130.846875,"areaKm2":0.2677138,"populated2020":false,"population2020":null,"populationNote":"境界またぎ・原典収録外のため自治体内人口は未集計"},"geometry":{"type":"Polygon","coordinates":[[[130.844174163,33.46253389200001],[130.843993061,33.462688054],[130.84375,33.46269703126343],[130.84375,33.466666666666676],[130.85,33.46666666666667],[130.85,33.46249999999999],[130.844174163,33.46253389200001]]]}},{"type":"Feature","id":"40602:503016583","properties":{"id":"40602:503016583","meshCode":"503016583","cityCode":"40602","city":"添田町","lat":33.4645833,"lon":130.853125,"areaKm2":0.2684499,"populated2020":false,"population2020":null,"populationNote":"境界またぎ・原典収録外のため自治体内人口は未集計"},"geometry":{"type":"Polygon","coordinates":[[[130.85,33.46249999999999],[130.85,33.46666666666667],[130.85625,33.46666666666667],[130.85625,33.4625],[130.85,33.46249999999999]]]}},{"type":"Feature","id":"40602:503016584","properties":{"id":"40602:503016584","meshCode":"503016584","cityCode":"40602","city":"添田町","lat":33.4645833,"lon":130.859375,"areaKm2":0.2684498,"populated2020":false,"population2020":null,"populationNote":"境界またぎ・原典収録外のため自治体内人口は未集計"},"geometry":{"type":"Polygon","coordinates":[[[130.85625,33.4625],[130.85625,33.46666666666667],[130.8625,33.46666666666667],[130.8625,33.46249999999999],[130.85625,33.4625]]]}},{"type":"Feature","id":"40602:503016593","properties":{"id":"40602:503016593","meshCode":"503016593","cityCode":"40602","city":"添田町","lat":33.4645833,"lon":130.865625,"areaKm2":0.2684497,"populated2020":false,"population2020":null,"populationNote":"境界またぎ・原典収録外のため自治体内人口は未集計"},"geometry":{"type":"Polygon","coordinates":[[[130.8625,33.46249999999999],[130.8625,33.46666666666667],[130.86875,33.46666666666667],[130.86875,33.4625],[130.8625,33.46249999999999]]]}},{"type":"Feature","id":"40602:503016594","properties":{"id":"40602:503016594","meshCode":"503016594","cityCode":"40602","city":"添田町","lat":33.4645833,"lon":130.871875,"areaKm2":0.2684496,"populated2020":false,"population2020":null,"populationNote":"境界またぎ・原典収録外のため自治体内人口は未集計"},"geometry":{"type":"Polygon","coordinates":[[[130.86875,33.4625],[130.86875,33.46666666666667],[130.875,33.466666666666676],[130.875,33.4625],[130.86875,33.4625]]]}},{"type":"Feature","id":"40602:503017503","properties":{"id":"40602:503017503","meshCode":"503017503","cityCode":"40602","city":"添田町","lat":33.4645833,"lon":130.878125,"areaKm2":0.2684495,"populated2020":true,"population2020":23.1984,"populationNote":"2020年基準の国交省調整値"},"geometry":{"type":"Polygon","coordinates":[[[130.875,33.4625],[130.875,33.466666666666676],[130.88125,33.466666666666676],[130.88125,33.46249999999999],[130.875,33.4625]]]}},{"type":"Feature","id":"40602:503017504","properties":{"id":"40602:503017504","meshCode":"503017504","cityCode":"40602","city":"添田町","lat":33.4645833,"lon":130.884375,"areaKm2":0.2684494,"populated2020":false,"population2020":null,"populationNote":"境界またぎ・原典収録外のため自治体内人口は未集計"},"geometry":{"type":"Polygon","coordinates":[[[130.88125,33.46249999999999],[130.88125,33.466666666666676],[130.8875,33.46666666666667],[130.8875,33.4625],[130.88125,33.46249999999999]]]}},{"type":"Feature","id":"40602:503017513","properties":{"id":"40602:503017513","meshCode":"503017513","cityCode":"40602","city":"添田町","lat":33.4645833,"lon":130.890625,"areaKm2":0.2684493,"populated2020":false,"population2020":null,"populationNote":"境界またぎ・原典収録外のため自治体内人口は未集計"},"geometry":{"type":"Polygon","coordinates":[[[130.8875,33.4625],[130.8875,33.46666666666667],[130.89375,33.46666666666667],[130.89375,33.4625],[130.8875,33.4625]]]}},{"type":"Feature","id":"40602:503017514","properties":{"id":"40602:503017514","meshCode":"503017514","cityCode":"40602","city":"添田町","lat":33.4645833,"lon":130.896875,"areaKm2":0.2684493,"populated2020":false,"population2020":null,"populationNote":"境界またぎ・原典収録外のため自治体内人口は未集計"},"geometry":{"type":"Polygon","coordinates":[[[130.89375,33.4625],[130.89375,33.46666666666667],[130.9,33.46666666666667],[130.9,33.4625],[130.89375,33.4625]]]}},{"type":"Feature","id":"40602:503017523","properties":{"id":"40602:503017523","meshCode":"503017523","cityCode":"40602","city":"添田町","lat":33.4645833,"lon":130.903125,"areaKm2":0.2684492,"populated2020":false,"population2020":null,"populationNote":"境界またぎ・原典収録外のため自治体内人口は未集計"},"geometry":{"type":"Polygon","coordinates":[[[130.9,33.4625],[130.9,33.46666666666667],[130.90625,33.46666666666666],[130.90625,33.462500000000006],[130.9,33.4625]]]}},{"type":"Feature","id":"40602:503017524","properties":{"id":"40602:503017524","meshCode":"503017524","cityCode":"40602","city":"添田町","lat":33.4645833,"lon":130.909375,"areaKm2":0.2684491,"populated2020":false,"population2020":null,"populationNote":"境界またぎ・原典収録外のため自治体内人口は未集計"},"geometry":{"type":"Polygon","coordinates":[[[130.90625,33.462500000000006],[130.90625,33.46666666666666],[130.9125,33.46666666666667],[130.9125,33.4625],[130.90625,33.462500000000006]]]}},{"type":"Feature","id":"40602:503017533","properties":{"id":"40602:503017533","meshCode":"503017533","cityCode":"40602","city":"添田町","lat":33.4645833,"lon":130.915625,"areaKm2":0.2684491,"populated2020":false,"population2020":null,"populationNote":"境界またぎ・原典収録外のため自治体内人口は未集計"},"geometry":{"type":"Polygon","coordinates":[[[130.9125,33.4625],[130.9125,33.46666666666667],[130.91875,33.46666666666667],[130.91875,33.4625],[130.9125,33.4625]]]}},{"type":"Feature","id":"40602:503017534","properties":{"id":"40602:503017534","meshCode":"503017534","cityCode":"40602","city":"添田町","lat":33.4645833,"lon":130.921875,"areaKm2":0.268449,"populated2020":false,"population2020":null,"populationNote":"境界またぎ・原典収録外のため自治体内人口は未集計"},"geometry":{"type":"Polygon","coordinates":[[[130.91875,33.4625],[130.91875,33.46666666666667],[130.925,33.46666666666667],[130.925,33.462500000000006],[130.91875,33.4625]]]}},{"type":"Feature","id":"40602:503017543","properties":{"id":"40602:503017543","meshCode":"503017543","cityCode":"40602","city":"添田町","lat":33.4645833,"lon":130.928125,"areaKm2":0.2308117,"populated2020":false,"population2020":null,"populationNote":"境界またぎ・原典収録外のため自治体内人口は未集計"},"geometry":{"type":"Polygon","coordinates":[[[130.93058055799997,33.46663889200011],[130.93068138800004,33.46615809900004],[130.9304844620001,33.46379966699994],[130.93018696500008,33.463394703000006],[130.92980946800014,33.4631241620001],[130.92961669300007,33.46288335099996],[130.92965088115767,33.4625],[130.925,33.462500000000006],[130.925,33.46666666666667],[130.93058055799997,33.46663889200011]]]}},{"type":"Feature","id":"40602:503016662","properties":{"id":"40602:503016662","meshCode":"503016662","cityCode":"40602","city":"添田町","lat":33.4693876,"lon":130.836703,"areaKm2":0.0455328,"populated2020":true,"population2020":null,"populationNote":"境界またぎ・原典収録外のため自治体内人口は未集計"},"geometry":{"type":"Polygon","coordinates":[[[130.8375,33.467505864260524],[130.83678000000003,33.468015279],[130.83606333300003,33.468370279],[130.835966939,33.46857833300001],[130.835863606,33.469699721],[130.8360007935257,33.47083333333334],[130.8375,33.47083333333333],[130.8375,33.467505864260524]]]}},{"type":"Feature","id":"40602:503016671","properties":{"id":"40602:503016671","meshCode":"503016671","cityCode":"40602","city":"添田町","lat":33.46875,"lon":130.840625,"areaKm2":0.2641144,"populated2020":false,"population2020":null,"populationNote":"境界またぎ・原典収録外のため自治体内人口は未集計"},"geometry":{"type":"Polygon","coordinates":[[[130.83857869,33.466666667000005],[130.83795749700002,33.467079162],[130.8375,33.467505864260524],[130.8375,33.47083333333333],[130.84375,33.47083333333333],[130.84375,33.466666666666676],[130.83857869,33.466666667000005]]]}},{"type":"Feature","id":"40602:503016672","properties":{"id":"40602:503016672","meshCode":"503016672","cityCode":"40602","city":"添田町","lat":33.46875,"lon":130.846875,"areaKm2":0.2684373,"populated2020":false,"population2020":null,"populationNote":"境界またぎ・原典収録外のため自治体内人口は未集計"},"geometry":{"type":"Polygon","coordinates":[[[130.84375,33.466666666666676],[130.84375,33.47083333333333],[130.85,33.470833333333324],[130.85,33.46666666666667],[130.84375,33.466666666666676]]]}},{"type":"Feature","id":"40602:503016681","properties":{"id":"40602:503016681","meshCode":"503016681","cityCode":"40602","city":"添田町","lat":33.46875,"lon":130.853125,"areaKm2":0.2684372,"populated2020":false,"population2020":null,"populationNote":"境界またぎ・原典収録外のため自治体内人口は未集計"},"geometry":{"type":"Polygon","coordinates":[[[130.85,33.46666666666667],[130.85,33.470833333333324],[130.85625,33.47083333333333],[130.85625,33.46666666666667],[130.85,33.46666666666667]]]}},{"type":"Feature","id":"40602:503016682","properties":{"id":"40602:503016682","meshCode":"503016682","cityCode":"40602","city":"添田町","lat":33.46875,"lon":130.859375,"areaKm2":0.2684371,"populated2020":false,"population2020":null,"populationNote":"境界またぎ・原典収録外のため自治体内人口は未集計"},"geometry":{"type":"Polygon","coordinates":[[[130.85625,33.46666666666667],[130.85625,33.47083333333333],[130.8625,33.47083333333333],[130.8625,33.46666666666667],[130.85625,33.46666666666667]]]}},{"type":"Feature","id":"40602:503016691","properties":{"id":"40602:503016691","meshCode":"503016691","cityCode":"40602","city":"添田町","lat":33.46875,"lon":130.865625,"areaKm2":0.268437,"populated2020":false,"population2020":null,"populationNote":"境界またぎ・原典収録外のため自治体内人口は未集計"},"geometry":{"type":"Polygon","coordinates":[[[130.8625,33.46666666666667],[130.8625,33.47083333333333],[130.86875,33.470833333333324],[130.86875,33.46666666666667],[130.8625,33.46666666666667]]]}},{"type":"Feature","id":"40602:503016692","properties":{"id":"40602:503016692","meshCode":"503016692","cityCode":"40602","city":"添田町","lat":33.46875,"lon":130.871875,"areaKm2":0.2684369,"populated2020":true,"population2020":11.0971,"populationNote":"2020年基準の国交省調整値"},"geometry":{"type":"Polygon","coordinates":[[[130.86875,33.46666666666667],[130.86875,33.470833333333324],[130.875,33.470833333333324],[130.875,33.466666666666676],[130.86875,33.46666666666667]]]}},{"type":"Feature","id":"40602:503017601","properties":{"id":"40602:503017601","meshCode":"503017601","cityCode":"40602","city":"添田町","lat":33.46875,"lon":130.878125,"areaKm2":0.2684368,"populated2020":false,"population2020":null,"populationNote":"境界またぎ・原典収録外のため自治体内人口は未集計"},"geometry":{"type":"Polygon","coordinates":[[[130.875,33.466666666666676],[130.875,33.470833333333324],[130.88125,33.47083333333333],[130.88125,33.466666666666676],[130.875,33.466666666666676]]]}},{"type":"Feature","id":"40602:503017602","properties":{"id":"40602:503017602","meshCode":"503017602","cityCode":"40602","city":"添田町","lat":33.46875,"lon":130.884375,"areaKm2":0.2684368,"populated2020":false,"population2020":null,"populationNote":"境界またぎ・原典収録外のため自治体内人口は未集計"},"geometry":{"type":"Polygon","coordinates":[[[130.88125,33.466666666666676],[130.88125,33.47083333333333],[130.8875,33.47083333333334],[130.8875,33.46666666666667],[130.88125,33.466666666666676]]]}},{"type":"Feature","id":"40602:503017611","properties":{"id":"40602:503017611","meshCode":"503017611","cityCode":"40602","city":"添田町","lat":33.46875,"lon":130.890625,"areaKm2":0.2684367,"populated2020":false,"population2020":null,"populationNote":"境界またぎ・原典収録外のため自治体内人口は未集計"},"geometry":{"type":"Polygon","coordinates":[[[130.8875,33.46666666666667],[130.8875,33.47083333333334],[130.89375,33.470833333333324],[130.89375,33.46666666666667],[130.8875,33.46666666666667]]]}},{"type":"Feature","id":"40602:503017612","properties":{"id":"40602:503017612","meshCode":"503017612","cityCode":"40602","city":"添田町","lat":33.46875,"lon":130.896875,"areaKm2":0.2684366,"populated2020":false,"population2020":null,"populationNote":"境界またぎ・原典収録外のため自治体内人口は未集計"},"geometry":{"type":"Polygon","coordinates":[[[130.89375,33.46666666666667],[130.89375,33.470833333333324],[130.9,33.47083333333333],[130.9,33.46666666666667],[130.89375,33.46666666666667]]]}},{"type":"Feature","id":"40602:503017621","properties":{"id":"40602:503017621","meshCode":"503017621","cityCode":"40602","city":"添田町","lat":33.46875,"lon":130.903125,"areaKm2":0.2684365,"populated2020":false,"population2020":null,"populationNote":"境界またぎ・原典収録外のため自治体内人口は未集計"},"geometry":{"type":"Polygon","coordinates":[[[130.9,33.46666666666667],[130.9,33.47083333333333],[130.90625,33.47083333333333],[130.90625,33.46666666666666],[130.9,33.46666666666667]]]}},{"type":"Feature","id":"40602:503017622","properties":{"id":"40602:503017622","meshCode":"503017622","cityCode":"40602","city":"添田町","lat":33.46875,"lon":130.909375,"areaKm2":0.2684365,"populated2020":false,"population2020":null,"populationNote":"境界またぎ・原典収録外のため自治体内人口は未集計"},"geometry":{"type":"Polygon","coordinates":[[[130.90625,33.46666666666666],[130.90625,33.47083333333333],[130.9125,33.47083333333333],[130.9125,33.46666666666667],[130.90625,33.46666666666666]]]}},{"type":"Feature","id":"40602:503017631","properties":{"id":"40602:503017631","meshCode":"503017631","cityCode":"40602","city":"添田町","lat":33.46875,"lon":130.915625,"areaKm2":0.2684364,"populated2020":false,"population2020":null,"populationNote":"境界またぎ・原典収録外のため自治体内人口は未集計"},"geometry":{"type":"Polygon","coordinates":[[[130.9125,33.46666666666667],[130.9125,33.47083333333333],[130.91875,33.47083333333333],[130.91875,33.46666666666667],[130.9125,33.46666666666667]]]}},{"type":"Feature","id":"40602:503017632","properties":{"id":"40602:503017632","meshCode":"503017632","cityCode":"40602","city":"添田町","lat":33.46875,"lon":130.921875,"areaKm2":0.2684363,"populated2020":false,"population2020":null,"populationNote":"境界またぎ・原典収録外のため自治体内人口は未集計"},"geometry":{"type":"Polygon","coordinates":[[[130.91875,33.46666666666667],[130.91875,33.47083333333333],[130.925,33.47083333333333],[130.925,33.46666666666667],[130.91875,33.46666666666667]]]}},{"type":"Feature","id":"40602:503017641","properties":{"id":"40602:503017641","meshCode":"503017641","cityCode":"40602","city":"添田町","lat":33.46875,"lon":130.928125,"areaKm2":0.2531138,"populated2020":false,"population2020":null,"populationNote":"境界またぎ・原典収録外のため自治体内人口は未集計"},"geometry":{"type":"Polygon","coordinates":[[[130.92982194599995,33.46670138700006],[130.93057024612378,33.46666666666667],[130.925,33.46666666666667],[130.925,33.47083333333333],[130.93125,33.47083333333333],[130.93125,33.46875897910133],[130.92982194599995,33.46670138700006]]]}},{"type":"Feature","id":"40602:503017642","properties":{"id":"40602:503017642","meshCode":"503017642","cityCode":"40602","city":"添田町","lat":33.4697962,"lon":130.9316099,"areaKm2":0.0153916,"populated2020":false,"population2020":null,"populationNote":"境界またぎ・原典収録外のため自治体内人口は未集計"},"geometry":{"type":"Polygon","coordinates":[[[130.93125,33.46875897910133],[130.93125,33.47083333333333],[130.9326896876119,33.470833333333324],[130.93125,33.46875897910133]]]}},{"type":"Feature","id":"40602:503016664","properties":{"id":"40602:503016664","meshCode":"503016664","cityCode":"40602","city":"添田町","lat":33.4721051,"lon":130.8368842,"areaKm2":0.0273181,"populated2020":false,"population2020":null,"populationNote":"境界またぎ・原典収録外のため自治体内人口は未集計"},"geometry":{"type":"Polygon","coordinates":[[[130.8360007935257,33.47083333333334],[130.836295551,33.472179721],[130.83669917,33.472556387],[130.836947782,33.473043613],[130.8375,33.473378117204646],[130.8375,33.47083333333333],[130.8360007935257,33.47083333333334]]]}},{"type":"Feature","id":"40602:503016673","properties":{"id":"40602:503016673","meshCode":"503016673","cityCode":"40602","city":"添田町","lat":33.4729167,"lon":130.840625,"areaKm2":0.2191115,"populated2020":false,"population2020":null,"populationNote":"境界またぎ・原典収録外のため自治体内人口は未集計"},"geometry":{"type":"Polygon","coordinates":[[[130.837523606,33.473393892000004],[130.838021946,33.473907775],[130.838225837,33.47400638700001],[130.839077497,33.47395722499999],[130.839666109,33.474099162],[130.839989442,33.473869162],[130.840302503,33.473765829],[130.840856939,33.47396305400001],[130.841516109,33.474390279],[130.842165279,33.47446027899999],[130.842724643,33.475],[130.84375,33.47500000000001],[130.84375,33.47083333333333],[130.8375,33.47083333333333],[130.837523606,33.473393892000004]]]}},{"type":"Feature","id":"40602:503016674","properties":{"id":"40602:503016674","meshCode":"503016674","cityCode":"40602","city":"添田町","lat":33.4729167,"lon":130.846875,"areaKm2":0.2684247,"populated2020":false,"population2020":null,"populationNote":"境界またぎ・原典収録外のため自治体内人口は未集計"},"geometry":{"type":"Polygon","coordinates":[[[130.84375,33.47083333333333],[130.84375,33.47500000000001],[130.85,33.475],[130.85,33.470833333333324],[130.84375,33.47083333333333]]]}},{"type":"Feature","id":"40602:503016683","properties":{"id":"40602:503016683","meshCode":"503016683","cityCode":"40602","city":"添田町","lat":33.4729167,"lon":130.853125,"areaKm2":0.2684246,"populated2020":false,"population2020":null,"populationNote":"境界またぎ・原典収録外のため自治体内人口は未集計"},"geometry":{"type":"Polygon","coordinates":[[[130.85,33.470833333333324],[130.85,33.475],[130.85625,33.475],[130.85625,33.47083333333333],[130.85,33.470833333333324]]]}},{"type":"Feature","id":"40602:503016684","properties":{"id":"40602:503016684","meshCode":"503016684","cityCode":"40602","city":"添田町","lat":33.4729167,"lon":130.859375,"areaKm2":0.2684245,"populated2020":false,"population2020":null,"populationNote":"境界またぎ・原典収録外のため自治体内人口は未集計"},"geometry":{"type":"Polygon","coordinates":[[[130.85625,33.47083333333333],[130.85625,33.475],[130.8625,33.475000000000016],[130.8625,33.47083333333333],[130.85625,33.47083333333333]]]}},{"type":"Feature","id":"40602:503016693","properties":{"id":"40602:503016693","meshCode":"503016693","cityCode":"40602","city":"添田町","lat":33.4729167,"lon":130.865625,"areaKm2":0.2684244,"populated2020":false,"population2020":null,"populationNote":"境界またぎ・原典収録外のため自治体内人口は未集計"},"geometry":{"type":"Polygon","coordinates":[[[130.8625,33.47083333333333],[130.8625,33.475000000000016],[130.86875,33.47500000000001],[130.86875,33.470833333333324],[130.8625,33.47083333333333]]]}},{"type":"Feature","id":"40602:503016694","properties":{"id":"40602:503016694","meshCode":"503016694","cityCode":"40602","city":"添田町","lat":33.4729167,"lon":130.871875,"areaKm2":0.2684243,"populated2020":true,"population2020":10.1413,"populationNote":"2020年基準の国交省調整値"},"geometry":{"type":"Polygon","coordinates":[[[130.86875,33.470833333333324],[130.86875,33.47500000000001],[130.875,33.475],[130.875,33.470833333333324],[130.86875,33.470833333333324]]]}},{"type":"Feature","id":"40602:503017603","properties":{"id":"40602:503017603","meshCode":"503017603","cityCode":"40602","city":"添田町","lat":33.4729167,"lon":130.878125,"areaKm2":0.2684242,"populated2020":true,"population2020":5.0168,"populationNote":"2020年基準の国交省調整値"},"geometry":{"type":"Polygon","coordinates":[[[130.875,33.470833333333324],[130.875,33.475],[130.88125,33.47500000000001],[130.88125,33.47083333333333],[130.875,33.470833333333324]]]}},{"type":"Feature","id":"40602:503017604","properties":{"id":"40602:503017604","meshCode":"503017604","cityCode":"40602","city":"添田町","lat":33.4729167,"lon":130.884375,"areaKm2":0.2684241,"populated2020":false,"population2020":null,"populationNote":"境界またぎ・原典収録外のため自治体内人口は未集計"},"geometry":{"type":"Polygon","coordinates":[[[130.88125,33.47083333333333],[130.88125,33.47500000000001],[130.8875,33.47500000000001],[130.8875,33.47083333333334],[130.88125,33.47083333333333]]]}},{"type":"Feature","id":"40602:503017613","properties":{"id":"40602:503017613","meshCode":"503017613","cityCode":"40602","city":"添田町","lat":33.4729167,"lon":130.890625,"areaKm2":0.268424,"populated2020":false,"population2020":null,"populationNote":"境界またぎ・原典収録外のため自治体内人口は未集計"},"geometry":{"type":"Polygon","coordinates":[[[130.8875,33.47083333333334],[130.8875,33.47500000000001],[130.89375,33.475],[130.89375,33.470833333333324],[130.8875,33.47083333333334]]]}},{"type":"Feature","id":"40602:503017614","properties":{"id":"40602:503017614","meshCode":"503017614","cityCode":"40602","city":"添田町","lat":33.4729167,"lon":130.896875,"areaKm2":0.2684239,"populated2020":false,"population2020":null,"populationNote":"境界またぎ・原典収録外のため自治体内人口は未集計"},"geometry":{"type":"Polygon","coordinates":[[[130.89375,33.470833333333324],[130.89375,33.475],[130.9,33.475],[130.9,33.47083333333333],[130.89375,33.470833333333324]]]}},{"type":"Feature","id":"40602:503017623","properties":{"id":"40602:503017623","meshCode":"503017623","cityCode":"40602","city":"添田町","lat":33.4729167,"lon":130.903125,"areaKm2":0.2684239,"populated2020":false,"population2020":null,"populationNote":"境界またぎ・原典収録外のため自治体内人口は未集計"},"geometry":{"type":"Polygon","coordinates":[[[130.9,33.47083333333333],[130.9,33.475],[130.90625,33.47500000000001],[130.90625,33.47083333333333],[130.9,33.47083333333333]]]}},{"type":"Feature","id":"40602:503017624","properties":{"id":"40602:503017624","meshCode":"503017624","cityCode":"40602","city":"添田町","lat":33.4729167,"lon":130.909375,"areaKm2":0.2684238,"populated2020":false,"population2020":null,"populationNote":"境界またぎ・原典収録外のため自治体内人口は未集計"},"geometry":{"type":"Polygon","coordinates":[[[130.90625,33.47083333333333],[130.90625,33.47500000000001],[130.9125,33.47500000000001],[130.9125,33.47083333333333],[130.90625,33.47083333333333]]]}},{"type":"Feature","id":"40602:503017633","properties":{"id":"40602:503017633","meshCode":"503017633","cityCode":"40602","city":"添田町","lat":33.4729167,"lon":130.915625,"areaKm2":0.2684237,"populated2020":false,"population2020":null,"populationNote":"境界またぎ・原典収録外のため自治体内人口は未集計"},"geometry":{"type":"Polygon","coordinates":[[[130.9125,33.47083333333333],[130.9125,33.47500000000001],[130.91875,33.475],[130.91875,33.47083333333333],[130.9125,33.47083333333333]]]}},{"type":"Feature","id":"40602:503017634","properties":{"id":"40602:503017634","meshCode":"503017634","cityCode":"40602","city":"添田町","lat":33.4729167,"lon":130.921875,"areaKm2":0.2684237,"populated2020":false,"population2020":null,"populationNote":"境界またぎ・原典収録外のため自治体内人口は未集計"},"geometry":{"type":"Polygon","coordinates":[[[130.91875,33.47083333333333],[130.91875,33.475],[130.925,33.475],[130.925,33.47083333333333],[130.91875,33.47083333333333]]]}},{"type":"Feature","id":"40602:503017643","properties":{"id":"40602:503017643","meshCode":"503017643","cityCode":"40602","city":"添田町","lat":33.4729167,"lon":130.928125,"areaKm2":0.2684236,"populated2020":false,"population2020":null,"populationNote":"境界またぎ・原典収録外のため自治体内人口は未集計"},"geometry":{"type":"Polygon","coordinates":[[[130.925,33.47083333333333],[130.925,33.475],[130.93125,33.47500000000001],[130.93125,33.47083333333333],[130.925,33.47083333333333]]]}},{"type":"Feature","id":"40602:503017644","properties":{"id":"40602:503017644","meshCode":"503017644","cityCode":"40602","city":"添田町","lat":33.4732147,"lon":130.9327962,"areaKm2":0.12393,"populated2020":false,"population2020":null,"populationNote":"境界またぎ・原典収録外のため自治体内人口は未集計"},"geometry":{"type":"Polygon","coordinates":[[[130.93558153000004,33.475],[130.9326896876119,33.470833333333324],[130.93125,33.47083333333333],[130.93125,33.47500000000001],[130.93558153000004,33.475]]]}},{"type":"Feature","id":"40602:503016771","properties":{"id":"40602:503016771","meshCode":"503016771","cityCode":"40602","city":"添田町","lat":33.4753708,"lon":130.8435226,"areaKm2":0.0035525,"populated2020":true,"population2020":null,"populationNote":"境界またぎ・原典収録外のため自治体内人口は未集計"},"geometry":{"type":"Polygon","coordinates":[[[130.842724643,33.475],[130.84338,33.47545138699999],[130.84375,33.4757286918555],[130.84375,33.47500000000001],[130.842724643,33.475]]]}},{"type":"Feature","id":"40602:503016772","properties":{"id":"40602:503016772","meshCode":"503016772","cityCode":"40602","city":"添田町","lat":33.4770833,"lon":130.846875,"areaKm2":0.1830671,"populated2020":false,"population2020":null,"populationNote":"境界またぎ・原典収録外のため自治体内人口は未集計"},"geometry":{"type":"Polygon","coordinates":[[[130.84375,33.4757286918555],[130.844508327,33.476443613],[130.844941388,33.476634441],[130.847436394,33.478107775000005],[130.847792776,33.478663613],[130.84779469529204,33.479166666666664],[130.85,33.479166666666664],[130.85,33.475],[130.84375,33.47500000000001],[130.84375,33.4757286918555]]]}},{"type":"Feature","id":"40602:503016781","properties":{"id":"40602:503016781","meshCode":"503016781","cityCode":"40602","city":"添田町","lat":33.4770833,"lon":130.853125,"areaKm2":0.2684119,"populated2020":false,"population2020":null,"populationNote":"境界またぎ・原典収録外のため自治体内人口は未集計"},"geometry":{"type":"Polygon","coordinates":[[[130.85,33.475],[130.85,33.479166666666664],[130.85625,33.47916666666666],[130.85625,33.475],[130.85,33.475]]]}},{"type":"Feature","id":"40602:503016782","properties":{"id":"40602:503016782","meshCode":"503016782","cityCode":"40602","city":"添田町","lat":33.4770833,"lon":130.859375,"areaKm2":0.2684118,"populated2020":false,"population2020":null,"populationNote":"境界またぎ・原典収録外のため自治体内人口は未集計"},"geometry":{"type":"Polygon","coordinates":[[[130.85625,33.475],[130.85625,33.47916666666666],[130.8625,33.479166666666664],[130.8625,33.475000000000016],[130.85625,33.475]]]}},{"type":"Feature","id":"40602:503016791","properties":{"id":"40602:503016791","meshCode":"503016791","cityCode":"40602","city":"添田町","lat":33.4770833,"lon":130.865625,"areaKm2":0.2684117,"populated2020":false,"population2020":null,"populationNote":"境界またぎ・原典収録外のため自治体内人口は未集計"},"geometry":{"type":"Polygon","coordinates":[[[130.8625,33.475000000000016],[130.8625,33.479166666666664],[130.86875,33.479166666666664],[130.86875,33.47500000000001],[130.8625,33.475000000000016]]]}},{"type":"Feature","id":"40602:503016792","properties":{"id":"40602:503016792","meshCode":"503016792","cityCode":"40602","city":"添田町","lat":33.4770833,"lon":130.871875,"areaKm2":0.2684116,"populated2020":true,"population2020":7.1126,"populationNote":"2020年基準の国交省調整値"},"geometry":{"type":"Polygon","coordinates":[[[130.86875,33.47500000000001],[130.86875,33.479166666666664],[130.875,33.47916666666667],[130.875,33.475],[130.86875,33.47500000000001]]]}},{"type":"Feature","id":"40602:503017701","properties":{"id":"40602:503017701","meshCode":"503017701","cityCode":"40602","city":"添田町","lat":33.4770833,"lon":130.878125,"areaKm2":0.2684115,"populated2020":false,"population2020":null,"populationNote":"境界またぎ・原典収録外のため自治体内人口は未集計"},"geometry":{"type":"Polygon","coordinates":[[[130.875,33.475],[130.875,33.47916666666667],[130.88125,33.479166666666664],[130.88125,33.47500000000001],[130.875,33.475]]]}},{"type":"Feature","id":"40602:503017702","properties":{"id":"40602:503017702","meshCode":"503017702","cityCode":"40602","city":"添田町","lat":33.4770833,"lon":130.884375,"areaKm2":0.2684114,"populated2020":false,"population2020":null,"populationNote":"境界またぎ・原典収録外のため自治体内人口は未集計"},"geometry":{"type":"Polygon","coordinates":[[[130.88125,33.47500000000001],[130.88125,33.479166666666664],[130.8875,33.479166666666664],[130.8875,33.47500000000001],[130.88125,33.47500000000001]]]}},{"type":"Feature","id":"40602:503017711","properties":{"id":"40602:503017711","meshCode":"503017711","cityCode":"40602","city":"添田町","lat":33.4770833,"lon":130.890625,"areaKm2":0.2684113,"populated2020":false,"population2020":null,"populationNote":"境界またぎ・原典収録外のため自治体内人口は未集計"},"geometry":{"type":"Polygon","coordinates":[[[130.8875,33.47500000000001],[130.8875,33.479166666666664],[130.89375,33.479166666666664],[130.89375,33.475],[130.8875,33.47500000000001]]]}},{"type":"Feature","id":"40602:503017712","properties":{"id":"40602:503017712","meshCode":"503017712","cityCode":"40602","city":"添田町","lat":33.4770833,"lon":130.896875,"areaKm2":0.2684113,"populated2020":false,"population2020":null,"populationNote":"境界またぎ・原典収録外のため自治体内人口は未集計"},"geometry":{"type":"Polygon","coordinates":[[[130.89375,33.475],[130.89375,33.479166666666664],[130.9,33.479166666666664],[130.9,33.475],[130.89375,33.475]]]}},{"type":"Feature","id":"40602:503017721","properties":{"id":"40602:503017721","meshCode":"503017721","cityCode":"40602","city":"添田町","lat":33.4770833,"lon":130.903125,"areaKm2":0.2684112,"populated2020":false,"population2020":null,"populationNote":"境界またぎ・原典収録外のため自治体内人口は未集計"},"geometry":{"type":"Polygon","coordinates":[[[130.9,33.475],[130.9,33.479166666666664],[130.90625,33.479166666666664],[130.90625,33.47500000000001],[130.9,33.475]]]}},{"type":"Feature","id":"40602:503017722","properties":{"id":"40602:503017722","meshCode":"503017722","cityCode":"40602","city":"添田町","lat":33.4770833,"lon":130.909375,"areaKm2":0.2684111,"populated2020":false,"population2020":null,"populationNote":"境界またぎ・原典収録外のため自治体内人口は未集計"},"geometry":{"type":"Polygon","coordinates":[[[130.90625,33.47500000000001],[130.90625,33.479166666666664],[130.9125,33.479166666666664],[130.9125,33.47500000000001],[130.90625,33.47500000000001]]]}},{"type":"Feature","id":"40602:503017731","properties":{"id":"40602:503017731","meshCode":"503017731","cityCode":"40602","city":"添田町","lat":33.4770833,"lon":130.915625,"areaKm2":0.2684111,"populated2020":false,"population2020":null,"populationNote":"境界またぎ・原典収録外のため自治体内人口は未集計"},"geometry":{"type":"Polygon","coordinates":[[[130.9125,33.47500000000001],[130.9125,33.479166666666664],[130.91875,33.479166666666664],[130.91875,33.475],[130.9125,33.47500000000001]]]}},{"type":"Feature","id":"40602:503017732","properties":{"id":"40602:503017732","meshCode":"503017732","cityCode":"40602","city":"添田町","lat":33.4770833,"lon":130.921875,"areaKm2":0.268411,"populated2020":false,"population2020":null,"populationNote":"境界またぎ・原典収録外のため自治体内人口は未集計"},"geometry":{"type":"Polygon","coordinates":[[[130.91875,33.475],[130.91875,33.479166666666664],[130.925,33.479166666666664],[130.925,33.475],[130.91875,33.475]]]}},{"type":"Feature","id":"40602:503017741","properties":{"id":"40602:503017741","meshCode":"503017741","cityCode":"40602","city":"添田町","lat":33.4770833,"lon":130.928125,"areaKm2":0.2684109,"populated2020":false,"population2020":null,"populationNote":"境界またぎ・原典収録外のため自治体内人口は未集計"},"geometry":{"type":"Polygon","coordinates":[[[130.925,33.475],[130.925,33.479166666666664],[130.93125,33.479166666666664],[130.93125,33.47500000000001],[130.925,33.475]]]}},{"type":"Feature","id":"40602:503017742","properties":{"id":"40602:503017742","meshCode":"503017742","cityCode":"40602","city":"添田町","lat":33.4770833,"lon":130.934375,"areaKm2":0.241082,"populated2020":false,"population2020":null,"populationNote":"境界またぎ・原典収録外のため自治体内人口は未集計"},"geometry":{"type":"Polygon","coordinates":[[[130.93558153000004,33.475],[130.93125,33.47500000000001],[130.93125,33.479166666666664],[130.9375,33.479166666666664],[130.9375,33.4777642244968],[130.93558153000004,33.475]]]}},{"type":"Feature","id":"40602:503017751","properties":{"id":"40602:503017751","meshCode":"503017751","cityCode":"40602","city":"添田町","lat":33.4784654,"lon":130.9377433,"areaKm2":0.0070347,"populated2020":false,"population2020":null,"populationNote":"境界またぎ・原典収録外のため自治体内人口は未集計"},"geometry":{"type":"Polygon","coordinates":[[[130.9375,33.4777642244968],[130.9375,33.479166666666664],[130.9384733446877,33.479166666666664],[130.9375,33.4777642244968]]]}},{"type":"Feature","id":"40602:503016773","properties":{"id":"40602:503016773","meshCode":"503016773","cityCode":"40602","city":"添田町","lat":33.4831235,"lon":130.8434591,"areaKm2":0.0025983,"populated2020":false,"population2020":null,"populationNote":"境界またぎ・原典収録外のため自治体内人口は未集計"},"geometry":{"type":"Polygon","coordinates":[[[130.84375,33.48283222334064],[130.843255837,33.482950829],[130.843157497,33.483169162],[130.84318452705463,33.483333333333334],[130.84375,33.48333333333334],[130.84375,33.48283222334064]]]}},{"type":"Feature","id":"40602:503016774","properties":{"id":"40602:503016774","meshCode":"503016774","cityCode":"40602","city":"添田町","lat":33.48125,"lon":130.846875,"areaKm2":0.1616614,"populated2020":false,"population2020":null,"populationNote":"境界またぎ・原典収録外のため自治体内人口は未集計"},"geometry":{"type":"Polygon","coordinates":[[[130.847794721,33.479169162],[130.847748885,33.47942361300001],[130.847415551,33.479619721],[130.84717083,33.480165279],[130.846710558,33.48051972100001],[130.846905837,33.480952775000006],[130.846471946,33.481530559],[130.846212776,33.481576946000004],[130.846027497,33.481699721],[130.84579917,33.482278054000005],[130.845530558,33.482681387],[130.844673333,33.482559721],[130.844213061,33.482781667],[130.84375,33.48283222334064],[130.84375,33.48333333333334],[130.85,33.483333333333334],[130.85,33.479166666666664],[130.847794721,33.479169162]]]}},{"type":"Feature","id":"40602:503016783","properties":{"id":"40602:503016783","meshCode":"503016783","cityCode":"40602","city":"添田町","lat":33.48125,"lon":130.853125,"areaKm2":0.2683992,"populated2020":false,"population2020":null,"populationNote":"境界またぎ・原典収録外のため自治体内人口は未集計"},"geometry":{"type":"Polygon","coordinates":[[[130.85,33.479166666666664],[130.85,33.483333333333334],[130.85625,33.48333333333334],[130.85625,33.47916666666666],[130.85,33.479166666666664]]]}},{"type":"Feature","id":"40602:503016784","properties":{"id":"40602:503016784","meshCode":"503016784","cityCode":"40602","city":"添田町","lat":33.48125,"lon":130.859375,"areaKm2":0.2683991,"populated2020":false,"population2020":null,"populationNote":"境界またぎ・原典収録外のため自治体内人口は未集計"},"geometry":{"type":"Polygon","coordinates":[[[130.85625,33.47916666666666],[130.85625,33.48333333333334],[130.8625,33.48333333333334],[130.8625,33.479166666666664],[130.85625,33.47916666666666]]]}},{"type":"Feature","id":"40602:503016793","properties":{"id":"40602:503016793","meshCode":"503016793","cityCode":"40602","city":"添田町","lat":33.48125,"lon":130.865625,"areaKm2":0.268399,"populated2020":true,"population2020":2.0122,"populationNote":"2020年基準の国交省調整値"},"geometry":{"type":"Polygon","coordinates":[[[130.8625,33.479166666666664],[130.8625,33.48333333333334],[130.86875,33.483333333333334],[130.86875,33.479166666666664],[130.8625,33.479166666666664]]]}},{"type":"Feature","id":"40602:503016794","properties":{"id":"40602:503016794","meshCode":"503016794","cityCode":"40602","city":"添田町","lat":33.48125,"lon":130.871875,"areaKm2":0.2683989,"populated2020":true,"population2020":21.1972,"populationNote":"2020年基準の国交省調整値"},"geometry":{"type":"Polygon","coordinates":[[[130.86875,33.479166666666664],[130.86875,33.483333333333334],[130.875,33.483333333333334],[130.875,33.47916666666667],[130.86875,33.479166666666664]]]}},{"type":"Feature","id":"40602:503017703","properties":{"id":"40602:503017703","meshCode":"503017703","cityCode":"40602","city":"添田町","lat":33.48125,"lon":130.878125,"areaKm2":0.2683988,"populated2020":false,"population2020":null,"populationNote":"境界またぎ・原典収録外のため自治体内人口は未集計"},"geometry":{"type":"Polygon","coordinates":[[[130.875,33.47916666666667],[130.875,33.483333333333334],[130.88125,33.48333333333334],[130.88125,33.479166666666664],[130.875,33.47916666666667]]]}},{"type":"Feature","id":"40602:503017704","properties":{"id":"40602:503017704","meshCode":"503017704","cityCode":"40602","city":"添田町","lat":33.48125,"lon":130.884375,"areaKm2":0.2683988,"populated2020":true,"population2020":4.0496,"populationNote":"2020年基準の国交省調整値"},"geometry":{"type":"Polygon","coordinates":[[[130.88125,33.479166666666664],[130.88125,33.48333333333334],[130.8875,33.48333333333334],[130.8875,33.479166666666664],[130.88125,33.479166666666664]]]}},{"type":"Feature","id":"40602:503017713","properties":{"id":"40602:503017713","meshCode":"503017713","cityCode":"40602","city":"添田町","lat":33.48125,"lon":130.890625,"areaKm2":0.2683987,"populated2020":true,"population2020":3.0274,"populationNote":"2020年基準の国交省調整値"},"geometry":{"type":"Polygon","coordinates":[[[130.8875,33.479166666666664],[130.8875,33.48333333333334],[130.89375,33.483333333333334],[130.89375,33.479166666666664],[130.8875,33.479166666666664]]]}},{"type":"Feature","id":"40602:503017714","properties":{"id":"40602:503017714","meshCode":"503017714","cityCode":"40602","city":"添田町","lat":33.48125,"lon":130.896875,"areaKm2":0.2683986,"populated2020":false,"population2020":null,"populationNote":"境界またぎ・原典収録外のため自治体内人口は未集計"},"geometry":{"type":"Polygon","coordinates":[[[130.89375,33.479166666666664],[130.89375,33.483333333333334],[130.9,33.48333333333334],[130.9,33.479166666666664],[130.89375,33.479166666666664]]]}},{"type":"Feature","id":"40602:503017723","properties":{"id":"40602:503017723","meshCode":"503017723","cityCode":"40602","city":"添田町","lat":33.48125,"lon":130.903125,"areaKm2":0.2683985,"populated2020":false,"population2020":null,"populationNote":"境界またぎ・原典収録外のため自治体内人口は未集計"},"geometry":{"type":"Polygon","coordinates":[[[130.9,33.479166666666664],[130.9,33.48333333333334],[130.90625,33.483333333333334],[130.90625,33.479166666666664],[130.9,33.479166666666664]]]}},{"type":"Feature","id":"40602:503017724","properties":{"id":"40602:503017724","meshCode":"503017724","cityCode":"40602","city":"添田町","lat":33.48125,"lon":130.909375,"areaKm2":0.2683985,"populated2020":false,"population2020":null,"populationNote":"境界またぎ・原典収録外のため自治体内人口は未集計"},"geometry":{"type":"Polygon","coordinates":[[[130.90625,33.479166666666664],[130.90625,33.483333333333334],[130.9125,33.483333333333334],[130.9125,33.479166666666664],[130.90625,33.479166666666664]]]}},{"type":"Feature","id":"40602:503017733","properties":{"id":"40602:503017733","meshCode":"503017733","cityCode":"40602","city":"添田町","lat":33.48125,"lon":130.915625,"areaKm2":0.2683984,"populated2020":false,"population2020":null,"populationNote":"境界またぎ・原典収録外のため自治体内人口は未集計"},"geometry":{"type":"Polygon","coordinates":[[[130.9125,33.479166666666664],[130.9125,33.483333333333334],[130.91875,33.483333333333334],[130.91875,33.479166666666664],[130.9125,33.479166666666664]]]}},{"type":"Feature","id":"40602:503017734","properties":{"id":"40602:503017734","meshCode":"503017734","cityCode":"40602","city":"添田町","lat":33.48125,"lon":130.921875,"areaKm2":0.2683983,"populated2020":false,"population2020":null,"populationNote":"境界またぎ・原典収録外のため自治体内人口は未集計"},"geometry":{"type":"Polygon","coordinates":[[[130.91875,33.479166666666664],[130.91875,33.483333333333334],[130.925,33.48333333333334],[130.925,33.479166666666664],[130.91875,33.479166666666664]]]}},{"type":"Feature","id":"40602:503017743","properties":{"id":"40602:503017743","meshCode":"503017743","cityCode":"40602","city":"添田町","lat":33.48125,"lon":130.928125,"areaKm2":0.2683983,"populated2020":false,"population2020":null,"populationNote":"境界またぎ・原典収録外のため自治体内人口は未集計"},"geometry":{"type":"Polygon","coordinates":[[[130.925,33.479166666666664],[130.925,33.48333333333334],[130.93125,33.483333333333334],[130.93125,33.479166666666664],[130.925,33.479166666666664]]]}},{"type":"Feature","id":"40602:503017744","properties":{"id":"40602:503017744","meshCode":"503017744","cityCode":"40602","city":"添田町","lat":33.48125,"lon":130.934375,"areaKm2":0.2683982,"populated2020":false,"population2020":null,"populationNote":"境界またぎ・原典収録外のため自治体内人口は未集計"},"geometry":{"type":"Polygon","coordinates":[[[130.93125,33.479166666666664],[130.93125,33.483333333333334],[130.9375,33.483333333333334],[130.9375,33.479166666666664],[130.93125,33.479166666666664]]]}},{"type":"Feature","id":"40602:503017753","properties":{"id":"40602:503017753","meshCode":"503017753","cityCode":"40602","city":"添田町","lat":33.4812144,"lon":130.9386973,"areaKm2":0.1040555,"populated2020":false,"population2020":null,"populationNote":"境界またぎ・原典収録外のため自治体内人口は未集計"},"geometry":{"type":"Polygon","coordinates":[[[130.94118944200014,33.48308],[130.9384733446877,33.479166666666664],[130.9375,33.479166666666664],[130.9375,33.483333333333334],[130.9414901693957,33.483333333333334],[130.94118944200014,33.48308]]]}},{"type":"Feature","id":"40602:503016852","properties":{"id":"40602:503016852","meshCode":"503016852","cityCode":"40602","city":"添田町","lat":33.4872821,"lon":130.8234938,"areaKm2":0.0031206,"populated2020":false,"population2020":null,"populationNote":"境界またぎ・原典収録外のため自治体内人口は未集計"},"geometry":{"type":"MultiPolygon","coordinates":[[[[130.8238257876434,33.4875],[130.823716667,33.487149162],[130.823564449,33.487045829],[130.823061115,33.487385829000004],[130.8219978981877,33.4875],[130.8238257876434,33.4875]]],[[[130.821446939,33.487474721],[130.821385279,33.4875],[130.8217071739582,33.4875],[130.821446939,33.487474721]]]]}},{"type":"Feature","id":"40602:503016862","properties":{"id":"40602:503016862","meshCode":"503016862","cityCode":"40602","city":"添田町","lat":33.4859443,"lon":130.8362196,"areaKm2":0.0831729,"populated2020":false,"population2020":null,"populationNote":"境界またぎ・原典収録外のため自治体内人口は未集計"},"geometry":{"type":"Polygon","coordinates":[[[130.83732583700004,33.484297225],[130.836836109,33.484850829],[130.835923333,33.484972495],[130.835608885,33.48525666700001],[130.835074163,33.485500279],[130.834941115,33.48573666699999],[130.834918885,33.48611527900001],[130.834801115,33.486261946],[130.834156394,33.486482225],[130.834171388,33.486701667],[130.834355279,33.487055559],[130.834244721,33.48722749499999],[130.83375,33.487367775],[130.833223606,33.487036108],[130.83285083,33.486964441],[130.832498054,33.48710249500001],[130.832300272,33.48727805400001],[130.831914721,33.487346108],[130.83170787239172,33.4875],[130.8375,33.4875],[130.8375,33.48425805789376],[130.83732583700004,33.484297225]]]}},{"type":"Feature","id":"40602:503016871","properties":{"id":"40602:503016871","meshCode":"503016871","cityCode":"40602","city":"添田町","lat":33.4854167,"lon":130.840625,"areaKm2":0.1813437,"populated2020":false,"population2020":null,"populationNote":"境界またぎ・原典収録外のため自治体内人口は未集計"},"geometry":{"type":"Polygon","coordinates":[[[130.843186939,33.483348054],[130.843117224,33.48411000000001],[130.843309728,33.484605829],[130.84283416300002,33.485503613],[130.842663333,33.485623892],[130.842118327,33.48554638699999],[130.841326109,33.485562495],[130.841087224,33.485468054],[130.84071083,33.484931387],[130.839816394,33.484257495],[130.839368054,33.484311667],[130.838562503,33.484139441],[130.8375,33.48425805789376],[130.8375,33.4875],[130.84375,33.4875],[130.84375,33.48333333333334],[130.843186939,33.483348054]]]}},{"type":"Feature","id":"40602:503016872","properties":{"id":"40602:503016872","meshCode":"503016872","cityCode":"40602","city":"添田町","lat":33.4854167,"lon":130.846875,"areaKm2":0.2683867,"populated2020":false,"population2020":null,"populationNote":"境界またぎ・原典収録外のため自治体内人口は未集計"},"geometry":{"type":"Polygon","coordinates":[[[130.84375,33.48333333333334],[130.84375,33.4875],[130.85,33.4875],[130.85,33.483333333333334],[130.84375,33.48333333333334]]]}},{"type":"Feature","id":"40602:503016881","properties":{"id":"40602:503016881","meshCode":"503016881","cityCode":"40602","city":"添田町","lat":33.4854167,"lon":130.853125,"areaKm2":0.2683865,"populated2020":false,"population2020":null,"populationNote":"境界またぎ・原典収録外のため自治体内人口は未集計"},"geometry":{"type":"Polygon","coordinates":[[[130.85,33.483333333333334],[130.85,33.4875],[130.85625,33.4875],[130.85625,33.48333333333334],[130.85,33.483333333333334]]]}},{"type":"Feature","id":"40602:503016882","properties":{"id":"40602:503016882","meshCode":"503016882","cityCode":"40602","city":"添田町","lat":33.4854167,"lon":130.859375,"areaKm2":0.2683864,"populated2020":false,"population2020":null,"populationNote":"境界またぎ・原典収録外のため自治体内人口は未集計"},"geometry":{"type":"Polygon","coordinates":[[[130.85625,33.48333333333334],[130.85625,33.4875],[130.8625,33.487500000000004],[130.8625,33.48333333333334],[130.85625,33.48333333333334]]]}},{"type":"Feature","id":"40602:503016891","properties":{"id":"40602:503016891","meshCode":"503016891","cityCode":"40602","city":"添田町","lat":33.4854167,"lon":130.865625,"areaKm2":0.2683863,"populated2020":false,"population2020":null,"populationNote":"境界またぎ・原典収録外のため自治体内人口は未集計"},"geometry":{"type":"Polygon","coordinates":[[[130.8625,33.48333333333334],[130.8625,33.487500000000004],[130.86875,33.48749999999999],[130.86875,33.483333333333334],[130.8625,33.48333333333334]]]}},{"type":"Feature","id":"40602:503016892","properties":{"id":"40602:503016892","meshCode":"503016892","cityCode":"40602","city":"添田町","lat":33.4854167,"lon":130.871875,"areaKm2":0.2683863,"populated2020":true,"population2020":4.0584,"populationNote":"2020年基準の国交省調整値"},"geometry":{"type":"Polygon","coordinates":[[[130.86875,33.483333333333334],[130.86875,33.48749999999999],[130.875,33.487500000000004],[130.875,33.483333333333334],[130.86875,33.483333333333334]]]}},{"type":"Feature","id":"40602:503017801","properties":{"id":"40602:503017801","meshCode":"503017801","cityCode":"40602","city":"添田町","lat":33.4854167,"lon":130.878125,"areaKm2":0.2683862,"populated2020":false,"population2020":null,"populationNote":"境界またぎ・原典収録外のため自治体内人口は未集計"},"geometry":{"type":"Polygon","coordinates":[[[130.875,33.483333333333334],[130.875,33.487500000000004],[130.88125,33.4875],[130.88125,33.48333333333334],[130.875,33.483333333333334]]]}},{"type":"Feature","id":"40602:503017802","properties":{"id":"40602:503017802","meshCode":"503017802","cityCode":"40602","city":"添田町","lat":33.4854167,"lon":130.884375,"areaKm2":0.2683861,"populated2020":true,"population2020":10.1472,"populationNote":"2020年基準の国交省調整値"},"geometry":{"type":"Polygon","coordinates":[[[130.88125,33.48333333333334],[130.88125,33.4875],[130.8875,33.48749999999999],[130.8875,33.48333333333334],[130.88125,33.48333333333334]]]}},{"type":"Feature","id":"40602:503017811","properties":{"id":"40602:503017811","meshCode":"503017811","cityCode":"40602","city":"添田町","lat":33.4854167,"lon":130.890625,"areaKm2":0.268386,"populated2020":true,"population2020":3.0215,"populationNote":"2020年基準の国交省調整値"},"geometry":{"type":"Polygon","coordinates":[[[130.8875,33.48333333333334],[130.8875,33.48749999999999],[130.89375,33.487500000000004],[130.89375,33.483333333333334],[130.8875,33.48333333333334]]]}},{"type":"Feature","id":"40602:503017812","properties":{"id":"40602:503017812","meshCode":"503017812","cityCode":"40602","city":"添田町","lat":33.4854167,"lon":130.896875,"areaKm2":0.2683859,"populated2020":true,"population2020":7.0358,"populationNote":"2020年基準の国交省調整値"},"geometry":{"type":"Polygon","coordinates":[[[130.89375,33.483333333333334],[130.89375,33.487500000000004],[130.9,33.4875],[130.9,33.48333333333334],[130.89375,33.483333333333334]]]}},{"type":"Feature","id":"40602:503017821","properties":{"id":"40602:503017821","meshCode":"503017821","cityCode":"40602","city":"添田町","lat":33.4854167,"lon":130.903125,"areaKm2":0.2683859,"populated2020":true,"population2020":41.4564,"populationNote":"2020年基準の国交省調整値"},"geometry":{"type":"Polygon","coordinates":[[[130.9,33.48333333333334],[130.9,33.4875],[130.90625,33.48749999999999],[130.90625,33.483333333333334],[130.9,33.48333333333334]]]}},{"type":"Feature","id":"40602:503017822","properties":{"id":"40602:503017822","meshCode":"503017822","cityCode":"40602","city":"添田町","lat":33.4854167,"lon":130.909375,"areaKm2":0.2683858,"populated2020":true,"population2020":21.2712,"populationNote":"2020年基準の国交省調整値"},"geometry":{"type":"Polygon","coordinates":[[[130.90625,33.483333333333334],[130.90625,33.48749999999999],[130.9125,33.4875],[130.9125,33.483333333333334],[130.90625,33.483333333333334]]]}},{"type":"Feature","id":"40602:503017831","properties":{"id":"40602:503017831","meshCode":"503017831","cityCode":"40602","city":"添田町","lat":33.4854167,"lon":130.915625,"areaKm2":0.2683857,"populated2020":false,"population2020":null,"populationNote":"境界またぎ・原典収録外のため自治体内人口は未集計"},"geometry":{"type":"Polygon","coordinates":[[[130.9125,33.483333333333334],[130.9125,33.4875],[130.91875,33.487500000000004],[130.91875,33.483333333333334],[130.9125,33.483333333333334]]]}},{"type":"Feature","id":"40602:503017832","properties":{"id":"40602:503017832","meshCode":"503017832","cityCode":"40602","city":"添田町","lat":33.4854167,"lon":130.921875,"areaKm2":0.2683857,"populated2020":false,"population2020":null,"populationNote":"境界またぎ・原典収録外のため自治体内人口は未集計"},"geometry":{"type":"Polygon","coordinates":[[[130.91875,33.483333333333334],[130.91875,33.487500000000004],[130.925,33.4875],[130.925,33.48333333333334],[130.91875,33.483333333333334]]]}},{"type":"Feature","id":"40602:503017841","properties":{"id":"40602:503017841","meshCode":"503017841","cityCode":"40602","city":"添田町","lat":33.4854167,"lon":130.928125,"areaKm2":0.2683856,"populated2020":false,"population2020":null,"populationNote":"境界またぎ・原典収録外のため自治体内人口は未集計"},"geometry":{"type":"Polygon","coordinates":[[[130.925,33.48333333333334],[130.925,33.4875],[130.93125,33.487500000000004],[130.93125,33.483333333333334],[130.925,33.48333333333334]]]}},{"type":"Feature","id":"40602:503017842","properties":{"id":"40602:503017842","meshCode":"503017842","cityCode":"40602","city":"添田町","lat":33.4854167,"lon":130.934375,"areaKm2":0.2683856,"populated2020":false,"population2020":null,"populationNote":"境界またぎ・原典収録外のため自治体内人口は未集計"},"geometry":{"type":"Polygon","coordinates":[[[130.93125,33.483333333333334],[130.93125,33.487500000000004],[130.9375,33.48749999999999],[130.9375,33.483333333333334],[130.93125,33.483333333333334]]]}},{"type":"Feature","id":"40602:503017851","properties":{"id":"40602:503017851","meshCode":"503017851","cityCode":"40602","city":"添田町","lat":33.4854167,"lon":130.940625,"areaKm2":0.2272776,"populated2020":false,"population2020":null,"populationNote":"境界またぎ・原典収録外のため自治体内人口は未集計"},"geometry":{"type":"Polygon","coordinates":[[[130.9435808300001,33.485547495000105],[130.94300693900016,33.485470559000134],[130.94241832700004,33.485642494999986],[130.9421316600001,33.485333892000085],[130.94198055800018,33.48483527899999],[130.941831115,33.48362055900003],[130.9414901693957,33.483333333333334],[130.9375,33.483333333333334],[130.9375,33.48749999999999],[130.94375,33.4875],[130.94375,33.48565758431107],[130.9435808300001,33.485547495000105]]]}},{"type":"Feature","id":"40602:503017852","properties":{"id":"40602:503017852","meshCode":"503017852","cityCode":"40602","city":"添田町","lat":33.4866203,"lon":130.9444872,"areaKm2":0.0294657,"populated2020":false,"population2020":null,"populationNote":"境界またぎ・原典収録外のため自治体内人口は未集計"},"geometry":{"type":"Polygon","coordinates":[[[130.94764229620236,33.4875],[130.94658277600013,33.48726055900011],[130.94495277600004,33.486507495000126],[130.94375,33.48565758431107],[130.94375,33.4875],[130.94764229620236,33.4875]]]}},{"type":"Feature","id":"40602:503016853","properties":{"id":"40602:503016853","meshCode":"503016853","cityCode":"40602","city":"添田町","lat":33.490456,"lon":130.8180301,"areaKm2":0.0439354,"populated2020":false,"population2020":null,"populationNote":"境界またぎ・原典収録外のため自治体内人口は未集計"},"geometry":{"type":"Polygon","coordinates":[[[130.81875,33.489306107640495],[130.81836,33.488956667],[130.817626109,33.48884472100001],[130.817376109,33.4889],[130.817232503,33.489015559],[130.817124721,33.489577495],[130.817324449,33.490028892],[130.817295837,33.490883053999994],[130.817266939,33.491015559],[130.816903606,33.49129555900001],[130.81677847015715,33.491666666666674],[130.81875,33.49166666666667],[130.81875,33.489306107640495]]]}},{"type":"Feature","id":"40602:503016854","properties":{"id":"40602:503016854","meshCode":"503016854","cityCode":"40602","city":"添田町","lat":33.4895833,"lon":130.821875,"areaKm2":0.2283413,"populated2020":false,"population2020":null,"populationNote":"境界またぎ・原典収録外のため自治体内人口は未集計"},"geometry":{"type":"Polygon","coordinates":[[[130.825,33.488267531999995],[130.824580272,33.487909162],[130.82406917,33.487697495],[130.8238257876434,33.4875],[130.821385279,33.4875],[130.82122083,33.487854440999996],[130.820998885,33.488040559],[130.820228327,33.48820110799999],[130.82023917,33.488490559],[130.819974163,33.488954162],[130.82002083,33.48926638700001],[130.819948054,33.489380000000004],[130.81935,33.489709162],[130.81875,33.489306107640495],[130.81875,33.49166666666667],[130.825,33.491666666666674],[130.825,33.488267531999995]]]}},{"type":"Feature","id":"40602:503016863","properties":{"id":"40602:503016863","meshCode":"503016863","cityCode":"40602","city":"添田町","lat":33.4895833,"lon":130.828125,"areaKm2":0.2261667,"populated2020":false,"population2020":null,"populationNote":"境界またぎ・原典収録外のため自治体内人口は未集計"},"geometry":{"type":"Polygon","coordinates":[[[130.830640558,33.487710559],[130.829279442,33.488241387],[130.828852218,33.488189162],[130.828345837,33.487786387],[130.827921388,33.487731667],[130.827356939,33.488263612999994],[130.827008885,33.488485559],[130.826475279,33.48862333299999],[130.825548327,33.488502495000006],[130.825,33.488267531999995],[130.825,33.491666666666674],[130.83125,33.49166666666667],[130.83125,33.487703463858836],[130.830640558,33.487710559]]]}},{"type":"Feature","id":"40602:503016864","properties":{"id":"40602:503016864","meshCode":"503016864","cityCode":"40602","city":"添田町","lat":33.4895833,"lon":130.834375,"areaKm2":0.2677325,"populated2020":false,"population2020":null,"populationNote":"境界またぎ・原典収録外のため自治体内人口は未集計"},"geometry":{"type":"Polygon","coordinates":[[[130.831546109,33.48762333300001],[130.83125,33.487703463858836],[130.83125,33.49166666666667],[130.8375,33.49166666666667],[130.8375,33.4875],[130.83170787239172,33.4875],[130.831546109,33.48762333300001]]]}},{"type":"Feature","id":"40602:503016873","properties":{"id":"40602:503016873","meshCode":"503016873","cityCode":"40602","city":"添田町","lat":33.4895833,"lon":130.840625,"areaKm2":0.2683741,"populated2020":false,"population2020":null,"populationNote":"境界またぎ・原典収録外のため自治体内人口は未集計"},"geometry":{"type":"Polygon","coordinates":[[[130.8375,33.4875],[130.8375,33.49166666666667],[130.84375,33.491666666666674],[130.84375,33.4875],[130.8375,33.4875]]]}},{"type":"Feature","id":"40602:503016874","properties":{"id":"40602:503016874","meshCode":"503016874","cityCode":"40602","city":"添田町","lat":33.4895833,"lon":130.846875,"areaKm2":0.268374,"populated2020":false,"population2020":null,"populationNote":"境界またぎ・原典収録外のため自治体内人口は未集計"},"geometry":{"type":"Polygon","coordinates":[[[130.84375,33.4875],[130.84375,33.491666666666674],[130.85,33.49166666666667],[130.85,33.4875],[130.84375,33.4875]]]}},{"type":"Feature","id":"40602:503016883","properties":{"id":"40602:503016883","meshCode":"503016883","cityCode":"40602","city":"添田町","lat":33.4895833,"lon":130.853125,"areaKm2":0.2683739,"populated2020":false,"population2020":null,"populationNote":"境界またぎ・原典収録外のため自治体内人口は未集計"},"geometry":{"type":"Polygon","coordinates":[[[130.85,33.4875],[130.85,33.49166666666667],[130.85625,33.491666666666674],[130.85625,33.4875],[130.85,33.4875]]]}},{"type":"Feature","id":"40602:503016884","properties":{"id":"40602:503016884","meshCode":"503016884","cityCode":"40602","city":"添田町","lat":33.4895833,"lon":130.859375,"areaKm2":0.2683738,"populated2020":true,"population2020":2.0182,"populationNote":"2020年基準の国交省調整値"},"geometry":{"type":"Polygon","coordinates":[[[130.85625,33.4875],[130.85625,33.491666666666674],[130.8625,33.49166666666667],[130.8625,33.487500000000004],[130.85625,33.4875]]]}},{"type":"Feature","id":"40602:503016893","properties":{"id":"40602:503016893","meshCode":"503016893","cityCode":"40602","city":"添田町","lat":33.4895833,"lon":130.865625,"areaKm2":0.2683737,"populated2020":false,"population2020":null,"populationNote":"境界またぎ・原典収録外のため自治体内人口は未集計"},"geometry":{"type":"Polygon","coordinates":[[[130.8625,33.487500000000004],[130.8625,33.49166666666667],[130.86875,33.491666666666674],[130.86875,33.48749999999999],[130.8625,33.487500000000004]]]}},{"type":"Feature","id":"40602:503016894","properties":{"id":"40602:503016894","meshCode":"503016894","cityCode":"40602","city":"添田町","lat":33.4895833,"lon":130.871875,"areaKm2":0.2683736,"populated2020":true,"population2020":6.0849,"populationNote":"2020年基準の国交省調整値"},"geometry":{"type":"Polygon","coordinates":[[[130.86875,33.48749999999999],[130.86875,33.491666666666674],[130.875,33.49166666666667],[130.875,33.487500000000004],[130.86875,33.48749999999999]]]}},{"type":"Feature","id":"40602:503017803","properties":{"id":"40602:503017803","meshCode":"503017803","cityCode":"40602","city":"添田町","lat":33.4895833,"lon":130.878125,"areaKm2":0.2683735,"populated2020":true,"population2020":4.0343,"populationNote":"2020年基準の国交省調整値"},"geometry":{"type":"Polygon","coordinates":[[[130.875,33.487500000000004],[130.875,33.49166666666667],[130.88125,33.491666666666674],[130.88125,33.4875],[130.875,33.487500000000004]]]}},{"type":"Feature","id":"40602:503017804","properties":{"id":"40602:503017804","meshCode":"503017804","cityCode":"40602","city":"添田町","lat":33.4895833,"lon":130.884375,"areaKm2":0.2683734,"populated2020":false,"population2020":null,"populationNote":"境界またぎ・原典収録外のため自治体内人口は未集計"},"geometry":{"type":"Polygon","coordinates":[[[130.88125,33.4875],[130.88125,33.491666666666674],[130.8875,33.49166666666667],[130.8875,33.48749999999999],[130.88125,33.4875]]]}},{"type":"Feature","id":"40602:503017813","properties":{"id":"40602:503017813","meshCode":"503017813","cityCode":"40602","city":"添田町","lat":33.4895833,"lon":130.890625,"areaKm2":0.2683733,"populated2020":false,"population2020":null,"populationNote":"境界またぎ・原典収録外のため自治体内人口は未集計"},"geometry":{"type":"Polygon","coordinates":[[[130.8875,33.48749999999999],[130.8875,33.49166666666667],[130.89375,33.49166666666667],[130.89375,33.487500000000004],[130.8875,33.48749999999999]]]}},{"type":"Feature","id":"40602:503017814","properties":{"id":"40602:503017814","meshCode":"503017814","cityCode":"40602","city":"添田町","lat":33.4895833,"lon":130.896875,"areaKm2":0.2683733,"populated2020":false,"population2020":null,"populationNote":"境界またぎ・原典収録外のため自治体内人口は未集計"},"geometry":{"type":"Polygon","coordinates":[[[130.89375,33.487500000000004],[130.89375,33.49166666666667],[130.9,33.491666666666674],[130.9,33.4875],[130.89375,33.487500000000004]]]}},{"type":"Feature","id":"40602:503017823","properties":{"id":"40602:503017823","meshCode":"503017823","cityCode":"40602","city":"添田町","lat":33.4895833,"lon":130.903125,"areaKm2":0.2683732,"populated2020":true,"population2020":4.0245,"populationNote":"2020年基準の国交省調整値"},"geometry":{"type":"Polygon","coordinates":[[[130.9,33.4875],[130.9,33.491666666666674],[130.90625,33.49166666666667],[130.90625,33.48749999999999],[130.9,33.4875]]]}},{"type":"Feature","id":"40602:503017824","properties":{"id":"40602:503017824","meshCode":"503017824","cityCode":"40602","city":"添田町","lat":33.4895833,"lon":130.909375,"areaKm2":0.2683731,"populated2020":true,"population2020":4.0311,"populationNote":"2020年基準の国交省調整値"},"geometry":{"type":"Polygon","coordinates":[[[130.90625,33.48749999999999],[130.90625,33.49166666666667],[130.9125,33.49166666666666],[130.9125,33.4875],[130.90625,33.48749999999999]]]}},{"type":"Feature","id":"40602:503017833","properties":{"id":"40602:503017833","meshCode":"503017833","cityCode":"40602","city":"添田町","lat":33.4895833,"lon":130.915625,"areaKm2":0.2683731,"populated2020":false,"population2020":null,"populationNote":"境界またぎ・原典収録外のため自治体内人口は未集計"},"geometry":{"type":"Polygon","coordinates":[[[130.9125,33.4875],[130.9125,33.49166666666666],[130.91875,33.491666666666674],[130.91875,33.487500000000004],[130.9125,33.4875]]]}},{"type":"Feature","id":"40602:503017834","properties":{"id":"40602:503017834","meshCode":"503017834","cityCode":"40602","city":"添田町","lat":33.4895833,"lon":130.921875,"areaKm2":0.268373,"populated2020":false,"population2020":null,"populationNote":"境界またぎ・原典収録外のため自治体内人口は未集計"},"geometry":{"type":"Polygon","coordinates":[[[130.91875,33.487500000000004],[130.91875,33.491666666666674],[130.925,33.49166666666667],[130.925,33.4875],[130.91875,33.487500000000004]]]}},{"type":"Feature","id":"40602:503017843","properties":{"id":"40602:503017843","meshCode":"503017843","cityCode":"40602","city":"添田町","lat":33.4895833,"lon":130.928125,"areaKm2":0.2683729,"populated2020":false,"population2020":null,"populationNote":"境界またぎ・原典収録外のため自治体内人口は未集計"},"geometry":{"type":"Polygon","coordinates":[[[130.925,33.4875],[130.925,33.49166666666667],[130.93125,33.49166666666667],[130.93125,33.487500000000004],[130.925,33.4875]]]}},{"type":"Feature","id":"40602:503017844","properties":{"id":"40602:503017844","meshCode":"503017844","cityCode":"40602","city":"添田町","lat":33.4895833,"lon":130.934375,"areaKm2":0.2683729,"populated2020":false,"population2020":null,"populationNote":"境界またぎ・原典収録外のため自治体内人口は未集計"},"geometry":{"type":"Polygon","coordinates":[[[130.93125,33.487500000000004],[130.93125,33.49166666666667],[130.9375,33.49166666666667],[130.9375,33.48749999999999],[130.93125,33.487500000000004]]]}},{"type":"Feature","id":"40602:503017853","properties":{"id":"40602:503017853","meshCode":"503017853","cityCode":"40602","city":"添田町","lat":33.4895833,"lon":130.940625,"areaKm2":0.2683728,"populated2020":false,"population2020":null,"populationNote":"境界またぎ・原典収録外のため自治体内人口は未集計"},"geometry":{"type":"Polygon","coordinates":[[[130.9375,33.48749999999999],[130.9375,33.49166666666667],[130.94375,33.491666666666674],[130.94375,33.4875],[130.9375,33.48749999999999]]]}},{"type":"Feature","id":"40602:503017854","properties":{"id":"40602:503017854","meshCode":"503017854","cityCode":"40602","city":"添田町","lat":33.4895833,"lon":130.946875,"areaKm2":0.2284228,"populated2020":false,"population2020":null,"populationNote":"境界またぎ・原典収録外のため自治体内人口は未集計"},"geometry":{"type":"Polygon","coordinates":[[[130.9484261610858,33.49166666666667],[130.948807224,33.490521945999994],[130.9487969390001,33.490148892000036],[130.94916389100013,33.489745],[130.94988749700008,33.48766916200004],[130.94881610900006,33.487705829],[130.94764229620236,33.4875],[130.94375,33.4875],[130.94375,33.491666666666674],[130.9484261610858,33.49166666666667]]]}},{"type":"Feature","id":"40602:503016951","properties":{"id":"40602:503016951","meshCode":"503016951","cityCode":"40602","city":"添田町","lat":33.49375,"lon":130.815625,"areaKm2":0.1648099,"populated2020":false,"population2020":null,"populationNote":"境界またぎ・原典収録外のため自治体内人口は未集計"},"geometry":{"type":"Polygon","coordinates":[[[130.81677847,33.491666667],[130.81649416300002,33.491975559],[130.816212776,33.49213194599999],[130.815329728,33.492195829],[130.81489166,33.492745829],[130.814644721,33.492904721],[130.814176394,33.49296972100001],[130.814028612,33.493062225],[130.81409166,33.493271387],[130.814585837,33.493942775],[130.814646109,33.494296667],[130.814584994,33.494642775],[130.814770272,33.495193892],[130.814852218,33.495356387],[130.815202776,33.495588613],[130.8153255987114,33.49583333333332],[130.81875,33.49583333333333],[130.81875,33.49166666666667],[130.81677847,33.491666667]]]}},{"type":"Feature","id":"40602:503016952","properties":{"id":"40602:503016952","meshCode":"503016952","cityCode":"40602","city":"添田町","lat":33.49375,"lon":130.821875,"areaKm2":0.2683618,"populated2020":false,"population2020":null,"populationNote":"境界またぎ・原典収録外のため自治体内人口は未集計"},"geometry":{"type":"Polygon","coordinates":[[[130.81875,33.49166666666667],[130.81875,33.49583333333333],[130.825,33.49583333333333],[130.825,33.491666666666674],[130.81875,33.49166666666667]]]}},{"type":"Feature","id":"40602:503016961","properties":{"id":"40602:503016961","meshCode":"503016961","cityCode":"40602","city":"添田町","lat":33.49375,"lon":130.828125,"areaKm2":0.2683617,"populated2020":false,"population2020":null,"populationNote":"境界またぎ・原典収録外のため自治体内人口は未集計"},"geometry":{"type":"Polygon","coordinates":[[[130.825,33.491666666666674],[130.825,33.49583333333333],[130.83125,33.49583333333333],[130.83125,33.49166666666667],[130.825,33.491666666666674]]]}},{"type":"Feature","id":"40602:503016962","properties":{"id":"40602:503016962","meshCode":"503016962","cityCode":"40602","city":"添田町","lat":33.49375,"lon":130.834375,"areaKm2":0.2683615,"populated2020":false,"population2020":null,"populationNote":"境界またぎ・原典収録外のため自治体内人口は未集計"},"geometry":{"type":"Polygon","coordinates":[[[130.83125,33.49166666666667],[130.83125,33.49583333333333],[130.8375,33.49583333333333],[130.8375,33.49166666666667],[130.83125,33.49166666666667]]]}},{"type":"Feature","id":"40602:503016971","properties":{"id":"40602:503016971","meshCode":"503016971","cityCode":"40602","city":"添田町","lat":33.49375,"lon":130.840625,"areaKm2":0.2683614,"populated2020":false,"population2020":null,"populationNote":"境界またぎ・原典収録外のため自治体内人口は未集計"},"geometry":{"type":"Polygon","coordinates":[[[130.8375,33.49166666666667],[130.8375,33.49583333333333],[130.84375,33.49583333333333],[130.84375,33.491666666666674],[130.8375,33.49166666666667]]]}},{"type":"Feature","id":"40602:503016972","properties":{"id":"40602:503016972","meshCode":"503016972","cityCode":"40602","city":"添田町","lat":33.49375,"lon":130.846875,"areaKm2":0.2683613,"populated2020":true,"population2020":4.051,"populationNote":"2020年基準の国交省調整値"},"geometry":{"type":"Polygon","coordinates":[[[130.84375,33.491666666666674],[130.84375,33.49583333333333],[130.85,33.49583333333333],[130.85,33.49166666666667],[130.84375,33.491666666666674]]]}},{"type":"Feature","id":"40602:503016981","properties":{"id":"40602:503016981","meshCode":"503016981","cityCode":"40602","city":"添田町","lat":33.49375,"lon":130.853125,"areaKm2":0.2683612,"populated2020":false,"population2020":null,"populationNote":"境界またぎ・原典収録外のため自治体内人口は未集計"},"geometry":{"type":"Polygon","coordinates":[[[130.85,33.49166666666667],[130.85,33.49583333333333],[130.85625,33.49583333333333],[130.85625,33.491666666666674],[130.85,33.49166666666667]]]}},{"type":"Feature","id":"40602:503016982","properties":{"id":"40602:503016982","meshCode":"503016982","cityCode":"40602","city":"添田町","lat":33.49375,"lon":130.859375,"areaKm2":0.2683611,"populated2020":false,"population2020":null,"populationNote":"境界またぎ・原典収録外のため自治体内人口は未集計"},"geometry":{"type":"Polygon","coordinates":[[[130.85625,33.491666666666674],[130.85625,33.49583333333333],[130.8625,33.49583333333334],[130.8625,33.49166666666667],[130.85625,33.491666666666674]]]}},{"type":"Feature","id":"40602:503016991","properties":{"id":"40602:503016991","meshCode":"503016991","cityCode":"40602","city":"添田町","lat":33.49375,"lon":130.865625,"areaKm2":0.268361,"populated2020":false,"population2020":null,"populationNote":"境界またぎ・原典収録外のため自治体内人口は未集計"},"geometry":{"type":"Polygon","coordinates":[[[130.8625,33.49166666666667],[130.8625,33.49583333333334],[130.86875,33.49583333333333],[130.86875,33.491666666666674],[130.8625,33.49166666666667]]]}},{"type":"Feature","id":"40602:503016992","properties":{"id":"40602:503016992","meshCode":"503016992","cityCode":"40602","city":"添田町","lat":33.49375,"lon":130.871875,"areaKm2":0.2683609,"populated2020":true,"population2020":15.2292,"populationNote":"2020年基準の国交省調整値"},"geometry":{"type":"Polygon","coordinates":[[[130.86875,33.491666666666674],[130.86875,33.49583333333333],[130.875,33.49583333333334],[130.875,33.49166666666667],[130.86875,33.491666666666674]]]}},{"type":"Feature","id":"40602:503017901","properties":{"id":"40602:503017901","meshCode":"503017901","cityCode":"40602","city":"添田町","lat":33.49375,"lon":130.878125,"areaKm2":0.2683608,"populated2020":true,"population2020":4.0781,"populationNote":"2020年基準の国交省調整値"},"geometry":{"type":"Polygon","coordinates":[[[130.875,33.49166666666667],[130.875,33.49583333333334],[130.88125,33.49583333333333],[130.88125,33.491666666666674],[130.875,33.49166666666667]]]}},{"type":"Feature","id":"40602:503017902","properties":{"id":"40602:503017902","meshCode":"503017902","cityCode":"40602","city":"添田町","lat":33.49375,"lon":130.884375,"areaKm2":0.2683607,"populated2020":true,"population2020":8.0605,"populationNote":"2020年基準の国交省調整値"},"geometry":{"type":"Polygon","coordinates":[[[130.88125,33.491666666666674],[130.88125,33.49583333333333],[130.8875,33.49583333333333],[130.8875,33.49166666666667],[130.88125,33.491666666666674]]]}},{"type":"Feature","id":"40602:503017911","properties":{"id":"40602:503017911","meshCode":"503017911","cityCode":"40602","city":"添田町","lat":33.49375,"lon":130.890625,"areaKm2":0.2683607,"populated2020":true,"population2020":3.0141,"populationNote":"2020年基準の国交省調整値"},"geometry":{"type":"Polygon","coordinates":[[[130.8875,33.49166666666667],[130.8875,33.49583333333333],[130.89375,33.49583333333333],[130.89375,33.49166666666667],[130.8875,33.49166666666667]]]}},{"type":"Feature","id":"40602:503017912","properties":{"id":"40602:503017912","meshCode":"503017912","cityCode":"40602","city":"添田町","lat":33.49375,"lon":130.896875,"areaKm2":0.2683606,"populated2020":false,"population2020":null,"populationNote":"境界またぎ・原典収録外のため自治体内人口は未集計"},"geometry":{"type":"Polygon","coordinates":[[[130.89375,33.49166666666667],[130.89375,33.49583333333333],[130.9,33.49583333333333],[130.9,33.491666666666674],[130.89375,33.49166666666667]]]}},{"type":"Feature","id":"40602:503017921","properties":{"id":"40602:503017921","meshCode":"503017921","cityCode":"40602","city":"添田町","lat":33.49375,"lon":130.903125,"areaKm2":0.2683605,"populated2020":true,"population2020":8.1169,"populationNote":"2020年基準の国交省調整値"},"geometry":{"type":"Polygon","coordinates":[[[130.9,33.491666666666674],[130.9,33.49583333333333],[130.90625,33.49583333333334],[130.90625,33.49166666666667],[130.9,33.491666666666674]]]}},{"type":"Feature","id":"40602:503017922","properties":{"id":"40602:503017922","meshCode":"503017922","cityCode":"40602","city":"添田町","lat":33.49375,"lon":130.909375,"areaKm2":0.2683604,"populated2020":false,"population2020":null,"populationNote":"境界またぎ・原典収録外のため自治体内人口は未集計"},"geometry":{"type":"Polygon","coordinates":[[[130.90625,33.49166666666667],[130.90625,33.49583333333334],[130.9125,33.49583333333332],[130.9125,33.49166666666666],[130.90625,33.49166666666667]]]}},{"type":"Feature","id":"40602:503017931","properties":{"id":"40602:503017931","meshCode":"503017931","cityCode":"40602","city":"添田町","lat":33.49375,"lon":130.915625,"areaKm2":0.2683604,"populated2020":false,"population2020":null,"populationNote":"境界またぎ・原典収録外のため自治体内人口は未集計"},"geometry":{"type":"Polygon","coordinates":[[[130.9125,33.49166666666666],[130.9125,33.49583333333332],[130.91875,33.49583333333334],[130.91875,33.491666666666674],[130.9125,33.49166666666666]]]}},{"type":"Feature","id":"40602:503017932","properties":{"id":"40602:503017932","meshCode":"503017932","cityCode":"40602","city":"添田町","lat":33.49375,"lon":130.921875,"areaKm2":0.2683603,"populated2020":false,"population2020":null,"populationNote":"境界またぎ・原典収録外のため自治体内人口は未集計"},"geometry":{"type":"Polygon","coordinates":[[[130.91875,33.491666666666674],[130.91875,33.49583333333334],[130.925,33.49583333333333],[130.925,33.49166666666667],[130.91875,33.491666666666674]]]}},{"type":"Feature","id":"40602:503017941","properties":{"id":"40602:503017941","meshCode":"503017941","cityCode":"40602","city":"添田町","lat":33.49375,"lon":130.928125,"areaKm2":0.2683603,"populated2020":false,"population2020":null,"populationNote":"境界またぎ・原典収録外のため自治体内人口は未集計"},"geometry":{"type":"Polygon","coordinates":[[[130.925,33.49166666666667],[130.925,33.49583333333333],[130.93125,33.49583333333333],[130.93125,33.49166666666667],[130.925,33.49166666666667]]]}},{"type":"Feature","id":"40602:503017942","properties":{"id":"40602:503017942","meshCode":"503017942","cityCode":"40602","city":"添田町","lat":33.49375,"lon":130.934375,"areaKm2":0.2683602,"populated2020":false,"population2020":null,"populationNote":"境界またぎ・原典収録外のため自治体内人口は未集計"},"geometry":{"type":"Polygon","coordinates":[[[130.93125,33.49166666666667],[130.93125,33.49583333333333],[130.9375,33.49583333333334],[130.9375,33.49166666666667],[130.93125,33.49166666666667]]]}},{"type":"Feature","id":"40602:503017951","properties":{"id":"40602:503017951","meshCode":"503017951","cityCode":"40602","city":"添田町","lat":33.49375,"lon":130.940625,"areaKm2":0.268033,"populated2020":false,"population2020":null,"populationNote":"境界またぎ・原典収録外のため自治体内人口は未集計"},"geometry":{"type":"Polygon","coordinates":[[[130.9433964661251,33.49583333333332],[130.94375,33.49565390013301],[130.94375,33.491666666666674],[130.9375,33.49166666666667],[130.9375,33.49583333333334],[130.9433964661251,33.49583333333332]]]}},{"type":"Feature","id":"40602:503017952","properties":{"id":"40602:503017952","meshCode":"503017952","cityCode":"40602","city":"添田町","lat":33.49375,"lon":130.946875,"areaKm2":0.1662717,"populated2020":false,"population2020":null,"populationNote":"境界またぎ・原典収録外のため自治体内人口は未集計"},"geometry":{"type":"Polygon","coordinates":[[[130.9444736060001,33.49528666700002],[130.945381388,33.49517444100013],[130.9460902720001,33.49556333299994],[130.94654416300003,33.495675559],[130.94716083000003,33.49553555899997],[130.94746693900004,33.494797225000006],[130.94780832699996,33.49449777500007],[130.94797138800004,33.49418082899996],[130.94817499400006,33.49318],[130.94856277600002,33.49261444100006],[130.94837888500012,33.492128892000096],[130.9484261610858,33.49166666666667],[130.94375,33.491666666666674],[130.94375,33.49565390013301],[130.9444736060001,33.49528666700002]]]}},{"type":"Feature","id":"40602:503016944","properties":{"id":"40602:503016944","meshCode":"503016944","cityCode":"40602","city":"添田町","lat":33.4995668,"lon":130.8123924,"areaKm2":0.0027944,"populated2020":false,"population2020":null,"populationNote":"境界またぎ・原典収録外のため自治体内人口は未集計"},"geometry":{"type":"Polygon","coordinates":[[[130.8125,33.499046895948055],[130.812183891,33.499193333],[130.812294449,33.499623054],[130.812015227,33.49999999999999],[130.8125,33.49999999999999],[130.8125,33.499046895948055]]]}},{"type":"Feature","id":"40602:503016953","properties":{"id":"40602:503016953","meshCode":"503016953","cityCode":"40602","city":"添田町","lat":33.4979167,"lon":130.815625,"areaKm2":0.2194707,"populated2020":false,"population2020":null,"populationNote":"境界またぎ・原典収録外のため自治体内人口は未集計"},"geometry":{"type":"Polygon","coordinates":[[[130.8153255987114,33.49583333333332],[130.815354163,33.496381946],[130.815032503,33.496581667],[130.814647497,33.497012495],[130.814173606,33.497026946],[130.813837497,33.49711610800001],[130.813624163,33.49753166699999],[130.81326083,33.497763892],[130.813230558,33.498299162],[130.813032503,33.498493054],[130.812834994,33.498978613],[130.8125,33.499046895948055],[130.8125,33.49999999999999],[130.81875,33.49999999999999],[130.81875,33.49583333333333],[130.8153255987114,33.49583333333332]]]}},{"type":"Feature","id":"40602:503016954","properties":{"id":"40602:503016954","meshCode":"503016954","cityCode":"40602","city":"添田町","lat":33.4979167,"lon":130.821875,"areaKm2":0.2683491,"populated2020":false,"population2020":null,"populationNote":"境界またぎ・原典収録外のため自治体内人口は未集計"},"geometry":{"type":"Polygon","coordinates":[[[130.81875,33.49583333333333],[130.81875,33.49999999999999],[130.825,33.5],[130.825,33.49583333333333],[130.81875,33.49583333333333]]]}},{"type":"Feature","id":"40602:503016963","properties":{"id":"40602:503016963","meshCode":"503016963","cityCode":"40602","city":"添田町","lat":33.4979167,"lon":130.828125,"areaKm2":0.268349,"populated2020":false,"population2020":null,"populationNote":"境界またぎ・原典収録外のため自治体内人口は未集計"},"geometry":{"type":"Polygon","coordinates":[[[130.825,33.49583333333333],[130.825,33.5],[130.83125,33.5],[130.83125,33.49583333333333],[130.825,33.49583333333333]]]}},{"type":"Feature","id":"40602:503016964","properties":{"id":"40602:503016964","meshCode":"503016964","cityCode":"40602","city":"添田町","lat":33.4979167,"lon":130.834375,"areaKm2":0.2683489,"populated2020":false,"population2020":null,"populationNote":"境界またぎ・原典収録外のため自治体内人口は未集計"},"geometry":{"type":"Polygon","coordinates":[[[130.83125,33.49583333333333],[130.83125,33.5],[130.8375,33.49999999999999],[130.8375,33.49583333333333],[130.83125,33.49583333333333]]]}},{"type":"Feature","id":"40602:503016973","properties":{"id":"40602:503016973","meshCode":"503016973","cityCode":"40602","city":"添田町","lat":33.4979167,"lon":130.840625,"areaKm2":0.2683488,"populated2020":false,"population2020":null,"populationNote":"境界またぎ・原典収録外のため自治体内人口は未集計"},"geometry":{"type":"Polygon","coordinates":[[[130.8375,33.49583333333333],[130.8375,33.49999999999999],[130.84375,33.5],[130.84375,33.49583333333333],[130.8375,33.49583333333333]]]}},{"type":"Feature","id":"40602:503016974","properties":{"id":"40602:503016974","meshCode":"503016974","cityCode":"40602","city":"添田町","lat":33.4979167,"lon":130.846875,"areaKm2":0.2683486,"populated2020":false,"population2020":null,"populationNote":"境界またぎ・原典収録外のため自治体内人口は未集計"},"geometry":{"type":"Polygon","coordinates":[[[130.84375,33.49583333333333],[130.84375,33.5],[130.85,33.49999999999999],[130.85,33.49583333333333],[130.84375,33.49583333333333]]]}},{"type":"Feature","id":"40602:503016983","properties":{"id":"40602:503016983","meshCode":"503016983","cityCode":"40602","city":"添田町","lat":33.4979167,"lon":130.853125,"areaKm2":0.2683485,"populated2020":true,"population2020":3.0479,"populationNote":"2020年基準の国交省調整値"},"geometry":{"type":"Polygon","coordinates":[[[130.85,33.49583333333333],[130.85,33.49999999999999],[130.85625,33.5],[130.85625,33.49583333333333],[130.85,33.49583333333333]]]}},{"type":"Feature","id":"40602:503016984","properties":{"id":"40602:503016984","meshCode":"503016984","cityCode":"40602","city":"添田町","lat":33.4979167,"lon":130.859375,"areaKm2":0.2683484,"populated2020":false,"population2020":null,"populationNote":"境界またぎ・原典収録外のため自治体内人口は未集計"},"geometry":{"type":"Polygon","coordinates":[[[130.85625,33.49583333333333],[130.85625,33.5],[130.8625,33.5],[130.8625,33.49583333333334],[130.85625,33.49583333333333]]]}},{"type":"Feature","id":"40602:503016993","properties":{"id":"40602:503016993","meshCode":"503016993","cityCode":"40602","city":"添田町","lat":33.4979167,"lon":130.865625,"areaKm2":0.2683483,"populated2020":true,"population2020":11.0935,"populationNote":"2020年基準の国交省調整値"},"geometry":{"type":"Polygon","coordinates":[[[130.8625,33.49583333333334],[130.8625,33.5],[130.86875,33.5],[130.86875,33.49583333333333],[130.8625,33.49583333333334]]]}},{"type":"Feature","id":"40602:503016994","properties":{"id":"40602:503016994","meshCode":"503016994","cityCode":"40602","city":"添田町","lat":33.4979167,"lon":130.871875,"areaKm2":0.2683482,"populated2020":true,"population2020":48.5026,"populationNote":"2020年基準の国交省調整値"},"geometry":{"type":"Polygon","coordinates":[[[130.86875,33.49583333333333],[130.86875,33.5],[130.875,33.5],[130.875,33.49583333333334],[130.86875,33.49583333333333]]]}},{"type":"Feature","id":"40602:503017903","properties":{"id":"40602:503017903","meshCode":"503017903","cityCode":"40602","city":"添田町","lat":33.4979167,"lon":130.878125,"areaKm2":0.2683481,"populated2020":true,"population2020":5.0609,"populationNote":"2020年基準の国交省調整値"},"geometry":{"type":"Polygon","coordinates":[[[130.875,33.49583333333334],[130.875,33.5],[130.88125,33.5],[130.88125,33.49583333333333],[130.875,33.49583333333334]]]}},{"type":"Feature","id":"40602:503017904","properties":{"id":"40602:503017904","meshCode":"503017904","cityCode":"40602","city":"添田町","lat":33.4979167,"lon":130.884375,"areaKm2":0.2683481,"populated2020":true,"population2020":3.0345,"populationNote":"2020年基準の国交省調整値"},"geometry":{"type":"Polygon","coordinates":[[[130.88125,33.49583333333333],[130.88125,33.5],[130.8875,33.49999999999999],[130.8875,33.49583333333333],[130.88125,33.49583333333333]]]}},{"type":"Feature","id":"40602:503017913","properties":{"id":"40602:503017913","meshCode":"503017913","cityCode":"40602","city":"添田町","lat":33.4979167,"lon":130.890625,"areaKm2":0.268348,"populated2020":true,"population2020":3.0018,"populationNote":"2020年基準の国交省調整値"},"geometry":{"type":"Polygon","coordinates":[[[130.8875,33.49583333333333],[130.8875,33.49999999999999],[130.89375,33.49999999999999],[130.89375,33.49583333333333],[130.8875,33.49583333333333]]]}},{"type":"Feature","id":"40602:503017914","properties":{"id":"40602:503017914","meshCode":"503017914","cityCode":"40602","city":"添田町","lat":33.4979167,"lon":130.896875,"areaKm2":0.2683479,"populated2020":false,"population2020":null,"populationNote":"境界またぎ・原典収録外のため自治体内人口は未集計"},"geometry":{"type":"Polygon","coordinates":[[[130.89375,33.49583333333333],[130.89375,33.49999999999999],[130.9,33.49999999999999],[130.9,33.49583333333333],[130.89375,33.49583333333333]]]}},{"type":"Feature","id":"40602:503017923","properties":{"id":"40602:503017923","meshCode":"503017923","cityCode":"40602","city":"添田町","lat":33.4979167,"lon":130.903125,"areaKm2":0.2683478,"populated2020":false,"population2020":null,"populationNote":"境界またぎ・原典収録外のため自治体内人口は未集計"},"geometry":{"type":"Polygon","coordinates":[[[130.9,33.49583333333333],[130.9,33.49999999999999],[130.90625,33.5],[130.90625,33.49583333333334],[130.9,33.49583333333333]]]}},{"type":"Feature","id":"40602:503017924","properties":{"id":"40602:503017924","meshCode":"503017924","cityCode":"40602","city":"添田町","lat":33.4979167,"lon":130.909375,"areaKm2":0.2683478,"populated2020":false,"population2020":null,"populationNote":"境界またぎ・原典収録外のため自治体内人口は未集計"},"geometry":{"type":"Polygon","coordinates":[[[130.90625,33.49583333333334],[130.90625,33.5],[130.9125,33.49999999999999],[130.9125,33.49583333333332],[130.90625,33.49583333333334]]]}},{"type":"Feature","id":"40602:503017933","properties":{"id":"40602:503017933","meshCode":"503017933","cityCode":"40602","city":"添田町","lat":33.4979167,"lon":130.915625,"areaKm2":0.2683477,"populated2020":false,"population2020":null,"populationNote":"境界またぎ・原典収録外のため自治体内人口は未集計"},"geometry":{"type":"Polygon","coordinates":[[[130.9125,33.49583333333332],[130.9125,33.49999999999999],[130.91875,33.49999999999999],[130.91875,33.49583333333334],[130.9125,33.49583333333332]]]}},{"type":"Feature","id":"40602:503017934","properties":{"id":"40602:503017934","meshCode":"503017934","cityCode":"40602","city":"添田町","lat":33.4979167,"lon":130.921875,"areaKm2":0.2683476,"populated2020":false,"population2020":null,"populationNote":"境界またぎ・原典収録外のため自治体内人口は未集計"},"geometry":{"type":"Polygon","coordinates":[[[130.91875,33.49583333333334],[130.91875,33.49999999999999],[130.925,33.5],[130.925,33.49583333333333],[130.91875,33.49583333333334]]]}},{"type":"Feature","id":"40602:503017943","properties":{"id":"40602:503017943","meshCode":"503017943","cityCode":"40602","city":"添田町","lat":33.4979167,"lon":130.928125,"areaKm2":0.2683476,"populated2020":false,"population2020":null,"populationNote":"境界またぎ・原典収録外のため自治体内人口は未集計"},"geometry":{"type":"Polygon","coordinates":[[[130.925,33.49583333333333],[130.925,33.5],[130.93125,33.49999999999999],[130.93125,33.49583333333333],[130.925,33.49583333333333]]]}},{"type":"Feature","id":"40602:503017944","properties":{"id":"40602:503017944","meshCode":"503017944","cityCode":"40602","city":"添田町","lat":33.4979167,"lon":130.934375,"areaKm2":0.2683475,"populated2020":false,"population2020":null,"populationNote":"境界またぎ・原典収録外のため自治体内人口は未集計"},"geometry":{"type":"Polygon","coordinates":[[[130.93125,33.49583333333333],[130.93125,33.49999999999999],[130.9375,33.5],[130.9375,33.49583333333334],[130.93125,33.49583333333333]]]}},{"type":"Feature","id":"40602:503017953","properties":{"id":"40602:503017953","meshCode":"503017953","cityCode":"40602","city":"添田町","lat":33.4979801,"lon":130.9389776,"areaKm2":0.1297394,"populated2020":false,"population2020":null,"populationNote":"境界またぎ・原典収録外のため自治体内人口は未集計"},"geometry":{"type":"Polygon","coordinates":[[[130.938050272,33.5],[130.93792333299996,33.49943027900002],[130.93795888500006,33.49922166700014],[130.93807639400006,33.499045],[130.93868861199996,33.498576667000066],[130.941278054,33.49770722500006],[130.941537497,33.49758722500008],[130.94213888500008,33.49708610800013],[130.94281250300003,33.49711000000014],[130.94301583699996,33.496778613],[130.94307722400015,33.496068332999975],[130.9433964661251,33.49583333333332],[130.9375,33.49583333333334],[130.9375,33.5],[130.938050272,33.5]]]}},{"type":"Feature","id":"40602:503026042","properties":{"id":"40602:503026042","meshCode":"503026042","cityCode":"40602","city":"添田町","lat":33.5021663,"lon":130.8116348,"areaKm2":0.0646127,"populated2020":false,"population2020":null,"populationNote":"境界またぎ・原典収録外のため自治体内人口は未集計"},"geometry":{"type":"Polygon","coordinates":[[[130.812015227,33.49999999999999],[130.811520272,33.500709441],[130.810718327,33.502262225],[130.81062000000003,33.502550279],[130.810644721,33.50321000000001],[130.81056221800003,33.50383082900001],[130.81044070715336,33.50416666666667],[130.8125,33.50416666666667],[130.8125,33.49999999999999],[130.812015227,33.49999999999999]]]}},{"type":"Feature","id":"40602:503026051","properties":{"id":"40602:503026051","meshCode":"503026051","cityCode":"40602","city":"添田町","lat":33.5020833,"lon":130.815625,"areaKm2":0.2683366,"populated2020":false,"population2020":null,"populationNote":"境界またぎ・原典収録外のため自治体内人口は未集計"},"geometry":{"type":"Polygon","coordinates":[[[130.8125,33.49999999999999],[130.8125,33.50416666666667],[130.81875,33.50416666666667],[130.81875,33.49999999999999],[130.8125,33.49999999999999]]]}},{"type":"Feature","id":"40602:503026052","properties":{"id":"40602:503026052","meshCode":"503026052","cityCode":"40602","city":"添田町","lat":33.5020833,"lon":130.821875,"areaKm2":0.2683364,"populated2020":false,"population2020":null,"populationNote":"境界またぎ・原典収録外のため自治体内人口は未集計"},"geometry":{"type":"Polygon","coordinates":[[[130.81875,33.49999999999999],[130.81875,33.50416666666667],[130.825,33.50416666666667],[130.825,33.5],[130.81875,33.49999999999999]]]}},{"type":"Feature","id":"40602:503026061","properties":{"id":"40602:503026061","meshCode":"503026061","cityCode":"40602","city":"添田町","lat":33.5020833,"lon":130.828125,"areaKm2":0.2683363,"populated2020":false,"population2020":null,"populationNote":"境界またぎ・原典収録外のため自治体内人口は未集計"},"geometry":{"type":"Polygon","coordinates":[[[130.825,33.5],[130.825,33.50416666666667],[130.83125,33.50416666666666],[130.83125,33.5],[130.825,33.5]]]}},{"type":"Feature","id":"40602:503026062","properties":{"id":"40602:503026062","meshCode":"503026062","cityCode":"40602","city":"添田町","lat":33.5020833,"lon":130.834375,"areaKm2":0.2683362,"populated2020":false,"population2020":null,"populationNote":"境界またぎ・原典収録外のため自治体内人口は未集計"},"geometry":{"type":"Polygon","coordinates":[[[130.83125,33.5],[130.83125,33.50416666666666],[130.8375,33.50416666666667],[130.8375,33.49999999999999],[130.83125,33.5]]]}},{"type":"Feature","id":"40602:503026071","properties":{"id":"40602:503026071","meshCode":"503026071","cityCode":"40602","city":"添田町","lat":33.5020833,"lon":130.840625,"areaKm2":0.2683361,"populated2020":false,"population2020":null,"populationNote":"境界またぎ・原典収録外のため自治体内人口は未集計"},"geometry":{"type":"Polygon","coordinates":[[[130.8375,33.49999999999999],[130.8375,33.50416666666667],[130.84375,33.50416666666667],[130.84375,33.5],[130.8375,33.49999999999999]]]}},{"type":"Feature","id":"40602:503026072","properties":{"id":"40602:503026072","meshCode":"503026072","cityCode":"40602","city":"添田町","lat":33.5020833,"lon":130.846875,"areaKm2":0.268336,"populated2020":false,"population2020":null,"populationNote":"境界またぎ・原典収録外のため自治体内人口は未集計"},"geometry":{"type":"Polygon","coordinates":[[[130.84375,33.5],[130.84375,33.50416666666667],[130.85,33.50416666666667],[130.85,33.49999999999999],[130.84375,33.5]]]}},{"type":"Feature","id":"40602:503026081","properties":{"id":"40602:503026081","meshCode":"503026081","cityCode":"40602","city":"添田町","lat":33.5020833,"lon":130.853125,"areaKm2":0.2683359,"populated2020":true,"population2020":6.0377,"populationNote":"2020年基準の国交省調整値"},"geometry":{"type":"Polygon","coordinates":[[[130.85,33.49999999999999],[130.85,33.50416666666667],[130.85625,33.50416666666666],[130.85625,33.5],[130.85,33.49999999999999]]]}},{"type":"Feature","id":"40602:503026082","properties":{"id":"40602:503026082","meshCode":"503026082","cityCode":"40602","city":"添田町","lat":33.5020833,"lon":130.859375,"areaKm2":0.2683358,"populated2020":false,"population2020":null,"populationNote":"境界またぎ・原典収録外のため自治体内人口は未集計"},"geometry":{"type":"Polygon","coordinates":[[[130.85625,33.5],[130.85625,33.50416666666666],[130.8625,33.50416666666668],[130.8625,33.5],[130.85625,33.5]]]}},{"type":"Feature","id":"40602:503026091","properties":{"id":"40602:503026091","meshCode":"503026091","cityCode":"40602","city":"添田町","lat":33.5020833,"lon":130.865625,"areaKm2":0.2683357,"populated2020":true,"population2020":18.1257,"populationNote":"2020年基準の国交省調整値"},"geometry":{"type":"Polygon","coordinates":[[[130.8625,33.5],[130.8625,33.50416666666668],[130.86875,33.50416666666667],[130.86875,33.5],[130.8625,33.5]]]}},{"type":"Feature","id":"40602:503026092","properties":{"id":"40602:503026092","meshCode":"503026092","cityCode":"40602","city":"添田町","lat":33.5020833,"lon":130.871875,"areaKm2":0.2683356,"populated2020":true,"population2020":2.0182,"populationNote":"2020年基準の国交省調整値"},"geometry":{"type":"Polygon","coordinates":[[[130.86875,33.5],[130.86875,33.50416666666667],[130.875,33.50416666666667],[130.875,33.5],[130.86875,33.5]]]}},{"type":"Feature","id":"40602:503027001","properties":{"id":"40602:503027001","meshCode":"503027001","cityCode":"40602","city":"添田町","lat":33.5020833,"lon":130.878125,"areaKm2":0.2683355,"populated2020":false,"population2020":null,"populationNote":"境界またぎ・原典収録外のため自治体内人口は未集計"},"geometry":{"type":"Polygon","coordinates":[[[130.875,33.5],[130.875,33.50416666666667],[130.88125,33.50416666666667],[130.88125,33.5],[130.875,33.5]]]}},{"type":"Feature","id":"40602:503027002","properties":{"id":"40602:503027002","meshCode":"503027002","cityCode":"40602","city":"添田町","lat":33.5020833,"lon":130.884375,"areaKm2":0.2683354,"populated2020":false,"population2020":null,"populationNote":"境界またぎ・原典収録外のため自治体内人口は未集計"},"geometry":{"type":"Polygon","coordinates":[[[130.88125,33.5],[130.88125,33.50416666666667],[130.8875,33.50416666666667],[130.8875,33.49999999999999],[130.88125,33.5]]]}},{"type":"Feature","id":"40602:503027011","properties":{"id":"40602:503027011","meshCode":"503027011","cityCode":"40602","city":"添田町","lat":33.5020833,"lon":130.890625,"areaKm2":0.2683353,"populated2020":false,"population2020":null,"populationNote":"境界またぎ・原典収録外のため自治体内人口は未集計"},"geometry":{"type":"Polygon","coordinates":[[[130.8875,33.49999999999999],[130.8875,33.50416666666667],[130.89375,33.50416666666667],[130.89375,33.49999999999999],[130.8875,33.49999999999999]]]}},{"type":"Feature","id":"40602:503027012","properties":{"id":"40602:503027012","meshCode":"503027012","cityCode":"40602","city":"添田町","lat":33.5020833,"lon":130.896875,"areaKm2":0.2683352,"populated2020":false,"population2020":null,"populationNote":"境界またぎ・原典収録外のため自治体内人口は未集計"},"geometry":{"type":"Polygon","coordinates":[[[130.89375,33.49999999999999],[130.89375,33.50416666666667],[130.9,33.50416666666667],[130.9,33.49999999999999],[130.89375,33.49999999999999]]]}},{"type":"Feature","id":"40602:503027021","properties":{"id":"40602:503027021","meshCode":"503027021","cityCode":"40602","city":"添田町","lat":33.5020833,"lon":130.903125,"areaKm2":0.2683352,"populated2020":false,"population2020":null,"populationNote":"境界またぎ・原典収録外のため自治体内人口は未集計"},"geometry":{"type":"Polygon","coordinates":[[[130.9,33.49999999999999],[130.9,33.50416666666667],[130.90625,33.50416666666666],[130.90625,33.5],[130.9,33.49999999999999]]]}},{"type":"Feature","id":"40602:503027022","properties":{"id":"40602:503027022","meshCode":"503027022","cityCode":"40602","city":"添田町","lat":33.5020833,"lon":130.909375,"areaKm2":0.2683351,"populated2020":false,"population2020":null,"populationNote":"境界またぎ・原典収録外のため自治体内人口は未集計"},"geometry":{"type":"Polygon","coordinates":[[[130.90625,33.5],[130.90625,33.50416666666666],[130.9125,33.50416666666666],[130.9125,33.49999999999999],[130.90625,33.5]]]}},{"type":"Feature","id":"40602:503027031","properties":{"id":"40602:503027031","meshCode":"503027031","cityCode":"40602","city":"添田町","lat":33.5020833,"lon":130.915625,"areaKm2":0.268335,"populated2020":false,"population2020":null,"populationNote":"境界またぎ・原典収録外のため自治体内人口は未集計"},"geometry":{"type":"Polygon","coordinates":[[[130.9125,33.49999999999999],[130.9125,33.50416666666666],[130.91875,33.50416666666667],[130.91875,33.49999999999999],[130.9125,33.49999999999999]]]}},{"type":"Feature","id":"40602:503027032","properties":{"id":"40602:503027032","meshCode":"503027032","cityCode":"40602","city":"添田町","lat":33.5020833,"lon":130.921875,"areaKm2":0.268335,"populated2020":false,"population2020":null,"populationNote":"境界またぎ・原典収録外のため自治体内人口は未集計"},"geometry":{"type":"Polygon","coordinates":[[[130.91875,33.49999999999999],[130.91875,33.50416666666667],[130.925,33.50416666666667],[130.925,33.5],[130.91875,33.49999999999999]]]}},{"type":"Feature","id":"40602:503027041","properties":{"id":"40602:503027041","meshCode":"503027041","cityCode":"40602","city":"添田町","lat":33.5020833,"lon":130.928125,"areaKm2":0.2683349,"populated2020":true,"population2020":4.0379,"populationNote":"2020年基準の国交省調整値"},"geometry":{"type":"Polygon","coordinates":[[[130.925,33.5],[130.925,33.50416666666667],[130.93125,33.50416666666667],[130.93125,33.49999999999999],[130.925,33.5]]]}},{"type":"Feature","id":"40602:503027042","properties":{"id":"40602:503027042","meshCode":"503027042","cityCode":"40602","city":"添田町","lat":33.5020833,"lon":130.934375,"areaKm2":0.2683349,"populated2020":false,"population2020":null,"populationNote":"境界またぎ・原典収録外のため自治体内人口は未集計"},"geometry":{"type":"Polygon","coordinates":[[[130.93125,33.49999999999999],[130.93125,33.50416666666667],[130.9375,33.50416666666667],[130.9375,33.5],[130.93125,33.49999999999999]]]}},{"type":"Feature","id":"40602:503027051","properties":{"id":"40602:503027051","meshCode":"503027051","cityCode":"40602","city":"添田町","lat":33.5023757,"lon":130.9381476,"areaKm2":0.0475734,"populated2020":false,"population2020":null,"populationNote":"境界またぎ・原典収録外のため自治体内人口は未集計"},"geometry":{"type":"Polygon","coordinates":[[[130.938343061,33.50395889200001],[130.938393333,33.503484162],[130.938897224,33.502035],[130.938918054,33.501301108],[130.938790558,33.500899720999996],[130.938443606,33.500615],[130.938050272,33.5],[130.9375,33.5],[130.9375,33.50416666666667],[130.93846267280952,33.50416666666667],[130.938343061,33.50395889200001]]]}},{"type":"Feature","id":"40602:503026044","properties":{"id":"40602:503026044","meshCode":"503026044","cityCode":"40602","city":"添田町","lat":33.5062435,"lon":130.8114333,"areaKm2":0.0879719,"populated2020":false,"population2020":null,"populationNote":"境界またぎ・原典収録外のため自治体内人口は未集計"},"geometry":{"type":"Polygon","coordinates":[[[130.810412218,33.504289721],[130.810578612,33.50481082900001],[130.810376667,33.506094162],[130.810375551,33.50704333299999],[130.810284163,33.50750166700001],[130.810377497,33.507766387000004],[130.810729442,33.508112774999994],[130.81080011697452,33.50833333333334],[130.8125,33.50833333333334],[130.8125,33.50416666666667],[130.81044070715336,33.50416666666667],[130.810412218,33.504289721]]]}},{"type":"Feature","id":"40602:503026053","properties":{"id":"40602:503026053","meshCode":"503026053","cityCode":"40602","city":"添田町","lat":33.50625,"lon":130.815625,"areaKm2":0.2683239,"populated2020":false,"population2020":null,"populationNote":"境界またぎ・原典収録外のため自治体内人口は未集計"},"geometry":{"type":"Polygon","coordinates":[[[130.8125,33.50416666666667],[130.8125,33.50833333333334],[130.81875,33.50833333333334],[130.81875,33.50416666666667],[130.8125,33.50416666666667]]]}},{"type":"Feature","id":"40602:503026054","properties":{"id":"40602:503026054","meshCode":"503026054","cityCode":"40602","city":"添田町","lat":33.50625,"lon":130.821875,"areaKm2":0.2683238,"populated2020":false,"population2020":null,"populationNote":"境界またぎ・原典収録外のため自治体内人口は未集計"},"geometry":{"type":"Polygon","coordinates":[[[130.81875,33.50416666666667],[130.81875,33.50833333333334],[130.825,33.50833333333333],[130.825,33.50416666666667],[130.81875,33.50416666666667]]]}},{"type":"Feature","id":"40602:503026063","properties":{"id":"40602:503026063","meshCode":"503026063","cityCode":"40602","city":"添田町","lat":33.50625,"lon":130.828125,"areaKm2":0.2683236,"populated2020":false,"population2020":null,"populationNote":"境界またぎ・原典収録外のため自治体内人口は未集計"},"geometry":{"type":"Polygon","coordinates":[[[130.825,33.50416666666667],[130.825,33.50833333333333],[130.83125,33.50833333333334],[130.83125,33.50416666666666],[130.825,33.50416666666667]]]}},{"type":"Feature","id":"40602:503026064","properties":{"id":"40602:503026064","meshCode":"503026064","cityCode":"40602","city":"添田町","lat":33.50625,"lon":130.834375,"areaKm2":0.2683235,"populated2020":false,"population2020":null,"populationNote":"境界またぎ・原典収録外のため自治体内人口は未集計"},"geometry":{"type":"Polygon","coordinates":[[[130.83125,33.50416666666666],[130.83125,33.50833333333334],[130.8375,33.50833333333334],[130.8375,33.50416666666667],[130.83125,33.50416666666666]]]}},{"type":"Feature","id":"40602:503026073","properties":{"id":"40602:503026073","meshCode":"503026073","cityCode":"40602","city":"添田町","lat":33.50625,"lon":130.840625,"areaKm2":0.2683234,"populated2020":false,"population2020":null,"populationNote":"境界またぎ・原典収録外のため自治体内人口は未集計"},"geometry":{"type":"Polygon","coordinates":[[[130.8375,33.50416666666667],[130.8375,33.50833333333334],[130.84375,33.50833333333334],[130.84375,33.50416666666667],[130.8375,33.50416666666667]]]}},{"type":"Feature","id":"40602:503026074","properties":{"id":"40602:503026074","meshCode":"503026074","cityCode":"40602","city":"添田町","lat":33.50625,"lon":130.846875,"areaKm2":0.2683233,"populated2020":false,"population2020":null,"populationNote":"境界またぎ・原典収録外のため自治体内人口は未集計"},"geometry":{"type":"Polygon","coordinates":[[[130.84375,33.50416666666667],[130.84375,33.50833333333334],[130.85,33.50833333333333],[130.85,33.50416666666667],[130.84375,33.50416666666667]]]}},{"type":"Feature","id":"40602:503026083","properties":{"id":"40602:503026083","meshCode":"503026083","cityCode":"40602","city":"添田町","lat":33.50625,"lon":130.853125,"areaKm2":0.2683232,"populated2020":false,"population2020":null,"populationNote":"境界またぎ・原典収録外のため自治体内人口は未集計"},"geometry":{"type":"Polygon","coordinates":[[[130.85,33.50416666666667],[130.85,33.50833333333333],[130.85625,33.50833333333333],[130.85625,33.50416666666666],[130.85,33.50416666666667]]]}},{"type":"Feature","id":"40602:503026084","properties":{"id":"40602:503026084","meshCode":"503026084","cityCode":"40602","city":"添田町","lat":33.50625,"lon":130.859375,"areaKm2":0.2683231,"populated2020":false,"population2020":null,"populationNote":"境界またぎ・原典収録外のため自治体内人口は未集計"},"geometry":{"type":"Polygon","coordinates":[[[130.85625,33.50416666666666],[130.85625,33.50833333333333],[130.8625,33.50833333333333],[130.8625,33.50416666666668],[130.85625,33.50416666666666]]]}},{"type":"Feature","id":"40602:503026093","properties":{"id":"40602:503026093","meshCode":"503026093","cityCode":"40602","city":"添田町","lat":33.50625,"lon":130.865625,"areaKm2":0.268323,"populated2020":true,"population2020":20.2702,"populationNote":"2020年基準の国交省調整値"},"geometry":{"type":"Polygon","coordinates":[[[130.8625,33.50416666666668],[130.8625,33.50833333333333],[130.86875,33.50833333333334],[130.86875,33.50416666666667],[130.8625,33.50416666666668]]]}},{"type":"Feature","id":"40602:503026094","properties":{"id":"40602:503026094","meshCode":"503026094","cityCode":"40602","city":"添田町","lat":33.50625,"lon":130.871875,"areaKm2":0.2683229,"populated2020":false,"population2020":null,"populationNote":"境界またぎ・原典収録外のため自治体内人口は未集計"},"geometry":{"type":"Polygon","coordinates":[[[130.86875,33.50416666666667],[130.86875,33.50833333333334],[130.875,33.50833333333334],[130.875,33.50416666666667],[130.86875,33.50416666666667]]]}},{"type":"Feature","id":"40602:503027003","properties":{"id":"40602:503027003","meshCode":"503027003","cityCode":"40602","city":"添田町","lat":33.50625,"lon":130.878125,"areaKm2":0.2683228,"populated2020":false,"population2020":null,"populationNote":"境界またぎ・原典収録外のため自治体内人口は未集計"},"geometry":{"type":"Polygon","coordinates":[[[130.875,33.50416666666667],[130.875,33.50833333333334],[130.88125,33.50833333333334],[130.88125,33.50416666666667],[130.875,33.50416666666667]]]}},{"type":"Feature","id":"40602:503027004","properties":{"id":"40602:503027004","meshCode":"503027004","cityCode":"40602","city":"添田町","lat":33.50625,"lon":130.884375,"areaKm2":0.2683227,"populated2020":true,"population2020":1.0164,"populationNote":"2020年基準の国交省調整値"},"geometry":{"type":"Polygon","coordinates":[[[130.88125,33.50416666666667],[130.88125,33.50833333333334],[130.8875,33.50833333333334],[130.8875,33.50416666666667],[130.88125,33.50416666666667]]]}},{"type":"Feature","id":"40602:503027013","properties":{"id":"40602:503027013","meshCode":"503027013","cityCode":"40602","city":"添田町","lat":33.50625,"lon":130.890625,"areaKm2":0.2683226,"populated2020":true,"population2020":9.0473,"populationNote":"2020年基準の国交省調整値"},"geometry":{"type":"Polygon","coordinates":[[[130.8875,33.50416666666667],[130.8875,33.50833333333334],[130.89375,33.50833333333334],[130.89375,33.50416666666667],[130.8875,33.50416666666667]]]}},{"type":"Feature","id":"40602:503027014","properties":{"id":"40602:503027014","meshCode":"503027014","cityCode":"40602","city":"添田町","lat":33.50625,"lon":130.896875,"areaKm2":0.2683226,"populated2020":false,"population2020":null,"populationNote":"境界またぎ・原典収録外のため自治体内人口は未集計"},"geometry":{"type":"Polygon","coordinates":[[[130.89375,33.50416666666667],[130.89375,33.50833333333334],[130.9,33.50833333333333],[130.9,33.50416666666667],[130.89375,33.50416666666667]]]}},{"type":"Feature","id":"40602:503027023","properties":{"id":"40602:503027023","meshCode":"503027023","cityCode":"40602","city":"添田町","lat":33.50625,"lon":130.903125,"areaKm2":0.2683225,"populated2020":false,"population2020":null,"populationNote":"境界またぎ・原典収録外のため自治体内人口は未集計"},"geometry":{"type":"Polygon","coordinates":[[[130.9,33.50416666666667],[130.9,33.50833333333333],[130.90625,33.50833333333334],[130.90625,33.50416666666666],[130.9,33.50416666666667]]]}},{"type":"Feature","id":"40602:503027024","properties":{"id":"40602:503027024","meshCode":"503027024","cityCode":"40602","city":"添田町","lat":33.50625,"lon":130.909375,"areaKm2":0.2683224,"populated2020":false,"population2020":null,"populationNote":"境界またぎ・原典収録外のため自治体内人口は未集計"},"geometry":{"type":"Polygon","coordinates":[[[130.90625,33.50416666666666],[130.90625,33.50833333333334],[130.9125,33.50833333333333],[130.9125,33.50416666666666],[130.90625,33.50416666666666]]]}},{"type":"Feature","id":"40602:503027033","properties":{"id":"40602:503027033","meshCode":"503027033","cityCode":"40602","city":"添田町","lat":33.50625,"lon":130.915625,"areaKm2":0.2683224,"populated2020":false,"population2020":null,"populationNote":"境界またぎ・原典収録外のため自治体内人口は未集計"},"geometry":{"type":"Polygon","coordinates":[[[130.9125,33.50416666666666],[130.9125,33.50833333333333],[130.91875,33.50833333333333],[130.91875,33.50416666666667],[130.9125,33.50416666666666]]]}},{"type":"Feature","id":"40602:503027034","properties":{"id":"40602:503027034","meshCode":"503027034","cityCode":"40602","city":"添田町","lat":33.50625,"lon":130.921875,"areaKm2":0.2683223,"populated2020":false,"population2020":null,"populationNote":"境界またぎ・原典収録外のため自治体内人口は未集計"},"geometry":{"type":"Polygon","coordinates":[[[130.91875,33.50416666666667],[130.91875,33.50833333333333],[130.925,33.50833333333334],[130.925,33.50416666666667],[130.91875,33.50416666666667]]]}},{"type":"Feature","id":"40602:503027043","properties":{"id":"40602:503027043","meshCode":"503027043","cityCode":"40602","city":"添田町","lat":33.50625,"lon":130.928125,"areaKm2":0.2683222,"populated2020":false,"population2020":null,"populationNote":"境界またぎ・原典収録外のため自治体内人口は未集計"},"geometry":{"type":"Polygon","coordinates":[[[130.925,33.50416666666667],[130.925,33.50833333333334],[130.93125,33.50833333333334],[130.93125,33.50416666666667],[130.925,33.50416666666667]]]}},{"type":"Feature","id":"40602:503027044","properties":{"id":"40602:503027044","meshCode":"503027044","cityCode":"40602","city":"添田町","lat":33.50625,"lon":130.934375,"areaKm2":0.2683222,"populated2020":false,"population2020":null,"populationNote":"境界またぎ・原典収録外のため自治体内人口は未集計"},"geometry":{"type":"Polygon","coordinates":[[[130.93125,33.50416666666667],[130.93125,33.50833333333334],[130.9375,33.50833333333334],[130.9375,33.50416666666667],[130.93125,33.50416666666667]]]}},{"type":"Feature","id":"40602:503027053","properties":{"id":"40602:503027053","meshCode":"503027053","cityCode":"40602","city":"添田町","lat":33.5062,"lon":130.9379531,"areaKm2":0.0702377,"populated2020":false,"population2020":null,"populationNote":"境界またぎ・原典収録外のため自治体内人口は未集計"},"geometry":{"type":"Polygon","coordinates":[[[130.939933969,33.508333333],[130.939766394,33.508094441],[130.939966939,33.507643333000004],[130.939903891,33.507258054],[130.939954163,33.507020559],[130.938758612,33.50653610799999],[130.93833083,33.506091108000014],[130.938368327,33.505883613],[130.938695837,33.505596946],[130.938972503,33.505481387],[130.939022776,33.505362775],[130.939010272,33.50519444100001],[130.93846267280952,33.50416666666667],[130.9375,33.50416666666667],[130.9375,33.50833333333334],[130.939933969,33.508333333]]]}},{"type":"Feature","id":"40602:503026142","properties":{"id":"40602:503026142","meshCode":"503026142","cityCode":"40602","city":"添田町","lat":33.5103454,"lon":130.8117552,"areaKm2":0.0764691,"populated2020":false,"population2020":null,"populationNote":"境界またぎ・原典収録外のため自治体内人口は未集計"},"geometry":{"type":"Polygon","coordinates":[[[130.810798885,33.508349441],[130.81070166,33.508577225],[130.810219728,33.508798612999996],[130.810174449,33.508889441],[130.810267782,33.509615000000004],[130.81083917,33.510033892],[130.811089442,33.510611946],[130.810729442,33.512481387],[130.8125,33.5125],[130.8125,33.50833333333334],[130.810798885,33.508349441]]]}},{"type":"Feature","id":"40602:503026151","properties":{"id":"40602:503026151","meshCode":"503026151","cityCode":"40602","city":"添田町","lat":33.5104167,"lon":130.815625,"areaKm2":0.2683112,"populated2020":false,"population2020":null,"populationNote":"境界またぎ・原典収録外のため自治体内人口は未集計"},"geometry":{"type":"Polygon","coordinates":[[[130.8125,33.50833333333334],[130.8125,33.5125],[130.81875,33.5125],[130.81875,33.50833333333334],[130.8125,33.50833333333334]]]}},{"type":"Feature","id":"40602:503026152","properties":{"id":"40602:503026152","meshCode":"503026152","cityCode":"40602","city":"添田町","lat":33.5104167,"lon":130.821875,"areaKm2":0.2683111,"populated2020":false,"population2020":null,"populationNote":"境界またぎ・原典収録外のため自治体内人口は未集計"},"geometry":{"type":"Polygon","coordinates":[[[130.81875,33.50833333333334],[130.81875,33.5125],[130.825,33.5125],[130.825,33.50833333333333],[130.81875,33.50833333333334]]]}},{"type":"Feature","id":"40602:503026161","properties":{"id":"40602:503026161","meshCode":"503026161","cityCode":"40602","city":"添田町","lat":33.5104167,"lon":130.828125,"areaKm2":0.268311,"populated2020":false,"population2020":null,"populationNote":"境界またぎ・原典収録外のため自治体内人口は未集計"},"geometry":{"type":"Polygon","coordinates":[[[130.825,33.50833333333333],[130.825,33.5125],[130.83125,33.5125],[130.83125,33.50833333333334],[130.825,33.50833333333333]]]}},{"type":"Feature","id":"40602:503026162","properties":{"id":"40602:503026162","meshCode":"503026162","cityCode":"40602","city":"添田町","lat":33.5104167,"lon":130.834375,"areaKm2":0.2683108,"populated2020":false,"population2020":null,"populationNote":"境界またぎ・原典収録外のため自治体内人口は未集計"},"geometry":{"type":"Polygon","coordinates":[[[130.83125,33.50833333333334],[130.83125,33.5125],[130.8375,33.51250000000001],[130.8375,33.50833333333334],[130.83125,33.50833333333334]]]}},{"type":"Feature","id":"40602:503026171","properties":{"id":"40602:503026171","meshCode":"503026171","cityCode":"40602","city":"添田町","lat":33.5104167,"lon":130.840625,"areaKm2":0.2683107,"populated2020":false,"population2020":null,"populationNote":"境界またぎ・原典収録外のため自治体内人口は未集計"},"geometry":{"type":"Polygon","coordinates":[[[130.8375,33.50833333333334],[130.8375,33.51250000000001],[130.84375,33.512499999999996],[130.84375,33.50833333333334],[130.8375,33.50833333333334]]]}},{"type":"Feature","id":"40602:503026172","properties":{"id":"40602:503026172","meshCode":"503026172","cityCode":"40602","city":"添田町","lat":33.5104167,"lon":130.846875,"areaKm2":0.2683106,"populated2020":false,"population2020":null,"populationNote":"境界またぎ・原典収録外のため自治体内人口は未集計"},"geometry":{"type":"Polygon","coordinates":[[[130.84375,33.50833333333334],[130.84375,33.512499999999996],[130.85,33.512499999999996],[130.85,33.50833333333333],[130.84375,33.50833333333334]]]}},{"type":"Feature","id":"40602:503026181","properties":{"id":"40602:503026181","meshCode":"503026181","cityCode":"40602","city":"添田町","lat":33.5104167,"lon":130.853125,"areaKm2":0.2683105,"populated2020":false,"population2020":null,"populationNote":"境界またぎ・原典収録外のため自治体内人口は未集計"},"geometry":{"type":"Polygon","coordinates":[[[130.85,33.50833333333333],[130.85,33.512499999999996],[130.85625,33.5125],[130.85625,33.50833333333333],[130.85,33.50833333333333]]]}},{"type":"Feature","id":"40602:503026182","properties":{"id":"40602:503026182","meshCode":"503026182","cityCode":"40602","city":"添田町","lat":33.5104167,"lon":130.859375,"areaKm2":0.2683104,"populated2020":true,"population2020":6.1107,"populationNote":"2020年基準の国交省調整値"},"geometry":{"type":"Polygon","coordinates":[[[130.85625,33.50833333333333],[130.85625,33.5125],[130.8625,33.5125],[130.8625,33.50833333333333],[130.85625,33.50833333333333]]]}},{"type":"Feature","id":"40602:503026191","properties":{"id":"40602:503026191","meshCode":"503026191","cityCode":"40602","city":"添田町","lat":33.5104167,"lon":130.865625,"areaKm2":0.2683103,"populated2020":true,"population2020":47.4373,"populationNote":"2020年基準の国交省調整値"},"geometry":{"type":"Polygon","coordinates":[[[130.8625,33.50833333333333],[130.8625,33.5125],[130.86875,33.512499999999996],[130.86875,33.50833333333334],[130.8625,33.50833333333333]]]}},{"type":"Feature","id":"40602:503026192","properties":{"id":"40602:503026192","meshCode":"503026192","cityCode":"40602","city":"添田町","lat":33.5104167,"lon":130.871875,"areaKm2":0.2683102,"populated2020":false,"population2020":null,"populationNote":"境界またぎ・原典収録外のため自治体内人口は未集計"},"geometry":{"type":"Polygon","coordinates":[[[130.86875,33.50833333333334],[130.86875,33.512499999999996],[130.875,33.5125],[130.875,33.50833333333334],[130.86875,33.50833333333334]]]}},{"type":"Feature","id":"40602:503027101","properties":{"id":"40602:503027101","meshCode":"503027101","cityCode":"40602","city":"添田町","lat":33.5104167,"lon":130.878125,"areaKm2":0.2683101,"populated2020":true,"population2020":1.0162,"populationNote":"2020年基準の国交省調整値"},"geometry":{"type":"Polygon","coordinates":[[[130.875,33.50833333333334],[130.875,33.5125],[130.88125,33.5125],[130.88125,33.50833333333334],[130.875,33.50833333333334]]]}},{"type":"Feature","id":"40602:503027102","properties":{"id":"40602:503027102","meshCode":"503027102","cityCode":"40602","city":"添田町","lat":33.5104167,"lon":130.884375,"areaKm2":0.26831,"populated2020":true,"population2020":3.0611,"populationNote":"2020年基準の国交省調整値"},"geometry":{"type":"Polygon","coordinates":[[[130.88125,33.50833333333334],[130.88125,33.5125],[130.8875,33.5125],[130.8875,33.50833333333334],[130.88125,33.50833333333334]]]}},{"type":"Feature","id":"40602:503027111","properties":{"id":"40602:503027111","meshCode":"503027111","cityCode":"40602","city":"添田町","lat":33.5104167,"lon":130.890625,"areaKm2":0.26831,"populated2020":false,"population2020":null,"populationNote":"境界またぎ・原典収録外のため自治体内人口は未集計"},"geometry":{"type":"Polygon","coordinates":[[[130.8875,33.50833333333334],[130.8875,33.5125],[130.89375,33.5125],[130.89375,33.50833333333334],[130.8875,33.50833333333334]]]}},{"type":"Feature","id":"40602:503027112","properties":{"id":"40602:503027112","meshCode":"503027112","cityCode":"40602","city":"添田町","lat":33.5104167,"lon":130.896875,"areaKm2":0.2683099,"populated2020":false,"population2020":null,"populationNote":"境界またぎ・原典収録外のため自治体内人口は未集計"},"geometry":{"type":"Polygon","coordinates":[[[130.89375,33.50833333333334],[130.89375,33.5125],[130.9,33.5125],[130.9,33.50833333333333],[130.89375,33.50833333333334]]]}},{"type":"Feature","id":"40602:503027121","properties":{"id":"40602:503027121","meshCode":"503027121","cityCode":"40602","city":"添田町","lat":33.5104167,"lon":130.903125,"areaKm2":0.2683098,"populated2020":false,"population2020":null,"populationNote":"境界またぎ・原典収録外のため自治体内人口は未集計"},"geometry":{"type":"Polygon","coordinates":[[[130.9,33.50833333333333],[130.9,33.5125],[130.90625,33.5125],[130.90625,33.50833333333334],[130.9,33.50833333333333]]]}},{"type":"Feature","id":"40602:503027122","properties":{"id":"40602:503027122","meshCode":"503027122","cityCode":"40602","city":"添田町","lat":33.5104167,"lon":130.909375,"areaKm2":0.2683097,"populated2020":true,"population2020":19.2391,"populationNote":"2020年基準の国交省調整値"},"geometry":{"type":"Polygon","coordinates":[[[130.90625,33.50833333333334],[130.90625,33.5125],[130.9125,33.5125],[130.9125,33.50833333333333],[130.90625,33.50833333333334]]]}},{"type":"Feature","id":"40602:503027131","properties":{"id":"40602:503027131","meshCode":"503027131","cityCode":"40602","city":"添田町","lat":33.5104167,"lon":130.915625,"areaKm2":0.2683097,"populated2020":true,"population2020":3.0374,"populationNote":"2020年基準の国交省調整値"},"geometry":{"type":"Polygon","coordinates":[[[130.9125,33.50833333333333],[130.9125,33.5125],[130.91875,33.5125],[130.91875,33.50833333333333],[130.9125,33.50833333333333]]]}},{"type":"Feature","id":"40602:503027132","properties":{"id":"40602:503027132","meshCode":"503027132","cityCode":"40602","city":"添田町","lat":33.5104167,"lon":130.921875,"areaKm2":0.2683096,"populated2020":true,"population2020":11.1464,"populationNote":"2020年基準の国交省調整値"},"geometry":{"type":"Polygon","coordinates":[[[130.91875,33.50833333333333],[130.91875,33.5125],[130.925,33.5125],[130.925,33.50833333333334],[130.91875,33.50833333333333]]]}},{"type":"Feature","id":"40602:503027141","properties":{"id":"40602:503027141","meshCode":"503027141","cityCode":"40602","city":"添田町","lat":33.5104167,"lon":130.928125,"areaKm2":0.2683096,"populated2020":false,"population2020":null,"populationNote":"境界またぎ・原典収録外のため自治体内人口は未集計"},"geometry":{"type":"Polygon","coordinates":[[[130.925,33.50833333333334],[130.925,33.5125],[130.93125,33.5125],[130.93125,33.50833333333334],[130.925,33.50833333333334]]]}},{"type":"Feature","id":"40602:503027142","properties":{"id":"40602:503027142","meshCode":"503027142","cityCode":"40602","city":"添田町","lat":33.5104167,"lon":130.934375,"areaKm2":0.2674284,"populated2020":false,"population2020":null,"populationNote":"境界またぎ・原典収録外のため自治体内人口は未集計"},"geometry":{"type":"Polygon","coordinates":[[[130.93702320856562,33.51250000000001],[130.9375,33.51217942968165],[130.9375,33.50833333333334],[130.93125,33.50833333333334],[130.93125,33.5125],[130.93702320856562,33.51250000000001]]]}},{"type":"Feature","id":"40602:503027151","properties":{"id":"40602:503027151","meshCode":"503027151","cityCode":"40602","city":"添田町","lat":33.5101904,"lon":130.9382809,"areaKm2":0.0657779,"populated2020":false,"population2020":null,"populationNote":"境界またぎ・原典収録外のため自治体内人口は未集計"},"geometry":{"type":"Polygon","coordinates":[[[130.9375,33.51217942968165],[130.938258885,33.511748892],[130.938485279,33.51149194599999],[130.938784721,33.510921946],[130.938923333,33.510358333],[130.93920027200002,33.510022495],[130.939627782,33.509547775],[130.940219442,33.509132495],[130.940156394,33.50866777499999],[130.93993396923395,33.50833333333334],[130.9375,33.50833333333334],[130.9375,33.51217942968165]]]}},{"type":"Feature","id":"40602:503026144","properties":{"id":"40602:503026144","meshCode":"503026144","cityCode":"40602","city":"添田町","lat":33.5141374,"lon":130.8117608,"areaKm2":0.0441883,"populated2020":false,"population2020":null,"populationNote":"境界またぎ・原典収録外のため自治体内人口は未集計"},"geometry":{"type":"Polygon","coordinates":[[[130.810878612,33.512698054000005],[130.810883606,33.513069161999994],[130.810748885,33.513615279],[130.810976667,33.514012225],[130.811287497,33.51488249500001],[130.811722218,33.515393054],[130.812149442,33.515457495],[130.8125,33.51562917734483],[130.8125,33.5125],[130.81074225660126,33.512499999999996],[130.810878612,33.512698054000005]]]}},{"type":"Feature","id":"40602:503026153","properties":{"id":"40602:503026153","meshCode":"503026153","cityCode":"40602","city":"添田町","lat":33.5145833,"lon":130.815625,"areaKm2":0.2580546,"populated2020":false,"population2020":null,"populationNote":"境界またぎ・原典収録外のため自治体内人口は未集計"},"geometry":{"type":"Polygon","coordinates":[[[130.8125,33.51562917734483],[130.813133333,33.515830279000006],[130.813727782,33.516303892],[130.81399499374731,33.51666666666667],[130.81875,33.516666666666666],[130.81875,33.5125],[130.8125,33.5125],[130.8125,33.51562917734483]]]}},{"type":"Feature","id":"40602:503026154","properties":{"id":"40602:503026154","meshCode":"503026154","cityCode":"40602","city":"添田町","lat":33.5145833,"lon":130.821875,"areaKm2":0.2682984,"populated2020":false,"population2020":null,"populationNote":"境界またぎ・原典収録外のため自治体内人口は未集計"},"geometry":{"type":"Polygon","coordinates":[[[130.81875,33.5125],[130.81875,33.516666666666666],[130.825,33.516666666666666],[130.825,33.5125],[130.81875,33.5125]]]}},{"type":"Feature","id":"40602:503026163","properties":{"id":"40602:503026163","meshCode":"503026163","cityCode":"40602","city":"添田町","lat":33.5145833,"lon":130.828125,"areaKm2":0.2682983,"populated2020":false,"population2020":null,"populationNote":"境界またぎ・原典収録外のため自治体内人口は未集計"},"geometry":{"type":"Polygon","coordinates":[[[130.825,33.5125],[130.825,33.516666666666666],[130.83125,33.516666666666666],[130.83125,33.5125],[130.825,33.5125]]]}},{"type":"Feature","id":"40602:503026164","properties":{"id":"40602:503026164","meshCode":"503026164","cityCode":"40602","city":"添田町","lat":33.5145833,"lon":130.834375,"areaKm2":0.2682982,"populated2020":false,"population2020":null,"populationNote":"境界またぎ・原典収録外のため自治体内人口は未集計"},"geometry":{"type":"Polygon","coordinates":[[[130.83125,33.5125],[130.83125,33.516666666666666],[130.8375,33.516666666666666],[130.8375,33.51250000000001],[130.83125,33.5125]]]}},{"type":"Feature","id":"40602:503026173","properties":{"id":"40602:503026173","meshCode":"503026173","cityCode":"40602","city":"添田町","lat":33.5145833,"lon":130.840625,"areaKm2":0.268298,"populated2020":false,"population2020":null,"populationNote":"境界またぎ・原典収録外のため自治体内人口は未集計"},"geometry":{"type":"Polygon","coordinates":[[[130.8375,33.51250000000001],[130.8375,33.516666666666666],[130.84375,33.516666666666666],[130.84375,33.512499999999996],[130.8375,33.51250000000001]]]}},{"type":"Feature","id":"40602:503026174","properties":{"id":"40602:503026174","meshCode":"503026174","cityCode":"40602","city":"添田町","lat":33.5145833,"lon":130.846875,"areaKm2":0.2682979,"populated2020":false,"population2020":null,"populationNote":"境界またぎ・原典収録外のため自治体内人口は未集計"},"geometry":{"type":"Polygon","coordinates":[[[130.84375,33.512499999999996],[130.84375,33.516666666666666],[130.85,33.516666666666666],[130.85,33.512499999999996],[130.84375,33.512499999999996]]]}},{"type":"Feature","id":"40602:503026183","properties":{"id":"40602:503026183","meshCode":"503026183","cityCode":"40602","city":"添田町","lat":33.5145833,"lon":130.853125,"areaKm2":0.2682978,"populated2020":false,"population2020":null,"populationNote":"境界またぎ・原典収録外のため自治体内人口は未集計"},"geometry":{"type":"Polygon","coordinates":[[[130.85,33.512499999999996],[130.85,33.516666666666666],[130.85625,33.516666666666666],[130.85625,33.5125],[130.85,33.512499999999996]]]}},{"type":"Feature","id":"40602:503026184","properties":{"id":"40602:503026184","meshCode":"503026184","cityCode":"40602","city":"添田町","lat":33.5145833,"lon":130.859375,"areaKm2":0.2682977,"populated2020":true,"population2020":42.491,"populationNote":"2020年基準の国交省調整値"},"geometry":{"type":"Polygon","coordinates":[[[130.85625,33.5125],[130.85625,33.516666666666666],[130.8625,33.516666666666666],[130.8625,33.5125],[130.85625,33.5125]]]}},{"type":"Feature","id":"40602:503026193","properties":{"id":"40602:503026193","meshCode":"503026193","cityCode":"40602","city":"添田町","lat":33.5145833,"lon":130.865625,"areaKm2":0.2682976,"populated2020":true,"population2020":23.2774,"populationNote":"2020年基準の国交省調整値"},"geometry":{"type":"Polygon","coordinates":[[[130.8625,33.5125],[130.8625,33.516666666666666],[130.86875,33.516666666666666],[130.86875,33.512499999999996],[130.8625,33.5125]]]}},{"type":"Feature","id":"40602:503026194","properties":{"id":"40602:503026194","meshCode":"503026194","cityCode":"40602","city":"添田町","lat":33.5145833,"lon":130.871875,"areaKm2":0.2682975,"populated2020":false,"population2020":null,"populationNote":"境界またぎ・原典収録外のため自治体内人口は未集計"},"geometry":{"type":"Polygon","coordinates":[[[130.86875,33.512499999999996],[130.86875,33.516666666666666],[130.875,33.516666666666666],[130.875,33.5125],[130.86875,33.512499999999996]]]}},{"type":"Feature","id":"40602:503027103","properties":{"id":"40602:503027103","meshCode":"503027103","cityCode":"40602","city":"添田町","lat":33.5145833,"lon":130.878125,"areaKm2":0.2682974,"populated2020":true,"population2020":8.1079,"populationNote":"2020年基準の国交省調整値"},"geometry":{"type":"Polygon","coordinates":[[[130.875,33.5125],[130.875,33.516666666666666],[130.88125,33.51666666666667],[130.88125,33.5125],[130.875,33.5125]]]}},{"type":"Feature","id":"40602:503027104","properties":{"id":"40602:503027104","meshCode":"503027104","cityCode":"40602","city":"添田町","lat":33.5145833,"lon":130.884375,"areaKm2":0.2682974,"populated2020":false,"population2020":null,"populationNote":"境界またぎ・原典収録外のため自治体内人口は未集計"},"geometry":{"type":"Polygon","coordinates":[[[130.88125,33.5125],[130.88125,33.51666666666667],[130.8875,33.51666666666667],[130.8875,33.5125],[130.88125,33.5125]]]}},{"type":"Feature","id":"40602:503027113","properties":{"id":"40602:503027113","meshCode":"503027113","cityCode":"40602","city":"添田町","lat":33.5145833,"lon":130.890625,"areaKm2":0.2682973,"populated2020":false,"population2020":null,"populationNote":"境界またぎ・原典収録外のため自治体内人口は未集計"},"geometry":{"type":"Polygon","coordinates":[[[130.8875,33.5125],[130.8875,33.51666666666667],[130.89375,33.51666666666667],[130.89375,33.5125],[130.8875,33.5125]]]}},{"type":"Feature","id":"40602:503027114","properties":{"id":"40602:503027114","meshCode":"503027114","cityCode":"40602","city":"添田町","lat":33.5145833,"lon":130.896875,"areaKm2":0.2682972,"populated2020":false,"population2020":null,"populationNote":"境界またぎ・原典収録外のため自治体内人口は未集計"},"geometry":{"type":"Polygon","coordinates":[[[130.89375,33.5125],[130.89375,33.51666666666667],[130.9,33.516666666666666],[130.9,33.5125],[130.89375,33.5125]]]}},{"type":"Feature","id":"40602:503027123","properties":{"id":"40602:503027123","meshCode":"503027123","cityCode":"40602","city":"添田町","lat":33.5145833,"lon":130.903125,"areaKm2":0.2682971,"populated2020":true,"population2020":40.4222,"populationNote":"2020年基準の国交省調整値"},"geometry":{"type":"Polygon","coordinates":[[[130.9,33.5125],[130.9,33.516666666666666],[130.90625,33.51666666666667],[130.90625,33.5125],[130.9,33.5125]]]}},{"type":"Feature","id":"40602:503027124","properties":{"id":"40602:503027124","meshCode":"503027124","cityCode":"40602","city":"添田町","lat":33.5145833,"lon":130.909375,"areaKm2":0.2682971,"populated2020":true,"population2020":43.4604,"populationNote":"2020年基準の国交省調整値"},"geometry":{"type":"Polygon","coordinates":[[[130.90625,33.5125],[130.90625,33.51666666666667],[130.9125,33.51666666666666],[130.9125,33.5125],[130.90625,33.5125]]]}},{"type":"Feature","id":"40602:503027133","properties":{"id":"40602:503027133","meshCode":"503027133","cityCode":"40602","city":"添田町","lat":33.5145833,"lon":130.915625,"areaKm2":0.268297,"populated2020":true,"population2020":4.031,"populationNote":"2020年基準の国交省調整値"},"geometry":{"type":"Polygon","coordinates":[[[130.9125,33.5125],[130.9125,33.51666666666666],[130.91875,33.516666666666666],[130.91875,33.5125],[130.9125,33.5125]]]}},{"type":"Feature","id":"40602:503027134","properties":{"id":"40602:503027134","meshCode":"503027134","cityCode":"40602","city":"添田町","lat":33.5145833,"lon":130.921875,"areaKm2":0.2682969,"populated2020":false,"population2020":null,"populationNote":"境界またぎ・原典収録外のため自治体内人口は未集計"},"geometry":{"type":"Polygon","coordinates":[[[130.91875,33.5125],[130.91875,33.516666666666666],[130.925,33.51666666666667],[130.925,33.5125],[130.91875,33.5125]]]}},{"type":"Feature","id":"40602:503027143","properties":{"id":"40602:503027143","meshCode":"503027143","cityCode":"40602","city":"添田町","lat":33.5145833,"lon":130.928125,"areaKm2":0.2682969,"populated2020":false,"population2020":null,"populationNote":"境界またぎ・原典収録外のため自治体内人口は未集計"},"geometry":{"type":"Polygon","coordinates":[[[130.925,33.5125],[130.925,33.51666666666667],[130.93125,33.51666666666667],[130.93125,33.5125],[130.925,33.5125]]]}},{"type":"Feature","id":"40602:503027144","properties":{"id":"40602:503027144","meshCode":"503027144","cityCode":"40602","city":"添田町","lat":33.5145833,"lon":130.934375,"areaKm2":0.1620263,"populated2020":false,"population2020":null,"populationNote":"境界またぎ・原典収録外のため自治体内人口は未集計"},"geometry":{"type":"Polygon","coordinates":[[[130.934886109,33.516598613],[130.934672218,33.516420829],[130.934584163,33.516232775000006],[130.93460917,33.516025279000004],[130.934835837,33.515639441],[130.934521115,33.515303333],[130.934508885,33.51516500000001],[130.934709728,33.515050829],[130.934798054,33.514428333],[130.935049728,33.513844999999996],[130.935112503,33.51322194600001],[130.93572917000003,33.51319222499999],[130.935867497,33.512826387],[130.936043606,33.512678054],[130.936257782,33.512598892],[130.936572218,33.51267805399999],[130.936811388,33.512648613],[130.93702320856562,33.51250000000001],[130.93125,33.5125],[130.93125,33.51666666666667],[130.93514538173002,33.51666666666666],[130.934886109,33.516598613]]]}},{"type":"Feature","id":"40602:503026251","properties":{"id":"40602:503026251","meshCode":"503026251","cityCode":"40602","city":"添田町","lat":33.5172303,"lon":130.8166821,"areaKm2":0.0431583,"populated2020":false,"population2020":null,"populationNote":"境界またぎ・原典収録外のため自治体内人口は未集計"},"geometry":{"type":"Polygon","coordinates":[[[130.813994994,33.516666667],[130.814318327,33.51703027900001],[130.814769442,33.517338613],[130.816287224,33.517676666999996],[130.817202218,33.517822495000004],[130.818442218,33.517633333],[130.81875,33.517691036730746],[130.81875,33.516666666666666],[130.813994994,33.516666667]]]}},{"type":"Feature","id":"40602:503026252","properties":{"id":"40602:503026252","meshCode":"503026252","cityCode":"40602","city":"添田町","lat":33.5182235,"lon":130.8234056,"areaKm2":0.1229147,"populated2020":false,"population2020":null,"populationNote":"境界またぎ・原典収録外のため自治体内人口は未集計"},"geometry":{"type":"Polygon","coordinates":[[[130.81875,33.517691036730746],[130.819877497,33.517913613],[130.820895837,33.51781472099999],[130.821408612,33.517894441],[130.823118054,33.519341108],[130.825,33.519843667],[130.825,33.516666666666666],[130.81875,33.516666666666666],[130.81875,33.517691036730746]]]}},{"type":"Feature","id":"40602:503026261","properties":{"id":"40602:503026261","meshCode":"503026261","cityCode":"40602","city":"添田町","lat":33.51875,"lon":130.828125,"areaKm2":0.2584707,"populated2020":false,"population2020":null,"populationNote":"境界またぎ・原典収録外のため自治体内人口は未集計"},"geometry":{"type":"Polygon","coordinates":[[[130.82534083,33.51995749500001],[130.82585166,33.520315829],[130.82692371457404,33.52083333333334],[130.83125,33.520833333333336],[130.83125,33.516666666666666],[130.825,33.516666666666666],[130.825,33.519843667],[130.82534083,33.51995749500001]]]}},{"type":"Feature","id":"40602:503026262","properties":{"id":"40602:503026262","meshCode":"503026262","cityCode":"40602","city":"添田町","lat":33.51875,"lon":130.834375,"areaKm2":0.2682855,"populated2020":false,"population2020":null,"populationNote":"境界またぎ・原典収録外のため自治体内人口は未集計"},"geometry":{"type":"Polygon","coordinates":[[[130.83125,33.516666666666666],[130.83125,33.520833333333336],[130.8375,33.520833333333336],[130.8375,33.516666666666666],[130.83125,33.516666666666666]]]}},{"type":"Feature","id":"40602:503026271","properties":{"id":"40602:503026271","meshCode":"503026271","cityCode":"40602","city":"添田町","lat":33.51875,"lon":130.840625,"areaKm2":0.2682854,"populated2020":false,"population2020":null,"populationNote":"境界またぎ・原典収録外のため自治体内人口は未集計"},"geometry":{"type":"Polygon","coordinates":[[[130.8375,33.516666666666666],[130.8375,33.520833333333336],[130.84375,33.520833333333336],[130.84375,33.516666666666666],[130.8375,33.516666666666666]]]}},{"type":"Feature","id":"40602:503026272","properties":{"id":"40602:503026272","meshCode":"503026272","cityCode":"40602","city":"添田町","lat":33.51875,"lon":130.846875,"areaKm2":0.2682852,"populated2020":false,"population2020":null,"populationNote":"境界またぎ・原典収録外のため自治体内人口は未集計"},"geometry":{"type":"Polygon","coordinates":[[[130.84375,33.516666666666666],[130.84375,33.520833333333336],[130.85,33.52083333333334],[130.85,33.516666666666666],[130.84375,33.516666666666666]]]}},{"type":"Feature","id":"40602:503026281","properties":{"id":"40602:503026281","meshCode":"503026281","cityCode":"40602","city":"添田町","lat":33.51875,"lon":130.853125,"areaKm2":0.2682851,"populated2020":false,"population2020":null,"populationNote":"境界またぎ・原典収録外のため自治体内人口は未集計"},"geometry":{"type":"Polygon","coordinates":[[[130.85,33.516666666666666],[130.85,33.52083333333334],[130.85625,33.52083333333334],[130.85625,33.516666666666666],[130.85,33.516666666666666]]]}},{"type":"Feature","id":"40602:503026282","properties":{"id":"40602:503026282","meshCode":"503026282","cityCode":"40602","city":"添田町","lat":33.51875,"lon":130.859375,"areaKm2":0.268285,"populated2020":true,"population2020":26.3692,"populationNote":"2020年基準の国交省調整値"},"geometry":{"type":"Polygon","coordinates":[[[130.85625,33.516666666666666],[130.85625,33.52083333333334],[130.8625,33.520833333333336],[130.8625,33.516666666666666],[130.85625,33.516666666666666]]]}},{"type":"Feature","id":"40602:503026291","properties":{"id":"40602:503026291","meshCode":"503026291","cityCode":"40602","city":"添田町","lat":33.51875,"lon":130.865625,"areaKm2":0.2682849,"populated2020":true,"population2020":9.1274,"populationNote":"2020年基準の国交省調整値"},"geometry":{"type":"Polygon","coordinates":[[[130.8625,33.516666666666666],[130.8625,33.520833333333336],[130.86875,33.520833333333336],[130.86875,33.516666666666666],[130.8625,33.516666666666666]]]}},{"type":"Feature","id":"40602:503026292","properties":{"id":"40602:503026292","meshCode":"503026292","cityCode":"40602","city":"添田町","lat":33.51875,"lon":130.871875,"areaKm2":0.2682848,"populated2020":false,"population2020":null,"populationNote":"境界またぎ・原典収録外のため自治体内人口は未集計"},"geometry":{"type":"Polygon","coordinates":[[[130.86875,33.516666666666666],[130.86875,33.520833333333336],[130.875,33.520833333333336],[130.875,33.516666666666666],[130.86875,33.516666666666666]]]}},{"type":"Feature","id":"40602:503027201","properties":{"id":"40602:503027201","meshCode":"503027201","cityCode":"40602","city":"添田町","lat":33.51875,"lon":130.878125,"areaKm2":0.2682848,"populated2020":true,"population2020":5.0555,"populationNote":"2020年基準の国交省調整値"},"geometry":{"type":"Polygon","coordinates":[[[130.875,33.516666666666666],[130.875,33.520833333333336],[130.88125,33.520833333333336],[130.88125,33.51666666666667],[130.875,33.516666666666666]]]}},{"type":"Feature","id":"40602:503027202","properties":{"id":"40602:503027202","meshCode":"503027202","cityCode":"40602","city":"添田町","lat":33.51875,"lon":130.884375,"areaKm2":0.2682847,"populated2020":false,"population2020":null,"populationNote":"境界またぎ・原典収録外のため自治体内人口は未集計"},"geometry":{"type":"Polygon","coordinates":[[[130.88125,33.51666666666667],[130.88125,33.520833333333336],[130.8875,33.52083333333334],[130.8875,33.51666666666667],[130.88125,33.51666666666667]]]}},{"type":"Feature","id":"40602:503027211","properties":{"id":"40602:503027211","meshCode":"503027211","cityCode":"40602","city":"添田町","lat":33.51875,"lon":130.890625,"areaKm2":0.2682846,"populated2020":true,"population2020":20.1895,"populationNote":"2020年基準の国交省調整値"},"geometry":{"type":"Polygon","coordinates":[[[130.8875,33.51666666666667],[130.8875,33.52083333333334],[130.89375,33.52083333333334],[130.89375,33.51666666666667],[130.8875,33.51666666666667]]]}},{"type":"Feature","id":"40602:503027212","properties":{"id":"40602:503027212","meshCode":"503027212","cityCode":"40602","city":"添田町","lat":33.51875,"lon":130.896875,"areaKm2":0.2682845,"populated2020":false,"population2020":null,"populationNote":"境界またぎ・原典収録外のため自治体内人口は未集計"},"geometry":{"type":"Polygon","coordinates":[[[130.89375,33.51666666666667],[130.89375,33.52083333333334],[130.9,33.520833333333336],[130.9,33.516666666666666],[130.89375,33.51666666666667]]]}},{"type":"Feature","id":"40602:503027221","properties":{"id":"40602:503027221","meshCode":"503027221","cityCode":"40602","city":"添田町","lat":33.51875,"lon":130.903125,"areaKm2":0.2682844,"populated2020":true,"population2020":16.1622,"populationNote":"2020年基準の国交省調整値"},"geometry":{"type":"Polygon","coordinates":[[[130.9,33.516666666666666],[130.9,33.520833333333336],[130.90625,33.520833333333336],[130.90625,33.51666666666667],[130.9,33.516666666666666]]]}},{"type":"Feature","id":"40602:503027222","properties":{"id":"40602:503027222","meshCode":"503027222","cityCode":"40602","city":"添田町","lat":33.51875,"lon":130.909375,"areaKm2":0.2682844,"populated2020":false,"population2020":null,"populationNote":"境界またぎ・原典収録外のため自治体内人口は未集計"},"geometry":{"type":"Polygon","coordinates":[[[130.90625,33.51666666666667],[130.90625,33.520833333333336],[130.9125,33.520833333333336],[130.9125,33.51666666666666],[130.90625,33.51666666666667]]]}},{"type":"Feature","id":"40602:503027231","properties":{"id":"40602:503027231","meshCode":"503027231","cityCode":"40602","city":"添田町","lat":33.51875,"lon":130.915625,"areaKm2":0.2682843,"populated2020":true,"population2020":20.2026,"populationNote":"2020年基準の国交省調整値"},"geometry":{"type":"Polygon","coordinates":[[[130.9125,33.51666666666666],[130.9125,33.520833333333336],[130.91875,33.520833333333336],[130.91875,33.516666666666666],[130.9125,33.51666666666666]]]}},{"type":"Feature","id":"40602:503027232","properties":{"id":"40602:503027232","meshCode":"503027232","cityCode":"40602","city":"添田町","lat":33.51875,"lon":130.921875,"areaKm2":0.2682843,"populated2020":false,"population2020":null,"populationNote":"境界またぎ・原典収録外のため自治体内人口は未集計"},"geometry":{"type":"Polygon","coordinates":[[[130.91875,33.516666666666666],[130.91875,33.520833333333336],[130.925,33.520833333333336],[130.925,33.51666666666667],[130.91875,33.516666666666666]]]}},{"type":"Feature","id":"40602:503027241","properties":{"id":"40602:503027241","meshCode":"503027241","cityCode":"40602","city":"添田町","lat":33.51875,"lon":130.928125,"areaKm2":0.2682842,"populated2020":false,"population2020":null,"populationNote":"境界またぎ・原典収録外のため自治体内人口は未集計"},"geometry":{"type":"Polygon","coordinates":[[[130.925,33.51666666666667],[130.925,33.520833333333336],[130.93125,33.520833333333336],[130.93125,33.51666666666667],[130.925,33.51666666666667]]]}},{"type":"Feature","id":"40602:503027242","properties":{"id":"40602:503027242","meshCode":"503027242","cityCode":"40602","city":"添田町","lat":33.51875,"lon":130.934375,"areaKm2":0.1540878,"populated2020":false,"population2020":null,"populationNote":"境界またぎ・原典収録外のため自治体内人口は未集計"},"geometry":{"type":"Polygon","coordinates":[[[130.934924163,33.520528613],[130.935037224,33.519772495],[130.934747782,33.519416387],[130.934672218,33.518872495],[130.934445551,33.518496946],[130.934483333,33.518180559],[130.934634449,33.517824441],[130.935049728,33.517409441000005],[130.935137782,33.51701389200001],[130.935389442,33.516746946],[130.93514538173002,33.51666666666666],[130.93125,33.51666666666667],[130.93125,33.520833333333336],[130.9347714186501,33.520833333333336],[130.934924163,33.520528613]]]}},{"type":"Feature","id":"40602:503026263","properties":{"id":"40602:503026263","meshCode":"503026263","cityCode":"40602","city":"添田町","lat":33.5229167,"lon":130.828125,"areaKm2":0.1615314,"populated2020":false,"population2020":null,"populationNote":"境界またぎ・原典収録外のため自治体内人口は未集計"},"geometry":{"type":"Polygon","coordinates":[[[130.827036667,33.520879440999984],[130.827346394,33.521950559],[130.827488054,33.523403613000006],[130.828084475,33.525000000000006],[130.83125,33.52500000000001],[130.83125,33.520833333333336],[130.82692371457404,33.52083333333334],[130.827036667,33.520879440999984]]]}},{"type":"Feature","id":"40602:503026264","properties":{"id":"40602:503026264","meshCode":"503026264","cityCode":"40602","city":"添田町","lat":33.5229167,"lon":130.834375,"areaKm2":0.2682728,"populated2020":false,"population2020":null,"populationNote":"境界またぎ・原典収録外のため自治体内人口は未集計"},"geometry":{"type":"Polygon","coordinates":[[[130.83125,33.520833333333336],[130.83125,33.52500000000001],[130.8375,33.525],[130.8375,33.520833333333336],[130.83125,33.520833333333336]]]}},{"type":"Feature","id":"40602:503026273","properties":{"id":"40602:503026273","meshCode":"503026273","cityCode":"40602","city":"添田町","lat":33.5229167,"lon":130.840625,"areaKm2":0.2682727,"populated2020":false,"population2020":null,"populationNote":"境界またぎ・原典収録外のため自治体内人口は未集計"},"geometry":{"type":"Polygon","coordinates":[[[130.8375,33.520833333333336],[130.8375,33.525],[130.84375,33.525],[130.84375,33.520833333333336],[130.8375,33.520833333333336]]]}},{"type":"Feature","id":"40602:503026274","properties":{"id":"40602:503026274","meshCode":"503026274","cityCode":"40602","city":"添田町","lat":33.5229167,"lon":130.846875,"areaKm2":0.2682726,"populated2020":false,"population2020":null,"populationNote":"境界またぎ・原典収録外のため自治体内人口は未集計"},"geometry":{"type":"Polygon","coordinates":[[[130.84375,33.520833333333336],[130.84375,33.525],[130.85,33.52499999999999],[130.85,33.52083333333334],[130.84375,33.520833333333336]]]}},{"type":"Feature","id":"40602:503026283","properties":{"id":"40602:503026283","meshCode":"503026283","cityCode":"40602","city":"添田町","lat":33.5229167,"lon":130.853125,"areaKm2":0.2682725,"populated2020":false,"population2020":null,"populationNote":"境界またぎ・原典収録外のため自治体内人口は未集計"},"geometry":{"type":"Polygon","coordinates":[[[130.85,33.52083333333334],[130.85,33.52499999999999],[130.85625,33.525],[130.85625,33.52083333333334],[130.85,33.52083333333334]]]}},{"type":"Feature","id":"40602:503026284","properties":{"id":"40602:503026284","meshCode":"503026284","cityCode":"40602","city":"添田町","lat":33.5229167,"lon":130.859375,"areaKm2":0.2682724,"populated2020":true,"population2020":3.0036,"populationNote":"2020年基準の国交省調整値"},"geometry":{"type":"Polygon","coordinates":[[[130.85625,33.52083333333334],[130.85625,33.525],[130.8625,33.525],[130.8625,33.520833333333336],[130.85625,33.52083333333334]]]}},{"type":"Feature","id":"40602:503026293","properties":{"id":"40602:503026293","meshCode":"503026293","cityCode":"40602","city":"添田町","lat":33.5229167,"lon":130.865625,"areaKm2":0.2682723,"populated2020":true,"population2020":30.3453,"populationNote":"2020年基準の国交省調整値"},"geometry":{"type":"Polygon","coordinates":[[[130.8625,33.520833333333336],[130.8625,33.525],[130.86875,33.525000000000006],[130.86875,33.520833333333336],[130.8625,33.520833333333336]]]}},{"type":"Feature","id":"40602:503026294","properties":{"id":"40602:503026294","meshCode":"503026294","cityCode":"40602","city":"添田町","lat":33.5229167,"lon":130.871875,"areaKm2":0.2682722,"populated2020":true,"population2020":2.0277,"populationNote":"2020年基準の国交省調整値"},"geometry":{"type":"Polygon","coordinates":[[[130.86875,33.520833333333336],[130.86875,33.525000000000006],[130.875,33.525],[130.875,33.520833333333336],[130.86875,33.520833333333336]]]}},{"type":"Feature","id":"40602:503027203","properties":{"id":"40602:503027203","meshCode":"503027203","cityCode":"40602","city":"添田町","lat":33.5229167,"lon":130.878125,"areaKm2":0.2682721,"populated2020":false,"population2020":null,"populationNote":"境界またぎ・原典収録外のため自治体内人口は未集計"},"geometry":{"type":"Polygon","coordinates":[[[130.875,33.520833333333336],[130.875,33.525],[130.88125,33.525],[130.88125,33.520833333333336],[130.875,33.520833333333336]]]}},{"type":"Feature","id":"40602:503027204","properties":{"id":"40602:503027204","meshCode":"503027204","cityCode":"40602","city":"添田町","lat":33.5229167,"lon":130.884375,"areaKm2":0.268272,"populated2020":false,"population2020":null,"populationNote":"境界またぎ・原典収録外のため自治体内人口は未集計"},"geometry":{"type":"Polygon","coordinates":[[[130.88125,33.520833333333336],[130.88125,33.525],[130.8875,33.525],[130.8875,33.52083333333334],[130.88125,33.520833333333336]]]}},{"type":"Feature","id":"40602:503027213","properties":{"id":"40602:503027213","meshCode":"503027213","cityCode":"40602","city":"添田町","lat":33.5229167,"lon":130.890625,"areaKm2":0.2682719,"populated2020":true,"population2020":4.0239,"populationNote":"2020年基準の国交省調整値"},"geometry":{"type":"Polygon","coordinates":[[[130.8875,33.52083333333334],[130.8875,33.525],[130.89375,33.525],[130.89375,33.52083333333334],[130.8875,33.52083333333334]]]}},{"type":"Feature","id":"40602:503027214","properties":{"id":"40602:503027214","meshCode":"503027214","cityCode":"40602","city":"添田町","lat":33.5229167,"lon":130.896875,"areaKm2":0.2682718,"populated2020":true,"population2020":7.0471,"populationNote":"2020年基準の国交省調整値"},"geometry":{"type":"Polygon","coordinates":[[[130.89375,33.52083333333334],[130.89375,33.525],[130.9,33.525000000000006],[130.9,33.520833333333336],[130.89375,33.52083333333334]]]}},{"type":"Feature","id":"40602:503027223","properties":{"id":"40602:503027223","meshCode":"503027223","cityCode":"40602","city":"添田町","lat":33.5229167,"lon":130.903125,"areaKm2":0.2682718,"populated2020":false,"population2020":null,"populationNote":"境界またぎ・原典収録外のため自治体内人口は未集計"},"geometry":{"type":"Polygon","coordinates":[[[130.9,33.520833333333336],[130.9,33.525000000000006],[130.90625,33.525000000000006],[130.90625,33.520833333333336],[130.9,33.520833333333336]]]}},{"type":"Feature","id":"40602:503027224","properties":{"id":"40602:503027224","meshCode":"503027224","cityCode":"40602","city":"添田町","lat":33.5229167,"lon":130.909375,"areaKm2":0.2682717,"populated2020":false,"population2020":null,"populationNote":"境界またぎ・原典収録外のため自治体内人口は未集計"},"geometry":{"type":"Polygon","coordinates":[[[130.90625,33.520833333333336],[130.90625,33.525000000000006],[130.9125,33.525],[130.9125,33.520833333333336],[130.90625,33.520833333333336]]]}},{"type":"Feature","id":"40602:503027233","properties":{"id":"40602:503027233","meshCode":"503027233","cityCode":"40602","city":"添田町","lat":33.5229167,"lon":130.915625,"areaKm2":0.2682716,"populated2020":false,"population2020":null,"populationNote":"境界またぎ・原典収録外のため自治体内人口は未集計"},"geometry":{"type":"Polygon","coordinates":[[[130.9125,33.520833333333336],[130.9125,33.525],[130.91875,33.525],[130.91875,33.520833333333336],[130.9125,33.520833333333336]]]}},{"type":"Feature","id":"40602:503027234","properties":{"id":"40602:503027234","meshCode":"503027234","cityCode":"40602","city":"添田町","lat":33.5229167,"lon":130.921875,"areaKm2":0.2682716,"populated2020":false,"population2020":null,"populationNote":"境界またぎ・原典収録外のため自治体内人口は未集計"},"geometry":{"type":"Polygon","coordinates":[[[130.91875,33.520833333333336],[130.91875,33.525],[130.925,33.525],[130.925,33.520833333333336],[130.91875,33.520833333333336]]]}},{"type":"Feature","id":"40602:503027243","properties":{"id":"40602:503027243","meshCode":"503027243","cityCode":"40602","city":"添田町","lat":33.5229167,"lon":130.928125,"areaKm2":0.2682715,"populated2020":false,"population2020":null,"populationNote":"境界またぎ・原典収録外のため自治体内人口は未集計"},"geometry":{"type":"Polygon","coordinates":[[[130.925,33.520833333333336],[130.925,33.525],[130.93125,33.525000000000006],[130.93125,33.520833333333336],[130.925,33.520833333333336]]]}},{"type":"Feature","id":"40602:503027244","properties":{"id":"40602:503027244","meshCode":"503027244","cityCode":"40602","city":"添田町","lat":33.522963,"lon":130.9323119,"areaKm2":0.0954563,"populated2020":false,"population2020":null,"populationNote":"境界またぎ・原典収録外のため自治体内人口は未集計"},"geometry":{"type":"Polygon","coordinates":[[[130.932948612,33.524965559],[130.933074449,33.524797495],[130.933187782,33.524382225],[130.933200272,33.523966946],[130.933426939,33.523650559],[130.933477224,33.52343305400001],[130.933326109,33.522770558999994],[130.933137497,33.522385],[130.933464721,33.52196000000001],[130.933829728,33.521712775000005],[130.93418166,33.521072495],[130.9347714186501,33.520833333333336],[130.93125,33.520833333333336],[130.93125,33.525000000000006],[130.932948612,33.524965559]]]}},{"type":"Feature","id":"40602:503026361","properties":{"id":"40602:503026361","meshCode":"503026361","cityCode":"40602","city":"添田町","lat":33.5272169,"lon":130.8300311,"areaKm2":0.107635,"populated2020":false,"population2020":null,"populationNote":"境界またぎ・原典収録外のため自治体内人口は未集計"},"geometry":{"type":"Polygon","coordinates":[[[130.828084475,33.525000000000006],[130.828191946,33.52527027900001],[130.827881115,33.525662225],[130.828078327,33.525975559],[130.828594994,33.526362495],[130.829036939,33.528156387],[130.829261946,33.528553333],[130.82971221800003,33.528996108],[130.83004670408667,33.52916666666667],[130.83125,33.52916666666667],[130.83125,33.52500000000001],[130.828084475,33.525000000000006]]]}},{"type":"Feature","id":"40602:503026362","properties":{"id":"40602:503026362","meshCode":"503026362","cityCode":"40602","city":"添田町","lat":33.5270833,"lon":130.834375,"areaKm2":0.2682601,"populated2020":false,"population2020":null,"populationNote":"境界またぎ・原典収録外のため自治体内人口は未集計"},"geometry":{"type":"Polygon","coordinates":[[[130.83125,33.52500000000001],[130.83125,33.52916666666667],[130.8375,33.52916666666666],[130.8375,33.525],[130.83125,33.52500000000001]]]}},{"type":"Feature","id":"40602:503026371","properties":{"id":"40602:503026371","meshCode":"503026371","cityCode":"40602","city":"添田町","lat":33.5270833,"lon":130.840625,"areaKm2":0.26826,"populated2020":false,"population2020":null,"populationNote":"境界またぎ・原典収録外のため自治体内人口は未集計"},"geometry":{"type":"Polygon","coordinates":[[[130.8375,33.525],[130.8375,33.52916666666666],[130.84375,33.52916666666667],[130.84375,33.525],[130.8375,33.525]]]}},{"type":"Feature","id":"40602:503026372","properties":{"id":"40602:503026372","meshCode":"503026372","cityCode":"40602","city":"添田町","lat":33.5270833,"lon":130.846875,"areaKm2":0.2682599,"populated2020":false,"population2020":null,"populationNote":"境界またぎ・原典収録外のため自治体内人口は未集計"},"geometry":{"type":"Polygon","coordinates":[[[130.84375,33.525],[130.84375,33.52916666666667],[130.85,33.52916666666667],[130.85,33.52499999999999],[130.84375,33.525]]]}},{"type":"Feature","id":"40602:503026381","properties":{"id":"40602:503026381","meshCode":"503026381","cityCode":"40602","city":"添田町","lat":33.5270833,"lon":130.853125,"areaKm2":0.2682598,"populated2020":false,"population2020":null,"populationNote":"境界またぎ・原典収録外のため自治体内人口は未集計"},"geometry":{"type":"Polygon","coordinates":[[[130.85,33.52499999999999],[130.85,33.52916666666667],[130.85625,33.529166666666676],[130.85625,33.525],[130.85,33.52499999999999]]]}},{"type":"Feature","id":"40602:503026382","properties":{"id":"40602:503026382","meshCode":"503026382","cityCode":"40602","city":"添田町","lat":33.5270833,"lon":130.859375,"areaKm2":0.2682597,"populated2020":true,"population2020":11.1094,"populationNote":"2020年基準の国交省調整値"},"geometry":{"type":"Polygon","coordinates":[[[130.85625,33.525],[130.85625,33.529166666666676],[130.8625,33.52916666666667],[130.8625,33.525],[130.85625,33.525]]]}},{"type":"Feature","id":"40602:503026391","properties":{"id":"40602:503026391","meshCode":"503026391","cityCode":"40602","city":"添田町","lat":33.5270833,"lon":130.865625,"areaKm2":0.2682596,"populated2020":true,"population2020":32.3046,"populationNote":"2020年基準の国交省調整値"},"geometry":{"type":"Polygon","coordinates":[[[130.8625,33.525],[130.8625,33.52916666666667],[130.86875,33.52916666666667],[130.86875,33.525000000000006],[130.8625,33.525]]]}},{"type":"Feature","id":"40602:503026392","properties":{"id":"40602:503026392","meshCode":"503026392","cityCode":"40602","city":"添田町","lat":33.5270833,"lon":130.871875,"areaKm2":0.2682595,"populated2020":true,"population2020":15.2197,"populationNote":"2020年基準の国交省調整値"},"geometry":{"type":"Polygon","coordinates":[[[130.86875,33.525000000000006],[130.86875,33.52916666666667],[130.875,33.529166666666676],[130.875,33.525],[130.86875,33.525000000000006]]]}},{"type":"Feature","id":"40602:503027301","properties":{"id":"40602:503027301","meshCode":"503027301","cityCode":"40602","city":"添田町","lat":33.5270833,"lon":130.878125,"areaKm2":0.2682594,"populated2020":false,"population2020":null,"populationNote":"境界またぎ・原典収録外のため自治体内人口は未集計"},"geometry":{"type":"Polygon","coordinates":[[[130.875,33.525],[130.875,33.529166666666676],[130.88125,33.52916666666667],[130.88125,33.525],[130.875,33.525]]]}},{"type":"Feature","id":"40602:503027302","properties":{"id":"40602:503027302","meshCode":"503027302","cityCode":"40602","city":"添田町","lat":33.5270833,"lon":130.884375,"areaKm2":0.2682593,"populated2020":false,"population2020":null,"populationNote":"境界またぎ・原典収録外のため自治体内人口は未集計"},"geometry":{"type":"Polygon","coordinates":[[[130.88125,33.525],[130.88125,33.52916666666667],[130.8875,33.529166666666676],[130.8875,33.525],[130.88125,33.525]]]}},{"type":"Feature","id":"40602:503027311","properties":{"id":"40602:503027311","meshCode":"503027311","cityCode":"40602","city":"添田町","lat":33.5270833,"lon":130.890625,"areaKm2":0.2682592,"populated2020":false,"population2020":null,"populationNote":"境界またぎ・原典収録外のため自治体内人口は未集計"},"geometry":{"type":"Polygon","coordinates":[[[130.8875,33.525],[130.8875,33.529166666666676],[130.89375,33.52916666666666],[130.89375,33.525],[130.8875,33.525]]]}},{"type":"Feature","id":"40602:503027312","properties":{"id":"40602:503027312","meshCode":"503027312","cityCode":"40602","city":"添田町","lat":33.5270833,"lon":130.896875,"areaKm2":0.2682591,"populated2020":true,"population2020":11.1105,"populationNote":"2020年基準の国交省調整値"},"geometry":{"type":"Polygon","coordinates":[[[130.89375,33.525],[130.89375,33.52916666666666],[130.9,33.529166666666676],[130.9,33.525000000000006],[130.89375,33.525]]]}},{"type":"Feature","id":"40602:503027321","properties":{"id":"40602:503027321","meshCode":"503027321","cityCode":"40602","city":"添田町","lat":33.5270833,"lon":130.903125,"areaKm2":0.2682591,"populated2020":false,"population2020":null,"populationNote":"境界またぎ・原典収録外のため自治体内人口は未集計"},"geometry":{"type":"Polygon","coordinates":[[[130.9,33.525000000000006],[130.9,33.529166666666676],[130.90625,33.529166666666676],[130.90625,33.525000000000006],[130.9,33.525000000000006]]]}},{"type":"Feature","id":"40602:503027322","properties":{"id":"40602:503027322","meshCode":"503027322","cityCode":"40602","city":"添田町","lat":33.5270833,"lon":130.909375,"areaKm2":0.268259,"populated2020":false,"population2020":null,"populationNote":"境界またぎ・原典収録外のため自治体内人口は未集計"},"geometry":{"type":"Polygon","coordinates":[[[130.90625,33.525000000000006],[130.90625,33.529166666666676],[130.9125,33.52916666666667],[130.9125,33.525],[130.90625,33.525000000000006]]]}},{"type":"Feature","id":"40602:503027331","properties":{"id":"40602:503027331","meshCode":"503027331","cityCode":"40602","city":"添田町","lat":33.5270833,"lon":130.915625,"areaKm2":0.2682589,"populated2020":true,"population2020":13.1248,"populationNote":"2020年基準の国交省調整値"},"geometry":{"type":"Polygon","coordinates":[[[130.9125,33.525],[130.9125,33.52916666666667],[130.91875,33.529166666666676],[130.91875,33.525],[130.9125,33.525]]]}},{"type":"Feature","id":"40602:503027332","properties":{"id":"40602:503027332","meshCode":"503027332","cityCode":"40602","city":"添田町","lat":33.5270833,"lon":130.921875,"areaKm2":0.2682589,"populated2020":false,"population2020":null,"populationNote":"境界またぎ・原典収録外のため自治体内人口は未集計"},"geometry":{"type":"Polygon","coordinates":[[[130.91875,33.525],[130.91875,33.529166666666676],[130.925,33.52916666666667],[130.925,33.525],[130.91875,33.525]]]}},{"type":"Feature","id":"40602:503027341","properties":{"id":"40602:503027341","meshCode":"503027341","cityCode":"40602","city":"添田町","lat":33.5270833,"lon":130.928125,"areaKm2":0.2652535,"populated2020":false,"population2020":null,"populationNote":"境界またぎ・原典収録外のため自治体内人口は未集計"},"geometry":{"type":"Polygon","coordinates":[[[130.931010272,33.529062225],[130.93125,33.52850353193562],[130.93125,33.52751424138537],[130.931111115,33.527183892],[130.93125,33.52682058119154],[130.931073333,33.52616166699999],[130.93125,33.525450866404015],[130.93125,33.525000000000006],[130.925,33.525],[130.925,33.52916666666667],[130.93107675144412,33.529166666666676],[130.931010272,33.529062225]]]}},{"type":"Feature","id":"40602:503027342","properties":{"id":"40602:503027342","meshCode":"503027342","cityCode":"40602","city":"添田町","lat":33.5252422,"lon":130.9314511,"areaKm2":0.0039333,"populated2020":false,"population2020":null,"populationNote":"境界またぎ・原典収録外のため自治体内人口は未集計"},"geometry":{"type":"MultiPolygon","coordinates":[[[[130.93125,33.52850353193562],[130.931362776,33.527855829],[130.93125,33.52751424138537],[130.93125,33.52850353193562]]],[[[130.931274721,33.526896946],[130.93125,33.52682058119154],[130.93125,33.52694030377455],[130.931274721,33.526896946]]],[[[130.931463606,33.525291667000005],[130.931878885,33.525182775],[130.932382218,33.525192775],[130.932882633,33.52499999999999],[130.93125,33.525000000000006],[130.93125,33.525450866404015],[130.931463606,33.525291667000005]]]]}},{"type":"Feature","id":"40602:503026363","properties":{"id":"40602:503026363","meshCode":"503026363","cityCode":"40602","city":"添田町","lat":33.5301826,"lon":130.831106,"areaKm2":0.0101399,"populated2020":false,"population2020":null,"populationNote":"境界またぎ・原典収録外のため自治体内人口は未集計"},"geometry":{"type":"Polygon","coordinates":[[[130.83004670408667,33.52916666666667],[130.830533606,33.529418054],[130.830933606,33.52992361300001],[130.83096917,33.53034638700001],[130.83083083,33.530789162],[130.830854721,33.531103892],[130.830893333,33.531231108],[130.83125,33.53145282092479],[130.83125,33.52916666666667],[130.83004670408667,33.52916666666667]]]}},{"type":"Feature","id":"40602:503026364","properties":{"id":"40602:503026364","meshCode":"503026364","cityCode":"40602","city":"添田町","lat":33.53125,"lon":130.834375,"areaKm2":0.2637912,"populated2020":false,"population2020":null,"populationNote":"境界またぎ・原典収録外のため自治体内人口は未集計"},"geometry":{"type":"Polygon","coordinates":[[[130.83125,33.53145282092479],[130.831599442,33.532099162],[130.831425279,33.532919721],[130.83147786005608,33.53333333333333],[130.8375,33.53333333333334],[130.8375,33.52916666666666],[130.83125,33.52916666666667],[130.83125,33.53145282092479]]]}},{"type":"Feature","id":"40602:503026373","properties":{"id":"40602:503026373","meshCode":"503026373","cityCode":"40602","city":"添田町","lat":33.53125,"lon":130.840625,"areaKm2":0.2682473,"populated2020":false,"population2020":null,"populationNote":"境界またぎ・原典収録外のため自治体内人口は未集計"},"geometry":{"type":"Polygon","coordinates":[[[130.8375,33.52916666666666],[130.8375,33.53333333333334],[130.84375,33.53333333333334],[130.84375,33.52916666666667],[130.8375,33.52916666666666]]]}},{"type":"Feature","id":"40602:503026374","properties":{"id":"40602:503026374","meshCode":"503026374","cityCode":"40602","city":"添田町","lat":33.53125,"lon":130.846875,"areaKm2":0.2682472,"populated2020":true,"population2020":17.2321,"populationNote":"2020年基準の国交省調整値"},"geometry":{"type":"Polygon","coordinates":[[[130.84375,33.52916666666667],[130.84375,33.53333333333334],[130.85,33.53333333333333],[130.85,33.52916666666667],[130.84375,33.52916666666667]]]}},{"type":"Feature","id":"40602:503026383","properties":{"id":"40602:503026383","meshCode":"503026383","cityCode":"40602","city":"添田町","lat":33.53125,"lon":130.853125,"areaKm2":0.2682471,"populated2020":false,"population2020":null,"populationNote":"境界またぎ・原典収録外のため自治体内人口は未集計"},"geometry":{"type":"Polygon","coordinates":[[[130.85,33.52916666666667],[130.85,33.53333333333333],[130.85625,33.53333333333333],[130.85625,33.529166666666676],[130.85,33.52916666666667]]]}},{"type":"Feature","id":"40602:503026384","properties":{"id":"40602:503026384","meshCode":"503026384","cityCode":"40602","city":"添田町","lat":33.53125,"lon":130.859375,"areaKm2":0.268247,"populated2020":true,"population2020":13.1643,"populationNote":"2020年基準の国交省調整値"},"geometry":{"type":"Polygon","coordinates":[[[130.85625,33.529166666666676],[130.85625,33.53333333333333],[130.8625,33.53333333333333],[130.8625,33.52916666666667],[130.85625,33.529166666666676]]]}},{"type":"Feature","id":"40602:503026393","properties":{"id":"40602:503026393","meshCode":"503026393","cityCode":"40602","city":"添田町","lat":33.53125,"lon":130.865625,"areaKm2":0.2682469,"populated2020":true,"population2020":22.2537,"populationNote":"2020年基準の国交省調整値"},"geometry":{"type":"Polygon","coordinates":[[[130.8625,33.52916666666667],[130.8625,33.53333333333333],[130.86875,33.53333333333333],[130.86875,33.52916666666667],[130.8625,33.52916666666667]]]}},{"type":"Feature","id":"40602:503026394","properties":{"id":"40602:503026394","meshCode":"503026394","cityCode":"40602","city":"添田町","lat":33.53125,"lon":130.871875,"areaKm2":0.2682468,"populated2020":true,"population2020":4.0242,"populationNote":"2020年基準の国交省調整値"},"geometry":{"type":"Polygon","coordinates":[[[130.86875,33.52916666666667],[130.86875,33.53333333333333],[130.875,33.533333333333324],[130.875,33.529166666666676],[130.86875,33.52916666666667]]]}},{"type":"Feature","id":"40602:503027303","properties":{"id":"40602:503027303","meshCode":"503027303","cityCode":"40602","city":"添田町","lat":33.53125,"lon":130.878125,"areaKm2":0.2682467,"populated2020":false,"population2020":null,"populationNote":"境界またぎ・原典収録外のため自治体内人口は未集計"},"geometry":{"type":"Polygon","coordinates":[[[130.875,33.529166666666676],[130.875,33.533333333333324],[130.88125,33.53333333333334],[130.88125,33.52916666666667],[130.875,33.529166666666676]]]}},{"type":"Feature","id":"40602:503027304","properties":{"id":"40602:503027304","meshCode":"503027304","cityCode":"40602","city":"添田町","lat":33.53125,"lon":130.884375,"areaKm2":0.2682466,"populated2020":false,"population2020":null,"populationNote":"境界またぎ・原典収録外のため自治体内人口は未集計"},"geometry":{"type":"Polygon","coordinates":[[[130.88125,33.52916666666667],[130.88125,33.53333333333334],[130.8875,33.53333333333334],[130.8875,33.529166666666676],[130.88125,33.52916666666667]]]}},{"type":"Feature","id":"40602:503027313","properties":{"id":"40602:503027313","meshCode":"503027313","cityCode":"40602","city":"添田町","lat":33.53125,"lon":130.890625,"areaKm2":0.2682465,"populated2020":false,"population2020":null,"populationNote":"境界またぎ・原典収録外のため自治体内人口は未集計"},"geometry":{"type":"Polygon","coordinates":[[[130.8875,33.529166666666676],[130.8875,33.53333333333334],[130.89375,33.53333333333334],[130.89375,33.52916666666666],[130.8875,33.529166666666676]]]}},{"type":"Feature","id":"40602:503027314","properties":{"id":"40602:503027314","meshCode":"503027314","cityCode":"40602","city":"添田町","lat":33.53125,"lon":130.896875,"areaKm2":0.2682465,"populated2020":true,"population2020":21.2292,"populationNote":"2020年基準の国交省調整値"},"geometry":{"type":"Polygon","coordinates":[[[130.89375,33.52916666666666],[130.89375,33.53333333333334],[130.9,33.53333333333334],[130.9,33.529166666666676],[130.89375,33.52916666666666]]]}},{"type":"Feature","id":"40602:503027323","properties":{"id":"40602:503027323","meshCode":"503027323","cityCode":"40602","city":"添田町","lat":33.53125,"lon":130.903125,"areaKm2":0.2682464,"populated2020":false,"population2020":null,"populationNote":"境界またぎ・原典収録外のため自治体内人口は未集計"},"geometry":{"type":"Polygon","coordinates":[[[130.9,33.529166666666676],[130.9,33.53333333333334],[130.90625,33.53333333333334],[130.90625,33.529166666666676],[130.9,33.529166666666676]]]}},{"type":"Feature","id":"40602:503027324","properties":{"id":"40602:503027324","meshCode":"503027324","cityCode":"40602","city":"添田町","lat":33.53125,"lon":130.909375,"areaKm2":0.2682463,"populated2020":false,"population2020":null,"populationNote":"境界またぎ・原典収録外のため自治体内人口は未集計"},"geometry":{"type":"Polygon","coordinates":[[[130.90625,33.529166666666676],[130.90625,33.53333333333334],[130.9125,33.53333333333333],[130.9125,33.52916666666667],[130.90625,33.529166666666676]]]}},{"type":"Feature","id":"40602:503027333","properties":{"id":"40602:503027333","meshCode":"503027333","cityCode":"40602","city":"添田町","lat":33.53125,"lon":130.915625,"areaKm2":0.2682463,"populated2020":false,"population2020":null,"populationNote":"境界またぎ・原典収録外のため自治体内人口は未集計"},"geometry":{"type":"Polygon","coordinates":[[[130.9125,33.52916666666667],[130.9125,33.53333333333333],[130.91875,33.53333333333333],[130.91875,33.529166666666676],[130.9125,33.52916666666667]]]}},{"type":"Feature","id":"40602:503027334","properties":{"id":"40602:503027334","meshCode":"503027334","cityCode":"40602","city":"添田町","lat":33.53125,"lon":130.921875,"areaKm2":0.2682462,"populated2020":true,"population2020":8.0971,"populationNote":"2020年基準の国交省調整値"},"geometry":{"type":"Polygon","coordinates":[[[130.91875,33.529166666666676],[130.91875,33.53333333333333],[130.925,33.53333333333333],[130.925,33.52916666666667],[130.91875,33.529166666666676]]]}},{"type":"Feature","id":"40602:503027343","properties":{"id":"40602:503027343","meshCode":"503027343","cityCode":"40602","city":"添田町","lat":33.53125,"lon":130.928125,"areaKm2":0.2680106,"populated2020":false,"population2020":null,"populationNote":"境界またぎ・原典収録外のため自治体内人口は未集計"},"geometry":{"type":"Polygon","coordinates":[[[130.93121166,33.529378613000006],[130.93107675144412,33.529166666666676],[130.925,33.52916666666667],[130.925,33.53333333333333],[130.93125,33.53333333333333],[130.93121166,33.529378613000006]]]}},{"type":"Feature","id":"40602:503027344","properties":{"id":"40602:503027344","meshCode":"503027344","cityCode":"40602","city":"添田町","lat":33.5311783,"lon":130.9315611,"areaKm2":0.0380715,"populated2020":false,"population2020":null,"populationNote":"境界またぎ・原典収録外のため自治体内人口は未集計"},"geometry":{"type":"Polygon","coordinates":[[[130.932442361,33.53333333300001],[130.933111946,33.532656667],[130.933162218,33.532458892],[130.931928885,33.531381108000005],[130.931815551,33.530975559],[130.931966667,33.530461387],[130.931928885,33.530352775],[130.931564163,33.530120279],[130.931400558,33.529497225],[130.93125,33.529402687283905],[130.93125,33.53333333333333],[130.932442361,33.53333333300001]]]}},{"type":"Feature","id":"40602:503026461","properties":{"id":"40602:503026461","meshCode":"503026461","cityCode":"40602","city":"添田町","lat":33.5362322,"lon":130.831229,"areaKm2":0.0001055,"populated2020":false,"population2020":null,"populationNote":"境界またぎ・原典収録外のため自治体内人口は未集計"},"geometry":{"type":"Polygon","coordinates":[[[130.83125,33.53607021061336],[130.831206939,33.536268333],[130.83125,33.5364126027439],[130.83125,33.53607021061336]]]}},{"type":"Feature","id":"40602:503026462","properties":{"id":"40602:503026462","meshCode":"503026462","cityCode":"40602","city":"添田町","lat":33.5354167,"lon":130.834375,"areaKm2":0.2510927,"populated2020":false,"population2020":null,"populationNote":"境界またぎ・原典収録外のため自治体内人口は未集計"},"geometry":{"type":"Polygon","coordinates":[[[130.83147786005608,33.53333333333333],[130.831556939,33.53368694600001],[130.831934994,33.534198054],[130.83195917,33.534582225],[130.83187722400004,33.534942224999995],[130.83125,33.53607021061336],[130.83125,33.5364126027439],[130.831735837,33.53700582900001],[130.83197166,33.537373892],[130.8319573720445,33.53750000000001],[130.8375,33.5375],[130.8375,33.53333333333334],[130.83147786005608,33.53333333333333]]]}},{"type":"Feature","id":"40602:503026471","properties":{"id":"40602:503026471","meshCode":"503026471","cityCode":"40602","city":"添田町","lat":33.5354167,"lon":130.840625,"areaKm2":0.2682346,"populated2020":false,"population2020":null,"populationNote":"境界またぎ・原典収録外のため自治体内人口は未集計"},"geometry":{"type":"Polygon","coordinates":[[[130.8375,33.53333333333334],[130.8375,33.5375],[130.84375,33.5375],[130.84375,33.53333333333334],[130.8375,33.53333333333334]]]}},{"type":"Feature","id":"40602:503026472","properties":{"id":"40602:503026472","meshCode":"503026472","cityCode":"40602","city":"添田町","lat":33.5354167,"lon":130.846875,"areaKm2":0.2682345,"populated2020":true,"population2020":14.1622,"populationNote":"2020年基準の国交省調整値"},"geometry":{"type":"Polygon","coordinates":[[[130.84375,33.53333333333334],[130.84375,33.5375],[130.85,33.537499999999994],[130.85,33.53333333333333],[130.84375,33.53333333333334]]]}},{"type":"Feature","id":"40602:503026481","properties":{"id":"40602:503026481","meshCode":"503026481","cityCode":"40602","city":"添田町","lat":33.5354167,"lon":130.853125,"areaKm2":0.2682344,"populated2020":false,"population2020":null,"populationNote":"境界またぎ・原典収録外のため自治体内人口は未集計"},"geometry":{"type":"Polygon","coordinates":[[[130.85,33.53333333333333],[130.85,33.537499999999994],[130.85625,33.53750000000001],[130.85625,33.53333333333333],[130.85,33.53333333333333]]]}},{"type":"Feature","id":"40602:503026482","properties":{"id":"40602:503026482","meshCode":"503026482","cityCode":"40602","city":"添田町","lat":33.5354167,"lon":130.859375,"areaKm2":0.2682343,"populated2020":true,"population2020":48.527,"populationNote":"2020年基準の国交省調整値"},"geometry":{"type":"Polygon","coordinates":[[[130.85625,33.53333333333333],[130.85625,33.53750000000001],[130.8625,33.5375],[130.8625,33.53333333333333],[130.85625,33.53333333333333]]]}},{"type":"Feature","id":"40602:503026491","properties":{"id":"40602:503026491","meshCode":"503026491","cityCode":"40602","city":"添田町","lat":33.5354167,"lon":130.865625,"areaKm2":0.2682342,"populated2020":true,"population2020":40.4095,"populationNote":"2020年基準の国交省調整値"},"geometry":{"type":"Polygon","coordinates":[[[130.8625,33.53333333333333],[130.8625,33.5375],[130.86875,33.53750000000001],[130.86875,33.53333333333333],[130.8625,33.53333333333333]]]}},{"type":"Feature","id":"40602:503026492","properties":{"id":"40602:503026492","meshCode":"503026492","cityCode":"40602","city":"添田町","lat":33.5354167,"lon":130.871875,"areaKm2":0.2682341,"populated2020":false,"population2020":null,"populationNote":"境界またぎ・原典収録外のため自治体内人口は未集計"},"geometry":{"type":"Polygon","coordinates":[[[130.86875,33.53333333333333],[130.86875,33.53750000000001],[130.875,33.53750000000001],[130.875,33.533333333333324],[130.86875,33.53333333333333]]]}},{"type":"Feature","id":"40602:503027401","properties":{"id":"40602:503027401","meshCode":"503027401","cityCode":"40602","city":"添田町","lat":33.5354167,"lon":130.878125,"areaKm2":0.268234,"populated2020":false,"population2020":null,"populationNote":"境界またぎ・原典収録外のため自治体内人口は未集計"},"geometry":{"type":"Polygon","coordinates":[[[130.875,33.533333333333324],[130.875,33.53750000000001],[130.88125,33.5375],[130.88125,33.53333333333334],[130.875,33.533333333333324]]]}},{"type":"Feature","id":"40602:503027402","properties":{"id":"40602:503027402","meshCode":"503027402","cityCode":"40602","city":"添田町","lat":33.5354167,"lon":130.884375,"areaKm2":0.2682339,"populated2020":false,"population2020":null,"populationNote":"境界またぎ・原典収録外のため自治体内人口は未集計"},"geometry":{"type":"Polygon","coordinates":[[[130.88125,33.53333333333334],[130.88125,33.5375],[130.8875,33.5375],[130.8875,33.53333333333334],[130.88125,33.53333333333334]]]}},{"type":"Feature","id":"40602:503027411","properties":{"id":"40602:503027411","meshCode":"503027411","cityCode":"40602","city":"添田町","lat":33.5354167,"lon":130.890625,"areaKm2":0.2682339,"populated2020":true,"population2020":1.0,"populationNote":"2020年基準の国交省調整値"},"geometry":{"type":"Polygon","coordinates":[[[130.8875,33.53333333333334],[130.8875,33.5375],[130.89375,33.53750000000001],[130.89375,33.53333333333334],[130.8875,33.53333333333334]]]}},{"type":"Feature","id":"40602:503027412","properties":{"id":"40602:503027412","meshCode":"503027412","cityCode":"40602","city":"添田町","lat":33.5354167,"lon":130.896875,"areaKm2":0.2682338,"populated2020":false,"population2020":null,"populationNote":"境界またぎ・原典収録外のため自治体内人口は未集計"},"geometry":{"type":"Polygon","coordinates":[[[130.89375,33.53333333333334],[130.89375,33.53750000000001],[130.9,33.5375],[130.9,33.53333333333334],[130.89375,33.53333333333334]]]}},{"type":"Feature","id":"40602:503027421","properties":{"id":"40602:503027421","meshCode":"503027421","cityCode":"40602","city":"添田町","lat":33.5354167,"lon":130.903125,"areaKm2":0.2682337,"populated2020":true,"population2020":8.0568,"populationNote":"2020年基準の国交省調整値"},"geometry":{"type":"Polygon","coordinates":[[[130.9,33.53333333333334],[130.9,33.5375],[130.90625,33.5375],[130.90625,33.53333333333334],[130.9,33.53333333333334]]]}},{"type":"Feature","id":"40602:503027422","properties":{"id":"40602:503027422","meshCode":"503027422","cityCode":"40602","city":"添田町","lat":33.5354167,"lon":130.909375,"areaKm2":0.2682336,"populated2020":false,"population2020":null,"populationNote":"境界またぎ・原典収録外のため自治体内人口は未集計"},"geometry":{"type":"Polygon","coordinates":[[[130.90625,33.53333333333334],[130.90625,33.5375],[130.9125,33.5375],[130.9125,33.53333333333333],[130.90625,33.53333333333334]]]}},{"type":"Feature","id":"40602:503027431","properties":{"id":"40602:503027431","meshCode":"503027431","cityCode":"40602","city":"添田町","lat":33.5354167,"lon":130.915625,"areaKm2":0.2682336,"populated2020":false,"population2020":null,"populationNote":"境界またぎ・原典収録外のため自治体内人口は未集計"},"geometry":{"type":"Polygon","coordinates":[[[130.9125,33.53333333333333],[130.9125,33.5375],[130.91875,33.5375],[130.91875,33.53333333333333],[130.9125,33.53333333333333]]]}},{"type":"Feature","id":"40602:503027432","properties":{"id":"40602:503027432","meshCode":"503027432","cityCode":"40602","city":"添田町","lat":33.5354167,"lon":130.921875,"areaKm2":0.2682335,"populated2020":true,"population2020":7.1093,"populationNote":"2020年基準の国交省調整値"},"geometry":{"type":"Polygon","coordinates":[[[130.91875,33.53333333333333],[130.91875,33.5375],[130.925,33.5375],[130.925,33.53333333333333],[130.91875,33.53333333333333]]]}},{"type":"Feature","id":"40602:503027441","properties":{"id":"40602:503027441","meshCode":"503027441","cityCode":"40602","city":"添田町","lat":33.5354167,"lon":130.928125,"areaKm2":0.2597006,"populated2020":false,"population2020":null,"populationNote":"境界またぎ・原典収録外のため自治体内人口は未集計"},"geometry":{"type":"Polygon","coordinates":[[[130.930168327,33.537496387],[130.930218612,33.53719972100001],[130.930457782,33.536893613000004],[130.93125,33.536300866639756],[130.93125,33.53333333333333],[130.925,33.53333333333333],[130.925,33.5375],[130.930168327,33.537496387]]]}},{"type":"Feature","id":"40602:503027442","properties":{"id":"40602:503027442","meshCode":"503027442","cityCode":"40602","city":"添田町","lat":33.5346443,"lon":130.9313887,"areaKm2":0.0114812,"populated2020":false,"population2020":null,"populationNote":"境界またぎ・原典収録外のため自治体内人口は未集計"},"geometry":{"type":"Polygon","coordinates":[[[130.931275837,33.536280559],[130.931351388,33.53609277499999],[130.931326109,33.53548944100001],[130.931678612,33.534115279000005],[130.932232218,33.53378916199999],[130.93244236088577,33.533333333333324],[130.93125,33.53333333333333],[130.931275837,33.536280559]]]}},{"type":"Feature","id":"40602:503026464","properties":{"id":"40602:503026464","meshCode":"503026464","cityCode":"40602","city":"添田町","lat":33.5395833,"lon":130.834375,"areaKm2":0.2424069,"populated2020":true,"population2020":2.0376,"populationNote":"2020年基準の国交省調整値"},"geometry":{"type":"Polygon","coordinates":[[[130.831954163,33.53750916199999],[130.831694449,33.53803889200001],[130.83185917,33.53874027900001],[130.831698054,33.540303054000006],[130.832104163,33.541019721],[130.832154163,33.541412494999996],[130.83231988275153,33.541666666666664],[130.8375,33.54166666666667],[130.8375,33.5375],[130.831954163,33.53750916199999]]]}},{"type":"Feature","id":"40602:503026473","properties":{"id":"40602:503026473","meshCode":"503026473","cityCode":"40602","city":"添田町","lat":33.5395833,"lon":130.840625,"areaKm2":0.2682219,"populated2020":false,"population2020":null,"populationNote":"境界またぎ・原典収録外のため自治体内人口は未集計"},"geometry":{"type":"Polygon","coordinates":[[[130.8375,33.5375],[130.8375,33.54166666666667],[130.84375,33.54166666666667],[130.84375,33.5375],[130.8375,33.5375]]]}},{"type":"Feature","id":"40602:503026474","properties":{"id":"40602:503026474","meshCode":"503026474","cityCode":"40602","city":"添田町","lat":33.5395833,"lon":130.846875,"areaKm2":0.2682218,"populated2020":true,"population2020":21.2245,"populationNote":"2020年基準の国交省調整値"},"geometry":{"type":"Polygon","coordinates":[[[130.84375,33.5375],[130.84375,33.54166666666667],[130.85,33.541666666666664],[130.85,33.537499999999994],[130.84375,33.5375]]]}},{"type":"Feature","id":"40602:503026483","properties":{"id":"40602:503026483","meshCode":"503026483","cityCode":"40602","city":"添田町","lat":33.5395833,"lon":130.853125,"areaKm2":0.2682217,"populated2020":true,"population2020":31.3853,"populationNote":"2020年基準の国交省調整値"},"geometry":{"type":"Polygon","coordinates":[[[130.85,33.537499999999994],[130.85,33.541666666666664],[130.85625,33.54166666666667],[130.85625,33.53750000000001],[130.85,33.537499999999994]]]}},{"type":"Feature","id":"40602:503026484","properties":{"id":"40602:503026484","meshCode":"503026484","cityCode":"40602","city":"添田町","lat":33.5395833,"lon":130.859375,"areaKm2":0.2682216,"populated2020":true,"population2020":213.2356,"populationNote":"2020年基準の国交省調整値"},"geometry":{"type":"Polygon","coordinates":[[[130.85625,33.53750000000001],[130.85625,33.54166666666667],[130.8625,33.54166666666667],[130.8625,33.5375],[130.85625,33.53750000000001]]]}},{"type":"Feature","id":"40602:503026493","properties":{"id":"40602:503026493","meshCode":"503026493","cityCode":"40602","city":"添田町","lat":33.5395833,"lon":130.865625,"areaKm2":0.2682215,"populated2020":true,"population2020":17.2484,"populationNote":"2020年基準の国交省調整値"},"geometry":{"type":"Polygon","coordinates":[[[130.8625,33.5375],[130.8625,33.54166666666667],[130.86875,33.541666666666664],[130.86875,33.53750000000001],[130.8625,33.5375]]]}},{"type":"Feature","id":"40602:503026494","properties":{"id":"40602:503026494","meshCode":"503026494","cityCode":"40602","city":"添田町","lat":33.5395833,"lon":130.871875,"areaKm2":0.2682214,"populated2020":false,"population2020":null,"populationNote":"境界またぎ・原典収録外のため自治体内人口は未集計"},"geometry":{"type":"Polygon","coordinates":[[[130.86875,33.53750000000001],[130.86875,33.541666666666664],[130.875,33.541666666666664],[130.875,33.53750000000001],[130.86875,33.53750000000001]]]}},{"type":"Feature","id":"40602:503027403","properties":{"id":"40602:503027403","meshCode":"503027403","cityCode":"40602","city":"添田町","lat":33.5395833,"lon":130.878125,"areaKm2":0.2682213,"populated2020":false,"population2020":null,"populationNote":"境界またぎ・原典収録外のため自治体内人口は未集計"},"geometry":{"type":"Polygon","coordinates":[[[130.875,33.53750000000001],[130.875,33.541666666666664],[130.88125,33.541666666666664],[130.88125,33.5375],[130.875,33.53750000000001]]]}},{"type":"Feature","id":"40602:503027404","properties":{"id":"40602:503027404","meshCode":"503027404","cityCode":"40602","city":"添田町","lat":33.5395833,"lon":130.884375,"areaKm2":0.2682212,"populated2020":false,"population2020":null,"populationNote":"境界またぎ・原典収録外のため自治体内人口は未集計"},"geometry":{"type":"Polygon","coordinates":[[[130.88125,33.5375],[130.88125,33.541666666666664],[130.8875,33.541666666666664],[130.8875,33.5375],[130.88125,33.5375]]]}},{"type":"Feature","id":"40602:503027413","properties":{"id":"40602:503027413","meshCode":"503027413","cityCode":"40602","city":"添田町","lat":33.5395833,"lon":130.890625,"areaKm2":0.2682212,"populated2020":false,"population2020":null,"populationNote":"境界またぎ・原典収録外のため自治体内人口は未集計"},"geometry":{"type":"Polygon","coordinates":[[[130.8875,33.5375],[130.8875,33.541666666666664],[130.89375,33.541666666666664],[130.89375,33.53750000000001],[130.8875,33.5375]]]}},{"type":"Feature","id":"40602:503027414","properties":{"id":"40602:503027414","meshCode":"503027414","cityCode":"40602","city":"添田町","lat":33.5395833,"lon":130.896875,"areaKm2":0.2682211,"populated2020":true,"population2020":2.0133,"populationNote":"2020年基準の国交省調整値"},"geometry":{"type":"Polygon","coordinates":[[[130.89375,33.53750000000001],[130.89375,33.541666666666664],[130.9,33.541666666666664],[130.9,33.5375],[130.89375,33.53750000000001]]]}},{"type":"Feature","id":"40602:503027423","properties":{"id":"40602:503027423","meshCode":"503027423","cityCode":"40602","city":"添田町","lat":33.5395833,"lon":130.903125,"areaKm2":0.268221,"populated2020":true,"population2020":6.0529,"populationNote":"2020年基準の国交省調整値"},"geometry":{"type":"Polygon","coordinates":[[[130.9,33.5375],[130.9,33.541666666666664],[130.90625,33.54166666666667],[130.90625,33.5375],[130.9,33.5375]]]}},{"type":"Feature","id":"40602:503027424","properties":{"id":"40602:503027424","meshCode":"503027424","cityCode":"40602","city":"添田町","lat":33.5395833,"lon":130.909375,"areaKm2":0.268221,"populated2020":false,"population2020":null,"populationNote":"境界またぎ・原典収録外のため自治体内人口は未集計"},"geometry":{"type":"Polygon","coordinates":[[[130.90625,33.5375],[130.90625,33.54166666666667],[130.9125,33.541666666666664],[130.9125,33.5375],[130.90625,33.5375]]]}},{"type":"Feature","id":"40602:503027433","properties":{"id":"40602:503027433","meshCode":"503027433","cityCode":"40602","city":"添田町","lat":33.5395833,"lon":130.915625,"areaKm2":0.2682209,"populated2020":true,"population2020":9.1066,"populationNote":"2020年基準の国交省調整値"},"geometry":{"type":"Polygon","coordinates":[[[130.9125,33.5375],[130.9125,33.541666666666664],[130.91875,33.54166666666666],[130.91875,33.5375],[130.9125,33.5375]]]}},{"type":"Feature","id":"40602:503027434","properties":{"id":"40602:503027434","meshCode":"503027434","cityCode":"40602","city":"添田町","lat":33.5395833,"lon":130.921875,"areaKm2":0.2682208,"populated2020":true,"population2020":19.2562,"populationNote":"2020年基準の国交省調整値"},"geometry":{"type":"Polygon","coordinates":[[[130.91875,33.5375],[130.91875,33.54166666666666],[130.925,33.54166666666667],[130.925,33.5375],[130.91875,33.5375]]]}},{"type":"Feature","id":"40602:503027443","properties":{"id":"40602:503027443","meshCode":"503027443","cityCode":"40602","city":"添田町","lat":33.5395833,"lon":130.928125,"areaKm2":0.1491218,"populated2020":false,"population2020":null,"populationNote":"境界またぎ・原典収録外のため自治体内人口は未集計"},"geometry":{"type":"Polygon","coordinates":[[[130.926549442,33.54162277500001],[130.927203891,33.54063416200001],[130.927984449,33.540218892],[130.928343606,33.53957277500001],[130.928985551,33.53935527899999],[130.929488885,33.538594162],[130.929954163,33.538158892000006],[130.930155551,33.537852494999996],[130.93016819737727,33.53750000000001],[130.925,33.5375],[130.925,33.54166666666667],[130.926549442,33.54162277500001]]]}},{"type":"Feature","id":"40602:503026562","properties":{"id":"40602:503026562","meshCode":"503026562","cityCode":"40602","city":"添田町","lat":33.54375,"lon":130.834375,"areaKm2":0.2381496,"populated2020":false,"population2020":null,"populationNote":"境界またぎ・原典収録外のため自治体内人口は未集計"},"geometry":{"type":"Polygon","coordinates":[[[130.832319883,33.541666667],[130.832668885,33.542171946],[130.832697497,33.542421108],[130.832422503,33.542925279],[130.831742503,33.54369277499999],[130.831545279,33.544052494999995],[130.831573061,33.545021108],[130.831398054,33.545423613],[130.8315262449242,33.545833333333334],[130.8375,33.545833333333334],[130.8375,33.54166666666667],[130.832319883,33.541666667]]]}},{"type":"Feature","id":"40602:503026571","properties":{"id":"40602:503026571","meshCode":"503026571","cityCode":"40602","city":"添田町","lat":33.54375,"lon":130.840625,"areaKm2":0.2682092,"populated2020":false,"population2020":null,"populationNote":"境界またぎ・原典収録外のため自治体内人口は未集計"},"geometry":{"type":"Polygon","coordinates":[[[130.8375,33.54166666666667],[130.8375,33.545833333333334],[130.84375,33.54583333333334],[130.84375,33.54166666666667],[130.8375,33.54166666666667]]]}},{"type":"Feature","id":"40602:503026572","properties":{"id":"40602:503026572","meshCode":"503026572","cityCode":"40602","city":"添田町","lat":33.54375,"lon":130.846875,"areaKm2":0.2682091,"populated2020":true,"population2020":59.5853,"populationNote":"2020年基準の国交省調整値"},"geometry":{"type":"Polygon","coordinates":[[[130.84375,33.54166666666667],[130.84375,33.54583333333334],[130.85,33.54583333333334],[130.85,33.541666666666664],[130.84375,33.54166666666667]]]}},{"type":"Feature","id":"40602:503026581","properties":{"id":"40602:503026581","meshCode":"503026581","cityCode":"40602","city":"添田町","lat":33.54375,"lon":130.853125,"areaKm2":0.268209,"populated2020":true,"population2020":24.1864,"populationNote":"2020年基準の国交省調整値"},"geometry":{"type":"Polygon","coordinates":[[[130.85,33.541666666666664],[130.85,33.54583333333334],[130.85625,33.545833333333334],[130.85625,33.54166666666667],[130.85,33.541666666666664]]]}},{"type":"Feature","id":"40602:503026582","properties":{"id":"40602:503026582","meshCode":"503026582","cityCode":"40602","city":"添田町","lat":33.54375,"lon":130.859375,"areaKm2":0.2682089,"populated2020":true,"population2020":69.6886,"populationNote":"2020年基準の国交省調整値"},"geometry":{"type":"Polygon","coordinates":[[[130.85625,33.54166666666667],[130.85625,33.545833333333334],[130.8625,33.54583333333334],[130.8625,33.54166666666667],[130.85625,33.54166666666667]]]}},{"type":"Feature","id":"40602:503026591","properties":{"id":"40602:503026591","meshCode":"503026591","cityCode":"40602","city":"添田町","lat":33.54375,"lon":130.865625,"areaKm2":0.2682088,"populated2020":true,"population2020":62.724,"populationNote":"2020年基準の国交省調整値"},"geometry":{"type":"Polygon","coordinates":[[[130.8625,33.54166666666667],[130.8625,33.54583333333334],[130.86875,33.545833333333334],[130.86875,33.541666666666664],[130.8625,33.54166666666667]]]}},{"type":"Feature","id":"40602:503026592","properties":{"id":"40602:503026592","meshCode":"503026592","cityCode":"40602","city":"添田町","lat":33.54375,"lon":130.871875,"areaKm2":0.2682087,"populated2020":false,"population2020":null,"populationNote":"境界またぎ・原典収録外のため自治体内人口は未集計"},"geometry":{"type":"Polygon","coordinates":[[[130.86875,33.541666666666664],[130.86875,33.545833333333334],[130.875,33.545833333333334],[130.875,33.541666666666664],[130.86875,33.541666666666664]]]}},{"type":"Feature","id":"40602:503027501","properties":{"id":"40602:503027501","meshCode":"503027501","cityCode":"40602","city":"添田町","lat":33.54375,"lon":130.878125,"areaKm2":0.2682086,"populated2020":true,"population2020":1.0164,"populationNote":"2020年基準の国交省調整値"},"geometry":{"type":"Polygon","coordinates":[[[130.875,33.541666666666664],[130.875,33.545833333333334],[130.88125,33.545833333333334],[130.88125,33.541666666666664],[130.875,33.541666666666664]]]}},{"type":"Feature","id":"40602:503027502","properties":{"id":"40602:503027502","meshCode":"503027502","cityCode":"40602","city":"添田町","lat":33.54375,"lon":130.884375,"areaKm2":0.2682086,"populated2020":true,"population2020":1.0115,"populationNote":"2020年基準の国交省調整値"},"geometry":{"type":"Polygon","coordinates":[[[130.88125,33.541666666666664],[130.88125,33.545833333333334],[130.8875,33.545833333333334],[130.8875,33.541666666666664],[130.88125,33.541666666666664]]]}},{"type":"Feature","id":"40602:503027511","properties":{"id":"40602:503027511","meshCode":"503027511","cityCode":"40602","city":"添田町","lat":33.54375,"lon":130.890625,"areaKm2":0.2682085,"populated2020":false,"population2020":null,"populationNote":"境界またぎ・原典収録外のため自治体内人口は未集計"},"geometry":{"type":"Polygon","coordinates":[[[130.8875,33.541666666666664],[130.8875,33.545833333333334],[130.89375,33.545833333333334],[130.89375,33.541666666666664],[130.8875,33.541666666666664]]]}},{"type":"Feature","id":"40602:503027512","properties":{"id":"40602:503027512","meshCode":"503027512","cityCode":"40602","city":"添田町","lat":33.54375,"lon":130.896875,"areaKm2":0.2682084,"populated2020":false,"population2020":null,"populationNote":"境界またぎ・原典収録外のため自治体内人口は未集計"},"geometry":{"type":"Polygon","coordinates":[[[130.89375,33.541666666666664],[130.89375,33.545833333333334],[130.9,33.545833333333334],[130.9,33.541666666666664],[130.89375,33.541666666666664]]]}},{"type":"Feature","id":"40602:503027521","properties":{"id":"40602:503027521","meshCode":"503027521","cityCode":"40602","city":"添田町","lat":33.54375,"lon":130.903125,"areaKm2":0.2682083,"populated2020":false,"population2020":null,"populationNote":"境界またぎ・原典収録外のため自治体内人口は未集計"},"geometry":{"type":"Polygon","coordinates":[[[130.9,33.541666666666664],[130.9,33.545833333333334],[130.90625,33.545833333333334],[130.90625,33.54166666666667],[130.9,33.541666666666664]]]}},{"type":"Feature","id":"40602:503027522","properties":{"id":"40602:503027522","meshCode":"503027522","cityCode":"40602","city":"添田町","lat":33.54375,"lon":130.909375,"areaKm2":0.2682083,"populated2020":false,"population2020":null,"populationNote":"境界またぎ・原典収録外のため自治体内人口は未集計"},"geometry":{"type":"Polygon","coordinates":[[[130.90625,33.54166666666667],[130.90625,33.545833333333334],[130.9125,33.545833333333334],[130.9125,33.541666666666664],[130.90625,33.54166666666667]]]}},{"type":"Feature","id":"40602:503027531","properties":{"id":"40602:503027531","meshCode":"503027531","cityCode":"40602","city":"添田町","lat":33.54375,"lon":130.915625,"areaKm2":0.2682082,"populated2020":false,"population2020":null,"populationNote":"境界またぎ・原典収録外のため自治体内人口は未集計"},"geometry":{"type":"Polygon","coordinates":[[[130.9125,33.541666666666664],[130.9125,33.545833333333334],[130.91875,33.54583333333334],[130.91875,33.54166666666666],[130.9125,33.541666666666664]]]}},{"type":"Feature","id":"40602:503027532","properties":{"id":"40602:503027532","meshCode":"503027532","cityCode":"40602","city":"添田町","lat":33.54375,"lon":130.921875,"areaKm2":0.25731,"populated2020":false,"population2020":null,"populationNote":"境界またぎ・原典収録外のため自治体内人口は未集計"},"geometry":{"type":"Polygon","coordinates":[[[130.92372901692804,33.545833333333334],[130.92427166,33.544984441],[130.924586394,33.544756946],[130.925,33.54426830599999],[130.925,33.54166666666667],[130.91875,33.54166666666666],[130.91875,33.54583333333334],[130.92372901692804,33.545833333333334]]]}},{"type":"Feature","id":"40602:503027541","properties":{"id":"40602:503027541","meshCode":"503027541","cityCode":"40602","city":"添田町","lat":33.5429328,"lon":130.9253376,"areaKm2":0.0203442,"populated2020":false,"population2020":null,"populationNote":"境界またぎ・原典収録外のため自治体内人口は未集計"},"geometry":{"type":"Polygon","coordinates":[[[130.925,33.54426830599999],[130.925266109,33.544153892],[130.925593333,33.543570279],[130.925605837,33.543115559],[130.925908054,33.542423613],[130.9265131392757,33.54166666666667],[130.925,33.54166666666667],[130.925,33.54426830599999]]]}},{"type":"Feature","id":"40602:503026563","properties":{"id":"40602:503026563","meshCode":"503026563","cityCode":"40602","city":"添田町","lat":33.5483335,"lon":130.830818,"areaKm2":0.0255372,"populated2020":false,"population2020":null,"populationNote":"境界またぎ・原典収録外のため自治体内人口は未集計"},"geometry":{"type":"Polygon","coordinates":[[[130.83125,33.54637092029036],[130.830497497,33.547006667000005],[130.83018,33.54769889200001],[130.830843061,33.54968055900001],[130.830877419,33.55],[130.83125,33.55],[130.83125,33.54637092029036]]]}},{"type":"Feature","id":"40602:503026564","properties":{"id":"40602:503026564","meshCode":"503026564","cityCode":"40602","city":"添田町","lat":33.5479167,"lon":130.834375,"areaKm2":0.2670649,"populated2020":false,"population2020":null,"populationNote":"境界またぎ・原典収録外のため自治体内人口は未集計"},"geometry":{"type":"Polygon","coordinates":[[[130.8315262449242,33.545833333333334],[130.831509442,33.54610805400001],[130.83125,33.54637092029036],[130.83125,33.55],[130.8375,33.54999999999999],[130.8375,33.545833333333334],[130.8315262449242,33.545833333333334]]]}},{"type":"Feature","id":"40602:503026573","properties":{"id":"40602:503026573","meshCode":"503026573","cityCode":"40602","city":"添田町","lat":33.5479167,"lon":130.840625,"areaKm2":0.2681966,"populated2020":true,"population2020":68.5877,"populationNote":"2020年基準の国交省調整値"},"geometry":{"type":"Polygon","coordinates":[[[130.8375,33.545833333333334],[130.8375,33.54999999999999],[130.84375,33.55],[130.84375,33.54583333333334],[130.8375,33.545833333333334]]]}},{"type":"Feature","id":"40602:503026574","properties":{"id":"40602:503026574","meshCode":"503026574","cityCode":"40602","city":"添田町","lat":33.5479167,"lon":130.846875,"areaKm2":0.2681964,"populated2020":true,"population2020":75.7216,"populationNote":"2020年基準の国交省調整値"},"geometry":{"type":"Polygon","coordinates":[[[130.84375,33.54583333333334],[130.84375,33.55],[130.85,33.55],[130.85,33.54583333333334],[130.84375,33.54583333333334]]]}},{"type":"Feature","id":"40602:503026583","properties":{"id":"40602:503026583","meshCode":"503026583","cityCode":"40602","city":"添田町","lat":33.5479167,"lon":130.853125,"areaKm2":0.2681963,"populated2020":true,"population2020":50.4741,"populationNote":"2020年基準の国交省調整値"},"geometry":{"type":"Polygon","coordinates":[[[130.85,33.54583333333334],[130.85,33.55],[130.85625,33.54999999999999],[130.85625,33.545833333333334],[130.85,33.54583333333334]]]}},{"type":"Feature","id":"40602:503026584","properties":{"id":"40602:503026584","meshCode":"503026584","cityCode":"40602","city":"添田町","lat":33.5479167,"lon":130.859375,"areaKm2":0.2681962,"populated2020":true,"population2020":15.131,"populationNote":"2020年基準の国交省調整値"},"geometry":{"type":"Polygon","coordinates":[[[130.85625,33.545833333333334],[130.85625,33.54999999999999],[130.8625,33.55],[130.8625,33.54583333333334],[130.85625,33.545833333333334]]]}},{"type":"Feature","id":"40602:503026593","properties":{"id":"40602:503026593","meshCode":"503026593","cityCode":"40602","city":"添田町","lat":33.5479167,"lon":130.865625,"areaKm2":0.2681961,"populated2020":true,"population2020":22.2592,"populationNote":"2020年基準の国交省調整値"},"geometry":{"type":"Polygon","coordinates":[[[130.8625,33.54583333333334],[130.8625,33.55],[130.86875,33.55],[130.86875,33.545833333333334],[130.8625,33.54583333333334]]]}},{"type":"Feature","id":"40602:503026594","properties":{"id":"40602:503026594","meshCode":"503026594","cityCode":"40602","city":"添田町","lat":33.5479167,"lon":130.871875,"areaKm2":0.268196,"populated2020":false,"population2020":null,"populationNote":"境界またぎ・原典収録外のため自治体内人口は未集計"},"geometry":{"type":"Polygon","coordinates":[[[130.86875,33.545833333333334],[130.86875,33.55],[130.875,33.55],[130.875,33.545833333333334],[130.86875,33.545833333333334]]]}},{"type":"Feature","id":"40602:503027503","properties":{"id":"40602:503027503","meshCode":"503027503","cityCode":"40602","city":"添田町","lat":33.5479167,"lon":130.878125,"areaKm2":0.2681959,"populated2020":false,"population2020":null,"populationNote":"境界またぎ・原典収録外のため自治体内人口は未集計"},"geometry":{"type":"Polygon","coordinates":[[[130.875,33.545833333333334],[130.875,33.55],[130.88125,33.55],[130.88125,33.545833333333334],[130.875,33.545833333333334]]]}},{"type":"Feature","id":"40602:503027504","properties":{"id":"40602:503027504","meshCode":"503027504","cityCode":"40602","city":"添田町","lat":33.5479167,"lon":130.884375,"areaKm2":0.2681959,"populated2020":false,"population2020":null,"populationNote":"境界またぎ・原典収録外のため自治体内人口は未集計"},"geometry":{"type":"Polygon","coordinates":[[[130.88125,33.545833333333334],[130.88125,33.55],[130.8875,33.55],[130.8875,33.545833333333334],[130.88125,33.545833333333334]]]}},{"type":"Feature","id":"40602:503027513","properties":{"id":"40602:503027513","meshCode":"503027513","cityCode":"40602","city":"添田町","lat":33.5479167,"lon":130.890625,"areaKm2":0.2681958,"populated2020":false,"population2020":null,"populationNote":"境界またぎ・原典収録外のため自治体内人口は未集計"},"geometry":{"type":"Polygon","coordinates":[[[130.8875,33.545833333333334],[130.8875,33.55],[130.89375,33.54999999999999],[130.89375,33.545833333333334],[130.8875,33.545833333333334]]]}},{"type":"Feature","id":"40602:503027514","properties":{"id":"40602:503027514","meshCode":"503027514","cityCode":"40602","city":"添田町","lat":33.5479167,"lon":130.896875,"areaKm2":0.2681957,"populated2020":true,"population2020":2.0224,"populationNote":"2020年基準の国交省調整値"},"geometry":{"type":"Polygon","coordinates":[[[130.89375,33.545833333333334],[130.89375,33.54999999999999],[130.9,33.55],[130.9,33.545833333333334],[130.89375,33.545833333333334]]]}},{"type":"Feature","id":"40602:503027523","properties":{"id":"40602:503027523","meshCode":"503027523","cityCode":"40602","city":"添田町","lat":33.5479167,"lon":130.903125,"areaKm2":0.2681956,"populated2020":false,"population2020":null,"populationNote":"境界またぎ・原典収録外のため自治体内人口は未集計"},"geometry":{"type":"Polygon","coordinates":[[[130.9,33.545833333333334],[130.9,33.55],[130.90625,33.55],[130.90625,33.545833333333334],[130.9,33.545833333333334]]]}},{"type":"Feature","id":"40602:503027524","properties":{"id":"40602:503027524","meshCode":"503027524","cityCode":"40602","city":"添田町","lat":33.5479167,"lon":130.909375,"areaKm2":0.2681956,"populated2020":true,"population2020":5.0633,"populationNote":"2020年基準の国交省調整値"},"geometry":{"type":"Polygon","coordinates":[[[130.90625,33.545833333333334],[130.90625,33.55],[130.9125,33.54999999999999],[130.9125,33.545833333333334],[130.90625,33.545833333333334]]]}},{"type":"Feature","id":"40602:503027533","properties":{"id":"40602:503027533","meshCode":"503027533","cityCode":"40602","city":"添田町","lat":33.5479167,"lon":130.915625,"areaKm2":0.2681955,"populated2020":false,"population2020":null,"populationNote":"境界またぎ・原典収録外のため自治体内人口は未集計"},"geometry":{"type":"Polygon","coordinates":[[[130.9125,33.545833333333334],[130.9125,33.54999999999999],[130.91875,33.55],[130.91875,33.54583333333334],[130.9125,33.545833333333334]]]}},{"type":"Feature","id":"40602:503027534","properties":{"id":"40602:503027534","meshCode":"503027534","cityCode":"40602","city":"添田町","lat":33.5479167,"lon":130.921875,"areaKm2":0.1618044,"populated2020":false,"population2020":null,"populationNote":"境界またぎ・原典収録外のため自治体内人口は未集計"},"geometry":{"type":"Polygon","coordinates":[[[130.921375473,33.550000000000004],[130.92168166,33.549284441000005],[130.922336109,33.548483892],[130.922386394,33.548157495],[130.922499728,33.547989441000006],[130.922776394,33.547811387],[130.922927224,33.547092495],[130.923204163,33.546410559],[130.92372901692804,33.545833333333334],[130.91875,33.54583333333334],[130.91875,33.55],[130.921375473,33.550000000000004]]]}},{"type":"Feature","id":"40602:503026661","properties":{"id":"40602:503026661","meshCode":"503026661","cityCode":"40602","city":"添田町","lat":33.5512781,"lon":130.8309242,"areaKm2":0.0135613,"populated2020":true,"population2020":null,"populationNote":"境界またぎ・原典収録外のため自治体内人口は未集計"},"geometry":{"type":"Polygon","coordinates":[[[130.830876667,33.550006667],[130.830548612,33.550628892],[130.83052166,33.550823892000004],[130.830670558,33.551544441],[130.83125,33.55272757228961],[130.83125,33.55],[130.830876667,33.550006667]]]}},{"type":"Feature","id":"40602:503026662","properties":{"id":"40602:503026662","meshCode":"503026662","cityCode":"40602","city":"添田町","lat":33.5520833,"lon":130.834375,"areaKm2":0.2598008,"populated2020":false,"population2020":null,"populationNote":"境界またぎ・原典収録外のため自治体内人口は未集計"},"geometry":{"type":"Polygon","coordinates":[[[130.83125,33.55272757228961],[130.831468054,33.553161946],[130.83228083,33.553877775000004],[130.83239785679126,33.55416666666666],[130.8375,33.55416666666667],[130.8375,33.54999999999999],[130.83125,33.55],[130.83125,33.55272757228961]]]}},{"type":"Feature","id":"40602:503026671","properties":{"id":"40602:503026671","meshCode":"503026671","cityCode":"40602","city":"添田町","lat":33.5520833,"lon":130.840625,"areaKm2":0.2681839,"populated2020":true,"population2020":43.5163,"populationNote":"2020年基準の国交省調整値"},"geometry":{"type":"Polygon","coordinates":[[[130.8375,33.54999999999999],[130.8375,33.55416666666667],[130.84375,33.55416666666667],[130.84375,33.55],[130.8375,33.54999999999999]]]}},{"type":"Feature","id":"40602:503026672","properties":{"id":"40602:503026672","meshCode":"503026672","cityCode":"40602","city":"添田町","lat":33.5520833,"lon":130.846875,"areaKm2":0.2681837,"populated2020":true,"population2020":36.391,"populationNote":"2020年基準の国交省調整値"},"geometry":{"type":"Polygon","coordinates":[[[130.84375,33.55],[130.84375,33.55416666666667],[130.85,33.55416666666666],[130.85,33.55],[130.84375,33.55]]]}},{"type":"Feature","id":"40602:503026681","properties":{"id":"40602:503026681","meshCode":"503026681","cityCode":"40602","city":"添田町","lat":33.5520833,"lon":130.853125,"areaKm2":0.2681836,"populated2020":true,"population2020":30.2515,"populationNote":"2020年基準の国交省調整値"},"geometry":{"type":"Polygon","coordinates":[[[130.85,33.55],[130.85,33.55416666666666],[130.85625,33.55416666666667],[130.85625,33.54999999999999],[130.85,33.55]]]}},{"type":"Feature","id":"40602:503026682","properties":{"id":"40602:503026682","meshCode":"503026682","cityCode":"40602","city":"添田町","lat":33.5520833,"lon":130.859375,"areaKm2":0.2681835,"populated2020":true,"population2020":5.0434,"populationNote":"2020年基準の国交省調整値"},"geometry":{"type":"Polygon","coordinates":[[[130.85625,33.54999999999999],[130.85625,33.55416666666667],[130.8625,33.55416666666667],[130.8625,33.55],[130.85625,33.54999999999999]]]}},{"type":"Feature","id":"40602:503026691","properties":{"id":"40602:503026691","meshCode":"503026691","cityCode":"40602","city":"添田町","lat":33.5520833,"lon":130.865625,"areaKm2":0.2681834,"populated2020":true,"population2020":41.452,"populationNote":"2020年基準の国交省調整値"},"geometry":{"type":"Polygon","coordinates":[[[130.8625,33.55],[130.8625,33.55416666666667],[130.86875,33.55416666666666],[130.86875,33.55],[130.8625,33.55]]]}},{"type":"Feature","id":"40602:503026692","properties":{"id":"40602:503026692","meshCode":"503026692","cityCode":"40602","city":"添田町","lat":33.5520833,"lon":130.871875,"areaKm2":0.2681833,"populated2020":true,"population2020":1.0063,"populationNote":"2020年基準の国交省調整値"},"geometry":{"type":"Polygon","coordinates":[[[130.86875,33.55],[130.86875,33.55416666666666],[130.875,33.55416666666667],[130.875,33.55],[130.86875,33.55]]]}},{"type":"Feature","id":"40602:503027601","properties":{"id":"40602:503027601","meshCode":"503027601","cityCode":"40602","city":"添田町","lat":33.5520833,"lon":130.878125,"areaKm2":0.2681833,"populated2020":false,"population2020":null,"populationNote":"境界またぎ・原典収録外のため自治体内人口は未集計"},"geometry":{"type":"Polygon","coordinates":[[[130.875,33.55],[130.875,33.55416666666667],[130.88125,33.55416666666667],[130.88125,33.55],[130.875,33.55]]]}},{"type":"Feature","id":"40602:503027602","properties":{"id":"40602:503027602","meshCode":"503027602","cityCode":"40602","city":"添田町","lat":33.5520833,"lon":130.884375,"areaKm2":0.2681832,"populated2020":false,"population2020":null,"populationNote":"境界またぎ・原典収録外のため自治体内人口は未集計"},"geometry":{"type":"Polygon","coordinates":[[[130.88125,33.55],[130.88125,33.55416666666667],[130.8875,33.55416666666666],[130.8875,33.55],[130.88125,33.55]]]}},{"type":"Feature","id":"40602:503027611","properties":{"id":"40602:503027611","meshCode":"503027611","cityCode":"40602","city":"添田町","lat":33.5520833,"lon":130.890625,"areaKm2":0.2681831,"populated2020":true,"population2020":2.0063,"populationNote":"2020年基準の国交省調整値"},"geometry":{"type":"Polygon","coordinates":[[[130.8875,33.55],[130.8875,33.55416666666666],[130.89375,33.55416666666666],[130.89375,33.54999999999999],[130.8875,33.55]]]}},{"type":"Feature","id":"40602:503027612","properties":{"id":"40602:503027612","meshCode":"503027612","cityCode":"40602","city":"添田町","lat":33.5520833,"lon":130.896875,"areaKm2":0.268183,"populated2020":false,"population2020":null,"populationNote":"境界またぎ・原典収録外のため自治体内人口は未集計"},"geometry":{"type":"Polygon","coordinates":[[[130.89375,33.54999999999999],[130.89375,33.55416666666666],[130.9,33.55416666666666],[130.9,33.55],[130.89375,33.54999999999999]]]}},{"type":"Feature","id":"40602:503027621","properties":{"id":"40602:503027621","meshCode":"503027621","cityCode":"40602","city":"添田町","lat":33.5520833,"lon":130.903125,"areaKm2":0.2681829,"populated2020":false,"population2020":null,"populationNote":"境界またぎ・原典収録外のため自治体内人口は未集計"},"geometry":{"type":"Polygon","coordinates":[[[130.9,33.55],[130.9,33.55416666666666],[130.90625,33.55416666666667],[130.90625,33.55],[130.9,33.55]]]}},{"type":"Feature","id":"40602:503027622","properties":{"id":"40602:503027622","meshCode":"503027622","cityCode":"40602","city":"添田町","lat":33.5520833,"lon":130.909375,"areaKm2":0.2681829,"populated2020":false,"population2020":null,"populationNote":"境界またぎ・原典収録外のため自治体内人口は未集計"},"geometry":{"type":"Polygon","coordinates":[[[130.90625,33.55],[130.90625,33.55416666666667],[130.9125,33.55416666666667],[130.9125,33.54999999999999],[130.90625,33.55]]]}},{"type":"Feature","id":"40602:503027631","properties":{"id":"40602:503027631","meshCode":"503027631","cityCode":"40602","city":"添田町","lat":33.5520833,"lon":130.915625,"areaKm2":0.2681828,"populated2020":false,"population2020":null,"populationNote":"境界またぎ・原典収録外のため自治体内人口は未集計"},"geometry":{"type":"Polygon","coordinates":[[[130.9125,33.54999999999999],[130.9125,33.55416666666667],[130.91875,33.55416666666667],[130.91875,33.55],[130.9125,33.54999999999999]]]}},{"type":"Feature","id":"40602:503027632","properties":{"id":"40602:503027632","meshCode":"503027632","cityCode":"40602","city":"添田町","lat":33.5521962,"lon":130.9194135,"areaKm2":0.0811405,"populated2020":false,"population2020":null,"populationNote":"境界またぎ・原典収録外のため自治体内人口は未集計"},"geometry":{"type":"Polygon","coordinates":[[[130.9211621818865,33.55416666666667],[130.92061166,33.553362225],[130.920410272,33.552709721],[130.920146109,33.552379161999994],[130.920007782,33.552013333],[130.920070558,33.551855],[130.920473333,33.551657225],[130.921001946,33.55040166700001],[130.921366939,33.550134721],[130.921375473,33.550000000000004],[130.91875,33.55],[130.91875,33.55416666666667],[130.9211621818865,33.55416666666667]]]}},{"type":"Feature","id":"40602:503026664","properties":{"id":"40602:503026664","meshCode":"503026664","cityCode":"40602","city":"添田町","lat":33.55625,"lon":130.834375,"areaKm2":0.2371561,"populated2020":false,"population2020":null,"populationNote":"境界またぎ・原典収録外のため自治体内人口は未集計"},"geometry":{"type":"Polygon","coordinates":[[[130.83239917,33.55417166699999],[130.832213333,33.55457194600001],[130.831788327,33.554658892],[130.831518054,33.554941387],[130.831549728,33.55525166700001],[130.832061388,33.55581],[130.831927497,33.556686946],[130.832155551,33.557927775],[130.83208055792622,33.55833333333334],[130.8375,33.558333333333344],[130.8375,33.55416666666667],[130.83239917,33.55417166699999]]]}},{"type":"Feature","id":"40602:503026673","properties":{"id":"40602:503026673","meshCode":"503026673","cityCode":"40602","city":"添田町","lat":33.55625,"lon":130.840625,"areaKm2":0.2681712,"populated2020":true,"population2020":51.5495,"populationNote":"2020年基準の国交省調整値"},"geometry":{"type":"Polygon","coordinates":[[[130.8375,33.55416666666667],[130.8375,33.558333333333344],[130.84375,33.558333333333344],[130.84375,33.55416666666667],[130.8375,33.55416666666667]]]}},{"type":"Feature","id":"40602:503026674","properties":{"id":"40602:503026674","meshCode":"503026674","cityCode":"40602","city":"添田町","lat":33.55625,"lon":130.846875,"areaKm2":0.2681711,"populated2020":true,"population2020":9.0202,"populationNote":"2020年基準の国交省調整値"},"geometry":{"type":"Polygon","coordinates":[[[130.84375,33.55416666666667],[130.84375,33.558333333333344],[130.85,33.55833333333334],[130.85,33.55416666666666],[130.84375,33.55416666666667]]]}},{"type":"Feature","id":"40602:503026683","properties":{"id":"40602:503026683","meshCode":"503026683","cityCode":"40602","city":"添田町","lat":33.55625,"lon":130.853125,"areaKm2":0.2681709,"populated2020":true,"population2020":23.2212,"populationNote":"2020年基準の国交省調整値"},"geometry":{"type":"Polygon","coordinates":[[[130.85,33.55416666666666],[130.85,33.55833333333334],[130.85625,33.55833333333334],[130.85625,33.55416666666667],[130.85,33.55416666666666]]]}},{"type":"Feature","id":"40602:503026684","properties":{"id":"40602:503026684","meshCode":"503026684","cityCode":"40602","city":"添田町","lat":33.55625,"lon":130.859375,"areaKm2":0.2681708,"populated2020":true,"population2020":83.8588,"populationNote":"2020年基準の国交省調整値"},"geometry":{"type":"Polygon","coordinates":[[[130.85625,33.55416666666667],[130.85625,33.55833333333334],[130.8625,33.558333333333344],[130.8625,33.55416666666667],[130.85625,33.55416666666667]]]}},{"type":"Feature","id":"40602:503026693","properties":{"id":"40602:503026693","meshCode":"503026693","cityCode":"40602","city":"添田町","lat":33.55625,"lon":130.865625,"areaKm2":0.2681707,"populated2020":true,"population2020":16.1601,"populationNote":"2020年基準の国交省調整値"},"geometry":{"type":"Polygon","coordinates":[[[130.8625,33.55416666666667],[130.8625,33.558333333333344],[130.86875,33.55833333333334],[130.86875,33.55416666666666],[130.8625,33.55416666666667]]]}},{"type":"Feature","id":"40602:503026694","properties":{"id":"40602:503026694","meshCode":"503026694","cityCode":"40602","city":"添田町","lat":33.55625,"lon":130.871875,"areaKm2":0.2681707,"populated2020":true,"population2020":5.0547,"populationNote":"2020年基準の国交省調整値"},"geometry":{"type":"Polygon","coordinates":[[[130.86875,33.55416666666666],[130.86875,33.55833333333334],[130.875,33.55833333333334],[130.875,33.55416666666667],[130.86875,33.55416666666666]]]}},{"type":"Feature","id":"40602:503027603","properties":{"id":"40602:503027603","meshCode":"503027603","cityCode":"40602","city":"添田町","lat":33.55625,"lon":130.878125,"areaKm2":0.2681706,"populated2020":false,"population2020":null,"populationNote":"境界またぎ・原典収録外のため自治体内人口は未集計"},"geometry":{"type":"Polygon","coordinates":[[[130.875,33.55416666666667],[130.875,33.55833333333334],[130.88125,33.55833333333334],[130.88125,33.55416666666667],[130.875,33.55416666666667]]]}},{"type":"Feature","id":"40602:503027604","properties":{"id":"40602:503027604","meshCode":"503027604","cityCode":"40602","city":"添田町","lat":33.55625,"lon":130.884375,"areaKm2":0.2681705,"populated2020":false,"population2020":null,"populationNote":"境界またぎ・原典収録外のため自治体内人口は未集計"},"geometry":{"type":"Polygon","coordinates":[[[130.88125,33.55416666666667],[130.88125,33.55833333333334],[130.8875,33.558333333333344],[130.8875,33.55416666666666],[130.88125,33.55416666666667]]]}},{"type":"Feature","id":"40602:503027613","properties":{"id":"40602:503027613","meshCode":"503027613","cityCode":"40602","city":"添田町","lat":33.55625,"lon":130.890625,"areaKm2":0.2681704,"populated2020":false,"population2020":null,"populationNote":"境界またぎ・原典収録外のため自治体内人口は未集計"},"geometry":{"type":"Polygon","coordinates":[[[130.8875,33.55416666666666],[130.8875,33.558333333333344],[130.89375,33.55833333333334],[130.89375,33.55416666666666],[130.8875,33.55416666666666]]]}},{"type":"Feature","id":"40602:503027614","properties":{"id":"40602:503027614","meshCode":"503027614","cityCode":"40602","city":"添田町","lat":33.55625,"lon":130.896875,"areaKm2":0.2681703,"populated2020":false,"population2020":null,"populationNote":"境界またぎ・原典収録外のため自治体内人口は未集計"},"geometry":{"type":"Polygon","coordinates":[[[130.89375,33.55416666666666],[130.89375,33.55833333333334],[130.9,33.55833333333334],[130.9,33.55416666666666],[130.89375,33.55416666666666]]]}},{"type":"Feature","id":"40602:503027623","properties":{"id":"40602:503027623","meshCode":"503027623","cityCode":"40602","city":"添田町","lat":33.55625,"lon":130.903125,"areaKm2":0.2681703,"populated2020":false,"population2020":null,"populationNote":"境界またぎ・原典収録外のため自治体内人口は未集計"},"geometry":{"type":"Polygon","coordinates":[[[130.9,33.55416666666666],[130.9,33.55833333333334],[130.90625,33.558333333333344],[130.90625,33.55416666666667],[130.9,33.55416666666666]]]}},{"type":"Feature","id":"40602:503027624","properties":{"id":"40602:503027624","meshCode":"503027624","cityCode":"40602","city":"添田町","lat":33.55625,"lon":130.909375,"areaKm2":0.2681702,"populated2020":false,"population2020":null,"populationNote":"境界またぎ・原典収録外のため自治体内人口は未集計"},"geometry":{"type":"Polygon","coordinates":[[[130.90625,33.55416666666667],[130.90625,33.558333333333344],[130.9125,33.558333333333344],[130.9125,33.55416666666667],[130.90625,33.55416666666667]]]}},{"type":"Feature","id":"40602:503027633","properties":{"id":"40602:503027633","meshCode":"503027633","cityCode":"40602","city":"添田町","lat":33.55625,"lon":130.915625,"areaKm2":0.2681701,"populated2020":false,"population2020":null,"populationNote":"境界またぎ・原典収録外のため自治体内人口は未集計"},"geometry":{"type":"Polygon","coordinates":[[[130.9125,33.55416666666667],[130.9125,33.558333333333344],[130.91875,33.55833333333334],[130.91875,33.55416666666667],[130.9125,33.55416666666667]]]}},{"type":"Feature","id":"40602:503027634","properties":{"id":"40602:503027634","meshCode":"503027634","cityCode":"40602","city":"添田町","lat":33.5561896,"lon":130.9203038,"areaKm2":0.1189443,"populated2020":false,"population2020":null,"populationNote":"境界またぎ・原典収録外のため自治体内人口は未集計"},"geometry":{"type":"Polygon","coordinates":[[[130.920175577,33.558333333],[130.920573333,33.557808613],[130.92086917,33.557656666999996],[130.922026667,33.557451387],[130.922096394,33.55711916199999],[130.922348054,33.557030279],[130.922373333,33.55689166700001],[130.922209728,33.55660499999999],[130.921882776,33.556278613],[130.92169389100002,33.555576946],[130.921391946,33.555121946],[130.921416939,33.554637495],[130.9211621818865,33.55416666666667],[130.91875,33.55416666666667],[130.91875,33.55833333333334],[130.920175577,33.558333333]]]}},{"type":"Feature","id":"40602:503026762","properties":{"id":"40602:503026762","meshCode":"503026762","cityCode":"40602","city":"添田町","lat":33.5604167,"lon":130.834375,"areaKm2":0.2231455,"populated2020":true,"population2020":16.1312,"populationNote":"2020年基準の国交省調整値"},"geometry":{"type":"Polygon","coordinates":[[[130.83208055792622,33.55833333333334],[130.832074721,33.558603892],[130.832507497,33.559236946],[130.832740272,33.559909999999995],[130.832393061,33.56065805400001],[130.832016939,33.561040279000004],[130.832133333,33.561706387],[130.83199316223866,33.562500000000014],[130.8375,33.562500000000014],[130.8375,33.558333333333344],[130.83208055792622,33.55833333333334]]]}},{"type":"Feature","id":"40602:503026771","properties":{"id":"40602:503026771","meshCode":"503026771","cityCode":"40602","city":"添田町","lat":33.5604167,"lon":130.840625,"areaKm2":0.2681585,"populated2020":true,"population2020":129.4766,"populationNote":"2020年基準の国交省調整値"},"geometry":{"type":"Polygon","coordinates":[[[130.8375,33.558333333333344],[130.8375,33.562500000000014],[130.84375,33.562500000000014],[130.84375,33.558333333333344],[130.8375,33.558333333333344]]]}},{"type":"Feature","id":"40602:503026772","properties":{"id":"40602:503026772","meshCode":"503026772","cityCode":"40602","city":"添田町","lat":33.5604167,"lon":130.846875,"areaKm2":0.2681584,"populated2020":true,"population2020":71.6774,"populationNote":"2020年基準の国交省調整値"},"geometry":{"type":"Polygon","coordinates":[[[130.84375,33.558333333333344],[130.84375,33.562500000000014],[130.85,33.56250000000001],[130.85,33.55833333333334],[130.84375,33.558333333333344]]]}},{"type":"Feature","id":"40602:503026781","properties":{"id":"40602:503026781","meshCode":"503026781","cityCode":"40602","city":"添田町","lat":33.5604167,"lon":130.853125,"areaKm2":0.2681583,"populated2020":true,"population2020":129.176,"populationNote":"2020年基準の国交省調整値"},"geometry":{"type":"Polygon","coordinates":[[[130.85,33.55833333333334],[130.85,33.56250000000001],[130.85625,33.56250000000001],[130.85625,33.55833333333334],[130.85,33.55833333333334]]]}},{"type":"Feature","id":"40602:503026782","properties":{"id":"40602:503026782","meshCode":"503026782","cityCode":"40602","city":"添田町","lat":33.5604167,"lon":130.859375,"areaKm2":0.2681581,"populated2020":true,"population2020":85.8265,"populationNote":"2020年基準の国交省調整値"},"geometry":{"type":"Polygon","coordinates":[[[130.85625,33.55833333333334],[130.85625,33.56250000000001],[130.8625,33.56250000000001],[130.8625,33.558333333333344],[130.85625,33.55833333333334]]]}},{"type":"Feature","id":"40602:503026791","properties":{"id":"40602:503026791","meshCode":"503026791","cityCode":"40602","city":"添田町","lat":33.5604167,"lon":130.865625,"areaKm2":0.2681581,"populated2020":false,"population2020":null,"populationNote":"境界またぎ・原典収録外のため自治体内人口は未集計"},"geometry":{"type":"Polygon","coordinates":[[[130.8625,33.558333333333344],[130.8625,33.56250000000001],[130.86875,33.56250000000001],[130.86875,33.55833333333334],[130.8625,33.558333333333344]]]}},{"type":"Feature","id":"40602:503026792","properties":{"id":"40602:503026792","meshCode":"503026792","cityCode":"40602","city":"添田町","lat":33.5604167,"lon":130.871875,"areaKm2":0.268158,"populated2020":false,"population2020":null,"populationNote":"境界またぎ・原典収録外のため自治体内人口は未集計"},"geometry":{"type":"Polygon","coordinates":[[[130.86875,33.55833333333334],[130.86875,33.56250000000001],[130.875,33.56250000000001],[130.875,33.55833333333334],[130.86875,33.55833333333334]]]}},{"type":"Feature","id":"40602:503027701","properties":{"id":"40602:503027701","meshCode":"503027701","cityCode":"40602","city":"添田町","lat":33.5604167,"lon":130.878125,"areaKm2":0.2681579,"populated2020":false,"population2020":null,"populationNote":"境界またぎ・原典収録外のため自治体内人口は未集計"},"geometry":{"type":"Polygon","coordinates":[[[130.875,33.55833333333334],[130.875,33.56250000000001],[130.88125,33.562500000000014],[130.88125,33.55833333333334],[130.875,33.55833333333334]]]}},{"type":"Feature","id":"40602:503027702","properties":{"id":"40602:503027702","meshCode":"503027702","cityCode":"40602","city":"添田町","lat":33.5604167,"lon":130.884375,"areaKm2":0.2681578,"populated2020":false,"population2020":null,"populationNote":"境界またぎ・原典収録外のため自治体内人口は未集計"},"geometry":{"type":"Polygon","coordinates":[[[130.88125,33.55833333333334],[130.88125,33.562500000000014],[130.8875,33.56250000000001],[130.8875,33.558333333333344],[130.88125,33.55833333333334]]]}},{"type":"Feature","id":"40602:503027711","properties":{"id":"40602:503027711","meshCode":"503027711","cityCode":"40602","city":"添田町","lat":33.5604167,"lon":130.890625,"areaKm2":0.2681577,"populated2020":true,"population2020":15.1204,"populationNote":"2020年基準の国交省調整値"},"geometry":{"type":"Polygon","coordinates":[[[130.8875,33.558333333333344],[130.8875,33.56250000000001],[130.89375,33.562500000000014],[130.89375,33.55833333333334],[130.8875,33.558333333333344]]]}},{"type":"Feature","id":"40602:503027712","properties":{"id":"40602:503027712","meshCode":"503027712","cityCode":"40602","city":"添田町","lat":33.5604167,"lon":130.896875,"areaKm2":0.2681576,"populated2020":false,"population2020":null,"populationNote":"境界またぎ・原典収録外のため自治体内人口は未集計"},"geometry":{"type":"Polygon","coordinates":[[[130.89375,33.55833333333334],[130.89375,33.562500000000014],[130.9,33.56250000000001],[130.9,33.55833333333334],[130.89375,33.55833333333334]]]}},{"type":"Feature","id":"40602:503027721","properties":{"id":"40602:503027721","meshCode":"503027721","cityCode":"40602","city":"添田町","lat":33.5604167,"lon":130.903125,"areaKm2":0.2681576,"populated2020":false,"population2020":null,"populationNote":"境界またぎ・原典収録外のため自治体内人口は未集計"},"geometry":{"type":"Polygon","coordinates":[[[130.9,33.55833333333334],[130.9,33.56250000000001],[130.90625,33.56250000000001],[130.90625,33.558333333333344],[130.9,33.55833333333334]]]}},{"type":"Feature","id":"40602:503027722","properties":{"id":"40602:503027722","meshCode":"503027722","cityCode":"40602","city":"添田町","lat":33.5604167,"lon":130.909375,"areaKm2":0.2681575,"populated2020":false,"population2020":null,"populationNote":"境界またぎ・原典収録外のため自治体内人口は未集計"},"geometry":{"type":"Polygon","coordinates":[[[130.90625,33.558333333333344],[130.90625,33.56250000000001],[130.9125,33.56250000000001],[130.9125,33.558333333333344],[130.90625,33.558333333333344]]]}},{"type":"Feature","id":"40602:503027731","properties":{"id":"40602:503027731","meshCode":"503027731","cityCode":"40602","city":"添田町","lat":33.5604167,"lon":130.915625,"areaKm2":0.2068554,"populated2020":false,"population2020":null,"populationNote":"境界またぎ・原典収録外のため自治体内人口は未集計"},"geometry":{"type":"Polygon","coordinates":[[[130.915218327,33.562462225],[130.915365837,33.56223],[130.91665083,33.561068891999994],[130.91723083,33.56013110799999],[130.917401388,33.559988054],[130.917753891,33.560184721],[130.917958327,33.560166667000004],[130.918481388,33.559845279],[130.91875,33.55990343521242],[130.91875,33.55833333333334],[130.9125,33.558333333333344],[130.9125,33.56250000000001],[130.915218327,33.562462225]]]}},{"type":"Feature","id":"40602:503027732","properties":{"id":"40602:503027732","meshCode":"503027732","cityCode":"40602","city":"添田町","lat":33.5587553,"lon":130.9193832,"areaKm2":0.0174404,"populated2020":false,"population2020":null,"populationNote":"境界またぎ・原典収録外のため自治体内人口は未集計"},"geometry":{"type":"Polygon","coordinates":[[[130.91875,33.55990343521242],[130.919186109,33.559889721],[130.919493333,33.55973805400001],[130.91986861200002,33.55915722500001],[130.92017557680978,33.558333333333344],[130.91875,33.55833333333334],[130.91875,33.55990343521242]]]}},{"type":"Feature","id":"40602:503026763","properties":{"id":"40602:503026763","meshCode":"503026763","cityCode":"40602","city":"添田町","lat":33.5636994,"lon":130.8309762,"areaKm2":0.009388,"populated2020":true,"population2020":null,"populationNote":"境界またぎ・原典収録外のため自治体内人口は未集計"},"geometry":{"type":"Polygon","coordinates":[[[130.83103083,33.56269194600001],[130.830615279,33.56297527899999],[130.830556667,33.563264162],[130.83088083,33.564190829],[130.83125,33.564630068698236],[130.83125,33.56267850614763],[130.83103083,33.56269194600001]]]}},{"type":"Feature","id":"40602:503026764","properties":{"id":"40602:503026764","meshCode":"503026764","cityCode":"40602","city":"添田町","lat":33.5645833,"lon":130.834375,"areaKm2":0.259547,"populated2020":true,"population2020":47.4838,"populationNote":"2020年基準の国交省調整値"},"geometry":{"type":"Polygon","coordinates":[[[130.83199316223866,33.562500000000014],[130.831813061,33.562638054],[130.83125,33.56267850614763],[130.83125,33.564630068698236],[130.831454994,33.56560222499999],[130.83214824893457,33.56666666666668],[130.8375,33.56666666666668],[130.8375,33.562500000000014],[130.83199316223866,33.562500000000014]]]}},{"type":"Feature","id":"40602:503026773","properties":{"id":"40602:503026773","meshCode":"503026773","cityCode":"40602","city":"添田町","lat":33.5645833,"lon":130.840625,"areaKm2":0.2681458,"populated2020":true,"population2020":74.8226,"populationNote":"2020年基準の国交省調整値"},"geometry":{"type":"Polygon","coordinates":[[[130.8375,33.562500000000014],[130.8375,33.56666666666668],[130.84375,33.56666666666668],[130.84375,33.562500000000014],[130.8375,33.562500000000014]]]}},{"type":"Feature","id":"40602:503026774","properties":{"id":"40602:503026774","meshCode":"503026774","cityCode":"40602","city":"添田町","lat":33.5645833,"lon":130.846875,"areaKm2":0.2681457,"populated2020":true,"population2020":35.3318,"populationNote":"2020年基準の国交省調整値"},"geometry":{"type":"Polygon","coordinates":[[[130.84375,33.562500000000014],[130.84375,33.56666666666668],[130.85,33.56666666666668],[130.85,33.56250000000001],[130.84375,33.562500000000014]]]}},{"type":"Feature","id":"40602:503026783","properties":{"id":"40602:503026783","meshCode":"503026783","cityCode":"40602","city":"添田町","lat":33.5645833,"lon":130.853125,"areaKm2":0.2681456,"populated2020":true,"population2020":729.9555,"populationNote":"2020年基準の国交省調整値"},"geometry":{"type":"Polygon","coordinates":[[[130.85,33.56250000000001],[130.85,33.56666666666668],[130.85625,33.56666666666668],[130.85625,33.56250000000001],[130.85,33.56250000000001]]]}},{"type":"Feature","id":"40602:503026784","properties":{"id":"40602:503026784","meshCode":"503026784","cityCode":"40602","city":"添田町","lat":33.5645833,"lon":130.859375,"areaKm2":0.2681455,"populated2020":true,"population2020":351.4497,"populationNote":"2020年基準の国交省調整値"},"geometry":{"type":"Polygon","coordinates":[[[130.85625,33.56250000000001],[130.85625,33.56666666666668],[130.8625,33.56666666666668],[130.8625,33.56250000000001],[130.85625,33.56250000000001]]]}},{"type":"Feature","id":"40602:503026793","properties":{"id":"40602:503026793","meshCode":"503026793","cityCode":"40602","city":"添田町","lat":33.5645833,"lon":130.865625,"areaKm2":0.2681454,"populated2020":true,"population2020":21.1686,"populationNote":"2020年基準の国交省調整値"},"geometry":{"type":"Polygon","coordinates":[[[130.8625,33.56250000000001],[130.8625,33.56666666666668],[130.86875,33.56666666666668],[130.86875,33.56250000000001],[130.8625,33.56250000000001]]]}},{"type":"Feature","id":"40602:503026794","properties":{"id":"40602:503026794","meshCode":"503026794","cityCode":"40602","city":"添田町","lat":33.5645833,"lon":130.871875,"areaKm2":0.2681453,"populated2020":false,"population2020":null,"populationNote":"境界またぎ・原典収録外のため自治体内人口は未集計"},"geometry":{"type":"Polygon","coordinates":[[[130.86875,33.56250000000001],[130.86875,33.56666666666668],[130.875,33.56666666666668],[130.875,33.56250000000001],[130.86875,33.56250000000001]]]}},{"type":"Feature","id":"40602:503027703","properties":{"id":"40602:503027703","meshCode":"503027703","cityCode":"40602","city":"添田町","lat":33.5645833,"lon":130.878125,"areaKm2":0.2681452,"populated2020":false,"population2020":null,"populationNote":"境界またぎ・原典収録外のため自治体内人口は未集計"},"geometry":{"type":"Polygon","coordinates":[[[130.875,33.56250000000001],[130.875,33.56666666666668],[130.88125,33.56666666666668],[130.88125,33.562500000000014],[130.875,33.56250000000001]]]}},{"type":"Feature","id":"40602:503027704","properties":{"id":"40602:503027704","meshCode":"503027704","cityCode":"40602","city":"添田町","lat":33.5645833,"lon":130.884375,"areaKm2":0.2681451,"populated2020":false,"population2020":null,"populationNote":"境界またぎ・原典収録外のため自治体内人口は未集計"},"geometry":{"type":"Polygon","coordinates":[[[130.88125,33.562500000000014],[130.88125,33.56666666666668],[130.8875,33.56666666666668],[130.8875,33.56250000000001],[130.88125,33.562500000000014]]]}},{"type":"Feature","id":"40602:503027713","properties":{"id":"40602:503027713","meshCode":"503027713","cityCode":"40602","city":"添田町","lat":33.5645833,"lon":130.890625,"areaKm2":0.268145,"populated2020":true,"population2020":20.2156,"populationNote":"2020年基準の国交省調整値"},"geometry":{"type":"Polygon","coordinates":[[[130.8875,33.56250000000001],[130.8875,33.56666666666668],[130.89375,33.56666666666667],[130.89375,33.562500000000014],[130.8875,33.56250000000001]]]}},{"type":"Feature","id":"40602:503027714","properties":{"id":"40602:503027714","meshCode":"503027714","cityCode":"40602","city":"添田町","lat":33.5645833,"lon":130.896875,"areaKm2":0.2681449,"populated2020":false,"population2020":null,"populationNote":"境界またぎ・原典収録外のため自治体内人口は未集計"},"geometry":{"type":"Polygon","coordinates":[[[130.89375,33.562500000000014],[130.89375,33.56666666666667],[130.9,33.56666666666668],[130.9,33.56250000000001],[130.89375,33.562500000000014]]]}},{"type":"Feature","id":"40602:503027723","properties":{"id":"40602:503027723","meshCode":"503027723","cityCode":"40602","city":"添田町","lat":33.5645833,"lon":130.903125,"areaKm2":0.2681449,"populated2020":false,"population2020":null,"populationNote":"境界またぎ・原典収録外のため自治体内人口は未集計"},"geometry":{"type":"Polygon","coordinates":[[[130.9,33.56250000000001],[130.9,33.56666666666668],[130.90625,33.56666666666668],[130.90625,33.56250000000001],[130.9,33.56250000000001]]]}},{"type":"Feature","id":"40602:503027724","properties":{"id":"40602:503027724","meshCode":"503027724","cityCode":"40602","city":"添田町","lat":33.5645833,"lon":130.909375,"areaKm2":0.2285674,"populated2020":false,"population2020":null,"populationNote":"境界またぎ・原典収録外のため自治体内人口は未集計"},"geometry":{"type":"Polygon","coordinates":[[[130.90930917,33.566360558999996],[130.910537224,33.565744162],[130.911344449,33.56515444099999],[130.911924163,33.564859721000005],[130.9125,33.56479299125625],[130.9125,33.56250000000001],[130.90625,33.56250000000001],[130.90625,33.56666666666668],[130.90890891143584,33.56666666666668],[130.90930917,33.566360558999996]]]}},{"type":"Feature","id":"40602:503027733","properties":{"id":"40602:503027733","meshCode":"503027733","cityCode":"40602","city":"添田町","lat":33.5634314,"lon":130.9137569,"areaKm2":0.0513179,"populated2020":false,"population2020":null,"populationNote":"境界またぎ・原典収録外のため自治体内人口は未集計"},"geometry":{"type":"Polygon","coordinates":[[[130.9125,33.56479299125625],[130.913163606,33.564493613],[130.913424994,33.564484721],[130.914073333,33.56470805399999],[130.914403061,33.56472582899999],[130.914425837,33.564315],[130.914922776,33.563668054000004],[130.91510472100003,33.563194721],[130.91520409643422,33.56250000000001],[130.9125,33.56250000000001],[130.9125,33.56479299125625]]]}},{"type":"Feature","id":"40602:503026862","properties":{"id":"40602:503026862","meshCode":"503026862","cityCode":"40602","city":"添田町","lat":33.5682899,"lon":130.8360855,"areaKm2":0.1027857,"populated2020":true,"population2020":null,"populationNote":"境界またぎ・原典収録外のため自治体内人口は未集計"},"geometry":{"type":"Polygon","coordinates":[[[130.832148249,33.566666667000014],[130.832134994,33.567252225],[130.832206109,33.567376108],[130.834485837,33.56817833299999],[130.83535166,33.56863194600001],[130.835840272,33.569276386999995],[130.836490272,33.569810829],[130.836677782,33.569829441],[130.837136667,33.569290829],[130.8375,33.569337199149686],[130.8375,33.56666666666668],[130.832148249,33.566666667000014]]]}},{"type":"Feature","id":"40602:503026871","properties":{"id":"40602:503026871","meshCode":"503026871","cityCode":"40602","city":"添田町","lat":33.56875,"lon":130.840625,"areaKm2":0.2524215,"populated2020":true,"population2020":9.0914,"populationNote":"2020年基準の国交省調整値"},"geometry":{"type":"Polygon","coordinates":[[[130.8375,33.569337199149686],[130.838298612,33.56960000000001],[130.838653606,33.56996305399999],[130.83868393898206,33.57083333333333],[130.84375,33.57083333333333],[130.84375,33.56666666666668],[130.8375,33.56666666666668],[130.8375,33.569337199149686]]]}},{"type":"Feature","id":"40602:503026872","properties":{"id":"40602:503026872","meshCode":"503026872","cityCode":"40602","city":"添田町","lat":33.56875,"lon":130.846875,"areaKm2":0.268133,"populated2020":true,"population2020":161.3295,"populationNote":"2020年基準の国交省調整値"},"geometry":{"type":"Polygon","coordinates":[[[130.84375,33.56666666666668],[130.84375,33.57083333333333],[130.85,33.57083333333333],[130.85,33.56666666666668],[130.84375,33.56666666666668]]]}},{"type":"Feature","id":"40602:503026881","properties":{"id":"40602:503026881","meshCode":"503026881","cityCode":"40602","city":"添田町","lat":33.56875,"lon":130.853125,"areaKm2":0.2681329,"populated2020":true,"population2020":388.5118,"populationNote":"2020年基準の国交省調整値"},"geometry":{"type":"Polygon","coordinates":[[[130.85,33.56666666666668],[130.85,33.57083333333333],[130.85625,33.57083333333333],[130.85625,33.56666666666668],[130.85,33.56666666666668]]]}},{"type":"Feature","id":"40602:503026882","properties":{"id":"40602:503026882","meshCode":"503026882","cityCode":"40602","city":"添田町","lat":33.56875,"lon":130.859375,"areaKm2":0.2681328,"populated2020":true,"population2020":359.5227,"populationNote":"2020年基準の国交省調整値"},"geometry":{"type":"Polygon","coordinates":[[[130.85625,33.56666666666668],[130.85625,33.57083333333333],[130.8625,33.57083333333333],[130.8625,33.56666666666668],[130.85625,33.56666666666668]]]}},{"type":"Feature","id":"40602:503026891","properties":{"id":"40602:503026891","meshCode":"503026891","cityCode":"40602","city":"添田町","lat":33.56875,"lon":130.865625,"areaKm2":0.2681327,"populated2020":false,"population2020":null,"populationNote":"境界またぎ・原典収録外のため自治体内人口は未集計"},"geometry":{"type":"Polygon","coordinates":[[[130.8625,33.56666666666668],[130.8625,33.57083333333333],[130.86875,33.57083333333333],[130.86875,33.56666666666668],[130.8625,33.56666666666668]]]}},{"type":"Feature","id":"40602:503026892","properties":{"id":"40602:503026892","meshCode":"503026892","cityCode":"40602","city":"添田町","lat":33.56875,"lon":130.871875,"areaKm2":0.2681326,"populated2020":false,"population2020":null,"populationNote":"境界またぎ・原典収録外のため自治体内人口は未集計"},"geometry":{"type":"Polygon","coordinates":[[[130.86875,33.56666666666668],[130.86875,33.57083333333333],[130.875,33.57083333333333],[130.875,33.56666666666668],[130.86875,33.56666666666668]]]}},{"type":"Feature","id":"40602:503027801","properties":{"id":"40602:503027801","meshCode":"503027801","cityCode":"40602","city":"添田町","lat":33.56875,"lon":130.878125,"areaKm2":0.2681325,"populated2020":false,"population2020":null,"populationNote":"境界またぎ・原典収録外のため自治体内人口は未集計"},"geometry":{"type":"Polygon","coordinates":[[[130.875,33.56666666666668],[130.875,33.57083333333333],[130.88125,33.57083333333333],[130.88125,33.56666666666668],[130.875,33.56666666666668]]]}},{"type":"Feature","id":"40602:503027802","properties":{"id":"40602:503027802","meshCode":"503027802","cityCode":"40602","city":"添田町","lat":33.56875,"lon":130.884375,"areaKm2":0.2681324,"populated2020":false,"population2020":null,"populationNote":"境界またぎ・原典収録外のため自治体内人口は未集計"},"geometry":{"type":"Polygon","coordinates":[[[130.88125,33.56666666666668],[130.88125,33.57083333333333],[130.8875,33.57083333333333],[130.8875,33.56666666666668],[130.88125,33.56666666666668]]]}},{"type":"Feature","id":"40602:503027811","properties":{"id":"40602:503027811","meshCode":"503027811","cityCode":"40602","city":"添田町","lat":33.56875,"lon":130.890625,"areaKm2":0.2681323,"populated2020":false,"population2020":null,"populationNote":"境界またぎ・原典収録外のため自治体内人口は未集計"},"geometry":{"type":"Polygon","coordinates":[[[130.8875,33.56666666666668],[130.8875,33.57083333333333],[130.89375,33.57083333333333],[130.89375,33.56666666666667],[130.8875,33.56666666666668]]]}},{"type":"Feature","id":"40602:503027812","properties":{"id":"40602:503027812","meshCode":"503027812","cityCode":"40602","city":"添田町","lat":33.56875,"lon":130.896875,"areaKm2":0.2681322,"populated2020":false,"population2020":null,"populationNote":"境界またぎ・原典収録外のため自治体内人口は未集計"},"geometry":{"type":"Polygon","coordinates":[[[130.89375,33.56666666666667],[130.89375,33.57083333333333],[130.9,33.57083333333333],[130.9,33.56666666666668],[130.89375,33.56666666666667]]]}},{"type":"Feature","id":"40602:503027821","properties":{"id":"40602:503027821","meshCode":"503027821","cityCode":"40602","city":"添田町","lat":33.56875,"lon":130.903125,"areaKm2":0.2333343,"populated2020":false,"population2020":null,"populationNote":"境界またぎ・原典収録外のため自治体内人口は未集計"},"geometry":{"type":"Polygon","coordinates":[[[130.90393785427867,33.57083333333333],[130.904505837,33.569929441000006],[130.904733333,33.569733054000004],[130.905040272,33.569572225],[130.905608885,33.56942916199999],[130.905768054,33.569233054],[130.90563166,33.56808055900001],[130.905756667,33.567893054],[130.90625,33.56774612844418],[130.90625,33.56666666666668],[130.9,33.56666666666668],[130.9,33.57083333333333],[130.90393785427867,33.57083333333333]]]}},{"type":"Feature","id":"40602:503027822","properties":{"id":"40602:503027822","meshCode":"503027822","cityCode":"40602","city":"添田町","lat":33.5672185,"lon":130.907166,"areaKm2":0.0180753,"populated2020":false,"population2020":null,"populationNote":"境界またぎ・原典収録外のため自治体内人口は未集計"},"geometry":{"type":"Polygon","coordinates":[[[130.90625,33.56774612844418],[130.906904994,33.56751777499999],[130.90787166,33.567303333],[130.908292218,33.567133613],[130.908655837,33.566919441],[130.90890891143584,33.56666666666668],[130.90625,33.56666666666668],[130.90625,33.56774612844418]]]}},{"type":"Feature","id":"40602:503026864","properties":{"id":"40602:503026864","meshCode":"503026864","cityCode":"40602","city":"添田町","lat":33.5736354,"lon":130.8370076,"areaKm2":0.0212696,"populated2020":true,"population2020":null,"populationNote":"境界またぎ・原典収録外のため自治体内人口は未集計"},"geometry":{"type":"Polygon","coordinates":[[[130.8375,33.572538487562376],[130.837178054,33.572715279],[130.836845279,33.572776387000005],[130.836648885,33.573113054],[130.836444994,33.574045000000005],[130.836625551,33.574359162],[130.836652866,33.57500000000001],[130.8375,33.57500000000001],[130.8375,33.572538487562376]]]}},{"type":"Feature","id":"40602:503026873","properties":{"id":"40602:503026873","meshCode":"503026873","cityCode":"40602","city":"添田町","lat":33.5729167,"lon":130.840625,"areaKm2":0.2546866,"populated2020":true,"population2020":17.1408,"populationNote":"2020年基準の国交省調整値"},"geometry":{"type":"Polygon","coordinates":[[[130.83868393898206,33.57083333333333],[130.838458054,33.571487225],[130.838056109,33.572060559],[130.83789166,33.572277225],[130.8375,33.572538487562376],[130.8375,33.57500000000001],[130.84375,33.575],[130.84375,33.57083333333333],[130.83868393898206,33.57083333333333]]]}},{"type":"Feature","id":"40602:503026874","properties":{"id":"40602:503026874","meshCode":"503026874","cityCode":"40602","city":"添田町","lat":33.5729167,"lon":130.846875,"areaKm2":0.2681203,"populated2020":true,"population2020":352.7376,"populationNote":"2020年基準の国交省調整値"},"geometry":{"type":"Polygon","coordinates":[[[130.84375,33.57083333333333],[130.84375,33.575],[130.85,33.575],[130.85,33.57083333333333],[130.84375,33.57083333333333]]]}},{"type":"Feature","id":"40602:503026883","properties":{"id":"40602:503026883","meshCode":"503026883","cityCode":"40602","city":"添田町","lat":33.5729167,"lon":130.853125,"areaKm2":0.2681202,"populated2020":true,"population2020":346.0853,"populationNote":"2020年基準の国交省調整値"},"geometry":{"type":"Polygon","coordinates":[[[130.85,33.57083333333333],[130.85,33.575],[130.85625,33.575],[130.85625,33.57083333333333],[130.85,33.57083333333333]]]}},{"type":"Feature","id":"40602:503026884","properties":{"id":"40602:503026884","meshCode":"503026884","cityCode":"40602","city":"添田町","lat":33.5729167,"lon":130.859375,"areaKm2":0.2681201,"populated2020":true,"population2020":464.4776,"populationNote":"2020年基準の国交省調整値"},"geometry":{"type":"Polygon","coordinates":[[[130.85625,33.57083333333333],[130.85625,33.575],[130.8625,33.575],[130.8625,33.57083333333333],[130.85625,33.57083333333333]]]}},{"type":"Feature","id":"40602:503026893","properties":{"id":"40602:503026893","meshCode":"503026893","cityCode":"40602","city":"添田町","lat":33.5729167,"lon":130.865625,"areaKm2":0.26812,"populated2020":true,"population2020":32.3182,"populationNote":"2020年基準の国交省調整値"},"geometry":{"type":"Polygon","coordinates":[[[130.8625,33.57083333333333],[130.8625,33.575],[130.86875,33.575],[130.86875,33.57083333333333],[130.8625,33.57083333333333]]]}},{"type":"Feature","id":"40602:503026894","properties":{"id":"40602:503026894","meshCode":"503026894","cityCode":"40602","city":"添田町","lat":33.5729167,"lon":130.871875,"areaKm2":0.2098672,"populated2020":false,"population2020":null,"populationNote":"境界またぎ・原典収録外のため自治体内人口は未集計"},"geometry":{"type":"Polygon","coordinates":[[[130.871864306,33.57500000000001],[130.872633333,33.57421249499999],[130.872633333,33.57412110800001],[130.873068885,33.573771667],[130.874231388,33.57154138700001],[130.874303061,33.571558333],[130.874523606,33.572196946],[130.875,33.57246038699999],[130.875,33.57083333333333],[130.86875,33.57083333333333],[130.86875,33.575],[130.871864306,33.57500000000001]]]}},{"type":"Feature","id":"40602:503027803","properties":{"id":"40602:503027803","meshCode":"503027803","cityCode":"40602","city":"添田町","lat":33.5729167,"lon":130.878125,"areaKm2":0.2277323,"populated2020":false,"population2020":null,"populationNote":"境界またぎ・原典収録外のため自治体内人口は未集計"},"geometry":{"type":"Polygon","coordinates":[[[130.875,33.57246038699999],[130.875628612,33.572794721],[130.87580083,33.572986387],[130.876403606,33.574170559],[130.87656166,33.574176108],[130.87682,33.574035279],[130.87702083,33.574057775],[130.878022218,33.574693613],[130.878349222,33.575],[130.88125,33.57500000000001],[130.88125,33.57083333333333],[130.875,33.57083333333333],[130.875,33.57246038699999]]]}},{"type":"Feature","id":"40602:503027804","properties":{"id":"40602:503027804","meshCode":"503027804","cityCode":"40602","city":"添田町","lat":33.5729167,"lon":130.884375,"areaKm2":0.2681197,"populated2020":true,"population2020":49.5359,"populationNote":"2020年基準の国交省調整値"},"geometry":{"type":"Polygon","coordinates":[[[130.88125,33.57083333333333],[130.88125,33.57500000000001],[130.8875,33.575],[130.8875,33.57083333333333],[130.88125,33.57083333333333]]]}},{"type":"Feature","id":"40602:503027813","properties":{"id":"40602:503027813","meshCode":"503027813","cityCode":"40602","city":"添田町","lat":33.5729167,"lon":130.890625,"areaKm2":0.2681196,"populated2020":true,"population2020":2.0164,"populationNote":"2020年基準の国交省調整値"},"geometry":{"type":"Polygon","coordinates":[[[130.8875,33.57083333333333],[130.8875,33.575],[130.89375,33.575],[130.89375,33.57083333333333],[130.8875,33.57083333333333]]]}},{"type":"Feature","id":"40602:503027814","properties":{"id":"40602:503027814","meshCode":"503027814","cityCode":"40602","city":"添田町","lat":33.5729167,"lon":130.896875,"areaKm2":0.2600885,"populated2020":false,"population2020":null,"populationNote":"境界またぎ・原典収録外のため自治体内人口は未集計"},"geometry":{"type":"Polygon","coordinates":[[[130.898114643,33.575],[130.899142503,33.574523333],[130.9,33.574236027],[130.9,33.57083333333333],[130.89375,33.57083333333333],[130.89375,33.575],[130.898114643,33.575]]]}},{"type":"Feature","id":"40602:503027823","properties":{"id":"40602:503027823","meshCode":"503027823","cityCode":"40602","city":"添田町","lat":33.5725881,"lon":130.901298,"areaKm2":0.0910755,"populated2020":false,"population2020":null,"populationNote":"境界またぎ・原典収録外のため自治体内人口は未集計"},"geometry":{"type":"Polygon","coordinates":[[[130.9,33.574236027],[130.901686394,33.573829721],[130.901891115,33.573159721],[130.902357224,33.57286499999999],[130.902664163,33.57247194600001],[130.903312218,33.572105559],[130.903584994,33.57182],[130.903675837,33.571117495],[130.90393785427867,33.57083333333333],[130.9,33.57083333333333],[130.9,33.574236027]]]}},{"type":"Feature","id":"40602:503026962","properties":{"id":"40602:503026962","meshCode":"503026962","cityCode":"40602","city":"添田町","lat":33.5766618,"lon":130.8371874,"areaKm2":0.0218255,"populated2020":true,"population2020":null,"populationNote":"境界またぎ・原典収録外のため自治体内人口は未集計"},"geometry":{"type":"MultiPolygon","coordinates":[[[[130.836652866,33.57500000000001],[130.836680558,33.575862495],[130.836884449,33.576477495],[130.836759442,33.57708777500001],[130.837090272,33.577574162],[130.83713166,33.577958333000005],[130.8375,33.57831564482323],[130.8375,33.57500000000001],[130.836652866,33.57500000000001]]],[[[130.8375,33.57861822096098],[130.837313061,33.579050828999996],[130.8372431596754,33.579166666666666],[130.8375,33.579166666666666],[130.8375,33.57861822096098]]]]}},{"type":"Feature","id":"40602:503026971","properties":{"id":"40602:503026971","meshCode":"503026971","cityCode":"40602","city":"添田町","lat":33.5770833,"lon":130.840625,"areaKm2":0.268029,"populated2020":true,"population2020":57.5986,"populationNote":"2020年基準の国交省調整値"},"geometry":{"type":"Polygon","coordinates":[[[130.8375,33.57500000000001],[130.8375,33.579166666666666],[130.84375,33.579166666666666],[130.84375,33.575],[130.8375,33.57500000000001]]]}},{"type":"Feature","id":"40602:503026972","properties":{"id":"40602:503026972","meshCode":"503026972","cityCode":"40602","city":"添田町","lat":33.5770833,"lon":130.846875,"areaKm2":0.2681076,"populated2020":true,"population2020":191.7547,"populationNote":"2020年基準の国交省調整値"},"geometry":{"type":"Polygon","coordinates":[[[130.84375,33.575],[130.84375,33.579166666666666],[130.85,33.579166666666666],[130.85,33.575],[130.84375,33.575]]]}},{"type":"Feature","id":"40602:503026981","properties":{"id":"40602:503026981","meshCode":"503026981","cityCode":"40602","city":"添田町","lat":33.5770833,"lon":130.853125,"areaKm2":0.2681075,"populated2020":true,"population2020":304.8664,"populationNote":"2020年基準の国交省調整値"},"geometry":{"type":"Polygon","coordinates":[[[130.85,33.575],[130.85,33.579166666666666],[130.85625,33.57916666666666],[130.85625,33.575],[130.85,33.575]]]}},{"type":"Feature","id":"40602:503026982","properties":{"id":"40602:503026982","meshCode":"503026982","cityCode":"40602","city":"添田町","lat":33.5770833,"lon":130.859375,"areaKm2":0.2681074,"populated2020":true,"population2020":501.294,"populationNote":"2020年基準の国交省調整値"},"geometry":{"type":"Polygon","coordinates":[[[130.85625,33.575],[130.85625,33.57916666666666],[130.8625,33.57916666666666],[130.8625,33.575],[130.85625,33.575]]]}},{"type":"Feature","id":"40602:503026991","properties":{"id":"40602:503026991","meshCode":"503026991","cityCode":"40602","city":"添田町","lat":33.5770833,"lon":130.865625,"areaKm2":0.2681073,"populated2020":false,"population2020":null,"populationNote":"境界またぎ・原典収録外のため自治体内人口は未集計"},"geometry":{"type":"Polygon","coordinates":[[[130.8625,33.575],[130.8625,33.57916666666666],[130.86875,33.579166666666666],[130.86875,33.575],[130.8625,33.575]]]}},{"type":"Feature","id":"40602:503026992","properties":{"id":"40602:503026992","meshCode":"503026992","cityCode":"40602","city":"添田町","lat":33.5770112,"lon":130.8701543,"areaKm2":0.1030811,"populated2020":false,"population2020":null,"populationNote":"境界またぎ・原典収録外のため自治体内人口は未集計"},"geometry":{"type":"Polygon","coordinates":[[[130.8701244070752,33.579166666666666],[130.87072778200002,33.57805277500001],[130.871037497,33.577663054],[130.871475279,33.577610829],[130.871600272,33.577522225],[130.871630272,33.57722499999999],[130.87142917,33.576528333000006],[130.87134166,33.575835278999996],[130.871483891,33.57550194600001],[130.871864306,33.57500000000001],[130.86875,33.575],[130.86875,33.579166666666666],[130.8701244070752,33.579166666666666]]]}},{"type":"Feature","id":"40602:503027901","properties":{"id":"40602:503027901","meshCode":"503027901","cityCode":"40602","city":"添田町","lat":33.5753053,"lon":130.8801331,"areaKm2":0.0126029,"populated2020":false,"population2020":null,"populationNote":"境界またぎ・原典収録外のため自治体内人口は未集計"},"geometry":{"type":"Polygon","coordinates":[[[130.878546109,33.575150279],[130.879191946,33.575347495],[130.879794449,33.575415279],[130.880569728,33.575618333],[130.88125,33.57556507018885],[130.88125,33.57500000000001],[130.878349222,33.575],[130.878546109,33.575150279]]]}},{"type":"Feature","id":"40602:503027902","properties":{"id":"40602:503027902","meshCode":"503027902","cityCode":"40602","city":"添田町","lat":33.5770833,"lon":130.884375,"areaKm2":0.1716193,"populated2020":true,"population2020":3.0274,"populationNote":"2020年基準の国交省調整値"},"geometry":{"type":"Polygon","coordinates":[[[130.881294449,33.57555610800001],[130.881628612,33.57554749500001],[130.882970272,33.575835],[130.883982218,33.575891387000006],[130.88414,33.576009721],[130.884183061,33.576190279],[130.884096939,33.576562495],[130.883745279,33.577312225],[130.883458327,33.57769555899999],[130.882622776,33.578350279000006],[130.883168612,33.578752224999995],[130.883464163,33.578886387],[130.883862218,33.578886387],[130.885374449,33.578573891999994],[130.8875,33.579166666666666],[130.8875,33.575],[130.88125,33.57500000000001],[130.881294449,33.57555610800001]]]}},{"type":"Feature","id":"40602:503027911","properties":{"id":"40602:503027911","meshCode":"503027911","cityCode":"40602","city":"添田町","lat":33.5770833,"lon":130.890625,"areaKm2":0.2530657,"populated2020":false,"population2020":null,"populationNote":"境界またぎ・原典収録外のため自治体内人口は未集計"},"geometry":{"type":"Polygon","coordinates":[[[130.89103370760208,33.57916666666666],[130.891826394,33.578642775000006],[130.892292503,33.57852666699999],[130.89375,33.57850556560387],[130.89375,33.575],[130.8875,33.575],[130.8875,33.579166666666666],[130.89103370760208,33.57916666666666]]]}},{"type":"Feature","id":"40602:503027912","properties":{"id":"40602:503027912","meshCode":"503027912","cityCode":"40602","city":"添田町","lat":33.5767715,"lon":130.8952612,"areaKm2":0.1037111,"populated2020":false,"population2020":null,"populationNote":"境界またぎ・原典収録外のため自治体内人口は未集計"},"geometry":{"type":"Polygon","coordinates":[[[130.894100558,33.57860694600001],[130.894827782,33.578517775],[130.895089442,33.57840166700001],[130.896533606,33.577213613],[130.897346394,33.575461108],[130.89756221800002,33.57527361299999],[130.898114643,33.575],[130.89375,33.575],[130.89375,33.57850556560387],[130.894100558,33.57860694600001]]]}},{"type":"Feature","id":"40602:503026964","properties":{"id":"40602:503026964","meshCode":"503026964","cityCode":"40602","city":"添田町","lat":33.58125,"lon":130.834375,"areaKm2":0.1370472,"populated2020":true,"population2020":null,"populationNote":"境界またぎ・原典収録外のため自治体内人口は未集計"},"geometry":{"type":"Polygon","coordinates":[[[130.8372431596754,33.579166666666666],[130.835981115,33.58024],[130.834910272,33.580818892],[130.833393333,33.581497494999994],[130.833009442,33.581767225],[130.832497782,33.58231000000001],[130.83240858595676,33.58333333333334],[130.8375,33.583333333333336],[130.8375,33.579166666666666],[130.8372431596754,33.579166666666666]]]}},{"type":"Feature","id":"40602:503026973","properties":{"id":"40602:503026973","meshCode":"503026973","cityCode":"40602","city":"添田町","lat":33.58125,"lon":130.840625,"areaKm2":0.268095,"populated2020":true,"population2020":143.4589,"populationNote":"2020年基準の国交省調整値"},"geometry":{"type":"Polygon","coordinates":[[[130.8375,33.579166666666666],[130.8375,33.583333333333336],[130.84375,33.583333333333336],[130.84375,33.579166666666666],[130.8375,33.579166666666666]]]}},{"type":"Feature","id":"40602:503026974","properties":{"id":"40602:503026974","meshCode":"503026974","cityCode":"40602","city":"添田町","lat":33.58125,"lon":130.846875,"areaKm2":0.2680949,"populated2020":true,"population2020":305.0221,"populationNote":"2020年基準の国交省調整値"},"geometry":{"type":"Polygon","coordinates":[[[130.84375,33.579166666666666],[130.84375,33.583333333333336],[130.85,33.583333333333336],[130.85,33.579166666666666],[130.84375,33.579166666666666]]]}},{"type":"Feature","id":"40602:503026983","properties":{"id":"40602:503026983","meshCode":"503026983","cityCode":"40602","city":"添田町","lat":33.58125,"lon":130.853125,"areaKm2":0.2680948,"populated2020":true,"population2020":111.0723,"populationNote":"2020年基準の国交省調整値"},"geometry":{"type":"Polygon","coordinates":[[[130.85,33.579166666666666],[130.85,33.583333333333336],[130.85625,33.583333333333336],[130.85625,33.57916666666666],[130.85,33.579166666666666]]]}},{"type":"Feature","id":"40602:503026984","properties":{"id":"40602:503026984","meshCode":"503026984","cityCode":"40602","city":"添田町","lat":33.58125,"lon":130.859375,"areaKm2":0.2131594,"populated2020":true,"population2020":null,"populationNote":"境界またぎ・原典収録外のため自治体内人口は未集計"},"geometry":{"type":"Polygon","coordinates":[[[130.85870572,33.583333333],[130.859088612,33.58285944099999],[130.859336667,33.582308613000016],[130.859836109,33.582193613],[130.860131388,33.581991386999995],[130.861686939,33.581401108],[130.8625,33.581347739464725],[130.8625,33.57916666666666],[130.85625,33.57916666666666],[130.85625,33.583333333333336],[130.85870572,33.583333333]]]}},{"type":"Feature","id":"40602:503026993","properties":{"id":"40602:503026993","meshCode":"503026993","cityCode":"40602","city":"添田町","lat":33.58125,"lon":130.865625,"areaKm2":0.2139628,"populated2020":false,"population2020":null,"populationNote":"境界またぎ・原典収録外のため自治体内人口は未集計"},"geometry":{"type":"Polygon","coordinates":[[[130.8625,33.581347739464725],[130.864600272,33.581822225],[130.865237224,33.582086387],[130.865684449,33.582470559],[130.866024994,33.583079162000004],[130.86653238764805,33.583333333333336],[130.86875,33.58333333333334],[130.86875,33.579166666666666],[130.8625,33.57916666666666],[130.8625,33.581347739464725]]]}},{"type":"Feature","id":"40602:503026994","properties":{"id":"40602:503026994","meshCode":"503026994","cityCode":"40602","city":"添田町","lat":33.5812421,"lon":130.8691153,"areaKm2":0.034089,"populated2020":false,"population2020":null,"populationNote":"境界またぎ・原典収録外のため自治体内人口は未集計"},"geometry":{"type":"Polygon","coordinates":[[[130.86887978,33.58333333299999],[130.868853061,33.58243499999999],[130.86921083000001,33.581625],[130.869551388,33.58115472099999],[130.870172776,33.580678333],[130.870218885,33.580560829],[130.8701244070752,33.579166666666666],[130.86875,33.579166666666666],[130.86875,33.58333333333334],[130.86887978,33.58333333299999]]]}},{"type":"Feature","id":"40602:503027904","properties":{"id":"40602:503027904","meshCode":"503027904","cityCode":"40602","city":"添田町","lat":33.5791818,"lon":130.887474,"areaKm2":1.62e-05,"populated2020":true,"population2020":null,"populationNote":"境界またぎ・原典収録外のため自治体内人口は未集計"},"geometry":{"type":"Polygon","coordinates":[[[130.8875,33.57919695732161],[130.8875,33.579166666666666],[130.8873961218665,33.57916666666666],[130.8875,33.57919695732161]]]}},{"type":"Feature","id":"40602:503027913","properties":{"id":"40602:503027913","meshCode":"503027913","cityCode":"40602","city":"添田町","lat":33.5798275,"lon":130.8894198,"areaKm2":0.0299936,"populated2020":false,"population2020":null,"populationNote":"境界またぎ・原典収録外のため自治体内人口は未集計"},"geometry":{"type":"Polygon","coordinates":[[[130.8875,33.579166666666666],[130.888012218,33.579502775],[130.888517497,33.580179162],[130.888836109,33.58041138699999],[130.889336394,33.580563054],[130.889756939,33.580429162],[130.89054166,33.579866387],[130.890905551,33.57925889199999],[130.89103370760208,33.57916666666666],[130.8875,33.579166666666666]]]}},{"type":"Feature","id":"40602:503036062","properties":{"id":"40602:503036062","meshCode":"503036062","cityCode":"40602","city":"添田町","lat":33.5854167,"lon":130.834375,"areaKm2":0.1865906,"populated2020":true,"population2020":null,"populationNote":"境界またぎ・原典収録外のため自治体内人口は未集計"},"geometry":{"type":"Polygon","coordinates":[[[130.83240858595676,33.58333333333334],[130.832274721,33.58398305400001],[130.831821388,33.584338054],[130.831880272,33.584503333],[130.832285279,33.584938892000004],[130.832851388,33.58533749499999],[130.833702776,33.585212495],[130.834323333,33.585432495],[130.833798054,33.586632495],[130.833773606,33.586990279],[130.83387118312814,33.5875],[130.8375,33.5875],[130.8375,33.583333333333336],[130.83240858595676,33.58333333333334]]]}},{"type":"Feature","id":"40602:503036071","properties":{"id":"40602:503036071","meshCode":"503036071","cityCode":"40602","city":"添田町","lat":33.5854167,"lon":130.840625,"areaKm2":0.2670371,"populated2020":true,"population2020":95.9342,"populationNote":"2020年基準の国交省調整値"},"geometry":{"type":"Polygon","coordinates":[[[130.83955917,33.587454721],[130.84321576215154,33.5875],[130.84375,33.58718571565296],[130.84375,33.583333333333336],[130.8375,33.583333333333336],[130.8375,33.5875],[130.83955917,33.587454721]]]}},{"type":"Feature","id":"40602:503036072","properties":{"id":"40602:503036072","meshCode":"503036072","cityCode":"40602","city":"添田町","lat":33.5854167,"lon":130.846875,"areaKm2":0.2394422,"populated2020":true,"population2020":null,"populationNote":"境界またぎ・原典収録外のため自治体内人口は未集計"},"geometry":{"type":"Polygon","coordinates":[[[130.84375,33.58718571565296],[130.844427224,33.586761667000005],[130.845307224,33.586043613],[130.846821946,33.587117225],[130.84724310163452,33.58749999999999],[130.85,33.5875],[130.85,33.583333333333336],[130.84375,33.583333333333336],[130.84375,33.58718571565296]]]}},{"type":"Feature","id":"40602:503036081","properties":{"id":"40602:503036081","meshCode":"503036081","cityCode":"40602","city":"添田町","lat":33.5854167,"lon":130.853125,"areaKm2":0.268082,"populated2020":true,"population2020":120.1457,"populationNote":"2020年基準の国交省調整値"},"geometry":{"type":"Polygon","coordinates":[[[130.85,33.583333333333336],[130.85,33.5875],[130.85625,33.5875],[130.85625,33.583333333333336],[130.85,33.583333333333336]]]}},{"type":"Feature","id":"40602:503036082","properties":{"id":"40602:503036082","meshCode":"503036082","cityCode":"40602","city":"添田町","lat":33.5852825,"lon":130.8569347,"areaKm2":0.0521886,"populated2020":true,"population2020":null,"populationNote":"境界またぎ・原典収録外のため自治体内人口は未集計"},"geometry":{"type":"Polygon","coordinates":[[[130.8568396289383,33.5875],[130.857012503,33.587046387],[130.857371115,33.586898613],[130.857786109,33.586479162],[130.857857224,33.585690279000005],[130.857178327,33.584585559],[130.856979442,33.583637495],[130.857888327,33.58362582899999],[130.85870571959052,33.58333333333333],[130.85625,33.583333333333336],[130.85625,33.5875],[130.8568396289383,33.5875]]]}},{"type":"Feature","id":"40602:503036091","properties":{"id":"40602:503036091","meshCode":"503036091","cityCode":"40602","city":"添田町","lat":33.583884,"lon":130.86801,"areaKm2":0.0161042,"populated2020":false,"population2020":null,"populationNote":"境界またぎ・原典収録外のため自治体内人口は未集計"},"geometry":{"type":"Polygon","coordinates":[[[130.866537782,33.583336108],[130.866812776,33.583485829],[130.868061388,33.58450666700001],[130.86875,33.584173545150264],[130.86875,33.58333333333334],[130.866537782,33.583336108]]]}},{"type":"Feature","id":"40602:503036092","properties":{"id":"40602:503036092","meshCode":"503036092","cityCode":"40602","city":"添田町","lat":33.5836063,"lon":130.868821,"areaKm2":0.0010995,"populated2020":false,"population2020":null,"populationNote":"境界またぎ・原典収録外のため自治体内人口は未集計"},"geometry":{"type":"Polygon","coordinates":[[[130.86875,33.584173545150264],[130.868901946,33.583838613],[130.868879780017,33.583333333333336],[130.86875,33.58333333333334],[130.86875,33.584173545150264]]]}},{"type":"Feature","id":"40602:503036064","properties":{"id":"40602:503036064","meshCode":"503036064","cityCode":"40602","city":"添田町","lat":33.5895833,"lon":130.834375,"areaKm2":0.1378186,"populated2020":true,"population2020":null,"populationNote":"境界またぎ・原典収録外のため自治体内人口は未集計"},"geometry":{"type":"Polygon","coordinates":[[[130.83387118312814,33.5875],[130.833210558,33.588627495],[130.832896394,33.58884249500001],[130.8328,33.58929972100002],[130.832278054,33.590162495],[130.83288917,33.590570829],[130.833376109,33.59026500000001],[130.833804994,33.590541108],[130.835393333,33.590960559],[130.835974994,33.591068054],[130.836171946,33.590974162],[130.836343891,33.590869440999995],[130.836328054,33.590300279],[130.836430558,33.590145279],[130.8375,33.589103333760804],[130.8375,33.5875],[130.83387118312814,33.5875]]]}},{"type":"Feature","id":"40602:503036073","properties":{"id":"40602:503036073","meshCode":"503036073","cityCode":"40602","city":"添田町","lat":33.5878097,"lon":130.8423882,"areaKm2":0.0188232,"populated2020":true,"population2020":null,"populationNote":"境界またぎ・原典収録外のため自治体内人口は未集計"},"geometry":{"type":"MultiPolygon","coordinates":[[[[130.8375,33.589103333760804],[130.83826917,33.588101667],[130.838823061,33.588015279],[130.83949641304852,33.58749999999999],[130.8375,33.5875],[130.8375,33.589103333760804]]],[[[130.83972606816045,33.5875],[130.839974994,33.587541108],[130.84010669283427,33.5875],[130.83972606816045,33.5875]]],[[[130.841441946,33.587522225],[130.842354994,33.58807222500001],[130.84321576215154,33.5875],[130.84094200898005,33.5875],[130.841441946,33.587522225]]]]}},{"type":"Feature","id":"40602:503036074","properties":{"id":"40602:503036074","meshCode":"503036074","cityCode":"40602","city":"添田町","lat":33.5877439,"lon":130.8484197,"areaKm2":0.0089862,"populated2020":true,"population2020":null,"populationNote":"境界またぎ・原典収録外のため自治体内人口は未集計"},"geometry":{"type":"Polygon","coordinates":[[[130.847269728,33.587514162000005],[130.847776667,33.587763892000005],[130.848813606,33.588021387],[130.849136667,33.587723892],[130.849336939,33.587702775],[130.85,33.587938667],[130.85,33.5875],[130.847269728,33.587514162000005]]]}},{"type":"Feature","id":"40602:503036083","properties":{"id":"40602:503036083","meshCode":"503036083","cityCode":"40602","city":"添田町","lat":33.5895833,"lon":130.853125,"areaKm2":0.1781257,"populated2020":true,"population2020":null,"populationNote":"境界またぎ・原典収録外のため自治体内人口は未集計"},"geometry":{"type":"Polygon","coordinates":[[[130.85,33.587938667],[130.851363606,33.588426667],[130.852653891,33.590426387],[130.853513606,33.591131387],[130.853547224,33.591378333000016],[130.85413499332049,33.591666666666676],[130.85548839247954,33.591666666666676],[130.85624416300004,33.59113805399999],[130.85625,33.59017399172365],[130.85612083,33.589640829000004],[130.85625,33.5893376483649],[130.85625,33.5875],[130.85,33.5875],[130.85,33.587938667]]]}},{"type":"Feature","id":"40602:503036084","properties":{"id":"40602:503036084","meshCode":"503036084","cityCode":"40602","city":"添田町","lat":33.5883174,"lon":130.856429,"areaKm2":0.0071373,"populated2020":true,"population2020":null,"populationNote":"境界またぎ・原典収録外のため自治体内人口は未集計"},"geometry":{"type":"MultiPolygon","coordinates":[[[[130.85625,33.59112904860019],[130.856389728,33.590717775],[130.85625,33.59017399172365],[130.85625,33.59112904860019]]],[[[130.856276394,33.589298613],[130.856474449,33.589005279],[130.85654,33.588488333],[130.8568396289383,33.5875],[130.85625,33.5875],[130.856276394,33.589298613]]]]}},{"type":"Feature","id":"40602:503036181","properties":{"id":"40602:503036181","meshCode":"503036181","cityCode":"40602","city":"添田町","lat":33.5918754,"lon":130.8548715,"areaKm2":0.0025224,"populated2020":true,"population2020":null,"populationNote":"境界またぎ・原典収録外のため自治体内人口は未集計"},"geometry":{"type":"Polygon","coordinates":[[[130.85413499332049,33.591666666666676],[130.854886109,33.592007495],[130.85548839247954,33.591666666666676],[130.85413499332049,33.591666666666676]]]}}]}