{"type":"FeatureCollection","metadata":{"cityCode":"40647","city":"築上町","resolution":500,"boundaryDate":"2026-01-01","populationLabel":"2020年基準人口（国交省調整値）","method":"標準地域メッシュを行政界で切抜き。中心が区域外のとき区域内代表点を判定点にする。人口不明をゼロにしない。"},"features":[{"type":"Feature","id":"40647:503027084","properties":{"id":"40647:503027084","meshCode":"503027084","cityCode":"40647","city":"築上町","lat":33.5078817,"lon":130.9844991,"areaKm2":0.0535978,"populated2020":false,"population2020":null,"populationNote":"境界またぎ・原典収録外のため自治体内人口は未集計"},"geometry":{"type":"Polygon","coordinates":[[[130.9875,33.50766999219721],[130.986632776,33.507327225000004],[130.986390272,33.507311387],[130.985583061,33.507525559],[130.98524,33.50750194599999],[130.984684721,33.507319441],[130.984129442,33.50740666699999],[130.983331946,33.507287775],[130.981928885,33.507771387000005],[130.981523333,33.50776082899999],[130.98139250291064,33.50833333333334],[130.9875,33.50833333333333],[130.9875,33.50766999219721]]]}},{"type":"Feature","id":"40647:503027093","properties":{"id":"40647:503027093","meshCode":"503027093","cityCode":"40647","city":"築上町","lat":33.5080238,"lon":130.9879368,"areaKm2":0.00523,"populated2020":false,"population2020":null,"populationNote":"境界またぎ・原典収録外のため自治体内人口は未集計"},"geometry":{"type":"Polygon","coordinates":[[[130.988784475,33.508333333],[130.988222218,33.507928613],[130.9875,33.50766999219721],[130.9875,33.50833333333333],[130.988784475,33.508333333]]]}},{"type":"Feature","id":"40647:503027181","properties":{"id":"40647:503027181","meshCode":"503027181","cityCode":"40647","city":"築上町","lat":33.5104167,"lon":130.978125,"areaKm2":0.127057,"populated2020":false,"population2020":null,"populationNote":"境界またぎ・原典収録外のため自治体内人口は未集計"},"geometry":{"type":"Polygon","coordinates":[[[130.98125,33.508663378510995],[130.980466394,33.509509441],[130.979514163,33.509745],[130.978597497,33.51012582900001],[130.97660917,33.51115305399999],[130.975833606,33.511900829000005],[130.975736394,33.512288892],[130.97545312091194,33.5125],[130.98125,33.51250000000001],[130.98125,33.508663378510995]]]}},{"type":"Feature","id":"40647:503027182","properties":{"id":"40647:503027182","meshCode":"503027182","cityCode":"40647","city":"築上町","lat":33.5104167,"lon":130.984375,"areaKm2":0.2680114,"populated2020":false,"population2020":null,"populationNote":"境界またぎ・原典収録外のため自治体内人口は未集計"},"geometry":{"type":"Polygon","coordinates":[[[130.98139250291064,33.50833333333334],[130.98125,33.508663378510995],[130.98125,33.51250000000001],[130.9875,33.51250000000001],[130.9875,33.50833333333333],[130.98139250291064,33.50833333333334]]]}},{"type":"Feature","id":"40647:503027191","properties":{"id":"40647:503027191","meshCode":"503027191","cityCode":"40647","city":"築上町","lat":33.5102754,"lon":130.9889202,"areaKm2":0.1211319,"populated2020":false,"population2020":null,"populationNote":"境界またぎ・原典収録外のため自治体内人口は未集計"},"geometry":{"type":"Polygon","coordinates":[[[130.991026939,33.512349162],[130.990683606,33.510842225000005],[130.990229442,33.51011277500001],[130.98995166,33.509140559],[130.98878447536188,33.50833333333334],[130.9875,33.50833333333333],[130.9875,33.51250000000001],[130.99098221070685,33.512499999999996],[130.991026939,33.512349162]]]}},{"type":"Feature","id":"40647:503027174","properties":{"id":"40647:503027174","meshCode":"503027174","cityCode":"40647","city":"築上町","lat":33.5148579,"lon":130.9743038,"areaKm2":0.0686185,"populated2020":false,"population2020":null,"populationNote":"境界またぎ・原典収録外のため自治体内人口は未集計"},"geometry":{"type":"Polygon","coordinates":[[[130.974943061,33.513189161999996],[130.974149728,33.51404749500001],[130.973438327,33.515097775],[130.972477782,33.515644721],[130.972310272,33.51565166700001],[130.971869728,33.515478613],[130.971331946,33.515915],[130.971173333,33.516254162],[130.9711182750445,33.516666666666666],[130.975,33.516666666666666],[130.975,33.513038468],[130.974943061,33.513189161999996]]]}},{"type":"Feature","id":"40647:503027183","properties":{"id":"40647:503027183","meshCode":"503027183","cityCode":"40647","city":"築上町","lat":33.5145833,"lon":130.978125,"areaKm2":0.267388,"populated2020":false,"population2020":null,"populationNote":"境界またぎ・原典収録外のため自治体内人口は未集計"},"geometry":{"type":"Polygon","coordinates":[[[130.975225279,33.512662774999995],[130.975,33.513038468],[130.975,33.516666666666666],[130.98125,33.51666666666667],[130.98125,33.51250000000001],[130.97545312091194,33.5125],[130.975225279,33.512662774999995]]]}},{"type":"Feature","id":"40647:503027184","properties":{"id":"40647:503027184","meshCode":"503027184","cityCode":"40647","city":"築上町","lat":33.5145833,"lon":130.984375,"areaKm2":0.2682966,"populated2020":false,"population2020":null,"populationNote":"境界またぎ・原典収録外のため自治体内人口は未集計"},"geometry":{"type":"Polygon","coordinates":[[[130.98125,33.51250000000001],[130.98125,33.51666666666667],[130.9875,33.516666666666666],[130.9875,33.51250000000001],[130.98125,33.51250000000001]]]}},{"type":"Feature","id":"40647:503027193","properties":{"id":"40647:503027193","meshCode":"503027193","cityCode":"40647","city":"築上町","lat":33.5145833,"lon":130.990625,"areaKm2":0.1474698,"populated2020":false,"population2020":null,"populationNote":"境界またぎ・原典収録外のため自治体内人口は未集計"},"geometry":{"type":"Polygon","coordinates":[[[130.99048975416528,33.516666666666666],[130.991127224,33.51513777499999],[130.99116778200002,33.51473333300001],[130.990804721,33.51313416200001],[130.99098221070685,33.512499999999996],[130.9875,33.51250000000001],[130.9875,33.516666666666666],[130.99048975416528,33.516666666666666]]]}},{"type":"Feature","id":"40647:503027271","properties":{"id":"40647:503027271","meshCode":"503027271","cityCode":"40647","city":"築上町","lat":33.5196836,"lon":130.9687135,"areaKm2":0.0071894,"populated2020":false,"population2020":null,"populationNote":"境界またぎ・原典収録外のため自治体内人口は未集計"},"geometry":{"type":"Polygon","coordinates":[[[130.968645279,33.51885582900001],[130.968716667,33.519600559000004],[130.968108327,33.520306667],[130.9678329680045,33.52083333333334],[130.96875000000003,33.520833333333336],[130.96875000000003,33.51867207017549],[130.968645279,33.51885582900001]]]}},{"type":"Feature","id":"40647:503027272","properties":{"id":"40647:503027272","meshCode":"503027272","cityCode":"40647","city":"築上町","lat":33.51875,"lon":130.971875,"areaKm2":0.2419067,"populated2020":false,"population2020":null,"populationNote":"境界またぎ・原典収録外のため自治体内人口は未集計"},"geometry":{"type":"Polygon","coordinates":[[[130.971118275,33.516666667],[130.971005837,33.51692610799999],[130.970423891,33.517410559000005],[130.969773606,33.517775279],[130.969385551,33.518294721],[130.96875000000003,33.51867207017549],[130.96875000000003,33.520833333333336],[130.975,33.52083333333334],[130.975,33.516666666666666],[130.971118275,33.516666667]]]}},{"type":"Feature","id":"40647:503027281","properties":{"id":"40647:503027281","meshCode":"503027281","cityCode":"40647","city":"築上町","lat":33.51875,"lon":130.978125,"areaKm2":0.2682839,"populated2020":false,"population2020":null,"populationNote":"境界またぎ・原典収録外のため自治体内人口は未集計"},"geometry":{"type":"Polygon","coordinates":[[[130.975,33.516666666666666],[130.975,33.52083333333334],[130.98125,33.52083333333335],[130.98125,33.51666666666667],[130.975,33.516666666666666]]]}},{"type":"Feature","id":"40647:503027282","properties":{"id":"40647:503027282","meshCode":"503027282","cityCode":"40647","city":"築上町","lat":33.51875,"lon":130.984375,"areaKm2":0.2682839,"populated2020":false,"population2020":null,"populationNote":"境界またぎ・原典収録外のため自治体内人口は未集計"},"geometry":{"type":"Polygon","coordinates":[[[130.98125,33.51666666666667],[130.98125,33.52083333333335],[130.9875,33.52083333333334],[130.9875,33.516666666666666],[130.98125,33.51666666666667]]]}},{"type":"Feature","id":"40647:503027291","properties":{"id":"40647:503027291","meshCode":"503027291","cityCode":"40647","city":"築上町","lat":33.5186062,"lon":130.9889151,"areaKm2":0.1359484,"populated2020":false,"population2020":null,"populationNote":"境界またぎ・原典収録外のため自治体内人口は未集計"},"geometry":{"type":"Polygon","coordinates":[[[130.9918701977874,33.520833333333336],[130.991480558,33.520206946],[130.990683061,33.51946916200001],[130.990632776,33.519175829],[130.990269728,33.51844110799999],[130.990158612,33.517426108],[130.99048975416528,33.516666666666666],[130.9875,33.516666666666666],[130.9875,33.52083333333334],[130.9918701977874,33.520833333333336]]]}},{"type":"Feature","id":"40647:503027273","properties":{"id":"40647:503027273","meshCode":"503027273","cityCode":"40647","city":"築上町","lat":33.5229933,"lon":130.9684887,"areaKm2":0.0393261,"populated2020":false,"population2020":null,"populationNote":"境界またぎ・原典収録外のため自治体内人口は未集計"},"geometry":{"type":"Polygon","coordinates":[[[130.967729442,33.521103054],[130.967764721,33.52198582900001],[130.968064449,33.522394441],[130.968372776,33.523633892],[130.968337497,33.52372389200001],[130.967694163,33.524111667],[130.967112503,33.52459638700001],[130.967007665,33.525],[130.96875000000003,33.525],[130.96875000000003,33.520833333333336],[130.9678329680045,33.52083333333334],[130.967729442,33.521103054]]]}},{"type":"Feature","id":"40647:503027274","properties":{"id":"40647:503027274","meshCode":"503027274","cityCode":"40647","city":"築上町","lat":33.5229167,"lon":130.971875,"areaKm2":0.2682713,"populated2020":false,"population2020":null,"populationNote":"境界またぎ・原典収録外のため自治体内人口は未集計"},"geometry":{"type":"Polygon","coordinates":[[[130.96875000000003,33.520833333333336],[130.96875000000003,33.525],[130.975,33.525000000000006],[130.975,33.52083333333334],[130.96875000000003,33.520833333333336]]]}},{"type":"Feature","id":"40647:503027283","properties":{"id":"40647:503027283","meshCode":"503027283","cityCode":"40647","city":"築上町","lat":33.5229167,"lon":130.978125,"areaKm2":0.2682713,"populated2020":false,"population2020":null,"populationNote":"境界またぎ・原典収録外のため自治体内人口は未集計"},"geometry":{"type":"Polygon","coordinates":[[[130.975,33.52083333333334],[130.975,33.525000000000006],[130.98125,33.525000000000006],[130.98125,33.52083333333335],[130.975,33.52083333333334]]]}},{"type":"Feature","id":"40647:503027284","properties":{"id":"40647:503027284","meshCode":"503027284","cityCode":"40647","city":"築上町","lat":33.5229167,"lon":130.984375,"areaKm2":0.2682712,"populated2020":false,"population2020":null,"populationNote":"境界またぎ・原典収録外のため自治体内人口は未集計"},"geometry":{"type":"Polygon","coordinates":[[[130.98125,33.52083333333335],[130.98125,33.525000000000006],[130.9875,33.525],[130.9875,33.52083333333334],[130.98125,33.52083333333335]]]}},{"type":"Feature","id":"40647:503027293","properties":{"id":"40647:503027293","meshCode":"503027293","cityCode":"40647","city":"築上町","lat":33.5229167,"lon":130.990625,"areaKm2":0.2304055,"populated2020":false,"population2020":null,"populationNote":"境界またぎ・原典収録外のため自治体内人口は未集計"},"geometry":{"type":"Polygon","coordinates":[[[130.993729728,33.524594441000005],[130.992861388,33.52323027900001],[130.99280083,33.522699162],[130.9918701977874,33.520833333333336],[130.9875,33.52083333333334],[130.9875,33.525],[130.99375,33.525],[130.993729728,33.524594441000005]]]}},{"type":"Feature","id":"40647:503027294","properties":{"id":"40647:503027294","meshCode":"503027294","cityCode":"40647","city":"築上町","lat":33.5247831,"lon":130.9937651,"areaKm2":0.000137,"populated2020":false,"population2020":null,"populationNote":"境界またぎ・原典収録外のため自治体内人口は未集計"},"geometry":{"type":"Polygon","coordinates":[[[130.993814643,33.525],[130.99375,33.524670296899096],[130.99375,33.525],[130.993814643,33.525]]]}},{"type":"Feature","id":"40647:503027371","properties":{"id":"40647:503027371","meshCode":"503027371","cityCode":"40647","city":"築上町","lat":33.5270757,"lon":130.9672534,"areaKm2":0.1136613,"populated2020":false,"population2020":null,"populationNote":"境界またぎ・原典収録外のため自治体内人口は未集計"},"geometry":{"type":"Polygon","coordinates":[[[130.965783333,33.526414161999995],[130.965694994,33.52696833299999],[130.965979728,33.52756055900001],[130.966108885,33.528489721],[130.96575182621547,33.52916666666667],[130.96875000000003,33.52916666666667],[130.96875000000003,33.525],[130.967007665,33.525],[130.966338612,33.52590166700001],[130.965783333,33.526414161999995]]]}},{"type":"Feature","id":"40647:503027372","properties":{"id":"40647:503027372","meshCode":"503027372","cityCode":"40647","city":"築上町","lat":33.5270833,"lon":130.971875,"areaKm2":0.2682586,"populated2020":false,"population2020":null,"populationNote":"境界またぎ・原典収録外のため自治体内人口は未集計"},"geometry":{"type":"Polygon","coordinates":[[[130.96875000000003,33.525],[130.96875000000003,33.52916666666667],[130.975,33.52916666666668],[130.975,33.525000000000006],[130.96875000000003,33.525]]]}},{"type":"Feature","id":"40647:503027381","properties":{"id":"40647:503027381","meshCode":"503027381","cityCode":"40647","city":"築上町","lat":33.5270833,"lon":130.978125,"areaKm2":0.2682586,"populated2020":false,"population2020":null,"populationNote":"境界またぎ・原典収録外のため自治体内人口は未集計"},"geometry":{"type":"Polygon","coordinates":[[[130.975,33.525000000000006],[130.975,33.52916666666668],[130.98125,33.52916666666667],[130.98125,33.525000000000006],[130.975,33.525000000000006]]]}},{"type":"Feature","id":"40647:503027382","properties":{"id":"40647:503027382","meshCode":"503027382","cityCode":"40647","city":"築上町","lat":33.5270833,"lon":130.984375,"areaKm2":0.2682586,"populated2020":false,"population2020":null,"populationNote":"境界またぎ・原典収録外のため自治体内人口は未集計"},"geometry":{"type":"Polygon","coordinates":[[[130.98125,33.525000000000006],[130.98125,33.52916666666667],[130.9875,33.52916666666667],[130.9875,33.525],[130.98125,33.525000000000006]]]}},{"type":"Feature","id":"40647:503027391","properties":{"id":"40647:503027391","meshCode":"503027391","cityCode":"40647","city":"築上町","lat":33.5270833,"lon":130.990625,"areaKm2":0.2682585,"populated2020":false,"population2020":null,"populationNote":"境界またぎ・原典収録外のため自治体内人口は未集計"},"geometry":{"type":"Polygon","coordinates":[[[130.9875,33.525],[130.9875,33.52916666666667],[130.99375,33.52916666666667],[130.99375,33.525],[130.9875,33.525]]]}},{"type":"Feature","id":"40647:503027392","properties":{"id":"40647:503027392","meshCode":"503027392","cityCode":"40647","city":"築上町","lat":33.5272049,"lon":130.994176,"areaKm2":0.0539568,"populated2020":false,"population2020":null,"populationNote":"境界またぎ・原典収録外のため自治体内人口は未集計"},"geometry":{"type":"Polygon","coordinates":[[[130.99715711839917,33.52916666666666],[130.996453891,33.528411387000006],[130.996060272,33.528221108],[130.995555551,33.527816666999996],[130.995020272,33.527626387],[130.994475837,33.527081946],[130.994173061,33.52609833300001],[130.993779728,33.525456387000006],[130.993814643,33.525],[130.99375,33.525],[130.99375,33.52916666666667],[130.99715711839917,33.52916666666666]]]}},{"type":"Feature","id":"40647:503027373","properties":{"id":"40647:503027373","meshCode":"503027373","cityCode":"40647","city":"築上町","lat":33.5311642,"lon":130.9675243,"areaKm2":0.1094234,"populated2020":false,"population2020":null,"populationNote":"境界またぎ・原典収録外のため自治体内人口は未集計"},"geometry":{"type":"Polygon","coordinates":[[[130.965747497,33.529175279],[130.965685837,33.529395],[130.965976939,33.530094162],[130.966047497,33.530835279],[130.966637224,33.531574162],[130.966663606,33.531761108000005],[130.966601946,33.53224582899999],[130.966065551,33.533184440999996],[130.96607319101736,33.53333333333333],[130.96875000000003,33.53333333333334],[130.96875000000003,33.52916666666667],[130.965747497,33.529175279]]]}},{"type":"Feature","id":"40647:503027374","properties":{"id":"40647:503027374","meshCode":"503027374","cityCode":"40647","city":"築上町","lat":33.53125,"lon":130.971875,"areaKm2":0.2682459,"populated2020":false,"population2020":null,"populationNote":"境界またぎ・原典収録外のため自治体内人口は未集計"},"geometry":{"type":"Polygon","coordinates":[[[130.96875000000003,33.52916666666667],[130.96875000000003,33.53333333333334],[130.975,33.53333333333333],[130.975,33.52916666666668],[130.96875000000003,33.52916666666667]]]}},{"type":"Feature","id":"40647:503027383","properties":{"id":"40647:503027383","meshCode":"503027383","cityCode":"40647","city":"築上町","lat":33.53125,"lon":130.978125,"areaKm2":0.2682459,"populated2020":false,"population2020":null,"populationNote":"境界またぎ・原典収録外のため自治体内人口は未集計"},"geometry":{"type":"Polygon","coordinates":[[[130.975,33.52916666666668],[130.975,33.53333333333333],[130.98125,33.53333333333333],[130.98125,33.52916666666667],[130.975,33.52916666666668]]]}},{"type":"Feature","id":"40647:503027384","properties":{"id":"40647:503027384","meshCode":"503027384","cityCode":"40647","city":"築上町","lat":33.53125,"lon":130.984375,"areaKm2":0.2682459,"populated2020":false,"population2020":null,"populationNote":"境界またぎ・原典収録外のため自治体内人口は未集計"},"geometry":{"type":"Polygon","coordinates":[[[130.98125,33.52916666666667],[130.98125,33.53333333333333],[130.9875,33.53333333333333],[130.9875,33.52916666666667],[130.98125,33.52916666666667]]]}},{"type":"Feature","id":"40647:503027393","properties":{"id":"40647:503027393","meshCode":"503027393","cityCode":"40647","city":"築上町","lat":33.53125,"lon":130.990625,"areaKm2":0.2682459,"populated2020":false,"population2020":null,"populationNote":"境界またぎ・原典収録外のため自治体内人口は未集計"},"geometry":{"type":"Polygon","coordinates":[[[130.9875,33.52916666666667],[130.9875,33.53333333333333],[130.99375,33.53333333333333],[130.99375,33.52916666666667],[130.9875,33.52916666666667]]]}},{"type":"Feature","id":"40647:503027394","properties":{"id":"40647:503027394","meshCode":"503027394","cityCode":"40647","city":"築上町","lat":33.53125,"lon":130.996875,"areaKm2":0.199394,"populated2020":false,"population2020":null,"populationNote":"境界またぎ・原典収録外のため自治体内人口は未集計"},"geometry":{"type":"Polygon","coordinates":[[[131.0,33.533028586],[130.999312503,33.532612225],[130.999183891,33.531961108],[130.997623061,33.53068555899999],[130.997391946,33.53024138699999],[130.99715711839917,33.52916666666666],[130.99375,33.52916666666667],[130.99375,33.53333333333333],[131.0,33.53333333333333],[131.0,33.533028586]]]}},{"type":"Feature","id":"40647:503120303","properties":{"id":"40647:503120303","meshCode":"503120303","cityCode":"40647","city":"築上町","lat":33.5331621,"lon":131.0014641,"areaKm2":0.0064403,"populated2020":false,"population2020":null,"populationNote":"境界またぎ・原典収録外のため自治体内人口は未集計"},"geometry":{"type":"Polygon","coordinates":[[[131.002353476,33.533333333],[131.002184163,33.53305],[131.00197,33.532971387],[131.00121277600002,33.532993613],[131.00055555100002,33.533184440999996],[131.000312776,33.533184441],[131.0,33.533028586],[131.0,33.53333333333333],[131.002353476,33.533333333]]]}},{"type":"Feature","id":"40647:503027471","properties":{"id":"40647:503027471","meshCode":"503027471","cityCode":"40647","city":"築上町","lat":33.5352964,"lon":130.9672271,"areaKm2":0.1250506,"populated2020":false,"population2020":null,"populationNote":"境界またぎ・原典収録外のため自治体内人口は未集計"},"geometry":{"type":"Polygon","coordinates":[[[130.966074449,33.53335749499999],[130.965862776,33.533890829],[130.965316394,33.534285559],[130.965254721,33.534472495],[130.965298612,33.53465249500001],[130.965571946,33.534887775],[130.96566,33.53508166699999],[130.965959442,33.536006108],[130.966056394,33.53673305400001],[130.9663386720187,33.53750000000001],[130.96875000000003,33.53750000000001],[130.96875000000003,33.53333333333334],[130.966074449,33.53335749499999]]]}},{"type":"Feature","id":"40647:503027472","properties":{"id":"40647:503027472","meshCode":"503027472","cityCode":"40647","city":"築上町","lat":33.5354167,"lon":130.971875,"areaKm2":0.2682332,"populated2020":false,"population2020":null,"populationNote":"境界またぎ・原典収録外のため自治体内人口は未集計"},"geometry":{"type":"Polygon","coordinates":[[[130.96875000000003,33.53333333333334],[130.96875000000003,33.53750000000001],[130.975,33.5375],[130.975,33.53333333333333],[130.96875000000003,33.53333333333334]]]}},{"type":"Feature","id":"40647:503027481","properties":{"id":"40647:503027481","meshCode":"503027481","cityCode":"40647","city":"築上町","lat":33.5354167,"lon":130.978125,"areaKm2":0.2682332,"populated2020":false,"population2020":null,"populationNote":"境界またぎ・原典収録外のため自治体内人口は未集計"},"geometry":{"type":"Polygon","coordinates":[[[130.975,33.53333333333333],[130.975,33.5375],[130.98125,33.5375],[130.98125,33.53333333333333],[130.975,33.53333333333333]]]}},{"type":"Feature","id":"40647:503027482","properties":{"id":"40647:503027482","meshCode":"503027482","cityCode":"40647","city":"築上町","lat":33.5354167,"lon":130.984375,"areaKm2":0.2682332,"populated2020":false,"population2020":null,"populationNote":"境界またぎ・原典収録外のため自治体内人口は未集計"},"geometry":{"type":"Polygon","coordinates":[[[130.98125,33.53333333333333],[130.98125,33.5375],[130.9875,33.5375],[130.9875,33.53333333333333],[130.98125,33.53333333333333]]]}},{"type":"Feature","id":"40647:503027491","properties":{"id":"40647:503027491","meshCode":"503027491","cityCode":"40647","city":"築上町","lat":33.5354167,"lon":130.990625,"areaKm2":0.2682332,"populated2020":false,"population2020":null,"populationNote":"境界またぎ・原典収録外のため自治体内人口は未集計"},"geometry":{"type":"Polygon","coordinates":[[[130.9875,33.53333333333333],[130.9875,33.5375],[130.99375,33.53750000000001],[130.99375,33.53333333333333],[130.9875,33.53333333333333]]]}},{"type":"Feature","id":"40647:503027492","properties":{"id":"40647:503027492","meshCode":"503027492","cityCode":"40647","city":"築上町","lat":33.5354167,"lon":130.996875,"areaKm2":0.2682332,"populated2020":false,"population2020":null,"populationNote":"境界またぎ・原典収録外のため自治体内人口は未集計"},"geometry":{"type":"Polygon","coordinates":[[[130.99375,33.53333333333333],[130.99375,33.53750000000001],[131.0,33.5375],[131.0,33.53333333333333],[130.99375,33.53333333333333]]]}},{"type":"Feature","id":"40647:503120401","properties":{"id":"40647:503120401","meshCode":"503120401","cityCode":"40647","city":"築上町","lat":33.5354167,"lon":131.003125,"areaKm2":0.2049718,"populated2020":false,"population2020":null,"populationNote":"境界またぎ・原典収録外のため自治体内人口は未集計"},"geometry":{"type":"Polygon","coordinates":[[[131.00625,33.53630672881323],[131.005879728,33.536193613],[131.005165279,33.535744441],[131.00441,33.53476472100001],[131.004110272,33.53449527899999],[131.002917224,33.53399027899999],[131.002645837,33.53376555900001],[131.0023534761992,33.53333333333333],[131.0,33.53333333333333],[131.0,33.5375],[131.00625,33.53750000000001],[131.00625,33.53630672881323]]]}},{"type":"Feature","id":"40647:503120402","properties":{"id":"40647:503120402","meshCode":"503120402","cityCode":"40647","city":"築上町","lat":33.5369849,"lon":131.0069471,"areaKm2":0.0149028,"populated2020":false,"population2020":null,"populationNote":"境界またぎ・原典収録外のため自治体内人口は未集計"},"geometry":{"type":"Polygon","coordinates":[[[131.008414449,33.537488054],[131.007971388,33.537454162],[131.007908612,33.53723749499999],[131.007108612,33.536563892],[131.00625,33.53630672881323],[131.00625,33.53750000000001],[131.008414449,33.537488054]]]}},{"type":"Feature","id":"40647:503027473","properties":{"id":"40647:503027473","meshCode":"503027473","cityCode":"40647","city":"築上町","lat":33.5395833,"lon":130.965625,"areaKm2":0.1276184,"populated2020":false,"population2020":null,"populationNote":"境界またぎ・原典収録外のため自治体内人口は未集計"},"geometry":{"type":"Polygon","coordinates":[[[130.966408885,33.537820279],[130.966664721,33.538069441],[130.96671749700002,33.538228892],[130.965907782,33.53891722499999],[130.96558166,33.539478054],[130.965387497,33.540163613000004],[130.96527577201599,33.54166666666667],[130.96875000000003,33.54166666666667],[130.96875000000003,33.53750000000001],[130.9663386720187,33.53750000000001],[130.966408885,33.537820279]]]}},{"type":"Feature","id":"40647:503027474","properties":{"id":"40647:503027474","meshCode":"503027474","cityCode":"40647","city":"築上町","lat":33.5395833,"lon":130.971875,"areaKm2":0.2682205,"populated2020":false,"population2020":null,"populationNote":"境界またぎ・原典収録外のため自治体内人口は未集計"},"geometry":{"type":"Polygon","coordinates":[[[130.96875000000003,33.53750000000001],[130.96875000000003,33.54166666666667],[130.975,33.541666666666664],[130.975,33.5375],[130.96875000000003,33.53750000000001]]]}},{"type":"Feature","id":"40647:503027483","properties":{"id":"40647:503027483","meshCode":"503027483","cityCode":"40647","city":"築上町","lat":33.5395833,"lon":130.978125,"areaKm2":0.2682205,"populated2020":true,"population2020":1.0,"populationNote":"2020年基準の国交省調整値"},"geometry":{"type":"Polygon","coordinates":[[[130.975,33.5375],[130.975,33.541666666666664],[130.98125,33.541666666666664],[130.98125,33.5375],[130.975,33.5375]]]}},{"type":"Feature","id":"40647:503027484","properties":{"id":"40647:503027484","meshCode":"503027484","cityCode":"40647","city":"築上町","lat":33.5395833,"lon":130.984375,"areaKm2":0.2682205,"populated2020":true,"population2020":2.0097,"populationNote":"2020年基準の国交省調整値"},"geometry":{"type":"Polygon","coordinates":[[[130.98125,33.5375],[130.98125,33.541666666666664],[130.9875,33.541666666666664],[130.9875,33.5375],[130.98125,33.5375]]]}},{"type":"Feature","id":"40647:503027493","properties":{"id":"40647:503027493","meshCode":"503027493","cityCode":"40647","city":"築上町","lat":33.5395833,"lon":130.990625,"areaKm2":0.2682205,"populated2020":false,"population2020":null,"populationNote":"境界またぎ・原典収録外のため自治体内人口は未集計"},"geometry":{"type":"Polygon","coordinates":[[[130.9875,33.5375],[130.9875,33.541666666666664],[130.99375,33.541666666666664],[130.99375,33.53750000000001],[130.9875,33.5375]]]}},{"type":"Feature","id":"40647:503027494","properties":{"id":"40647:503027494","meshCode":"503027494","cityCode":"40647","city":"築上町","lat":33.5395833,"lon":130.996875,"areaKm2":0.2682205,"populated2020":false,"population2020":null,"populationNote":"境界またぎ・原典収録外のため自治体内人口は未集計"},"geometry":{"type":"Polygon","coordinates":[[[130.99375,33.53750000000001],[130.99375,33.541666666666664],[131.0,33.541666666666664],[131.0,33.5375],[130.99375,33.53750000000001]]]}},{"type":"Feature","id":"40647:503120403","properties":{"id":"40647:503120403","meshCode":"503120403","cityCode":"40647","city":"築上町","lat":33.5395833,"lon":131.003125,"areaKm2":0.2682205,"populated2020":false,"population2020":null,"populationNote":"境界またぎ・原典収録外のため自治体内人口は未集計"},"geometry":{"type":"Polygon","coordinates":[[[131.0,33.5375],[131.0,33.541666666666664],[131.00625,33.541666666666664],[131.00625,33.53750000000001],[131.0,33.5375]]]}},{"type":"Feature","id":"40647:503120404","properties":{"id":"40647:503120404","meshCode":"503120404","cityCode":"40647","city":"築上町","lat":33.5395833,"lon":131.009375,"areaKm2":0.1551859,"populated2020":false,"population2020":null,"populationNote":"境界またぎ・原典収録外のため自治体内人口は未集計"},"geometry":{"type":"Polygon","coordinates":[[[131.009905551,33.541222775],[131.010162776,33.540818892],[131.01062,33.540358613],[131.010691388,33.54011166699999],[131.010185837,33.539193892],[131.00927166,33.53850916199999],[131.009057224,33.53794805399999],[131.0084282781467,33.5375],[131.00625,33.53750000000001],[131.00625,33.541666666666664],[131.009836278052,33.541666666666664],[131.009905551,33.541222775]]]}},{"type":"Feature","id":"40647:503027571","properties":{"id":"40647:503027571","meshCode":"503027571","cityCode":"40647","city":"築上町","lat":33.5436261,"lon":130.9674499,"areaKm2":0.109205,"populated2020":false,"population2020":null,"populationNote":"境界またぎ・原典収録外のため自治体内人口は未集計"},"geometry":{"type":"Polygon","coordinates":[[[130.965275772,33.541666667],[130.965237782,33.542126667],[130.965008612,33.542466108000006],[130.96507917,33.542819441],[130.96578416300002,33.543262495],[130.965960272,33.543477225],[130.966594994,33.54391361300001],[130.966727224,33.544155559],[130.966788885,33.544612775000004],[130.967405837,33.545525],[130.9680026403242,33.545833333333334],[130.96875000000003,33.545833333333334],[130.96875000000003,33.54166666666667],[130.965275772,33.541666667]]]}},{"type":"Feature","id":"40647:503027572","properties":{"id":"40647:503027572","meshCode":"503027572","cityCode":"40647","city":"築上町","lat":33.54375,"lon":130.971875,"areaKm2":0.2682078,"populated2020":false,"population2020":null,"populationNote":"境界またぎ・原典収録外のため自治体内人口は未集計"},"geometry":{"type":"Polygon","coordinates":[[[130.96875000000003,33.54166666666667],[130.96875000000003,33.545833333333334],[130.975,33.545833333333334],[130.975,33.541666666666664],[130.96875000000003,33.54166666666667]]]}},{"type":"Feature","id":"40647:503027581","properties":{"id":"40647:503027581","meshCode":"503027581","cityCode":"40647","city":"築上町","lat":33.54375,"lon":130.978125,"areaKm2":0.2682078,"populated2020":false,"population2020":null,"populationNote":"境界またぎ・原典収録外のため自治体内人口は未集計"},"geometry":{"type":"Polygon","coordinates":[[[130.975,33.541666666666664],[130.975,33.545833333333334],[130.98125,33.545833333333334],[130.98125,33.541666666666664],[130.975,33.541666666666664]]]}},{"type":"Feature","id":"40647:503027582","properties":{"id":"40647:503027582","meshCode":"503027582","cityCode":"40647","city":"築上町","lat":33.54375,"lon":130.984375,"areaKm2":0.2682078,"populated2020":true,"population2020":4.0052,"populationNote":"2020年基準の国交省調整値"},"geometry":{"type":"Polygon","coordinates":[[[130.98125,33.541666666666664],[130.98125,33.545833333333334],[130.9875,33.545833333333334],[130.9875,33.541666666666664],[130.98125,33.541666666666664]]]}},{"type":"Feature","id":"40647:503027591","properties":{"id":"40647:503027591","meshCode":"503027591","cityCode":"40647","city":"築上町","lat":33.54375,"lon":130.990625,"areaKm2":0.2682078,"populated2020":false,"population2020":null,"populationNote":"境界またぎ・原典収録外のため自治体内人口は未集計"},"geometry":{"type":"Polygon","coordinates":[[[130.9875,33.541666666666664],[130.9875,33.545833333333334],[130.99375,33.545833333333334],[130.99375,33.541666666666664],[130.9875,33.541666666666664]]]}},{"type":"Feature","id":"40647:503027592","properties":{"id":"40647:503027592","meshCode":"503027592","cityCode":"40647","city":"築上町","lat":33.54375,"lon":130.996875,"areaKm2":0.2682078,"populated2020":false,"population2020":null,"populationNote":"境界またぎ・原典収録外のため自治体内人口は未集計"},"geometry":{"type":"Polygon","coordinates":[[[130.99375,33.541666666666664],[130.99375,33.545833333333334],[131.0,33.545833333333334],[131.0,33.541666666666664],[130.99375,33.541666666666664]]]}},{"type":"Feature","id":"40647:503120501","properties":{"id":"40647:503120501","meshCode":"503120501","cityCode":"40647","city":"築上町","lat":33.54375,"lon":131.003125,"areaKm2":0.2682078,"populated2020":false,"population2020":null,"populationNote":"境界またぎ・原典収録外のため自治体内人口は未集計"},"geometry":{"type":"Polygon","coordinates":[[[131.0,33.541666666666664],[131.0,33.545833333333334],[131.00625,33.545833333333334],[131.00625,33.541666666666664],[131.0,33.541666666666664]]]}},{"type":"Feature","id":"40647:503120502","properties":{"id":"40647:503120502","meshCode":"503120502","cityCode":"40647","city":"築上町","lat":33.54375,"lon":131.009375,"areaKm2":0.1464233,"populated2020":false,"population2020":null,"populationNote":"境界またぎ・原典収録外のため自治体内人口は未集計"},"geometry":{"type":"Polygon","coordinates":[[[131.0099940757924,33.545833333333334],[131.009469728,33.543800559000005],[131.009669728,33.542150829],[131.009836278052,33.541666666666664],[131.00625,33.541666666666664],[131.00625,33.545833333333334],[131.0099940757924,33.545833333333334]]]}},{"type":"Feature","id":"40647:503027573","properties":{"id":"40647:503027573","meshCode":"503027573","cityCode":"40647","city":"築上町","lat":33.545925,"lon":130.968465,"areaKm2":0.0012843,"populated2020":false,"population2020":null,"populationNote":"境界またぎ・原典収録外のため自治体内人口は未集計"},"geometry":{"type":"Polygon","coordinates":[[[130.9680026403242,33.545833333333334],[130.96875000000003,33.54611968862415],[130.96875000000003,33.545833333333334],[130.9680026403242,33.545833333333334]]]}},{"type":"Feature","id":"40647:503027574","properties":{"id":"40647:503027574","meshCode":"503027574","cityCode":"40647","city":"築上町","lat":33.5479167,"lon":130.971875,"areaKm2":0.2355506,"populated2020":false,"population2020":null,"populationNote":"境界またぎ・原典収録外のため自治体内人口は未集計"},"geometry":{"type":"Polygon","coordinates":[[[130.96875000000003,33.54611968862415],[130.969711388,33.546207495000004],[130.969958327,33.546387495],[130.970205279,33.54707972100001],[130.969253061,33.548423333],[130.969103333,33.549032495],[130.969314449,33.549403332999994],[130.969296667,33.549548892],[130.96897880700004,33.54999999999999],[130.975,33.54999999999999],[130.975,33.545833333333334],[130.96875000000003,33.545833333333334],[130.96875000000003,33.54611968862415]]]}},{"type":"Feature","id":"40647:503027583","properties":{"id":"40647:503027583","meshCode":"503027583","cityCode":"40647","city":"築上町","lat":33.5479167,"lon":130.978125,"areaKm2":0.2681951,"populated2020":false,"population2020":null,"populationNote":"境界またぎ・原典収録外のため自治体内人口は未集計"},"geometry":{"type":"Polygon","coordinates":[[[130.975,33.545833333333334],[130.975,33.54999999999999],[130.98125,33.54999999999999],[130.98125,33.545833333333334],[130.975,33.545833333333334]]]}},{"type":"Feature","id":"40647:503027584","properties":{"id":"40647:503027584","meshCode":"503027584","cityCode":"40647","city":"築上町","lat":33.5479167,"lon":130.984375,"areaKm2":0.2681951,"populated2020":true,"population2020":20.0868,"populationNote":"2020年基準の国交省調整値"},"geometry":{"type":"Polygon","coordinates":[[[130.98125,33.545833333333334],[130.98125,33.54999999999999],[130.9875,33.55],[130.9875,33.545833333333334],[130.98125,33.545833333333334]]]}},{"type":"Feature","id":"40647:503027593","properties":{"id":"40647:503027593","meshCode":"503027593","cityCode":"40647","city":"築上町","lat":33.5479167,"lon":130.990625,"areaKm2":0.2681951,"populated2020":true,"population2020":22.0334,"populationNote":"2020年基準の国交省調整値"},"geometry":{"type":"Polygon","coordinates":[[[130.9875,33.545833333333334],[130.9875,33.55],[130.99375,33.54999999999999],[130.99375,33.545833333333334],[130.9875,33.545833333333334]]]}},{"type":"Feature","id":"40647:503027594","properties":{"id":"40647:503027594","meshCode":"503027594","cityCode":"40647","city":"築上町","lat":33.5479167,"lon":130.996875,"areaKm2":0.2681951,"populated2020":false,"population2020":null,"populationNote":"境界またぎ・原典収録外のため自治体内人口は未集計"},"geometry":{"type":"Polygon","coordinates":[[[130.99375,33.545833333333334],[130.99375,33.54999999999999],[131.0,33.55],[131.0,33.545833333333334],[130.99375,33.545833333333334]]]}},{"type":"Feature","id":"40647:503120503","properties":{"id":"40647:503120503","meshCode":"503120503","cityCode":"40647","city":"築上町","lat":33.5479167,"lon":131.003125,"areaKm2":0.2681951,"populated2020":false,"population2020":null,"populationNote":"境界またぎ・原典収録外のため自治体内人口は未集計"},"geometry":{"type":"Polygon","coordinates":[[[131.0,33.545833333333334],[131.0,33.55],[131.00625,33.54999999999999],[131.00625,33.545833333333334],[131.0,33.545833333333334]]]}},{"type":"Feature","id":"40647:503120504","properties":{"id":"40647:503120504","meshCode":"503120504","cityCode":"40647","city":"築上町","lat":33.5479167,"lon":131.009375,"areaKm2":0.2207961,"populated2020":false,"population2020":null,"populationNote":"境界またぎ・原典収録外のため自治体内人口は未集計"},"geometry":{"type":"Polygon","coordinates":[[[131.011946394,33.549467494999995],[131.012060558,33.549142225],[131.012217782,33.548985],[131.01184722400004,33.548112225],[131.011261388,33.547820559],[131.011118327,33.547292775],[131.010832776,33.546742775],[131.010203891,33.546148054],[131.0099940757924,33.545833333333334],[131.00625,33.545833333333334],[131.00625,33.54999999999999],[131.012149883,33.55],[131.011946394,33.549467494999995]]]}},{"type":"Feature","id":"40647:503027672","properties":{"id":"40647:503027672","meshCode":"503027672","cityCode":"40647","city":"築上町","lat":33.5520833,"lon":130.971875,"areaKm2":0.2131227,"populated2020":false,"population2020":null,"populationNote":"境界またぎ・原典収録外のため自治体内人口は未集計"},"geometry":{"type":"Polygon","coordinates":[[[130.96897880700004,33.54999999999999],[130.968785551,33.55037305399999],[130.968864721,33.550573892],[130.969649442,33.55130749500001],[130.970477224,33.552254441],[130.970538885,33.55275999999999],[130.970812218,33.55325833300001],[130.970706394,33.554003054],[130.97078970086193,33.55416666666667],[130.975,33.55416666666666],[130.975,33.54999999999999],[130.96897880700004,33.54999999999999]]]}},{"type":"Feature","id":"40647:503027681","properties":{"id":"40647:503027681","meshCode":"503027681","cityCode":"40647","city":"築上町","lat":33.5520833,"lon":130.978125,"areaKm2":0.2681824,"populated2020":false,"population2020":null,"populationNote":"境界またぎ・原典収録外のため自治体内人口は未集計"},"geometry":{"type":"Polygon","coordinates":[[[130.975,33.54999999999999],[130.975,33.55416666666666],[130.98125,33.554166666666674],[130.98125,33.54999999999999],[130.975,33.54999999999999]]]}},{"type":"Feature","id":"40647:503027682","properties":{"id":"40647:503027682","meshCode":"503027682","cityCode":"40647","city":"築上町","lat":33.5520833,"lon":130.984375,"areaKm2":0.2681824,"populated2020":true,"population2020":5.0135,"populationNote":"2020年基準の国交省調整値"},"geometry":{"type":"Polygon","coordinates":[[[130.98125,33.54999999999999],[130.98125,33.554166666666674],[130.9875,33.55416666666666],[130.9875,33.55],[130.98125,33.54999999999999]]]}},{"type":"Feature","id":"40647:503027691","properties":{"id":"40647:503027691","meshCode":"503027691","cityCode":"40647","city":"築上町","lat":33.5520833,"lon":130.990625,"areaKm2":0.2681824,"populated2020":true,"population2020":16.0072,"populationNote":"2020年基準の国交省調整値"},"geometry":{"type":"Polygon","coordinates":[[[130.9875,33.55],[130.9875,33.55416666666666],[130.99375,33.55416666666666],[130.99375,33.54999999999999],[130.9875,33.55]]]}},{"type":"Feature","id":"40647:503027692","properties":{"id":"40647:503027692","meshCode":"503027692","cityCode":"40647","city":"築上町","lat":33.5520833,"lon":130.996875,"areaKm2":0.2681824,"populated2020":false,"population2020":null,"populationNote":"境界またぎ・原典収録外のため自治体内人口は未集計"},"geometry":{"type":"Polygon","coordinates":[[[130.99375,33.54999999999999],[130.99375,33.55416666666666],[131.0,33.55416666666667],[131.0,33.55],[130.99375,33.54999999999999]]]}},{"type":"Feature","id":"40647:503120601","properties":{"id":"40647:503120601","meshCode":"503120601","cityCode":"40647","city":"築上町","lat":33.5520833,"lon":131.003125,"areaKm2":0.2681824,"populated2020":false,"population2020":null,"populationNote":"境界またぎ・原典収録外のため自治体内人口は未集計"},"geometry":{"type":"Polygon","coordinates":[[[131.0,33.55],[131.0,33.55416666666667],[131.00625,33.55416666666666],[131.00625,33.54999999999999],[131.0,33.55]]]}},{"type":"Feature","id":"40647:503120602","properties":{"id":"40647:503120602","meshCode":"503120602","cityCode":"40647","city":"築上町","lat":33.5520833,"lon":131.009375,"areaKm2":0.2582074,"populated2020":false,"population2020":null,"populationNote":"境界またぎ・原典収録外のため自治体内人口は未集計"},"geometry":{"type":"Polygon","coordinates":[[[131.0125,33.553883535225],[131.012017497,33.553425279],[131.011960272,33.552658892],[131.012117224,33.552153613],[131.0125,33.55185360291712],[131.0125,33.55066966440677],[131.012149883,33.55],[131.00625,33.54999999999999],[131.00625,33.55416666666666],[131.0125,33.55416666666666],[131.0125,33.553883535225]]]}},{"type":"Feature","id":"40647:503120611","properties":{"id":"40647:503120611","meshCode":"503120611","cityCode":"40647","city":"築上町","lat":33.5512671,"lon":131.0126551,"areaKm2":0.0027913,"populated2020":false,"population2020":null,"populationNote":"境界またぎ・原典収録外のため自治体内人口は未集計"},"geometry":{"type":"MultiPolygon","coordinates":[[[[131.0128118284412,33.55416666666666],[131.0125,33.553883535225],[131.0125,33.55416666666666],[131.0128118284412,33.55416666666666]]],[[[131.0125,33.55185360291712],[131.01283166,33.551458054],[131.01283166,33.551311946],[131.0125,33.55066966440677],[131.0125,33.55185360291712]]]]}},{"type":"Feature","id":"40647:503027674","properties":{"id":"40647:503027674","meshCode":"503027674","cityCode":"40647","city":"築上町","lat":33.5561807,"lon":130.9735408,"areaKm2":0.1313647,"populated2020":false,"population2020":null,"populationNote":"境界またぎ・原典収録外のため自治体内人口は未集計"},"geometry":{"type":"Polygon","coordinates":[[[130.97078970086193,33.55416666666667],[130.971120558,33.554681667],[130.971684721,33.55497249500001],[130.971764163,33.55565777499999],[130.972090272,33.55607333300001],[130.971992503,33.556679162],[130.97252166,33.557745559],[130.9726253050588,33.55833333333334],[130.975,33.558333333333344],[130.975,33.55416666666666],[130.97078970086193,33.55416666666667]]]}},{"type":"Feature","id":"40647:503027683","properties":{"id":"40647:503027683","meshCode":"503027683","cityCode":"40647","city":"築上町","lat":33.55625,"lon":130.978125,"areaKm2":0.2681697,"populated2020":false,"population2020":null,"populationNote":"境界またぎ・原典収録外のため自治体内人口は未集計"},"geometry":{"type":"Polygon","coordinates":[[[130.975,33.55416666666666],[130.975,33.558333333333344],[130.98125,33.55833333333334],[130.98125,33.554166666666674],[130.975,33.55416666666666]]]}},{"type":"Feature","id":"40647:503027684","properties":{"id":"40647:503027684","meshCode":"503027684","cityCode":"40647","city":"築上町","lat":33.55625,"lon":130.984375,"areaKm2":0.2681697,"populated2020":false,"population2020":null,"populationNote":"境界またぎ・原典収録外のため自治体内人口は未集計"},"geometry":{"type":"Polygon","coordinates":[[[130.98125,33.554166666666674],[130.98125,33.55833333333334],[130.9875,33.558333333333344],[130.9875,33.55416666666666],[130.98125,33.554166666666674]]]}},{"type":"Feature","id":"40647:503027693","properties":{"id":"40647:503027693","meshCode":"503027693","cityCode":"40647","city":"築上町","lat":33.55625,"lon":130.990625,"areaKm2":0.2681697,"populated2020":true,"population2020":14.0541,"populationNote":"2020年基準の国交省調整値"},"geometry":{"type":"Polygon","coordinates":[[[130.9875,33.55416666666666],[130.9875,33.558333333333344],[130.99375,33.558333333333344],[130.99375,33.55416666666666],[130.9875,33.55416666666666]]]}},{"type":"Feature","id":"40647:503027694","properties":{"id":"40647:503027694","meshCode":"503027694","cityCode":"40647","city":"築上町","lat":33.55625,"lon":130.996875,"areaKm2":0.2681697,"populated2020":true,"population2020":1.0,"populationNote":"2020年基準の国交省調整値"},"geometry":{"type":"Polygon","coordinates":[[[130.99375,33.55416666666666],[130.99375,33.558333333333344],[131.0,33.55833333333334],[131.0,33.55416666666667],[130.99375,33.55416666666666]]]}},{"type":"Feature","id":"40647:503120603","properties":{"id":"40647:503120603","meshCode":"503120603","cityCode":"40647","city":"築上町","lat":33.55625,"lon":131.003125,"areaKm2":0.2681697,"populated2020":false,"population2020":null,"populationNote":"境界またぎ・原典収録外のため自治体内人口は未集計"},"geometry":{"type":"Polygon","coordinates":[[[131.0,33.55416666666667],[131.0,33.55833333333334],[131.00625,33.558333333333344],[131.00625,33.55416666666666],[131.0,33.55416666666667]]]}},{"type":"Feature","id":"40647:503120604","properties":{"id":"40647:503120604","meshCode":"503120604","cityCode":"40647","city":"築上町","lat":33.55625,"lon":131.009375,"areaKm2":0.2681697,"populated2020":false,"population2020":null,"populationNote":"境界またぎ・原典収録外のため自治体内人口は未集計"},"geometry":{"type":"Polygon","coordinates":[[[131.00625,33.55416666666666],[131.00625,33.558333333333344],[131.0125,33.558333333333344],[131.0125,33.55416666666666],[131.00625,33.55416666666666]]]}},{"type":"Feature","id":"40647:503120613","properties":{"id":"40647:503120613","meshCode":"503120613","cityCode":"40647","city":"築上町","lat":33.5562329,"lon":131.0137152,"areaKm2":0.0995679,"populated2020":false,"population2020":null,"populationNote":"境界またぎ・原典収録外のため自治体内人口は未集計"},"geometry":{"type":"Polygon","coordinates":[[[131.015498029,33.558333333],[131.015380272,33.55783805400001],[131.015208612,33.557535],[131.01555166000003,33.557119721],[131.015623061,33.556648333],[131.015537224,33.556524721],[131.014937497,33.556255279],[131.014831388,33.555477775],[131.013974163,33.55474833299999],[131.013338885,33.55477222500001],[131.0128118284412,33.55416666666666],[131.0125,33.55416666666666],[131.0125,33.558333333333344],[131.015498029,33.558333333]]]}},{"type":"Feature","id":"40647:503027771","properties":{"id":"40647:503027771","meshCode":"503027771","cityCode":"40647","city":"築上町","lat":33.5622317,"lon":130.9682287,"areaKm2":0.0054013,"populated2020":false,"population2020":null,"populationNote":"境界またぎ・原典収録外のため自治体内人口は未集計"},"geometry":{"type":"Polygon","coordinates":[[[130.96875000000003,33.561953164711255],[130.967791115,33.562186667],[130.96742083,33.562422225],[130.96683027200004,33.562415279],[130.96658122683792,33.56250000000001],[130.96875000000003,33.56250000000001],[130.96875000000003,33.561953164711255]]]}},{"type":"Feature","id":"40647:503027772","properties":{"id":"40647:503027772","meshCode":"503027772","cityCode":"40647","city":"築上町","lat":33.5604689,"lon":130.9741153,"areaKm2":0.1442031,"populated2020":false,"population2020":null,"populationNote":"境界またぎ・原典収録外のため自治体内人口は未集計"},"geometry":{"type":"Polygon","coordinates":[[[130.9726253050588,33.55833333333334],[130.973155837,33.559442225],[130.973437497,33.559745279000005],[130.973596394,33.56032],[130.972036109,33.560874162000005],[130.97125166,33.560874162],[130.970916667,33.560922495],[130.970382503,33.561127225],[130.969827224,33.561189721000005],[130.969465837,33.56141110800001],[130.96941306100004,33.56162582900001],[130.969245551,33.561771108],[130.96875000000003,33.561953164711255],[130.96875000000003,33.56250000000001],[130.975,33.562500000000014],[130.975,33.558333333333344],[130.9726253050588,33.55833333333334]]]}},{"type":"Feature","id":"40647:503027781","properties":{"id":"40647:503027781","meshCode":"503027781","cityCode":"40647","city":"築上町","lat":33.5604167,"lon":130.978125,"areaKm2":0.268157,"populated2020":false,"population2020":null,"populationNote":"境界またぎ・原典収録外のため自治体内人口は未集計"},"geometry":{"type":"Polygon","coordinates":[[[130.975,33.558333333333344],[130.975,33.562500000000014],[130.98125,33.562500000000014],[130.98125,33.55833333333334],[130.975,33.558333333333344]]]}},{"type":"Feature","id":"40647:503027782","properties":{"id":"40647:503027782","meshCode":"503027782","cityCode":"40647","city":"築上町","lat":33.5604167,"lon":130.984375,"areaKm2":0.268157,"populated2020":false,"population2020":null,"populationNote":"境界またぎ・原典収録外のため自治体内人口は未集計"},"geometry":{"type":"Polygon","coordinates":[[[130.98125,33.55833333333334],[130.98125,33.562500000000014],[130.9875,33.56250000000001],[130.9875,33.558333333333344],[130.98125,33.55833333333334]]]}},{"type":"Feature","id":"40647:503027791","properties":{"id":"40647:503027791","meshCode":"503027791","cityCode":"40647","city":"築上町","lat":33.5604167,"lon":130.990625,"areaKm2":0.268157,"populated2020":true,"population2020":22.069,"populationNote":"2020年基準の国交省調整値"},"geometry":{"type":"Polygon","coordinates":[[[130.9875,33.558333333333344],[130.9875,33.56250000000001],[130.99375,33.56250000000001],[130.99375,33.558333333333344],[130.9875,33.558333333333344]]]}},{"type":"Feature","id":"40647:503027792","properties":{"id":"40647:503027792","meshCode":"503027792","cityCode":"40647","city":"築上町","lat":33.5604167,"lon":130.996875,"areaKm2":0.268157,"populated2020":true,"population2020":11.0279,"populationNote":"2020年基準の国交省調整値"},"geometry":{"type":"Polygon","coordinates":[[[130.99375,33.558333333333344],[130.99375,33.56250000000001],[131.0,33.56250000000001],[131.0,33.55833333333334],[130.99375,33.558333333333344]]]}},{"type":"Feature","id":"40647:503120701","properties":{"id":"40647:503120701","meshCode":"503120701","cityCode":"40647","city":"築上町","lat":33.5604167,"lon":131.003125,"areaKm2":0.268157,"populated2020":false,"population2020":null,"populationNote":"境界またぎ・原典収録外のため自治体内人口は未集計"},"geometry":{"type":"Polygon","coordinates":[[[131.0,33.55833333333334],[131.0,33.56250000000001],[131.00625,33.56250000000001],[131.00625,33.558333333333344],[131.0,33.55833333333334]]]}},{"type":"Feature","id":"40647:503120702","properties":{"id":"40647:503120702","meshCode":"503120702","cityCode":"40647","city":"築上町","lat":33.5604167,"lon":131.009375,"areaKm2":0.268157,"populated2020":false,"population2020":null,"populationNote":"境界またぎ・原典収録外のため自治体内人口は未集計"},"geometry":{"type":"Polygon","coordinates":[[[131.00625,33.558333333333344],[131.00625,33.56250000000001],[131.0125,33.56250000000001],[131.0125,33.558333333333344],[131.00625,33.558333333333344]]]}},{"type":"Feature","id":"40647:503120711","properties":{"id":"40647:503120711","meshCode":"503120711","cityCode":"40647","city":"築上町","lat":33.5604167,"lon":131.015625,"areaKm2":0.2081455,"populated2020":false,"population2020":null,"populationNote":"境界またぎ・原典収録外のため自治体内人口は未集計"},"geometry":{"type":"Polygon","coordinates":[[[131.018250272,33.56038110800001],[131.01772166,33.560381107999994],[131.016907224,33.56070666699999],[131.016693061,33.560549441],[131.016550272,33.56037],[131.01635083,33.559799162],[131.01605083,33.55955222499999],[131.016008054,33.559271667],[131.015564994,33.558766387],[131.01549802901164,33.55833333333334],[131.0125,33.558333333333344],[131.0125,33.56250000000001],[131.01875,33.562500000000014],[131.01875,33.56047237997668],[131.018250272,33.56038110800001]]]}},{"type":"Feature","id":"40647:503120712","properties":{"id":"40647:503120712","meshCode":"503120712","cityCode":"40647","city":"築上町","lat":33.5615026,"lon":131.0197416,"areaKm2":0.0385712,"populated2020":false,"population2020":null,"populationNote":"境界またぎ・原典収録外のため自治体内人口は未集計"},"geometry":{"type":"Polygon","coordinates":[[[131.02186482923454,33.56250000000001],[131.020618885,33.561407225],[131.020147497,33.561093333],[131.019307782,33.560639161999994],[131.01875,33.56047237997668],[131.01875,33.562500000000014],[131.02186482923454,33.56250000000001]]]}},{"type":"Feature","id":"40647:503027764","properties":{"id":"40647:503027764","meshCode":"503027764","cityCode":"40647","city":"築上町","lat":33.5658831,"lon":130.9621528,"areaKm2":0.0100683,"populated2020":false,"population2020":null,"populationNote":"境界またぎ・原典収録外のため自治体内人口は未集計"},"geometry":{"type":"Polygon","coordinates":[[[130.962127224,33.565175279],[130.961765837,33.56563194600001],[130.96194499398877,33.56666666666668],[130.9625,33.56666666666668],[130.9625,33.56493521338697],[130.962127224,33.565175279]]]}},{"type":"Feature","id":"40647:503027773","properties":{"id":"40647:503027773","meshCode":"503027773","cityCode":"40647","city":"築上町","lat":33.5645833,"lon":130.965625,"areaKm2":0.2198763,"populated2020":false,"population2020":null,"populationNote":"境界またぎ・原典収録外のため自治体内人口は未集計"},"geometry":{"type":"Polygon","coordinates":[[[130.966521946,33.562533054000006],[130.966036939,33.56282389199999],[130.965388612,33.56298694600001],[130.964586394,33.563471387],[130.964260272,33.563796946],[130.963907497,33.56439249499999],[130.963757782,33.564454999999995],[130.963158612,33.564371946],[130.962788327,33.564572775],[130.9625,33.56493521338697],[130.9625,33.56666666666668],[130.96875000000003,33.56666666666668],[130.96875000000003,33.56250000000001],[130.966521946,33.562533054000006]]]}},{"type":"Feature","id":"40647:503027774","properties":{"id":"40647:503027774","meshCode":"503027774","cityCode":"40647","city":"築上町","lat":33.5645833,"lon":130.971875,"areaKm2":0.2681444,"populated2020":false,"population2020":null,"populationNote":"境界またぎ・原典収録外のため自治体内人口は未集計"},"geometry":{"type":"Polygon","coordinates":[[[130.96875000000003,33.56250000000001],[130.96875000000003,33.56666666666668],[130.975,33.56666666666668],[130.975,33.562500000000014],[130.96875000000003,33.56250000000001]]]}},{"type":"Feature","id":"40647:503027783","properties":{"id":"40647:503027783","meshCode":"503027783","cityCode":"40647","city":"築上町","lat":33.5645833,"lon":130.978125,"areaKm2":0.2681444,"populated2020":false,"population2020":null,"populationNote":"境界またぎ・原典収録外のため自治体内人口は未集計"},"geometry":{"type":"Polygon","coordinates":[[[130.975,33.562500000000014],[130.975,33.56666666666668],[130.98125,33.56666666666668],[130.98125,33.562500000000014],[130.975,33.562500000000014]]]}},{"type":"Feature","id":"40647:503027784","properties":{"id":"40647:503027784","meshCode":"503027784","cityCode":"40647","city":"築上町","lat":33.5645833,"lon":130.984375,"areaKm2":0.2681443,"populated2020":false,"population2020":null,"populationNote":"境界またぎ・原典収録外のため自治体内人口は未集計"},"geometry":{"type":"Polygon","coordinates":[[[130.98125,33.562500000000014],[130.98125,33.56666666666668],[130.9875,33.56666666666668],[130.9875,33.56250000000001],[130.98125,33.562500000000014]]]}},{"type":"Feature","id":"40647:503027793","properties":{"id":"40647:503027793","meshCode":"503027793","cityCode":"40647","city":"築上町","lat":33.5645833,"lon":130.990625,"areaKm2":0.2681443,"populated2020":true,"population2020":18.078,"populationNote":"2020年基準の国交省調整値"},"geometry":{"type":"Polygon","coordinates":[[[130.9875,33.56250000000001],[130.9875,33.56666666666668],[130.99375,33.56666666666668],[130.99375,33.56250000000001],[130.9875,33.56250000000001]]]}},{"type":"Feature","id":"40647:503027794","properties":{"id":"40647:503027794","meshCode":"503027794","cityCode":"40647","city":"築上町","lat":33.5645833,"lon":130.996875,"areaKm2":0.2681443,"populated2020":true,"population2020":18.0784,"populationNote":"2020年基準の国交省調整値"},"geometry":{"type":"Polygon","coordinates":[[[130.99375,33.56250000000001],[130.99375,33.56666666666668],[131.0,33.56666666666668],[131.0,33.56250000000001],[130.99375,33.56250000000001]]]}},{"type":"Feature","id":"40647:503120703","properties":{"id":"40647:503120703","meshCode":"503120703","cityCode":"40647","city":"築上町","lat":33.5645833,"lon":131.003125,"areaKm2":0.2681443,"populated2020":false,"population2020":null,"populationNote":"境界またぎ・原典収録外のため自治体内人口は未集計"},"geometry":{"type":"Polygon","coordinates":[[[131.0,33.56250000000001],[131.0,33.56666666666668],[131.00625,33.56666666666668],[131.00625,33.56250000000001],[131.0,33.56250000000001]]]}},{"type":"Feature","id":"40647:503120704","properties":{"id":"40647:503120704","meshCode":"503120704","cityCode":"40647","city":"築上町","lat":33.5645833,"lon":131.009375,"areaKm2":0.2681443,"populated2020":false,"population2020":null,"populationNote":"境界またぎ・原典収録外のため自治体内人口は未集計"},"geometry":{"type":"Polygon","coordinates":[[[131.00625,33.56250000000001],[131.00625,33.56666666666668],[131.0125,33.56666666666668],[131.0125,33.56250000000001],[131.00625,33.56250000000001]]]}},{"type":"Feature","id":"40647:503120713","properties":{"id":"40647:503120713","meshCode":"503120713","cityCode":"40647","city":"築上町","lat":33.5645833,"lon":131.015625,"areaKm2":0.2681443,"populated2020":false,"population2020":null,"populationNote":"境界またぎ・原典収録外のため自治体内人口は未集計"},"geometry":{"type":"Polygon","coordinates":[[[131.0125,33.56250000000001],[131.0125,33.56666666666668],[131.01875,33.56666666666668],[131.01875,33.562500000000014],[131.0125,33.56250000000001]]]}},{"type":"Feature","id":"40647:503120714","properties":{"id":"40647:503120714","meshCode":"503120714","cityCode":"40647","city":"築上町","lat":33.5645833,"lon":131.021875,"areaKm2":0.2317394,"populated2020":false,"population2020":null,"populationNote":"境界またぎ・原典収録外のため自治体内人口は未集計"},"geometry":{"type":"Polygon","coordinates":[[[131.025,33.564321802],[131.023994721,33.564120279],[131.022908612,33.563289721000004],[131.022261946,33.562900279],[131.02186482923454,33.56250000000001],[131.01875,33.562500000000014],[131.01875,33.56666666666668],[131.025,33.56666666666668],[131.025,33.564321802]]]}},{"type":"Feature","id":"40647:503120723","properties":{"id":"40647:503120723","meshCode":"503120723","cityCode":"40647","city":"築上町","lat":33.5653971,"lon":131.0273984,"areaKm2":0.0952049,"populated2020":false,"population2020":null,"populationNote":"境界またぎ・原典収録外のため自治体内人口は未集計"},"geometry":{"type":"Polygon","coordinates":[[[131.030089728,33.56666],[131.029861115,33.565526108],[131.029732503,33.56526805399999],[131.029532503,33.565110829],[131.029032503,33.564987225],[131.027646667,33.565043333],[131.026803891,33.564594441000004],[131.025,33.564321802],[131.025,33.56666666666668],[131.030089728,33.56666]]]}},{"type":"Feature","id":"40647:503027862","properties":{"id":"40647:503027862","meshCode":"503027862","cityCode":"40647","city":"築上町","lat":33.5686993,"lon":130.9618253,"areaKm2":0.0443547,"populated2020":false,"population2020":null,"populationNote":"境界またぎ・原典収録外のため自治体内人口は未集計"},"geometry":{"type":"Polygon","coordinates":[[[130.961944994,33.56666666700001],[130.961942218,33.567823613],[130.961721946,33.568052225],[130.961228885,33.568269721],[130.961119728,33.569307225],[130.961382503,33.569896667],[130.961403061,33.570129721],[130.96129,33.57041722500001],[130.9609427571681,33.57083333333333],[130.9625,33.57083333333333],[130.9625,33.56666666666668],[130.961944994,33.56666666700001]]]}},{"type":"Feature","id":"40647:503027871","properties":{"id":"40647:503027871","meshCode":"503027871","cityCode":"40647","city":"築上町","lat":33.56875,"lon":130.965625,"areaKm2":0.2681317,"populated2020":false,"population2020":null,"populationNote":"境界またぎ・原典収録外のため自治体内人口は未集計"},"geometry":{"type":"Polygon","coordinates":[[[130.9625,33.56666666666668],[130.9625,33.57083333333333],[130.96875000000003,33.57083333333333],[130.96875000000003,33.56666666666668],[130.9625,33.56666666666668]]]}},{"type":"Feature","id":"40647:503027872","properties":{"id":"40647:503027872","meshCode":"503027872","cityCode":"40647","city":"築上町","lat":33.56875,"lon":130.971875,"areaKm2":0.2681317,"populated2020":false,"population2020":null,"populationNote":"境界またぎ・原典収録外のため自治体内人口は未集計"},"geometry":{"type":"Polygon","coordinates":[[[130.96875000000003,33.56666666666668],[130.96875000000003,33.57083333333333],[130.975,33.57083333333333],[130.975,33.56666666666668],[130.96875000000003,33.56666666666668]]]}},{"type":"Feature","id":"40647:503027881","properties":{"id":"40647:503027881","meshCode":"503027881","cityCode":"40647","city":"築上町","lat":33.56875,"lon":130.978125,"areaKm2":0.2681317,"populated2020":false,"population2020":null,"populationNote":"境界またぎ・原典収録外のため自治体内人口は未集計"},"geometry":{"type":"Polygon","coordinates":[[[130.975,33.56666666666668],[130.975,33.57083333333333],[130.98125,33.57083333333333],[130.98125,33.56666666666668],[130.975,33.56666666666668]]]}},{"type":"Feature","id":"40647:503027882","properties":{"id":"40647:503027882","meshCode":"503027882","cityCode":"40647","city":"築上町","lat":33.56875,"lon":130.984375,"areaKm2":0.2681316,"populated2020":false,"population2020":null,"populationNote":"境界またぎ・原典収録外のため自治体内人口は未集計"},"geometry":{"type":"Polygon","coordinates":[[[130.98125,33.56666666666668],[130.98125,33.57083333333333],[130.9875,33.57083333333333],[130.9875,33.56666666666668],[130.98125,33.56666666666668]]]}},{"type":"Feature","id":"40647:503027891","properties":{"id":"40647:503027891","meshCode":"503027891","cityCode":"40647","city":"築上町","lat":33.56875,"lon":130.990625,"areaKm2":0.2681316,"populated2020":false,"population2020":null,"populationNote":"境界またぎ・原典収録外のため自治体内人口は未集計"},"geometry":{"type":"Polygon","coordinates":[[[130.9875,33.56666666666668],[130.9875,33.57083333333333],[130.99375,33.57083333333333],[130.99375,33.56666666666668],[130.9875,33.56666666666668]]]}},{"type":"Feature","id":"40647:503027892","properties":{"id":"40647:503027892","meshCode":"503027892","cityCode":"40647","city":"築上町","lat":33.56875,"lon":130.996875,"areaKm2":0.2681316,"populated2020":false,"population2020":null,"populationNote":"境界またぎ・原典収録外のため自治体内人口は未集計"},"geometry":{"type":"Polygon","coordinates":[[[130.99375,33.56666666666668],[130.99375,33.57083333333333],[131.0,33.57083333333333],[131.0,33.56666666666668],[130.99375,33.56666666666668]]]}},{"type":"Feature","id":"40647:503120801","properties":{"id":"40647:503120801","meshCode":"503120801","cityCode":"40647","city":"築上町","lat":33.56875,"lon":131.003125,"areaKm2":0.2681316,"populated2020":false,"population2020":null,"populationNote":"境界またぎ・原典収録外のため自治体内人口は未集計"},"geometry":{"type":"Polygon","coordinates":[[[131.0,33.56666666666668],[131.0,33.57083333333333],[131.00625,33.57083333333333],[131.00625,33.56666666666668],[131.0,33.56666666666668]]]}},{"type":"Feature","id":"40647:503120802","properties":{"id":"40647:503120802","meshCode":"503120802","cityCode":"40647","city":"築上町","lat":33.56875,"lon":131.009375,"areaKm2":0.2681316,"populated2020":false,"population2020":null,"populationNote":"境界またぎ・原典収録外のため自治体内人口は未集計"},"geometry":{"type":"Polygon","coordinates":[[[131.00625,33.56666666666668],[131.00625,33.57083333333333],[131.0125,33.57083333333333],[131.0125,33.56666666666668],[131.00625,33.56666666666668]]]}},{"type":"Feature","id":"40647:503120811","properties":{"id":"40647:503120811","meshCode":"503120811","cityCode":"40647","city":"築上町","lat":33.56875,"lon":131.015625,"areaKm2":0.2681316,"populated2020":false,"population2020":null,"populationNote":"境界またぎ・原典収録外のため自治体内人口は未集計"},"geometry":{"type":"Polygon","coordinates":[[[131.0125,33.56666666666668],[131.0125,33.57083333333333],[131.01875,33.57083333333333],[131.01875,33.56666666666668],[131.0125,33.56666666666668]]]}},{"type":"Feature","id":"40647:503120812","properties":{"id":"40647:503120812","meshCode":"503120812","cityCode":"40647","city":"築上町","lat":33.56875,"lon":131.021875,"areaKm2":0.2681317,"populated2020":false,"population2020":null,"populationNote":"境界またぎ・原典収録外のため自治体内人口は未集計"},"geometry":{"type":"Polygon","coordinates":[[[131.01875,33.56666666666668],[131.01875,33.57083333333333],[131.025,33.57083333333333],[131.025,33.56666666666668],[131.01875,33.56666666666668]]]}},{"type":"Feature","id":"40647:503120821","properties":{"id":"40647:503120821","meshCode":"503120821","cityCode":"40647","city":"築上町","lat":33.56875,"lon":131.028125,"areaKm2":0.2659523,"populated2020":false,"population2020":null,"populationNote":"境界またぎ・原典収録外のため自治体内人口は未集計"},"geometry":{"type":"Polygon","coordinates":[[[131.031061115,33.566951667],[131.03009824857398,33.56666666666668],[131.025,33.56666666666668],[131.025,33.57083333333333],[131.03125,33.57083333333333],[131.03125,33.5670771695284],[131.031061115,33.566951667]]]}},{"type":"Feature","id":"40647:503120822","properties":{"id":"40647:503120822","meshCode":"503120822","cityCode":"40647","city":"築上町","lat":33.5691028,"lon":131.0319475,"areaKm2":0.0463188,"populated2020":false,"population2020":null,"populationNote":"境界またぎ・原典収録外のため自治体内人口は未集計"},"geometry":{"type":"Polygon","coordinates":[[[131.032994721,33.570545],[131.032709442,33.569939162],[131.032637782,33.56894],[131.032452218,33.568378892],[131.032118612,33.56813],[131.031861388,33.56745694599999],[131.03125,33.5670771695284],[131.03125,33.57083333333333],[131.03296963301798,33.57083333333333],[131.032994721,33.570545]]]}},{"type":"Feature","id":"40647:503027864","properties":{"id":"40647:503027864","meshCode":"503027864","cityCode":"40647","city":"築上町","lat":33.5728674,"lon":130.9620141,"areaKm2":0.0512466,"populated2020":false,"population2020":null,"populationNote":"境界またぎ・原典収録外のため自治体内人口は未集計"},"geometry":{"type":"Polygon","coordinates":[[[130.9609427571681,33.57083333333333],[130.960756667,33.571949162],[130.960873061,33.572177225],[130.961631388,33.572965559],[130.961642503,33.574147495],[130.961574163,33.574460828999996],[130.961729728,33.574999162000005],[130.9625,33.574999999999996],[130.9625,33.57083333333333],[130.9609427571681,33.57083333333333]]]}},{"type":"Feature","id":"40647:503027873","properties":{"id":"40647:503027873","meshCode":"503027873","cityCode":"40647","city":"築上町","lat":33.5729167,"lon":130.965625,"areaKm2":0.268119,"populated2020":false,"population2020":null,"populationNote":"境界またぎ・原典収録外のため自治体内人口は未集計"},"geometry":{"type":"Polygon","coordinates":[[[130.9625,33.57083333333333],[130.9625,33.574999999999996],[130.96875000000003,33.57500000000001],[130.96875000000003,33.57083333333333],[130.9625,33.57083333333333]]]}},{"type":"Feature","id":"40647:503027874","properties":{"id":"40647:503027874","meshCode":"503027874","cityCode":"40647","city":"築上町","lat":33.5729167,"lon":130.971875,"areaKm2":0.268119,"populated2020":false,"population2020":null,"populationNote":"境界またぎ・原典収録外のため自治体内人口は未集計"},"geometry":{"type":"Polygon","coordinates":[[[130.96875000000003,33.57083333333333],[130.96875000000003,33.57500000000001],[130.975,33.575],[130.975,33.57083333333333],[130.96875000000003,33.57083333333333]]]}},{"type":"Feature","id":"40647:503027883","properties":{"id":"40647:503027883","meshCode":"503027883","cityCode":"40647","city":"築上町","lat":33.5729167,"lon":130.978125,"areaKm2":0.268119,"populated2020":false,"population2020":null,"populationNote":"境界またぎ・原典収録外のため自治体内人口は未集計"},"geometry":{"type":"Polygon","coordinates":[[[130.975,33.57083333333333],[130.975,33.575],[130.98125,33.57500000000001],[130.98125,33.57083333333333],[130.975,33.57083333333333]]]}},{"type":"Feature","id":"40647:503027884","properties":{"id":"40647:503027884","meshCode":"503027884","cityCode":"40647","city":"築上町","lat":33.5729167,"lon":130.984375,"areaKm2":0.2681189,"populated2020":false,"population2020":null,"populationNote":"境界またぎ・原典収録外のため自治体内人口は未集計"},"geometry":{"type":"Polygon","coordinates":[[[130.98125,33.57083333333333],[130.98125,33.57500000000001],[130.9875,33.575],[130.9875,33.57083333333333],[130.98125,33.57083333333333]]]}},{"type":"Feature","id":"40647:503027893","properties":{"id":"40647:503027893","meshCode":"503027893","cityCode":"40647","city":"築上町","lat":33.5729167,"lon":130.990625,"areaKm2":0.2681189,"populated2020":false,"population2020":null,"populationNote":"境界またぎ・原典収録外のため自治体内人口は未集計"},"geometry":{"type":"Polygon","coordinates":[[[130.9875,33.57083333333333],[130.9875,33.575],[130.99375,33.575],[130.99375,33.57083333333333],[130.9875,33.57083333333333]]]}},{"type":"Feature","id":"40647:503027894","properties":{"id":"40647:503027894","meshCode":"503027894","cityCode":"40647","city":"築上町","lat":33.5729167,"lon":130.996875,"areaKm2":0.2681189,"populated2020":true,"population2020":3.0102,"populationNote":"2020年基準の国交省調整値"},"geometry":{"type":"Polygon","coordinates":[[[130.99375,33.57083333333333],[130.99375,33.575],[131.0,33.575],[131.0,33.57083333333333],[130.99375,33.57083333333333]]]}},{"type":"Feature","id":"40647:503120803","properties":{"id":"40647:503120803","meshCode":"503120803","cityCode":"40647","city":"築上町","lat":33.5729167,"lon":131.003125,"areaKm2":0.2681189,"populated2020":false,"population2020":null,"populationNote":"境界またぎ・原典収録外のため自治体内人口は未集計"},"geometry":{"type":"Polygon","coordinates":[[[131.0,33.57083333333333],[131.0,33.575],[131.00625,33.575],[131.00625,33.57083333333333],[131.0,33.57083333333333]]]}},{"type":"Feature","id":"40647:503120804","properties":{"id":"40647:503120804","meshCode":"503120804","cityCode":"40647","city":"築上町","lat":33.5729167,"lon":131.009375,"areaKm2":0.2681189,"populated2020":false,"population2020":null,"populationNote":"境界またぎ・原典収録外のため自治体内人口は未集計"},"geometry":{"type":"Polygon","coordinates":[[[131.00625,33.57083333333333],[131.00625,33.575],[131.0125,33.575],[131.0125,33.57083333333333],[131.00625,33.57083333333333]]]}},{"type":"Feature","id":"40647:503120813","properties":{"id":"40647:503120813","meshCode":"503120813","cityCode":"40647","city":"築上町","lat":33.5729167,"lon":131.015625,"areaKm2":0.2681189,"populated2020":false,"population2020":null,"populationNote":"境界またぎ・原典収録外のため自治体内人口は未集計"},"geometry":{"type":"Polygon","coordinates":[[[131.0125,33.57083333333333],[131.0125,33.575],[131.01875,33.57500000000001],[131.01875,33.57083333333333],[131.0125,33.57083333333333]]]}},{"type":"Feature","id":"40647:503120814","properties":{"id":"40647:503120814","meshCode":"503120814","cityCode":"40647","city":"築上町","lat":33.5729167,"lon":131.021875,"areaKm2":0.268119,"populated2020":false,"population2020":null,"populationNote":"境界またぎ・原典収録外のため自治体内人口は未集計"},"geometry":{"type":"Polygon","coordinates":[[[131.01875,33.57083333333333],[131.01875,33.57500000000001],[131.025,33.575],[131.025,33.57083333333333],[131.01875,33.57083333333333]]]}},{"type":"Feature","id":"40647:503120823","properties":{"id":"40647:503120823","meshCode":"503120823","cityCode":"40647","city":"築上町","lat":33.5729167,"lon":131.028125,"areaKm2":0.268119,"populated2020":true,"population2020":4.0115,"populationNote":"2020年基準の国交省調整値"},"geometry":{"type":"Polygon","coordinates":[[[131.025,33.57083333333333],[131.025,33.575],[131.03125,33.57500000000001],[131.03125,33.57083333333333],[131.025,33.57083333333333]]]}},{"type":"Feature","id":"40647:503120824","properties":{"id":"40647:503120824","meshCode":"503120824","cityCode":"40647","city":"築上町","lat":33.5729167,"lon":131.034375,"areaKm2":0.1733988,"populated2020":false,"population2020":null,"populationNote":"境界またぎ・原典収録外のため自治体内人口は未集計"},"geometry":{"type":"Polygon","coordinates":[[[131.037073995,33.574999999999996],[131.036242503,33.574110559],[131.035828054,33.57308944099999],[131.035271115,33.572505559],[131.034485279,33.571910829000004],[131.033223333,33.57124082899999],[131.033066394,33.571117495],[131.03296963301798,33.57083333333333],[131.03125,33.57083333333333],[131.03125,33.57500000000001],[131.037073995,33.574999999999996]]]}},{"type":"Feature","id":"40647:503027962","properties":{"id":"40647:503027962","meshCode":"503027962","cityCode":"40647","city":"築上町","lat":33.5771597,"lon":130.962165,"areaKm2":0.0244996,"populated2020":false,"population2020":null,"populationNote":"境界またぎ・原典収録外のため自治体内人口は未集計"},"geometry":{"type":"Polygon","coordinates":[[[130.961730078,33.57500000000001],[130.961927497,33.575950559],[130.961746939,33.576411108],[130.961950558,33.576821667000004],[130.961933061,33.576974162000006],[130.961624449,33.57741722499999],[130.962108885,33.578349721],[130.96235947885245,33.579166666666666],[130.9625,33.57916666666666],[130.9625,33.574999999999996],[130.961730078,33.57500000000001]]]}},{"type":"Feature","id":"40647:503027971","properties":{"id":"40647:503027971","meshCode":"503027971","cityCode":"40647","city":"築上町","lat":33.5770833,"lon":130.965625,"areaKm2":0.2681063,"populated2020":false,"population2020":null,"populationNote":"境界またぎ・原典収録外のため自治体内人口は未集計"},"geometry":{"type":"Polygon","coordinates":[[[130.9625,33.574999999999996],[130.9625,33.57916666666666],[130.96875000000003,33.579166666666666],[130.96875000000003,33.57500000000001],[130.9625,33.574999999999996]]]}},{"type":"Feature","id":"40647:503027972","properties":{"id":"40647:503027972","meshCode":"503027972","cityCode":"40647","city":"築上町","lat":33.5770833,"lon":130.971875,"areaKm2":0.2681063,"populated2020":false,"population2020":null,"populationNote":"境界またぎ・原典収録外のため自治体内人口は未集計"},"geometry":{"type":"Polygon","coordinates":[[[130.96875000000003,33.57500000000001],[130.96875000000003,33.579166666666666],[130.975,33.57916666666666],[130.975,33.575],[130.96875000000003,33.57500000000001]]]}},{"type":"Feature","id":"40647:503027981","properties":{"id":"40647:503027981","meshCode":"503027981","cityCode":"40647","city":"築上町","lat":33.5770833,"lon":130.978125,"areaKm2":0.2681063,"populated2020":false,"population2020":null,"populationNote":"境界またぎ・原典収録外のため自治体内人口は未集計"},"geometry":{"type":"Polygon","coordinates":[[[130.975,33.575],[130.975,33.57916666666666],[130.98125,33.57916666666666],[130.98125,33.57500000000001],[130.975,33.575]]]}},{"type":"Feature","id":"40647:503027982","properties":{"id":"40647:503027982","meshCode":"503027982","cityCode":"40647","city":"築上町","lat":33.5770833,"lon":130.984375,"areaKm2":0.2681062,"populated2020":false,"population2020":null,"populationNote":"境界またぎ・原典収録外のため自治体内人口は未集計"},"geometry":{"type":"Polygon","coordinates":[[[130.98125,33.57500000000001],[130.98125,33.57916666666666],[130.9875,33.579166666666666],[130.9875,33.575],[130.98125,33.57500000000001]]]}},{"type":"Feature","id":"40647:503027991","properties":{"id":"40647:503027991","meshCode":"503027991","cityCode":"40647","city":"築上町","lat":33.5770833,"lon":130.990625,"areaKm2":0.2681062,"populated2020":false,"population2020":null,"populationNote":"境界またぎ・原典収録外のため自治体内人口は未集計"},"geometry":{"type":"Polygon","coordinates":[[[130.9875,33.575],[130.9875,33.579166666666666],[130.99375,33.57916666666666],[130.99375,33.575],[130.9875,33.575]]]}},{"type":"Feature","id":"40647:503027992","properties":{"id":"40647:503027992","meshCode":"503027992","cityCode":"40647","city":"築上町","lat":33.5770833,"lon":130.996875,"areaKm2":0.2681062,"populated2020":true,"population2020":10.0122,"populationNote":"2020年基準の国交省調整値"},"geometry":{"type":"Polygon","coordinates":[[[130.99375,33.575],[130.99375,33.57916666666666],[131.0,33.579166666666666],[131.0,33.575],[130.99375,33.575]]]}},{"type":"Feature","id":"40647:503120901","properties":{"id":"40647:503120901","meshCode":"503120901","cityCode":"40647","city":"築上町","lat":33.5770833,"lon":131.003125,"areaKm2":0.2681062,"populated2020":false,"population2020":null,"populationNote":"境界またぎ・原典収録外のため自治体内人口は未集計"},"geometry":{"type":"Polygon","coordinates":[[[131.0,33.575],[131.0,33.579166666666666],[131.00625,33.57916666666666],[131.00625,33.575],[131.0,33.575]]]}},{"type":"Feature","id":"40647:503120902","properties":{"id":"40647:503120902","meshCode":"503120902","cityCode":"40647","city":"築上町","lat":33.5770833,"lon":131.009375,"areaKm2":0.2681062,"populated2020":false,"population2020":null,"populationNote":"境界またぎ・原典収録外のため自治体内人口は未集計"},"geometry":{"type":"Polygon","coordinates":[[[131.00625,33.575],[131.00625,33.57916666666666],[131.0125,33.579166666666666],[131.0125,33.575],[131.00625,33.575]]]}},{"type":"Feature","id":"40647:503120911","properties":{"id":"40647:503120911","meshCode":"503120911","cityCode":"40647","city":"築上町","lat":33.5770833,"lon":131.015625,"areaKm2":0.2681062,"populated2020":false,"population2020":null,"populationNote":"境界またぎ・原典収録外のため自治体内人口は未集計"},"geometry":{"type":"Polygon","coordinates":[[[131.0125,33.575],[131.0125,33.579166666666666],[131.01875,33.57916666666666],[131.01875,33.57500000000001],[131.0125,33.575]]]}},{"type":"Feature","id":"40647:503120912","properties":{"id":"40647:503120912","meshCode":"503120912","cityCode":"40647","city":"築上町","lat":33.5770833,"lon":131.021875,"areaKm2":0.2681063,"populated2020":false,"population2020":null,"populationNote":"境界またぎ・原典収録外のため自治体内人口は未集計"},"geometry":{"type":"Polygon","coordinates":[[[131.01875,33.57500000000001],[131.01875,33.57916666666666],[131.025,33.57916666666666],[131.025,33.575],[131.01875,33.57500000000001]]]}},{"type":"Feature","id":"40647:503120921","properties":{"id":"40647:503120921","meshCode":"503120921","cityCode":"40647","city":"築上町","lat":33.5770833,"lon":131.028125,"areaKm2":0.2681063,"populated2020":false,"population2020":null,"populationNote":"境界またぎ・原典収録外のため自治体内人口は未集計"},"geometry":{"type":"Polygon","coordinates":[[[131.025,33.575],[131.025,33.57916666666666],[131.03125,33.579166666666666],[131.03125,33.57500000000001],[131.025,33.575]]]}},{"type":"Feature","id":"40647:503120922","properties":{"id":"40647:503120922","meshCode":"503120922","cityCode":"40647","city":"築上町","lat":33.5770833,"lon":131.034375,"areaKm2":0.2670078,"populated2020":false,"population2020":null,"populationNote":"境界またぎ・原典収録外のため自治体内人口は未集計"},"geometry":{"type":"Polygon","coordinates":[[[131.0375,33.57546074539701],[131.037073995,33.574999999999996],[131.03125,33.57500000000001],[131.03125,33.579166666666666],[131.0375,33.57916666666666],[131.0375,33.57546074539701]]]}},{"type":"Feature","id":"40647:503120931","properties":{"id":"40647:503120931","meshCode":"503120931","cityCode":"40647","city":"築上町","lat":33.57734,"lon":131.0380203,"areaKm2":0.0453986,"populated2020":false,"population2020":null,"populationNote":"境界またぎ・原典収録外のため自治体内人口は未集計"},"geometry":{"type":"Polygon","coordinates":[[[131.039796667,33.579142775],[131.03951083,33.57881749500001],[131.03921083,33.578099162],[131.038868054,33.577784721],[131.038447782,33.577194162000005],[131.038304994,33.576352225],[131.03791917,33.57582500000001],[131.0375,33.57546074539701],[131.0375,33.57916666666666],[131.039796667,33.579142775]]]}},{"type":"Feature","id":"40647:503027964","properties":{"id":"40647:503027964","meshCode":"503027964","cityCode":"40647","city":"築上町","lat":33.5804532,"lon":130.9622933,"areaKm2":0.0106319,"populated2020":false,"population2020":null,"populationNote":"境界またぎ・原典収録外のため自治体内人口は未集計"},"geometry":{"type":"MultiPolygon","coordinates":[[[[130.96235947885245,33.579166666666666],[130.962346667,33.579471387],[130.962108612,33.579921387],[130.962134994,33.58037861299999],[130.961967497,33.58079110800001],[130.961976394,33.581005559],[130.96217917,33.58142777500001],[130.9625,33.581779659674844],[130.9625,33.57916666666666],[130.96235947885245,33.579166666666666]]],[[[130.9625,33.582648337178576],[130.962135551,33.58321861300001],[130.96208972786687,33.583333333333336],[130.9625,33.58333333333334],[130.9625,33.582648337178576]]]]}},{"type":"Feature","id":"40647:503027973","properties":{"id":"40647:503027973","meshCode":"503027973","cityCode":"40647","city":"築上町","lat":33.58125,"lon":130.965625,"areaKm2":0.2670045,"populated2020":false,"population2020":null,"populationNote":"境界またぎ・原典収録外のため自治体内人口は未集計"},"geometry":{"type":"Polygon","coordinates":[[[130.9625,33.581779659674844],[130.96269917,33.582120558999996],[130.962646394,33.58241833300001],[130.9625,33.582648337178576],[130.9625,33.58333333333334],[130.96875000000003,33.583333333333336],[130.96875000000003,33.579166666666666],[130.9625,33.57916666666666],[130.9625,33.581779659674844]]]}},{"type":"Feature","id":"40647:503027974","properties":{"id":"40647:503027974","meshCode":"503027974","cityCode":"40647","city":"築上町","lat":33.58125,"lon":130.971875,"areaKm2":0.2680936,"populated2020":false,"population2020":null,"populationNote":"境界またぎ・原典収録外のため自治体内人口は未集計"},"geometry":{"type":"Polygon","coordinates":[[[130.96875000000003,33.579166666666666],[130.96875000000003,33.583333333333336],[130.975,33.58333333333334],[130.975,33.57916666666666],[130.96875000000003,33.579166666666666]]]}},{"type":"Feature","id":"40647:503027983","properties":{"id":"40647:503027983","meshCode":"503027983","cityCode":"40647","city":"築上町","lat":33.58125,"lon":130.978125,"areaKm2":0.2680936,"populated2020":false,"population2020":null,"populationNote":"境界またぎ・原典収録外のため自治体内人口は未集計"},"geometry":{"type":"Polygon","coordinates":[[[130.975,33.57916666666666],[130.975,33.58333333333334],[130.98125,33.58333333333334],[130.98125,33.57916666666666],[130.975,33.57916666666666]]]}},{"type":"Feature","id":"40647:503027984","properties":{"id":"40647:503027984","meshCode":"503027984","cityCode":"40647","city":"築上町","lat":33.58125,"lon":130.984375,"areaKm2":0.2680935,"populated2020":false,"population2020":null,"populationNote":"境界またぎ・原典収録外のため自治体内人口は未集計"},"geometry":{"type":"Polygon","coordinates":[[[130.98125,33.57916666666666],[130.98125,33.58333333333334],[130.9875,33.58333333333334],[130.9875,33.579166666666666],[130.98125,33.57916666666666]]]}},{"type":"Feature","id":"40647:503027993","properties":{"id":"40647:503027993","meshCode":"503027993","cityCode":"40647","city":"築上町","lat":33.58125,"lon":130.990625,"areaKm2":0.2680935,"populated2020":false,"population2020":null,"populationNote":"境界またぎ・原典収録外のため自治体内人口は未集計"},"geometry":{"type":"Polygon","coordinates":[[[130.9875,33.579166666666666],[130.9875,33.58333333333334],[130.99375,33.58333333333333],[130.99375,33.57916666666666],[130.9875,33.579166666666666]]]}},{"type":"Feature","id":"40647:503027994","properties":{"id":"40647:503027994","meshCode":"503027994","cityCode":"40647","city":"築上町","lat":33.58125,"lon":130.996875,"areaKm2":0.2680935,"populated2020":true,"population2020":25.0942,"populationNote":"2020年基準の国交省調整値"},"geometry":{"type":"Polygon","coordinates":[[[130.99375,33.57916666666666],[130.99375,33.58333333333333],[131.0,33.583333333333336],[131.0,33.579166666666666],[130.99375,33.57916666666666]]]}},{"type":"Feature","id":"40647:503120903","properties":{"id":"40647:503120903","meshCode":"503120903","cityCode":"40647","city":"築上町","lat":33.58125,"lon":131.003125,"areaKm2":0.2680935,"populated2020":false,"population2020":null,"populationNote":"境界またぎ・原典収録外のため自治体内人口は未集計"},"geometry":{"type":"Polygon","coordinates":[[[131.0,33.579166666666666],[131.0,33.583333333333336],[131.00625,33.58333333333333],[131.00625,33.57916666666666],[131.0,33.579166666666666]]]}},{"type":"Feature","id":"40647:503120904","properties":{"id":"40647:503120904","meshCode":"503120904","cityCode":"40647","city":"築上町","lat":33.58125,"lon":131.009375,"areaKm2":0.2680935,"populated2020":false,"population2020":null,"populationNote":"境界またぎ・原典収録外のため自治体内人口は未集計"},"geometry":{"type":"Polygon","coordinates":[[[131.00625,33.57916666666666],[131.00625,33.58333333333333],[131.0125,33.58333333333334],[131.0125,33.579166666666666],[131.00625,33.57916666666666]]]}},{"type":"Feature","id":"40647:503120913","properties":{"id":"40647:503120913","meshCode":"503120913","cityCode":"40647","city":"築上町","lat":33.58125,"lon":131.015625,"areaKm2":0.2680935,"populated2020":false,"population2020":null,"populationNote":"境界またぎ・原典収録外のため自治体内人口は未集計"},"geometry":{"type":"Polygon","coordinates":[[[131.0125,33.579166666666666],[131.0125,33.58333333333334],[131.01875,33.58333333333334],[131.01875,33.57916666666666],[131.0125,33.579166666666666]]]}},{"type":"Feature","id":"40647:503120914","properties":{"id":"40647:503120914","meshCode":"503120914","cityCode":"40647","city":"築上町","lat":33.58125,"lon":131.021875,"areaKm2":0.2680936,"populated2020":false,"population2020":null,"populationNote":"境界またぎ・原典収録外のため自治体内人口は未集計"},"geometry":{"type":"Polygon","coordinates":[[[131.01875,33.57916666666666],[131.01875,33.58333333333334],[131.025,33.58333333333334],[131.025,33.57916666666666],[131.01875,33.57916666666666]]]}},{"type":"Feature","id":"40647:503120923","properties":{"id":"40647:503120923","meshCode":"503120923","cityCode":"40647","city":"築上町","lat":33.58125,"lon":131.028125,"areaKm2":0.2680936,"populated2020":false,"population2020":null,"populationNote":"境界またぎ・原典収録外のため自治体内人口は未集計"},"geometry":{"type":"Polygon","coordinates":[[[131.025,33.57916666666666],[131.025,33.58333333333334],[131.03125,33.583333333333336],[131.03125,33.579166666666666],[131.025,33.57916666666666]]]}},{"type":"Feature","id":"40647:503120924","properties":{"id":"40647:503120924","meshCode":"503120924","cityCode":"40647","city":"築上町","lat":33.58125,"lon":131.034375,"areaKm2":0.2680936,"populated2020":false,"population2020":null,"populationNote":"境界またぎ・原典収録外のため自治体内人口は未集計"},"geometry":{"type":"Polygon","coordinates":[[[131.03125,33.579166666666666],[131.03125,33.583333333333336],[131.0375,33.58333333333334],[131.0375,33.57916666666666],[131.03125,33.579166666666666]]]}},{"type":"Feature","id":"40647:503120933","properties":{"id":"40647:503120933","meshCode":"503120933","cityCode":"40647","city":"築上町","lat":33.58125,"lon":131.040625,"areaKm2":0.1592461,"populated2020":false,"population2020":null,"populationNote":"境界またぎ・原典収録外のため自治体内人口は未集計"},"geometry":{"type":"Polygon","coordinates":[[[131.04206591400003,33.583333333],[131.042038054,33.58304361300001],[131.041482503,33.58139889200002],[131.041053891,33.580792775000006],[131.040682218,33.580500829],[131.040553606,33.579950829],[131.040268054,33.579513053999996],[131.03982707178986,33.579166666666666],[131.0375,33.57916666666666],[131.0375,33.58333333333334],[131.04206591400003,33.583333333]]]}},{"type":"Feature","id":"40647:503037062","properties":{"id":"40647:503037062","meshCode":"503037062","cityCode":"40647","city":"築上町","lat":33.5848139,"lon":130.9620064,"areaKm2":0.0221926,"populated2020":false,"population2020":null,"populationNote":"境界またぎ・原典収録外のため自治体内人口は未集計"},"geometry":{"type":"Polygon","coordinates":[[[130.96208972786687,33.583333333333336],[130.961685837,33.584146387],[130.961738885,33.584444162000004],[130.961474449,33.58486666700001],[130.961447782,33.58519916199999],[130.961774163,33.585756387],[130.9625,33.58634070556433],[130.9625,33.58333333333334],[130.96208972786687,33.583333333333336]]]}},{"type":"Feature","id":"40647:503037071","properties":{"id":"40647:503037071","meshCode":"503037071","cityCode":"40647","city":"築上町","lat":33.5854167,"lon":130.965625,"areaKm2":0.2615823,"populated2020":false,"population2020":null,"populationNote":"境界またぎ・原典収録外のため自治体内人口は未集計"},"geometry":{"type":"Polygon","coordinates":[[[130.962505837,33.586345],[130.96292,33.586573613],[130.96307166,33.586754441],[130.9632214707536,33.5875],[130.96875000000003,33.5875],[130.96875000000003,33.583333333333336],[130.9625,33.58333333333334],[130.962505837,33.586345]]]}},{"type":"Feature","id":"40647:503037072","properties":{"id":"40647:503037072","meshCode":"503037072","cityCode":"40647","city":"築上町","lat":33.5854167,"lon":130.971875,"areaKm2":0.2680809,"populated2020":false,"population2020":null,"populationNote":"境界またぎ・原典収録外のため自治体内人口は未集計"},"geometry":{"type":"Polygon","coordinates":[[[130.96875000000003,33.583333333333336],[130.96875000000003,33.5875],[130.975,33.5875],[130.975,33.58333333333334],[130.96875000000003,33.583333333333336]]]}},{"type":"Feature","id":"40647:503037081","properties":{"id":"40647:503037081","meshCode":"503037081","cityCode":"40647","city":"築上町","lat":33.5854167,"lon":130.978125,"areaKm2":0.2680808,"populated2020":false,"population2020":null,"populationNote":"境界またぎ・原典収録外のため自治体内人口は未集計"},"geometry":{"type":"Polygon","coordinates":[[[130.975,33.58333333333334],[130.975,33.5875],[130.98125,33.5875],[130.98125,33.58333333333334],[130.975,33.58333333333334]]]}},{"type":"Feature","id":"40647:503037082","properties":{"id":"40647:503037082","meshCode":"503037082","cityCode":"40647","city":"築上町","lat":33.5854167,"lon":130.984375,"areaKm2":0.2680808,"populated2020":false,"population2020":null,"populationNote":"境界またぎ・原典収録外のため自治体内人口は未集計"},"geometry":{"type":"Polygon","coordinates":[[[130.98125,33.58333333333334],[130.98125,33.5875],[130.9875,33.5875],[130.9875,33.58333333333334],[130.98125,33.58333333333334]]]}},{"type":"Feature","id":"40647:503037091","properties":{"id":"40647:503037091","meshCode":"503037091","cityCode":"40647","city":"築上町","lat":33.5854167,"lon":130.990625,"areaKm2":0.2680808,"populated2020":false,"population2020":null,"populationNote":"境界またぎ・原典収録外のため自治体内人口は未集計"},"geometry":{"type":"Polygon","coordinates":[[[130.9875,33.58333333333334],[130.9875,33.5875],[130.99375,33.5875],[130.99375,33.58333333333333],[130.9875,33.58333333333334]]]}},{"type":"Feature","id":"40647:503037092","properties":{"id":"40647:503037092","meshCode":"503037092","cityCode":"40647","city":"築上町","lat":33.5854167,"lon":130.996875,"areaKm2":0.2680808,"populated2020":true,"population2020":26.0398,"populationNote":"2020年基準の国交省調整値"},"geometry":{"type":"Polygon","coordinates":[[[130.99375,33.58333333333333],[130.99375,33.5875],[131.0,33.5875],[131.0,33.583333333333336],[130.99375,33.58333333333333]]]}},{"type":"Feature","id":"40647:503130001","properties":{"id":"40647:503130001","meshCode":"503130001","cityCode":"40647","city":"築上町","lat":33.5854167,"lon":131.003125,"areaKm2":0.2680808,"populated2020":false,"population2020":null,"populationNote":"境界またぎ・原典収録外のため自治体内人口は未集計"},"geometry":{"type":"Polygon","coordinates":[[[131.0,33.583333333333336],[131.0,33.5875],[131.00625,33.5875],[131.00625,33.58333333333333],[131.0,33.583333333333336]]]}},{"type":"Feature","id":"40647:503130002","properties":{"id":"40647:503130002","meshCode":"503130002","cityCode":"40647","city":"築上町","lat":33.5854167,"lon":131.009375,"areaKm2":0.2680808,"populated2020":false,"population2020":null,"populationNote":"境界またぎ・原典収録外のため自治体内人口は未集計"},"geometry":{"type":"Polygon","coordinates":[[[131.00625,33.58333333333333],[131.00625,33.5875],[131.0125,33.5875],[131.0125,33.58333333333334],[131.00625,33.58333333333333]]]}},{"type":"Feature","id":"40647:503130011","properties":{"id":"40647:503130011","meshCode":"503130011","cityCode":"40647","city":"築上町","lat":33.5854167,"lon":131.015625,"areaKm2":0.2680808,"populated2020":false,"population2020":null,"populationNote":"境界またぎ・原典収録外のため自治体内人口は未集計"},"geometry":{"type":"Polygon","coordinates":[[[131.0125,33.58333333333334],[131.0125,33.5875],[131.01875,33.5875],[131.01875,33.58333333333334],[131.0125,33.58333333333334]]]}},{"type":"Feature","id":"40647:503130012","properties":{"id":"40647:503130012","meshCode":"503130012","cityCode":"40647","city":"築上町","lat":33.5854167,"lon":131.021875,"areaKm2":0.2680808,"populated2020":false,"population2020":null,"populationNote":"境界またぎ・原典収録外のため自治体内人口は未集計"},"geometry":{"type":"Polygon","coordinates":[[[131.01875,33.58333333333334],[131.01875,33.5875],[131.025,33.5875],[131.025,33.58333333333334],[131.01875,33.58333333333334]]]}},{"type":"Feature","id":"40647:503130021","properties":{"id":"40647:503130021","meshCode":"503130021","cityCode":"40647","city":"築上町","lat":33.5854167,"lon":131.028125,"areaKm2":0.2680809,"populated2020":false,"population2020":null,"populationNote":"境界またぎ・原典収録外のため自治体内人口は未集計"},"geometry":{"type":"Polygon","coordinates":[[[131.025,33.58333333333334],[131.025,33.5875],[131.03125,33.5875],[131.03125,33.583333333333336],[131.025,33.58333333333334]]]}},{"type":"Feature","id":"40647:503130022","properties":{"id":"40647:503130022","meshCode":"503130022","cityCode":"40647","city":"築上町","lat":33.5854167,"lon":131.034375,"areaKm2":0.2680809,"populated2020":true,"population2020":3.0129,"populationNote":"2020年基準の国交省調整値"},"geometry":{"type":"Polygon","coordinates":[[[131.03125,33.583333333333336],[131.03125,33.5875],[131.0375,33.587500000000006],[131.0375,33.58333333333334],[131.03125,33.583333333333336]]]}},{"type":"Feature","id":"40647:503130031","properties":{"id":"40647:503130031","meshCode":"503130031","cityCode":"40647","city":"築上町","lat":33.5854167,"lon":131.040625,"areaKm2":0.2405475,"populated2020":false,"population2020":null,"populationNote":"境界またぎ・原典収録外のため自治体内人口は未集計"},"geometry":{"type":"Polygon","coordinates":[[[131.04375,33.58531630452064],[131.04253778200007,33.5848169460001],[131.04230916999995,33.584513892000075],[131.042009442,33.583863054000005],[131.04206591392395,33.583333333333336],[131.0375,33.58333333333334],[131.0375,33.587500000000006],[131.04375,33.587500000000006],[131.04375,33.58531630452064]]]}},{"type":"Feature","id":"40647:503130032","properties":{"id":"40647:503130032","meshCode":"503130032","cityCode":"40647","city":"築上町","lat":33.5864769,"lon":131.0443351,"areaKm2":0.0244862,"populated2020":false,"population2020":null,"populationNote":"境界またぎ・原典収録外のため自治体内人口は未集計"},"geometry":{"type":"Polygon","coordinates":[[[131.04556639400005,33.58717194600007],[131.044995837,33.586635279],[131.04480027199997,33.58631861300006],[131.044038054,33.585524161999956],[131.04375,33.58531630452064],[131.04375,33.587500000000006],[131.04572826825702,33.5875],[131.04556639400005,33.58717194600007]]]}},{"type":"Feature","id":"40647:503037073","properties":{"id":"40647:503037073","meshCode":"503037073","cityCode":"40647","city":"築上町","lat":33.5895833,"lon":130.965625,"areaKm2":0.1899078,"populated2020":false,"population2020":null,"populationNote":"境界またぎ・原典収録外のため自治体内人口は未集計"},"geometry":{"type":"Polygon","coordinates":[[[130.9632214707536,33.5875],[130.963964994,33.58865722499999],[130.96462917,33.589336667],[130.964647782,33.590677775],[130.9649925808488,33.591666666666676],[130.96875000000003,33.591666666666676],[130.96875000000003,33.5875],[130.9632214707536,33.5875]]]}},{"type":"Feature","id":"40647:503037074","properties":{"id":"40647:503037074","meshCode":"503037074","cityCode":"40647","city":"築上町","lat":33.5895833,"lon":130.971875,"areaKm2":0.2680682,"populated2020":false,"population2020":null,"populationNote":"境界またぎ・原典収録外のため自治体内人口は未集計"},"geometry":{"type":"Polygon","coordinates":[[[130.96875000000003,33.5875],[130.96875000000003,33.591666666666676],[130.975,33.591666666666676],[130.975,33.5875],[130.96875000000003,33.5875]]]}},{"type":"Feature","id":"40647:503037083","properties":{"id":"40647:503037083","meshCode":"503037083","cityCode":"40647","city":"築上町","lat":33.5895833,"lon":130.978125,"areaKm2":0.2680681,"populated2020":false,"population2020":null,"populationNote":"境界またぎ・原典収録外のため自治体内人口は未集計"},"geometry":{"type":"Polygon","coordinates":[[[130.975,33.5875],[130.975,33.591666666666676],[130.98125,33.591666666666676],[130.98125,33.5875],[130.975,33.5875]]]}},{"type":"Feature","id":"40647:503037084","properties":{"id":"40647:503037084","meshCode":"503037084","cityCode":"40647","city":"築上町","lat":33.5895833,"lon":130.984375,"areaKm2":0.2680681,"populated2020":true,"population2020":14.0465,"populationNote":"2020年基準の国交省調整値"},"geometry":{"type":"Polygon","coordinates":[[[130.98125,33.5875],[130.98125,33.591666666666676],[130.9875,33.59166666666667],[130.9875,33.5875],[130.98125,33.5875]]]}},{"type":"Feature","id":"40647:503037093","properties":{"id":"40647:503037093","meshCode":"503037093","cityCode":"40647","city":"築上町","lat":33.5895833,"lon":130.990625,"areaKm2":0.2680681,"populated2020":true,"population2020":41.1109,"populationNote":"2020年基準の国交省調整値"},"geometry":{"type":"Polygon","coordinates":[[[130.9875,33.5875],[130.9875,33.59166666666667],[130.99375,33.591666666666676],[130.99375,33.5875],[130.9875,33.5875]]]}},{"type":"Feature","id":"40647:503037094","properties":{"id":"40647:503037094","meshCode":"503037094","cityCode":"40647","city":"築上町","lat":33.5895833,"lon":130.996875,"areaKm2":0.2680681,"populated2020":true,"population2020":6.019,"populationNote":"2020年基準の国交省調整値"},"geometry":{"type":"Polygon","coordinates":[[[130.99375,33.5875],[130.99375,33.591666666666676],[131.0,33.591666666666676],[131.0,33.5875],[130.99375,33.5875]]]}},{"type":"Feature","id":"40647:503130003","properties":{"id":"40647:503130003","meshCode":"503130003","cityCode":"40647","city":"築上町","lat":33.5895833,"lon":131.003125,"areaKm2":0.2680681,"populated2020":false,"population2020":null,"populationNote":"境界またぎ・原典収録外のため自治体内人口は未集計"},"geometry":{"type":"Polygon","coordinates":[[[131.0,33.5875],[131.0,33.591666666666676],[131.00625,33.591666666666676],[131.00625,33.5875],[131.0,33.5875]]]}},{"type":"Feature","id":"40647:503130004","properties":{"id":"40647:503130004","meshCode":"503130004","cityCode":"40647","city":"築上町","lat":33.5895833,"lon":131.009375,"areaKm2":0.2680681,"populated2020":false,"population2020":null,"populationNote":"境界またぎ・原典収録外のため自治体内人口は未集計"},"geometry":{"type":"Polygon","coordinates":[[[131.00625,33.5875],[131.00625,33.591666666666676],[131.0125,33.59166666666667],[131.0125,33.5875],[131.00625,33.5875]]]}},{"type":"Feature","id":"40647:503130013","properties":{"id":"40647:503130013","meshCode":"503130013","cityCode":"40647","city":"築上町","lat":33.5895833,"lon":131.015625,"areaKm2":0.2680681,"populated2020":false,"population2020":null,"populationNote":"境界またぎ・原典収録外のため自治体内人口は未集計"},"geometry":{"type":"Polygon","coordinates":[[[131.0125,33.5875],[131.0125,33.59166666666667],[131.01875,33.591666666666676],[131.01875,33.5875],[131.0125,33.5875]]]}},{"type":"Feature","id":"40647:503130014","properties":{"id":"40647:503130014","meshCode":"503130014","cityCode":"40647","city":"築上町","lat":33.5895833,"lon":131.021875,"areaKm2":0.2680681,"populated2020":false,"population2020":null,"populationNote":"境界またぎ・原典収録外のため自治体内人口は未集計"},"geometry":{"type":"Polygon","coordinates":[[[131.01875,33.5875],[131.01875,33.591666666666676],[131.025,33.591666666666676],[131.025,33.5875],[131.01875,33.5875]]]}},{"type":"Feature","id":"40647:503130023","properties":{"id":"40647:503130023","meshCode":"503130023","cityCode":"40647","city":"築上町","lat":33.5895833,"lon":131.028125,"areaKm2":0.2680682,"populated2020":false,"population2020":null,"populationNote":"境界またぎ・原典収録外のため自治体内人口は未集計"},"geometry":{"type":"Polygon","coordinates":[[[131.025,33.5875],[131.025,33.591666666666676],[131.03125,33.591666666666676],[131.03125,33.5875],[131.025,33.5875]]]}},{"type":"Feature","id":"40647:503130024","properties":{"id":"40647:503130024","meshCode":"503130024","cityCode":"40647","city":"築上町","lat":33.5895833,"lon":131.034375,"areaKm2":0.2680682,"populated2020":true,"population2020":5.0357,"populationNote":"2020年基準の国交省調整値"},"geometry":{"type":"Polygon","coordinates":[[[131.03125,33.5875],[131.03125,33.591666666666676],[131.0375,33.591666666666676],[131.0375,33.587500000000006],[131.03125,33.5875]]]}},{"type":"Feature","id":"40647:503130033","properties":{"id":"40647:503130033","meshCode":"503130033","cityCode":"40647","city":"築上町","lat":33.5895833,"lon":131.040625,"areaKm2":0.2680682,"populated2020":false,"population2020":null,"populationNote":"境界またぎ・原典収録外のため自治体内人口は未集計"},"geometry":{"type":"Polygon","coordinates":[[[131.0375,33.587500000000006],[131.0375,33.591666666666676],[131.04375,33.59166666666667],[131.04375,33.587500000000006],[131.0375,33.587500000000006]]]}},{"type":"Feature","id":"40647:503130034","properties":{"id":"40647:503130034","meshCode":"503130034","cityCode":"40647","city":"築上町","lat":33.5896744,"lon":131.045209,"areaKm2":0.1232276,"populated2020":false,"population2020":null,"populationNote":"境界またぎ・原典収録外のため自治体内人口は未集計"},"geometry":{"type":"Polygon","coordinates":[[[131.04745946789373,33.591666666666676],[131.04725917000007,33.59106972100005],[131.04679111500002,33.59033972100008],[131.04644972800008,33.58890333300008],[131.04572826825702,33.5875],[131.04375,33.587500000000006],[131.04375,33.59166666666667],[131.04745946789373,33.591666666666676]]]}},{"type":"Feature","id":"40647:503037171","properties":{"id":"40647:503037171","meshCode":"503037171","cityCode":"40647","city":"築上町","lat":33.5937693,"lon":130.9672922,"areaKm2":0.1119764,"populated2020":false,"population2020":null,"populationNote":"境界またぎ・原典収録外のため自治体内人口は未集計"},"geometry":{"type":"Polygon","coordinates":[[[130.96499258100002,33.59166666699999],[130.96567083,33.593291945999994],[130.965836394,33.593908891999995],[130.966064163,33.594256946],[130.967335551,33.595005],[130.967569442,33.595537224999994],[130.9679642982266,33.59583333333334],[130.96875000000003,33.59583333333333],[130.96875000000003,33.591666666666676],[130.96499258100002,33.59166666699999]]]}},{"type":"Feature","id":"40647:503037172","properties":{"id":"40647:503037172","meshCode":"503037172","cityCode":"40647","city":"築上町","lat":33.59375,"lon":130.971875,"areaKm2":0.2680555,"populated2020":false,"population2020":null,"populationNote":"境界またぎ・原典収録外のため自治体内人口は未集計"},"geometry":{"type":"Polygon","coordinates":[[[130.96875000000003,33.591666666666676],[130.96875000000003,33.59583333333333],[130.975,33.59583333333333],[130.975,33.591666666666676],[130.96875000000003,33.591666666666676]]]}},{"type":"Feature","id":"40647:503037181","properties":{"id":"40647:503037181","meshCode":"503037181","cityCode":"40647","city":"築上町","lat":33.59375,"lon":130.978125,"areaKm2":0.2680554,"populated2020":true,"population2020":9.0459,"populationNote":"2020年基準の国交省調整値"},"geometry":{"type":"Polygon","coordinates":[[[130.975,33.591666666666676],[130.975,33.59583333333333],[130.98125,33.59583333333333],[130.98125,33.591666666666676],[130.975,33.591666666666676]]]}},{"type":"Feature","id":"40647:503037182","properties":{"id":"40647:503037182","meshCode":"503037182","cityCode":"40647","city":"築上町","lat":33.59375,"lon":130.984375,"areaKm2":0.2680554,"populated2020":true,"population2020":39.0955,"populationNote":"2020年基準の国交省調整値"},"geometry":{"type":"Polygon","coordinates":[[[130.98125,33.591666666666676],[130.98125,33.59583333333333],[130.9875,33.59583333333333],[130.9875,33.59166666666667],[130.98125,33.591666666666676]]]}},{"type":"Feature","id":"40647:503037191","properties":{"id":"40647:503037191","meshCode":"503037191","cityCode":"40647","city":"築上町","lat":33.59375,"lon":130.990625,"areaKm2":0.2680554,"populated2020":true,"population2020":2.0094,"populationNote":"2020年基準の国交省調整値"},"geometry":{"type":"Polygon","coordinates":[[[130.9875,33.59166666666667],[130.9875,33.59583333333333],[130.99375,33.59583333333333],[130.99375,33.591666666666676],[130.9875,33.59166666666667]]]}},{"type":"Feature","id":"40647:503037192","properties":{"id":"40647:503037192","meshCode":"503037192","cityCode":"40647","city":"築上町","lat":33.59375,"lon":130.996875,"areaKm2":0.2680554,"populated2020":false,"population2020":null,"populationNote":"境界またぎ・原典収録外のため自治体内人口は未集計"},"geometry":{"type":"Polygon","coordinates":[[[130.99375,33.591666666666676],[130.99375,33.59583333333333],[131.0,33.59583333333333],[131.0,33.591666666666676],[130.99375,33.591666666666676]]]}},{"type":"Feature","id":"40647:503130101","properties":{"id":"40647:503130101","meshCode":"503130101","cityCode":"40647","city":"築上町","lat":33.59375,"lon":131.003125,"areaKm2":0.2680554,"populated2020":false,"population2020":null,"populationNote":"境界またぎ・原典収録外のため自治体内人口は未集計"},"geometry":{"type":"Polygon","coordinates":[[[131.0,33.591666666666676],[131.0,33.59583333333333],[131.00625,33.59583333333333],[131.00625,33.591666666666676],[131.0,33.591666666666676]]]}},{"type":"Feature","id":"40647:503130102","properties":{"id":"40647:503130102","meshCode":"503130102","cityCode":"40647","city":"築上町","lat":33.59375,"lon":131.009375,"areaKm2":0.2680554,"populated2020":true,"population2020":11.0442,"populationNote":"2020年基準の国交省調整値"},"geometry":{"type":"Polygon","coordinates":[[[131.00625,33.591666666666676],[131.00625,33.59583333333333],[131.0125,33.59583333333333],[131.0125,33.59166666666667],[131.00625,33.591666666666676]]]}},{"type":"Feature","id":"40647:503130111","properties":{"id":"40647:503130111","meshCode":"503130111","cityCode":"40647","city":"築上町","lat":33.59375,"lon":131.015625,"areaKm2":0.2680554,"populated2020":false,"population2020":null,"populationNote":"境界またぎ・原典収録外のため自治体内人口は未集計"},"geometry":{"type":"Polygon","coordinates":[[[131.0125,33.59166666666667],[131.0125,33.59583333333333],[131.01875,33.59583333333333],[131.01875,33.591666666666676],[131.0125,33.59166666666667]]]}},{"type":"Feature","id":"40647:503130112","properties":{"id":"40647:503130112","meshCode":"503130112","cityCode":"40647","city":"築上町","lat":33.59375,"lon":131.021875,"areaKm2":0.2680554,"populated2020":false,"population2020":null,"populationNote":"境界またぎ・原典収録外のため自治体内人口は未集計"},"geometry":{"type":"Polygon","coordinates":[[[131.01875,33.591666666666676],[131.01875,33.59583333333333],[131.025,33.59583333333333],[131.025,33.591666666666676],[131.01875,33.591666666666676]]]}},{"type":"Feature","id":"40647:503130121","properties":{"id":"40647:503130121","meshCode":"503130121","cityCode":"40647","city":"築上町","lat":33.59375,"lon":131.028125,"areaKm2":0.2680555,"populated2020":true,"population2020":1.0,"populationNote":"2020年基準の国交省調整値"},"geometry":{"type":"Polygon","coordinates":[[[131.025,33.591666666666676],[131.025,33.59583333333333],[131.03125,33.59583333333333],[131.03125,33.591666666666676],[131.025,33.591666666666676]]]}},{"type":"Feature","id":"40647:503130122","properties":{"id":"40647:503130122","meshCode":"503130122","cityCode":"40647","city":"築上町","lat":33.59375,"lon":131.034375,"areaKm2":0.2680555,"populated2020":false,"population2020":null,"populationNote":"境界またぎ・原典収録外のため自治体内人口は未集計"},"geometry":{"type":"Polygon","coordinates":[[[131.03125,33.591666666666676],[131.03125,33.59583333333333],[131.0375,33.59583333333333],[131.0375,33.591666666666676],[131.03125,33.591666666666676]]]}},{"type":"Feature","id":"40647:503130131","properties":{"id":"40647:503130131","meshCode":"503130131","cityCode":"40647","city":"築上町","lat":33.59375,"lon":131.040625,"areaKm2":0.2680555,"populated2020":false,"population2020":null,"populationNote":"境界またぎ・原典収録外のため自治体内人口は未集計"},"geometry":{"type":"Polygon","coordinates":[[[131.0375,33.591666666666676],[131.0375,33.59583333333333],[131.04375,33.59583333333333],[131.04375,33.59166666666667],[131.0375,33.591666666666676]]]}},{"type":"Feature","id":"40647:503130132","properties":{"id":"40647:503130132","meshCode":"503130132","cityCode":"40647","city":"築上町","lat":33.59375,"lon":131.046875,"areaKm2":0.184491,"populated2020":false,"population2020":null,"populationNote":"境界またぎ・原典収録外のため自治体内人口は未集計"},"geometry":{"type":"Polygon","coordinates":[[[131.04876347656221,33.59583333333333],[131.04799472100012,33.59392527900007],[131.04791360600007,33.593601667000144],[131.04791000000012,33.592741946],[131.04767083000002,33.59233],[131.04745946789373,33.591666666666676],[131.04375,33.59166666666667],[131.04375,33.59583333333333],[131.04876347656221,33.59583333333333]]]}},{"type":"Feature","id":"40647:503037173","properties":{"id":"40647:503037173","meshCode":"503037173","cityCode":"40647","city":"築上町","lat":33.5962233,"lon":130.9685814,"areaKm2":0.0027782,"populated2020":false,"population2020":null,"populationNote":"境界またぎ・原典収録外のため自治体内人口は未集計"},"geometry":{"type":"Polygon","coordinates":[[[130.9679642982266,33.59583333333334],[130.96819778200003,33.59602],[130.96875000000003,33.596542969910395],[130.96875000000003,33.59583333333333],[130.9679642982266,33.59583333333334]]]}},{"type":"Feature","id":"40647:503037174","properties":{"id":"40647:503037174","meshCode":"503037174","cityCode":"40647","city":"築上町","lat":33.5979167,"lon":130.971875,"areaKm2":0.2484363,"populated2020":false,"population2020":null,"populationNote":"境界またぎ・原典収録外のため自治体内人口は未集計"},"geometry":{"type":"Polygon","coordinates":[[[130.96875000000003,33.596542969910395],[130.968903606,33.59683],[130.968808054,33.597288333],[130.968898885,33.597695829],[130.969027497,33.597967775],[130.969777224,33.59887777499999],[130.969883891,33.599150279],[130.96984333300003,33.599375279],[130.969670558,33.599640559],[130.969736667,33.6],[130.975,33.60000000000001],[130.975,33.59583333333333],[130.96875000000003,33.59583333333333],[130.96875000000003,33.596542969910395]]]}},{"type":"Feature","id":"40647:503037183","properties":{"id":"40647:503037183","meshCode":"503037183","cityCode":"40647","city":"築上町","lat":33.5979167,"lon":130.978125,"areaKm2":0.2680427,"populated2020":true,"population2020":8.0221,"populationNote":"2020年基準の国交省調整値"},"geometry":{"type":"Polygon","coordinates":[[[130.975,33.59583333333333],[130.975,33.60000000000001],[130.98125,33.60000000000001],[130.98125,33.59583333333333],[130.975,33.59583333333333]]]}},{"type":"Feature","id":"40647:503037184","properties":{"id":"40647:503037184","meshCode":"503037184","cityCode":"40647","city":"築上町","lat":33.5979167,"lon":130.984375,"areaKm2":0.2680427,"populated2020":true,"population2020":51.2472,"populationNote":"2020年基準の国交省調整値"},"geometry":{"type":"Polygon","coordinates":[[[130.98125,33.59583333333333],[130.98125,33.60000000000001],[130.9875,33.60000000000001],[130.9875,33.59583333333333],[130.98125,33.59583333333333]]]}},{"type":"Feature","id":"40647:503037193","properties":{"id":"40647:503037193","meshCode":"503037193","cityCode":"40647","city":"築上町","lat":33.5979167,"lon":130.990625,"areaKm2":0.2680427,"populated2020":false,"population2020":null,"populationNote":"境界またぎ・原典収録外のため自治体内人口は未集計"},"geometry":{"type":"Polygon","coordinates":[[[130.9875,33.59583333333333],[130.9875,33.60000000000001],[130.99375,33.6],[130.99375,33.59583333333333],[130.9875,33.59583333333333]]]}},{"type":"Feature","id":"40647:503037194","properties":{"id":"40647:503037194","meshCode":"503037194","cityCode":"40647","city":"築上町","lat":33.5979167,"lon":130.996875,"areaKm2":0.2680427,"populated2020":false,"population2020":null,"populationNote":"境界またぎ・原典収録外のため自治体内人口は未集計"},"geometry":{"type":"Polygon","coordinates":[[[130.99375,33.59583333333333],[130.99375,33.6],[131.0,33.6],[131.0,33.59583333333333],[130.99375,33.59583333333333]]]}},{"type":"Feature","id":"40647:503130103","properties":{"id":"40647:503130103","meshCode":"503130103","cityCode":"40647","city":"築上町","lat":33.5979167,"lon":131.003125,"areaKm2":0.2680427,"populated2020":false,"population2020":null,"populationNote":"境界またぎ・原典収録外のため自治体内人口は未集計"},"geometry":{"type":"Polygon","coordinates":[[[131.0,33.59583333333333],[131.0,33.6],[131.00625,33.6],[131.00625,33.59583333333333],[131.0,33.59583333333333]]]}},{"type":"Feature","id":"40647:503130104","properties":{"id":"40647:503130104","meshCode":"503130104","cityCode":"40647","city":"築上町","lat":33.5979167,"lon":131.009375,"areaKm2":0.2680427,"populated2020":true,"population2020":5.0145,"populationNote":"2020年基準の国交省調整値"},"geometry":{"type":"Polygon","coordinates":[[[131.00625,33.59583333333333],[131.00625,33.6],[131.0125,33.60000000000001],[131.0125,33.59583333333333],[131.00625,33.59583333333333]]]}},{"type":"Feature","id":"40647:503130113","properties":{"id":"40647:503130113","meshCode":"503130113","cityCode":"40647","city":"築上町","lat":33.5979167,"lon":131.015625,"areaKm2":0.2680427,"populated2020":false,"population2020":null,"populationNote":"境界またぎ・原典収録外のため自治体内人口は未集計"},"geometry":{"type":"Polygon","coordinates":[[[131.0125,33.59583333333333],[131.0125,33.60000000000001],[131.01875,33.60000000000001],[131.01875,33.59583333333333],[131.0125,33.59583333333333]]]}},{"type":"Feature","id":"40647:503130114","properties":{"id":"40647:503130114","meshCode":"503130114","cityCode":"40647","city":"築上町","lat":33.5979167,"lon":131.021875,"areaKm2":0.2680427,"populated2020":false,"population2020":null,"populationNote":"境界またぎ・原典収録外のため自治体内人口は未集計"},"geometry":{"type":"Polygon","coordinates":[[[131.01875,33.59583333333333],[131.01875,33.60000000000001],[131.025,33.60000000000001],[131.025,33.59583333333333],[131.01875,33.59583333333333]]]}},{"type":"Feature","id":"40647:503130123","properties":{"id":"40647:503130123","meshCode":"503130123","cityCode":"40647","city":"築上町","lat":33.5979167,"lon":131.028125,"areaKm2":0.2680427,"populated2020":true,"population2020":2.0072,"populationNote":"2020年基準の国交省調整値"},"geometry":{"type":"Polygon","coordinates":[[[131.025,33.59583333333333],[131.025,33.60000000000001],[131.03125,33.6],[131.03125,33.59583333333333],[131.025,33.59583333333333]]]}},{"type":"Feature","id":"40647:503130124","properties":{"id":"40647:503130124","meshCode":"503130124","cityCode":"40647","city":"築上町","lat":33.5979167,"lon":131.034375,"areaKm2":0.2680428,"populated2020":false,"population2020":null,"populationNote":"境界またぎ・原典収録外のため自治体内人口は未集計"},"geometry":{"type":"Polygon","coordinates":[[[131.03125,33.59583333333333],[131.03125,33.6],[131.0375,33.60000000000001],[131.0375,33.59583333333333],[131.03125,33.59583333333333]]]}},{"type":"Feature","id":"40647:503130133","properties":{"id":"40647:503130133","meshCode":"503130133","cityCode":"40647","city":"築上町","lat":33.5979167,"lon":131.040625,"areaKm2":0.2680428,"populated2020":false,"population2020":null,"populationNote":"境界またぎ・原典収録外のため自治体内人口は未集計"},"geometry":{"type":"Polygon","coordinates":[[[131.0375,33.59583333333333],[131.0375,33.60000000000001],[131.04375,33.6],[131.04375,33.59583333333333],[131.0375,33.59583333333333]]]}},{"type":"Feature","id":"40647:503130134","properties":{"id":"40647:503130134","meshCode":"503130134","cityCode":"40647","city":"築上町","lat":33.5979167,"lon":131.046875,"areaKm2":0.2583626,"populated2020":false,"population2020":null,"populationNote":"境界またぎ・原典収録外のため自治体内人口は未集計"},"geometry":{"type":"Polygon","coordinates":[[[131.04997583700003,33.5973344410001],[131.04876347656221,33.59583333333333],[131.04375,33.59583333333333],[131.04375,33.6],[131.05,33.6],[131.04997583700003,33.5973344410001]]]}},{"type":"Feature","id":"40647:503130143","properties":{"id":"40647:503130143","meshCode":"503130143","cityCode":"40647","city":"築上町","lat":33.5988061,"lon":131.0507312,"areaKm2":0.0417939,"populated2020":true,"population2020":null,"populationNote":"境界またぎ・原典収録外のため自治体内人口は未集計"},"geometry":{"type":"Polygon","coordinates":[[[131.05303766500003,33.6],[131.05200221799998,33.599071666999926],[131.05152805399996,33.598960278999996],[131.05139666700006,33.59865194600014],[131.05112221800016,33.598419162000035],[131.05099666699994,33.59813389200008],[131.05072917000018,33.597829162000096],[131.05,33.59734964],[131.05,33.6],[131.05303766500003,33.6]]]}},{"type":"Feature","id":"40647:503037272","properties":{"id":"40647:503037272","meshCode":"503037272","cityCode":"40647","city":"築上町","lat":33.6020833,"lon":130.971875,"areaKm2":0.1880254,"populated2020":false,"population2020":null,"populationNote":"境界またぎ・原典収録外のため自治体内人口は未集計"},"geometry":{"type":"Polygon","coordinates":[[[130.969736667,33.6],[130.970265551,33.600736667],[130.970614721,33.601415829000004],[130.970724449,33.60200582899999],[130.970459728,33.602563892],[130.970467224,33.602763892000006],[130.971444721,33.603894441],[130.97141525655792,33.60416666666666],[130.975,33.60416666666666],[130.975,33.60000000000001],[130.969736667,33.6]]]}},{"type":"Feature","id":"40647:503037281","properties":{"id":"40647:503037281","meshCode":"503037281","cityCode":"40647","city":"築上町","lat":33.6020833,"lon":130.978125,"areaKm2":0.26803,"populated2020":true,"population2020":28.0518,"populationNote":"2020年基準の国交省調整値"},"geometry":{"type":"Polygon","coordinates":[[[130.975,33.60000000000001],[130.975,33.60416666666666],[130.98125,33.604166666666664],[130.98125,33.60000000000001],[130.975,33.60000000000001]]]}},{"type":"Feature","id":"40647:503037282","properties":{"id":"40647:503037282","meshCode":"503037282","cityCode":"40647","city":"築上町","lat":33.6020833,"lon":130.984375,"areaKm2":0.26803,"populated2020":true,"population2020":23.089,"populationNote":"2020年基準の国交省調整値"},"geometry":{"type":"Polygon","coordinates":[[[130.98125,33.60000000000001],[130.98125,33.604166666666664],[130.9875,33.60416666666667],[130.9875,33.60000000000001],[130.98125,33.60000000000001]]]}},{"type":"Feature","id":"40647:503037291","properties":{"id":"40647:503037291","meshCode":"503037291","cityCode":"40647","city":"築上町","lat":33.6020833,"lon":130.990625,"areaKm2":0.26803,"populated2020":false,"population2020":null,"populationNote":"境界またぎ・原典収録外のため自治体内人口は未集計"},"geometry":{"type":"Polygon","coordinates":[[[130.9875,33.60000000000001],[130.9875,33.60416666666667],[130.99375,33.60416666666666],[130.99375,33.6],[130.9875,33.60000000000001]]]}},{"type":"Feature","id":"40647:503037292","properties":{"id":"40647:503037292","meshCode":"503037292","cityCode":"40647","city":"築上町","lat":33.6020833,"lon":130.996875,"areaKm2":0.26803,"populated2020":false,"population2020":null,"populationNote":"境界またぎ・原典収録外のため自治体内人口は未集計"},"geometry":{"type":"Polygon","coordinates":[[[130.99375,33.6],[130.99375,33.60416666666666],[131.0,33.604166666666664],[131.0,33.6],[130.99375,33.6]]]}},{"type":"Feature","id":"40647:503130201","properties":{"id":"40647:503130201","meshCode":"503130201","cityCode":"40647","city":"築上町","lat":33.6020833,"lon":131.003125,"areaKm2":0.26803,"populated2020":false,"population2020":null,"populationNote":"境界またぎ・原典収録外のため自治体内人口は未集計"},"geometry":{"type":"Polygon","coordinates":[[[131.0,33.6],[131.0,33.604166666666664],[131.00625,33.60416666666666],[131.00625,33.6],[131.0,33.6]]]}},{"type":"Feature","id":"40647:503130202","properties":{"id":"40647:503130202","meshCode":"503130202","cityCode":"40647","city":"築上町","lat":33.6020833,"lon":131.009375,"areaKm2":0.26803,"populated2020":false,"population2020":null,"populationNote":"境界またぎ・原典収録外のため自治体内人口は未集計"},"geometry":{"type":"Polygon","coordinates":[[[131.00625,33.6],[131.00625,33.60416666666666],[131.0125,33.60416666666667],[131.0125,33.60000000000001],[131.00625,33.6]]]}},{"type":"Feature","id":"40647:503130211","properties":{"id":"40647:503130211","meshCode":"503130211","cityCode":"40647","city":"築上町","lat":33.6020833,"lon":131.015625,"areaKm2":0.26803,"populated2020":true,"population2020":27.1085,"populationNote":"2020年基準の国交省調整値"},"geometry":{"type":"Polygon","coordinates":[[[131.0125,33.60000000000001],[131.0125,33.60416666666667],[131.01875,33.604166666666664],[131.01875,33.60000000000001],[131.0125,33.60000000000001]]]}},{"type":"Feature","id":"40647:503130212","properties":{"id":"40647:503130212","meshCode":"503130212","cityCode":"40647","city":"築上町","lat":33.6020833,"lon":131.021875,"areaKm2":0.26803,"populated2020":false,"population2020":null,"populationNote":"境界またぎ・原典収録外のため自治体内人口は未集計"},"geometry":{"type":"Polygon","coordinates":[[[131.01875,33.60000000000001],[131.01875,33.604166666666664],[131.025,33.60416666666666],[131.025,33.60000000000001],[131.01875,33.60000000000001]]]}},{"type":"Feature","id":"40647:503130221","properties":{"id":"40647:503130221","meshCode":"503130221","cityCode":"40647","city":"築上町","lat":33.6020833,"lon":131.028125,"areaKm2":0.26803,"populated2020":false,"population2020":null,"populationNote":"境界またぎ・原典収録外のため自治体内人口は未集計"},"geometry":{"type":"Polygon","coordinates":[[[131.025,33.60000000000001],[131.025,33.60416666666666],[131.03125,33.604166666666664],[131.03125,33.6],[131.025,33.60000000000001]]]}},{"type":"Feature","id":"40647:503130222","properties":{"id":"40647:503130222","meshCode":"503130222","cityCode":"40647","city":"築上町","lat":33.6020833,"lon":131.034375,"areaKm2":0.2680301,"populated2020":false,"population2020":null,"populationNote":"境界またぎ・原典収録外のため自治体内人口は未集計"},"geometry":{"type":"Polygon","coordinates":[[[131.03125,33.6],[131.03125,33.604166666666664],[131.0375,33.60416666666666],[131.0375,33.60000000000001],[131.03125,33.6]]]}},{"type":"Feature","id":"40647:503130231","properties":{"id":"40647:503130231","meshCode":"503130231","cityCode":"40647","city":"築上町","lat":33.6020833,"lon":131.040625,"areaKm2":0.2680301,"populated2020":true,"population2020":9.0307,"populationNote":"2020年基準の国交省調整値"},"geometry":{"type":"Polygon","coordinates":[[[131.0375,33.60000000000001],[131.0375,33.60416666666666],[131.04375,33.604166666666664],[131.04375,33.6],[131.0375,33.60000000000001]]]}},{"type":"Feature","id":"40647:503130232","properties":{"id":"40647:503130232","meshCode":"503130232","cityCode":"40647","city":"築上町","lat":33.6020833,"lon":131.046875,"areaKm2":0.2680301,"populated2020":false,"population2020":null,"populationNote":"境界またぎ・原典収録外のため自治体内人口は未集計"},"geometry":{"type":"Polygon","coordinates":[[[131.04375,33.6],[131.04375,33.604166666666664],[131.05,33.604166666666664],[131.05,33.6],[131.04375,33.6]]]}},{"type":"Feature","id":"40647:503130241","properties":{"id":"40647:503130241","meshCode":"503130241","cityCode":"40647","city":"築上町","lat":33.6020833,"lon":131.053125,"areaKm2":0.2090688,"populated2020":false,"population2020":null,"populationNote":"境界またぎ・原典収録外のため自治体内人口は未集計"},"geometry":{"type":"Polygon","coordinates":[[[131.05554555100014,33.602732775],[131.05519055800016,33.602201387000086],[131.054439442,33.601663612999964],[131.054245551,33.60127305400011],[131.05382221800005,33.60108944100012],[131.05343972800006,33.600682495],[131.05303766500003,33.6],[131.05,33.6],[131.05,33.604166666666664],[131.05625,33.604166666666664],[131.05625,33.60335637070485],[131.05554555100014,33.602732775]]]}},{"type":"Feature","id":"40647:503130242","properties":{"id":"40647:503130242","meshCode":"503130242","cityCode":"40647","city":"築上町","lat":33.6037935,"lon":131.0565208,"areaKm2":0.0048601,"populated2020":true,"population2020":null,"populationNote":"境界またぎ・原典収録外のため自治体内人口は未集計"},"geometry":{"type":"Polygon","coordinates":[[[131.05773385782317,33.60416666666666],[131.05702610900008,33.603958613000145],[131.05625,33.60335637070485],[131.05625,33.604166666666664],[131.05773385782317,33.60416666666666]]]}},{"type":"Feature","id":"40647:503037274","properties":{"id":"40647:503037274","meshCode":"503037274","cityCode":"40647","city":"築上町","lat":33.60625,"lon":130.971875,"areaKm2":0.1607076,"populated2020":false,"population2020":null,"populationNote":"境界またぎ・原典収録外のため自治体内人口は未集計"},"geometry":{"type":"Polygon","coordinates":[[[130.97141525655792,33.60416666666666],[130.971102776,33.604870559],[130.971205837,33.605570279],[130.971102776,33.606533333],[130.97154666700004,33.60824027900001],[130.97164185534106,33.608333333333334],[130.975,33.60833333333333],[130.975,33.60416666666666],[130.97141525655792,33.60416666666666]]]}},{"type":"Feature","id":"40647:503037283","properties":{"id":"40647:503037283","meshCode":"503037283","cityCode":"40647","city":"築上町","lat":33.60625,"lon":130.978125,"areaKm2":0.2680173,"populated2020":true,"population2020":29.0735,"populationNote":"2020年基準の国交省調整値"},"geometry":{"type":"Polygon","coordinates":[[[130.975,33.60416666666666],[130.975,33.60833333333333],[130.98125,33.608333333333334],[130.98125,33.604166666666664],[130.975,33.60416666666666]]]}},{"type":"Feature","id":"40647:503037284","properties":{"id":"40647:503037284","meshCode":"503037284","cityCode":"40647","city":"築上町","lat":33.60625,"lon":130.984375,"areaKm2":0.2680173,"populated2020":true,"population2020":29.146,"populationNote":"2020年基準の国交省調整値"},"geometry":{"type":"Polygon","coordinates":[[[130.98125,33.604166666666664],[130.98125,33.608333333333334],[130.9875,33.608333333333334],[130.9875,33.60416666666667],[130.98125,33.604166666666664]]]}},{"type":"Feature","id":"40647:503037293","properties":{"id":"40647:503037293","meshCode":"503037293","cityCode":"40647","city":"築上町","lat":33.60625,"lon":130.990625,"areaKm2":0.2680173,"populated2020":false,"population2020":null,"populationNote":"境界またぎ・原典収録外のため自治体内人口は未集計"},"geometry":{"type":"Polygon","coordinates":[[[130.9875,33.60416666666667],[130.9875,33.608333333333334],[130.99375,33.60833333333333],[130.99375,33.60416666666666],[130.9875,33.60416666666667]]]}},{"type":"Feature","id":"40647:503037294","properties":{"id":"40647:503037294","meshCode":"503037294","cityCode":"40647","city":"築上町","lat":33.60625,"lon":130.996875,"areaKm2":0.2680173,"populated2020":false,"population2020":null,"populationNote":"境界またぎ・原典収録外のため自治体内人口は未集計"},"geometry":{"type":"Polygon","coordinates":[[[130.99375,33.60416666666666],[130.99375,33.60833333333333],[131.0,33.608333333333334],[131.0,33.604166666666664],[130.99375,33.60416666666666]]]}},{"type":"Feature","id":"40647:503130203","properties":{"id":"40647:503130203","meshCode":"503130203","cityCode":"40647","city":"築上町","lat":33.60625,"lon":131.003125,"areaKm2":0.2680173,"populated2020":false,"population2020":null,"populationNote":"境界またぎ・原典収録外のため自治体内人口は未集計"},"geometry":{"type":"Polygon","coordinates":[[[131.0,33.604166666666664],[131.0,33.608333333333334],[131.00625,33.60833333333333],[131.00625,33.60416666666666],[131.0,33.604166666666664]]]}},{"type":"Feature","id":"40647:503130204","properties":{"id":"40647:503130204","meshCode":"503130204","cityCode":"40647","city":"築上町","lat":33.60625,"lon":131.009375,"areaKm2":0.2680173,"populated2020":false,"population2020":null,"populationNote":"境界またぎ・原典収録外のため自治体内人口は未集計"},"geometry":{"type":"Polygon","coordinates":[[[131.00625,33.60416666666666],[131.00625,33.60833333333333],[131.0125,33.608333333333334],[131.0125,33.60416666666667],[131.00625,33.60416666666666]]]}},{"type":"Feature","id":"40647:503130213","properties":{"id":"40647:503130213","meshCode":"503130213","cityCode":"40647","city":"築上町","lat":33.60625,"lon":131.015625,"areaKm2":0.2680173,"populated2020":false,"population2020":null,"populationNote":"境界またぎ・原典収録外のため自治体内人口は未集計"},"geometry":{"type":"Polygon","coordinates":[[[131.0125,33.60416666666667],[131.0125,33.608333333333334],[131.01875,33.608333333333334],[131.01875,33.604166666666664],[131.0125,33.60416666666667]]]}},{"type":"Feature","id":"40647:503130214","properties":{"id":"40647:503130214","meshCode":"503130214","cityCode":"40647","city":"築上町","lat":33.60625,"lon":131.021875,"areaKm2":0.2680173,"populated2020":false,"population2020":null,"populationNote":"境界またぎ・原典収録外のため自治体内人口は未集計"},"geometry":{"type":"Polygon","coordinates":[[[131.01875,33.604166666666664],[131.01875,33.608333333333334],[131.025,33.60833333333333],[131.025,33.60416666666666],[131.01875,33.604166666666664]]]}},{"type":"Feature","id":"40647:503130223","properties":{"id":"40647:503130223","meshCode":"503130223","cityCode":"40647","city":"築上町","lat":33.60625,"lon":131.028125,"areaKm2":0.2680173,"populated2020":false,"population2020":null,"populationNote":"境界またぎ・原典収録外のため自治体内人口は未集計"},"geometry":{"type":"Polygon","coordinates":[[[131.025,33.60416666666666],[131.025,33.60833333333333],[131.03125,33.60833333333333],[131.03125,33.604166666666664],[131.025,33.60416666666666]]]}},{"type":"Feature","id":"40647:503130224","properties":{"id":"40647:503130224","meshCode":"503130224","cityCode":"40647","city":"築上町","lat":33.60625,"lon":131.034375,"areaKm2":0.2680173,"populated2020":true,"population2020":6.0188,"populationNote":"2020年基準の国交省調整値"},"geometry":{"type":"Polygon","coordinates":[[[131.03125,33.604166666666664],[131.03125,33.60833333333333],[131.0375,33.608333333333334],[131.0375,33.60416666666666],[131.03125,33.604166666666664]]]}},{"type":"Feature","id":"40647:503130233","properties":{"id":"40647:503130233","meshCode":"503130233","cityCode":"40647","city":"築上町","lat":33.60625,"lon":131.040625,"areaKm2":0.2680174,"populated2020":true,"population2020":26.0767,"populationNote":"2020年基準の国交省調整値"},"geometry":{"type":"Polygon","coordinates":[[[131.0375,33.60416666666666],[131.0375,33.608333333333334],[131.04375,33.608333333333334],[131.04375,33.604166666666664],[131.0375,33.60416666666666]]]}},{"type":"Feature","id":"40647:503130234","properties":{"id":"40647:503130234","meshCode":"503130234","cityCode":"40647","city":"築上町","lat":33.60625,"lon":131.046875,"areaKm2":0.2680174,"populated2020":false,"population2020":null,"populationNote":"境界またぎ・原典収録外のため自治体内人口は未集計"},"geometry":{"type":"Polygon","coordinates":[[[131.04375,33.604166666666664],[131.04375,33.608333333333334],[131.05,33.60833333333333],[131.05,33.604166666666664],[131.04375,33.604166666666664]]]}},{"type":"Feature","id":"40647:503130243","properties":{"id":"40647:503130243","meshCode":"503130243","cityCode":"40647","city":"築上町","lat":33.60625,"lon":131.053125,"areaKm2":0.2680174,"populated2020":false,"population2020":null,"populationNote":"境界またぎ・原典収録外のため自治体内人口は未集計"},"geometry":{"type":"Polygon","coordinates":[[[131.05,33.604166666666664],[131.05,33.60833333333333],[131.05625,33.608333333333334],[131.05625,33.604166666666664],[131.05,33.604166666666664]]]}},{"type":"Feature","id":"40647:503130244","properties":{"id":"40647:503130244","meshCode":"503130244","cityCode":"40647","city":"築上町","lat":33.60625,"lon":131.059375,"areaKm2":0.1934766,"populated2020":false,"population2020":null,"populationNote":"境界またぎ・原典収録外のため自治体内人口は未集計"},"geometry":{"type":"Polygon","coordinates":[[[131.0625,33.607273118330575],[131.06015917000002,33.60554582900004],[131.05885221800008,33.605113612999965],[131.05806166000002,33.604377494999994],[131.05773385782317,33.60416666666666],[131.05625,33.604166666666664],[131.05625,33.608333333333334],[131.0625,33.608333333333334],[131.0625,33.607273118330575]]]}},{"type":"Feature","id":"40647:503130253","properties":{"id":"40647:503130253","meshCode":"503130253","cityCode":"40647","city":"築上町","lat":33.6077985,"lon":131.062979,"areaKm2":0.0095104,"populated2020":false,"population2020":null,"populationNote":"境界またぎ・原典収録外のため自治体内人口は未集計"},"geometry":{"type":"Polygon","coordinates":[[[131.064092866,33.60833333300013],[131.06329722400017,33.60766610800005],[131.06283888500013,33.60750749499999],[131.0625,33.607273118330575],[131.0625,33.608333333333334],[131.064092866,33.60833333300013]]]}},{"type":"Feature","id":"40647:503037372","properties":{"id":"40647:503037372","meshCode":"503037372","cityCode":"40647","city":"築上町","lat":33.6105485,"lon":130.9739831,"areaKm2":0.1054876,"populated2020":false,"population2020":null,"populationNote":"境界またぎ・原典収録外のため自治体内人口は未集計"},"geometry":{"type":"Polygon","coordinates":[[[130.97164185534106,33.608333333333334],[130.972053891,33.608864162],[130.972171388,33.609298613],[130.97279166,33.609983054],[130.973030558,33.610789721],[130.972883606,33.611268892000005],[130.972553333,33.61187582899999],[130.97237160121801,33.6125],[130.975,33.6125],[130.975,33.60833333333333],[130.97164185534106,33.608333333333334]]]}},{"type":"Feature","id":"40647:503037381","properties":{"id":"40647:503037381","meshCode":"503037381","cityCode":"40647","city":"築上町","lat":33.6104167,"lon":130.978125,"areaKm2":0.2680046,"populated2020":false,"population2020":null,"populationNote":"境界またぎ・原典収録外のため自治体内人口は未集計"},"geometry":{"type":"Polygon","coordinates":[[[130.975,33.60833333333333],[130.975,33.6125],[130.98125,33.61249999999999],[130.98125,33.608333333333334],[130.975,33.60833333333333]]]}},{"type":"Feature","id":"40647:503037382","properties":{"id":"40647:503037382","meshCode":"503037382","cityCode":"40647","city":"築上町","lat":33.6104167,"lon":130.984375,"areaKm2":0.2680046,"populated2020":true,"population2020":11.0561,"populationNote":"2020年基準の国交省調整値"},"geometry":{"type":"Polygon","coordinates":[[[130.98125,33.608333333333334],[130.98125,33.61249999999999],[130.9875,33.6125],[130.9875,33.608333333333334],[130.98125,33.608333333333334]]]}},{"type":"Feature","id":"40647:503037391","properties":{"id":"40647:503037391","meshCode":"503037391","cityCode":"40647","city":"築上町","lat":33.6104167,"lon":130.990625,"areaKm2":0.2680046,"populated2020":false,"population2020":null,"populationNote":"境界またぎ・原典収録外のため自治体内人口は未集計"},"geometry":{"type":"Polygon","coordinates":[[[130.9875,33.608333333333334],[130.9875,33.6125],[130.99375,33.6125],[130.99375,33.60833333333333],[130.9875,33.608333333333334]]]}},{"type":"Feature","id":"40647:503037392","properties":{"id":"40647:503037392","meshCode":"503037392","cityCode":"40647","city":"築上町","lat":33.6104167,"lon":130.996875,"areaKm2":0.2680046,"populated2020":false,"population2020":null,"populationNote":"境界またぎ・原典収録外のため自治体内人口は未集計"},"geometry":{"type":"Polygon","coordinates":[[[130.99375,33.60833333333333],[130.99375,33.6125],[131.0,33.6125],[131.0,33.608333333333334],[130.99375,33.60833333333333]]]}},{"type":"Feature","id":"40647:503130301","properties":{"id":"40647:503130301","meshCode":"503130301","cityCode":"40647","city":"築上町","lat":33.6104167,"lon":131.003125,"areaKm2":0.2680046,"populated2020":false,"population2020":null,"populationNote":"境界またぎ・原典収録外のため自治体内人口は未集計"},"geometry":{"type":"Polygon","coordinates":[[[131.0,33.608333333333334],[131.0,33.6125],[131.00625,33.6125],[131.00625,33.60833333333333],[131.0,33.608333333333334]]]}},{"type":"Feature","id":"40647:503130302","properties":{"id":"40647:503130302","meshCode":"503130302","cityCode":"40647","city":"築上町","lat":33.6104167,"lon":131.009375,"areaKm2":0.2680046,"populated2020":false,"population2020":null,"populationNote":"境界またぎ・原典収録外のため自治体内人口は未集計"},"geometry":{"type":"Polygon","coordinates":[[[131.00625,33.60833333333333],[131.00625,33.6125],[131.0125,33.6125],[131.0125,33.608333333333334],[131.00625,33.60833333333333]]]}},{"type":"Feature","id":"40647:503130311","properties":{"id":"40647:503130311","meshCode":"503130311","cityCode":"40647","city":"築上町","lat":33.6104167,"lon":131.015625,"areaKm2":0.2680046,"populated2020":false,"population2020":null,"populationNote":"境界またぎ・原典収録外のため自治体内人口は未集計"},"geometry":{"type":"Polygon","coordinates":[[[131.0125,33.608333333333334],[131.0125,33.6125],[131.01875,33.61249999999999],[131.01875,33.608333333333334],[131.0125,33.608333333333334]]]}},{"type":"Feature","id":"40647:503130312","properties":{"id":"40647:503130312","meshCode":"503130312","cityCode":"40647","city":"築上町","lat":33.6104167,"lon":131.021875,"areaKm2":0.2680046,"populated2020":true,"population2020":2.002,"populationNote":"2020年基準の国交省調整値"},"geometry":{"type":"Polygon","coordinates":[[[131.01875,33.608333333333334],[131.01875,33.61249999999999],[131.025,33.6125],[131.025,33.60833333333333],[131.01875,33.608333333333334]]]}},{"type":"Feature","id":"40647:503130321","properties":{"id":"40647:503130321","meshCode":"503130321","cityCode":"40647","city":"築上町","lat":33.6104167,"lon":131.028125,"areaKm2":0.2680046,"populated2020":false,"population2020":null,"populationNote":"境界またぎ・原典収録外のため自治体内人口は未集計"},"geometry":{"type":"Polygon","coordinates":[[[131.025,33.60833333333333],[131.025,33.6125],[131.03125,33.6125],[131.03125,33.60833333333333],[131.025,33.60833333333333]]]}},{"type":"Feature","id":"40647:503130322","properties":{"id":"40647:503130322","meshCode":"503130322","cityCode":"40647","city":"築上町","lat":33.6104167,"lon":131.034375,"areaKm2":0.2680046,"populated2020":true,"population2020":24.0993,"populationNote":"2020年基準の国交省調整値"},"geometry":{"type":"Polygon","coordinates":[[[131.03125,33.60833333333333],[131.03125,33.6125],[131.0375,33.61249999999999],[131.0375,33.608333333333334],[131.03125,33.60833333333333]]]}},{"type":"Feature","id":"40647:503130331","properties":{"id":"40647:503130331","meshCode":"503130331","cityCode":"40647","city":"築上町","lat":33.6104167,"lon":131.040625,"areaKm2":0.2680047,"populated2020":false,"population2020":null,"populationNote":"境界またぎ・原典収録外のため自治体内人口は未集計"},"geometry":{"type":"Polygon","coordinates":[[[131.0375,33.608333333333334],[131.0375,33.61249999999999],[131.04375,33.6125],[131.04375,33.608333333333334],[131.0375,33.608333333333334]]]}},{"type":"Feature","id":"40647:503130332","properties":{"id":"40647:503130332","meshCode":"503130332","cityCode":"40647","city":"築上町","lat":33.6104167,"lon":131.046875,"areaKm2":0.2680047,"populated2020":true,"population2020":10.0247,"populationNote":"2020年基準の国交省調整値"},"geometry":{"type":"Polygon","coordinates":[[[131.04375,33.608333333333334],[131.04375,33.6125],[131.05,33.6125],[131.05,33.60833333333333],[131.04375,33.608333333333334]]]}},{"type":"Feature","id":"40647:503130341","properties":{"id":"40647:503130341","meshCode":"503130341","cityCode":"40647","city":"築上町","lat":33.6104167,"lon":131.053125,"areaKm2":0.2680047,"populated2020":false,"population2020":null,"populationNote":"境界またぎ・原典収録外のため自治体内人口は未集計"},"geometry":{"type":"Polygon","coordinates":[[[131.05,33.60833333333333],[131.05,33.6125],[131.05625,33.6125],[131.05625,33.608333333333334],[131.05,33.60833333333333]]]}},{"type":"Feature","id":"40647:503130342","properties":{"id":"40647:503130342","meshCode":"503130342","cityCode":"40647","city":"築上町","lat":33.6104167,"lon":131.059375,"areaKm2":0.2680048,"populated2020":false,"population2020":null,"populationNote":"境界またぎ・原典収録外のため自治体内人口は未集計"},"geometry":{"type":"Polygon","coordinates":[[[131.05625,33.608333333333334],[131.05625,33.6125],[131.0625,33.6125],[131.0625,33.608333333333334],[131.05625,33.608333333333334]]]}},{"type":"Feature","id":"40647:503130351","properties":{"id":"40647:503130351","meshCode":"503130351","cityCode":"40647","city":"築上町","lat":33.6104167,"lon":131.065625,"areaKm2":0.1733575,"populated2020":false,"population2020":null,"populationNote":"境界またぎ・原典収録外のため自治体内人口は未集計"},"geometry":{"type":"Polygon","coordinates":[[[131.06792138800006,33.612475559000025],[131.068045279,33.61225082900007],[131.06795555100018,33.611893613],[131.0664983270001,33.610363891999995],[131.06629555099994,33.609724721000134],[131.06596389100002,33.60934110800008],[131.06505472100014,33.60896194599997],[131.06409286646382,33.60833333333333],[131.0625,33.608333333333334],[131.0625,33.6125],[131.06792138800006,33.612475559000025]]]}},{"type":"Feature","id":"40647:503037374","properties":{"id":"40647:503037374","meshCode":"503037374","cityCode":"40647","city":"築上町","lat":33.6145254,"lon":130.9740478,"areaKm2":0.0744331,"populated2020":false,"population2020":null,"populationNote":"境界またぎ・原典収録外のため自治体内人口は未集計"},"geometry":{"type":"Polygon","coordinates":[[[130.97237160121801,33.6125],[130.972450272,33.61335805400001],[130.973132503,33.614589162],[130.974281388,33.61619361300001],[130.974737224,33.61658666700001],[130.975,33.61666666666667],[130.975,33.6125],[130.97237160121801,33.6125]]]}},{"type":"Feature","id":"40647:503037383","properties":{"id":"40647:503037383","meshCode":"503037383","cityCode":"40647","city":"築上町","lat":33.6145833,"lon":130.978125,"areaKm2":0.2679919,"populated2020":false,"population2020":null,"populationNote":"境界またぎ・原典収録外のため自治体内人口は未集計"},"geometry":{"type":"Polygon","coordinates":[[[130.975,33.6125],[130.975,33.61666666666667],[130.98125,33.61666666666667],[130.98125,33.61249999999999],[130.975,33.6125]]]}},{"type":"Feature","id":"40647:503037384","properties":{"id":"40647:503037384","meshCode":"503037384","cityCode":"40647","city":"築上町","lat":33.6145833,"lon":130.984375,"areaKm2":0.2679919,"populated2020":true,"population2020":40.0969,"populationNote":"2020年基準の国交省調整値"},"geometry":{"type":"Polygon","coordinates":[[[130.98125,33.61249999999999],[130.98125,33.61666666666667],[130.9875,33.61666666666667],[130.9875,33.6125],[130.98125,33.61249999999999]]]}},{"type":"Feature","id":"40647:503037393","properties":{"id":"40647:503037393","meshCode":"503037393","cityCode":"40647","city":"築上町","lat":33.6145833,"lon":130.990625,"areaKm2":0.2679919,"populated2020":true,"population2020":67.1124,"populationNote":"2020年基準の国交省調整値"},"geometry":{"type":"Polygon","coordinates":[[[130.9875,33.6125],[130.9875,33.61666666666667],[130.99375,33.61666666666667],[130.99375,33.6125],[130.9875,33.6125]]]}},{"type":"Feature","id":"40647:503037394","properties":{"id":"40647:503037394","meshCode":"503037394","cityCode":"40647","city":"築上町","lat":33.6145833,"lon":130.996875,"areaKm2":0.2679919,"populated2020":false,"population2020":null,"populationNote":"境界またぎ・原典収録外のため自治体内人口は未集計"},"geometry":{"type":"Polygon","coordinates":[[[130.99375,33.6125],[130.99375,33.61666666666667],[131.0,33.61666666666667],[131.0,33.6125],[130.99375,33.6125]]]}},{"type":"Feature","id":"40647:503130303","properties":{"id":"40647:503130303","meshCode":"503130303","cityCode":"40647","city":"築上町","lat":33.6145833,"lon":131.003125,"areaKm2":0.2679919,"populated2020":true,"population2020":12.0581,"populationNote":"2020年基準の国交省調整値"},"geometry":{"type":"Polygon","coordinates":[[[131.0,33.6125],[131.0,33.61666666666667],[131.00625,33.61666666666667],[131.00625,33.6125],[131.0,33.6125]]]}},{"type":"Feature","id":"40647:503130304","properties":{"id":"40647:503130304","meshCode":"503130304","cityCode":"40647","city":"築上町","lat":33.6145833,"lon":131.009375,"areaKm2":0.2679919,"populated2020":false,"population2020":null,"populationNote":"境界またぎ・原典収録外のため自治体内人口は未集計"},"geometry":{"type":"Polygon","coordinates":[[[131.00625,33.6125],[131.00625,33.61666666666667],[131.0125,33.61666666666667],[131.0125,33.6125],[131.00625,33.6125]]]}},{"type":"Feature","id":"40647:503130313","properties":{"id":"40647:503130313","meshCode":"503130313","cityCode":"40647","city":"築上町","lat":33.6145833,"lon":131.015625,"areaKm2":0.2679919,"populated2020":false,"population2020":null,"populationNote":"境界またぎ・原典収録外のため自治体内人口は未集計"},"geometry":{"type":"Polygon","coordinates":[[[131.0125,33.6125],[131.0125,33.61666666666667],[131.01875,33.61666666666667],[131.01875,33.61249999999999],[131.0125,33.6125]]]}},{"type":"Feature","id":"40647:503130314","properties":{"id":"40647:503130314","meshCode":"503130314","cityCode":"40647","city":"築上町","lat":33.6145833,"lon":131.021875,"areaKm2":0.2679919,"populated2020":true,"population2020":23.0776,"populationNote":"2020年基準の国交省調整値"},"geometry":{"type":"Polygon","coordinates":[[[131.01875,33.61249999999999],[131.01875,33.61666666666667],[131.025,33.61666666666667],[131.025,33.6125],[131.01875,33.61249999999999]]]}},{"type":"Feature","id":"40647:503130323","properties":{"id":"40647:503130323","meshCode":"503130323","cityCode":"40647","city":"築上町","lat":33.6145833,"lon":131.028125,"areaKm2":0.2679919,"populated2020":false,"population2020":null,"populationNote":"境界またぎ・原典収録外のため自治体内人口は未集計"},"geometry":{"type":"Polygon","coordinates":[[[131.025,33.6125],[131.025,33.61666666666667],[131.03125,33.616666666666674],[131.03125,33.6125],[131.025,33.6125]]]}},{"type":"Feature","id":"40647:503130324","properties":{"id":"40647:503130324","meshCode":"503130324","cityCode":"40647","city":"築上町","lat":33.6145833,"lon":131.034375,"areaKm2":0.2679919,"populated2020":true,"population2020":4.0084,"populationNote":"2020年基準の国交省調整値"},"geometry":{"type":"Polygon","coordinates":[[[131.03125,33.6125],[131.03125,33.616666666666674],[131.0375,33.616666666666674],[131.0375,33.61249999999999],[131.03125,33.6125]]]}},{"type":"Feature","id":"40647:503130333","properties":{"id":"40647:503130333","meshCode":"503130333","cityCode":"40647","city":"築上町","lat":33.6145833,"lon":131.040625,"areaKm2":0.2679919,"populated2020":true,"population2020":9.0343,"populationNote":"2020年基準の国交省調整値"},"geometry":{"type":"Polygon","coordinates":[[[131.0375,33.61249999999999],[131.0375,33.616666666666674],[131.04375,33.61666666666667],[131.04375,33.6125],[131.0375,33.61249999999999]]]}},{"type":"Feature","id":"40647:503130334","properties":{"id":"40647:503130334","meshCode":"503130334","cityCode":"40647","city":"築上町","lat":33.6145833,"lon":131.046875,"areaKm2":0.267992,"populated2020":false,"population2020":null,"populationNote":"境界またぎ・原典収録外のため自治体内人口は未集計"},"geometry":{"type":"Polygon","coordinates":[[[131.04375,33.6125],[131.04375,33.61666666666667],[131.05,33.616666666666674],[131.05,33.6125],[131.04375,33.6125]]]}},{"type":"Feature","id":"40647:503130343","properties":{"id":"40647:503130343","meshCode":"503130343","cityCode":"40647","city":"築上町","lat":33.6145833,"lon":131.053125,"areaKm2":0.267992,"populated2020":false,"population2020":null,"populationNote":"境界またぎ・原典収録外のため自治体内人口は未集計"},"geometry":{"type":"Polygon","coordinates":[[[131.05,33.6125],[131.05,33.616666666666674],[131.05625,33.61666666666667],[131.05625,33.6125],[131.05,33.6125]]]}},{"type":"Feature","id":"40647:503130344","properties":{"id":"40647:503130344","meshCode":"503130344","cityCode":"40647","city":"築上町","lat":33.6145833,"lon":131.059375,"areaKm2":0.2679921,"populated2020":false,"population2020":null,"populationNote":"境界またぎ・原典収録外のため自治体内人口は未集計"},"geometry":{"type":"Polygon","coordinates":[[[131.05625,33.6125],[131.05625,33.61666666666667],[131.0625,33.61666666666667],[131.0625,33.6125],[131.05625,33.6125]]]}},{"type":"Feature","id":"40647:503130353","properties":{"id":"40647:503130353","meshCode":"503130353","cityCode":"40647","city":"築上町","lat":33.6145833,"lon":131.065625,"areaKm2":0.2643711,"populated2020":true,"population2020":34.0868,"populationNote":"2020年基準の国交省調整値"},"geometry":{"type":"Polygon","coordinates":[[[131.06875000000002,33.61331792997504],[131.06803722400014,33.61268277500011],[131.06792696745535,33.6125],[131.0625,33.6125],[131.0625,33.61666666666667],[131.06875000000002,33.61666666666667],[131.06875000000002,33.61331792997504]]]}},{"type":"Feature","id":"40647:503130354","properties":{"id":"40647:503130354","meshCode":"503130354","cityCode":"40647","city":"築上町","lat":33.6148647,"lon":131.0694021,"areaKm2":0.047906,"populated2020":true,"population2020":null,"populationNote":"境界またぎ・原典収録外のため自治体内人口は未集計"},"geometry":{"type":"Polygon","coordinates":[[[131.0714569127897,33.616666666666674],[131.069797224,33.6145561080001],[131.06934416299998,33.614128333],[131.06916749700008,33.61374055900007],[131.06875000000002,33.61331792997504],[131.06875000000002,33.61666666666667],[131.0714569127897,33.616666666666674]]]}},{"type":"Feature","id":"40647:503037472","properties":{"id":"40647:503037472","meshCode":"503037472","cityCode":"40647","city":"築上町","lat":33.6167138,"lon":130.974983,"areaKm2":3.7e-05,"populated2020":false,"population2020":null,"populationNote":"境界またぎ・原典収録外のため自治体内人口は未集計"},"geometry":{"type":"Polygon","coordinates":[[[130.975,33.61666666666667],[130.974931946,33.616686667],[130.975,33.616740865],[130.975,33.61666666666667]]]}},{"type":"Feature","id":"40647:503037481","properties":{"id":"40647:503037481","meshCode":"503037481","cityCode":"40647","city":"築上町","lat":33.61875,"lon":130.978125,"areaKm2":0.2162597,"populated2020":false,"population2020":null,"populationNote":"境界またぎ・原典収録外のため自治体内人口は未集計"},"geometry":{"type":"Polygon","coordinates":[[[130.975,33.61666666666667],[130.975938885,33.617713612999985],[130.976124994,33.618161945999994],[130.97619499400002,33.618706667000005],[130.97673083,33.620203054],[130.9772606455652,33.62083333333332],[130.98125,33.62083333333334],[130.98125,33.61666666666667],[130.975,33.61666666666667]]]}},{"type":"Feature","id":"40647:503037482","properties":{"id":"40647:503037482","meshCode":"503037482","cityCode":"40647","city":"築上町","lat":33.61875,"lon":130.984375,"areaKm2":0.2679792,"populated2020":true,"population2020":44.1859,"populationNote":"2020年基準の国交省調整値"},"geometry":{"type":"Polygon","coordinates":[[[130.98125,33.61666666666667],[130.98125,33.62083333333334],[130.9875,33.62083333333333],[130.9875,33.61666666666667],[130.98125,33.61666666666667]]]}},{"type":"Feature","id":"40647:503037491","properties":{"id":"40647:503037491","meshCode":"503037491","cityCode":"40647","city":"築上町","lat":33.61875,"lon":130.990625,"areaKm2":0.2679791,"populated2020":true,"population2020":6.013,"populationNote":"2020年基準の国交省調整値"},"geometry":{"type":"Polygon","coordinates":[[[130.9875,33.61666666666667],[130.9875,33.62083333333333],[130.99375,33.62083333333333],[130.99375,33.61666666666667],[130.9875,33.61666666666667]]]}},{"type":"Feature","id":"40647:503037492","properties":{"id":"40647:503037492","meshCode":"503037492","cityCode":"40647","city":"築上町","lat":33.61875,"lon":130.996875,"areaKm2":0.2679791,"populated2020":false,"population2020":null,"populationNote":"境界またぎ・原典収録外のため自治体内人口は未集計"},"geometry":{"type":"Polygon","coordinates":[[[130.99375,33.61666666666667],[130.99375,33.62083333333333],[131.0,33.62083333333333],[131.0,33.61666666666667],[130.99375,33.61666666666667]]]}},{"type":"Feature","id":"40647:503130401","properties":{"id":"40647:503130401","meshCode":"503130401","cityCode":"40647","city":"築上町","lat":33.61875,"lon":131.003125,"areaKm2":0.2679791,"populated2020":true,"population2020":15.0382,"populationNote":"2020年基準の国交省調整値"},"geometry":{"type":"Polygon","coordinates":[[[131.0,33.61666666666667],[131.0,33.62083333333333],[131.00625,33.62083333333333],[131.00625,33.61666666666667],[131.0,33.61666666666667]]]}},{"type":"Feature","id":"40647:503130402","properties":{"id":"40647:503130402","meshCode":"503130402","cityCode":"40647","city":"築上町","lat":33.61875,"lon":131.009375,"areaKm2":0.2679791,"populated2020":false,"population2020":null,"populationNote":"境界またぎ・原典収録外のため自治体内人口は未集計"},"geometry":{"type":"Polygon","coordinates":[[[131.00625,33.61666666666667],[131.00625,33.62083333333333],[131.0125,33.62083333333333],[131.0125,33.61666666666667],[131.00625,33.61666666666667]]]}},{"type":"Feature","id":"40647:503130411","properties":{"id":"40647:503130411","meshCode":"503130411","cityCode":"40647","city":"築上町","lat":33.61875,"lon":131.015625,"areaKm2":0.2679792,"populated2020":false,"population2020":null,"populationNote":"境界またぎ・原典収録外のため自治体内人口は未集計"},"geometry":{"type":"Polygon","coordinates":[[[131.0125,33.61666666666667],[131.0125,33.62083333333333],[131.01875,33.62083333333334],[131.01875,33.61666666666667],[131.0125,33.61666666666667]]]}},{"type":"Feature","id":"40647:503130412","properties":{"id":"40647:503130412","meshCode":"503130412","cityCode":"40647","city":"築上町","lat":33.61875,"lon":131.021875,"areaKm2":0.2679792,"populated2020":true,"population2020":14.0378,"populationNote":"2020年基準の国交省調整値"},"geometry":{"type":"Polygon","coordinates":[[[131.01875,33.61666666666667],[131.01875,33.62083333333334],[131.025,33.62083333333333],[131.025,33.61666666666667],[131.01875,33.61666666666667]]]}},{"type":"Feature","id":"40647:503130421","properties":{"id":"40647:503130421","meshCode":"503130421","cityCode":"40647","city":"築上町","lat":33.61875,"lon":131.028125,"areaKm2":0.2679792,"populated2020":true,"population2020":10.032,"populationNote":"2020年基準の国交省調整値"},"geometry":{"type":"Polygon","coordinates":[[[131.025,33.61666666666667],[131.025,33.62083333333333],[131.03125,33.62083333333333],[131.03125,33.616666666666674],[131.025,33.61666666666667]]]}},{"type":"Feature","id":"40647:503130422","properties":{"id":"40647:503130422","meshCode":"503130422","cityCode":"40647","city":"築上町","lat":33.61875,"lon":131.034375,"areaKm2":0.2679792,"populated2020":false,"population2020":null,"populationNote":"境界またぎ・原典収録外のため自治体内人口は未集計"},"geometry":{"type":"Polygon","coordinates":[[[131.03125,33.616666666666674],[131.03125,33.62083333333333],[131.0375,33.62083333333334],[131.0375,33.616666666666674],[131.03125,33.616666666666674]]]}},{"type":"Feature","id":"40647:503130431","properties":{"id":"40647:503130431","meshCode":"503130431","cityCode":"40647","city":"築上町","lat":33.61875,"lon":131.040625,"areaKm2":0.2679792,"populated2020":true,"population2020":17.0595,"populationNote":"2020年基準の国交省調整値"},"geometry":{"type":"Polygon","coordinates":[[[131.0375,33.616666666666674],[131.0375,33.62083333333334],[131.04375,33.62083333333333],[131.04375,33.61666666666667],[131.0375,33.616666666666674]]]}},{"type":"Feature","id":"40647:503130432","properties":{"id":"40647:503130432","meshCode":"503130432","cityCode":"40647","city":"築上町","lat":33.61875,"lon":131.046875,"areaKm2":0.2679793,"populated2020":false,"population2020":null,"populationNote":"境界またぎ・原典収録外のため自治体内人口は未集計"},"geometry":{"type":"Polygon","coordinates":[[[131.04375,33.61666666666667],[131.04375,33.62083333333333],[131.05,33.62083333333333],[131.05,33.616666666666674],[131.04375,33.61666666666667]]]}},{"type":"Feature","id":"40647:503130441","properties":{"id":"40647:503130441","meshCode":"503130441","cityCode":"40647","city":"築上町","lat":33.61875,"lon":131.053125,"areaKm2":0.2679793,"populated2020":false,"population2020":null,"populationNote":"境界またぎ・原典収録外のため自治体内人口は未集計"},"geometry":{"type":"Polygon","coordinates":[[[131.05,33.616666666666674],[131.05,33.62083333333333],[131.05625,33.62083333333333],[131.05625,33.61666666666667],[131.05,33.616666666666674]]]}},{"type":"Feature","id":"40647:503130442","properties":{"id":"40647:503130442","meshCode":"503130442","cityCode":"40647","city":"築上町","lat":33.61875,"lon":131.059375,"areaKm2":0.2679793,"populated2020":false,"population2020":null,"populationNote":"境界またぎ・原典収録外のため自治体内人口は未集計"},"geometry":{"type":"Polygon","coordinates":[[[131.05625,33.61666666666667],[131.05625,33.62083333333333],[131.0625,33.62083333333333],[131.0625,33.61666666666667],[131.05625,33.61666666666667]]]}},{"type":"Feature","id":"40647:503130451","properties":{"id":"40647:503130451","meshCode":"503130451","cityCode":"40647","city":"築上町","lat":33.61875,"lon":131.065625,"areaKm2":0.2679794,"populated2020":true,"population2020":10.0445,"populationNote":"2020年基準の国交省調整値"},"geometry":{"type":"Polygon","coordinates":[[[131.0625,33.61666666666667],[131.0625,33.62083333333333],[131.06875000000002,33.62083333333333],[131.06875000000002,33.61666666666667],[131.0625,33.61666666666667]]]}},{"type":"Feature","id":"40647:503130452","properties":{"id":"40647:503130452","meshCode":"503130452","cityCode":"40647","city":"築上町","lat":33.61875,"lon":131.071875,"areaKm2":0.1778958,"populated2020":true,"population2020":16.0331,"populationNote":"2020年基準の国交省調整値"},"geometry":{"type":"Polygon","coordinates":[[[131.07465610900002,33.62082472099997],[131.0735649940001,33.619444721000036],[131.07264527900008,33.618831946000064],[131.07248472100014,33.61838666700004],[131.07204221799998,33.61788000000013],[131.0714569127897,33.616666666666674],[131.06875000000002,33.61666666666667],[131.06875000000002,33.62083333333333],[131.07465610900002,33.62082472099997]]]}},{"type":"Feature","id":"40647:503037483","properties":{"id":"40647:503037483","meshCode":"503037483","cityCode":"40647","city":"築上町","lat":33.6229164,"lon":130.9797169,"areaKm2":0.1386415,"populated2020":false,"population2020":null,"populationNote":"境界またぎ・原典収録外のため自治体内人口は未集計"},"geometry":{"type":"Polygon","coordinates":[[[130.9772606455652,33.62083333333332],[130.97749555100003,33.621716387],[130.977811388,33.622536667],[130.978398885,33.623198613],[130.978493891,33.624379441],[130.978416667,33.624669162],[130.978500415,33.62500000000001],[130.98125,33.62500000000001],[130.98125,33.62083333333334],[130.9772606455652,33.62083333333332]]]}},{"type":"Feature","id":"40647:503037484","properties":{"id":"40647:503037484","meshCode":"503037484","cityCode":"40647","city":"築上町","lat":33.6229167,"lon":130.984375,"areaKm2":0.2679664,"populated2020":true,"population2020":40.0818,"populationNote":"2020年基準の国交省調整値"},"geometry":{"type":"Polygon","coordinates":[[[130.98125,33.62083333333334],[130.98125,33.62500000000001],[130.9875,33.62500000000001],[130.9875,33.62083333333333],[130.98125,33.62083333333334]]]}},{"type":"Feature","id":"40647:503037493","properties":{"id":"40647:503037493","meshCode":"503037493","cityCode":"40647","city":"築上町","lat":33.6229167,"lon":130.990625,"areaKm2":0.2679664,"populated2020":true,"population2020":30.1124,"populationNote":"2020年基準の国交省調整値"},"geometry":{"type":"Polygon","coordinates":[[[130.9875,33.62083333333333],[130.9875,33.62500000000001],[130.99375,33.62500000000001],[130.99375,33.62083333333333],[130.9875,33.62083333333333]]]}},{"type":"Feature","id":"40647:503037494","properties":{"id":"40647:503037494","meshCode":"503037494","cityCode":"40647","city":"築上町","lat":33.6229167,"lon":130.996875,"areaKm2":0.2679664,"populated2020":false,"population2020":null,"populationNote":"境界またぎ・原典収録外のため自治体内人口は未集計"},"geometry":{"type":"Polygon","coordinates":[[[130.99375,33.62083333333333],[130.99375,33.62500000000001],[131.0,33.62500000000001],[131.0,33.62083333333333],[130.99375,33.62083333333333]]]}},{"type":"Feature","id":"40647:503130403","properties":{"id":"40647:503130403","meshCode":"503130403","cityCode":"40647","city":"築上町","lat":33.6229167,"lon":131.003125,"areaKm2":0.2679664,"populated2020":true,"population2020":21.0826,"populationNote":"2020年基準の国交省調整値"},"geometry":{"type":"Polygon","coordinates":[[[131.0,33.62083333333333],[131.0,33.62500000000001],[131.00625,33.62500000000001],[131.00625,33.62083333333333],[131.0,33.62083333333333]]]}},{"type":"Feature","id":"40647:503130404","properties":{"id":"40647:503130404","meshCode":"503130404","cityCode":"40647","city":"築上町","lat":33.6229167,"lon":131.009375,"areaKm2":0.2679664,"populated2020":false,"population2020":null,"populationNote":"境界またぎ・原典収録外のため自治体内人口は未集計"},"geometry":{"type":"Polygon","coordinates":[[[131.00625,33.62083333333333],[131.00625,33.62500000000001],[131.0125,33.62500000000001],[131.0125,33.62083333333333],[131.00625,33.62083333333333]]]}},{"type":"Feature","id":"40647:503130413","properties":{"id":"40647:503130413","meshCode":"503130413","cityCode":"40647","city":"築上町","lat":33.6229167,"lon":131.015625,"areaKm2":0.2679664,"populated2020":false,"population2020":null,"populationNote":"境界またぎ・原典収録外のため自治体内人口は未集計"},"geometry":{"type":"Polygon","coordinates":[[[131.0125,33.62083333333333],[131.0125,33.62500000000001],[131.01875,33.62500000000001],[131.01875,33.62083333333334],[131.0125,33.62083333333333]]]}},{"type":"Feature","id":"40647:503130414","properties":{"id":"40647:503130414","meshCode":"503130414","cityCode":"40647","city":"築上町","lat":33.6229167,"lon":131.021875,"areaKm2":0.2679664,"populated2020":false,"population2020":null,"populationNote":"境界またぎ・原典収録外のため自治体内人口は未集計"},"geometry":{"type":"Polygon","coordinates":[[[131.01875,33.62083333333334],[131.01875,33.62500000000001],[131.025,33.62500000000001],[131.025,33.62083333333333],[131.01875,33.62083333333334]]]}},{"type":"Feature","id":"40647:503130423","properties":{"id":"40647:503130423","meshCode":"503130423","cityCode":"40647","city":"築上町","lat":33.6229167,"lon":131.028125,"areaKm2":0.2679665,"populated2020":true,"population2020":20.0683,"populationNote":"2020年基準の国交省調整値"},"geometry":{"type":"Polygon","coordinates":[[[131.025,33.62083333333333],[131.025,33.62500000000001],[131.03125,33.625000000000014],[131.03125,33.62083333333333],[131.025,33.62083333333333]]]}},{"type":"Feature","id":"40647:503130424","properties":{"id":"40647:503130424","meshCode":"503130424","cityCode":"40647","city":"築上町","lat":33.6229167,"lon":131.034375,"areaKm2":0.2679665,"populated2020":true,"population2020":5.0241,"populationNote":"2020年基準の国交省調整値"},"geometry":{"type":"Polygon","coordinates":[[[131.03125,33.62083333333333],[131.03125,33.625000000000014],[131.0375,33.62500000000001],[131.0375,33.62083333333334],[131.03125,33.62083333333333]]]}},{"type":"Feature","id":"40647:503130433","properties":{"id":"40647:503130433","meshCode":"503130433","cityCode":"40647","city":"築上町","lat":33.6229167,"lon":131.040625,"areaKm2":0.2679665,"populated2020":true,"population2020":26.1137,"populationNote":"2020年基準の国交省調整値"},"geometry":{"type":"Polygon","coordinates":[[[131.0375,33.62083333333334],[131.0375,33.62500000000001],[131.04375,33.625],[131.04375,33.62083333333333],[131.0375,33.62083333333334]]]}},{"type":"Feature","id":"40647:503130434","properties":{"id":"40647:503130434","meshCode":"503130434","cityCode":"40647","city":"築上町","lat":33.6229167,"lon":131.046875,"areaKm2":0.2679665,"populated2020":false,"population2020":null,"populationNote":"境界またぎ・原典収録外のため自治体内人口は未集計"},"geometry":{"type":"Polygon","coordinates":[[[131.04375,33.62083333333333],[131.04375,33.625],[131.05,33.62500000000001],[131.05,33.62083333333333],[131.04375,33.62083333333333]]]}},{"type":"Feature","id":"40647:503130443","properties":{"id":"40647:503130443","meshCode":"503130443","cityCode":"40647","city":"築上町","lat":33.6229167,"lon":131.053125,"areaKm2":0.2679666,"populated2020":false,"population2020":null,"populationNote":"境界またぎ・原典収録外のため自治体内人口は未集計"},"geometry":{"type":"Polygon","coordinates":[[[131.05,33.62083333333333],[131.05,33.62500000000001],[131.05625,33.625000000000014],[131.05625,33.62083333333333],[131.05,33.62083333333333]]]}},{"type":"Feature","id":"40647:503130444","properties":{"id":"40647:503130444","meshCode":"503130444","cityCode":"40647","city":"築上町","lat":33.6229167,"lon":131.059375,"areaKm2":0.2679666,"populated2020":false,"population2020":null,"populationNote":"境界またぎ・原典収録外のため自治体内人口は未集計"},"geometry":{"type":"Polygon","coordinates":[[[131.05625,33.62083333333333],[131.05625,33.625000000000014],[131.0625,33.62500000000001],[131.0625,33.62083333333333],[131.05625,33.62083333333333]]]}},{"type":"Feature","id":"40647:503130453","properties":{"id":"40647:503130453","meshCode":"503130453","cityCode":"40647","city":"築上町","lat":33.6229167,"lon":131.065625,"areaKm2":0.2679667,"populated2020":false,"population2020":null,"populationNote":"境界またぎ・原典収録外のため自治体内人口は未集計"},"geometry":{"type":"Polygon","coordinates":[[[131.0625,33.62083333333333],[131.0625,33.62500000000001],[131.06875000000002,33.625000000000014],[131.06875000000002,33.62083333333333],[131.0625,33.62083333333333]]]}},{"type":"Feature","id":"40647:503130454","properties":{"id":"40647:503130454","meshCode":"503130454","cityCode":"40647","city":"築上町","lat":33.6229167,"lon":131.071875,"areaKm2":0.2669925,"populated2020":true,"population2020":39.1709,"populationNote":"2020年基準の国交省調整値"},"geometry":{"type":"Polygon","coordinates":[[[131.07466132475508,33.62083333333333],[131.06875000000002,33.62083333333333],[131.06875000000002,33.625000000000014],[131.075,33.625000000000014],[131.075,33.621392558999794],[131.07466132475508,33.62083333333333]]]}},{"type":"Feature","id":"40647:503130463","properties":{"id":"40647:503130463","meshCode":"503130463","cityCode":"40647","city":"築上町","lat":33.6231589,"lon":131.0755861,"areaKm2":0.0550046,"populated2020":true,"population2020":null,"populationNote":"境界またぎ・原典収録外のため自治体内人口は未集計"},"geometry":{"type":"Polygon","coordinates":[[[131.07858027200007,33.62478416199997],[131.07807861200013,33.624469720999976],[131.07774306099998,33.624413333000064],[131.07768333299998,33.62425861300005],[131.07686917000012,33.623928053999975],[131.07655555099996,33.623650279],[131.07578888500018,33.62266749500003],[131.075,33.621392558999794],[131.075,33.625000000000014],[131.07915155599994,33.62500000000001],[131.07858027200007,33.62478416199997]]]}},{"type":"Feature","id":"40647:503037581","properties":{"id":"40647:503037581","meshCode":"503037581","cityCode":"40647","city":"築上町","lat":33.6271064,"lon":130.9805062,"areaKm2":0.0868883,"populated2020":false,"population2020":null,"populationNote":"境界またぎ・原典収録外のため自治体内人口は未集計"},"geometry":{"type":"Polygon","coordinates":[[[130.978500415,33.62500000000001],[130.978538054,33.626089162],[130.978727782,33.626523892],[130.979014449,33.626813333],[130.979712776,33.62707194600001],[130.979896667,33.62727889200001],[130.97961,33.628703333000004],[130.97969770728056,33.629166666666656],[130.98125,33.62916666666667],[130.98125,33.62500000000001],[130.978500415,33.62500000000001]]]}},{"type":"Feature","id":"40647:503037582","properties":{"id":"40647:503037582","meshCode":"503037582","cityCode":"40647","city":"築上町","lat":33.6270833,"lon":130.984375,"areaKm2":0.2679537,"populated2020":false,"population2020":null,"populationNote":"境界またぎ・原典収録外のため自治体内人口は未集計"},"geometry":{"type":"Polygon","coordinates":[[[130.98125,33.62500000000001],[130.98125,33.62916666666667],[130.9875,33.62916666666666],[130.9875,33.62500000000001],[130.98125,33.62500000000001]]]}},{"type":"Feature","id":"40647:503037591","properties":{"id":"40647:503037591","meshCode":"503037591","cityCode":"40647","city":"築上町","lat":33.6270833,"lon":130.990625,"areaKm2":0.2679537,"populated2020":true,"population2020":89.2414,"populationNote":"2020年基準の国交省調整値"},"geometry":{"type":"Polygon","coordinates":[[[130.9875,33.62500000000001],[130.9875,33.62916666666666],[130.99375,33.62916666666666],[130.99375,33.62500000000001],[130.9875,33.62500000000001]]]}},{"type":"Feature","id":"40647:503037592","properties":{"id":"40647:503037592","meshCode":"503037592","cityCode":"40647","city":"築上町","lat":33.6270833,"lon":130.996875,"areaKm2":0.2679537,"populated2020":true,"population2020":6.0221,"populationNote":"2020年基準の国交省調整値"},"geometry":{"type":"Polygon","coordinates":[[[130.99375,33.62500000000001],[130.99375,33.62916666666666],[131.0,33.62916666666666],[131.0,33.62500000000001],[130.99375,33.62500000000001]]]}},{"type":"Feature","id":"40647:503130501","properties":{"id":"40647:503130501","meshCode":"503130501","cityCode":"40647","city":"築上町","lat":33.6270833,"lon":131.003125,"areaKm2":0.2679537,"populated2020":false,"population2020":null,"populationNote":"境界またぎ・原典収録外のため自治体内人口は未集計"},"geometry":{"type":"Polygon","coordinates":[[[131.0,33.62500000000001],[131.0,33.62916666666666],[131.00625,33.62916666666666],[131.00625,33.62500000000001],[131.0,33.62500000000001]]]}},{"type":"Feature","id":"40647:503130502","properties":{"id":"40647:503130502","meshCode":"503130502","cityCode":"40647","city":"築上町","lat":33.6270833,"lon":131.009375,"areaKm2":0.2679537,"populated2020":true,"population2020":14.072,"populationNote":"2020年基準の国交省調整値"},"geometry":{"type":"Polygon","coordinates":[[[131.00625,33.62500000000001],[131.00625,33.62916666666666],[131.0125,33.62916666666666],[131.0125,33.62500000000001],[131.00625,33.62500000000001]]]}},{"type":"Feature","id":"40647:503130511","properties":{"id":"40647:503130511","meshCode":"503130511","cityCode":"40647","city":"築上町","lat":33.6270833,"lon":131.015625,"areaKm2":0.2679537,"populated2020":true,"population2020":7.0159,"populationNote":"2020年基準の国交省調整値"},"geometry":{"type":"Polygon","coordinates":[[[131.0125,33.62500000000001],[131.0125,33.62916666666666],[131.01875,33.62916666666667],[131.01875,33.62500000000001],[131.0125,33.62500000000001]]]}},{"type":"Feature","id":"40647:503130512","properties":{"id":"40647:503130512","meshCode":"503130512","cityCode":"40647","city":"築上町","lat":33.6270833,"lon":131.021875,"areaKm2":0.2679537,"populated2020":false,"population2020":null,"populationNote":"境界またぎ・原典収録外のため自治体内人口は未集計"},"geometry":{"type":"Polygon","coordinates":[[[131.01875,33.62500000000001],[131.01875,33.62916666666667],[131.025,33.62916666666667],[131.025,33.62500000000001],[131.01875,33.62500000000001]]]}},{"type":"Feature","id":"40647:503130521","properties":{"id":"40647:503130521","meshCode":"503130521","cityCode":"40647","city":"築上町","lat":33.6270833,"lon":131.028125,"areaKm2":0.2679537,"populated2020":true,"population2020":29.1032,"populationNote":"2020年基準の国交省調整値"},"geometry":{"type":"Polygon","coordinates":[[[131.025,33.62500000000001],[131.025,33.62916666666667],[131.03125,33.62916666666667],[131.03125,33.625000000000014],[131.025,33.62500000000001]]]}},{"type":"Feature","id":"40647:503130522","properties":{"id":"40647:503130522","meshCode":"503130522","cityCode":"40647","city":"築上町","lat":33.6270833,"lon":131.034375,"areaKm2":0.2679538,"populated2020":true,"population2020":4.0186,"populationNote":"2020年基準の国交省調整値"},"geometry":{"type":"Polygon","coordinates":[[[131.03125,33.625000000000014],[131.03125,33.62916666666667],[131.0375,33.62916666666666],[131.0375,33.62500000000001],[131.03125,33.625000000000014]]]}},{"type":"Feature","id":"40647:503130531","properties":{"id":"40647:503130531","meshCode":"503130531","cityCode":"40647","city":"築上町","lat":33.6270833,"lon":131.040625,"areaKm2":0.2679538,"populated2020":false,"population2020":null,"populationNote":"境界またぎ・原典収録外のため自治体内人口は未集計"},"geometry":{"type":"Polygon","coordinates":[[[131.0375,33.62500000000001],[131.0375,33.62916666666666],[131.04375,33.62916666666666],[131.04375,33.625],[131.0375,33.62500000000001]]]}},{"type":"Feature","id":"40647:503130532","properties":{"id":"40647:503130532","meshCode":"503130532","cityCode":"40647","city":"築上町","lat":33.6270833,"lon":131.046875,"areaKm2":0.2679538,"populated2020":true,"population2020":13.0422,"populationNote":"2020年基準の国交省調整値"},"geometry":{"type":"Polygon","coordinates":[[[131.04375,33.625],[131.04375,33.62916666666666],[131.05,33.62916666666666],[131.05,33.62500000000001],[131.04375,33.625]]]}},{"type":"Feature","id":"40647:503130541","properties":{"id":"40647:503130541","meshCode":"503130541","cityCode":"40647","city":"築上町","lat":33.6270833,"lon":131.053125,"areaKm2":0.2679539,"populated2020":true,"population2020":24.05,"populationNote":"2020年基準の国交省調整値"},"geometry":{"type":"Polygon","coordinates":[[[131.05,33.62500000000001],[131.05,33.62916666666666],[131.05625,33.62916666666666],[131.05625,33.625000000000014],[131.05,33.62500000000001]]]}},{"type":"Feature","id":"40647:503130542","properties":{"id":"40647:503130542","meshCode":"503130542","cityCode":"40647","city":"築上町","lat":33.6270833,"lon":131.059375,"areaKm2":0.2679539,"populated2020":false,"population2020":null,"populationNote":"境界またぎ・原典収録外のため自治体内人口は未集計"},"geometry":{"type":"Polygon","coordinates":[[[131.05625,33.625000000000014],[131.05625,33.62916666666666],[131.0625,33.62916666666667],[131.0625,33.62500000000001],[131.05625,33.625000000000014]]]}},{"type":"Feature","id":"40647:503130551","properties":{"id":"40647:503130551","meshCode":"503130551","cityCode":"40647","city":"築上町","lat":33.6270833,"lon":131.065625,"areaKm2":0.2679539,"populated2020":false,"population2020":null,"populationNote":"境界またぎ・原典収録外のため自治体内人口は未集計"},"geometry":{"type":"Polygon","coordinates":[[[131.0625,33.62500000000001],[131.0625,33.62916666666667],[131.06875000000002,33.62916666666667],[131.06875000000002,33.625000000000014],[131.0625,33.62500000000001]]]}},{"type":"Feature","id":"40647:503130552","properties":{"id":"40647:503130552","meshCode":"503130552","cityCode":"40647","city":"築上町","lat":33.6270833,"lon":131.071875,"areaKm2":0.267954,"populated2020":true,"population2020":55.2848,"populationNote":"2020年基準の国交省調整値"},"geometry":{"type":"Polygon","coordinates":[[[131.06875000000002,33.625000000000014],[131.06875000000002,33.62916666666667],[131.075,33.62916666666666],[131.075,33.625000000000014],[131.06875000000002,33.625000000000014]]]}},{"type":"Feature","id":"40647:503130561","properties":{"id":"40647:503130561","meshCode":"503130561","cityCode":"40647","city":"築上町","lat":33.6270833,"lon":131.078125,"areaKm2":0.2590213,"populated2020":true,"population2020":9.0271,"populationNote":"2020年基準の国交省調整値"},"geometry":{"type":"Polygon","coordinates":[[[131.08125,33.62592326546645],[131.08063166,33.62555916200012],[131.07915155599994,33.62500000000001],[131.075,33.625000000000014],[131.075,33.62916666666666],[131.08125,33.62916666666667],[131.08125,33.62592326546645]]]}},{"type":"Feature","id":"40647:503130562","properties":{"id":"40647:503130562","meshCode":"503130562","cityCode":"40647","city":"築上町","lat":33.6276906,"lon":131.0824085,"areaKm2":0.0757789,"populated2020":true,"population2020":null,"populationNote":"境界またぎ・原典収録外のため自治体内人口は未集計"},"geometry":{"type":"Polygon","coordinates":[[[131.08482825501443,33.62916666666667],[131.08413083000016,33.62841138700014],[131.08400693900012,33.628107225],[131.08365666700013,33.62785582899999],[131.083477497,33.627525279],[131.08331666699996,33.62680666700005],[131.08316389100014,33.626652495000094],[131.0822602720001,33.62619833299999],[131.08125,33.62592326546645],[131.08125,33.62916666666667],[131.08482825501443,33.62916666666667]]]}},{"type":"Feature","id":"40647:503037583","properties":{"id":"40647:503037583","meshCode":"503037583","cityCode":"40647","city":"築上町","lat":33.6294321,"lon":130.9805339,"areaKm2":0.0117499,"populated2020":false,"population2020":null,"populationNote":"境界またぎ・原典収録外のため自治体内人口は未集計"},"geometry":{"type":"Polygon","coordinates":[[[130.979698327,33.629168333],[130.979937224,33.629695829000006],[130.980547497,33.63002861299999],[130.98125,33.63011531800391],[130.98125,33.62916666666667],[130.979698327,33.629168333]]]}},{"type":"Feature","id":"40647:503037584","properties":{"id":"40647:503037584","meshCode":"503037584","cityCode":"40647","city":"築上町","lat":33.63125,"lon":130.984375,"areaKm2":0.1928289,"populated2020":false,"population2020":null,"populationNote":"境界またぎ・原典収録外のため自治体内人口は未集計"},"geometry":{"type":"Polygon","coordinates":[[[130.98125,33.63011531800391],[130.981745279,33.630049441],[130.982546667,33.630056108],[130.982912218,33.63014749500001],[130.983316394,33.63039582900001],[130.983452503,33.630537225],[130.983496667,33.63123000000001],[130.98330166,33.632067495],[130.98329083,33.63253305399999],[130.983583891,33.632798892000004],[130.98450172533006,33.63333333333333],[130.9875,33.63333333333333],[130.9875,33.62916666666666],[130.98125,33.62916666666667],[130.98125,33.63011531800391]]]}},{"type":"Feature","id":"40647:503037593","properties":{"id":"40647:503037593","meshCode":"503037593","cityCode":"40647","city":"築上町","lat":33.63125,"lon":130.990625,"areaKm2":0.267941,"populated2020":true,"population2020":34.0926,"populationNote":"2020年基準の国交省調整値"},"geometry":{"type":"Polygon","coordinates":[[[130.9875,33.62916666666666],[130.9875,33.63333333333333],[130.99375,33.63333333333333],[130.99375,33.62916666666666],[130.9875,33.62916666666666]]]}},{"type":"Feature","id":"40647:503037594","properties":{"id":"40647:503037594","meshCode":"503037594","cityCode":"40647","city":"築上町","lat":33.63125,"lon":130.996875,"areaKm2":0.267941,"populated2020":true,"population2020":34.9907,"populationNote":"2020年基準の国交省調整値"},"geometry":{"type":"Polygon","coordinates":[[[130.99375,33.62916666666666],[130.99375,33.63333333333333],[131.0,33.63333333333333],[131.0,33.62916666666666],[130.99375,33.62916666666666]]]}},{"type":"Feature","id":"40647:503130503","properties":{"id":"40647:503130503","meshCode":"503130503","cityCode":"40647","city":"築上町","lat":33.63125,"lon":131.003125,"areaKm2":0.267941,"populated2020":false,"population2020":null,"populationNote":"境界またぎ・原典収録外のため自治体内人口は未集計"},"geometry":{"type":"Polygon","coordinates":[[[131.0,33.62916666666666],[131.0,33.63333333333333],[131.00625,33.63333333333333],[131.00625,33.62916666666666],[131.0,33.62916666666666]]]}},{"type":"Feature","id":"40647:503130504","properties":{"id":"40647:503130504","meshCode":"503130504","cityCode":"40647","city":"築上町","lat":33.63125,"lon":131.009375,"areaKm2":0.267941,"populated2020":true,"population2020":32.0988,"populationNote":"2020年基準の国交省調整値"},"geometry":{"type":"Polygon","coordinates":[[[131.00625,33.62916666666666],[131.00625,33.63333333333333],[131.0125,33.63333333333333],[131.0125,33.62916666666666],[131.00625,33.62916666666666]]]}},{"type":"Feature","id":"40647:503130513","properties":{"id":"40647:503130513","meshCode":"503130513","cityCode":"40647","city":"築上町","lat":33.63125,"lon":131.015625,"areaKm2":0.267941,"populated2020":true,"population2020":23.0834,"populationNote":"2020年基準の国交省調整値"},"geometry":{"type":"Polygon","coordinates":[[[131.0125,33.62916666666666],[131.0125,33.63333333333333],[131.01875,33.63333333333334],[131.01875,33.62916666666667],[131.0125,33.62916666666666]]]}},{"type":"Feature","id":"40647:503130514","properties":{"id":"40647:503130514","meshCode":"503130514","cityCode":"40647","city":"築上町","lat":33.63125,"lon":131.021875,"areaKm2":0.267941,"populated2020":false,"population2020":null,"populationNote":"境界またぎ・原典収録外のため自治体内人口は未集計"},"geometry":{"type":"Polygon","coordinates":[[[131.01875,33.62916666666667],[131.01875,33.63333333333334],[131.025,33.63333333333333],[131.025,33.62916666666667],[131.01875,33.62916666666667]]]}},{"type":"Feature","id":"40647:503130523","properties":{"id":"40647:503130523","meshCode":"503130523","cityCode":"40647","city":"築上町","lat":33.63125,"lon":131.028125,"areaKm2":0.267941,"populated2020":true,"population2020":8.0231,"populationNote":"2020年基準の国交省調整値"},"geometry":{"type":"Polygon","coordinates":[[[131.025,33.62916666666667],[131.025,33.63333333333333],[131.03125,33.63333333333334],[131.03125,33.62916666666667],[131.025,33.62916666666667]]]}},{"type":"Feature","id":"40647:503130524","properties":{"id":"40647:503130524","meshCode":"503130524","cityCode":"40647","city":"築上町","lat":33.63125,"lon":131.034375,"areaKm2":0.2679411,"populated2020":false,"population2020":null,"populationNote":"境界またぎ・原典収録外のため自治体内人口は未集計"},"geometry":{"type":"Polygon","coordinates":[[[131.03125,33.62916666666667],[131.03125,33.63333333333334],[131.0375,33.63333333333334],[131.0375,33.62916666666666],[131.03125,33.62916666666667]]]}},{"type":"Feature","id":"40647:503130533","properties":{"id":"40647:503130533","meshCode":"503130533","cityCode":"40647","city":"築上町","lat":33.63125,"lon":131.040625,"areaKm2":0.2679411,"populated2020":true,"population2020":6.0089,"populationNote":"2020年基準の国交省調整値"},"geometry":{"type":"Polygon","coordinates":[[[131.0375,33.62916666666666],[131.0375,33.63333333333334],[131.04375,33.633333333333326],[131.04375,33.62916666666666],[131.0375,33.62916666666666]]]}},{"type":"Feature","id":"40647:503130534","properties":{"id":"40647:503130534","meshCode":"503130534","cityCode":"40647","city":"築上町","lat":33.63125,"lon":131.046875,"areaKm2":0.2679411,"populated2020":true,"population2020":5.0217,"populationNote":"2020年基準の国交省調整値"},"geometry":{"type":"Polygon","coordinates":[[[131.04375,33.62916666666666],[131.04375,33.633333333333326],[131.05,33.63333333333334],[131.05,33.62916666666666],[131.04375,33.62916666666666]]]}},{"type":"Feature","id":"40647:503130543","properties":{"id":"40647:503130543","meshCode":"503130543","cityCode":"40647","city":"築上町","lat":33.63125,"lon":131.053125,"areaKm2":0.2679411,"populated2020":true,"population2020":44.1428,"populationNote":"2020年基準の国交省調整値"},"geometry":{"type":"Polygon","coordinates":[[[131.05,33.62916666666666],[131.05,33.63333333333334],[131.05625,33.63333333333333],[131.05625,33.62916666666666],[131.05,33.62916666666666]]]}},{"type":"Feature","id":"40647:503130544","properties":{"id":"40647:503130544","meshCode":"503130544","cityCode":"40647","city":"築上町","lat":33.63125,"lon":131.059375,"areaKm2":0.2679412,"populated2020":false,"population2020":null,"populationNote":"境界またぎ・原典収録外のため自治体内人口は未集計"},"geometry":{"type":"Polygon","coordinates":[[[131.05625,33.62916666666666],[131.05625,33.63333333333333],[131.0625,33.63333333333334],[131.0625,33.62916666666667],[131.05625,33.62916666666666]]]}},{"type":"Feature","id":"40647:503130553","properties":{"id":"40647:503130553","meshCode":"503130553","cityCode":"40647","city":"築上町","lat":33.63125,"lon":131.065625,"areaKm2":0.2679412,"populated2020":false,"population2020":null,"populationNote":"境界またぎ・原典収録外のため自治体内人口は未集計"},"geometry":{"type":"Polygon","coordinates":[[[131.0625,33.62916666666667],[131.0625,33.63333333333334],[131.06875000000002,33.63333333333333],[131.06875000000002,33.62916666666667],[131.0625,33.62916666666667]]]}},{"type":"Feature","id":"40647:503130554","properties":{"id":"40647:503130554","meshCode":"503130554","cityCode":"40647","city":"築上町","lat":33.63125,"lon":131.071875,"areaKm2":0.2679413,"populated2020":true,"population2020":30.0207,"populationNote":"2020年基準の国交省調整値"},"geometry":{"type":"Polygon","coordinates":[[[131.06875000000002,33.62916666666667],[131.06875000000002,33.63333333333333],[131.075,33.63333333333334],[131.075,33.62916666666666],[131.06875000000002,33.62916666666667]]]}},{"type":"Feature","id":"40647:503130563","properties":{"id":"40647:503130563","meshCode":"503130563","cityCode":"40647","city":"築上町","lat":33.63125,"lon":131.078125,"areaKm2":0.2679413,"populated2020":true,"population2020":155.2844,"populationNote":"2020年基準の国交省調整値"},"geometry":{"type":"Polygon","coordinates":[[[131.075,33.62916666666666],[131.075,33.63333333333334],[131.08125,33.633333333333326],[131.08125,33.62916666666667],[131.075,33.62916666666666]]]}},{"type":"Feature","id":"40647:503130564","properties":{"id":"40647:503130564","meshCode":"503130564","cityCode":"40647","city":"築上町","lat":33.63125,"lon":131.084375,"areaKm2":0.1556816,"populated2020":true,"population2020":null,"populationNote":"境界またぎ・原典収録外のため自治体内人口は未集計"},"geometry":{"type":"Polygon","coordinates":[[[131.08531368399997,33.63333333300006],[131.0852974970002,33.633032667000066],[131.08457863800004,33.632898468000064],[131.08463488999996,33.63261317099995],[131.08576671900005,33.63273691900008],[131.0857253700001,33.63233253200014],[131.08470250300013,33.631973054000014],[131.08469972800015,33.63135166700005],[131.08435499400002,33.630553613000075],[131.08436555100013,33.63047416199999],[131.08483166000008,33.63016138699999],[131.084763061,33.62985722500004],[131.08511360600005,33.62953527900004],[131.08508722400006,33.629429721],[131.08482825501443,33.62916666666667],[131.08125,33.62916666666667],[131.08125,33.633333333333326],[131.08531368399997,33.63333333300006]]]}},{"type":"Feature","id":"40647:503037682","properties":{"id":"40647:503037682","meshCode":"503037682","cityCode":"40647","city":"築上町","lat":33.6354138,"lon":130.9859976,"areaKm2":0.1141589,"populated2020":false,"population2020":null,"populationNote":"境界またぎ・原典収録外のため自治体内人口は未集計"},"geometry":{"type":"Polygon","coordinates":[[[130.984535551,33.633367495],[130.984645837,33.634618612999994],[130.984513606,33.635363891999994],[130.98419,33.636070278999995],[130.98419,33.63632527899999],[130.984366394,33.636528613],[130.984553891,33.63659416200001],[130.985061115,33.63657],[130.985634449,33.636704441],[130.986138054,33.637028333],[130.9866346146608,33.6375],[130.9875,33.6375],[130.9875,33.63333333333333],[130.984535551,33.633367495]]]}},{"type":"Feature","id":"40647:503037691","properties":{"id":"40647:503037691","meshCode":"503037691","cityCode":"40647","city":"築上町","lat":33.6354167,"lon":130.990625,"areaKm2":0.2679283,"populated2020":true,"population2020":10.0678,"populationNote":"2020年基準の国交省調整値"},"geometry":{"type":"Polygon","coordinates":[[[130.9875,33.63333333333333],[130.9875,33.6375],[130.99375,33.6375],[130.99375,33.63333333333333],[130.9875,33.63333333333333]]]}},{"type":"Feature","id":"40647:503037692","properties":{"id":"40647:503037692","meshCode":"503037692","cityCode":"40647","city":"築上町","lat":33.6354167,"lon":130.996875,"areaKm2":0.2679283,"populated2020":true,"population2020":100.293,"populationNote":"2020年基準の国交省調整値"},"geometry":{"type":"Polygon","coordinates":[[[130.99375,33.63333333333333],[130.99375,33.6375],[131.0,33.6375],[131.0,33.63333333333333],[130.99375,33.63333333333333]]]}},{"type":"Feature","id":"40647:503130601","properties":{"id":"40647:503130601","meshCode":"503130601","cityCode":"40647","city":"築上町","lat":33.6354167,"lon":131.003125,"areaKm2":0.2679283,"populated2020":false,"population2020":null,"populationNote":"境界またぎ・原典収録外のため自治体内人口は未集計"},"geometry":{"type":"Polygon","coordinates":[[[131.0,33.63333333333333],[131.0,33.6375],[131.00625,33.6375],[131.00625,33.63333333333333],[131.0,33.63333333333333]]]}},{"type":"Feature","id":"40647:503130602","properties":{"id":"40647:503130602","meshCode":"503130602","cityCode":"40647","city":"築上町","lat":33.6354167,"lon":131.009375,"areaKm2":0.2679283,"populated2020":true,"population2020":5.0198,"populationNote":"2020年基準の国交省調整値"},"geometry":{"type":"Polygon","coordinates":[[[131.00625,33.63333333333333],[131.00625,33.6375],[131.0125,33.6375],[131.0125,33.63333333333333],[131.00625,33.63333333333333]]]}},{"type":"Feature","id":"40647:503130611","properties":{"id":"40647:503130611","meshCode":"503130611","cityCode":"40647","city":"築上町","lat":33.6354167,"lon":131.015625,"areaKm2":0.2679283,"populated2020":true,"population2020":23.969,"populationNote":"2020年基準の国交省調整値"},"geometry":{"type":"Polygon","coordinates":[[[131.0125,33.63333333333333],[131.0125,33.6375],[131.01875,33.6375],[131.01875,33.63333333333334],[131.0125,33.63333333333333]]]}},{"type":"Feature","id":"40647:503130612","properties":{"id":"40647:503130612","meshCode":"503130612","cityCode":"40647","city":"築上町","lat":33.6354167,"lon":131.021875,"areaKm2":0.2679283,"populated2020":false,"population2020":null,"populationNote":"境界またぎ・原典収録外のため自治体内人口は未集計"},"geometry":{"type":"Polygon","coordinates":[[[131.01875,33.63333333333334],[131.01875,33.6375],[131.025,33.637499999999996],[131.025,33.63333333333333],[131.01875,33.63333333333334]]]}},{"type":"Feature","id":"40647:503130621","properties":{"id":"40647:503130621","meshCode":"503130621","cityCode":"40647","city":"築上町","lat":33.6354167,"lon":131.028125,"areaKm2":0.2679283,"populated2020":true,"population2020":52.16,"populationNote":"2020年基準の国交省調整値"},"geometry":{"type":"Polygon","coordinates":[[[131.025,33.63333333333333],[131.025,33.637499999999996],[131.03125,33.6375],[131.03125,33.63333333333334],[131.025,33.63333333333333]]]}},{"type":"Feature","id":"40647:503130622","properties":{"id":"40647:503130622","meshCode":"503130622","cityCode":"40647","city":"築上町","lat":33.6354167,"lon":131.034375,"areaKm2":0.2679283,"populated2020":false,"population2020":null,"populationNote":"境界またぎ・原典収録外のため自治体内人口は未集計"},"geometry":{"type":"Polygon","coordinates":[[[131.03125,33.63333333333334],[131.03125,33.6375],[131.0375,33.6375],[131.0375,33.63333333333334],[131.03125,33.63333333333334]]]}},{"type":"Feature","id":"40647:503130631","properties":{"id":"40647:503130631","meshCode":"503130631","cityCode":"40647","city":"築上町","lat":33.6354167,"lon":131.040625,"areaKm2":0.2679284,"populated2020":true,"population2020":46.1172,"populationNote":"2020年基準の国交省調整値"},"geometry":{"type":"Polygon","coordinates":[[[131.0375,33.63333333333334],[131.0375,33.6375],[131.04375,33.6375],[131.04375,33.633333333333326],[131.0375,33.63333333333334]]]}},{"type":"Feature","id":"40647:503130632","properties":{"id":"40647:503130632","meshCode":"503130632","cityCode":"40647","city":"築上町","lat":33.6354167,"lon":131.046875,"areaKm2":0.2679284,"populated2020":false,"population2020":null,"populationNote":"境界またぎ・原典収録外のため自治体内人口は未集計"},"geometry":{"type":"Polygon","coordinates":[[[131.04375,33.633333333333326],[131.04375,33.6375],[131.05,33.637499999999996],[131.05,33.63333333333334],[131.04375,33.633333333333326]]]}},{"type":"Feature","id":"40647:503130641","properties":{"id":"40647:503130641","meshCode":"503130641","cityCode":"40647","city":"築上町","lat":33.6354167,"lon":131.053125,"areaKm2":0.2679284,"populated2020":true,"population2020":24.048,"populationNote":"2020年基準の国交省調整値"},"geometry":{"type":"Polygon","coordinates":[[[131.05,33.63333333333334],[131.05,33.637499999999996],[131.05625,33.6375],[131.05625,33.63333333333333],[131.05,33.63333333333334]]]}},{"type":"Feature","id":"40647:503130642","properties":{"id":"40647:503130642","meshCode":"503130642","cityCode":"40647","city":"築上町","lat":33.6354167,"lon":131.059375,"areaKm2":0.2679285,"populated2020":true,"population2020":4.0143,"populationNote":"2020年基準の国交省調整値"},"geometry":{"type":"Polygon","coordinates":[[[131.05625,33.63333333333333],[131.05625,33.6375],[131.0625,33.6375],[131.0625,33.63333333333334],[131.05625,33.63333333333333]]]}},{"type":"Feature","id":"40647:503130651","properties":{"id":"40647:503130651","meshCode":"503130651","cityCode":"40647","city":"築上町","lat":33.6354167,"lon":131.065625,"areaKm2":0.2679285,"populated2020":true,"population2020":32.1111,"populationNote":"2020年基準の国交省調整値"},"geometry":{"type":"Polygon","coordinates":[[[131.0625,33.63333333333334],[131.0625,33.6375],[131.06875000000002,33.6375],[131.06875000000002,33.63333333333333],[131.0625,33.63333333333334]]]}},{"type":"Feature","id":"40647:503130652","properties":{"id":"40647:503130652","meshCode":"503130652","cityCode":"40647","city":"築上町","lat":33.6354167,"lon":131.071875,"areaKm2":0.2679286,"populated2020":true,"population2020":43.06,"populationNote":"2020年基準の国交省調整値"},"geometry":{"type":"Polygon","coordinates":[[[131.06875000000002,33.63333333333333],[131.06875000000002,33.6375],[131.075,33.6375],[131.075,33.63333333333334],[131.06875000000002,33.63333333333333]]]}},{"type":"Feature","id":"40647:503130661","properties":{"id":"40647:503130661","meshCode":"503130661","cityCode":"40647","city":"築上町","lat":33.6354167,"lon":131.078125,"areaKm2":0.2679286,"populated2020":true,"population2020":38.0319,"populationNote":"2020年基準の国交省調整値"},"geometry":{"type":"Polygon","coordinates":[[[131.075,33.63333333333334],[131.075,33.6375],[131.08125,33.6375],[131.08125,33.633333333333326],[131.075,33.63333333333334]]]}},{"type":"Feature","id":"40647:503130662","properties":{"id":"40647:503130662","meshCode":"503130662","cityCode":"40647","city":"築上町","lat":33.6353835,"lon":131.0821542,"areaKm2":0.1313352,"populated2020":false,"population2020":null,"populationNote":"境界またぎ・原典収録外のため自治体内人口は未集計"},"geometry":{"type":"Polygon","coordinates":[[[131.0837111780798,33.6375],[131.0839560700001,33.63665457700006],[131.08379853400004,33.63631872099995],[131.083540804,33.63616054100004],[131.08305172500013,33.63607419800007],[131.0826740340001,33.63584394600002],[131.08273503199996,33.635654946000045],[131.08313347600006,33.635318278999996],[131.08357583700013,33.63516472100009],[131.08404108900004,33.63477702699993],[131.08450119300016,33.63496772100012],[131.08471344999998,33.635479306000036],[131.084533256,33.63493010800011],[131.083914812,33.634676468000066],[131.084100337,33.63402055900008],[131.08461267200005,33.633779171000015],[131.08486635500014,33.63444764000013],[131.08481678299995,33.63461413500001],[131.0847066670001,33.634668495000035],[131.08583291562928,33.637499999999996],[131.08482914399997,33.63475308100009],[131.084931634,33.63464605400004],[131.08601450100014,33.63439658599997],[131.08665948099997,33.63444772100007],[131.08665805400017,33.63398200000001],[131.08643962400004,33.63375964000005],[131.086466459,33.633426676000056],[131.08531875500012,33.63342745000012],[131.08531368401793,33.633333333333326],[131.08125,33.633333333333326],[131.08125,33.6375],[131.0837111780798,33.6375]]]}},{"type":"Feature","id":"40647:503037684","properties":{"id":"40647:503037684","meshCode":"503037684","cityCode":"40647","city":"築上町","lat":33.6378225,"lon":130.9873378,"areaKm2":0.0023932,"populated2020":false,"population2020":null,"populationNote":"境界またぎ・原典収録外のため自治体内人口は未集計"},"geometry":{"type":"Polygon","coordinates":[[[130.9866346146608,33.6375],[130.987072776,33.63775],[130.9875,33.638097411544315],[130.9875,33.6375],[130.9866346146608,33.6375]]]}},{"type":"Feature","id":"40647:503037693","properties":{"id":"40647:503037693","meshCode":"503037693","cityCode":"40647","city":"築上町","lat":33.6395833,"lon":130.990625,"areaKm2":0.2026103,"populated2020":true,"population2020":17.0675,"populationNote":"2020年基準の国交省調整値"},"geometry":{"type":"Polygon","coordinates":[[[130.987521115,33.638118891999994],[130.988061388,33.638925559],[130.988274721,33.639125279],[130.989433606,33.63972194600001],[130.989786394,33.639994441],[130.990532503,33.641328333000004],[130.99063988291928,33.641666666666666],[130.99375,33.64166666666667],[130.99375,33.6375],[130.9875,33.6375],[130.987521115,33.638118891999994]]]}},{"type":"Feature","id":"40647:503037694","properties":{"id":"40647:503037694","meshCode":"503037694","cityCode":"40647","city":"築上町","lat":33.6395833,"lon":130.996875,"areaKm2":0.2679155,"populated2020":true,"population2020":102.2552,"populationNote":"2020年基準の国交省調整値"},"geometry":{"type":"Polygon","coordinates":[[[130.99375,33.6375],[130.99375,33.64166666666667],[131.0,33.641666666666666],[131.0,33.6375],[130.99375,33.6375]]]}},{"type":"Feature","id":"40647:503130603","properties":{"id":"40647:503130603","meshCode":"503130603","cityCode":"40647","city":"築上町","lat":33.6395833,"lon":131.003125,"areaKm2":0.2679155,"populated2020":true,"population2020":21.0657,"populationNote":"2020年基準の国交省調整値"},"geometry":{"type":"Polygon","coordinates":[[[131.0,33.6375],[131.0,33.641666666666666],[131.00625,33.64166666666667],[131.00625,33.6375],[131.0,33.6375]]]}},{"type":"Feature","id":"40647:503130604","properties":{"id":"40647:503130604","meshCode":"503130604","cityCode":"40647","city":"築上町","lat":33.6395833,"lon":131.009375,"areaKm2":0.2679155,"populated2020":false,"population2020":null,"populationNote":"境界またぎ・原典収録外のため自治体内人口は未集計"},"geometry":{"type":"Polygon","coordinates":[[[131.00625,33.6375],[131.00625,33.64166666666667],[131.0125,33.64166666666667],[131.0125,33.6375],[131.00625,33.6375]]]}},{"type":"Feature","id":"40647:503130613","properties":{"id":"40647:503130613","meshCode":"503130613","cityCode":"40647","city":"築上町","lat":33.6395833,"lon":131.015625,"areaKm2":0.2679156,"populated2020":true,"population2020":47.1291,"populationNote":"2020年基準の国交省調整値"},"geometry":{"type":"Polygon","coordinates":[[[131.0125,33.6375],[131.0125,33.64166666666667],[131.01875,33.641666666666666],[131.01875,33.6375],[131.0125,33.6375]]]}},{"type":"Feature","id":"40647:503130614","properties":{"id":"40647:503130614","meshCode":"503130614","cityCode":"40647","city":"築上町","lat":33.6395833,"lon":131.021875,"areaKm2":0.2679156,"populated2020":true,"population2020":6.0323,"populationNote":"2020年基準の国交省調整値"},"geometry":{"type":"Polygon","coordinates":[[[131.01875,33.6375],[131.01875,33.641666666666666],[131.025,33.64166666666667],[131.025,33.637499999999996],[131.01875,33.6375]]]}},{"type":"Feature","id":"40647:503130623","properties":{"id":"40647:503130623","meshCode":"503130623","cityCode":"40647","city":"築上町","lat":33.6395833,"lon":131.028125,"areaKm2":0.2679156,"populated2020":true,"population2020":25.0195,"populationNote":"2020年基準の国交省調整値"},"geometry":{"type":"Polygon","coordinates":[[[131.025,33.637499999999996],[131.025,33.64166666666667],[131.03125,33.641666666666666],[131.03125,33.6375],[131.025,33.637499999999996]]]}},{"type":"Feature","id":"40647:503130624","properties":{"id":"40647:503130624","meshCode":"503130624","cityCode":"40647","city":"築上町","lat":33.6395833,"lon":131.034375,"areaKm2":0.2679156,"populated2020":true,"population2020":20.0455,"populationNote":"2020年基準の国交省調整値"},"geometry":{"type":"Polygon","coordinates":[[[131.03125,33.6375],[131.03125,33.641666666666666],[131.0375,33.64166666666667],[131.0375,33.6375],[131.03125,33.6375]]]}},{"type":"Feature","id":"40647:503130633","properties":{"id":"40647:503130633","meshCode":"503130633","cityCode":"40647","city":"築上町","lat":33.6395833,"lon":131.040625,"areaKm2":0.2679156,"populated2020":true,"population2020":90.2564,"populationNote":"2020年基準の国交省調整値"},"geometry":{"type":"Polygon","coordinates":[[[131.0375,33.6375],[131.0375,33.64166666666667],[131.04375,33.641666666666666],[131.04375,33.6375],[131.0375,33.6375]]]}},{"type":"Feature","id":"40647:503130634","properties":{"id":"40647:503130634","meshCode":"503130634","cityCode":"40647","city":"築上町","lat":33.6395833,"lon":131.046875,"areaKm2":0.2679157,"populated2020":false,"population2020":null,"populationNote":"境界またぎ・原典収録外のため自治体内人口は未集計"},"geometry":{"type":"Polygon","coordinates":[[[131.04375,33.6375],[131.04375,33.641666666666666],[131.05,33.64166666666667],[131.05,33.637499999999996],[131.04375,33.6375]]]}},{"type":"Feature","id":"40647:503130643","properties":{"id":"40647:503130643","meshCode":"503130643","cityCode":"40647","city":"築上町","lat":33.6395833,"lon":131.053125,"areaKm2":0.2679157,"populated2020":true,"population2020":53.0287,"populationNote":"2020年基準の国交省調整値"},"geometry":{"type":"Polygon","coordinates":[[[131.05,33.637499999999996],[131.05,33.64166666666667],[131.05625,33.641666666666666],[131.05625,33.6375],[131.05,33.637499999999996]]]}},{"type":"Feature","id":"40647:503130644","properties":{"id":"40647:503130644","meshCode":"503130644","cityCode":"40647","city":"築上町","lat":33.6395833,"lon":131.059375,"areaKm2":0.2679157,"populated2020":true,"population2020":16.0212,"populationNote":"2020年基準の国交省調整値"},"geometry":{"type":"Polygon","coordinates":[[[131.05625,33.6375],[131.05625,33.641666666666666],[131.0625,33.64166666666667],[131.0625,33.6375],[131.05625,33.6375]]]}},{"type":"Feature","id":"40647:503130653","properties":{"id":"40647:503130653","meshCode":"503130653","cityCode":"40647","city":"築上町","lat":33.6395833,"lon":131.065625,"areaKm2":0.2679158,"populated2020":true,"population2020":141.4101,"populationNote":"2020年基準の国交省調整値"},"geometry":{"type":"Polygon","coordinates":[[[131.0625,33.6375],[131.0625,33.64166666666667],[131.06875000000002,33.641666666666666],[131.06875000000002,33.6375],[131.0625,33.6375]]]}},{"type":"Feature","id":"40647:503130654","properties":{"id":"40647:503130654","meshCode":"503130654","cityCode":"40647","city":"築上町","lat":33.6395833,"lon":131.071875,"areaKm2":0.2679158,"populated2020":true,"population2020":38.1626,"populationNote":"2020年基準の国交省調整値"},"geometry":{"type":"Polygon","coordinates":[[[131.06875000000002,33.6375],[131.06875000000002,33.641666666666666],[131.075,33.641666666666666],[131.075,33.6375],[131.06875000000002,33.6375]]]}},{"type":"Feature","id":"40647:503130663","properties":{"id":"40647:503130663","meshCode":"503130663","cityCode":"40647","city":"築上町","lat":33.6395833,"lon":131.078125,"areaKm2":0.2679159,"populated2020":false,"population2020":null,"populationNote":"境界またぎ・原典収録外のため自治体内人口は未集計"},"geometry":{"type":"Polygon","coordinates":[[[131.075,33.6375],[131.075,33.641666666666666],[131.08125,33.64166666666667],[131.08125,33.6375],[131.075,33.6375]]]}},{"type":"Feature","id":"40647:503130664","properties":{"id":"40647:503130664","meshCode":"503130664","cityCode":"40647","city":"築上町","lat":33.6395666,"lon":131.0821498,"areaKm2":0.0770162,"populated2020":false,"population2020":null,"populationNote":"境界またぎ・原典収録外のため自治体内人口は未集計"},"geometry":{"type":"MultiPolygon","coordinates":[[[[131.0823698831087,33.641666666666666],[131.0837111780798,33.6375],[131.08125,33.6375],[131.08125,33.64166666666667],[131.0823698831087,33.641666666666666]]],[[[131.08580174475279,33.6375],[131.086049883,33.63816946800006],[131.08610061000002,33.63815574799997],[131.08580174475279,33.6375]]]]}},{"type":"Feature","id":"40647:503037791","properties":{"id":"40647:503037791","meshCode":"503037791","cityCode":"40647","city":"築上町","lat":33.6438089,"lon":130.9922401,"areaKm2":0.1508706,"populated2020":false,"population2020":null,"populationNote":"境界またぎ・原典収録外のため自治体内人口は未集計"},"geometry":{"type":"Polygon","coordinates":[[[130.990639883,33.64166666700001],[130.99087,33.643079721],[130.99078166,33.643717495000004],[130.990466109,33.644115279],[130.989198327,33.645193892],[130.98857547623578,33.645833333333336],[130.99375,33.64583333333333],[130.99375,33.64166666666667],[130.990639883,33.64166666700001]]]}},{"type":"Feature","id":"40647:503037792","properties":{"id":"40647:503037792","meshCode":"503037792","cityCode":"40647","city":"築上町","lat":33.64375,"lon":130.996875,"areaKm2":0.2679028,"populated2020":true,"population2020":22.0884,"populationNote":"2020年基準の国交省調整値"},"geometry":{"type":"Polygon","coordinates":[[[130.99375,33.64166666666667],[130.99375,33.64583333333333],[131.0,33.645833333333336],[131.0,33.641666666666666],[130.99375,33.64166666666667]]]}},{"type":"Feature","id":"40647:503130701","properties":{"id":"40647:503130701","meshCode":"503130701","cityCode":"40647","city":"築上町","lat":33.64375,"lon":131.003125,"areaKm2":0.2679028,"populated2020":true,"population2020":41.101,"populationNote":"2020年基準の国交省調整値"},"geometry":{"type":"Polygon","coordinates":[[[131.0,33.641666666666666],[131.0,33.645833333333336],[131.00625,33.64583333333333],[131.00625,33.64166666666667],[131.0,33.641666666666666]]]}},{"type":"Feature","id":"40647:503130702","properties":{"id":"40647:503130702","meshCode":"503130702","cityCode":"40647","city":"築上町","lat":33.64375,"lon":131.009375,"areaKm2":0.2679028,"populated2020":false,"population2020":null,"populationNote":"境界またぎ・原典収録外のため自治体内人口は未集計"},"geometry":{"type":"Polygon","coordinates":[[[131.00625,33.64166666666667],[131.00625,33.64583333333333],[131.0125,33.645833333333336],[131.0125,33.64166666666667],[131.00625,33.64166666666667]]]}},{"type":"Feature","id":"40647:503130711","properties":{"id":"40647:503130711","meshCode":"503130711","cityCode":"40647","city":"築上町","lat":33.64375,"lon":131.015625,"areaKm2":0.2679028,"populated2020":true,"population2020":6.025,"populationNote":"2020年基準の国交省調整値"},"geometry":{"type":"Polygon","coordinates":[[[131.0125,33.64166666666667],[131.0125,33.645833333333336],[131.01875,33.645833333333336],[131.01875,33.641666666666666],[131.0125,33.64166666666667]]]}},{"type":"Feature","id":"40647:503130712","properties":{"id":"40647:503130712","meshCode":"503130712","cityCode":"40647","city":"築上町","lat":33.64375,"lon":131.021875,"areaKm2":0.2679028,"populated2020":true,"population2020":19.0439,"populationNote":"2020年基準の国交省調整値"},"geometry":{"type":"Polygon","coordinates":[[[131.01875,33.641666666666666],[131.01875,33.645833333333336],[131.025,33.645833333333336],[131.025,33.64166666666667],[131.01875,33.641666666666666]]]}},{"type":"Feature","id":"40647:503130721","properties":{"id":"40647:503130721","meshCode":"503130721","cityCode":"40647","city":"築上町","lat":33.64375,"lon":131.028125,"areaKm2":0.2679029,"populated2020":true,"population2020":1.0,"populationNote":"2020年基準の国交省調整値"},"geometry":{"type":"Polygon","coordinates":[[[131.025,33.64166666666667],[131.025,33.645833333333336],[131.03125,33.645833333333336],[131.03125,33.641666666666666],[131.025,33.64166666666667]]]}},{"type":"Feature","id":"40647:503130722","properties":{"id":"40647:503130722","meshCode":"503130722","cityCode":"40647","city":"築上町","lat":33.64375,"lon":131.034375,"areaKm2":0.2679029,"populated2020":true,"population2020":16.0533,"populationNote":"2020年基準の国交省調整値"},"geometry":{"type":"Polygon","coordinates":[[[131.03125,33.641666666666666],[131.03125,33.645833333333336],[131.0375,33.64583333333334],[131.0375,33.64166666666667],[131.03125,33.641666666666666]]]}},{"type":"Feature","id":"40647:503130731","properties":{"id":"40647:503130731","meshCode":"503130731","cityCode":"40647","city":"築上町","lat":33.64375,"lon":131.040625,"areaKm2":0.2679029,"populated2020":true,"population2020":38.0945,"populationNote":"2020年基準の国交省調整値"},"geometry":{"type":"Polygon","coordinates":[[[131.0375,33.64166666666667],[131.0375,33.64583333333334],[131.04375,33.64583333333333],[131.04375,33.641666666666666],[131.0375,33.64166666666667]]]}},{"type":"Feature","id":"40647:503130732","properties":{"id":"40647:503130732","meshCode":"503130732","cityCode":"40647","city":"築上町","lat":33.64375,"lon":131.046875,"areaKm2":0.2679029,"populated2020":true,"population2020":47.2148,"populationNote":"2020年基準の国交省調整値"},"geometry":{"type":"Polygon","coordinates":[[[131.04375,33.641666666666666],[131.04375,33.64583333333333],[131.05,33.645833333333336],[131.05,33.64166666666667],[131.04375,33.641666666666666]]]}},{"type":"Feature","id":"40647:503130741","properties":{"id":"40647:503130741","meshCode":"503130741","cityCode":"40647","city":"築上町","lat":33.64375,"lon":131.053125,"areaKm2":0.267903,"populated2020":true,"population2020":88.2533,"populationNote":"2020年基準の国交省調整値"},"geometry":{"type":"Polygon","coordinates":[[[131.05,33.64166666666667],[131.05,33.645833333333336],[131.05625,33.645833333333336],[131.05625,33.641666666666666],[131.05,33.64166666666667]]]}},{"type":"Feature","id":"40647:503130742","properties":{"id":"40647:503130742","meshCode":"503130742","cityCode":"40647","city":"築上町","lat":33.64375,"lon":131.059375,"areaKm2":0.267903,"populated2020":true,"population2020":20.0133,"populationNote":"2020年基準の国交省調整値"},"geometry":{"type":"Polygon","coordinates":[[[131.05625,33.641666666666666],[131.05625,33.645833333333336],[131.0625,33.645833333333336],[131.0625,33.64166666666667],[131.05625,33.641666666666666]]]}},{"type":"Feature","id":"40647:503130751","properties":{"id":"40647:503130751","meshCode":"503130751","cityCode":"40647","city":"築上町","lat":33.64375,"lon":131.065625,"areaKm2":0.2679031,"populated2020":true,"population2020":30.0851,"populationNote":"2020年基準の国交省調整値"},"geometry":{"type":"Polygon","coordinates":[[[131.0625,33.64166666666667],[131.0625,33.645833333333336],[131.06875000000002,33.645833333333336],[131.06875000000002,33.641666666666666],[131.0625,33.64166666666667]]]}},{"type":"Feature","id":"40647:503130752","properties":{"id":"40647:503130752","meshCode":"503130752","cityCode":"40647","city":"築上町","lat":33.64375,"lon":131.071875,"areaKm2":0.2679031,"populated2020":true,"population2020":43.0627,"populationNote":"2020年基準の国交省調整値"},"geometry":{"type":"Polygon","coordinates":[[[131.06875000000002,33.641666666666666],[131.06875000000002,33.645833333333336],[131.075,33.645833333333336],[131.075,33.641666666666666],[131.06875000000002,33.641666666666666]]]}},{"type":"Feature","id":"40647:503130761","properties":{"id":"40647:503130761","meshCode":"503130761","cityCode":"40647","city":"築上町","lat":33.64375,"lon":131.078125,"areaKm2":0.2673196,"populated2020":false,"population2020":null,"populationNote":"境界またぎ・原典収録外のため自治体内人口は未集計"},"geometry":{"type":"Polygon","coordinates":[[[131.081010999,33.645821297],[131.08125,33.6456171768845],[131.08110988300007,33.64553655900006],[131.0811586640001,33.64532994600012],[131.08125,33.64535275070138],[131.08117882,33.64530198200009],[131.08125,33.6450818031965],[131.08125,33.64166666666667],[131.075,33.641666666666666],[131.075,33.645833333333336],[131.081010999,33.645821297]]]}},{"type":"Feature","id":"40647:503130762","properties":{"id":"40647:503130762","meshCode":"503130762","cityCode":"40647","city":"築上町","lat":33.643427,"lon":131.0815202,"areaKm2":0.019844,"populated2020":false,"population2020":null,"populationNote":"境界またぎ・原典収録外のため自治体内人口は未集計"},"geometry":{"type":"MultiPolygon","coordinates":[[[[131.08125,33.645563533247426],[131.08154367100008,33.645646207000084],[131.08154935100015,33.645621162000054],[131.08125,33.645563533247426]]],[[[131.08125,33.64535275070138],[131.08158622600013,33.64540402700009],[131.08125,33.645319810807464],[131.08125,33.64535275070138]]],[[[131.08125,33.6450818031965],[131.08165509700018,33.64383543200012],[131.0823698831087,33.641666666666666],[131.08125,33.64166666666667],[131.08125,33.6450818031965]]]]}},{"type":"Feature","id":"40647:503037793","properties":{"id":"40647:503037793","meshCode":"503037793","cityCode":"40647","city":"築上町","lat":33.6479167,"lon":130.990625,"areaKm2":0.2496593,"populated2020":false,"population2020":null,"populationNote":"境界またぎ・原典収録外のため自治体内人口は未集計"},"geometry":{"type":"Polygon","coordinates":[[[130.98857547623578,33.645833333333336],[130.98818166,33.64617],[130.987994163,33.64650777500001],[130.987836109,33.647534721],[130.987906109,33.64891444100001],[130.987758885,33.649579441],[130.987920363,33.64999999999999],[130.99375,33.65],[130.99375,33.64583333333333],[130.98857547623578,33.645833333333336]]]}},{"type":"Feature","id":"40647:503037794","properties":{"id":"40647:503037794","meshCode":"503037794","cityCode":"40647","city":"築上町","lat":33.6479167,"lon":130.996875,"areaKm2":0.2678901,"populated2020":true,"population2020":56.1491,"populationNote":"2020年基準の国交省調整値"},"geometry":{"type":"Polygon","coordinates":[[[130.99375,33.64583333333333],[130.99375,33.65],[131.0,33.65],[131.0,33.645833333333336],[130.99375,33.64583333333333]]]}},{"type":"Feature","id":"40647:503130703","properties":{"id":"40647:503130703","meshCode":"503130703","cityCode":"40647","city":"築上町","lat":33.6479167,"lon":131.003125,"areaKm2":0.2678901,"populated2020":true,"population2020":102.1579,"populationNote":"2020年基準の国交省調整値"},"geometry":{"type":"Polygon","coordinates":[[[131.0,33.645833333333336],[131.0,33.65],[131.00625,33.65],[131.00625,33.64583333333333],[131.0,33.645833333333336]]]}},{"type":"Feature","id":"40647:503130704","properties":{"id":"40647:503130704","meshCode":"503130704","cityCode":"40647","city":"築上町","lat":33.6479167,"lon":131.009375,"areaKm2":0.2678901,"populated2020":true,"population2020":130.3696,"populationNote":"2020年基準の国交省調整値"},"geometry":{"type":"Polygon","coordinates":[[[131.00625,33.64583333333333],[131.00625,33.65],[131.0125,33.65],[131.0125,33.645833333333336],[131.00625,33.64583333333333]]]}},{"type":"Feature","id":"40647:503130713","properties":{"id":"40647:503130713","meshCode":"503130713","cityCode":"40647","city":"築上町","lat":33.6479167,"lon":131.015625,"areaKm2":0.2678901,"populated2020":true,"population2020":6.0139,"populationNote":"2020年基準の国交省調整値"},"geometry":{"type":"Polygon","coordinates":[[[131.0125,33.645833333333336],[131.0125,33.65],[131.01875,33.65],[131.01875,33.645833333333336],[131.0125,33.645833333333336]]]}},{"type":"Feature","id":"40647:503130714","properties":{"id":"40647:503130714","meshCode":"503130714","cityCode":"40647","city":"築上町","lat":33.6479167,"lon":131.021875,"areaKm2":0.2678901,"populated2020":true,"population2020":32.1794,"populationNote":"2020年基準の国交省調整値"},"geometry":{"type":"Polygon","coordinates":[[[131.01875,33.645833333333336],[131.01875,33.65],[131.025,33.64999999999999],[131.025,33.645833333333336],[131.01875,33.645833333333336]]]}},{"type":"Feature","id":"40647:503130723","properties":{"id":"40647:503130723","meshCode":"503130723","cityCode":"40647","city":"築上町","lat":33.6479167,"lon":131.028125,"areaKm2":0.2678901,"populated2020":true,"population2020":6.0125,"populationNote":"2020年基準の国交省調整値"},"geometry":{"type":"Polygon","coordinates":[[[131.025,33.645833333333336],[131.025,33.64999999999999],[131.03125,33.65],[131.03125,33.645833333333336],[131.025,33.645833333333336]]]}},{"type":"Feature","id":"40647:503130724","properties":{"id":"40647:503130724","meshCode":"503130724","cityCode":"40647","city":"築上町","lat":33.6479167,"lon":131.034375,"areaKm2":0.2678902,"populated2020":true,"population2020":61.276,"populationNote":"2020年基準の国交省調整値"},"geometry":{"type":"Polygon","coordinates":[[[131.03125,33.645833333333336],[131.03125,33.65],[131.0375,33.64999999999999],[131.0375,33.64583333333334],[131.03125,33.645833333333336]]]}},{"type":"Feature","id":"40647:503130733","properties":{"id":"40647:503130733","meshCode":"503130733","cityCode":"40647","city":"築上町","lat":33.6479167,"lon":131.040625,"areaKm2":0.2678902,"populated2020":true,"population2020":164.3709,"populationNote":"2020年基準の国交省調整値"},"geometry":{"type":"Polygon","coordinates":[[[131.0375,33.64583333333334],[131.0375,33.64999999999999],[131.04375,33.64999999999999],[131.04375,33.64583333333333],[131.0375,33.64583333333334]]]}},{"type":"Feature","id":"40647:503130734","properties":{"id":"40647:503130734","meshCode":"503130734","cityCode":"40647","city":"築上町","lat":33.6479167,"lon":131.046875,"areaKm2":0.2678902,"populated2020":true,"population2020":195.4171,"populationNote":"2020年基準の国交省調整値"},"geometry":{"type":"Polygon","coordinates":[[[131.04375,33.64583333333333],[131.04375,33.64999999999999],[131.05,33.64999999999999],[131.05,33.645833333333336],[131.04375,33.64583333333333]]]}},{"type":"Feature","id":"40647:503130743","properties":{"id":"40647:503130743","meshCode":"503130743","cityCode":"40647","city":"築上町","lat":33.6479167,"lon":131.053125,"areaKm2":0.2678903,"populated2020":true,"population2020":201.4247,"populationNote":"2020年基準の国交省調整値"},"geometry":{"type":"Polygon","coordinates":[[[131.05,33.645833333333336],[131.05,33.64999999999999],[131.05625,33.64999999999999],[131.05625,33.645833333333336],[131.05,33.645833333333336]]]}},{"type":"Feature","id":"40647:503130744","properties":{"id":"40647:503130744","meshCode":"503130744","cityCode":"40647","city":"築上町","lat":33.6479167,"lon":131.059375,"areaKm2":0.2678903,"populated2020":true,"population2020":188.2901,"populationNote":"2020年基準の国交省調整値"},"geometry":{"type":"Polygon","coordinates":[[[131.05625,33.645833333333336],[131.05625,33.64999999999999],[131.0625,33.65],[131.0625,33.645833333333336],[131.05625,33.645833333333336]]]}},{"type":"Feature","id":"40647:503130753","properties":{"id":"40647:503130753","meshCode":"503130753","cityCode":"40647","city":"築上町","lat":33.6479167,"lon":131.065625,"areaKm2":0.2678903,"populated2020":true,"population2020":185.3869,"populationNote":"2020年基準の国交省調整値"},"geometry":{"type":"Polygon","coordinates":[[[131.0625,33.645833333333336],[131.0625,33.65],[131.06875000000002,33.64999999999999],[131.06875000000002,33.645833333333336],[131.0625,33.645833333333336]]]}},{"type":"Feature","id":"40647:503130754","properties":{"id":"40647:503130754","meshCode":"503130754","cityCode":"40647","city":"築上町","lat":33.6479167,"lon":131.071875,"areaKm2":0.2678904,"populated2020":true,"population2020":15.0611,"populationNote":"2020年基準の国交省調整値"},"geometry":{"type":"Polygon","coordinates":[[[131.06875000000002,33.645833333333336],[131.06875000000002,33.64999999999999],[131.075,33.65],[131.075,33.645833333333336],[131.06875000000002,33.645833333333336]]]}},{"type":"Feature","id":"40647:503130763","properties":{"id":"40647:503130763","meshCode":"503130763","cityCode":"40647","city":"築上町","lat":33.6479167,"lon":131.078125,"areaKm2":0.2131819,"populated2020":false,"population2020":null,"populationNote":"境界またぎ・原典収録外のため自治体内人口は未集計"},"geometry":{"type":"Polygon","coordinates":[[[131.0783732430001,33.64998661300001],[131.08035897500008,33.647718946000055],[131.0810068556452,33.64583333333333],[131.075,33.645833333333336],[131.075,33.65],[131.0783732430001,33.64998661300001]]]}},{"type":"Feature","id":"40647:503037891","properties":{"id":"40647:503037891","meshCode":"503037891","cityCode":"40647","city":"築上町","lat":33.6520833,"lon":130.990625,"areaKm2":0.2275819,"populated2020":false,"population2020":null,"populationNote":"境界またぎ・原典収録外のため自治体内人口は未集計"},"geometry":{"type":"Polygon","coordinates":[[[130.987924163,33.650006946],[130.988037782,33.65038305400001],[130.987883333,33.651093054],[130.987978885,33.651689441],[130.988813333,33.652599162],[130.988989728,33.652906108],[130.989044163,33.653175278999996],[130.988978054,33.653868333],[130.989077479552,33.65416666666666],[130.99375,33.65416666666667],[130.99375,33.65],[130.987924163,33.650006946]]]}},{"type":"Feature","id":"40647:503037892","properties":{"id":"40647:503037892","meshCode":"503037892","cityCode":"40647","city":"築上町","lat":33.6520833,"lon":130.996875,"areaKm2":0.2678774,"populated2020":false,"population2020":null,"populationNote":"境界またぎ・原典収録外のため自治体内人口は未集計"},"geometry":{"type":"Polygon","coordinates":[[[130.99375,33.65],[130.99375,33.65416666666667],[131.0,33.65416666666667],[131.0,33.65],[130.99375,33.65]]]}},{"type":"Feature","id":"40647:503130801","properties":{"id":"40647:503130801","meshCode":"503130801","cityCode":"40647","city":"築上町","lat":33.6520833,"lon":131.003125,"areaKm2":0.2678774,"populated2020":true,"population2020":48.121,"populationNote":"2020年基準の国交省調整値"},"geometry":{"type":"Polygon","coordinates":[[[131.0,33.65],[131.0,33.65416666666667],[131.00625,33.65416666666667],[131.00625,33.65],[131.0,33.65]]]}},{"type":"Feature","id":"40647:503130802","properties":{"id":"40647:503130802","meshCode":"503130802","cityCode":"40647","city":"築上町","lat":33.6520833,"lon":131.009375,"areaKm2":0.2678774,"populated2020":true,"population2020":127.3299,"populationNote":"2020年基準の国交省調整値"},"geometry":{"type":"Polygon","coordinates":[[[131.00625,33.65],[131.00625,33.65416666666667],[131.0125,33.65416666666667],[131.0125,33.65],[131.00625,33.65]]]}},{"type":"Feature","id":"40647:503130811","properties":{"id":"40647:503130811","meshCode":"503130811","cityCode":"40647","city":"築上町","lat":33.6520833,"lon":131.015625,"areaKm2":0.2678774,"populated2020":true,"population2020":4.006,"populationNote":"2020年基準の国交省調整値"},"geometry":{"type":"Polygon","coordinates":[[[131.0125,33.65],[131.0125,33.65416666666667],[131.01875,33.65416666666667],[131.01875,33.65],[131.0125,33.65]]]}},{"type":"Feature","id":"40647:503130812","properties":{"id":"40647:503130812","meshCode":"503130812","cityCode":"40647","city":"築上町","lat":33.6520833,"lon":131.021875,"areaKm2":0.2678774,"populated2020":false,"population2020":null,"populationNote":"境界またぎ・原典収録外のため自治体内人口は未集計"},"geometry":{"type":"Polygon","coordinates":[[[131.01875,33.65],[131.01875,33.65416666666667],[131.025,33.65416666666667],[131.025,33.64999999999999],[131.01875,33.65]]]}},{"type":"Feature","id":"40647:503130821","properties":{"id":"40647:503130821","meshCode":"503130821","cityCode":"40647","city":"築上町","lat":33.6520833,"lon":131.028125,"areaKm2":0.2678774,"populated2020":true,"population2020":3.0026,"populationNote":"2020年基準の国交省調整値"},"geometry":{"type":"Polygon","coordinates":[[[131.025,33.64999999999999],[131.025,33.65416666666667],[131.03125,33.65416666666667],[131.03125,33.65],[131.025,33.64999999999999]]]}},{"type":"Feature","id":"40647:503130822","properties":{"id":"40647:503130822","meshCode":"503130822","cityCode":"40647","city":"築上町","lat":33.6520833,"lon":131.034375,"areaKm2":0.2678774,"populated2020":false,"population2020":null,"populationNote":"境界またぎ・原典収録外のため自治体内人口は未集計"},"geometry":{"type":"Polygon","coordinates":[[[131.03125,33.65],[131.03125,33.65416666666667],[131.0375,33.65416666666667],[131.0375,33.64999999999999],[131.03125,33.65]]]}},{"type":"Feature","id":"40647:503130831","properties":{"id":"40647:503130831","meshCode":"503130831","cityCode":"40647","city":"築上町","lat":33.6520833,"lon":131.040625,"areaKm2":0.2678775,"populated2020":true,"population2020":147.223,"populationNote":"2020年基準の国交省調整値"},"geometry":{"type":"Polygon","coordinates":[[[131.0375,33.64999999999999],[131.0375,33.65416666666667],[131.04375,33.65416666666667],[131.04375,33.64999999999999],[131.0375,33.64999999999999]]]}},{"type":"Feature","id":"40647:503130832","properties":{"id":"40647:503130832","meshCode":"503130832","cityCode":"40647","city":"築上町","lat":33.6520833,"lon":131.046875,"areaKm2":0.2678775,"populated2020":true,"population2020":132.3829,"populationNote":"2020年基準の国交省調整値"},"geometry":{"type":"Polygon","coordinates":[[[131.04375,33.64999999999999],[131.04375,33.65416666666667],[131.05,33.65416666666667],[131.05,33.64999999999999],[131.04375,33.64999999999999]]]}},{"type":"Feature","id":"40647:503130841","properties":{"id":"40647:503130841","meshCode":"503130841","cityCode":"40647","city":"築上町","lat":33.6520833,"lon":131.053125,"areaKm2":0.2678775,"populated2020":true,"population2020":449.9089,"populationNote":"2020年基準の国交省調整値"},"geometry":{"type":"Polygon","coordinates":[[[131.05,33.64999999999999],[131.05,33.65416666666667],[131.05625,33.65416666666667],[131.05625,33.64999999999999],[131.05,33.64999999999999]]]}},{"type":"Feature","id":"40647:503130842","properties":{"id":"40647:503130842","meshCode":"503130842","cityCode":"40647","city":"築上町","lat":33.6520833,"lon":131.059375,"areaKm2":0.2678776,"populated2020":true,"population2020":585.8004,"populationNote":"2020年基準の国交省調整値"},"geometry":{"type":"Polygon","coordinates":[[[131.05625,33.64999999999999],[131.05625,33.65416666666667],[131.0625,33.65416666666667],[131.0625,33.65],[131.05625,33.64999999999999]]]}},{"type":"Feature","id":"40647:503130851","properties":{"id":"40647:503130851","meshCode":"503130851","cityCode":"40647","city":"築上町","lat":33.6520833,"lon":131.065625,"areaKm2":0.2678776,"populated2020":true,"population2020":507.1637,"populationNote":"2020年基準の国交省調整値"},"geometry":{"type":"Polygon","coordinates":[[[131.0625,33.65],[131.0625,33.65416666666667],[131.06875000000002,33.65416666666667],[131.06875000000002,33.64999999999999],[131.0625,33.65]]]}},{"type":"Feature","id":"40647:503130852","properties":{"id":"40647:503130852","meshCode":"503130852","cityCode":"40647","city":"築上町","lat":33.6520833,"lon":131.071875,"areaKm2":0.2671506,"populated2020":true,"population2020":121.162,"populationNote":"2020年基準の国交省調整値"},"geometry":{"type":"Polygon","coordinates":[[[131.07464374186796,33.65416666666667],[131.075,33.653769306000314],[131.075,33.65],[131.06875000000002,33.64999999999999],[131.06875000000002,33.65416666666667],[131.07464374186796,33.65416666666667]]]}},{"type":"Feature","id":"40647:503130861","properties":{"id":"40647:503130861","meshCode":"503130861","cityCode":"40647","city":"築上町","lat":33.6518232,"lon":131.0758711,"areaKm2":0.0652439,"populated2020":true,"population2020":2.0,"populationNote":"2020年基準の国交省調整値"},"geometry":{"type":"Polygon","coordinates":[[[131.07500000000016,33.65376930600013],[131.07634044099996,33.65227855000006],[131.0783613555002,33.64999999999999],[131.075,33.65],[131.07500000000016,33.65376930600013]]]}},{"type":"Feature","id":"40647:503037893","properties":{"id":"40647:503037893","meshCode":"503037893","cityCode":"40647","city":"築上町","lat":33.65625,"lon":130.990625,"areaKm2":0.1373006,"populated2020":false,"population2020":null,"populationNote":"境界またぎ・原典収録外のため自治体内人口は未集計"},"geometry":{"type":"Polygon","coordinates":[[[130.989143333,33.65432666699999],[130.989961946,33.655161946],[130.990094163,33.65540333300001],[130.990145551,33.655844441],[130.991134449,33.656930279],[130.991434449,33.65737527899999],[130.991588885,33.657961387000014],[130.99154739281363,33.65833333333333],[130.99375,33.65833333333333],[130.99375,33.65416666666667],[130.989077479552,33.65416666666666],[130.989143333,33.65432666699999]]]}},{"type":"Feature","id":"40647:503037894","properties":{"id":"40647:503037894","meshCode":"503037894","cityCode":"40647","city":"築上町","lat":33.65625,"lon":130.996875,"areaKm2":0.2678646,"populated2020":true,"population2020":2.0078,"populationNote":"2020年基準の国交省調整値"},"geometry":{"type":"Polygon","coordinates":[[[130.99375,33.65416666666667],[130.99375,33.65833333333333],[131.0,33.65833333333333],[131.0,33.65416666666667],[130.99375,33.65416666666667]]]}},{"type":"Feature","id":"40647:503130803","properties":{"id":"40647:503130803","meshCode":"503130803","cityCode":"40647","city":"築上町","lat":33.65625,"lon":131.003125,"areaKm2":0.2678646,"populated2020":true,"population2020":19.0823,"populationNote":"2020年基準の国交省調整値"},"geometry":{"type":"Polygon","coordinates":[[[131.0,33.65416666666667],[131.0,33.65833333333333],[131.00625,33.65833333333333],[131.00625,33.65416666666667],[131.0,33.65416666666667]]]}},{"type":"Feature","id":"40647:503130804","properties":{"id":"40647:503130804","meshCode":"503130804","cityCode":"40647","city":"築上町","lat":33.65625,"lon":131.009375,"areaKm2":0.2678646,"populated2020":true,"population2020":224.4832,"populationNote":"2020年基準の国交省調整値"},"geometry":{"type":"Polygon","coordinates":[[[131.00625,33.65416666666667],[131.00625,33.65833333333333],[131.0125,33.658333333333324],[131.0125,33.65416666666667],[131.00625,33.65416666666667]]]}},{"type":"Feature","id":"40647:503130813","properties":{"id":"40647:503130813","meshCode":"503130813","cityCode":"40647","city":"築上町","lat":33.65625,"lon":131.015625,"areaKm2":0.2678647,"populated2020":true,"population2020":115.3171,"populationNote":"2020年基準の国交省調整値"},"geometry":{"type":"Polygon","coordinates":[[[131.0125,33.65416666666667],[131.0125,33.658333333333324],[131.01875,33.65833333333333],[131.01875,33.65416666666667],[131.0125,33.65416666666667]]]}},{"type":"Feature","id":"40647:503130814","properties":{"id":"40647:503130814","meshCode":"503130814","cityCode":"40647","city":"築上町","lat":33.65625,"lon":131.021875,"areaKm2":0.2678647,"populated2020":true,"population2020":101.3082,"populationNote":"2020年基準の国交省調整値"},"geometry":{"type":"Polygon","coordinates":[[[131.01875,33.65416666666667],[131.01875,33.65833333333333],[131.025,33.658333333333324],[131.025,33.65416666666667],[131.01875,33.65416666666667]]]}},{"type":"Feature","id":"40647:503130823","properties":{"id":"40647:503130823","meshCode":"503130823","cityCode":"40647","city":"築上町","lat":33.65625,"lon":131.028125,"areaKm2":0.2678647,"populated2020":true,"population2020":164.3834,"populationNote":"2020年基準の国交省調整値"},"geometry":{"type":"Polygon","coordinates":[[[131.025,33.65416666666667],[131.025,33.658333333333324],[131.03125,33.658333333333324],[131.03125,33.65416666666667],[131.025,33.65416666666667]]]}},{"type":"Feature","id":"40647:503130824","properties":{"id":"40647:503130824","meshCode":"503130824","cityCode":"40647","city":"築上町","lat":33.65625,"lon":131.034375,"areaKm2":0.2678647,"populated2020":true,"population2020":143.427,"populationNote":"2020年基準の国交省調整値"},"geometry":{"type":"Polygon","coordinates":[[[131.03125,33.65416666666667],[131.03125,33.658333333333324],[131.0375,33.65833333333333],[131.0375,33.65416666666667],[131.03125,33.65416666666667]]]}},{"type":"Feature","id":"40647:503130833","properties":{"id":"40647:503130833","meshCode":"503130833","cityCode":"40647","city":"築上町","lat":33.65625,"lon":131.040625,"areaKm2":0.2678647,"populated2020":true,"population2020":143.311,"populationNote":"2020年基準の国交省調整値"},"geometry":{"type":"Polygon","coordinates":[[[131.0375,33.65416666666667],[131.0375,33.65833333333333],[131.04375,33.65833333333333],[131.04375,33.65416666666667],[131.0375,33.65416666666667]]]}},{"type":"Feature","id":"40647:503130834","properties":{"id":"40647:503130834","meshCode":"503130834","cityCode":"40647","city":"築上町","lat":33.65625,"lon":131.046875,"areaKm2":0.2678648,"populated2020":true,"population2020":303.572,"populationNote":"2020年基準の国交省調整値"},"geometry":{"type":"Polygon","coordinates":[[[131.04375,33.65416666666667],[131.04375,33.65833333333333],[131.05,33.65833333333334],[131.05,33.65416666666667],[131.04375,33.65416666666667]]]}},{"type":"Feature","id":"40647:503130843","properties":{"id":"40647:503130843","meshCode":"503130843","cityCode":"40647","city":"築上町","lat":33.65625,"lon":131.053125,"areaKm2":0.2678648,"populated2020":true,"population2020":321.3708,"populationNote":"2020年基準の国交省調整値"},"geometry":{"type":"Polygon","coordinates":[[[131.05,33.65416666666667],[131.05,33.65833333333334],[131.05625,33.65833333333334],[131.05625,33.65416666666667],[131.05,33.65416666666667]]]}},{"type":"Feature","id":"40647:503130844","properties":{"id":"40647:503130844","meshCode":"503130844","cityCode":"40647","city":"築上町","lat":33.65625,"lon":131.059375,"areaKm2":0.2678648,"populated2020":true,"population2020":342.9624,"populationNote":"2020年基準の国交省調整値"},"geometry":{"type":"Polygon","coordinates":[[[131.05625,33.65416666666667],[131.05625,33.65833333333334],[131.0625,33.658333333333324],[131.0625,33.65416666666667],[131.05625,33.65416666666667]]]}},{"type":"Feature","id":"40647:503130853","properties":{"id":"40647:503130853","meshCode":"503130853","cityCode":"40647","city":"築上町","lat":33.65625,"lon":131.065625,"areaKm2":0.2676045,"populated2020":true,"population2020":181.4584,"populationNote":"2020年基準の国交省調整値"},"geometry":{"type":"Polygon","coordinates":[[[131.06841409899994,33.65833333299997],[131.06875000000002,33.65818275890493],[131.06875000000002,33.65416666666667],[131.0625,33.65416666666667],[131.0625,33.658333333333324],[131.06841409899994,33.65833333299997]]]}},{"type":"Feature","id":"40647:503130854","properties":{"id":"40647:503130854","meshCode":"503130854","cityCode":"40647","city":"築上町","lat":33.65625,"lon":131.071875,"areaKm2":0.1491444,"populated2020":false,"population2020":null,"populationNote":"境界またぎ・原典収録外のため自治体内人口は未集計"},"geometry":{"type":"Polygon","coordinates":[[[131.07244005200005,33.656528622],[131.0727728920001,33.656294171000006],[131.07464374186796,33.65416666666667],[131.06875000000002,33.65416666666667],[131.06875000000002,33.65818275890493],[131.07244005200005,33.656528622]]]}},{"type":"Feature","id":"40647:503037991","properties":{"id":"40647:503037991","meshCode":"503037991","cityCode":"40647","city":"築上町","lat":33.6604167,"lon":130.990625,"areaKm2":0.142524,"populated2020":true,"population2020":null,"populationNote":"境界またぎ・原典収録外のため自治体内人口は未集計"},"geometry":{"type":"Polygon","coordinates":[[[130.99153,33.65836444100001],[130.99128,33.658616108],[130.989976394,33.65942749500001],[130.989594163,33.661081946],[130.990045837,33.661371386999996],[130.990732218,33.661617225],[130.991353333,33.662003333],[130.9918664520474,33.662499999999994],[130.99375,33.6625],[130.99375,33.65833333333333],[130.99153,33.65836444100001]]]}},{"type":"Feature","id":"40647:503037992","properties":{"id":"40647:503037992","meshCode":"503037992","cityCode":"40647","city":"築上町","lat":33.6604167,"lon":130.996875,"areaKm2":0.2678519,"populated2020":true,"population2020":7.0114,"populationNote":"2020年基準の国交省調整値"},"geometry":{"type":"Polygon","coordinates":[[[130.99375,33.65833333333333],[130.99375,33.6625],[131.0,33.6625],[131.0,33.65833333333333],[130.99375,33.65833333333333]]]}},{"type":"Feature","id":"40647:503130901","properties":{"id":"40647:503130901","meshCode":"503130901","cityCode":"40647","city":"築上町","lat":33.6604167,"lon":131.003125,"areaKm2":0.2678519,"populated2020":false,"population2020":null,"populationNote":"境界またぎ・原典収録外のため自治体内人口は未集計"},"geometry":{"type":"Polygon","coordinates":[[[131.0,33.65833333333333],[131.0,33.6625],[131.00625,33.6625],[131.00625,33.65833333333333],[131.0,33.65833333333333]]]}},{"type":"Feature","id":"40647:503130902","properties":{"id":"40647:503130902","meshCode":"503130902","cityCode":"40647","city":"築上町","lat":33.6604167,"lon":131.009375,"areaKm2":0.2678519,"populated2020":true,"population2020":249.3043,"populationNote":"2020年基準の国交省調整値"},"geometry":{"type":"Polygon","coordinates":[[[131.00625,33.65833333333333],[131.00625,33.6625],[131.0125,33.6625],[131.0125,33.658333333333324],[131.00625,33.65833333333333]]]}},{"type":"Feature","id":"40647:503130911","properties":{"id":"40647:503130911","meshCode":"503130911","cityCode":"40647","city":"築上町","lat":33.6604167,"lon":131.015625,"areaKm2":0.2678519,"populated2020":true,"population2020":17.0437,"populationNote":"2020年基準の国交省調整値"},"geometry":{"type":"Polygon","coordinates":[[[131.0125,33.658333333333324],[131.0125,33.6625],[131.01875,33.6625],[131.01875,33.65833333333333],[131.0125,33.658333333333324]]]}},{"type":"Feature","id":"40647:503130912","properties":{"id":"40647:503130912","meshCode":"503130912","cityCode":"40647","city":"築上町","lat":33.6604167,"lon":131.021875,"areaKm2":0.2678519,"populated2020":true,"population2020":13.9965,"populationNote":"2020年基準の国交省調整値"},"geometry":{"type":"Polygon","coordinates":[[[131.01875,33.65833333333333],[131.01875,33.6625],[131.025,33.66250000000001],[131.025,33.658333333333324],[131.01875,33.65833333333333]]]}},{"type":"Feature","id":"40647:503130921","properties":{"id":"40647:503130921","meshCode":"503130921","cityCode":"40647","city":"築上町","lat":33.6604167,"lon":131.028125,"areaKm2":0.267852,"populated2020":true,"population2020":53.1486,"populationNote":"2020年基準の国交省調整値"},"geometry":{"type":"Polygon","coordinates":[[[131.025,33.658333333333324],[131.025,33.66250000000001],[131.03125,33.66250000000001],[131.03125,33.658333333333324],[131.025,33.658333333333324]]]}},{"type":"Feature","id":"40647:503130922","properties":{"id":"40647:503130922","meshCode":"503130922","cityCode":"40647","city":"築上町","lat":33.6604167,"lon":131.034375,"areaKm2":0.267852,"populated2020":true,"population2020":101.2604,"populationNote":"2020年基準の国交省調整値"},"geometry":{"type":"Polygon","coordinates":[[[131.03125,33.658333333333324],[131.03125,33.66250000000001],[131.0375,33.6625],[131.0375,33.65833333333333],[131.03125,33.658333333333324]]]}},{"type":"Feature","id":"40647:503130931","properties":{"id":"40647:503130931","meshCode":"503130931","cityCode":"40647","city":"築上町","lat":33.6604167,"lon":131.040625,"areaKm2":0.267852,"populated2020":true,"population2020":31.0984,"populationNote":"2020年基準の国交省調整値"},"geometry":{"type":"Polygon","coordinates":[[[131.0375,33.65833333333333],[131.0375,33.6625],[131.04375,33.6625],[131.04375,33.65833333333333],[131.0375,33.65833333333333]]]}},{"type":"Feature","id":"40647:503130932","properties":{"id":"40647:503130932","meshCode":"503130932","cityCode":"40647","city":"築上町","lat":33.6604167,"lon":131.046875,"areaKm2":0.267852,"populated2020":true,"population2020":109.3343,"populationNote":"2020年基準の国交省調整値"},"geometry":{"type":"Polygon","coordinates":[[[131.04375,33.65833333333333],[131.04375,33.6625],[131.05,33.662499999999994],[131.05,33.65833333333334],[131.04375,33.65833333333333]]]}},{"type":"Feature","id":"40647:503130941","properties":{"id":"40647:503130941","meshCode":"503130941","cityCode":"40647","city":"築上町","lat":33.6604167,"lon":131.053125,"areaKm2":0.2678521,"populated2020":true,"population2020":395.6041,"populationNote":"2020年基準の国交省調整値"},"geometry":{"type":"Polygon","coordinates":[[[131.05,33.65833333333334],[131.05,33.662499999999994],[131.05625,33.6625],[131.05625,33.65833333333334],[131.05,33.65833333333334]]]}},{"type":"Feature","id":"40647:503130942","properties":{"id":"40647:503130942","meshCode":"503130942","cityCode":"40647","city":"築上町","lat":33.6604167,"lon":131.059375,"areaKm2":0.2678521,"populated2020":true,"population2020":303.7719,"populationNote":"2020年基準の国交省調整値"},"geometry":{"type":"Polygon","coordinates":[[[131.05625,33.65833333333334],[131.05625,33.6625],[131.0625,33.6625],[131.0625,33.658333333333324],[131.05625,33.65833333333334]]]}},{"type":"Feature","id":"40647:503130951","properties":{"id":"40647:503130951","meshCode":"503130951","cityCode":"40647","city":"築上町","lat":33.6604167,"lon":131.065625,"areaKm2":0.1798589,"populated2020":true,"population2020":143.131,"populationNote":"2020年基準の国交省調整値"},"geometry":{"type":"Polygon","coordinates":[[[131.06604358395572,33.6625],[131.06630444899997,33.66219638700005],[131.06618756199998,33.66229069399997],[131.06608338499996,33.66223466700001],[131.06621741899994,33.66216064000002],[131.06613321700002,33.66212253200007],[131.06618583700015,33.661916135000126],[131.0669988850001,33.66184413500002],[131.067204189,33.66171519800014],[131.06713350199993,33.66161322500011],[131.06695603100013,33.661770775000036],[131.066553087,33.66174608100011],[131.06637808000016,33.66147766700009],[131.066321829,33.660667162000095],[131.06656949399996,33.65997280200003],[131.06700824899997,33.659211532000086],[131.06733885899996,33.658815333000064],[131.06841409825628,33.65833333333333],[131.0625,33.658333333333324],[131.0625,33.6625],[131.06604358395572,33.6625]]]}},{"type":"Feature","id":"40647:503037993","properties":{"id":"40647:503037993","meshCode":"503037993","cityCode":"40647","city":"築上町","lat":33.663526,"lon":130.9929315,"areaKm2":0.0283533,"populated2020":true,"population2020":null,"populationNote":"境界またぎ・原典収録外のため自治体内人口は未集計"},"geometry":{"type":"Polygon","coordinates":[[[130.9918664520474,33.662499999999994],[130.99198917,33.662685559],[130.992117782,33.662637225],[130.991981946,33.662854441],[130.991985279,33.66325416200001],[130.992373606,33.663851387],[130.992737497,33.66415833300001],[130.993178612,33.66421],[130.99375,33.664508168630405],[130.99375,33.6625],[130.9918664520474,33.662499999999994]]]}},{"type":"Feature","id":"40647:503037994","properties":{"id":"40647:503037994","meshCode":"503037994","cityCode":"40647","city":"築上町","lat":33.6645833,"lon":130.996875,"areaKm2":0.2371198,"populated2020":true,"population2020":56.1963,"populationNote":"2020年基準の国交省調整値"},"geometry":{"type":"Polygon","coordinates":[[[130.993751946,33.664509721],[130.99417083,33.664947225],[130.995653606,33.666045],[130.995870272,33.66611055900001],[130.996149728,33.666327495],[130.996304163,33.666248333],[130.9968382221506,33.666666666666664],[131.0,33.666666666666664],[131.0,33.6625],[130.99375,33.6625],[130.993751946,33.664509721]]]}},{"type":"Feature","id":"40647:503130903","properties":{"id":"40647:503130903","meshCode":"503130903","cityCode":"40647","city":"築上町","lat":33.6645833,"lon":131.003125,"areaKm2":0.2678392,"populated2020":true,"population2020":88.2783,"populationNote":"2020年基準の国交省調整値"},"geometry":{"type":"Polygon","coordinates":[[[131.0,33.6625],[131.0,33.666666666666664],[131.00625,33.666666666666664],[131.00625,33.6625],[131.0,33.6625]]]}},{"type":"Feature","id":"40647:503130904","properties":{"id":"40647:503130904","meshCode":"503130904","cityCode":"40647","city":"築上町","lat":33.6645833,"lon":131.009375,"areaKm2":0.2678392,"populated2020":true,"population2020":59.1806,"populationNote":"2020年基準の国交省調整値"},"geometry":{"type":"Polygon","coordinates":[[[131.00625,33.6625],[131.00625,33.666666666666664],[131.0125,33.666666666666664],[131.0125,33.6625],[131.00625,33.6625]]]}},{"type":"Feature","id":"40647:503130913","properties":{"id":"40647:503130913","meshCode":"503130913","cityCode":"40647","city":"築上町","lat":33.6645833,"lon":131.015625,"areaKm2":0.2678392,"populated2020":true,"population2020":70.2225,"populationNote":"2020年基準の国交省調整値"},"geometry":{"type":"Polygon","coordinates":[[[131.0125,33.6625],[131.0125,33.666666666666664],[131.01875,33.666666666666664],[131.01875,33.6625],[131.0125,33.6625]]]}},{"type":"Feature","id":"40647:503130914","properties":{"id":"40647:503130914","meshCode":"503130914","cityCode":"40647","city":"築上町","lat":33.6645833,"lon":131.021875,"areaKm2":0.2678392,"populated2020":true,"population2020":234.4966,"populationNote":"2020年基準の国交省調整値"},"geometry":{"type":"Polygon","coordinates":[[[131.01875,33.6625],[131.01875,33.666666666666664],[131.025,33.666666666666664],[131.025,33.66250000000001],[131.01875,33.6625]]]}},{"type":"Feature","id":"40647:503130923","properties":{"id":"40647:503130923","meshCode":"503130923","cityCode":"40647","city":"築上町","lat":33.6645833,"lon":131.028125,"areaKm2":0.2678392,"populated2020":true,"population2020":102.3484,"populationNote":"2020年基準の国交省調整値"},"geometry":{"type":"Polygon","coordinates":[[[131.025,33.66250000000001],[131.025,33.666666666666664],[131.03125,33.666666666666664],[131.03125,33.66250000000001],[131.025,33.66250000000001]]]}},{"type":"Feature","id":"40647:503130924","properties":{"id":"40647:503130924","meshCode":"503130924","cityCode":"40647","city":"築上町","lat":33.6645833,"lon":131.034375,"areaKm2":0.2678392,"populated2020":true,"population2020":299.5034,"populationNote":"2020年基準の国交省調整値"},"geometry":{"type":"Polygon","coordinates":[[[131.03125,33.66250000000001],[131.03125,33.666666666666664],[131.0375,33.666666666666664],[131.0375,33.6625],[131.03125,33.66250000000001]]]}},{"type":"Feature","id":"40647:503130933","properties":{"id":"40647:503130933","meshCode":"503130933","cityCode":"40647","city":"築上町","lat":33.6645833,"lon":131.040625,"areaKm2":0.2678393,"populated2020":true,"population2020":183.3555,"populationNote":"2020年基準の国交省調整値"},"geometry":{"type":"Polygon","coordinates":[[[131.0375,33.6625],[131.0375,33.666666666666664],[131.04375,33.666666666666664],[131.04375,33.6625],[131.0375,33.6625]]]}},{"type":"Feature","id":"40647:503130934","properties":{"id":"40647:503130934","meshCode":"503130934","cityCode":"40647","city":"築上町","lat":33.6645833,"lon":131.046875,"areaKm2":0.2678393,"populated2020":true,"population2020":56.1601,"populationNote":"2020年基準の国交省調整値"},"geometry":{"type":"Polygon","coordinates":[[[131.04375,33.6625],[131.04375,33.666666666666664],[131.05,33.666666666666664],[131.05,33.662499999999994],[131.04375,33.6625]]]}},{"type":"Feature","id":"40647:503130943","properties":{"id":"40647:503130943","meshCode":"503130943","cityCode":"40647","city":"築上町","lat":33.6645833,"lon":131.053125,"areaKm2":0.2678393,"populated2020":true,"population2020":75.1506,"populationNote":"2020年基準の国交省調整値"},"geometry":{"type":"Polygon","coordinates":[[[131.05,33.662499999999994],[131.05,33.666666666666664],[131.05625,33.666666666666664],[131.05625,33.6625],[131.05,33.662499999999994]]]}},{"type":"Feature","id":"40647:503130944","properties":{"id":"40647:503130944","meshCode":"503130944","cityCode":"40647","city":"築上町","lat":33.6645833,"lon":131.059375,"areaKm2":0.2678394,"populated2020":true,"population2020":174.5108,"populationNote":"2020年基準の国交省調整値"},"geometry":{"type":"Polygon","coordinates":[[[131.05625,33.6625],[131.05625,33.666666666666664],[131.0625,33.666666666666664],[131.0625,33.6625],[131.05625,33.6625]]]}},{"type":"Feature","id":"40647:503130953","properties":{"id":"40647:503130953","meshCode":"503130953","cityCode":"40647","city":"築上町","lat":33.6645833,"lon":131.065625,"areaKm2":0.1354104,"populated2020":true,"population2020":15.0351,"populationNote":"2020年基準の国交省調整値"},"geometry":{"type":"Polygon","coordinates":[[[131.06483430616493,33.666666666666664],[131.06580730199994,33.66498491899999],[131.06593992199998,33.66303274800009],[131.066063217,33.662906865000025],[131.0659440600001,33.66285741399997],[131.06595814499997,33.66261644100002],[131.06604358395572,33.6625],[131.0625,33.6625],[131.0625,33.666666666666664],[131.06483430616493,33.666666666666664]]]}},{"type":"Feature","id":"40647:503047092","properties":{"id":"40647:503047092","meshCode":"503047092","cityCode":"40647","city":"築上町","lat":33.6680472,"lon":130.999347,"areaKm2":0.041682,"populated2020":true,"population2020":null,"populationNote":"境界またぎ・原典収録外のため自治体内人口は未集計"},"geometry":{"type":"Polygon","coordinates":[[[130.996838223,33.666666667],[130.99709166,33.666801387],[130.997308327,33.667159721],[130.99762,33.667388892],[130.998501115,33.667879721],[130.998886939,33.668214721000005],[130.999362776,33.668811108],[131.0,33.669271774999984],[131.0,33.666666666666664],[130.996838223,33.666666667]]]}},{"type":"Feature","id":"40647:503140001","properties":{"id":"40647:503140001","meshCode":"503140001","cityCode":"40647","city":"築上町","lat":33.66875,"lon":131.003125,"areaKm2":0.252726,"populated2020":true,"population2020":4.0287,"populationNote":"2020年基準の国交省調整値"},"geometry":{"type":"Polygon","coordinates":[[[131.00044472100012,33.66957110799996],[131.00075861200003,33.66996],[131.00197276727337,33.67083333333333],[131.00625,33.670833333333334],[131.00625,33.666666666666664],[131.0,33.666666666666664],[131.0,33.669271774999984],[131.00044472100012,33.66957110799996]]]}},{"type":"Feature","id":"40647:503140002","properties":{"id":"40647:503140002","meshCode":"503140002","cityCode":"40647","city":"築上町","lat":33.66875,"lon":131.009375,"areaKm2":0.2678265,"populated2020":true,"population2020":25.0028,"populationNote":"2020年基準の国交省調整値"},"geometry":{"type":"Polygon","coordinates":[[[131.00625,33.666666666666664],[131.00625,33.670833333333334],[131.0125,33.670833333333334],[131.0125,33.666666666666664],[131.00625,33.666666666666664]]]}},{"type":"Feature","id":"40647:503140011","properties":{"id":"40647:503140011","meshCode":"503140011","cityCode":"40647","city":"築上町","lat":33.66875,"lon":131.015625,"areaKm2":0.2678265,"populated2020":true,"population2020":35.2009,"populationNote":"2020年基準の国交省調整値"},"geometry":{"type":"Polygon","coordinates":[[[131.0125,33.666666666666664],[131.0125,33.670833333333334],[131.01875,33.67083333333333],[131.01875,33.666666666666664],[131.0125,33.666666666666664]]]}},{"type":"Feature","id":"40647:503140012","properties":{"id":"40647:503140012","meshCode":"503140012","cityCode":"40647","city":"築上町","lat":33.66875,"lon":131.021875,"areaKm2":0.2678265,"populated2020":true,"population2020":211.4684,"populationNote":"2020年基準の国交省調整値"},"geometry":{"type":"Polygon","coordinates":[[[131.01875,33.666666666666664],[131.01875,33.67083333333333],[131.025,33.670833333333334],[131.025,33.666666666666664],[131.01875,33.666666666666664]]]}},{"type":"Feature","id":"40647:503140021","properties":{"id":"40647:503140021","meshCode":"503140021","cityCode":"40647","city":"築上町","lat":33.66875,"lon":131.028125,"areaKm2":0.2678265,"populated2020":true,"population2020":316.3802,"populationNote":"2020年基準の国交省調整値"},"geometry":{"type":"Polygon","coordinates":[[[131.025,33.666666666666664],[131.025,33.670833333333334],[131.03125,33.67083333333333],[131.03125,33.666666666666664],[131.025,33.666666666666664]]]}},{"type":"Feature","id":"40647:503140022","properties":{"id":"40647:503140022","meshCode":"503140022","cityCode":"40647","city":"築上町","lat":33.66875,"lon":131.034375,"areaKm2":0.2678265,"populated2020":true,"population2020":948.8909,"populationNote":"2020年基準の国交省調整値"},"geometry":{"type":"Polygon","coordinates":[[[131.03125,33.666666666666664],[131.03125,33.67083333333333],[131.0375,33.670833333333334],[131.0375,33.666666666666664],[131.03125,33.666666666666664]]]}},{"type":"Feature","id":"40647:503140031","properties":{"id":"40647:503140031","meshCode":"503140031","cityCode":"40647","city":"築上町","lat":33.66875,"lon":131.040625,"areaKm2":0.2678265,"populated2020":true,"population2020":252.7334,"populationNote":"2020年基準の国交省調整値"},"geometry":{"type":"Polygon","coordinates":[[[131.0375,33.666666666666664],[131.0375,33.670833333333334],[131.04375,33.670833333333334],[131.04375,33.666666666666664],[131.0375,33.666666666666664]]]}},{"type":"Feature","id":"40647:503140032","properties":{"id":"40647:503140032","meshCode":"503140032","cityCode":"40647","city":"築上町","lat":33.66875,"lon":131.046875,"areaKm2":0.2678266,"populated2020":true,"population2020":111.2605,"populationNote":"2020年基準の国交省調整値"},"geometry":{"type":"Polygon","coordinates":[[[131.04375,33.666666666666664],[131.04375,33.670833333333334],[131.05,33.67083333333332],[131.05,33.666666666666664],[131.04375,33.666666666666664]]]}},{"type":"Feature","id":"40647:503140041","properties":{"id":"40647:503140041","meshCode":"503140041","cityCode":"40647","city":"築上町","lat":33.66875,"lon":131.053125,"areaKm2":0.2678266,"populated2020":true,"population2020":55.1735,"populationNote":"2020年基準の国交省調整値"},"geometry":{"type":"Polygon","coordinates":[[[131.05,33.666666666666664],[131.05,33.67083333333332],[131.05625,33.67083333333333],[131.05625,33.666666666666664],[131.05,33.666666666666664]]]}},{"type":"Feature","id":"40647:503140042","properties":{"id":"40647:503140042","meshCode":"503140042","cityCode":"40647","city":"築上町","lat":33.66875,"lon":131.059375,"areaKm2":0.2678266,"populated2020":true,"population2020":46.1055,"populationNote":"2020年基準の国交省調整値"},"geometry":{"type":"Polygon","coordinates":[[[131.05625,33.666666666666664],[131.05625,33.67083333333333],[131.0625,33.670833333333334],[131.0625,33.666666666666664],[131.05625,33.666666666666664]]]}},{"type":"Feature","id":"40647:503140051","properties":{"id":"40647:503140051","meshCode":"503140051","cityCode":"40647","city":"築上町","lat":33.6687669,"lon":131.0631387,"areaKm2":0.0606905,"populated2020":false,"population2020":null,"populationNote":"境界またぎ・原典収録外のため自治体内人口は未集計"},"geometry":{"type":"Polygon","coordinates":[[[131.06306563373295,33.67083333333333],[131.06337408600007,33.6704344410001],[131.063645188,33.669550414000014],[131.0636224120001,33.66908130600012],[131.06419306100008,33.66792663999996],[131.06435763900004,33.66795972099998],[131.06432358000018,33.66767758600014],[131.06483430616493,33.666666666666664],[131.0625,33.666666666666664],[131.0625,33.670833333333334],[131.06306563373295,33.67083333333333]]]}},{"type":"Feature","id":"40647:503140003","properties":{"id":"40647:503140003","meshCode":"503140003","cityCode":"40647","city":"築上町","lat":33.6716597,"lon":131.0055889,"areaKm2":0.0299063,"populated2020":false,"population2020":null,"populationNote":"境界またぎ・原典収録外のため自治体内人口は未集計"},"geometry":{"type":"Polygon","coordinates":[[[131.00233722400003,33.67107082899997],[131.003259728,33.67132166700014],[131.004551946,33.67154305400005],[131.00530360599998,33.67177638700008],[131.00625,33.672325490360244],[131.00625,33.670833333333334],[131.00197276727337,33.67083333333333],[131.00233722400003,33.67107082899997]]]}},{"type":"Feature","id":"40647:503140004","properties":{"id":"40647:503140004","meshCode":"503140004","cityCode":"40647","city":"築上町","lat":33.6729167,"lon":131.009375,"areaKm2":0.2072824,"populated2020":false,"population2020":null,"populationNote":"境界またぎ・原典収録外のため自治体内人口は未集計"},"geometry":{"type":"Polygon","coordinates":[[[131.00625,33.672325490360244],[131.00818639399995,33.67325416200009],[131.0100646690003,33.675],[131.0125,33.675],[131.0125,33.670833333333334],[131.00625,33.670833333333334],[131.00625,33.672325490360244]]]}},{"type":"Feature","id":"40647:503140013","properties":{"id":"40647:503140013","meshCode":"503140013","cityCode":"40647","city":"築上町","lat":33.6729167,"lon":131.015625,"areaKm2":0.2678137,"populated2020":true,"population2020":22.089,"populationNote":"2020年基準の国交省調整値"},"geometry":{"type":"Polygon","coordinates":[[[131.0125,33.670833333333334],[131.0125,33.675],[131.01875,33.675],[131.01875,33.67083333333333],[131.0125,33.670833333333334]]]}},{"type":"Feature","id":"40647:503140014","properties":{"id":"40647:503140014","meshCode":"503140014","cityCode":"40647","city":"築上町","lat":33.6729167,"lon":131.021875,"areaKm2":0.2678137,"populated2020":true,"population2020":184.4453,"populationNote":"2020年基準の国交省調整値"},"geometry":{"type":"Polygon","coordinates":[[[131.01875,33.67083333333333],[131.01875,33.675],[131.025,33.675],[131.025,33.670833333333334],[131.01875,33.67083333333333]]]}},{"type":"Feature","id":"40647:503140023","properties":{"id":"40647:503140023","meshCode":"503140023","cityCode":"40647","city":"築上町","lat":33.6729167,"lon":131.028125,"areaKm2":0.2678138,"populated2020":true,"population2020":334.6963,"populationNote":"2020年基準の国交省調整値"},"geometry":{"type":"Polygon","coordinates":[[[131.025,33.670833333333334],[131.025,33.675],[131.03125,33.675000000000004],[131.03125,33.67083333333333],[131.025,33.670833333333334]]]}},{"type":"Feature","id":"40647:503140024","properties":{"id":"40647:503140024","meshCode":"503140024","cityCode":"40647","city":"築上町","lat":33.6729167,"lon":131.034375,"areaKm2":0.2678138,"populated2020":true,"population2020":552.399,"populationNote":"2020年基準の国交省調整値"},"geometry":{"type":"Polygon","coordinates":[[[131.03125,33.67083333333333],[131.03125,33.675000000000004],[131.0375,33.675],[131.0375,33.670833333333334],[131.03125,33.67083333333333]]]}},{"type":"Feature","id":"40647:503140033","properties":{"id":"40647:503140033","meshCode":"503140033","cityCode":"40647","city":"築上町","lat":33.6729167,"lon":131.040625,"areaKm2":0.2678138,"populated2020":true,"population2020":513.8128,"populationNote":"2020年基準の国交省調整値"},"geometry":{"type":"Polygon","coordinates":[[[131.0375,33.670833333333334],[131.0375,33.675],[131.04375,33.675],[131.04375,33.670833333333334],[131.0375,33.670833333333334]]]}},{"type":"Feature","id":"40647:503140034","properties":{"id":"40647:503140034","meshCode":"503140034","cityCode":"40647","city":"築上町","lat":33.6729167,"lon":131.046875,"areaKm2":0.2678138,"populated2020":true,"population2020":271.4584,"populationNote":"2020年基準の国交省調整値"},"geometry":{"type":"Polygon","coordinates":[[[131.04375,33.670833333333334],[131.04375,33.675],[131.05,33.675],[131.05,33.67083333333332],[131.04375,33.670833333333334]]]}},{"type":"Feature","id":"40647:503140043","properties":{"id":"40647:503140043","meshCode":"503140043","cityCode":"40647","city":"築上町","lat":33.6729167,"lon":131.053125,"areaKm2":0.2678139,"populated2020":true,"population2020":360.8476,"populationNote":"2020年基準の国交省調整値"},"geometry":{"type":"Polygon","coordinates":[[[131.05,33.67083333333332],[131.05,33.675],[131.05625,33.67499999999999],[131.05625,33.67083333333333],[131.05,33.67083333333332]]]}},{"type":"Feature","id":"40647:503140044","properties":{"id":"40647:503140044","meshCode":"503140044","cityCode":"40647","city":"築上町","lat":33.6729167,"lon":131.059375,"areaKm2":0.190613,"populated2020":true,"population2020":115.3979,"populationNote":"2020年基準の国交省調整値"},"geometry":{"type":"Polygon","coordinates":[[[131.05826791200013,33.675000000000004],[131.0593336060001,33.67308872099994],[131.05981739300012,33.67334316199998],[131.05983732800007,33.673300198],[131.06107888500003,33.673788667],[131.06121725000003,33.673759973000074],[131.0625,33.67428134236451],[131.06233888500014,33.674144081000065],[131.0612493,33.67371880199995],[131.06063891100018,33.673035000000006],[131.06126092099998,33.67273566700004],[131.0616336710001,33.673132333000005],[131.06168299599997,33.67310264000014],[131.06132505800008,33.67270364],[131.061911699,33.67230136000013],[131.0625,33.67159382924069],[131.0625,33.670833333333334],[131.05625,33.67083333333333],[131.05625,33.67499999999999],[131.05826791200013,33.675000000000004]]]}},{"type":"Feature","id":"40647:503140053","properties":{"id":"40647:503140053","meshCode":"503140053","cityCode":"40647","city":"築上町","lat":33.6712587,"lon":131.0626158,"areaKm2":0.0052952,"populated2020":false,"population2020":null,"populationNote":"境界またぎ・原典収録外のため自治体内人口は未集計"},"geometry":{"type":"MultiPolygon","coordinates":[[[[131.0625,33.67428134236451],[131.06428900099968,33.675],[131.06479968900004,33.67500000000001],[131.06515958499995,33.674341225000035],[131.06497763900018,33.674267973000035],[131.06462499400004,33.674906919000136],[131.06425680900009,33.67476277500009],[131.06417988300007,33.674907162000075],[131.0625,33.67422558984349],[131.0625,33.67428134236451]]],[[[131.0625,33.67159382924069],[131.062640752,33.671377748000054],[131.06306563373295,33.67083333333333],[131.0625,33.670833333333334],[131.0625,33.67159382924069]]]]}},{"type":"Feature","id":"40647:503140102","properties":{"id":"40647:503140102","meshCode":"503140102","cityCode":"40647","city":"築上町","lat":33.6761443,"lon":131.0115319,"areaKm2":0.0425879,"populated2020":true,"population2020":null,"populationNote":"境界またぎ・原典収録外のため自治体内人口は未集計"},"geometry":{"type":"Polygon","coordinates":[[[131.01006466900003,33.67500000000012],[131.0093930610001,33.675346946000055],[131.00968583700012,33.67562666700002],[131.0125,33.67731390862786],[131.0125,33.675],[131.01006466900003,33.67500000000012]]]}},{"type":"Feature","id":"40647:503140111","properties":{"id":"40647:503140111","meshCode":"503140111","cityCode":"40647","city":"築上町","lat":33.6770833,"lon":131.015625,"areaKm2":0.2246465,"populated2020":true,"population2020":3.0167,"populationNote":"2020年基準の国交省調整値"},"geometry":{"type":"Polygon","coordinates":[[[131.0125,33.67731390862786],[131.01348472100005,33.67791805399997],[131.01473083000008,33.67806305400006],[131.01546583699997,33.678251107999984],[131.0159913880001,33.678536108000124],[131.01613916999997,33.678989441000056],[131.01631272313625,33.679166666666674],[131.01875,33.67916666666667],[131.01875,33.675],[131.0125,33.675],[131.0125,33.67731390862786]]]}},{"type":"Feature","id":"40647:503140112","properties":{"id":"40647:503140112","meshCode":"503140112","cityCode":"40647","city":"築上町","lat":33.6770833,"lon":131.021875,"areaKm2":0.267801,"populated2020":false,"population2020":null,"populationNote":"境界またぎ・原典収録外のため自治体内人口は未集計"},"geometry":{"type":"Polygon","coordinates":[[[131.01875,33.675],[131.01875,33.67916666666667],[131.025,33.67916666666667],[131.025,33.675],[131.01875,33.675]]]}},{"type":"Feature","id":"40647:503140121","properties":{"id":"40647:503140121","meshCode":"503140121","cityCode":"40647","city":"築上町","lat":33.6770833,"lon":131.028125,"areaKm2":0.267801,"populated2020":true,"population2020":42.0624,"populationNote":"2020年基準の国交省調整値"},"geometry":{"type":"Polygon","coordinates":[[[131.025,33.675],[131.025,33.67916666666667],[131.03125,33.679166666666674],[131.03125,33.675000000000004],[131.025,33.675]]]}},{"type":"Feature","id":"40647:503140122","properties":{"id":"40647:503140122","meshCode":"503140122","cityCode":"40647","city":"築上町","lat":33.6770833,"lon":131.034375,"areaKm2":0.267801,"populated2020":true,"population2020":30.0423,"populationNote":"2020年基準の国交省調整値"},"geometry":{"type":"Polygon","coordinates":[[[131.03125,33.675000000000004],[131.03125,33.679166666666674],[131.0375,33.67916666666667],[131.0375,33.675],[131.03125,33.675000000000004]]]}},{"type":"Feature","id":"40647:503140131","properties":{"id":"40647:503140131","meshCode":"503140131","cityCode":"40647","city":"築上町","lat":33.6770833,"lon":131.040625,"areaKm2":0.2678011,"populated2020":true,"population2020":408.6614,"populationNote":"2020年基準の国交省調整値"},"geometry":{"type":"Polygon","coordinates":[[[131.0375,33.675],[131.0375,33.67916666666667],[131.04375,33.679166666666674],[131.04375,33.675],[131.0375,33.675]]]}},{"type":"Feature","id":"40647:503140132","properties":{"id":"40647:503140132","meshCode":"503140132","cityCode":"40647","city":"築上町","lat":33.6770833,"lon":131.046875,"areaKm2":0.2678011,"populated2020":true,"population2020":227.6394,"populationNote":"2020年基準の国交省調整値"},"geometry":{"type":"Polygon","coordinates":[[[131.04375,33.675],[131.04375,33.679166666666674],[131.05,33.679166666666674],[131.05,33.675],[131.04375,33.675]]]}},{"type":"Feature","id":"40647:503140141","properties":{"id":"40647:503140141","meshCode":"503140141","cityCode":"40647","city":"築上町","lat":33.6770833,"lon":131.053125,"areaKm2":0.2678011,"populated2020":true,"population2020":139.1301,"populationNote":"2020年基準の国交省調整値"},"geometry":{"type":"Polygon","coordinates":[[[131.05,33.675],[131.05,33.679166666666674],[131.05625,33.679166666666674],[131.05625,33.67499999999999],[131.05,33.675]]]}},{"type":"Feature","id":"40647:503140142","properties":{"id":"40647:503140142","meshCode":"503140142","cityCode":"40647","city":"築上町","lat":33.6770992,"lon":131.0566782,"areaKm2":0.0414443,"populated2020":false,"population2020":null,"populationNote":"境界またぎ・原典収録外のため自治体内人口は未集計"},"geometry":{"type":"Polygon","coordinates":[[[131.05665994800006,33.679137919000084],[131.05642313900015,33.6791338650001],[131.05650031100004,33.678400054000065],[131.05680961100006,33.67806327899996],[131.05700191999995,33.678007252000036],[131.05687744500017,33.67788669400005],[131.05704783400017,33.67788049500013],[131.05677280200018,33.67781572100011],[131.0568208950001,33.67758044099997],[131.05776827499994,33.67611880200013],[131.05826791200013,33.675000000000004],[131.05625,33.67499999999999],[131.05625,33.679166666666674],[131.05665994800006,33.679137919000084]]]}},{"type":"Feature","id":"40647:503140151","properties":{"id":"40647:503140151","meshCode":"503140151","cityCode":"40647","city":"築上町","lat":33.6750814,"lon":131.0646276,"areaKm2":0.0004274,"populated2020":false,"population2020":null,"populationNote":"境界またぎ・原典収録外のため自治体内人口は未集計"},"geometry":{"type":"Polygon","coordinates":[[[131.06428900099968,33.675],[131.06471080400001,33.67516274800005],[131.06479968900004,33.67500000000001],[131.06428900099968,33.675]]]}},{"type":"Feature","id":"40647:503140113","properties":{"id":"40647:503140113","meshCode":"503140113","cityCode":"40647","city":"築上町","lat":33.6804124,"lon":131.0178505,"areaKm2":0.0404855,"populated2020":true,"population2020":null,"populationNote":"境界またぎ・原典収録外のため自治体内人口は未集計"},"geometry":{"type":"Polygon","coordinates":[[[131.01649944199994,33.67930833300001],[131.01685555100005,33.68030749500002],[131.01738499399994,33.68087194600014],[131.01808610900014,33.68139333300002],[131.01849138800014,33.681595559000016],[131.01875,33.681641301849076],[131.01875,33.67916666666667],[131.01631272313625,33.679166666666674],[131.01649944199994,33.67930833300001]]]}},{"type":"Feature","id":"40647:503140114","properties":{"id":"40647:503140114","meshCode":"503140114","cityCode":"40647","city":"築上町","lat":33.68125,"lon":131.021875,"areaKm2":0.2204653,"populated2020":false,"population2020":null,"populationNote":"境界またぎ・原典収録外のため自治体内人口は未集計"},"geometry":{"type":"Polygon","coordinates":[[[131.01875,33.681641301849076],[131.01964722399998,33.681855559000056],[131.020129442,33.68219055900005],[131.02046610900007,33.68258638700013],[131.02200778199995,33.6829388920001],[131.0226594945032,33.68333333333334],[131.02309130964812,33.68333333333333],[131.025,33.68208366700008],[131.025,33.67916666666667],[131.01875,33.67916666666667],[131.01875,33.681641301849076]]]}},{"type":"Feature","id":"40647:503140123","properties":{"id":"40647:503140123","meshCode":"503140123","cityCode":"40647","city":"築上町","lat":33.6806275,"lon":131.0261843,"areaKm2":0.0765638,"populated2020":false,"population2020":null,"populationNote":"境界またぎ・原典収録外のため自治体内人口は未集計"},"geometry":{"type":"Polygon","coordinates":[[[131.025,33.68208366700008],[131.0277447210001,33.680404441000064],[131.02982083000018,33.67942389200004],[131.03028944200003,33.679271386999915],[131.03054832700002,33.67926500000001],[131.03125,33.679439125014106],[131.03125,33.679166666666674],[131.025,33.67916666666667],[131.025,33.68208366700008]]]}},{"type":"Feature","id":"40647:503140124","properties":{"id":"40647:503140124","meshCode":"503140124","cityCode":"40647","city":"築上町","lat":33.6796612,"lon":131.0347377,"areaKm2":0.0413991,"populated2020":false,"population2020":null,"populationNote":"境界またぎ・原典収録外のため自治体内人口は未集計"},"geometry":{"type":"Polygon","coordinates":[[[131.03125,33.679439125014106],[131.033069728,33.67999694600002],[131.03416666700014,33.679844441000114],[131.03607888500005,33.679774441],[131.03676472100017,33.67980610800004],[131.0375,33.68004433648706],[131.0375,33.67916666666667],[131.03125,33.679166666666674],[131.03125,33.679439125014106]]]}},{"type":"Feature","id":"40647:503140133","properties":{"id":"40647:503140133","meshCode":"503140133","cityCode":"40647","city":"築上町","lat":33.68125,"lon":131.040625,"areaKm2":0.1681775,"populated2020":false,"population2020":null,"populationNote":"境界またぎ・原典収録外のため自治体内人口は未集計"},"geometry":{"type":"Polygon","coordinates":[[[131.03765555099994,33.68011166699999],[131.03891666699997,33.68129555900009],[131.03929000000002,33.681499441000085],[131.04149138799994,33.68218055900013],[131.04279027200016,33.682505279],[131.04375,33.683014812323826],[131.04375,33.679166666666674],[131.0375,33.67916666666667],[131.0375,33.68004433648706],[131.03765555099994,33.68011166699999]]]}},{"type":"Feature","id":"40647:503140134","properties":{"id":"40647:503140134","meshCode":"503140134","cityCode":"40647","city":"築上町","lat":33.68125,"lon":131.046875,"areaKm2":0.2669209,"populated2020":true,"population2020":264.6553,"populationNote":"2020年基準の国交省調整値"},"geometry":{"type":"Polygon","coordinates":[[[131.04427944200006,33.683333333000114],[131.05,33.68333333333333],[131.05,33.679166666666674],[131.04375,33.679166666666674],[131.04375,33.683014812323826],[131.04427944200006,33.683333333000114]]]}},{"type":"Feature","id":"40647:503140143","properties":{"id":"40647:503140143","meshCode":"503140143","cityCode":"40647","city":"築上町","lat":33.68125,"lon":131.053125,"areaKm2":0.2176125,"populated2020":true,"population2020":90.2673,"populationNote":"2020年基準の国交省調整値"},"geometry":{"type":"Polygon","coordinates":[[[131.0532160570001,33.68333333300012],[131.05355431900003,33.68304088300005],[131.05374177700003,33.682267495000026],[131.05420434500004,33.681816514000104],[131.05488163400014,33.681303757000016],[131.05553435799993,33.681325467999955],[131.05577325600007,33.681259802000056],[131.05625,33.680765575680255],[131.05625,33.679166666666674],[131.05,33.679166666666674],[131.05,33.68333333333333],[131.0532160570001,33.68333333300012]]]}},{"type":"Feature","id":"40647:503140144","properties":{"id":"40647:503140144","meshCode":"503140144","cityCode":"40647","city":"築上町","lat":33.6799198,"lon":131.0563108,"areaKm2":0.0020462,"populated2020":false,"population2020":null,"populationNote":"境界またぎ・原典収録外のため自治体内人口は未集計"},"geometry":{"type":"Polygon","coordinates":[[[131.05625841800008,33.680755198000035],[131.0564113360001,33.679276278999964],[131.05665144,33.67928219800002],[131.05665374800003,33.6792216130001],[131.05641946800006,33.67918991900013],[131.05665824432396,33.679166666666674],[131.05625,33.679166666666674],[131.05625841800008,33.680755198000035]]]}},{"type":"Feature","id":"40647:503140212","properties":{"id":"40647:503140212","meshCode":"503140212","cityCode":"40647","city":"築上町","lat":33.683406,"lon":131.0228919,"areaKm2":0.0003571,"populated2020":true,"population2020":null,"populationNote":"境界またぎ・原典収録外のため自治体内人口は未集計"},"geometry":{"type":"Polygon","coordinates":[[[131.0226594945032,33.68333333333334],[131.02295749700014,33.68346027899997],[131.02309130964812,33.68333333333333],[131.0226594945032,33.68333333333334]]]}},{"type":"Feature","id":"40647:503140232","properties":{"id":"40647:503140232","meshCode":"503140232","cityCode":"40647","city":"築上町","lat":33.6854167,"lon":131.046875,"areaKm2":0.1838786,"populated2020":false,"population2020":null,"populationNote":"境界またぎ・原典収録外のため自治体内人口は未集計"},"geometry":{"type":"Polygon","coordinates":[[[131.04427944255391,33.68333333333333],[131.0453422180001,33.684033333000116],[131.04587917000015,33.68496916200001],[131.04602,33.68668138700003],[131.04596472598962,33.68750000000001],[131.05,33.68750000000001],[131.05,33.68333333333333],[131.04427944255391,33.68333333333333]]]}},{"type":"Feature","id":"40647:503140241","properties":{"id":"40647:503140241","meshCode":"503140241","cityCode":"40647","city":"築上町","lat":33.6853961,"lon":131.0513429,"areaKm2":0.0940045,"populated2020":false,"population2020":null,"populationNote":"境界またぎ・原典収録外のため自治体内人口は未集計"},"geometry":{"type":"MultiPolygon","coordinates":[[[[131.05231037600004,33.68690349500008],[131.05233163399998,33.686816090000036],[131.05227483800013,33.686888378],[131.050039222,33.68620469400008],[131.05004202300006,33.685925387],[131.05014788600002,33.68585591900012],[131.05073924800013,33.685861080999985],[131.05160808000005,33.68613782899996],[131.051934436,33.685672964],[131.052468534,33.685847838000086],[131.0528673540001,33.68565338700006],[131.0536498570001,33.68644133300006],[131.05369603100007,33.686412694000076],[131.05219329400018,33.684909027000124],[131.05242709499998,33.68474618000005],[131.05212753600006,33.684842901000145],[131.05245080400016,33.68455039600002],[131.05258998700003,33.68405914400006],[131.05321605656172,33.68333333333334],[131.05,33.68333333333333],[131.05,33.68750000000001],[131.05264155239433,33.68750000000001],[131.05231037600004,33.68690349500008]]],[[[131.05284386295986,33.68750000000001],[131.053431505,33.686736387],[131.05278853809963,33.6875],[131.05284386295986,33.68750000000001]]]]}},{"type":"Feature","id":"40647:503140234","properties":{"id":"40647:503140234","meshCode":"503140234","cityCode":"40647","city":"築上町","lat":33.6887708,"lon":131.0481418,"areaKm2":0.0698328,"populated2020":false,"population2020":null,"populationNote":"境界またぎ・原典収録外のため自治体内人口は未集計"},"geometry":{"type":"Polygon","coordinates":[[[131.04596472598962,33.68750000000001],[131.045842451,33.68865781099993],[131.045988781,33.68856549499992],[131.04605304799998,33.688627396000015],[131.04648029800012,33.68860762199996],[131.04678984399993,33.688685730000024],[131.0469546820001,33.68883685600007],[131.04725304800013,33.68940045],[131.04835620000006,33.69004916200003],[131.04886022000005,33.68929572099995],[131.04950236100012,33.688654414000105],[131.05,33.688803162],[131.05,33.68750000000001],[131.04596472598962,33.68750000000001]]]}},{"type":"Feature","id":"40647:503140243","properties":{"id":"40647:503140243","meshCode":"503140243","cityCode":"40647","city":"築上町","lat":33.6895833,"lon":131.053125,"areaKm2":0.0938772,"populated2020":false,"population2020":null,"populationNote":"境界またぎ・原典収録外のため自治体内人口は未集計"},"geometry":{"type":"MultiPolygon","coordinates":[[[[131.05,33.688803162],[131.05571046700004,33.69053998199996],[131.05620826200015,33.689375595],[131.05316590100006,33.68844444100006],[131.05264155239433,33.68750000000001],[131.05,33.68750000000001],[131.05,33.688803162]]],[[[131.05284386295986,33.68750000000001],[131.05278853809963,33.6875],[131.052749442,33.687546432000005],[131.052786433,33.687568387],[131.05284386295986,33.68750000000001]]]]}}]}