{"type":"FeatureCollection","metadata":{"cityCode":"44208","city":"竹田市","resolution":500,"boundaryDate":"2026-01-01","populationLabel":"2020年基準人口（国交省調整値）","method":"標準地域メッシュ（2分の1地域メッシュ/第3次地域区画）を行政界で切り抜き。判定点は中心、境界外なら区域内代表点。面積は簡略化前の地理座標から計算。表示線は5m簡略化。"},"features":[{"type":"Feature","id":"44208:493112972","properties":{"id":"44208:493112972","meshCode":"493112972","cityCode":"44208","city":"竹田市","lat":32.8286249,"lon":131.3466759,"areaKm2":0.0067504,"populated2020":false,"population2020":null,"populationNote":"境界またぎ・収録外等のため自治体内人口は未集計"},"geometry":{"type":"Polygon","coordinates":[[[131.34698064342734,32.829166666666666],[131.346946991,32.828710757],[131.347059209,32.827972982000006],[131.34580912010506,32.829166666666666],[131.34698064342734,32.829166666666666]]]}},{"type":"Feature","id":"44208:493112963","properties":{"id":"44208:493112963","meshCode":"493112963","cityCode":"44208","city":"竹田市","lat":32.8330733,"lon":131.328802,"areaKm2":0.0081621,"populated2020":false,"population2020":null,"populationNote":"境界またぎ・収録外等のため自治体内人口は未集計"},"geometry":{"type":"Polygon","coordinates":[[[131.330238301,32.833333332999985],[131.3292926590001,32.83293719800014],[131.32865821000007,32.832868036000086],[131.32806181599994,32.833027486],[131.32756804173675,32.83333333333333],[131.330238301,32.833333332999985]]]}},{"type":"Feature","id":"44208:493112964","properties":{"id":"44208:493112964","meshCode":"493112964","cityCode":"44208","city":"竹田市","lat":32.8330172,"lon":131.3363232,"areaKm2":0.0138059,"populated2020":false,"population2020":null,"populationNote":"境界またぎ・収録外等のため自治体内人口は未集計"},"geometry":{"type":"Polygon","coordinates":[[[131.3375,32.83294614843759],[131.336086044,32.832781351],[131.335436602,32.832886631],[131.334635201,32.83321469399999],[131.33301020697468,32.833333333333336],[131.3375,32.833333333333336],[131.3375,32.83294614843759]]]}},{"type":"Feature","id":"44208:493112973","properties":{"id":"44208:493112973","meshCode":"493112973","cityCode":"44208","city":"竹田市","lat":32.8323187,"lon":131.3427572,"areaKm2":0.0412715,"populated2020":false,"population2020":null,"populationNote":"境界またぎ・収録外等のため自治体内人口は未集計"},"geometry":{"type":"MultiPolygon","coordinates":[[[[131.34375,32.83115028892711],[131.341861933,32.832238559],[131.341059429,32.832970505000006],[131.34046822237923,32.833333333333336],[131.34375,32.833333333333336],[131.34375,32.83115028892711]]],[[[131.33878154300004,32.833333333000006],[131.337909676,32.83305218000001],[131.3375,32.83294614843759],[131.3375,32.833333333333336],[131.33878154300004,32.833333333000006]]]]}},{"type":"Feature","id":"44208:493112974","properties":{"id":"44208:493112974","meshCode":"493112974","cityCode":"44208","city":"竹田市","lat":32.83125,"lon":131.346875,"areaKm2":0.1821647,"populated2020":false,"population2020":null,"populationNote":"境界またぎ・収録外等のため自治体内人口は未集計"},"geometry":{"type":"Polygon","coordinates":[[[131.349999248,32.832196450000005],[131.349388119,32.832023532],[131.348370337,32.831460757],[131.347456991,32.83079020700001],[131.347111154,32.830266315],[131.347080597,32.83008131500001],[131.347213658,32.829614928],[131.34698064342734,32.829166666666666],[131.34580912010506,32.829166666666666],[131.344600026,32.83010632399999],[131.34375,32.83115028892711],[131.34375,32.833333333333336],[131.35,32.83333333333333],[131.349999248,32.832196450000005]]]}},{"type":"Feature","id":"44208:493112983","properties":{"id":"44208:493112983","meshCode":"493112983","cityCode":"44208","city":"竹田市","lat":32.8327607,"lon":131.3510222,"areaKm2":0.0245768,"populated2020":false,"population2020":null,"populationNote":"境界またぎ・収録外等のため自治体内人口は未集計"},"geometry":{"type":"Polygon","coordinates":[[[131.35396551200006,32.833333333000006],[131.353001777,32.833002973],[131.351119805,32.832522694],[131.350664254,32.832305757],[131.35,32.832196559],[131.35,32.83333333333333],[131.35396551200006,32.833333333000006]]]}},{"type":"Feature","id":"44208:493122061","properties":{"id":"44208:493122061","meshCode":"493122061","cityCode":"44208","city":"竹田市","lat":32.8354167,"lon":131.328125,"areaKm2":0.1617734,"populated2020":false,"population2020":null,"populationNote":"境界またぎ・収録外等のため自治体内人口は未集計"},"geometry":{"type":"Polygon","coordinates":[[[131.33125,32.83351502433914],[131.33023830252452,32.833333333333336],[131.32756804173675,32.83333333333333],[131.32746153000005,32.833491089999946],[131.32745097299994,32.83372748599999],[131.32764098600012,32.835299423000095],[131.32757597900013,32.83618470299995],[131.32748376099994,32.83671554100005],[131.32692977005436,32.83749999999999],[131.33125,32.8375],[131.33125,32.83351502433914]]]}},{"type":"Feature","id":"44208:493122062","properties":{"id":"44208:493122062","meshCode":"493122062","cityCode":"44208","city":"竹田市","lat":32.8354167,"lon":131.334375,"areaKm2":0.2670789,"populated2020":false,"population2020":null,"populationNote":"境界またぎ・収録外等のため自治体内人口は未集計"},"geometry":{"type":"Polygon","coordinates":[[[131.33301020697468,32.833333333333336],[131.33222629099998,32.833588306000024],[131.33125,32.83351502433914],[131.33125,32.8375],[131.3375,32.837500000000006],[131.3375,32.833333333333336],[131.33301020697468,32.833333333333336]]]}},{"type":"Feature","id":"44208:493122071","properties":{"id":"44208:493122071","meshCode":"493122071","cityCode":"44208","city":"竹田市","lat":32.8354167,"lon":131.340625,"areaKm2":0.2683708,"populated2020":false,"population2020":null,"populationNote":"境界またぎ・収録外等のため自治体内人口は未集計"},"geometry":{"type":"Polygon","coordinates":[[[131.34046822237923,32.833333333333336],[131.33991970199997,32.833512450000114],[131.33937275000005,32.83348218000009],[131.33878154421757,32.833333333333336],[131.3375,32.833333333333336],[131.3375,32.837500000000006],[131.34375,32.8375],[131.34375,32.833333333333336],[131.34046822237923,32.833333333333336]]]}},{"type":"Feature","id":"44208:493122072","properties":{"id":"44208:493122072","meshCode":"493122072","cityCode":"44208","city":"竹田市","lat":32.8354167,"lon":131.346875,"areaKm2":0.2703985,"populated2020":false,"population2020":null,"populationNote":"境界またぎ・収録外等のため自治体内人口は未集計"},"geometry":{"type":"Polygon","coordinates":[[[131.34375,32.833333333333336],[131.34375,32.8375],[131.35,32.83749999999999],[131.35,32.83333333333333],[131.34375,32.833333333333336]]]}},{"type":"Feature","id":"44208:493122081","properties":{"id":"44208:493122081","meshCode":"493122081","cityCode":"44208","city":"竹田市","lat":32.8354167,"lon":131.353125,"areaKm2":0.2604812,"populated2020":false,"population2020":null,"populationNote":"境界またぎ・収録外等のため自治体内人口は未集計"},"geometry":{"type":"Polygon","coordinates":[[[131.35625000000002,32.83406794190628],[131.35570818400015,32.8339779640001],[131.3539655127641,32.833333333333336],[131.35,32.83333333333333],[131.35,32.83749999999999],[131.35625000000002,32.8375],[131.35625000000002,32.83406794190628]]]}},{"type":"Feature","id":"44208:493122082","properties":{"id":"44208:493122082","meshCode":"493122082","cityCode":"44208","city":"竹田市","lat":32.8354167,"lon":131.359375,"areaKm2":0.2211731,"populated2020":false,"population2020":null,"populationNote":"境界またぎ・収録外等のため自治体内人口は未集計"},"geometry":{"type":"Polygon","coordinates":[[[131.3625,32.8343545451294],[131.36216435799997,32.83402627900011],[131.361765473,32.833944892000034],[131.36026490300014,32.834068234000085],[131.35906321700008,32.83402879300013],[131.358272931,32.83421545900012],[131.35748431900015,32.83422768500009],[131.35625000000002,32.83406794190628],[131.35625000000002,32.8375],[131.3625,32.8375],[131.3625,32.8343545451294]]]}},{"type":"Feature","id":"44208:493122091","properties":{"id":"44208:493122091","meshCode":"493122091","cityCode":"44208","city":"竹田市","lat":32.8359129,"lon":131.3638331,"areaKm2":0.0934083,"populated2020":false,"population2020":null,"populationNote":"境界またぎ・収録外等のため自治体内人口は未集計"},"geometry":{"type":"Polygon","coordinates":[[[131.36851066934494,32.8375],[131.36793051900008,32.83703072100002],[131.36505216600005,32.835881279000084],[131.36372047999998,32.83527350500009],[131.3625,32.8343545451294],[131.3625,32.8375],[131.36851066934494,32.8375]]]}},{"type":"Feature","id":"44208:493122054","properties":{"id":"44208:493122054","meshCode":"493122054","cityCode":"44208","city":"竹田市","lat":32.8405917,"lon":131.3240729,"areaKm2":0.0339988,"populated2020":false,"population2020":null,"populationNote":"境界またぎ・収録外等のため自治体内人口は未集計"},"geometry":{"type":"Polygon","coordinates":[[[131.3249990270001,32.839510658000115],[131.3245667960001,32.839763604000105],[131.323928184,32.83994081999998],[131.32319151800004,32.84052999099998],[131.32310013000006,32.84065332400013],[131.3232095720001,32.84109276600009],[131.32310929999994,32.84125443200014],[131.32272623899996,32.841516378],[131.32266143170364,32.84166666666666],[131.325,32.84166666666667],[131.3249990270001,32.839510658000115]]]}},{"type":"Feature","id":"44208:493122063","properties":{"id":"44208:493122063","meshCode":"493122063","cityCode":"44208","city":"竹田市","lat":32.8395833,"lon":131.328125,"areaKm2":0.2431023,"populated2020":false,"population2020":null,"populationNote":"境界またぎ・収録外等のため自治体内人口は未集計"},"geometry":{"type":"Polygon","coordinates":[[[131.32692977005436,32.83749999999999],[131.32655542199996,32.838021928000046],[131.32644597900014,32.838939152999956],[131.32631819699998,32.839085541000024],[131.32535097300013,32.83916248600008],[131.325,32.83951000899998],[131.325,32.84166666666667],[131.33125,32.84166666666666],[131.33125,32.8375],[131.32692977005436,32.83749999999999]]]}},{"type":"Feature","id":"44208:493122064","properties":{"id":"44208:493122064","meshCode":"493122064","cityCode":"44208","city":"竹田市","lat":32.8395833,"lon":131.334375,"areaKm2":0.2703861,"populated2020":false,"population2020":null,"populationNote":"境界またぎ・収録外等のため自治体内人口は未集計"},"geometry":{"type":"Polygon","coordinates":[[[131.33125,32.8375],[131.33125,32.84166666666666],[131.3375,32.84166666666666],[131.3375,32.837500000000006],[131.33125,32.8375]]]}},{"type":"Feature","id":"44208:493122073","properties":{"id":"44208:493122073","meshCode":"493122073","cityCode":"44208","city":"竹田市","lat":32.8395833,"lon":131.340625,"areaKm2":0.2703861,"populated2020":false,"population2020":null,"populationNote":"境界またぎ・収録外等のため自治体内人口は未集計"},"geometry":{"type":"Polygon","coordinates":[[[131.3375,32.837500000000006],[131.3375,32.84166666666666],[131.34375,32.84166666666666],[131.34375,32.8375],[131.3375,32.837500000000006]]]}},{"type":"Feature","id":"44208:493122074","properties":{"id":"44208:493122074","meshCode":"493122074","cityCode":"44208","city":"竹田市","lat":32.8395833,"lon":131.346875,"areaKm2":0.2703861,"populated2020":false,"population2020":null,"populationNote":"境界またぎ・収録外等のため自治体内人口は未集計"},"geometry":{"type":"Polygon","coordinates":[[[131.34375,32.8375],[131.34375,32.84166666666666],[131.35,32.84166666666667],[131.35,32.83749999999999],[131.34375,32.8375]]]}},{"type":"Feature","id":"44208:493122083","properties":{"id":"44208:493122083","meshCode":"493122083","cityCode":"44208","city":"竹田市","lat":32.8395833,"lon":131.353125,"areaKm2":0.2703861,"populated2020":false,"population2020":null,"populationNote":"境界またぎ・収録外等のため自治体内人口は未集計"},"geometry":{"type":"Polygon","coordinates":[[[131.35,32.83749999999999],[131.35,32.84166666666667],[131.35625000000002,32.84166666666667],[131.35625000000002,32.8375],[131.35,32.83749999999999]]]}},{"type":"Feature","id":"44208:493122084","properties":{"id":"44208:493122084","meshCode":"493122084","cityCode":"44208","city":"竹田市","lat":32.8395833,"lon":131.359375,"areaKm2":0.2703861,"populated2020":false,"population2020":null,"populationNote":"境界またぎ・収録外等のため自治体内人口は未集計"},"geometry":{"type":"Polygon","coordinates":[[[131.35625000000002,32.8375],[131.35625000000002,32.84166666666667],[131.3625,32.84166666666666],[131.3625,32.8375],[131.35625000000002,32.8375]]]}},{"type":"Feature","id":"44208:493122093","properties":{"id":"44208:493122093","meshCode":"493122093","cityCode":"44208","city":"竹田市","lat":32.8395833,"lon":131.365625,"areaKm2":0.2700615,"populated2020":false,"population2020":null,"populationNote":"境界またぎ・収録外等のため自治体内人口は未集計"},"geometry":{"type":"Polygon","coordinates":[[[131.36851066934494,32.8375],[131.3625,32.8375],[131.3625,32.84166666666666],[131.36875,32.84166666666666],[131.36875,32.83776140690854],[131.36851066934494,32.8375]]]}},{"type":"Feature","id":"44208:493122094","properties":{"id":"44208:493122094","meshCode":"493122094","cityCode":"44208","city":"竹田市","lat":32.8395833,"lon":131.371875,"areaKm2":0.2099227,"populated2020":false,"population2020":null,"populationNote":"境界またぎ・収録外等のため自治体内人口は未集計"},"geometry":{"type":"Polygon","coordinates":[[[131.37499946799994,32.83916036000005],[131.37384806700015,32.83850822500006],[131.37322278900012,32.83849377500007],[131.372744721,32.83858127900004],[131.37134832700008,32.83848517100006],[131.37058193300004,32.838331],[131.36983747099998,32.83801683799999],[131.3690255250001,32.83793211699998],[131.36875,32.83776140690854],[131.36875,32.84166666666666],[131.375,32.84166666666666],[131.37499946799994,32.83916036000005]]]}},{"type":"Feature","id":"44208:493123003","properties":{"id":"44208:493123003","meshCode":"493123003","cityCode":"44208","city":"竹田市","lat":32.8403506,"lon":131.3756886,"areaKm2":0.0317609,"populated2020":false,"population2020":null,"populationNote":"境界またぎ・収録外等のため自治体内人口は未集計"},"geometry":{"type":"Polygon","coordinates":[[[131.376972633,32.841666568],[131.376478353,32.840488784],[131.376276135,32.840212396],[131.37559585,32.83973155899999],[131.375283074,32.83932377499999],[131.375,32.83916060400006],[131.375,32.84166666666666],[131.376972633,32.841666568]]]}},{"type":"Feature","id":"44208:493122152","properties":{"id":"44208:493122152","meshCode":"493122152","cityCode":"44208","city":"竹田市","lat":32.8436775,"lon":131.3238068,"areaKm2":0.1266064,"populated2020":false,"population2020":null,"populationNote":"境界またぎ・収録外等のため自治体内人口は未集計"},"geometry":{"type":"Polygon","coordinates":[[[131.32266143170364,32.84166666666666],[131.32259847,32.84193249500004],[131.322853463,32.8427802700001],[131.32255430600003,32.84403193700001],[131.322454021,32.84415526999999],[131.3222715180001,32.844155269999995],[131.32154151800012,32.84439416200007],[131.32103151800004,32.84507777500005],[131.32076679600016,32.84561694599995],[131.32055337952673,32.845833333333324],[131.325,32.845833333333324],[131.325,32.84166666666667],[131.32266143170364,32.84166666666666]]]}},{"type":"Feature","id":"44208:493122161","properties":{"id":"44208:493122161","meshCode":"493122161","cityCode":"44208","city":"竹田市","lat":32.84375,"lon":131.328125,"areaKm2":0.2703736,"populated2020":false,"population2020":null,"populationNote":"境界またぎ・収録外等のため自治体内人口は未集計"},"geometry":{"type":"Polygon","coordinates":[[[131.325,32.84166666666667],[131.325,32.845833333333324],[131.33125,32.845833333333324],[131.33125,32.84166666666666],[131.325,32.84166666666667]]]}},{"type":"Feature","id":"44208:493122162","properties":{"id":"44208:493122162","meshCode":"493122162","cityCode":"44208","city":"竹田市","lat":32.84375,"lon":131.334375,"areaKm2":0.2703736,"populated2020":false,"population2020":null,"populationNote":"境界またぎ・収録外等のため自治体内人口は未集計"},"geometry":{"type":"Polygon","coordinates":[[[131.33125,32.84166666666666],[131.33125,32.845833333333324],[131.3375,32.84583333333334],[131.3375,32.84166666666666],[131.33125,32.84166666666666]]]}},{"type":"Feature","id":"44208:493122171","properties":{"id":"44208:493122171","meshCode":"493122171","cityCode":"44208","city":"竹田市","lat":32.84375,"lon":131.340625,"areaKm2":0.2703736,"populated2020":false,"population2020":null,"populationNote":"境界またぎ・収録外等のため自治体内人口は未集計"},"geometry":{"type":"Polygon","coordinates":[[[131.3375,32.84166666666666],[131.3375,32.84583333333334],[131.34375,32.84583333333333],[131.34375,32.84166666666666],[131.3375,32.84166666666666]]]}},{"type":"Feature","id":"44208:493122172","properties":{"id":"44208:493122172","meshCode":"493122172","cityCode":"44208","city":"竹田市","lat":32.84375,"lon":131.346875,"areaKm2":0.2703736,"populated2020":false,"population2020":null,"populationNote":"境界またぎ・収録外等のため自治体内人口は未集計"},"geometry":{"type":"Polygon","coordinates":[[[131.34375,32.84166666666666],[131.34375,32.84583333333333],[131.35,32.845833333333324],[131.35,32.84166666666667],[131.34375,32.84166666666666]]]}},{"type":"Feature","id":"44208:493122181","properties":{"id":"44208:493122181","meshCode":"493122181","cityCode":"44208","city":"竹田市","lat":32.84375,"lon":131.353125,"areaKm2":0.2703736,"populated2020":false,"population2020":null,"populationNote":"境界またぎ・収録外等のため自治体内人口は未集計"},"geometry":{"type":"Polygon","coordinates":[[[131.35,32.84166666666667],[131.35,32.845833333333324],[131.35625000000002,32.84583333333333],[131.35625000000002,32.84166666666667],[131.35,32.84166666666667]]]}},{"type":"Feature","id":"44208:493122182","properties":{"id":"44208:493122182","meshCode":"493122182","cityCode":"44208","city":"竹田市","lat":32.84375,"lon":131.359375,"areaKm2":0.2703736,"populated2020":false,"population2020":null,"populationNote":"境界またぎ・収録外等のため自治体内人口は未集計"},"geometry":{"type":"Polygon","coordinates":[[[131.35625000000002,32.84166666666667],[131.35625000000002,32.84583333333333],[131.3625,32.845833333333324],[131.3625,32.84166666666666],[131.35625000000002,32.84166666666667]]]}},{"type":"Feature","id":"44208:493122191","properties":{"id":"44208:493122191","meshCode":"493122191","cityCode":"44208","city":"竹田市","lat":32.84375,"lon":131.365625,"areaKm2":0.2703736,"populated2020":false,"population2020":null,"populationNote":"境界またぎ・収録外等のため自治体内人口は未集計"},"geometry":{"type":"Polygon","coordinates":[[[131.3625,32.84166666666666],[131.3625,32.845833333333324],[131.36875,32.84583333333333],[131.36875,32.84166666666666],[131.3625,32.84166666666666]]]}},{"type":"Feature","id":"44208:493122192","properties":{"id":"44208:493122192","meshCode":"493122192","cityCode":"44208","city":"竹田市","lat":32.84375,"lon":131.371875,"areaKm2":0.2703736,"populated2020":false,"population2020":null,"populationNote":"境界またぎ・収録外等のため自治体内人口は未集計"},"geometry":{"type":"Polygon","coordinates":[[[131.36875,32.84166666666666],[131.36875,32.84583333333333],[131.375,32.84583333333333],[131.375,32.84166666666666],[131.36875,32.84166666666666]]]}},{"type":"Feature","id":"44208:493123101","properties":{"id":"44208:493123101","meshCode":"493123101","cityCode":"44208","city":"竹田市","lat":32.84375,"lon":131.378125,"areaKm2":0.2245949,"populated2020":false,"population2020":null,"populationNote":"境界またぎ・収録外等のため自治体内人口は未集計"},"geometry":{"type":"Polygon","coordinates":[[[131.38125,32.843605076982676],[131.380317536,32.84303962199999],[131.378772257,32.84279212599999],[131.378165032,32.842311288],[131.37697269778116,32.84166666666666],[131.375,32.84166666666666],[131.375,32.84583333333333],[131.38125,32.845833333333324],[131.38125,32.843605076982676]]]}},{"type":"Feature","id":"44208:493123102","properties":{"id":"44208:493123102","meshCode":"493123102","cityCode":"44208","city":"竹田市","lat":32.8447213,"lon":131.3821081,"areaKm2":0.0424137,"populated2020":false,"population2020":null,"populationNote":"境界またぎ・収録外等のため自治体内人口は未集計"},"geometry":{"type":"Polygon","coordinates":[[[131.3851632588045,32.84583333333333],[131.384369222,32.845496577],[131.383890882,32.845219910000004],[131.383278936,32.845078242999996],[131.38302144,32.844859631],[131.382763943,32.84443740500001],[131.382340882,32.84427712600001],[131.381678651,32.843753234],[131.38125,32.843605076982676],[131.38125,32.845833333333324],[131.3851632588045,32.84583333333333]]]}},{"type":"Feature","id":"44208:493122153","properties":{"id":"44208:493122153","meshCode":"493122153","cityCode":"44208","city":"竹田市","lat":32.8485874,"lon":131.3170861,"areaKm2":0.0764742,"populated2020":false,"population2020":null,"populationNote":"境界またぎ・収録外等のため自治体内人口は未集計"},"geometry":{"type":"Polygon","coordinates":[[[131.31812400800015,32.847479171000145],[131.31725734099996,32.84757945000001],[131.31676483800015,32.847918342000135],[131.3161259530001,32.848187784000054],[131.3153264980001,32.84865278400014],[131.31543594000016,32.849038063000144],[131.3155998310001,32.849276955],[131.31533510999998,32.849639170999986],[131.31490014764526,32.85],[131.31875,32.85],[131.31875,32.84720748384099],[131.31812400800015,32.847479171000145]]]}},{"type":"Feature","id":"44208:493122154","properties":{"id":"44208:493122154","meshCode":"493122154","cityCode":"44208","city":"竹田市","lat":32.8479167,"lon":131.321875,"areaKm2":0.2563452,"populated2020":false,"population2020":null,"populationNote":"境界またぎ・収録外等のため自治体内人口は未集計"},"geometry":{"type":"Polygon","coordinates":[[[131.32055337952673,32.845833333333324],[131.31993651100004,32.84643389200005],[131.31875,32.84720748384099],[131.31875,32.85],[131.325,32.85],[131.325,32.845833333333324],[131.32055337952673,32.845833333333324]]]}},{"type":"Feature","id":"44208:493122163","properties":{"id":"44208:493122163","meshCode":"493122163","cityCode":"44208","city":"竹田市","lat":32.8479167,"lon":131.328125,"areaKm2":0.2703612,"populated2020":false,"population2020":null,"populationNote":"境界またぎ・収録外等のため自治体内人口は未集計"},"geometry":{"type":"Polygon","coordinates":[[[131.325,32.845833333333324],[131.325,32.85],[131.33125,32.85],[131.33125,32.845833333333324],[131.325,32.845833333333324]]]}},{"type":"Feature","id":"44208:493122164","properties":{"id":"44208:493122164","meshCode":"493122164","cityCode":"44208","city":"竹田市","lat":32.8479167,"lon":131.334375,"areaKm2":0.2703612,"populated2020":false,"population2020":null,"populationNote":"境界またぎ・収録外等のため自治体内人口は未集計"},"geometry":{"type":"Polygon","coordinates":[[[131.33125,32.845833333333324],[131.33125,32.85],[131.3375,32.85],[131.3375,32.84583333333334],[131.33125,32.845833333333324]]]}},{"type":"Feature","id":"44208:493122173","properties":{"id":"44208:493122173","meshCode":"493122173","cityCode":"44208","city":"竹田市","lat":32.8479167,"lon":131.340625,"areaKm2":0.2703612,"populated2020":false,"population2020":null,"populationNote":"境界またぎ・収録外等のため自治体内人口は未集計"},"geometry":{"type":"Polygon","coordinates":[[[131.3375,32.84583333333334],[131.3375,32.85],[131.34375,32.85000000000001],[131.34375,32.84583333333333],[131.3375,32.84583333333334]]]}},{"type":"Feature","id":"44208:493122174","properties":{"id":"44208:493122174","meshCode":"493122174","cityCode":"44208","city":"竹田市","lat":32.8479167,"lon":131.346875,"areaKm2":0.2703612,"populated2020":false,"population2020":null,"populationNote":"境界またぎ・収録外等のため自治体内人口は未集計"},"geometry":{"type":"Polygon","coordinates":[[[131.34375,32.84583333333333],[131.34375,32.85000000000001],[131.35,32.85],[131.35,32.845833333333324],[131.34375,32.84583333333333]]]}},{"type":"Feature","id":"44208:493122183","properties":{"id":"44208:493122183","meshCode":"493122183","cityCode":"44208","city":"竹田市","lat":32.8479167,"lon":131.353125,"areaKm2":0.2703612,"populated2020":false,"population2020":null,"populationNote":"境界またぎ・収録外等のため自治体内人口は未集計"},"geometry":{"type":"Polygon","coordinates":[[[131.35,32.845833333333324],[131.35,32.85],[131.35625000000002,32.85],[131.35625000000002,32.84583333333333],[131.35,32.845833333333324]]]}},{"type":"Feature","id":"44208:493122184","properties":{"id":"44208:493122184","meshCode":"493122184","cityCode":"44208","city":"竹田市","lat":32.8479167,"lon":131.359375,"areaKm2":0.2703612,"populated2020":false,"population2020":null,"populationNote":"境界またぎ・収録外等のため自治体内人口は未集計"},"geometry":{"type":"Polygon","coordinates":[[[131.35625000000002,32.84583333333333],[131.35625000000002,32.85],[131.3625,32.85000000000001],[131.3625,32.845833333333324],[131.35625000000002,32.84583333333333]]]}},{"type":"Feature","id":"44208:493122193","properties":{"id":"44208:493122193","meshCode":"493122193","cityCode":"44208","city":"竹田市","lat":32.8479167,"lon":131.365625,"areaKm2":0.2703612,"populated2020":false,"population2020":null,"populationNote":"境界またぎ・収録外等のため自治体内人口は未集計"},"geometry":{"type":"Polygon","coordinates":[[[131.3625,32.845833333333324],[131.3625,32.85000000000001],[131.36875,32.85],[131.36875,32.84583333333333],[131.3625,32.845833333333324]]]}},{"type":"Feature","id":"44208:493122194","properties":{"id":"44208:493122194","meshCode":"493122194","cityCode":"44208","city":"竹田市","lat":32.8479167,"lon":131.371875,"areaKm2":0.2703612,"populated2020":false,"population2020":null,"populationNote":"境界またぎ・収録外等のため自治体内人口は未集計"},"geometry":{"type":"Polygon","coordinates":[[[131.36875,32.84583333333333],[131.36875,32.85],[131.375,32.85],[131.375,32.84583333333333],[131.36875,32.84583333333333]]]}},{"type":"Feature","id":"44208:493123103","properties":{"id":"44208:493123103","meshCode":"493123103","cityCode":"44208","city":"竹田市","lat":32.8479167,"lon":131.378125,"areaKm2":0.2703612,"populated2020":false,"population2020":null,"populationNote":"境界またぎ・収録外等のため自治体内人口は未集計"},"geometry":{"type":"Polygon","coordinates":[[[131.375,32.84583333333333],[131.375,32.85],[131.38125,32.85000000000001],[131.38125,32.845833333333324],[131.375,32.84583333333333]]]}},{"type":"Feature","id":"44208:493123104","properties":{"id":"44208:493123104","meshCode":"493123104","cityCode":"44208","city":"竹田市","lat":32.8479167,"lon":131.384375,"areaKm2":0.2457028,"populated2020":false,"population2020":null,"populationNote":"境界またぎ・収録外等のため自治体内人口は未集計"},"geometry":{"type":"Polygon","coordinates":[[[131.387374695,32.84999991899999],[131.387293943,32.849850757],[131.387440882,32.849442973],[131.387440895,32.849166306],[131.387257004,32.848437972999996],[131.387459507,32.84800102700001],[131.387422555,32.847826306],[131.387017834,32.847127694],[131.385859222,32.846428523],[131.385233671,32.845875189000004],[131.38125,32.845833333333324],[131.38125,32.85000000000001],[131.387374695,32.84999991899999]]]}},{"type":"Feature","id":"44208:493122241","properties":{"id":"44208:493122241","meshCode":"493122241","cityCode":"44208","city":"竹田市","lat":32.8538697,"lon":131.3052946,"areaKm2":0.0208183,"populated2020":false,"population2020":null,"populationNote":"境界またぎ・収録外等のため自治体内人口は未集計"},"geometry":{"type":"Polygon","coordinates":[[[131.30625,32.853100925301895],[131.30551784700003,32.85312584700001],[131.30460534400015,32.853040847000045],[131.30447757499996,32.85314112600008],[131.30445952000002,32.85357279300002],[131.30421898248483,32.854166666666664],[131.30625,32.854166666666664],[131.30625,32.853100925301895]]]}},{"type":"Feature","id":"44208:493122242","properties":{"id":"44208:493122242","meshCode":"493122242","cityCode":"44208","city":"竹田市","lat":32.8525565,"lon":131.3115951,"areaKm2":0.097109,"populated2020":false,"population2020":null,"populationNote":"境界またぎ・収録外等のため自治体内人口は未集計"},"geometry":{"type":"Polygon","coordinates":[[[131.31247066100002,32.85118779300001],[131.31135176400005,32.852140568000095],[131.310156485,32.852833901],[131.30797591400017,32.85308806300003],[131.30625,32.853100925301895],[131.30625,32.854166666666664],[131.3125,32.854166666666664],[131.31247066100002,32.85118779300001]]]}},{"type":"Feature","id":"44208:493122251","properties":{"id":"44208:493122251","meshCode":"493122251","cityCode":"44208","city":"竹田市","lat":32.8520833,"lon":131.315625,"areaKm2":0.2469368,"populated2020":false,"population2020":null,"populationNote":"境界またぎ・収録外等のため自治体内人口は未集計"},"geometry":{"type":"Polygon","coordinates":[[[131.31490014299993,32.85000000450009],[131.31466011700013,32.850232505],[131.31440455300014,32.850802514],[131.31403955899998,32.85107223400013],[131.31369289200018,32.85116473000001],[131.31282649800005,32.851095288000124],[131.3125,32.85118016590053],[131.3125,32.854166666666664],[131.31875,32.854166666666664],[131.31875,32.85],[131.31490014299993,32.85000000450009]]]}},{"type":"Feature","id":"44208:493122252","properties":{"id":"44208:493122252","meshCode":"493122252","cityCode":"44208","city":"竹田市","lat":32.8520833,"lon":131.321875,"areaKm2":0.2703487,"populated2020":false,"population2020":null,"populationNote":"境界またぎ・収録外等のため自治体内人口は未集計"},"geometry":{"type":"Polygon","coordinates":[[[131.31875,32.85],[131.31875,32.854166666666664],[131.325,32.854166666666664],[131.325,32.85],[131.31875,32.85]]]}},{"type":"Feature","id":"44208:493122261","properties":{"id":"44208:493122261","meshCode":"493122261","cityCode":"44208","city":"竹田市","lat":32.8520833,"lon":131.328125,"areaKm2":0.2703487,"populated2020":false,"population2020":null,"populationNote":"境界またぎ・収録外等のため自治体内人口は未集計"},"geometry":{"type":"Polygon","coordinates":[[[131.325,32.85],[131.325,32.854166666666664],[131.33125,32.854166666666664],[131.33125,32.85],[131.325,32.85]]]}},{"type":"Feature","id":"44208:493122262","properties":{"id":"44208:493122262","meshCode":"493122262","cityCode":"44208","city":"竹田市","lat":32.8520833,"lon":131.334375,"areaKm2":0.2703487,"populated2020":false,"population2020":null,"populationNote":"境界またぎ・収録外等のため自治体内人口は未集計"},"geometry":{"type":"Polygon","coordinates":[[[131.33125,32.85],[131.33125,32.854166666666664],[131.3375,32.854166666666664],[131.3375,32.85],[131.33125,32.85]]]}},{"type":"Feature","id":"44208:493122271","properties":{"id":"44208:493122271","meshCode":"493122271","cityCode":"44208","city":"竹田市","lat":32.8520833,"lon":131.340625,"areaKm2":0.2703487,"populated2020":false,"population2020":null,"populationNote":"境界またぎ・収録外等のため自治体内人口は未集計"},"geometry":{"type":"Polygon","coordinates":[[[131.3375,32.85],[131.3375,32.854166666666664],[131.34375,32.854166666666664],[131.34375,32.85000000000001],[131.3375,32.85]]]}},{"type":"Feature","id":"44208:493122272","properties":{"id":"44208:493122272","meshCode":"493122272","cityCode":"44208","city":"竹田市","lat":32.8520833,"lon":131.346875,"areaKm2":0.2703487,"populated2020":false,"population2020":null,"populationNote":"境界またぎ・収録外等のため自治体内人口は未集計"},"geometry":{"type":"Polygon","coordinates":[[[131.34375,32.85000000000001],[131.34375,32.854166666666664],[131.35,32.854166666666664],[131.35,32.85],[131.34375,32.85000000000001]]]}},{"type":"Feature","id":"44208:493122281","properties":{"id":"44208:493122281","meshCode":"493122281","cityCode":"44208","city":"竹田市","lat":32.8520833,"lon":131.353125,"areaKm2":0.2703487,"populated2020":false,"population2020":null,"populationNote":"境界またぎ・収録外等のため自治体内人口は未集計"},"geometry":{"type":"Polygon","coordinates":[[[131.35,32.85],[131.35,32.854166666666664],[131.35625000000002,32.854166666666664],[131.35625000000002,32.85],[131.35,32.85]]]}},{"type":"Feature","id":"44208:493122282","properties":{"id":"44208:493122282","meshCode":"493122282","cityCode":"44208","city":"竹田市","lat":32.8520833,"lon":131.359375,"areaKm2":0.2703487,"populated2020":false,"population2020":null,"populationNote":"境界またぎ・収録外等のため自治体内人口は未集計"},"geometry":{"type":"Polygon","coordinates":[[[131.35625000000002,32.85],[131.35625000000002,32.854166666666664],[131.3625,32.854166666666664],[131.3625,32.85000000000001],[131.35625000000002,32.85]]]}},{"type":"Feature","id":"44208:493122291","properties":{"id":"44208:493122291","meshCode":"493122291","cityCode":"44208","city":"竹田市","lat":32.8520833,"lon":131.365625,"areaKm2":0.2703487,"populated2020":false,"population2020":null,"populationNote":"境界またぎ・収録外等のため自治体内人口は未集計"},"geometry":{"type":"Polygon","coordinates":[[[131.3625,32.85000000000001],[131.3625,32.854166666666664],[131.36875,32.854166666666664],[131.36875,32.85],[131.3625,32.85000000000001]]]}},{"type":"Feature","id":"44208:493122292","properties":{"id":"44208:493122292","meshCode":"493122292","cityCode":"44208","city":"竹田市","lat":32.8520833,"lon":131.371875,"areaKm2":0.2703487,"populated2020":false,"population2020":null,"populationNote":"境界またぎ・収録外等のため自治体内人口は未集計"},"geometry":{"type":"Polygon","coordinates":[[[131.36875,32.85],[131.36875,32.854166666666664],[131.375,32.854166666666664],[131.375,32.85],[131.36875,32.85]]]}},{"type":"Feature","id":"44208:493123201","properties":{"id":"44208:493123201","meshCode":"493123201","cityCode":"44208","city":"竹田市","lat":32.8520833,"lon":131.378125,"areaKm2":0.2703487,"populated2020":false,"population2020":null,"populationNote":"境界またぎ・収録外等のため自治体内人口は未集計"},"geometry":{"type":"Polygon","coordinates":[[[131.375,32.85],[131.375,32.854166666666664],[131.38125,32.854166666666664],[131.38125,32.85000000000001],[131.375,32.85]]]}},{"type":"Feature","id":"44208:493123202","properties":{"id":"44208:493123202","meshCode":"493123202","cityCode":"44208","city":"竹田市","lat":32.8520833,"lon":131.384375,"areaKm2":0.2702887,"populated2020":false,"population2020":null,"populationNote":"境界またぎ・収録外等のため自治体内人口は未集計"},"geometry":{"type":"Polygon","coordinates":[[[131.387374799,32.85000000000001],[131.38125,32.85000000000001],[131.38125,32.854166666666664],[131.3875,32.854166666666664],[131.3875,32.85009250420084],[131.387374799,32.85000000000001]]]}},{"type":"Feature","id":"44208:493123211","properties":{"id":"44208:493123211","meshCode":"493123211","cityCode":"44208","city":"竹田市","lat":32.8520833,"lon":131.390625,"areaKm2":0.1134848,"populated2020":false,"population2020":null,"populationNote":"境界またぎ・収録外等のため自治体内人口は未集計"},"geometry":{"type":"Polygon","coordinates":[[[131.391547004,32.853864649],[131.391418677,32.853719099],[131.391326732,32.85277270300001],[131.39108756200002,32.85227770299999],[131.390885071,32.852088261000006],[131.39068284,32.851957153],[131.390278119,32.85186992799999],[131.38899061,32.85122909],[131.3875,32.85009250420084],[131.3875,32.854166666666664],[131.391547004,32.854166666666664],[131.391547004,32.853864649]]]}},{"type":"Feature","id":"44208:493122233","properties":{"id":"44208:493122233","meshCode":"493122233","cityCode":"44208","city":"竹田市","lat":32.8582137,"lon":131.2936525,"areaKm2":0.0005725,"populated2020":false,"population2020":null,"populationNote":"境界またぎ・収録外等のため自治体内人口は未集計"},"geometry":{"type":"Polygon","coordinates":[[[131.29375,32.857940667371444],[131.29348559000005,32.85831082899999],[131.29346178964747,32.85833333333334],[131.29375,32.858333333333334],[131.29375,32.857940667371444]]]}},{"type":"Feature","id":"44208:493122234","properties":{"id":"44208:493122234","meshCode":"493122234","cityCode":"44208","city":"竹田市","lat":32.8568503,"lon":131.2978459,"areaKm2":0.1334055,"populated2020":false,"population2020":null,"populationNote":"境界またぎ・収録外等のため自治体内人口は未集計"},"geometry":{"type":"Polygon","coordinates":[[[131.29999893600007,32.85552343200004],[131.2990889360001,32.85540362200004],[131.29881533100013,32.85542667600003],[131.297926706,32.85571000900013],[131.2972697670001,32.855802225000104],[131.29711476,32.85587167600005],[131.29661310000006,32.85655750500006],[131.29641254199998,32.856650009000084],[131.29540892299997,32.85691945000007],[131.29450559000009,32.856996386999924],[131.29406780800014,32.857289441000034],[131.29375,32.857940667371444],[131.29375,32.858333333333334],[131.30000000000004,32.858333333333334],[131.29999893600007,32.85552343200004]]]}},{"type":"Feature","id":"44208:493122243","properties":{"id":"44208:493122243","meshCode":"493122243","cityCode":"44208","city":"竹田市","lat":32.85625,"lon":131.303125,"areaKm2":0.2305981,"populated2020":false,"population2020":null,"populationNote":"境界またぎ・収録外等のため自治体内人口は未集計"},"geometry":{"type":"Polygon","coordinates":[[[131.30421312600004,32.85418112599996],[131.3038331260001,32.85453307199998],[131.30234590099997,32.85498779300003],[131.30141561599999,32.85538835099994],[131.30061255500016,32.855573350999975],[131.30000000000004,32.8555234050001],[131.30000000000004,32.858333333333334],[131.30625,32.858333333333334],[131.30625,32.854166666666664],[131.30421312600004,32.85418112599996]]]}},{"type":"Feature","id":"44208:493122244","properties":{"id":"44208:493122244","meshCode":"493122244","cityCode":"44208","city":"竹田市","lat":32.85625,"lon":131.309375,"areaKm2":0.2703363,"populated2020":false,"population2020":null,"populationNote":"境界またぎ・収録外等のため自治体内人口は未集計"},"geometry":{"type":"Polygon","coordinates":[[[131.30625,32.854166666666664],[131.30625,32.858333333333334],[131.3125,32.85833333333334],[131.3125,32.854166666666664],[131.30625,32.854166666666664]]]}},{"type":"Feature","id":"44208:493122253","properties":{"id":"44208:493122253","meshCode":"493122253","cityCode":"44208","city":"竹田市","lat":32.85625,"lon":131.315625,"areaKm2":0.2703363,"populated2020":false,"population2020":null,"populationNote":"境界またぎ・収録外等のため自治体内人口は未集計"},"geometry":{"type":"Polygon","coordinates":[[[131.3125,32.854166666666664],[131.3125,32.85833333333334],[131.31875,32.858333333333334],[131.31875,32.854166666666664],[131.3125,32.854166666666664]]]}},{"type":"Feature","id":"44208:493122254","properties":{"id":"44208:493122254","meshCode":"493122254","cityCode":"44208","city":"竹田市","lat":32.85625,"lon":131.321875,"areaKm2":0.2703363,"populated2020":false,"population2020":null,"populationNote":"境界またぎ・収録外等のため自治体内人口は未集計"},"geometry":{"type":"Polygon","coordinates":[[[131.31875,32.854166666666664],[131.31875,32.858333333333334],[131.325,32.85833333333333],[131.325,32.854166666666664],[131.31875,32.854166666666664]]]}},{"type":"Feature","id":"44208:493122263","properties":{"id":"44208:493122263","meshCode":"493122263","cityCode":"44208","city":"竹田市","lat":32.85625,"lon":131.328125,"areaKm2":0.2703363,"populated2020":false,"population2020":null,"populationNote":"境界またぎ・収録外等のため自治体内人口は未集計"},"geometry":{"type":"Polygon","coordinates":[[[131.325,32.854166666666664],[131.325,32.85833333333333],[131.33125,32.858333333333334],[131.33125,32.854166666666664],[131.325,32.854166666666664]]]}},{"type":"Feature","id":"44208:493122264","properties":{"id":"44208:493122264","meshCode":"493122264","cityCode":"44208","city":"竹田市","lat":32.85625,"lon":131.334375,"areaKm2":0.2703363,"populated2020":false,"population2020":null,"populationNote":"境界またぎ・収録外等のため自治体内人口は未集計"},"geometry":{"type":"Polygon","coordinates":[[[131.33125,32.854166666666664],[131.33125,32.858333333333334],[131.3375,32.858333333333334],[131.3375,32.854166666666664],[131.33125,32.854166666666664]]]}},{"type":"Feature","id":"44208:493122273","properties":{"id":"44208:493122273","meshCode":"493122273","cityCode":"44208","city":"竹田市","lat":32.85625,"lon":131.340625,"areaKm2":0.2703363,"populated2020":false,"population2020":null,"populationNote":"境界またぎ・収録外等のため自治体内人口は未集計"},"geometry":{"type":"Polygon","coordinates":[[[131.3375,32.854166666666664],[131.3375,32.858333333333334],[131.34375,32.85833333333333],[131.34375,32.854166666666664],[131.3375,32.854166666666664]]]}},{"type":"Feature","id":"44208:493122274","properties":{"id":"44208:493122274","meshCode":"493122274","cityCode":"44208","city":"竹田市","lat":32.85625,"lon":131.346875,"areaKm2":0.2703363,"populated2020":false,"population2020":null,"populationNote":"境界またぎ・収録外等のため自治体内人口は未集計"},"geometry":{"type":"Polygon","coordinates":[[[131.34375,32.854166666666664],[131.34375,32.85833333333333],[131.35,32.858333333333334],[131.35,32.854166666666664],[131.34375,32.854166666666664]]]}},{"type":"Feature","id":"44208:493122283","properties":{"id":"44208:493122283","meshCode":"493122283","cityCode":"44208","city":"竹田市","lat":32.85625,"lon":131.353125,"areaKm2":0.2703363,"populated2020":false,"population2020":null,"populationNote":"境界またぎ・収録外等のため自治体内人口は未集計"},"geometry":{"type":"Polygon","coordinates":[[[131.35,32.854166666666664],[131.35,32.858333333333334],[131.35625000000002,32.858333333333334],[131.35625000000002,32.854166666666664],[131.35,32.854166666666664]]]}},{"type":"Feature","id":"44208:493122284","properties":{"id":"44208:493122284","meshCode":"493122284","cityCode":"44208","city":"竹田市","lat":32.85625,"lon":131.359375,"areaKm2":0.2703363,"populated2020":false,"population2020":null,"populationNote":"境界またぎ・収録外等のため自治体内人口は未集計"},"geometry":{"type":"Polygon","coordinates":[[[131.35625000000002,32.854166666666664],[131.35625000000002,32.858333333333334],[131.3625,32.858333333333334],[131.3625,32.854166666666664],[131.35625000000002,32.854166666666664]]]}},{"type":"Feature","id":"44208:493122293","properties":{"id":"44208:493122293","meshCode":"493122293","cityCode":"44208","city":"竹田市","lat":32.85625,"lon":131.365625,"areaKm2":0.2703363,"populated2020":false,"population2020":null,"populationNote":"境界またぎ・収録外等のため自治体内人口は未集計"},"geometry":{"type":"Polygon","coordinates":[[[131.3625,32.854166666666664],[131.3625,32.858333333333334],[131.36875,32.858333333333334],[131.36875,32.854166666666664],[131.3625,32.854166666666664]]]}},{"type":"Feature","id":"44208:493122294","properties":{"id":"44208:493122294","meshCode":"493122294","cityCode":"44208","city":"竹田市","lat":32.85625,"lon":131.371875,"areaKm2":0.2703363,"populated2020":false,"population2020":null,"populationNote":"境界またぎ・収録外等のため自治体内人口は未集計"},"geometry":{"type":"Polygon","coordinates":[[[131.36875,32.854166666666664],[131.36875,32.858333333333334],[131.375,32.858333333333334],[131.375,32.854166666666664],[131.36875,32.854166666666664]]]}},{"type":"Feature","id":"44208:493123203","properties":{"id":"44208:493123203","meshCode":"493123203","cityCode":"44208","city":"竹田市","lat":32.85625,"lon":131.378125,"areaKm2":0.2703363,"populated2020":false,"population2020":null,"populationNote":"境界またぎ・収録外等のため自治体内人口は未集計"},"geometry":{"type":"Polygon","coordinates":[[[131.375,32.854166666666664],[131.375,32.858333333333334],[131.38125,32.85833333333333],[131.38125,32.854166666666664],[131.375,32.854166666666664]]]}},{"type":"Feature","id":"44208:493123204","properties":{"id":"44208:493123204","meshCode":"493123204","cityCode":"44208","city":"竹田市","lat":32.85625,"lon":131.384375,"areaKm2":0.2703363,"populated2020":false,"population2020":null,"populationNote":"境界またぎ・収録外等のため自治体内人口は未集計"},"geometry":{"type":"Polygon","coordinates":[[[131.38125,32.854166666666664],[131.38125,32.85833333333333],[131.3875,32.858333333333334],[131.3875,32.854166666666664],[131.38125,32.854166666666664]]]}},{"type":"Feature","id":"44208:493123213","properties":{"id":"44208:493123213","meshCode":"493123213","cityCode":"44208","city":"竹田市","lat":32.85625,"lon":131.390625,"areaKm2":0.2385645,"populated2020":false,"population2020":null,"populationNote":"境界またぎ・収録外等のため自治体内人口は未集計"},"geometry":{"type":"Polygon","coordinates":[[[131.39375,32.85683164125101],[131.393209792,32.85630492800001],[131.393173126,32.855970207],[131.393007562,32.855751595],[131.392658119,32.855547712],[131.391903671,32.854834099],[131.391620623,32.854418261],[131.391547004,32.854166666666664],[131.3875,32.854166666666664],[131.3875,32.858333333333334],[131.39375,32.858333333333334],[131.39375,32.85683164125101]]]}},{"type":"Feature","id":"44208:493123214","properties":{"id":"44208:493123214","meshCode":"493123214","cityCode":"44208","city":"竹田市","lat":32.8575209,"lon":131.3941236,"areaKm2":0.0104232,"populated2020":false,"population2020":null,"populationNote":"境界またぎ・収録外等のため自治体内人口は未集計"},"geometry":{"type":"Polygon","coordinates":[[[131.394900895,32.858333333],[131.394589235,32.857615486],[131.393982283,32.85712020700001],[131.39375,32.85683164125101],[131.39375,32.858333333333334],[131.394900895,32.858333333]]]}},{"type":"Feature","id":"44208:493122331","properties":{"id":"44208:493122331","meshCode":"493122331","cityCode":"44208","city":"竹田市","lat":32.8604167,"lon":131.290625,"areaKm2":0.1322062,"populated2020":false,"population2020":null,"populationNote":"境界またぎ・収録外等のため自治体内人口は未集計"},"geometry":{"type":"Polygon","coordinates":[[[131.29346178964747,32.85833333333334],[131.2925642020001,32.859104161999994],[131.292019481,32.859378603999964],[131.29098863800004,32.859756377999986],[131.29050503200006,32.86044193700013],[131.28971141400007,32.861351099],[131.28873835299999,32.8619555410001],[131.28829890263611,32.8625],[131.29375,32.8625],[131.29375,32.858333333333334],[131.29346178964747,32.85833333333334]]]}},{"type":"Feature","id":"44208:493122332","properties":{"id":"44208:493122332","meshCode":"493122332","cityCode":"44208","city":"竹田市","lat":32.8604167,"lon":131.296875,"areaKm2":0.2703238,"populated2020":false,"population2020":null,"populationNote":"境界またぎ・収録外等のため自治体内人口は未集計"},"geometry":{"type":"Polygon","coordinates":[[[131.29375,32.858333333333334],[131.29375,32.8625],[131.30000000000004,32.8625],[131.30000000000004,32.858333333333334],[131.29375,32.858333333333334]]]}},{"type":"Feature","id":"44208:493122341","properties":{"id":"44208:493122341","meshCode":"493122341","cityCode":"44208","city":"竹田市","lat":32.8604167,"lon":131.303125,"areaKm2":0.2703238,"populated2020":false,"population2020":null,"populationNote":"境界またぎ・収録外等のため自治体内人口は未集計"},"geometry":{"type":"Polygon","coordinates":[[[131.30000000000004,32.858333333333334],[131.30000000000004,32.8625],[131.30625,32.8625],[131.30625,32.858333333333334],[131.30000000000004,32.858333333333334]]]}},{"type":"Feature","id":"44208:493122342","properties":{"id":"44208:493122342","meshCode":"493122342","cityCode":"44208","city":"竹田市","lat":32.8604167,"lon":131.309375,"areaKm2":0.2703238,"populated2020":false,"population2020":null,"populationNote":"境界またぎ・収録外等のため自治体内人口は未集計"},"geometry":{"type":"Polygon","coordinates":[[[131.30625,32.858333333333334],[131.30625,32.8625],[131.3125,32.8625],[131.3125,32.85833333333334],[131.30625,32.858333333333334]]]}},{"type":"Feature","id":"44208:493122351","properties":{"id":"44208:493122351","meshCode":"493122351","cityCode":"44208","city":"竹田市","lat":32.8604167,"lon":131.315625,"areaKm2":0.2703238,"populated2020":false,"population2020":null,"populationNote":"境界またぎ・収録外等のため自治体内人口は未集計"},"geometry":{"type":"Polygon","coordinates":[[[131.3125,32.85833333333334],[131.3125,32.8625],[131.31875,32.8625],[131.31875,32.858333333333334],[131.3125,32.85833333333334]]]}},{"type":"Feature","id":"44208:493122352","properties":{"id":"44208:493122352","meshCode":"493122352","cityCode":"44208","city":"竹田市","lat":32.8604167,"lon":131.321875,"areaKm2":0.2703238,"populated2020":false,"population2020":null,"populationNote":"境界またぎ・収録外等のため自治体内人口は未集計"},"geometry":{"type":"Polygon","coordinates":[[[131.31875,32.858333333333334],[131.31875,32.8625],[131.325,32.8625],[131.325,32.85833333333333],[131.31875,32.858333333333334]]]}},{"type":"Feature","id":"44208:493122361","properties":{"id":"44208:493122361","meshCode":"493122361","cityCode":"44208","city":"竹田市","lat":32.8604167,"lon":131.328125,"areaKm2":0.2703238,"populated2020":false,"population2020":null,"populationNote":"境界またぎ・収録外等のため自治体内人口は未集計"},"geometry":{"type":"Polygon","coordinates":[[[131.325,32.85833333333333],[131.325,32.8625],[131.33125,32.86249999999999],[131.33125,32.858333333333334],[131.325,32.85833333333333]]]}},{"type":"Feature","id":"44208:493122362","properties":{"id":"44208:493122362","meshCode":"493122362","cityCode":"44208","city":"竹田市","lat":32.8604167,"lon":131.334375,"areaKm2":0.2703238,"populated2020":false,"population2020":null,"populationNote":"境界またぎ・収録外等のため自治体内人口は未集計"},"geometry":{"type":"Polygon","coordinates":[[[131.33125,32.858333333333334],[131.33125,32.86249999999999],[131.3375,32.8625],[131.3375,32.858333333333334],[131.33125,32.858333333333334]]]}},{"type":"Feature","id":"44208:493122371","properties":{"id":"44208:493122371","meshCode":"493122371","cityCode":"44208","city":"竹田市","lat":32.8604167,"lon":131.340625,"areaKm2":0.2703238,"populated2020":false,"population2020":null,"populationNote":"境界またぎ・収録外等のため自治体内人口は未集計"},"geometry":{"type":"Polygon","coordinates":[[[131.3375,32.858333333333334],[131.3375,32.8625],[131.34375,32.8625],[131.34375,32.85833333333333],[131.3375,32.858333333333334]]]}},{"type":"Feature","id":"44208:493122372","properties":{"id":"44208:493122372","meshCode":"493122372","cityCode":"44208","city":"竹田市","lat":32.8604167,"lon":131.346875,"areaKm2":0.2703238,"populated2020":false,"population2020":null,"populationNote":"境界またぎ・収録外等のため自治体内人口は未集計"},"geometry":{"type":"Polygon","coordinates":[[[131.34375,32.85833333333333],[131.34375,32.8625],[131.35,32.8625],[131.35,32.858333333333334],[131.34375,32.85833333333333]]]}},{"type":"Feature","id":"44208:493122381","properties":{"id":"44208:493122381","meshCode":"493122381","cityCode":"44208","city":"竹田市","lat":32.8604167,"lon":131.353125,"areaKm2":0.2703238,"populated2020":false,"population2020":null,"populationNote":"境界またぎ・収録外等のため自治体内人口は未集計"},"geometry":{"type":"Polygon","coordinates":[[[131.35,32.858333333333334],[131.35,32.8625],[131.35625000000002,32.86249999999999],[131.35625000000002,32.858333333333334],[131.35,32.858333333333334]]]}},{"type":"Feature","id":"44208:493122382","properties":{"id":"44208:493122382","meshCode":"493122382","cityCode":"44208","city":"竹田市","lat":32.8604167,"lon":131.359375,"areaKm2":0.2703238,"populated2020":false,"population2020":null,"populationNote":"境界またぎ・収録外等のため自治体内人口は未集計"},"geometry":{"type":"Polygon","coordinates":[[[131.35625000000002,32.858333333333334],[131.35625000000002,32.86249999999999],[131.3625,32.8625],[131.3625,32.858333333333334],[131.35625000000002,32.858333333333334]]]}},{"type":"Feature","id":"44208:493122391","properties":{"id":"44208:493122391","meshCode":"493122391","cityCode":"44208","city":"竹田市","lat":32.8604167,"lon":131.365625,"areaKm2":0.2703238,"populated2020":true,"population2020":3.011,"populationNote":"2020年基準人口（国交省調整値）"},"geometry":{"type":"Polygon","coordinates":[[[131.3625,32.858333333333334],[131.3625,32.8625],[131.36875,32.8625],[131.36875,32.858333333333334],[131.3625,32.858333333333334]]]}},{"type":"Feature","id":"44208:493122392","properties":{"id":"44208:493122392","meshCode":"493122392","cityCode":"44208","city":"竹田市","lat":32.8604167,"lon":131.371875,"areaKm2":0.2703238,"populated2020":false,"population2020":null,"populationNote":"境界またぎ・収録外等のため自治体内人口は未集計"},"geometry":{"type":"Polygon","coordinates":[[[131.36875,32.858333333333334],[131.36875,32.8625],[131.375,32.8625],[131.375,32.858333333333334],[131.36875,32.858333333333334]]]}},{"type":"Feature","id":"44208:493123301","properties":{"id":"44208:493123301","meshCode":"493123301","cityCode":"44208","city":"竹田市","lat":32.8604167,"lon":131.378125,"areaKm2":0.2703238,"populated2020":false,"population2020":null,"populationNote":"境界またぎ・収録外等のため自治体内人口は未集計"},"geometry":{"type":"Polygon","coordinates":[[[131.375,32.858333333333334],[131.375,32.8625],[131.38125,32.8625],[131.38125,32.85833333333333],[131.375,32.858333333333334]]]}},{"type":"Feature","id":"44208:493123302","properties":{"id":"44208:493123302","meshCode":"493123302","cityCode":"44208","city":"竹田市","lat":32.8604167,"lon":131.384375,"areaKm2":0.2703238,"populated2020":false,"population2020":null,"populationNote":"境界またぎ・収録外等のため自治体内人口は未集計"},"geometry":{"type":"Polygon","coordinates":[[[131.38125,32.85833333333333],[131.38125,32.8625],[131.3875,32.862500000000004],[131.3875,32.858333333333334],[131.38125,32.85833333333333]]]}},{"type":"Feature","id":"44208:493123311","properties":{"id":"44208:493123311","meshCode":"493123311","cityCode":"44208","city":"竹田市","lat":32.8604167,"lon":131.390625,"areaKm2":0.2703238,"populated2020":false,"population2020":null,"populationNote":"境界またぎ・収録外等のため自治体内人口は未集計"},"geometry":{"type":"Polygon","coordinates":[[[131.3875,32.858333333333334],[131.3875,32.862500000000004],[131.39375,32.8625],[131.39375,32.858333333333334],[131.3875,32.858333333333334]]]}},{"type":"Feature","id":"44208:493123312","properties":{"id":"44208:493123312","meshCode":"493123312","cityCode":"44208","city":"竹田市","lat":32.8602105,"lon":131.3951393,"areaKm2":0.1135879,"populated2020":false,"population2020":null,"populationNote":"境界またぎ・収録外等のため自治体内人口は未集計"},"geometry":{"type":"Polygon","coordinates":[[[131.39630036416764,32.8625],[131.39676144,32.862150486],[131.397074228,32.86162632399999],[131.397034501,32.861324099],[131.396133126,32.859402153],[131.39556284,32.85900882],[131.39490089526825,32.858333333333334],[131.39375,32.858333333333334],[131.39375,32.8625],[131.39630036416764,32.8625]]]}},{"type":"Feature","id":"44208:493122324","properties":{"id":"44208:493122324","meshCode":"493122324","cityCode":"44208","city":"竹田市","lat":32.8650152,"lon":131.2872995,"areaKm2":0.0526587,"populated2020":false,"population2020":null,"populationNote":"境界またぎ・収録外等のため自治体内人口は未集計"},"geometry":{"type":"Polygon","coordinates":[[[131.2875,32.86343124058813],[131.28716974100018,32.863971919],[131.28708752299997,32.86511219800008],[131.286932516,32.865528306000044],[131.28683224400004,32.86559774800009],[131.28602945500018,32.86528191000007],[131.28566945500006,32.86526273900001],[131.28523140100003,32.865563297],[131.28529529200011,32.86598691],[131.28524974100014,32.86619496399998],[131.28511278899998,32.866271901],[131.28492111499997,32.866264125999976],[131.28427334600008,32.86600995500004],[131.283844734,32.86598690100004],[131.28301472099997,32.865794117000114],[131.28282306100004,32.8665646670001],[131.28226635572227,32.86666666666666],[131.2875,32.86666666666667],[131.2875,32.86343124058813]]]}},{"type":"Feature","id":"44208:493122333","properties":{"id":"44208:493122333","meshCode":"493122333","cityCode":"44208","city":"竹田市","lat":32.8645833,"lon":131.290625,"areaKm2":0.2666882,"populated2020":false,"population2020":null,"populationNote":"境界またぎ・収録外等のため自治体内人口は未集計"},"geometry":{"type":"Polygon","coordinates":[[[131.28829890263611,32.8625],[131.2875,32.86343124058813],[131.2875,32.86666666666667],[131.29375,32.86666666666667],[131.29375,32.8625],[131.28829890263611,32.8625]]]}},{"type":"Feature","id":"44208:493122334","properties":{"id":"44208:493122334","meshCode":"493122334","cityCode":"44208","city":"竹田市","lat":32.8645833,"lon":131.296875,"areaKm2":0.2703114,"populated2020":false,"population2020":null,"populationNote":"境界またぎ・収録外等のため自治体内人口は未集計"},"geometry":{"type":"Polygon","coordinates":[[[131.29375,32.8625],[131.29375,32.86666666666667],[131.30000000000004,32.86666666666667],[131.30000000000004,32.8625],[131.29375,32.8625]]]}},{"type":"Feature","id":"44208:493122343","properties":{"id":"44208:493122343","meshCode":"493122343","cityCode":"44208","city":"竹田市","lat":32.8645833,"lon":131.303125,"areaKm2":0.2703114,"populated2020":false,"population2020":null,"populationNote":"境界またぎ・収録外等のため自治体内人口は未集計"},"geometry":{"type":"Polygon","coordinates":[[[131.30000000000004,32.8625],[131.30000000000004,32.86666666666667],[131.30625,32.86666666666667],[131.30625,32.8625],[131.30000000000004,32.8625]]]}},{"type":"Feature","id":"44208:493122344","properties":{"id":"44208:493122344","meshCode":"493122344","cityCode":"44208","city":"竹田市","lat":32.8645833,"lon":131.309375,"areaKm2":0.2703114,"populated2020":true,"population2020":5.0069,"populationNote":"2020年基準人口（国交省調整値）"},"geometry":{"type":"Polygon","coordinates":[[[131.30625,32.8625],[131.30625,32.86666666666667],[131.3125,32.86666666666667],[131.3125,32.8625],[131.30625,32.8625]]]}},{"type":"Feature","id":"44208:493122353","properties":{"id":"44208:493122353","meshCode":"493122353","cityCode":"44208","city":"竹田市","lat":32.8645833,"lon":131.315625,"areaKm2":0.2703114,"populated2020":false,"population2020":null,"populationNote":"境界またぎ・収録外等のため自治体内人口は未集計"},"geometry":{"type":"Polygon","coordinates":[[[131.3125,32.8625],[131.3125,32.86666666666667],[131.31875,32.86666666666667],[131.31875,32.8625],[131.3125,32.8625]]]}},{"type":"Feature","id":"44208:493122354","properties":{"id":"44208:493122354","meshCode":"493122354","cityCode":"44208","city":"竹田市","lat":32.8645833,"lon":131.321875,"areaKm2":0.2703114,"populated2020":false,"population2020":null,"populationNote":"境界またぎ・収録外等のため自治体内人口は未集計"},"geometry":{"type":"Polygon","coordinates":[[[131.31875,32.8625],[131.31875,32.86666666666667],[131.325,32.86666666666666],[131.325,32.8625],[131.31875,32.8625]]]}},{"type":"Feature","id":"44208:493122363","properties":{"id":"44208:493122363","meshCode":"493122363","cityCode":"44208","city":"竹田市","lat":32.8645833,"lon":131.328125,"areaKm2":0.2703114,"populated2020":false,"population2020":null,"populationNote":"境界またぎ・収録外等のため自治体内人口は未集計"},"geometry":{"type":"Polygon","coordinates":[[[131.325,32.8625],[131.325,32.86666666666666],[131.33125,32.86666666666666],[131.33125,32.86249999999999],[131.325,32.8625]]]}},{"type":"Feature","id":"44208:493122364","properties":{"id":"44208:493122364","meshCode":"493122364","cityCode":"44208","city":"竹田市","lat":32.8645833,"lon":131.334375,"areaKm2":0.2703114,"populated2020":false,"population2020":null,"populationNote":"境界またぎ・収録外等のため自治体内人口は未集計"},"geometry":{"type":"Polygon","coordinates":[[[131.33125,32.86249999999999],[131.33125,32.86666666666666],[131.3375,32.86666666666666],[131.3375,32.8625],[131.33125,32.86249999999999]]]}},{"type":"Feature","id":"44208:493122373","properties":{"id":"44208:493122373","meshCode":"493122373","cityCode":"44208","city":"竹田市","lat":32.8645833,"lon":131.340625,"areaKm2":0.2703114,"populated2020":false,"population2020":null,"populationNote":"境界またぎ・収録外等のため自治体内人口は未集計"},"geometry":{"type":"Polygon","coordinates":[[[131.3375,32.8625],[131.3375,32.86666666666666],[131.34375,32.86666666666667],[131.34375,32.8625],[131.3375,32.8625]]]}},{"type":"Feature","id":"44208:493122374","properties":{"id":"44208:493122374","meshCode":"493122374","cityCode":"44208","city":"竹田市","lat":32.8645833,"lon":131.346875,"areaKm2":0.2703114,"populated2020":true,"population2020":6.0094,"populationNote":"2020年基準人口（国交省調整値）"},"geometry":{"type":"Polygon","coordinates":[[[131.34375,32.8625],[131.34375,32.86666666666667],[131.35,32.86666666666667],[131.35,32.8625],[131.34375,32.8625]]]}},{"type":"Feature","id":"44208:493122383","properties":{"id":"44208:493122383","meshCode":"493122383","cityCode":"44208","city":"竹田市","lat":32.8645833,"lon":131.353125,"areaKm2":0.2703114,"populated2020":false,"population2020":null,"populationNote":"境界またぎ・収録外等のため自治体内人口は未集計"},"geometry":{"type":"Polygon","coordinates":[[[131.35,32.8625],[131.35,32.86666666666667],[131.35625000000002,32.86666666666666],[131.35625000000002,32.86249999999999],[131.35,32.8625]]]}},{"type":"Feature","id":"44208:493122384","properties":{"id":"44208:493122384","meshCode":"493122384","cityCode":"44208","city":"竹田市","lat":32.8645833,"lon":131.359375,"areaKm2":0.2703114,"populated2020":false,"population2020":null,"populationNote":"境界またぎ・収録外等のため自治体内人口は未集計"},"geometry":{"type":"Polygon","coordinates":[[[131.35625000000002,32.86249999999999],[131.35625000000002,32.86666666666666],[131.3625,32.86666666666667],[131.3625,32.8625],[131.35625000000002,32.86249999999999]]]}},{"type":"Feature","id":"44208:493122393","properties":{"id":"44208:493122393","meshCode":"493122393","cityCode":"44208","city":"竹田市","lat":32.8645833,"lon":131.365625,"areaKm2":0.2703114,"populated2020":true,"population2020":8.0029,"populationNote":"2020年基準人口（国交省調整値）"},"geometry":{"type":"Polygon","coordinates":[[[131.3625,32.8625],[131.3625,32.86666666666667],[131.36875,32.86666666666667],[131.36875,32.8625],[131.3625,32.8625]]]}},{"type":"Feature","id":"44208:493122394","properties":{"id":"44208:493122394","meshCode":"493122394","cityCode":"44208","city":"竹田市","lat":32.8645833,"lon":131.371875,"areaKm2":0.2703114,"populated2020":false,"population2020":null,"populationNote":"境界またぎ・収録外等のため自治体内人口は未集計"},"geometry":{"type":"Polygon","coordinates":[[[131.36875,32.8625],[131.36875,32.86666666666667],[131.375,32.86666666666667],[131.375,32.8625],[131.36875,32.8625]]]}},{"type":"Feature","id":"44208:493123303","properties":{"id":"44208:493123303","meshCode":"493123303","cityCode":"44208","city":"竹田市","lat":32.8645833,"lon":131.378125,"areaKm2":0.2703114,"populated2020":false,"population2020":null,"populationNote":"境界またぎ・収録外等のため自治体内人口は未集計"},"geometry":{"type":"Polygon","coordinates":[[[131.375,32.8625],[131.375,32.86666666666667],[131.38125,32.86666666666667],[131.38125,32.8625],[131.375,32.8625]]]}},{"type":"Feature","id":"44208:493123304","properties":{"id":"44208:493123304","meshCode":"493123304","cityCode":"44208","city":"竹田市","lat":32.8645833,"lon":131.384375,"areaKm2":0.2703114,"populated2020":false,"population2020":null,"populationNote":"境界またぎ・収録外等のため自治体内人口は未集計"},"geometry":{"type":"Polygon","coordinates":[[[131.38125,32.8625],[131.38125,32.86666666666667],[131.3875,32.86666666666667],[131.3875,32.862500000000004],[131.38125,32.8625]]]}},{"type":"Feature","id":"44208:493123313","properties":{"id":"44208:493123313","meshCode":"493123313","cityCode":"44208","city":"竹田市","lat":32.8646074,"lon":131.3889351,"areaKm2":0.1521193,"populated2020":false,"population2020":null,"populationNote":"境界またぎ・収録外等のため自治体内人口は未集計"},"geometry":{"type":"Polygon","coordinates":[[[131.388366498,32.866666595],[131.388760584,32.866092703],[131.38903642,32.865451874],[131.390819754,32.864291036000004],[131.391629209,32.864276595],[131.39188642,32.864189099],[131.39236476,32.863766874],[131.39295337200002,32.863752432000005],[131.39375,32.863850092235296],[131.39375,32.8625],[131.3875,32.862500000000004],[131.3875,32.86666666666667],[131.388366498,32.866666595]]]}},{"type":"Feature","id":"44208:493123314","properties":{"id":"44208:493123314","meshCode":"493123314","cityCode":"44208","city":"竹田市","lat":32.8632645,"lon":131.3945981,"areaKm2":0.022605,"populated2020":false,"population2020":null,"populationNote":"境界またぎ・収録外等のため自治体内人口は未集計"},"geometry":{"type":"Polygon","coordinates":[[[131.39375,32.863850092235296],[131.394204488,32.863839658],[131.39523448800003,32.86351937799999],[131.395528936,32.863126324],[131.395657549,32.862645766],[131.39630036416764,32.8625],[131.39375,32.8625],[131.39375,32.863850092235296]]]}},{"type":"Feature","id":"44208:493122412","properties":{"id":"44208:493122412","meshCode":"493122412","cityCode":"44208","city":"竹田市","lat":32.8706454,"lon":131.2747184,"areaKm2":0.0021982,"populated2020":false,"population2020":null,"populationNote":"境界またぎ・収録外等のため自治体内人口は未集計"},"geometry":{"type":"Polygon","coordinates":[[[131.274998859,32.87046418900013],[131.27387468200016,32.87082654999999],[131.27385718389317,32.87083333333333],[131.275,32.87083333333334],[131.274998859,32.87046418900013]]]}},{"type":"Feature","id":"44208:493122421","properties":{"id":"44208:493122421","meshCode":"493122421","cityCode":"44208","city":"竹田市","lat":32.8692603,"lon":131.2807063,"areaKm2":0.0801796,"populated2020":false,"population2020":null,"populationNote":"境界またぎ・収録外等のため自治体内人口は未集計"},"geometry":{"type":"Polygon","coordinates":[[[131.28125,32.86747548600638],[131.28039888500007,32.8683038110001],[131.28023470800008,32.868588811000045],[131.280126096,32.868971306],[131.28019915700008,32.869549360000065],[131.28008971500003,32.869734080999926],[131.279806926,32.869888252],[131.27945110200005,32.86996546800004],[131.2785338650001,32.86981157699995],[131.27756719800016,32.86982684700001],[131.2768280290001,32.869719062999934],[131.276526913,32.86976517100005],[131.2759980290001,32.87011933300005],[131.275,32.870463820000055],[131.275,32.87083333333334],[131.28125,32.87083333333333],[131.28125,32.86747548600638]]]}},{"type":"Feature","id":"44208:493122422","properties":{"id":"44208:493122422","meshCode":"493122422","cityCode":"44208","city":"竹田市","lat":32.86875,"lon":131.284375,"areaKm2":0.2663821,"populated2020":false,"population2020":null,"populationNote":"境界またぎ・収録外等のため自治体内人口は未集計"},"geometry":{"type":"Polygon","coordinates":[[[131.28226635500005,32.86666666699999],[131.28200194600015,32.86680355000004],[131.28125,32.86747548600638],[131.28125,32.87083333333333],[131.2875,32.87083333333332],[131.2875,32.86666666666667],[131.28226635500005,32.86666666699999]]]}},{"type":"Feature","id":"44208:493122431","properties":{"id":"44208:493122431","meshCode":"493122431","cityCode":"44208","city":"竹田市","lat":32.86875,"lon":131.290625,"areaKm2":0.2702989,"populated2020":true,"population2020":7.0118,"populationNote":"2020年基準人口（国交省調整値）"},"geometry":{"type":"Polygon","coordinates":[[[131.2875,32.86666666666667],[131.2875,32.87083333333332],[131.29375,32.87083333333334],[131.29375,32.86666666666667],[131.2875,32.86666666666667]]]}},{"type":"Feature","id":"44208:493122432","properties":{"id":"44208:493122432","meshCode":"493122432","cityCode":"44208","city":"竹田市","lat":32.86875,"lon":131.296875,"areaKm2":0.2702989,"populated2020":false,"population2020":null,"populationNote":"境界またぎ・収録外等のため自治体内人口は未集計"},"geometry":{"type":"Polygon","coordinates":[[[131.29375,32.86666666666667],[131.29375,32.87083333333334],[131.30000000000004,32.87083333333333],[131.30000000000004,32.86666666666667],[131.29375,32.86666666666667]]]}},{"type":"Feature","id":"44208:493122441","properties":{"id":"44208:493122441","meshCode":"493122441","cityCode":"44208","city":"竹田市","lat":32.86875,"lon":131.303125,"areaKm2":0.2702989,"populated2020":false,"population2020":null,"populationNote":"境界またぎ・収録外等のため自治体内人口は未集計"},"geometry":{"type":"Polygon","coordinates":[[[131.30000000000004,32.86666666666667],[131.30000000000004,32.87083333333333],[131.30625,32.87083333333334],[131.30625,32.86666666666667],[131.30000000000004,32.86666666666667]]]}},{"type":"Feature","id":"44208:493122442","properties":{"id":"44208:493122442","meshCode":"493122442","cityCode":"44208","city":"竹田市","lat":32.86875,"lon":131.309375,"areaKm2":0.2702989,"populated2020":true,"population2020":17.0207,"populationNote":"2020年基準人口（国交省調整値）"},"geometry":{"type":"Polygon","coordinates":[[[131.30625,32.86666666666667],[131.30625,32.87083333333334],[131.3125,32.87083333333333],[131.3125,32.86666666666667],[131.30625,32.86666666666667]]]}},{"type":"Feature","id":"44208:493122451","properties":{"id":"44208:493122451","meshCode":"493122451","cityCode":"44208","city":"竹田市","lat":32.86875,"lon":131.315625,"areaKm2":0.2702989,"populated2020":true,"population2020":3.0018,"populationNote":"2020年基準人口（国交省調整値）"},"geometry":{"type":"Polygon","coordinates":[[[131.3125,32.86666666666667],[131.3125,32.87083333333333],[131.31875,32.87083333333334],[131.31875,32.86666666666667],[131.3125,32.86666666666667]]]}},{"type":"Feature","id":"44208:493122452","properties":{"id":"44208:493122452","meshCode":"493122452","cityCode":"44208","city":"竹田市","lat":32.86875,"lon":131.321875,"areaKm2":0.2702989,"populated2020":false,"population2020":null,"populationNote":"境界またぎ・収録外等のため自治体内人口は未集計"},"geometry":{"type":"Polygon","coordinates":[[[131.31875,32.86666666666667],[131.31875,32.87083333333334],[131.325,32.87083333333333],[131.325,32.86666666666666],[131.31875,32.86666666666667]]]}},{"type":"Feature","id":"44208:493122461","properties":{"id":"44208:493122461","meshCode":"493122461","cityCode":"44208","city":"竹田市","lat":32.86875,"lon":131.328125,"areaKm2":0.2702989,"populated2020":false,"population2020":null,"populationNote":"境界またぎ・収録外等のため自治体内人口は未集計"},"geometry":{"type":"Polygon","coordinates":[[[131.325,32.86666666666666],[131.325,32.87083333333333],[131.33125,32.87083333333332],[131.33125,32.86666666666666],[131.325,32.86666666666666]]]}},{"type":"Feature","id":"44208:493122462","properties":{"id":"44208:493122462","meshCode":"493122462","cityCode":"44208","city":"竹田市","lat":32.86875,"lon":131.334375,"areaKm2":0.2702989,"populated2020":false,"population2020":null,"populationNote":"境界またぎ・収録外等のため自治体内人口は未集計"},"geometry":{"type":"Polygon","coordinates":[[[131.33125,32.86666666666666],[131.33125,32.87083333333332],[131.3375,32.87083333333333],[131.3375,32.86666666666666],[131.33125,32.86666666666666]]]}},{"type":"Feature","id":"44208:493122471","properties":{"id":"44208:493122471","meshCode":"493122471","cityCode":"44208","city":"竹田市","lat":32.86875,"lon":131.340625,"areaKm2":0.2702989,"populated2020":false,"population2020":null,"populationNote":"境界またぎ・収録外等のため自治体内人口は未集計"},"geometry":{"type":"Polygon","coordinates":[[[131.3375,32.86666666666666],[131.3375,32.87083333333333],[131.34375,32.87083333333334],[131.34375,32.86666666666667],[131.3375,32.86666666666666]]]}},{"type":"Feature","id":"44208:493122472","properties":{"id":"44208:493122472","meshCode":"493122472","cityCode":"44208","city":"竹田市","lat":32.86875,"lon":131.346875,"areaKm2":0.2702989,"populated2020":true,"population2020":3.0048,"populationNote":"2020年基準人口（国交省調整値）"},"geometry":{"type":"Polygon","coordinates":[[[131.34375,32.86666666666667],[131.34375,32.87083333333334],[131.35,32.87083333333333],[131.35,32.86666666666667],[131.34375,32.86666666666667]]]}},{"type":"Feature","id":"44208:493122481","properties":{"id":"44208:493122481","meshCode":"493122481","cityCode":"44208","city":"竹田市","lat":32.86875,"lon":131.353125,"areaKm2":0.2702989,"populated2020":true,"population2020":6.0045,"populationNote":"2020年基準人口（国交省調整値）"},"geometry":{"type":"Polygon","coordinates":[[[131.35,32.86666666666667],[131.35,32.87083333333333],[131.35625000000002,32.87083333333334],[131.35625000000002,32.86666666666666],[131.35,32.86666666666667]]]}},{"type":"Feature","id":"44208:493122482","properties":{"id":"44208:493122482","meshCode":"493122482","cityCode":"44208","city":"竹田市","lat":32.86875,"lon":131.359375,"areaKm2":0.2702989,"populated2020":true,"population2020":3.002,"populationNote":"2020年基準人口（国交省調整値）"},"geometry":{"type":"Polygon","coordinates":[[[131.35625000000002,32.86666666666666],[131.35625000000002,32.87083333333334],[131.3625,32.87083333333333],[131.3625,32.86666666666667],[131.35625000000002,32.86666666666666]]]}},{"type":"Feature","id":"44208:493122491","properties":{"id":"44208:493122491","meshCode":"493122491","cityCode":"44208","city":"竹田市","lat":32.86875,"lon":131.365625,"areaKm2":0.2702989,"populated2020":true,"population2020":8.0069,"populationNote":"2020年基準人口（国交省調整値）"},"geometry":{"type":"Polygon","coordinates":[[[131.3625,32.86666666666667],[131.3625,32.87083333333333],[131.36875,32.87083333333332],[131.36875,32.86666666666667],[131.3625,32.86666666666667]]]}},{"type":"Feature","id":"44208:493122492","properties":{"id":"44208:493122492","meshCode":"493122492","cityCode":"44208","city":"竹田市","lat":32.86875,"lon":131.371875,"areaKm2":0.2702989,"populated2020":false,"population2020":null,"populationNote":"境界またぎ・収録外等のため自治体内人口は未集計"},"geometry":{"type":"Polygon","coordinates":[[[131.36875,32.86666666666667],[131.36875,32.87083333333332],[131.375,32.87083333333334],[131.375,32.86666666666667],[131.36875,32.86666666666667]]]}},{"type":"Feature","id":"44208:493123401","properties":{"id":"44208:493123401","meshCode":"493123401","cityCode":"44208","city":"竹田市","lat":32.86875,"lon":131.378125,"areaKm2":0.2702989,"populated2020":false,"population2020":null,"populationNote":"境界またぎ・収録外等のため自治体内人口は未集計"},"geometry":{"type":"Polygon","coordinates":[[[131.375,32.86666666666667],[131.375,32.87083333333334],[131.38125,32.87083333333334],[131.38125,32.86666666666667],[131.375,32.86666666666667]]]}},{"type":"Feature","id":"44208:493123402","properties":{"id":"44208:493123402","meshCode":"493123402","cityCode":"44208","city":"竹田市","lat":32.86875,"lon":131.384375,"areaKm2":0.2702989,"populated2020":false,"population2020":null,"populationNote":"境界またぎ・収録外等のため自治体内人口は未集計"},"geometry":{"type":"Polygon","coordinates":[[[131.38125,32.86666666666667],[131.38125,32.87083333333334],[131.3875,32.87083333333333],[131.3875,32.86666666666667],[131.38125,32.86666666666667]]]}},{"type":"Feature","id":"44208:493123411","properties":{"id":"44208:493123411","meshCode":"493123411","cityCode":"44208","city":"竹田市","lat":32.8687576,"lon":131.3880474,"areaKm2":0.0438674,"populated2020":false,"population2020":null,"populationNote":"境界またぎ・収録外等のため自治体内人口は未集計"},"geometry":{"type":"Polygon","coordinates":[[[131.38958606259058,32.87083333333332],[131.38899917,32.87049936900001],[131.388833606,32.870193541],[131.388705006,32.869785757],[131.38855806700002,32.868641036],[131.388079728,32.86808742299999],[131.388190298,32.86751992800001],[131.388061401,32.867053811],[131.38836639448147,32.86666666666667],[131.3875,32.86666666666667],[131.3875,32.87083333333333],[131.38958606259058,32.87083333333332]]]}},{"type":"Feature","id":"44208:493122414","properties":{"id":"44208:493122414","meshCode":"493122414","cityCode":"44208","city":"竹田市","lat":32.8729353,"lon":131.274175,"areaKm2":0.071778,"populated2020":false,"population2020":null,"populationNote":"境界またぎ・収録外等のため自治体内人口は未集計"},"geometry":{"type":"Polygon","coordinates":[[[131.27343689999998,32.87099626100013],[131.27327272400012,32.87122487400011],[131.27319939000006,32.87157903600013],[131.2732452270001,32.87264236900007],[131.27345495500003,32.87322819799993],[131.273509676,32.8739493060001],[131.2734093900001,32.87434986500011],[131.27309852100018,32.875],[131.275,32.875],[131.275,32.87083333333334],[131.27385718389317,32.87083333333333],[131.27343689999998,32.87099626100013]]]}},{"type":"Feature","id":"44208:493122423","properties":{"id":"44208:493122423","meshCode":"493122423","cityCode":"44208","city":"竹田市","lat":32.8729167,"lon":131.278125,"areaKm2":0.2702864,"populated2020":false,"population2020":null,"populationNote":"境界またぎ・収録外等のため自治体内人口は未集計"},"geometry":{"type":"Polygon","coordinates":[[[131.275,32.87083333333334],[131.275,32.875],[131.28125,32.87500000000001],[131.28125,32.87083333333333],[131.275,32.87083333333334]]]}},{"type":"Feature","id":"44208:493122424","properties":{"id":"44208:493122424","meshCode":"493122424","cityCode":"44208","city":"竹田市","lat":32.8729167,"lon":131.284375,"areaKm2":0.2702864,"populated2020":true,"population2020":2.9885,"populationNote":"2020年基準人口（国交省調整値）"},"geometry":{"type":"Polygon","coordinates":[[[131.28125,32.87083333333333],[131.28125,32.87500000000001],[131.2875,32.87500000000001],[131.2875,32.87083333333332],[131.28125,32.87083333333333]]]}},{"type":"Feature","id":"44208:493122433","properties":{"id":"44208:493122433","meshCode":"493122433","cityCode":"44208","city":"竹田市","lat":32.8729167,"lon":131.290625,"areaKm2":0.2702864,"populated2020":true,"population2020":0.9988,"populationNote":"2020年基準人口（国交省調整値）"},"geometry":{"type":"Polygon","coordinates":[[[131.2875,32.87083333333332],[131.2875,32.87500000000001],[131.29375,32.875],[131.29375,32.87083333333334],[131.2875,32.87083333333332]]]}},{"type":"Feature","id":"44208:493122434","properties":{"id":"44208:493122434","meshCode":"493122434","cityCode":"44208","city":"竹田市","lat":32.8729167,"lon":131.296875,"areaKm2":0.2702864,"populated2020":false,"population2020":null,"populationNote":"境界またぎ・収録外等のため自治体内人口は未集計"},"geometry":{"type":"Polygon","coordinates":[[[131.29375,32.87083333333334],[131.29375,32.875],[131.30000000000004,32.875],[131.30000000000004,32.87083333333333],[131.29375,32.87083333333334]]]}},{"type":"Feature","id":"44208:493122443","properties":{"id":"44208:493122443","meshCode":"493122443","cityCode":"44208","city":"竹田市","lat":32.8729167,"lon":131.303125,"areaKm2":0.2702864,"populated2020":false,"population2020":null,"populationNote":"境界またぎ・収録外等のため自治体内人口は未集計"},"geometry":{"type":"Polygon","coordinates":[[[131.30000000000004,32.87083333333333],[131.30000000000004,32.875],[131.30625,32.87500000000001],[131.30625,32.87083333333334],[131.30000000000004,32.87083333333333]]]}},{"type":"Feature","id":"44208:493122444","properties":{"id":"44208:493122444","meshCode":"493122444","cityCode":"44208","city":"竹田市","lat":32.8729167,"lon":131.309375,"areaKm2":0.2702864,"populated2020":true,"population2020":1.0,"populationNote":"2020年基準人口（国交省調整値）"},"geometry":{"type":"Polygon","coordinates":[[[131.30625,32.87083333333334],[131.30625,32.87500000000001],[131.3125,32.875],[131.3125,32.87083333333333],[131.30625,32.87083333333334]]]}},{"type":"Feature","id":"44208:493122453","properties":{"id":"44208:493122453","meshCode":"493122453","cityCode":"44208","city":"竹田市","lat":32.8729167,"lon":131.315625,"areaKm2":0.2702864,"populated2020":false,"population2020":null,"populationNote":"境界またぎ・収録外等のため自治体内人口は未集計"},"geometry":{"type":"Polygon","coordinates":[[[131.3125,32.87083333333333],[131.3125,32.875],[131.31875,32.875],[131.31875,32.87083333333334],[131.3125,32.87083333333333]]]}},{"type":"Feature","id":"44208:493122454","properties":{"id":"44208:493122454","meshCode":"493122454","cityCode":"44208","city":"竹田市","lat":32.8729167,"lon":131.321875,"areaKm2":0.2702864,"populated2020":true,"population2020":7.0038,"populationNote":"2020年基準人口（国交省調整値）"},"geometry":{"type":"Polygon","coordinates":[[[131.31875,32.87083333333334],[131.31875,32.875],[131.325,32.87500000000001],[131.325,32.87083333333333],[131.31875,32.87083333333334]]]}},{"type":"Feature","id":"44208:493122463","properties":{"id":"44208:493122463","meshCode":"493122463","cityCode":"44208","city":"竹田市","lat":32.8729167,"lon":131.328125,"areaKm2":0.2702864,"populated2020":true,"population2020":5.0022,"populationNote":"2020年基準人口（国交省調整値）"},"geometry":{"type":"Polygon","coordinates":[[[131.325,32.87083333333333],[131.325,32.87500000000001],[131.33125,32.875],[131.33125,32.87083333333332],[131.325,32.87083333333333]]]}},{"type":"Feature","id":"44208:493122464","properties":{"id":"44208:493122464","meshCode":"493122464","cityCode":"44208","city":"竹田市","lat":32.8729167,"lon":131.334375,"areaKm2":0.2702864,"populated2020":false,"population2020":null,"populationNote":"境界またぎ・収録外等のため自治体内人口は未集計"},"geometry":{"type":"Polygon","coordinates":[[[131.33125,32.87083333333332],[131.33125,32.875],[131.3375,32.875],[131.3375,32.87083333333333],[131.33125,32.87083333333332]]]}},{"type":"Feature","id":"44208:493122473","properties":{"id":"44208:493122473","meshCode":"493122473","cityCode":"44208","city":"竹田市","lat":32.8729167,"lon":131.340625,"areaKm2":0.2702864,"populated2020":false,"population2020":null,"populationNote":"境界またぎ・収録外等のため自治体内人口は未集計"},"geometry":{"type":"Polygon","coordinates":[[[131.3375,32.87083333333333],[131.3375,32.875],[131.34375,32.875],[131.34375,32.87083333333334],[131.3375,32.87083333333333]]]}},{"type":"Feature","id":"44208:493122474","properties":{"id":"44208:493122474","meshCode":"493122474","cityCode":"44208","city":"竹田市","lat":32.8729167,"lon":131.346875,"areaKm2":0.2702864,"populated2020":false,"population2020":null,"populationNote":"境界またぎ・収録外等のため自治体内人口は未集計"},"geometry":{"type":"Polygon","coordinates":[[[131.34375,32.87083333333334],[131.34375,32.875],[131.35,32.875],[131.35,32.87083333333333],[131.34375,32.87083333333334]]]}},{"type":"Feature","id":"44208:493122483","properties":{"id":"44208:493122483","meshCode":"493122483","cityCode":"44208","city":"竹田市","lat":32.8729167,"lon":131.353125,"areaKm2":0.2702864,"populated2020":true,"population2020":32.0128,"populationNote":"2020年基準人口（国交省調整値）"},"geometry":{"type":"Polygon","coordinates":[[[131.35,32.87083333333333],[131.35,32.875],[131.35625000000002,32.87500000000001],[131.35625000000002,32.87083333333334],[131.35,32.87083333333333]]]}},{"type":"Feature","id":"44208:493122484","properties":{"id":"44208:493122484","meshCode":"493122484","cityCode":"44208","city":"竹田市","lat":32.8729167,"lon":131.359375,"areaKm2":0.2702864,"populated2020":true,"population2020":18.0106,"populationNote":"2020年基準人口（国交省調整値）"},"geometry":{"type":"Polygon","coordinates":[[[131.35625000000002,32.87083333333334],[131.35625000000002,32.87500000000001],[131.3625,32.87500000000001],[131.3625,32.87083333333333],[131.35625000000002,32.87083333333334]]]}},{"type":"Feature","id":"44208:493122493","properties":{"id":"44208:493122493","meshCode":"493122493","cityCode":"44208","city":"竹田市","lat":32.8729167,"lon":131.365625,"areaKm2":0.2702864,"populated2020":true,"population2020":6.0137,"populationNote":"2020年基準人口（国交省調整値）"},"geometry":{"type":"Polygon","coordinates":[[[131.3625,32.87083333333333],[131.3625,32.87500000000001],[131.36875,32.87500000000001],[131.36875,32.87083333333332],[131.3625,32.87083333333333]]]}},{"type":"Feature","id":"44208:493122494","properties":{"id":"44208:493122494","meshCode":"493122494","cityCode":"44208","city":"竹田市","lat":32.8729167,"lon":131.371875,"areaKm2":0.2702864,"populated2020":true,"population2020":4.009,"populationNote":"2020年基準人口（国交省調整値）"},"geometry":{"type":"Polygon","coordinates":[[[131.36875,32.87083333333332],[131.36875,32.87500000000001],[131.375,32.875],[131.375,32.87083333333334],[131.36875,32.87083333333332]]]}},{"type":"Feature","id":"44208:493123403","properties":{"id":"44208:493123403","meshCode":"493123403","cityCode":"44208","city":"竹田市","lat":32.8729167,"lon":131.378125,"areaKm2":0.2702864,"populated2020":false,"population2020":null,"populationNote":"境界またぎ・収録外等のため自治体内人口は未集計"},"geometry":{"type":"Polygon","coordinates":[[[131.375,32.87083333333334],[131.375,32.875],[131.38125,32.87500000000001],[131.38125,32.87083333333334],[131.375,32.87083333333334]]]}},{"type":"Feature","id":"44208:493123404","properties":{"id":"44208:493123404","meshCode":"493123404","cityCode":"44208","city":"竹田市","lat":32.8729167,"lon":131.384375,"areaKm2":0.2702864,"populated2020":false,"population2020":null,"populationNote":"境界またぎ・収録外等のため自治体内人口は未集計"},"geometry":{"type":"Polygon","coordinates":[[[131.38125,32.87083333333334],[131.38125,32.87500000000001],[131.3875,32.875],[131.3875,32.87083333333333],[131.38125,32.87083333333334]]]}},{"type":"Feature","id":"44208:493123413","properties":{"id":"44208:493123413","meshCode":"493123413","cityCode":"44208","city":"竹田市","lat":32.8729167,"lon":131.390625,"areaKm2":0.2078363,"populated2020":false,"population2020":null,"populationNote":"境界またぎ・収録外等のため自治体内人口は未集計"},"geometry":{"type":"Polygon","coordinates":[[[131.39375,32.873647346596584],[131.39302332,32.873167982],[131.39223249,32.872905765999995],[131.390415824,32.871241874],[131.38958606259058,32.87083333333332],[131.3875,32.87083333333333],[131.3875,32.875],[131.39375,32.87500000000001],[131.39375,32.873647346596584]]]}},{"type":"Feature","id":"44208:493123414","properties":{"id":"44208:493123414","meshCode":"493123414","cityCode":"44208","city":"竹田市","lat":32.8741802,"lon":131.3940444,"areaKm2":0.0095124,"populated2020":false,"population2020":null,"populationNote":"境界またぎ・収録外等のため自治体内人口は未集計"},"geometry":{"type":"Polygon","coordinates":[[[131.395033152,32.874999928],[131.394605538,32.874580206999994],[131.394219157,32.874012711999995],[131.39375,32.873647346596584],[131.39375,32.87500000000001],[131.395033152,32.874999928]]]}},{"type":"Feature","id":"44208:493122511","properties":{"id":"44208:493122511","meshCode":"493122511","cityCode":"44208","city":"竹田市","lat":32.8790531,"lon":131.2648131,"areaKm2":0.0019395,"populated2020":false,"population2020":null,"populationNote":"境界またぎ・収録外等のため自治体内人口は未集計"},"geometry":{"type":"Polygon","coordinates":[[[131.26494210099997,32.878964523000036],[131.26459570700013,32.87897980199995],[131.2641178634758,32.87916666666667],[131.26563296194422,32.87916666666667],[131.26494210099997,32.878964523000036]]]}},{"type":"Feature","id":"44208:493122512","properties":{"id":"44208:493122512","meshCode":"493122512","cityCode":"44208","city":"竹田市","lat":32.8770833,"lon":131.271875,"areaKm2":0.1281456,"populated2020":false,"population2020":null,"populationNote":"境界またぎ・収録外等のため自治体内人口は未集計"},"geometry":{"type":"Polygon","coordinates":[[[131.27259883300007,32.87581818000001],[131.27162271100008,32.87692762199998],[131.2715404930001,32.87718178400007],[131.27177743200002,32.87859010800002],[131.27206746730857,32.87916666666667],[131.275,32.87916666666667],[131.275,32.875],[131.27309852100018,32.875],[131.27259883300007,32.87581818000001]]]}},{"type":"Feature","id":"44208:493122521","properties":{"id":"44208:493122521","meshCode":"493122521","cityCode":"44208","city":"竹田市","lat":32.8770833,"lon":131.278125,"areaKm2":0.270274,"populated2020":false,"population2020":null,"populationNote":"境界またぎ・収録外等のため自治体内人口は未集計"},"geometry":{"type":"Polygon","coordinates":[[[131.275,32.875],[131.275,32.87916666666667],[131.28125,32.87916666666668],[131.28125,32.87500000000001],[131.275,32.875]]]}},{"type":"Feature","id":"44208:493122522","properties":{"id":"44208:493122522","meshCode":"493122522","cityCode":"44208","city":"竹田市","lat":32.8770833,"lon":131.284375,"areaKm2":0.270274,"populated2020":false,"population2020":null,"populationNote":"境界またぎ・収録外等のため自治体内人口は未集計"},"geometry":{"type":"Polygon","coordinates":[[[131.28125,32.87500000000001],[131.28125,32.87916666666668],[131.2875,32.87916666666667],[131.2875,32.87500000000001],[131.28125,32.87500000000001]]]}},{"type":"Feature","id":"44208:493122531","properties":{"id":"44208:493122531","meshCode":"493122531","cityCode":"44208","city":"竹田市","lat":32.8770833,"lon":131.290625,"areaKm2":0.270274,"populated2020":false,"population2020":null,"populationNote":"境界またぎ・収録外等のため自治体内人口は未集計"},"geometry":{"type":"Polygon","coordinates":[[[131.2875,32.87500000000001],[131.2875,32.87916666666667],[131.29375,32.87916666666667],[131.29375,32.875],[131.2875,32.87500000000001]]]}},{"type":"Feature","id":"44208:493122532","properties":{"id":"44208:493122532","meshCode":"493122532","cityCode":"44208","city":"竹田市","lat":32.8770833,"lon":131.296875,"areaKm2":0.270274,"populated2020":true,"population2020":5.006,"populationNote":"2020年基準人口（国交省調整値）"},"geometry":{"type":"Polygon","coordinates":[[[131.29375,32.875],[131.29375,32.87916666666667],[131.30000000000004,32.87916666666667],[131.30000000000004,32.875],[131.29375,32.875]]]}},{"type":"Feature","id":"44208:493122541","properties":{"id":"44208:493122541","meshCode":"493122541","cityCode":"44208","city":"竹田市","lat":32.8770833,"lon":131.303125,"areaKm2":0.270274,"populated2020":true,"population2020":9.0106,"populationNote":"2020年基準人口（国交省調整値）"},"geometry":{"type":"Polygon","coordinates":[[[131.30000000000004,32.875],[131.30000000000004,32.87916666666667],[131.30625,32.87916666666667],[131.30625,32.87500000000001],[131.30000000000004,32.875]]]}},{"type":"Feature","id":"44208:493122542","properties":{"id":"44208:493122542","meshCode":"493122542","cityCode":"44208","city":"竹田市","lat":32.8770833,"lon":131.309375,"areaKm2":0.270274,"populated2020":true,"population2020":23.0748,"populationNote":"2020年基準人口（国交省調整値）"},"geometry":{"type":"Polygon","coordinates":[[[131.30625,32.87500000000001],[131.30625,32.87916666666667],[131.3125,32.87916666666668],[131.3125,32.875],[131.30625,32.87500000000001]]]}},{"type":"Feature","id":"44208:493122551","properties":{"id":"44208:493122551","meshCode":"493122551","cityCode":"44208","city":"竹田市","lat":32.8770833,"lon":131.315625,"areaKm2":0.270274,"populated2020":false,"population2020":null,"populationNote":"境界またぎ・収録外等のため自治体内人口は未集計"},"geometry":{"type":"Polygon","coordinates":[[[131.3125,32.875],[131.3125,32.87916666666668],[131.31875,32.87916666666667],[131.31875,32.875],[131.3125,32.875]]]}},{"type":"Feature","id":"44208:493122552","properties":{"id":"44208:493122552","meshCode":"493122552","cityCode":"44208","city":"竹田市","lat":32.8770833,"lon":131.321875,"areaKm2":0.270274,"populated2020":true,"population2020":26.0496,"populationNote":"2020年基準人口（国交省調整値）"},"geometry":{"type":"Polygon","coordinates":[[[131.31875,32.875],[131.31875,32.87916666666667],[131.325,32.87916666666667],[131.325,32.87500000000001],[131.31875,32.875]]]}},{"type":"Feature","id":"44208:493122561","properties":{"id":"44208:493122561","meshCode":"493122561","cityCode":"44208","city":"竹田市","lat":32.8770833,"lon":131.328125,"areaKm2":0.270274,"populated2020":false,"population2020":null,"populationNote":"境界またぎ・収録外等のため自治体内人口は未集計"},"geometry":{"type":"Polygon","coordinates":[[[131.325,32.87500000000001],[131.325,32.87916666666667],[131.33125,32.87916666666667],[131.33125,32.875],[131.325,32.87500000000001]]]}},{"type":"Feature","id":"44208:493122562","properties":{"id":"44208:493122562","meshCode":"493122562","cityCode":"44208","city":"竹田市","lat":32.8770833,"lon":131.334375,"areaKm2":0.270274,"populated2020":false,"population2020":null,"populationNote":"境界またぎ・収録外等のため自治体内人口は未集計"},"geometry":{"type":"Polygon","coordinates":[[[131.33125,32.875],[131.33125,32.87916666666667],[131.3375,32.87916666666668],[131.3375,32.875],[131.33125,32.875]]]}},{"type":"Feature","id":"44208:493122571","properties":{"id":"44208:493122571","meshCode":"493122571","cityCode":"44208","city":"竹田市","lat":32.8770833,"lon":131.340625,"areaKm2":0.270274,"populated2020":false,"population2020":null,"populationNote":"境界またぎ・収録外等のため自治体内人口は未集計"},"geometry":{"type":"Polygon","coordinates":[[[131.3375,32.875],[131.3375,32.87916666666668],[131.34375,32.87916666666667],[131.34375,32.875],[131.3375,32.875]]]}},{"type":"Feature","id":"44208:493122572","properties":{"id":"44208:493122572","meshCode":"493122572","cityCode":"44208","city":"竹田市","lat":32.8770833,"lon":131.346875,"areaKm2":0.270274,"populated2020":false,"population2020":null,"populationNote":"境界またぎ・収録外等のため自治体内人口は未集計"},"geometry":{"type":"Polygon","coordinates":[[[131.34375,32.875],[131.34375,32.87916666666667],[131.35,32.87916666666667],[131.35,32.875],[131.34375,32.875]]]}},{"type":"Feature","id":"44208:493122581","properties":{"id":"44208:493122581","meshCode":"493122581","cityCode":"44208","city":"竹田市","lat":32.8770833,"lon":131.353125,"areaKm2":0.270274,"populated2020":false,"population2020":null,"populationNote":"境界またぎ・収録外等のため自治体内人口は未集計"},"geometry":{"type":"Polygon","coordinates":[[[131.35,32.875],[131.35,32.87916666666667],[131.35625000000002,32.87916666666667],[131.35625000000002,32.87500000000001],[131.35,32.875]]]}},{"type":"Feature","id":"44208:493122582","properties":{"id":"44208:493122582","meshCode":"493122582","cityCode":"44208","city":"竹田市","lat":32.8770833,"lon":131.359375,"areaKm2":0.270274,"populated2020":false,"population2020":null,"populationNote":"境界またぎ・収録外等のため自治体内人口は未集計"},"geometry":{"type":"Polygon","coordinates":[[[131.35625000000002,32.87500000000001],[131.35625000000002,32.87916666666667],[131.3625,32.87916666666667],[131.3625,32.87500000000001],[131.35625000000002,32.87500000000001]]]}},{"type":"Feature","id":"44208:493122591","properties":{"id":"44208:493122591","meshCode":"493122591","cityCode":"44208","city":"竹田市","lat":32.8770833,"lon":131.365625,"areaKm2":0.270274,"populated2020":false,"population2020":null,"populationNote":"境界またぎ・収録外等のため自治体内人口は未集計"},"geometry":{"type":"Polygon","coordinates":[[[131.3625,32.87500000000001],[131.3625,32.87916666666667],[131.36875,32.87916666666667],[131.36875,32.87500000000001],[131.3625,32.87500000000001]]]}},{"type":"Feature","id":"44208:493122592","properties":{"id":"44208:493122592","meshCode":"493122592","cityCode":"44208","city":"竹田市","lat":32.8770833,"lon":131.371875,"areaKm2":0.270274,"populated2020":false,"population2020":null,"populationNote":"境界またぎ・収録外等のため自治体内人口は未集計"},"geometry":{"type":"Polygon","coordinates":[[[131.36875,32.87500000000001],[131.36875,32.87916666666667],[131.375,32.87916666666667],[131.375,32.875],[131.36875,32.87500000000001]]]}},{"type":"Feature","id":"44208:493123501","properties":{"id":"44208:493123501","meshCode":"493123501","cityCode":"44208","city":"竹田市","lat":32.8770833,"lon":131.378125,"areaKm2":0.270274,"populated2020":false,"population2020":null,"populationNote":"境界またぎ・収録外等のため自治体内人口は未集計"},"geometry":{"type":"Polygon","coordinates":[[[131.375,32.875],[131.375,32.87916666666667],[131.38125,32.87916666666667],[131.38125,32.87500000000001],[131.375,32.875]]]}},{"type":"Feature","id":"44208:493123502","properties":{"id":"44208:493123502","meshCode":"493123502","cityCode":"44208","city":"竹田市","lat":32.8770833,"lon":131.384375,"areaKm2":0.270274,"populated2020":false,"population2020":null,"populationNote":"境界またぎ・収録外等のため自治体内人口は未集計"},"geometry":{"type":"Polygon","coordinates":[[[131.38125,32.87500000000001],[131.38125,32.87916666666667],[131.3875,32.87916666666667],[131.3875,32.875],[131.38125,32.87500000000001]]]}},{"type":"Feature","id":"44208:493123511","properties":{"id":"44208:493123511","meshCode":"493123511","cityCode":"44208","city":"竹田市","lat":32.8770833,"lon":131.390625,"areaKm2":0.270274,"populated2020":false,"population2020":null,"populationNote":"境界またぎ・収録外等のため自治体内人口は未集計"},"geometry":{"type":"Polygon","coordinates":[[[131.3875,32.875],[131.3875,32.87916666666667],[131.39375,32.87916666666668],[131.39375,32.87500000000001],[131.3875,32.875]]]}},{"type":"Feature","id":"44208:493123512","properties":{"id":"44208:493123512","meshCode":"493123512","cityCode":"44208","city":"竹田市","lat":32.8770833,"lon":131.396875,"areaKm2":0.1399392,"populated2020":false,"population2020":null,"populationNote":"境界またぎ・収録外等のため自治体内人口は未集計"},"geometry":{"type":"Polygon","coordinates":[[[131.398519987,32.87900853200001],[131.397968042,32.878571586],[131.397839157,32.87806186499999],[131.39758166,32.877581595],[131.397106654,32.87725992800001],[131.396959715,32.877070757],[131.396702205,32.876284369000004],[131.396555266,32.876138541],[131.395635266,32.875730766],[131.39503323,32.87500000000001],[131.39375,32.87500000000001],[131.39375,32.87916666666668],[131.39861216722826,32.87916666666668],[131.398519987,32.87900853200001]]]}},{"type":"Feature","id":"44208:493122504","properties":{"id":"44208:493122504","meshCode":"493122504","cityCode":"44208","city":"竹田市","lat":32.8825825,"lon":131.2617989,"areaKm2":0.0257732,"populated2020":false,"population2020":null,"populationNote":"境界またぎ・収録外等のため自治体内人口は未集計"},"geometry":{"type":"Polygon","coordinates":[[[131.2625,32.881011955398996],[131.26137150499994,32.88214338699999],[131.2605957457567,32.88333333333334],[131.2625,32.88333333333334],[131.2625,32.881011955398996]]]}},{"type":"Feature","id":"44208:493122513","properties":{"id":"44208:493122513","meshCode":"493122513","cityCode":"44208","city":"竹田市","lat":32.88125,"lon":131.265625,"areaKm2":0.2349627,"populated2020":false,"population2020":null,"populationNote":"境界またぎ・収録外等のため自治体内人口は未集計"},"geometry":{"type":"Polygon","coordinates":[[[131.26875,32.880653260846664],[131.2678762910001,32.88040119799995],[131.26757546,32.880177586000116],[131.267593787,32.87987702700002],[131.2674204540001,32.87963814400007],[131.26708267200002,32.87949175699998],[131.26563296194422,32.87916666666667],[131.2641178634758,32.87916666666667],[131.262752633,32.88060562200002],[131.2625,32.881011955398996],[131.2625,32.88333333333334],[131.26875,32.88333333333334],[131.26875,32.880653260846664]]]}},{"type":"Feature","id":"44208:493122514","properties":{"id":"44208:493122514","meshCode":"493122514","cityCode":"44208","city":"竹田市","lat":32.88125,"lon":131.271875,"areaKm2":0.1968651,"populated2020":false,"population2020":null,"populationNote":"境界またぎ・収録外等のため自治体内人口は未集計"},"geometry":{"type":"Polygon","coordinates":[[[131.27206746730857,32.87916666666667],[131.27251604399999,32.879873712],[131.27295355399997,32.88037455000005],[131.27333688700003,32.88121454100002],[131.27344632899997,32.88160759500005],[131.273391608,32.88167704500012],[131.27319077800007,32.881807874],[131.27288966300011,32.881715649000114],[131.2727346690001,32.8814998200001],[131.27236049300006,32.881299260999924],[131.27196854700014,32.88122231499994],[131.27143020800008,32.88063676600012],[131.2712021530001,32.880490368999965],[131.270955759,32.88044398199998],[131.27067714700001,32.880694261000144],[131.27014797699997,32.88081731500006],[131.26875,32.880653260846664],[131.26875,32.88333333333334],[131.275,32.88333333333334],[131.275,32.87916666666667],[131.27206746730857,32.87916666666667]]]}},{"type":"Feature","id":"44208:493122523","properties":{"id":"44208:493122523","meshCode":"493122523","cityCode":"44208","city":"竹田市","lat":32.88125,"lon":131.278125,"areaKm2":0.2702615,"populated2020":true,"population2020":10.0094,"populationNote":"2020年基準人口（国交省調整値）"},"geometry":{"type":"Polygon","coordinates":[[[131.275,32.87916666666667],[131.275,32.88333333333334],[131.28125,32.88333333333333],[131.28125,32.87916666666668],[131.275,32.87916666666667]]]}},{"type":"Feature","id":"44208:493122524","properties":{"id":"44208:493122524","meshCode":"493122524","cityCode":"44208","city":"竹田市","lat":32.88125,"lon":131.284375,"areaKm2":0.2702615,"populated2020":true,"population2020":1.0022,"populationNote":"2020年基準人口（国交省調整値）"},"geometry":{"type":"Polygon","coordinates":[[[131.28125,32.87916666666668],[131.28125,32.88333333333333],[131.2875,32.88333333333333],[131.2875,32.87916666666667],[131.28125,32.87916666666668]]]}},{"type":"Feature","id":"44208:493122533","properties":{"id":"44208:493122533","meshCode":"493122533","cityCode":"44208","city":"竹田市","lat":32.88125,"lon":131.290625,"areaKm2":0.2702615,"populated2020":true,"population2020":17.987,"populationNote":"2020年基準人口（国交省調整値）"},"geometry":{"type":"Polygon","coordinates":[[[131.2875,32.87916666666667],[131.2875,32.88333333333333],[131.29375,32.88333333333334],[131.29375,32.87916666666667],[131.2875,32.87916666666667]]]}},{"type":"Feature","id":"44208:493122534","properties":{"id":"44208:493122534","meshCode":"493122534","cityCode":"44208","city":"竹田市","lat":32.88125,"lon":131.296875,"areaKm2":0.2702615,"populated2020":true,"population2020":5.0009,"populationNote":"2020年基準人口（国交省調整値）"},"geometry":{"type":"Polygon","coordinates":[[[131.29375,32.87916666666667],[131.29375,32.88333333333334],[131.30000000000004,32.88333333333334],[131.30000000000004,32.87916666666667],[131.29375,32.87916666666667]]]}},{"type":"Feature","id":"44208:493122543","properties":{"id":"44208:493122543","meshCode":"493122543","cityCode":"44208","city":"竹田市","lat":32.88125,"lon":131.303125,"areaKm2":0.2702615,"populated2020":true,"population2020":5.0241,"populationNote":"2020年基準人口（国交省調整値）"},"geometry":{"type":"Polygon","coordinates":[[[131.30000000000004,32.87916666666667],[131.30000000000004,32.88333333333334],[131.30625,32.88333333333334],[131.30625,32.87916666666667],[131.30000000000004,32.87916666666667]]]}},{"type":"Feature","id":"44208:493122544","properties":{"id":"44208:493122544","meshCode":"493122544","cityCode":"44208","city":"竹田市","lat":32.88125,"lon":131.309375,"areaKm2":0.2702615,"populated2020":true,"population2020":8.0031,"populationNote":"2020年基準人口（国交省調整値）"},"geometry":{"type":"Polygon","coordinates":[[[131.30625,32.87916666666667],[131.30625,32.88333333333334],[131.3125,32.88333333333334],[131.3125,32.87916666666668],[131.30625,32.87916666666667]]]}},{"type":"Feature","id":"44208:493122553","properties":{"id":"44208:493122553","meshCode":"493122553","cityCode":"44208","city":"竹田市","lat":32.88125,"lon":131.315625,"areaKm2":0.2702615,"populated2020":true,"population2020":27.0105,"populationNote":"2020年基準人口（国交省調整値）"},"geometry":{"type":"Polygon","coordinates":[[[131.3125,32.87916666666668],[131.3125,32.88333333333334],[131.31875,32.88333333333333],[131.31875,32.87916666666667],[131.3125,32.87916666666668]]]}},{"type":"Feature","id":"44208:493122554","properties":{"id":"44208:493122554","meshCode":"493122554","cityCode":"44208","city":"竹田市","lat":32.88125,"lon":131.321875,"areaKm2":0.2702615,"populated2020":false,"population2020":null,"populationNote":"境界またぎ・収録外等のため自治体内人口は未集計"},"geometry":{"type":"Polygon","coordinates":[[[131.31875,32.87916666666667],[131.31875,32.88333333333333],[131.325,32.88333333333334],[131.325,32.87916666666667],[131.31875,32.87916666666667]]]}},{"type":"Feature","id":"44208:493122563","properties":{"id":"44208:493122563","meshCode":"493122563","cityCode":"44208","city":"竹田市","lat":32.88125,"lon":131.328125,"areaKm2":0.2702615,"populated2020":false,"population2020":null,"populationNote":"境界またぎ・収録外等のため自治体内人口は未集計"},"geometry":{"type":"Polygon","coordinates":[[[131.325,32.87916666666667],[131.325,32.88333333333334],[131.33125,32.88333333333334],[131.33125,32.87916666666667],[131.325,32.87916666666667]]]}},{"type":"Feature","id":"44208:493122564","properties":{"id":"44208:493122564","meshCode":"493122564","cityCode":"44208","city":"竹田市","lat":32.88125,"lon":131.334375,"areaKm2":0.2702615,"populated2020":false,"population2020":null,"populationNote":"境界またぎ・収録外等のため自治体内人口は未集計"},"geometry":{"type":"Polygon","coordinates":[[[131.33125,32.87916666666667],[131.33125,32.88333333333334],[131.3375,32.88333333333333],[131.3375,32.87916666666668],[131.33125,32.87916666666667]]]}},{"type":"Feature","id":"44208:493122573","properties":{"id":"44208:493122573","meshCode":"493122573","cityCode":"44208","city":"竹田市","lat":32.88125,"lon":131.340625,"areaKm2":0.2702615,"populated2020":true,"population2020":23.0091,"populationNote":"2020年基準人口（国交省調整値）"},"geometry":{"type":"Polygon","coordinates":[[[131.3375,32.87916666666668],[131.3375,32.88333333333333],[131.34375,32.88333333333334],[131.34375,32.87916666666667],[131.3375,32.87916666666668]]]}},{"type":"Feature","id":"44208:493122574","properties":{"id":"44208:493122574","meshCode":"493122574","cityCode":"44208","city":"竹田市","lat":32.88125,"lon":131.346875,"areaKm2":0.2702615,"populated2020":true,"population2020":0.9989,"populationNote":"2020年基準人口（国交省調整値）"},"geometry":{"type":"Polygon","coordinates":[[[131.34375,32.87916666666667],[131.34375,32.88333333333334],[131.35,32.88333333333333],[131.35,32.87916666666667],[131.34375,32.87916666666667]]]}},{"type":"Feature","id":"44208:493122583","properties":{"id":"44208:493122583","meshCode":"493122583","cityCode":"44208","city":"竹田市","lat":32.88125,"lon":131.353125,"areaKm2":0.2702615,"populated2020":false,"population2020":null,"populationNote":"境界またぎ・収録外等のため自治体内人口は未集計"},"geometry":{"type":"Polygon","coordinates":[[[131.35,32.87916666666667],[131.35,32.88333333333333],[131.35625000000002,32.88333333333334],[131.35625000000002,32.87916666666667],[131.35,32.87916666666667]]]}},{"type":"Feature","id":"44208:493122584","properties":{"id":"44208:493122584","meshCode":"493122584","cityCode":"44208","city":"竹田市","lat":32.88125,"lon":131.359375,"areaKm2":0.2702615,"populated2020":false,"population2020":null,"populationNote":"境界またぎ・収録外等のため自治体内人口は未集計"},"geometry":{"type":"Polygon","coordinates":[[[131.35625000000002,32.87916666666667],[131.35625000000002,32.88333333333334],[131.3625,32.88333333333333],[131.3625,32.87916666666667],[131.35625000000002,32.87916666666667]]]}},{"type":"Feature","id":"44208:493122593","properties":{"id":"44208:493122593","meshCode":"493122593","cityCode":"44208","city":"竹田市","lat":32.88125,"lon":131.365625,"areaKm2":0.2702615,"populated2020":false,"population2020":null,"populationNote":"境界またぎ・収録外等のため自治体内人口は未集計"},"geometry":{"type":"Polygon","coordinates":[[[131.3625,32.87916666666667],[131.3625,32.88333333333333],[131.36875,32.88333333333334],[131.36875,32.87916666666667],[131.3625,32.87916666666667]]]}},{"type":"Feature","id":"44208:493122594","properties":{"id":"44208:493122594","meshCode":"493122594","cityCode":"44208","city":"竹田市","lat":32.88125,"lon":131.371875,"areaKm2":0.2702615,"populated2020":false,"population2020":null,"populationNote":"境界またぎ・収録外等のため自治体内人口は未集計"},"geometry":{"type":"Polygon","coordinates":[[[131.36875,32.87916666666667],[131.36875,32.88333333333334],[131.375,32.88333333333334],[131.375,32.87916666666667],[131.36875,32.87916666666667]]]}},{"type":"Feature","id":"44208:493123503","properties":{"id":"44208:493123503","meshCode":"493123503","cityCode":"44208","city":"竹田市","lat":32.88125,"lon":131.378125,"areaKm2":0.2702615,"populated2020":false,"population2020":null,"populationNote":"境界またぎ・収録外等のため自治体内人口は未集計"},"geometry":{"type":"Polygon","coordinates":[[[131.375,32.87916666666667],[131.375,32.88333333333334],[131.38125,32.88333333333334],[131.38125,32.87916666666667],[131.375,32.87916666666667]]]}},{"type":"Feature","id":"44208:493123504","properties":{"id":"44208:493123504","meshCode":"493123504","cityCode":"44208","city":"竹田市","lat":32.88125,"lon":131.384375,"areaKm2":0.2702615,"populated2020":false,"population2020":null,"populationNote":"境界またぎ・収録外等のため自治体内人口は未集計"},"geometry":{"type":"Polygon","coordinates":[[[131.38125,32.87916666666667],[131.38125,32.88333333333334],[131.3875,32.88333333333333],[131.3875,32.87916666666667],[131.38125,32.87916666666667]]]}},{"type":"Feature","id":"44208:493123513","properties":{"id":"44208:493123513","meshCode":"493123513","cityCode":"44208","city":"竹田市","lat":32.88125,"lon":131.390625,"areaKm2":0.2702615,"populated2020":false,"population2020":null,"populationNote":"境界またぎ・収録外等のため自治体内人口は未集計"},"geometry":{"type":"Polygon","coordinates":[[[131.3875,32.87916666666667],[131.3875,32.88333333333333],[131.39375,32.88333333333334],[131.39375,32.87916666666668],[131.3875,32.87916666666667]]]}},{"type":"Feature","id":"44208:493123514","properties":{"id":"44208:493123514","meshCode":"493123514","cityCode":"44208","city":"竹田市","lat":32.88125,"lon":131.396875,"areaKm2":0.2649951,"populated2020":false,"population2020":null,"populationNote":"境界またぎ・収録外等のため自治体内人口は未集計"},"geometry":{"type":"Polygon","coordinates":[[[131.399999429,32.880135811],[131.399365824,32.879430757],[131.398777484,32.879285198],[131.39861216722826,32.87916666666668],[131.39375,32.87916666666668],[131.39375,32.88333333333334],[131.4,32.88333333333333],[131.399999429,32.880135811]]]}},{"type":"Feature","id":"44208:493123523","properties":{"id":"44208:493123523","meshCode":"493123523","cityCode":"44208","city":"竹田市","lat":32.8817099,"lon":131.4003956,"areaKm2":0.0224395,"populated2020":false,"population2020":null,"populationNote":"境界またぎ・収録外等のため自治体内人口は未集計"},"geometry":{"type":"Polygon","coordinates":[[[131.400818223,32.883333332999996],[131.400910259,32.882898523],[131.400818314,32.882723801999994],[131.400873593,32.882243243],[131.400782218,32.881149359999995],[131.400303878,32.880741586],[131.4,32.880136549999996],[131.4,32.88333333333333],[131.400818223,32.883333332999996]]]}},{"type":"Feature","id":"44208:493122602","properties":{"id":"44208:493122602","meshCode":"493122602","cityCode":"44208","city":"竹田市","lat":32.8854167,"lon":131.259375,"areaKm2":0.1507165,"populated2020":true,"population2020":null,"populationNote":"境界またぎ・収録外等のため自治体内人口は未集計"},"geometry":{"type":"Polygon","coordinates":[[[131.260586783,32.88334560400006],[131.26030399500007,32.88349921599996],[131.26004844399995,32.88380754100001],[131.25996649800015,32.88416198200009],[131.25942898800008,32.88496864900014],[131.25887286600005,32.885376702999956],[131.258817873,32.88593614399997],[131.25841675700008,32.886144197999954],[131.25822508400006,32.886406414000014],[131.25826175100008,32.88676836000013],[131.25760479899998,32.887176964],[131.25736601783794,32.8875],[131.2625,32.88750000000001],[131.2625,32.88333333333334],[131.260586783,32.88334560400006]]]}},{"type":"Feature","id":"44208:493122611","properties":{"id":"44208:493122611","meshCode":"493122611","cityCode":"44208","city":"竹田市","lat":32.8854167,"lon":131.265625,"areaKm2":0.2702491,"populated2020":false,"population2020":null,"populationNote":"境界またぎ・収録外等のため自治体内人口は未集計"},"geometry":{"type":"Polygon","coordinates":[[[131.2625,32.88333333333334],[131.2625,32.88750000000001],[131.26875,32.8875],[131.26875,32.88333333333334],[131.2625,32.88333333333334]]]}},{"type":"Feature","id":"44208:493122612","properties":{"id":"44208:493122612","meshCode":"493122612","cityCode":"44208","city":"竹田市","lat":32.8854167,"lon":131.271875,"areaKm2":0.2702491,"populated2020":false,"population2020":null,"populationNote":"境界またぎ・収録外等のため自治体内人口は未集計"},"geometry":{"type":"Polygon","coordinates":[[[131.26875,32.88333333333334],[131.26875,32.8875],[131.275,32.887499999999996],[131.275,32.88333333333334],[131.26875,32.88333333333334]]]}},{"type":"Feature","id":"44208:493122621","properties":{"id":"44208:493122621","meshCode":"493122621","cityCode":"44208","city":"竹田市","lat":32.8854167,"lon":131.278125,"areaKm2":0.2702491,"populated2020":false,"population2020":null,"populationNote":"境界またぎ・収録外等のため自治体内人口は未集計"},"geometry":{"type":"Polygon","coordinates":[[[131.275,32.88333333333334],[131.275,32.887499999999996],[131.28125,32.8875],[131.28125,32.88333333333333],[131.275,32.88333333333334]]]}},{"type":"Feature","id":"44208:493122622","properties":{"id":"44208:493122622","meshCode":"493122622","cityCode":"44208","city":"竹田市","lat":32.8854167,"lon":131.284375,"areaKm2":0.2702491,"populated2020":true,"population2020":1.0016,"populationNote":"2020年基準人口（国交省調整値）"},"geometry":{"type":"Polygon","coordinates":[[[131.28125,32.88333333333333],[131.28125,32.8875],[131.2875,32.8875],[131.2875,32.88333333333333],[131.28125,32.88333333333333]]]}},{"type":"Feature","id":"44208:493122631","properties":{"id":"44208:493122631","meshCode":"493122631","cityCode":"44208","city":"竹田市","lat":32.8854167,"lon":131.290625,"areaKm2":0.2702491,"populated2020":true,"population2020":25.017,"populationNote":"2020年基準人口（国交省調整値）"},"geometry":{"type":"Polygon","coordinates":[[[131.2875,32.88333333333333],[131.2875,32.8875],[131.29375,32.8875],[131.29375,32.88333333333334],[131.2875,32.88333333333333]]]}},{"type":"Feature","id":"44208:493122632","properties":{"id":"44208:493122632","meshCode":"493122632","cityCode":"44208","city":"竹田市","lat":32.8854167,"lon":131.296875,"areaKm2":0.2702491,"populated2020":true,"population2020":9.0007,"populationNote":"2020年基準人口（国交省調整値）"},"geometry":{"type":"Polygon","coordinates":[[[131.29375,32.88333333333334],[131.29375,32.8875],[131.30000000000004,32.8875],[131.30000000000004,32.88333333333334],[131.29375,32.88333333333334]]]}},{"type":"Feature","id":"44208:493122641","properties":{"id":"44208:493122641","meshCode":"493122641","cityCode":"44208","city":"竹田市","lat":32.8854167,"lon":131.303125,"areaKm2":0.2702491,"populated2020":true,"population2020":4.0041,"populationNote":"2020年基準人口（国交省調整値）"},"geometry":{"type":"Polygon","coordinates":[[[131.30000000000004,32.88333333333334],[131.30000000000004,32.8875],[131.30625,32.8875],[131.30625,32.88333333333334],[131.30000000000004,32.88333333333334]]]}},{"type":"Feature","id":"44208:493122642","properties":{"id":"44208:493122642","meshCode":"493122642","cityCode":"44208","city":"竹田市","lat":32.8854167,"lon":131.309375,"areaKm2":0.2702491,"populated2020":true,"population2020":7.0041,"populationNote":"2020年基準人口（国交省調整値）"},"geometry":{"type":"Polygon","coordinates":[[[131.30625,32.88333333333334],[131.30625,32.8875],[131.3125,32.8875],[131.3125,32.88333333333334],[131.30625,32.88333333333334]]]}},{"type":"Feature","id":"44208:493122651","properties":{"id":"44208:493122651","meshCode":"493122651","cityCode":"44208","city":"竹田市","lat":32.8854167,"lon":131.315625,"areaKm2":0.2702491,"populated2020":false,"population2020":null,"populationNote":"境界またぎ・収録外等のため自治体内人口は未集計"},"geometry":{"type":"Polygon","coordinates":[[[131.3125,32.88333333333334],[131.3125,32.8875],[131.31875,32.8875],[131.31875,32.88333333333333],[131.3125,32.88333333333334]]]}},{"type":"Feature","id":"44208:493122652","properties":{"id":"44208:493122652","meshCode":"493122652","cityCode":"44208","city":"竹田市","lat":32.8854167,"lon":131.321875,"areaKm2":0.2702491,"populated2020":false,"population2020":null,"populationNote":"境界またぎ・収録外等のため自治体内人口は未集計"},"geometry":{"type":"Polygon","coordinates":[[[131.31875,32.88333333333333],[131.31875,32.8875],[131.325,32.8875],[131.325,32.88333333333334],[131.31875,32.88333333333333]]]}},{"type":"Feature","id":"44208:493122661","properties":{"id":"44208:493122661","meshCode":"493122661","cityCode":"44208","city":"竹田市","lat":32.8854167,"lon":131.328125,"areaKm2":0.2702491,"populated2020":true,"population2020":4.0007,"populationNote":"2020年基準人口（国交省調整値）"},"geometry":{"type":"Polygon","coordinates":[[[131.325,32.88333333333334],[131.325,32.8875],[131.33125,32.8875],[131.33125,32.88333333333334],[131.325,32.88333333333334]]]}},{"type":"Feature","id":"44208:493122662","properties":{"id":"44208:493122662","meshCode":"493122662","cityCode":"44208","city":"竹田市","lat":32.8854167,"lon":131.334375,"areaKm2":0.2702491,"populated2020":false,"population2020":null,"populationNote":"境界またぎ・収録外等のため自治体内人口は未集計"},"geometry":{"type":"Polygon","coordinates":[[[131.33125,32.88333333333334],[131.33125,32.8875],[131.3375,32.88750000000001],[131.3375,32.88333333333333],[131.33125,32.88333333333334]]]}},{"type":"Feature","id":"44208:493122671","properties":{"id":"44208:493122671","meshCode":"493122671","cityCode":"44208","city":"竹田市","lat":32.8854167,"lon":131.340625,"areaKm2":0.2702491,"populated2020":true,"population2020":9.0135,"populationNote":"2020年基準人口（国交省調整値）"},"geometry":{"type":"Polygon","coordinates":[[[131.3375,32.88333333333333],[131.3375,32.88750000000001],[131.34375,32.8875],[131.34375,32.88333333333334],[131.3375,32.88333333333333]]]}},{"type":"Feature","id":"44208:493122672","properties":{"id":"44208:493122672","meshCode":"493122672","cityCode":"44208","city":"竹田市","lat":32.8854167,"lon":131.346875,"areaKm2":0.2702491,"populated2020":true,"population2020":11.0209,"populationNote":"2020年基準人口（国交省調整値）"},"geometry":{"type":"Polygon","coordinates":[[[131.34375,32.88333333333334],[131.34375,32.8875],[131.35,32.8875],[131.35,32.88333333333333],[131.34375,32.88333333333334]]]}},{"type":"Feature","id":"44208:493122681","properties":{"id":"44208:493122681","meshCode":"493122681","cityCode":"44208","city":"竹田市","lat":32.8854167,"lon":131.353125,"areaKm2":0.2702491,"populated2020":false,"population2020":null,"populationNote":"境界またぎ・収録外等のため自治体内人口は未集計"},"geometry":{"type":"Polygon","coordinates":[[[131.35,32.88333333333333],[131.35,32.8875],[131.35625000000002,32.8875],[131.35625000000002,32.88333333333334],[131.35,32.88333333333333]]]}},{"type":"Feature","id":"44208:493122682","properties":{"id":"44208:493122682","meshCode":"493122682","cityCode":"44208","city":"竹田市","lat":32.8854167,"lon":131.359375,"areaKm2":0.2702491,"populated2020":false,"population2020":null,"populationNote":"境界またぎ・収録外等のため自治体内人口は未集計"},"geometry":{"type":"Polygon","coordinates":[[[131.35625000000002,32.88333333333334],[131.35625000000002,32.8875],[131.3625,32.8875],[131.3625,32.88333333333333],[131.35625000000002,32.88333333333334]]]}},{"type":"Feature","id":"44208:493122691","properties":{"id":"44208:493122691","meshCode":"493122691","cityCode":"44208","city":"竹田市","lat":32.8854167,"lon":131.365625,"areaKm2":0.2702491,"populated2020":false,"population2020":null,"populationNote":"境界またぎ・収録外等のため自治体内人口は未集計"},"geometry":{"type":"Polygon","coordinates":[[[131.3625,32.88333333333333],[131.3625,32.8875],[131.36875,32.8875],[131.36875,32.88333333333334],[131.3625,32.88333333333333]]]}},{"type":"Feature","id":"44208:493122692","properties":{"id":"44208:493122692","meshCode":"493122692","cityCode":"44208","city":"竹田市","lat":32.8854167,"lon":131.371875,"areaKm2":0.2702491,"populated2020":false,"population2020":null,"populationNote":"境界またぎ・収録外等のため自治体内人口は未集計"},"geometry":{"type":"Polygon","coordinates":[[[131.36875,32.88333333333334],[131.36875,32.8875],[131.375,32.887499999999996],[131.375,32.88333333333334],[131.36875,32.88333333333334]]]}},{"type":"Feature","id":"44208:493123601","properties":{"id":"44208:493123601","meshCode":"493123601","cityCode":"44208","city":"竹田市","lat":32.8854167,"lon":131.378125,"areaKm2":0.2702491,"populated2020":false,"population2020":null,"populationNote":"境界またぎ・収録外等のため自治体内人口は未集計"},"geometry":{"type":"Polygon","coordinates":[[[131.375,32.88333333333334],[131.375,32.887499999999996],[131.38125,32.8875],[131.38125,32.88333333333334],[131.375,32.88333333333334]]]}},{"type":"Feature","id":"44208:493123602","properties":{"id":"44208:493123602","meshCode":"493123602","cityCode":"44208","city":"竹田市","lat":32.8854167,"lon":131.384375,"areaKm2":0.2702491,"populated2020":false,"population2020":null,"populationNote":"境界またぎ・収録外等のため自治体内人口は未集計"},"geometry":{"type":"Polygon","coordinates":[[[131.38125,32.88333333333334],[131.38125,32.8875],[131.3875,32.8875],[131.3875,32.88333333333333],[131.38125,32.88333333333334]]]}},{"type":"Feature","id":"44208:493123611","properties":{"id":"44208:493123611","meshCode":"493123611","cityCode":"44208","city":"竹田市","lat":32.8854167,"lon":131.390625,"areaKm2":0.2702491,"populated2020":false,"population2020":null,"populationNote":"境界またぎ・収録外等のため自治体内人口は未集計"},"geometry":{"type":"Polygon","coordinates":[[[131.3875,32.88333333333333],[131.3875,32.8875],[131.39375,32.8875],[131.39375,32.88333333333334],[131.3875,32.88333333333333]]]}},{"type":"Feature","id":"44208:493123612","properties":{"id":"44208:493123612","meshCode":"493123612","cityCode":"44208","city":"竹田市","lat":32.8854167,"lon":131.396875,"areaKm2":0.2671211,"populated2020":false,"population2020":null,"populationNote":"境界またぎ・収録外等のため自治体内人口は未集計"},"geometry":{"type":"Polygon","coordinates":[[[131.39994003810713,32.88750000000001],[131.399779702,32.886120739000006],[131.399798042,32.885872963999994],[131.4,32.885461595],[131.4,32.88333333333333],[131.39375,32.88333333333334],[131.39375,32.8875],[131.39994003810713,32.88750000000001]]]}},{"type":"Feature","id":"44208:493123621","properties":{"id":"44208:493123621","meshCode":"493123621","cityCode":"44208","city":"竹田市","lat":32.884413,"lon":131.400262,"areaKm2":0.0112587,"populated2020":false,"population2020":null,"populationNote":"境界またぎ・収録外等のため自治体内人口は未集計"},"geometry":{"type":"Polygon","coordinates":[[[131.4,32.885461595],[131.400744708,32.88393241400001],[131.40081822286712,32.88333333333333],[131.4,32.88333333333333],[131.4,32.885461595]]]}},{"type":"Feature","id":"44208:493122603","properties":{"id":"44208:493122603","meshCode":"493122603","cityCode":"44208","city":"竹田市","lat":32.891309,"lon":131.2561183,"areaKm2":0.0022084,"populated2020":false,"population2020":null,"populationNote":"境界またぎ・収録外等のため自治体内人口は未集計"},"geometry":{"type":"Polygon","coordinates":[[[131.25625,32.890480817383455],[131.25614645899998,32.89095166700014],[131.2558264331549,32.891666666666666],[131.25625,32.891666666666666],[131.25625,32.890480817383455]]]}},{"type":"Feature","id":"44208:493122604","properties":{"id":"44208:493122604","meshCode":"493122604","cityCode":"44208","city":"竹田市","lat":32.8895833,"lon":131.259375,"areaKm2":0.2514654,"populated2020":true,"population2020":null,"populationNote":"境界またぎ・収録外等のため自治体内人口は未集計"},"geometry":{"type":"Polygon","coordinates":[[[131.25706757500018,32.88855223400009],[131.2562556160001,32.89045527900009],[131.25625,32.891666666666666],[131.2625,32.891666666666666],[131.2625,32.88750000000001],[131.25736601783794,32.8875],[131.25706757500018,32.88855223400009]]]}},{"type":"Feature","id":"44208:493122613","properties":{"id":"44208:493122613","meshCode":"493122613","cityCode":"44208","city":"竹田市","lat":32.8895833,"lon":131.265625,"areaKm2":0.2702366,"populated2020":false,"population2020":null,"populationNote":"境界またぎ・収録外等のため自治体内人口は未集計"},"geometry":{"type":"Polygon","coordinates":[[[131.2625,32.88750000000001],[131.2625,32.891666666666666],[131.26875,32.89166666666666],[131.26875,32.8875],[131.2625,32.88750000000001]]]}},{"type":"Feature","id":"44208:493122614","properties":{"id":"44208:493122614","meshCode":"493122614","cityCode":"44208","city":"竹田市","lat":32.8895833,"lon":131.271875,"areaKm2":0.2702366,"populated2020":false,"population2020":null,"populationNote":"境界またぎ・収録外等のため自治体内人口は未集計"},"geometry":{"type":"Polygon","coordinates":[[[131.26875,32.8875],[131.26875,32.89166666666666],[131.275,32.891666666666666],[131.275,32.887499999999996],[131.26875,32.8875]]]}},{"type":"Feature","id":"44208:493122623","properties":{"id":"44208:493122623","meshCode":"493122623","cityCode":"44208","city":"竹田市","lat":32.8895833,"lon":131.278125,"areaKm2":0.2702366,"populated2020":true,"population2020":5.0147,"populationNote":"2020年基準人口（国交省調整値）"},"geometry":{"type":"Polygon","coordinates":[[[131.275,32.887499999999996],[131.275,32.891666666666666],[131.28125,32.89166666666666],[131.28125,32.8875],[131.275,32.887499999999996]]]}},{"type":"Feature","id":"44208:493122624","properties":{"id":"44208:493122624","meshCode":"493122624","cityCode":"44208","city":"竹田市","lat":32.8895833,"lon":131.284375,"areaKm2":0.2702366,"populated2020":true,"population2020":4.0038,"populationNote":"2020年基準人口（国交省調整値）"},"geometry":{"type":"Polygon","coordinates":[[[131.28125,32.8875],[131.28125,32.89166666666666],[131.2875,32.891666666666666],[131.2875,32.8875],[131.28125,32.8875]]]}},{"type":"Feature","id":"44208:493122633","properties":{"id":"44208:493122633","meshCode":"493122633","cityCode":"44208","city":"竹田市","lat":32.8895833,"lon":131.290625,"areaKm2":0.2702366,"populated2020":false,"population2020":null,"populationNote":"境界またぎ・収録外等のため自治体内人口は未集計"},"geometry":{"type":"Polygon","coordinates":[[[131.2875,32.8875],[131.2875,32.891666666666666],[131.29375,32.891666666666666],[131.29375,32.8875],[131.2875,32.8875]]]}},{"type":"Feature","id":"44208:493122634","properties":{"id":"44208:493122634","meshCode":"493122634","cityCode":"44208","city":"竹田市","lat":32.8895833,"lon":131.296875,"areaKm2":0.2702366,"populated2020":true,"population2020":5.0106,"populationNote":"2020年基準人口（国交省調整値）"},"geometry":{"type":"Polygon","coordinates":[[[131.29375,32.8875],[131.29375,32.891666666666666],[131.30000000000004,32.891666666666666],[131.30000000000004,32.8875],[131.29375,32.8875]]]}},{"type":"Feature","id":"44208:493122643","properties":{"id":"44208:493122643","meshCode":"493122643","cityCode":"44208","city":"竹田市","lat":32.8895833,"lon":131.303125,"areaKm2":0.2702366,"populated2020":false,"population2020":null,"populationNote":"境界またぎ・収録外等のため自治体内人口は未集計"},"geometry":{"type":"Polygon","coordinates":[[[131.30000000000004,32.8875],[131.30000000000004,32.891666666666666],[131.30625,32.891666666666666],[131.30625,32.8875],[131.30000000000004,32.8875]]]}},{"type":"Feature","id":"44208:493122644","properties":{"id":"44208:493122644","meshCode":"493122644","cityCode":"44208","city":"竹田市","lat":32.8895833,"lon":131.309375,"areaKm2":0.2702366,"populated2020":false,"population2020":null,"populationNote":"境界またぎ・収録外等のため自治体内人口は未集計"},"geometry":{"type":"Polygon","coordinates":[[[131.30625,32.8875],[131.30625,32.891666666666666],[131.3125,32.89166666666667],[131.3125,32.8875],[131.30625,32.8875]]]}},{"type":"Feature","id":"44208:493122653","properties":{"id":"44208:493122653","meshCode":"493122653","cityCode":"44208","city":"竹田市","lat":32.8895833,"lon":131.315625,"areaKm2":0.2702366,"populated2020":false,"population2020":null,"populationNote":"境界またぎ・収録外等のため自治体内人口は未集計"},"geometry":{"type":"Polygon","coordinates":[[[131.3125,32.8875],[131.3125,32.89166666666667],[131.31875,32.891666666666666],[131.31875,32.8875],[131.3125,32.8875]]]}},{"type":"Feature","id":"44208:493122654","properties":{"id":"44208:493122654","meshCode":"493122654","cityCode":"44208","city":"竹田市","lat":32.8895833,"lon":131.321875,"areaKm2":0.2702366,"populated2020":false,"population2020":null,"populationNote":"境界またぎ・収録外等のため自治体内人口は未集計"},"geometry":{"type":"Polygon","coordinates":[[[131.31875,32.8875],[131.31875,32.891666666666666],[131.325,32.891666666666666],[131.325,32.8875],[131.31875,32.8875]]]}},{"type":"Feature","id":"44208:493122663","properties":{"id":"44208:493122663","meshCode":"493122663","cityCode":"44208","city":"竹田市","lat":32.8895833,"lon":131.328125,"areaKm2":0.2702366,"populated2020":true,"population2020":6.9944,"populationNote":"2020年基準人口（国交省調整値）"},"geometry":{"type":"Polygon","coordinates":[[[131.325,32.8875],[131.325,32.891666666666666],[131.33125,32.891666666666666],[131.33125,32.8875],[131.325,32.8875]]]}},{"type":"Feature","id":"44208:493122664","properties":{"id":"44208:493122664","meshCode":"493122664","cityCode":"44208","city":"竹田市","lat":32.8895833,"lon":131.334375,"areaKm2":0.2702366,"populated2020":false,"population2020":null,"populationNote":"境界またぎ・収録外等のため自治体内人口は未集計"},"geometry":{"type":"Polygon","coordinates":[[[131.33125,32.8875],[131.33125,32.891666666666666],[131.3375,32.89166666666667],[131.3375,32.88750000000001],[131.33125,32.8875]]]}},{"type":"Feature","id":"44208:493122673","properties":{"id":"44208:493122673","meshCode":"493122673","cityCode":"44208","city":"竹田市","lat":32.8895833,"lon":131.340625,"areaKm2":0.2702366,"populated2020":true,"population2020":8.0071,"populationNote":"2020年基準人口（国交省調整値）"},"geometry":{"type":"Polygon","coordinates":[[[131.3375,32.88750000000001],[131.3375,32.89166666666667],[131.34375,32.891666666666666],[131.34375,32.8875],[131.3375,32.88750000000001]]]}},{"type":"Feature","id":"44208:493122674","properties":{"id":"44208:493122674","meshCode":"493122674","cityCode":"44208","city":"竹田市","lat":32.8895833,"lon":131.346875,"areaKm2":0.2702366,"populated2020":true,"population2020":31.0035,"populationNote":"2020年基準人口（国交省調整値）"},"geometry":{"type":"Polygon","coordinates":[[[131.34375,32.8875],[131.34375,32.891666666666666],[131.35,32.891666666666666],[131.35,32.8875],[131.34375,32.8875]]]}},{"type":"Feature","id":"44208:493122683","properties":{"id":"44208:493122683","meshCode":"493122683","cityCode":"44208","city":"竹田市","lat":32.8895833,"lon":131.353125,"areaKm2":0.2702366,"populated2020":false,"population2020":null,"populationNote":"境界またぎ・収録外等のため自治体内人口は未集計"},"geometry":{"type":"Polygon","coordinates":[[[131.35,32.8875],[131.35,32.891666666666666],[131.35625000000002,32.89166666666666],[131.35625000000002,32.8875],[131.35,32.8875]]]}},{"type":"Feature","id":"44208:493122684","properties":{"id":"44208:493122684","meshCode":"493122684","cityCode":"44208","city":"竹田市","lat":32.8895833,"lon":131.359375,"areaKm2":0.2702366,"populated2020":true,"population2020":14.0092,"populationNote":"2020年基準人口（国交省調整値）"},"geometry":{"type":"Polygon","coordinates":[[[131.35625000000002,32.8875],[131.35625000000002,32.89166666666666],[131.3625,32.891666666666666],[131.3625,32.8875],[131.35625000000002,32.8875]]]}},{"type":"Feature","id":"44208:493122693","properties":{"id":"44208:493122693","meshCode":"493122693","cityCode":"44208","city":"竹田市","lat":32.8895833,"lon":131.365625,"areaKm2":0.2702366,"populated2020":false,"population2020":null,"populationNote":"境界またぎ・収録外等のため自治体内人口は未集計"},"geometry":{"type":"Polygon","coordinates":[[[131.3625,32.8875],[131.3625,32.891666666666666],[131.36875,32.891666666666666],[131.36875,32.8875],[131.3625,32.8875]]]}},{"type":"Feature","id":"44208:493122694","properties":{"id":"44208:493122694","meshCode":"493122694","cityCode":"44208","city":"竹田市","lat":32.8895833,"lon":131.371875,"areaKm2":0.2702366,"populated2020":false,"population2020":null,"populationNote":"境界またぎ・収録外等のため自治体内人口は未集計"},"geometry":{"type":"Polygon","coordinates":[[[131.36875,32.8875],[131.36875,32.891666666666666],[131.375,32.891666666666666],[131.375,32.887499999999996],[131.36875,32.8875]]]}},{"type":"Feature","id":"44208:493123603","properties":{"id":"44208:493123603","meshCode":"493123603","cityCode":"44208","city":"竹田市","lat":32.8895833,"lon":131.378125,"areaKm2":0.2702366,"populated2020":false,"population2020":null,"populationNote":"境界またぎ・収録外等のため自治体内人口は未集計"},"geometry":{"type":"Polygon","coordinates":[[[131.375,32.887499999999996],[131.375,32.891666666666666],[131.38125,32.891666666666666],[131.38125,32.8875],[131.375,32.887499999999996]]]}},{"type":"Feature","id":"44208:493123604","properties":{"id":"44208:493123604","meshCode":"493123604","cityCode":"44208","city":"竹田市","lat":32.8895833,"lon":131.384375,"areaKm2":0.2702366,"populated2020":false,"population2020":null,"populationNote":"境界またぎ・収録外等のため自治体内人口は未集計"},"geometry":{"type":"Polygon","coordinates":[[[131.38125,32.8875],[131.38125,32.891666666666666],[131.3875,32.891666666666666],[131.3875,32.8875],[131.38125,32.8875]]]}},{"type":"Feature","id":"44208:493123613","properties":{"id":"44208:493123613","meshCode":"493123613","cityCode":"44208","city":"竹田市","lat":32.8895833,"lon":131.390625,"areaKm2":0.2702366,"populated2020":false,"population2020":null,"populationNote":"境界またぎ・収録外等のため自治体内人口は未集計"},"geometry":{"type":"Polygon","coordinates":[[[131.3875,32.8875],[131.3875,32.891666666666666],[131.39375,32.89166666666667],[131.39375,32.8875],[131.3875,32.8875]]]}},{"type":"Feature","id":"44208:493123614","properties":{"id":"44208:493123614","meshCode":"493123614","cityCode":"44208","city":"竹田市","lat":32.8895833,"lon":131.396875,"areaKm2":0.26966,"populated2020":false,"population2020":null,"populationNote":"境界またぎ・収録外等のため自治体内人口は未集計"},"geometry":{"type":"Polygon","coordinates":[[[131.399786031,32.89166655900001],[131.4,32.891245604],[131.4,32.887720847],[131.39994003810713,32.88750000000001],[131.39375,32.8875],[131.39375,32.89166666666667],[131.399786031,32.89166655900001]]]}},{"type":"Feature","id":"44208:493123623","properties":{"id":"44208:493123623","meshCode":"493123623","cityCode":"44208","city":"竹田市","lat":32.889638,"lon":131.4001938,"areaKm2":0.0106503,"populated2020":false,"population2020":null,"populationNote":"境界またぎ・収録外等のため自治体内人口は未集計"},"geometry":{"type":"Polygon","coordinates":[[[131.4,32.891245604],[131.400321647,32.890492117],[131.400394981,32.889006838],[131.400221089,32.888406847],[131.400202763,32.88798434200001],[131.4,32.887720847],[131.4,32.891245604]]]}},{"type":"Feature","id":"44208:493122701","properties":{"id":"44208:493122701","meshCode":"493122701","cityCode":"44208","city":"竹田市","lat":32.8935271,"lon":131.2557491,"areaKm2":0.0527161,"populated2020":true,"population2020":null,"populationNote":"境界またぎ・収録外等のため自治体内人口は未集計"},"geometry":{"type":"Polygon","coordinates":[[[131.25582643300018,32.89166666699993],[131.2553528400001,32.89330165799992],[131.254887834,32.89424526099998],[131.2539222112555,32.89583333333334],[131.25625,32.89583333333333],[131.25625,32.891666666666666],[131.25582643300018,32.89166666699993]]]}},{"type":"Feature","id":"44208:493122702","properties":{"id":"44208:493122702","meshCode":"493122702","cityCode":"44208","city":"竹田市","lat":32.89375,"lon":131.259375,"areaKm2":0.2702241,"populated2020":false,"population2020":null,"populationNote":"境界またぎ・収録外等のため自治体内人口は未集計"},"geometry":{"type":"Polygon","coordinates":[[[131.25625,32.891666666666666],[131.25625,32.89583333333333],[131.2625,32.895833333333336],[131.2625,32.891666666666666],[131.25625,32.891666666666666]]]}},{"type":"Feature","id":"44208:493122711","properties":{"id":"44208:493122711","meshCode":"493122711","cityCode":"44208","city":"竹田市","lat":32.89375,"lon":131.265625,"areaKm2":0.2702241,"populated2020":false,"population2020":null,"populationNote":"境界またぎ・収録外等のため自治体内人口は未集計"},"geometry":{"type":"Polygon","coordinates":[[[131.2625,32.891666666666666],[131.2625,32.895833333333336],[131.26875,32.895833333333336],[131.26875,32.89166666666666],[131.2625,32.891666666666666]]]}},{"type":"Feature","id":"44208:493122712","properties":{"id":"44208:493122712","meshCode":"493122712","cityCode":"44208","city":"竹田市","lat":32.89375,"lon":131.271875,"areaKm2":0.2702241,"populated2020":false,"population2020":null,"populationNote":"境界またぎ・収録外等のため自治体内人口は未集計"},"geometry":{"type":"Polygon","coordinates":[[[131.26875,32.89166666666666],[131.26875,32.895833333333336],[131.275,32.895833333333336],[131.275,32.891666666666666],[131.26875,32.89166666666666]]]}},{"type":"Feature","id":"44208:493122721","properties":{"id":"44208:493122721","meshCode":"493122721","cityCode":"44208","city":"竹田市","lat":32.89375,"lon":131.278125,"areaKm2":0.2702241,"populated2020":false,"population2020":null,"populationNote":"境界またぎ・収録外等のため自治体内人口は未集計"},"geometry":{"type":"Polygon","coordinates":[[[131.275,32.891666666666666],[131.275,32.895833333333336],[131.28125,32.895833333333336],[131.28125,32.89166666666666],[131.275,32.891666666666666]]]}},{"type":"Feature","id":"44208:493122722","properties":{"id":"44208:493122722","meshCode":"493122722","cityCode":"44208","city":"竹田市","lat":32.89375,"lon":131.284375,"areaKm2":0.2702241,"populated2020":false,"population2020":null,"populationNote":"境界またぎ・収録外等のため自治体内人口は未集計"},"geometry":{"type":"Polygon","coordinates":[[[131.28125,32.89166666666666],[131.28125,32.895833333333336],[131.2875,32.895833333333336],[131.2875,32.891666666666666],[131.28125,32.89166666666666]]]}},{"type":"Feature","id":"44208:493122731","properties":{"id":"44208:493122731","meshCode":"493122731","cityCode":"44208","city":"竹田市","lat":32.89375,"lon":131.290625,"areaKm2":0.2702241,"populated2020":false,"population2020":null,"populationNote":"境界またぎ・収録外等のため自治体内人口は未集計"},"geometry":{"type":"Polygon","coordinates":[[[131.2875,32.891666666666666],[131.2875,32.895833333333336],[131.29375,32.895833333333336],[131.29375,32.891666666666666],[131.2875,32.891666666666666]]]}},{"type":"Feature","id":"44208:493122732","properties":{"id":"44208:493122732","meshCode":"493122732","cityCode":"44208","city":"竹田市","lat":32.89375,"lon":131.296875,"areaKm2":0.2702241,"populated2020":true,"population2020":1.9979,"populationNote":"2020年基準人口（国交省調整値）"},"geometry":{"type":"Polygon","coordinates":[[[131.29375,32.891666666666666],[131.29375,32.895833333333336],[131.30000000000004,32.895833333333336],[131.30000000000004,32.891666666666666],[131.29375,32.891666666666666]]]}},{"type":"Feature","id":"44208:493122741","properties":{"id":"44208:493122741","meshCode":"493122741","cityCode":"44208","city":"竹田市","lat":32.89375,"lon":131.303125,"areaKm2":0.2702241,"populated2020":false,"population2020":null,"populationNote":"境界またぎ・収録外等のため自治体内人口は未集計"},"geometry":{"type":"Polygon","coordinates":[[[131.30000000000004,32.891666666666666],[131.30000000000004,32.895833333333336],[131.30625,32.895833333333336],[131.30625,32.891666666666666],[131.30000000000004,32.891666666666666]]]}},{"type":"Feature","id":"44208:493122742","properties":{"id":"44208:493122742","meshCode":"493122742","cityCode":"44208","city":"竹田市","lat":32.89375,"lon":131.309375,"areaKm2":0.2702241,"populated2020":false,"population2020":null,"populationNote":"境界またぎ・収録外等のため自治体内人口は未集計"},"geometry":{"type":"Polygon","coordinates":[[[131.30625,32.891666666666666],[131.30625,32.895833333333336],[131.3125,32.895833333333336],[131.3125,32.89166666666667],[131.30625,32.891666666666666]]]}},{"type":"Feature","id":"44208:493122751","properties":{"id":"44208:493122751","meshCode":"493122751","cityCode":"44208","city":"竹田市","lat":32.89375,"lon":131.315625,"areaKm2":0.2702241,"populated2020":true,"population2020":2.0005,"populationNote":"2020年基準人口（国交省調整値）"},"geometry":{"type":"Polygon","coordinates":[[[131.3125,32.89166666666667],[131.3125,32.895833333333336],[131.31875,32.895833333333336],[131.31875,32.891666666666666],[131.3125,32.89166666666667]]]}},{"type":"Feature","id":"44208:493122752","properties":{"id":"44208:493122752","meshCode":"493122752","cityCode":"44208","city":"竹田市","lat":32.89375,"lon":131.321875,"areaKm2":0.2702241,"populated2020":true,"population2020":18.0025,"populationNote":"2020年基準人口（国交省調整値）"},"geometry":{"type":"Polygon","coordinates":[[[131.31875,32.891666666666666],[131.31875,32.895833333333336],[131.325,32.895833333333336],[131.325,32.891666666666666],[131.31875,32.891666666666666]]]}},{"type":"Feature","id":"44208:493122761","properties":{"id":"44208:493122761","meshCode":"493122761","cityCode":"44208","city":"竹田市","lat":32.89375,"lon":131.328125,"areaKm2":0.2702241,"populated2020":true,"population2020":38.0696,"populationNote":"2020年基準人口（国交省調整値）"},"geometry":{"type":"Polygon","coordinates":[[[131.325,32.891666666666666],[131.325,32.895833333333336],[131.33125,32.895833333333336],[131.33125,32.891666666666666],[131.325,32.891666666666666]]]}},{"type":"Feature","id":"44208:493122762","properties":{"id":"44208:493122762","meshCode":"493122762","cityCode":"44208","city":"竹田市","lat":32.89375,"lon":131.334375,"areaKm2":0.2702241,"populated2020":false,"population2020":null,"populationNote":"境界またぎ・収録外等のため自治体内人口は未集計"},"geometry":{"type":"Polygon","coordinates":[[[131.33125,32.891666666666666],[131.33125,32.895833333333336],[131.3375,32.89583333333334],[131.3375,32.89166666666667],[131.33125,32.891666666666666]]]}},{"type":"Feature","id":"44208:493122771","properties":{"id":"44208:493122771","meshCode":"493122771","cityCode":"44208","city":"竹田市","lat":32.89375,"lon":131.340625,"areaKm2":0.2702241,"populated2020":false,"population2020":null,"populationNote":"境界またぎ・収録外等のため自治体内人口は未集計"},"geometry":{"type":"Polygon","coordinates":[[[131.3375,32.89166666666667],[131.3375,32.89583333333334],[131.34375,32.895833333333336],[131.34375,32.891666666666666],[131.3375,32.89166666666667]]]}},{"type":"Feature","id":"44208:493122772","properties":{"id":"44208:493122772","meshCode":"493122772","cityCode":"44208","city":"竹田市","lat":32.89375,"lon":131.346875,"areaKm2":0.2702241,"populated2020":true,"population2020":2.001,"populationNote":"2020年基準人口（国交省調整値）"},"geometry":{"type":"Polygon","coordinates":[[[131.34375,32.891666666666666],[131.34375,32.895833333333336],[131.35,32.89583333333334],[131.35,32.891666666666666],[131.34375,32.891666666666666]]]}},{"type":"Feature","id":"44208:493122781","properties":{"id":"44208:493122781","meshCode":"493122781","cityCode":"44208","city":"竹田市","lat":32.89375,"lon":131.353125,"areaKm2":0.2702241,"populated2020":false,"population2020":null,"populationNote":"境界またぎ・収録外等のため自治体内人口は未集計"},"geometry":{"type":"Polygon","coordinates":[[[131.35,32.891666666666666],[131.35,32.89583333333334],[131.35625000000002,32.895833333333336],[131.35625000000002,32.89166666666666],[131.35,32.891666666666666]]]}},{"type":"Feature","id":"44208:493122782","properties":{"id":"44208:493122782","meshCode":"493122782","cityCode":"44208","city":"竹田市","lat":32.89375,"lon":131.359375,"areaKm2":0.2702241,"populated2020":true,"population2020":5.007,"populationNote":"2020年基準人口（国交省調整値）"},"geometry":{"type":"Polygon","coordinates":[[[131.35625000000002,32.89166666666666],[131.35625000000002,32.895833333333336],[131.3625,32.89583333333334],[131.3625,32.891666666666666],[131.35625000000002,32.89166666666666]]]}},{"type":"Feature","id":"44208:493122791","properties":{"id":"44208:493122791","meshCode":"493122791","cityCode":"44208","city":"竹田市","lat":32.89375,"lon":131.365625,"areaKm2":0.2702241,"populated2020":true,"population2020":1.0017,"populationNote":"2020年基準人口（国交省調整値）"},"geometry":{"type":"Polygon","coordinates":[[[131.3625,32.891666666666666],[131.3625,32.89583333333334],[131.36875,32.895833333333336],[131.36875,32.891666666666666],[131.3625,32.891666666666666]]]}},{"type":"Feature","id":"44208:493122792","properties":{"id":"44208:493122792","meshCode":"493122792","cityCode":"44208","city":"竹田市","lat":32.89375,"lon":131.371875,"areaKm2":0.2702241,"populated2020":false,"population2020":null,"populationNote":"境界またぎ・収録外等のため自治体内人口は未集計"},"geometry":{"type":"Polygon","coordinates":[[[131.36875,32.891666666666666],[131.36875,32.895833333333336],[131.375,32.89583333333333],[131.375,32.891666666666666],[131.36875,32.891666666666666]]]}},{"type":"Feature","id":"44208:493123701","properties":{"id":"44208:493123701","meshCode":"493123701","cityCode":"44208","city":"竹田市","lat":32.89375,"lon":131.378125,"areaKm2":0.2702241,"populated2020":true,"population2020":9.9968,"populationNote":"2020年基準人口（国交省調整値）"},"geometry":{"type":"Polygon","coordinates":[[[131.375,32.891666666666666],[131.375,32.89583333333333],[131.38125,32.89583333333334],[131.38125,32.891666666666666],[131.375,32.891666666666666]]]}},{"type":"Feature","id":"44208:493123702","properties":{"id":"44208:493123702","meshCode":"493123702","cityCode":"44208","city":"竹田市","lat":32.89375,"lon":131.384375,"areaKm2":0.2702241,"populated2020":true,"population2020":7.0097,"populationNote":"2020年基準人口（国交省調整値）"},"geometry":{"type":"Polygon","coordinates":[[[131.38125,32.891666666666666],[131.38125,32.89583333333334],[131.3875,32.895833333333336],[131.3875,32.891666666666666],[131.38125,32.891666666666666]]]}},{"type":"Feature","id":"44208:493123711","properties":{"id":"44208:493123711","meshCode":"493123711","cityCode":"44208","city":"竹田市","lat":32.89375,"lon":131.390625,"areaKm2":0.2702241,"populated2020":false,"population2020":null,"populationNote":"境界またぎ・収録外等のため自治体内人口は未集計"},"geometry":{"type":"Polygon","coordinates":[[[131.3875,32.891666666666666],[131.3875,32.895833333333336],[131.39375,32.895833333333336],[131.39375,32.89166666666667],[131.3875,32.891666666666666]]]}},{"type":"Feature","id":"44208:493123712","properties":{"id":"44208:493123712","meshCode":"493123712","cityCode":"44208","city":"竹田市","lat":32.89375,"lon":131.396875,"areaKm2":0.2218151,"populated2020":false,"population2020":null,"populationNote":"境界またぎ・収録外等のため自治体内人口は未集計"},"geometry":{"type":"Polygon","coordinates":[[[131.39810666908286,32.89583333333334],[131.39834524,32.89507572099999],[131.398198301,32.894405721000005],[131.39825358,32.89424572099999],[131.399485811,32.892978495],[131.399651362,32.892003224999996],[131.39978599212037,32.89166666666666],[131.39375,32.89166666666667],[131.39375,32.895833333333336],[131.39810666908286,32.89583333333334]]]}},{"type":"Feature","id":"44208:493122703","properties":{"id":"44208:493122703","meshCode":"493122703","cityCode":"44208","city":"竹田市","lat":32.8978976,"lon":131.2547443,"areaKm2":0.1141912,"populated2020":false,"population2020":null,"populationNote":"境界またぎ・収録外等のため自治体内人口は未集計"},"geometry":{"type":"Polygon","coordinates":[[[131.2535031,32.896491360000084],[131.25340282699995,32.89678414399999],[131.25340282699995,32.89740080200001],[131.25322032400004,32.898039973000046],[131.25353922199997,32.89842191000013],[131.25354839200008,32.89869163100013],[131.25380394299998,32.89900746800009],[131.2542688850001,32.9],[131.25625,32.9],[131.25625,32.89583333333333],[131.2539222112555,32.89583333333334],[131.2535031,32.896491360000084]]]}},{"type":"Feature","id":"44208:493122704","properties":{"id":"44208:493122704","meshCode":"493122704","cityCode":"44208","city":"竹田市","lat":32.8979167,"lon":131.259375,"areaKm2":0.2702116,"populated2020":true,"population2020":8.009,"populationNote":"2020年基準人口（国交省調整値）"},"geometry":{"type":"Polygon","coordinates":[[[131.25625,32.89583333333333],[131.25625,32.9],[131.2625,32.9],[131.2625,32.895833333333336],[131.25625,32.89583333333333]]]}},{"type":"Feature","id":"44208:493122713","properties":{"id":"44208:493122713","meshCode":"493122713","cityCode":"44208","city":"竹田市","lat":32.8979167,"lon":131.265625,"areaKm2":0.2702116,"populated2020":true,"population2020":2.9908,"populationNote":"2020年基準人口（国交省調整値）"},"geometry":{"type":"Polygon","coordinates":[[[131.2625,32.895833333333336],[131.2625,32.9],[131.26875,32.900000000000006],[131.26875,32.895833333333336],[131.2625,32.895833333333336]]]}},{"type":"Feature","id":"44208:493122714","properties":{"id":"44208:493122714","meshCode":"493122714","cityCode":"44208","city":"竹田市","lat":32.8979167,"lon":131.271875,"areaKm2":0.2702116,"populated2020":false,"population2020":null,"populationNote":"境界またぎ・収録外等のため自治体内人口は未集計"},"geometry":{"type":"Polygon","coordinates":[[[131.26875,32.895833333333336],[131.26875,32.900000000000006],[131.275,32.9],[131.275,32.895833333333336],[131.26875,32.895833333333336]]]}},{"type":"Feature","id":"44208:493122723","properties":{"id":"44208:493122723","meshCode":"493122723","cityCode":"44208","city":"竹田市","lat":32.8979167,"lon":131.278125,"areaKm2":0.2702116,"populated2020":true,"population2020":3.0031,"populationNote":"2020年基準人口（国交省調整値）"},"geometry":{"type":"Polygon","coordinates":[[[131.275,32.895833333333336],[131.275,32.9],[131.28125,32.9],[131.28125,32.895833333333336],[131.275,32.895833333333336]]]}},{"type":"Feature","id":"44208:493122724","properties":{"id":"44208:493122724","meshCode":"493122724","cityCode":"44208","city":"竹田市","lat":32.8979167,"lon":131.284375,"areaKm2":0.2702116,"populated2020":false,"population2020":null,"populationNote":"境界またぎ・収録外等のため自治体内人口は未集計"},"geometry":{"type":"Polygon","coordinates":[[[131.28125,32.895833333333336],[131.28125,32.9],[131.2875,32.9],[131.2875,32.895833333333336],[131.28125,32.895833333333336]]]}},{"type":"Feature","id":"44208:493122733","properties":{"id":"44208:493122733","meshCode":"493122733","cityCode":"44208","city":"竹田市","lat":32.8979167,"lon":131.290625,"areaKm2":0.2702116,"populated2020":true,"population2020":13.033,"populationNote":"2020年基準人口（国交省調整値）"},"geometry":{"type":"Polygon","coordinates":[[[131.2875,32.895833333333336],[131.2875,32.9],[131.29375,32.900000000000006],[131.29375,32.895833333333336],[131.2875,32.895833333333336]]]}},{"type":"Feature","id":"44208:493122734","properties":{"id":"44208:493122734","meshCode":"493122734","cityCode":"44208","city":"竹田市","lat":32.8979167,"lon":131.296875,"areaKm2":0.2702116,"populated2020":false,"population2020":null,"populationNote":"境界またぎ・収録外等のため自治体内人口は未集計"},"geometry":{"type":"Polygon","coordinates":[[[131.29375,32.895833333333336],[131.29375,32.900000000000006],[131.30000000000004,32.900000000000006],[131.30000000000004,32.895833333333336],[131.29375,32.895833333333336]]]}},{"type":"Feature","id":"44208:493122743","properties":{"id":"44208:493122743","meshCode":"493122743","cityCode":"44208","city":"竹田市","lat":32.8979167,"lon":131.303125,"areaKm2":0.2702116,"populated2020":false,"population2020":null,"populationNote":"境界またぎ・収録外等のため自治体内人口は未集計"},"geometry":{"type":"Polygon","coordinates":[[[131.30000000000004,32.895833333333336],[131.30000000000004,32.900000000000006],[131.30625,32.9],[131.30625,32.895833333333336],[131.30000000000004,32.895833333333336]]]}},{"type":"Feature","id":"44208:493122744","properties":{"id":"44208:493122744","meshCode":"493122744","cityCode":"44208","city":"竹田市","lat":32.8979167,"lon":131.309375,"areaKm2":0.2702116,"populated2020":false,"population2020":null,"populationNote":"境界またぎ・収録外等のため自治体内人口は未集計"},"geometry":{"type":"Polygon","coordinates":[[[131.30625,32.895833333333336],[131.30625,32.9],[131.3125,32.9],[131.3125,32.895833333333336],[131.30625,32.895833333333336]]]}},{"type":"Feature","id":"44208:493122753","properties":{"id":"44208:493122753","meshCode":"493122753","cityCode":"44208","city":"竹田市","lat":32.8979167,"lon":131.315625,"areaKm2":0.2702116,"populated2020":false,"population2020":null,"populationNote":"境界またぎ・収録外等のため自治体内人口は未集計"},"geometry":{"type":"Polygon","coordinates":[[[131.3125,32.895833333333336],[131.3125,32.9],[131.31875,32.9],[131.31875,32.895833333333336],[131.3125,32.895833333333336]]]}},{"type":"Feature","id":"44208:493122754","properties":{"id":"44208:493122754","meshCode":"493122754","cityCode":"44208","city":"竹田市","lat":32.8979167,"lon":131.321875,"areaKm2":0.2702116,"populated2020":true,"population2020":9.9959,"populationNote":"2020年基準人口（国交省調整値）"},"geometry":{"type":"Polygon","coordinates":[[[131.31875,32.895833333333336],[131.31875,32.9],[131.325,32.9],[131.325,32.895833333333336],[131.31875,32.895833333333336]]]}},{"type":"Feature","id":"44208:493122763","properties":{"id":"44208:493122763","meshCode":"493122763","cityCode":"44208","city":"竹田市","lat":32.8979167,"lon":131.328125,"areaKm2":0.2702116,"populated2020":true,"population2020":15.0361,"populationNote":"2020年基準人口（国交省調整値）"},"geometry":{"type":"Polygon","coordinates":[[[131.325,32.895833333333336],[131.325,32.9],[131.33125,32.9],[131.33125,32.895833333333336],[131.325,32.895833333333336]]]}},{"type":"Feature","id":"44208:493122764","properties":{"id":"44208:493122764","meshCode":"493122764","cityCode":"44208","city":"竹田市","lat":32.8979167,"lon":131.334375,"areaKm2":0.2702116,"populated2020":true,"population2020":11.0094,"populationNote":"2020年基準人口（国交省調整値）"},"geometry":{"type":"Polygon","coordinates":[[[131.33125,32.895833333333336],[131.33125,32.9],[131.3375,32.9],[131.3375,32.89583333333334],[131.33125,32.895833333333336]]]}},{"type":"Feature","id":"44208:493122773","properties":{"id":"44208:493122773","meshCode":"493122773","cityCode":"44208","city":"竹田市","lat":32.8979167,"lon":131.340625,"areaKm2":0.2702116,"populated2020":true,"population2020":6.0035,"populationNote":"2020年基準人口（国交省調整値）"},"geometry":{"type":"Polygon","coordinates":[[[131.3375,32.89583333333334],[131.3375,32.9],[131.34375,32.900000000000006],[131.34375,32.895833333333336],[131.3375,32.89583333333334]]]}},{"type":"Feature","id":"44208:493122774","properties":{"id":"44208:493122774","meshCode":"493122774","cityCode":"44208","city":"竹田市","lat":32.8979167,"lon":131.346875,"areaKm2":0.2702116,"populated2020":false,"population2020":null,"populationNote":"境界またぎ・収録外等のため自治体内人口は未集計"},"geometry":{"type":"Polygon","coordinates":[[[131.34375,32.895833333333336],[131.34375,32.900000000000006],[131.35,32.9],[131.35,32.89583333333334],[131.34375,32.895833333333336]]]}},{"type":"Feature","id":"44208:493122783","properties":{"id":"44208:493122783","meshCode":"493122783","cityCode":"44208","city":"竹田市","lat":32.8979167,"lon":131.353125,"areaKm2":0.2702116,"populated2020":false,"population2020":null,"populationNote":"境界またぎ・収録外等のため自治体内人口は未集計"},"geometry":{"type":"Polygon","coordinates":[[[131.35,32.89583333333334],[131.35,32.9],[131.35625000000002,32.9],[131.35625000000002,32.895833333333336],[131.35,32.89583333333334]]]}},{"type":"Feature","id":"44208:493122784","properties":{"id":"44208:493122784","meshCode":"493122784","cityCode":"44208","city":"竹田市","lat":32.8979167,"lon":131.359375,"areaKm2":0.2702116,"populated2020":true,"population2020":8.0305,"populationNote":"2020年基準人口（国交省調整値）"},"geometry":{"type":"Polygon","coordinates":[[[131.35625000000002,32.895833333333336],[131.35625000000002,32.9],[131.3625,32.9],[131.3625,32.89583333333334],[131.35625000000002,32.895833333333336]]]}},{"type":"Feature","id":"44208:493122793","properties":{"id":"44208:493122793","meshCode":"493122793","cityCode":"44208","city":"竹田市","lat":32.8979167,"lon":131.365625,"areaKm2":0.2702116,"populated2020":true,"population2020":9.0208,"populationNote":"2020年基準人口（国交省調整値）"},"geometry":{"type":"Polygon","coordinates":[[[131.3625,32.89583333333334],[131.3625,32.9],[131.36875,32.9],[131.36875,32.895833333333336],[131.3625,32.89583333333334]]]}},{"type":"Feature","id":"44208:493122794","properties":{"id":"44208:493122794","meshCode":"493122794","cityCode":"44208","city":"竹田市","lat":32.8979167,"lon":131.371875,"areaKm2":0.2702116,"populated2020":false,"population2020":null,"populationNote":"境界またぎ・収録外等のため自治体内人口は未集計"},"geometry":{"type":"Polygon","coordinates":[[[131.36875,32.895833333333336],[131.36875,32.9],[131.375,32.9],[131.375,32.89583333333333],[131.36875,32.895833333333336]]]}},{"type":"Feature","id":"44208:493123703","properties":{"id":"44208:493123703","meshCode":"493123703","cityCode":"44208","city":"竹田市","lat":32.8979167,"lon":131.378125,"areaKm2":0.2702116,"populated2020":true,"population2020":15.0287,"populationNote":"2020年基準人口（国交省調整値）"},"geometry":{"type":"Polygon","coordinates":[[[131.375,32.89583333333333],[131.375,32.9],[131.38125,32.9],[131.38125,32.89583333333334],[131.375,32.89583333333333]]]}},{"type":"Feature","id":"44208:493123704","properties":{"id":"44208:493123704","meshCode":"493123704","cityCode":"44208","city":"竹田市","lat":32.8979167,"lon":131.384375,"areaKm2":0.2702116,"populated2020":true,"population2020":37.0444,"populationNote":"2020年基準人口（国交省調整値）"},"geometry":{"type":"Polygon","coordinates":[[[131.38125,32.89583333333334],[131.38125,32.9],[131.3875,32.9],[131.3875,32.895833333333336],[131.38125,32.89583333333334]]]}},{"type":"Feature","id":"44208:493123713","properties":{"id":"44208:493123713","meshCode":"493123713","cityCode":"44208","city":"竹田市","lat":32.8979167,"lon":131.390625,"areaKm2":0.2702116,"populated2020":true,"population2020":11.0071,"populationNote":"2020年基準人口（国交省調整値）"},"geometry":{"type":"Polygon","coordinates":[[[131.3875,32.895833333333336],[131.3875,32.9],[131.39375,32.9],[131.39375,32.895833333333336],[131.3875,32.895833333333336]]]}},{"type":"Feature","id":"44208:493123714","properties":{"id":"44208:493123714","meshCode":"493123714","cityCode":"44208","city":"竹田市","lat":32.8979167,"lon":131.396875,"areaKm2":0.2243453,"populated2020":false,"population2020":null,"populationNote":"境界またぎ・収録外等のため自治体内人口は未集計"},"geometry":{"type":"Polygon","coordinates":[[[131.39853591400004,32.899999874],[131.399007471,32.898892928],[131.399485811,32.898295991],[131.399541089,32.898063207],[131.399338586,32.897480431999995],[131.398897198,32.89682516199999],[131.39814273700003,32.896169883],[131.39810666908286,32.89583333333334],[131.39375,32.895833333333336],[131.39375,32.9],[131.39853591400004,32.899999874]]]}},{"type":"Feature","id":"44208:493122801","properties":{"id":"44208:493122801","meshCode":"493122801","cityCode":"44208","city":"竹田市","lat":32.9021029,"lon":131.2553576,"areaKm2":0.0801829,"populated2020":false,"population2020":null,"populationNote":"境界またぎ・収録外等のため自治体内人口は未集計"},"geometry":{"type":"Polygon","coordinates":[[[131.25439673200003,32.90018663100005],[131.2543695070001,32.9007544050001],[131.25454285299998,32.901286072000126],[131.25432368400004,32.90171745900005],[131.25451534399997,32.902210793],[131.25430590099995,32.903169676],[131.25436468138423,32.90416666666667],[131.25625,32.90416666666667],[131.25625,32.9],[131.2542688850001,32.9],[131.25439673200003,32.90018663100005]]]}},{"type":"Feature","id":"44208:493122802","properties":{"id":"44208:493122802","meshCode":"493122802","cityCode":"44208","city":"竹田市","lat":32.9020833,"lon":131.259375,"areaKm2":0.2701992,"populated2020":false,"population2020":null,"populationNote":"境界またぎ・収録外等のため自治体内人口は未集計"},"geometry":{"type":"Polygon","coordinates":[[[131.25625,32.9],[131.25625,32.90416666666667],[131.2625,32.904166666666676],[131.2625,32.9],[131.25625,32.9]]]}},{"type":"Feature","id":"44208:493122811","properties":{"id":"44208:493122811","meshCode":"493122811","cityCode":"44208","city":"竹田市","lat":32.9020833,"lon":131.265625,"areaKm2":0.2701992,"populated2020":false,"population2020":null,"populationNote":"境界またぎ・収録外等のため自治体内人口は未集計"},"geometry":{"type":"Polygon","coordinates":[[[131.2625,32.9],[131.2625,32.904166666666676],[131.26875,32.904166666666676],[131.26875,32.900000000000006],[131.2625,32.9]]]}},{"type":"Feature","id":"44208:493122812","properties":{"id":"44208:493122812","meshCode":"493122812","cityCode":"44208","city":"竹田市","lat":32.9020833,"lon":131.271875,"areaKm2":0.2701992,"populated2020":true,"population2020":31.0227,"populationNote":"2020年基準人口（国交省調整値）"},"geometry":{"type":"Polygon","coordinates":[[[131.26875,32.900000000000006],[131.26875,32.904166666666676],[131.275,32.90416666666667],[131.275,32.9],[131.26875,32.900000000000006]]]}},{"type":"Feature","id":"44208:493122821","properties":{"id":"44208:493122821","meshCode":"493122821","cityCode":"44208","city":"竹田市","lat":32.9020833,"lon":131.278125,"areaKm2":0.2701992,"populated2020":true,"population2020":18.0195,"populationNote":"2020年基準人口（国交省調整値）"},"geometry":{"type":"Polygon","coordinates":[[[131.275,32.9],[131.275,32.90416666666667],[131.28125,32.90416666666667],[131.28125,32.9],[131.275,32.9]]]}},{"type":"Feature","id":"44208:493122822","properties":{"id":"44208:493122822","meshCode":"493122822","cityCode":"44208","city":"竹田市","lat":32.9020833,"lon":131.284375,"areaKm2":0.2701992,"populated2020":false,"population2020":null,"populationNote":"境界またぎ・収録外等のため自治体内人口は未集計"},"geometry":{"type":"Polygon","coordinates":[[[131.28125,32.9],[131.28125,32.90416666666667],[131.2875,32.90416666666667],[131.2875,32.9],[131.28125,32.9]]]}},{"type":"Feature","id":"44208:493122831","properties":{"id":"44208:493122831","meshCode":"493122831","cityCode":"44208","city":"竹田市","lat":32.9020833,"lon":131.290625,"areaKm2":0.2701992,"populated2020":false,"population2020":null,"populationNote":"境界またぎ・収録外等のため自治体内人口は未集計"},"geometry":{"type":"Polygon","coordinates":[[[131.2875,32.9],[131.2875,32.90416666666667],[131.29375,32.904166666666676],[131.29375,32.900000000000006],[131.2875,32.9]]]}},{"type":"Feature","id":"44208:493122832","properties":{"id":"44208:493122832","meshCode":"493122832","cityCode":"44208","city":"竹田市","lat":32.9020833,"lon":131.296875,"areaKm2":0.2701992,"populated2020":true,"population2020":9.0264,"populationNote":"2020年基準人口（国交省調整値）"},"geometry":{"type":"Polygon","coordinates":[[[131.29375,32.900000000000006],[131.29375,32.904166666666676],[131.30000000000004,32.904166666666676],[131.30000000000004,32.900000000000006],[131.29375,32.900000000000006]]]}},{"type":"Feature","id":"44208:493122841","properties":{"id":"44208:493122841","meshCode":"493122841","cityCode":"44208","city":"竹田市","lat":32.9020833,"lon":131.303125,"areaKm2":0.2701992,"populated2020":true,"population2020":49.0654,"populationNote":"2020年基準人口（国交省調整値）"},"geometry":{"type":"Polygon","coordinates":[[[131.30000000000004,32.900000000000006],[131.30000000000004,32.904166666666676],[131.30625,32.90416666666667],[131.30625,32.9],[131.30000000000004,32.900000000000006]]]}},{"type":"Feature","id":"44208:493122842","properties":{"id":"44208:493122842","meshCode":"493122842","cityCode":"44208","city":"竹田市","lat":32.9020833,"lon":131.309375,"areaKm2":0.2701992,"populated2020":true,"population2020":13.0198,"populationNote":"2020年基準人口（国交省調整値）"},"geometry":{"type":"Polygon","coordinates":[[[131.30625,32.9],[131.30625,32.90416666666667],[131.3125,32.90416666666667],[131.3125,32.9],[131.30625,32.9]]]}},{"type":"Feature","id":"44208:493122851","properties":{"id":"44208:493122851","meshCode":"493122851","cityCode":"44208","city":"竹田市","lat":32.9020833,"lon":131.315625,"areaKm2":0.2701992,"populated2020":false,"population2020":null,"populationNote":"境界またぎ・収録外等のため自治体内人口は未集計"},"geometry":{"type":"Polygon","coordinates":[[[131.3125,32.9],[131.3125,32.90416666666667],[131.31875,32.904166666666676],[131.31875,32.9],[131.3125,32.9]]]}},{"type":"Feature","id":"44208:493122852","properties":{"id":"44208:493122852","meshCode":"493122852","cityCode":"44208","city":"竹田市","lat":32.9020833,"lon":131.321875,"areaKm2":0.2701992,"populated2020":false,"population2020":null,"populationNote":"境界またぎ・収録外等のため自治体内人口は未集計"},"geometry":{"type":"Polygon","coordinates":[[[131.31875,32.9],[131.31875,32.904166666666676],[131.325,32.90416666666667],[131.325,32.9],[131.31875,32.9]]]}},{"type":"Feature","id":"44208:493122861","properties":{"id":"44208:493122861","meshCode":"493122861","cityCode":"44208","city":"竹田市","lat":32.9020833,"lon":131.328125,"areaKm2":0.2701992,"populated2020":false,"population2020":null,"populationNote":"境界またぎ・収録外等のため自治体内人口は未集計"},"geometry":{"type":"Polygon","coordinates":[[[131.325,32.9],[131.325,32.90416666666667],[131.33125,32.90416666666667],[131.33125,32.9],[131.325,32.9]]]}},{"type":"Feature","id":"44208:493122862","properties":{"id":"44208:493122862","meshCode":"493122862","cityCode":"44208","city":"竹田市","lat":32.9020833,"lon":131.334375,"areaKm2":0.2701992,"populated2020":true,"population2020":20.0155,"populationNote":"2020年基準人口（国交省調整値）"},"geometry":{"type":"Polygon","coordinates":[[[131.33125,32.9],[131.33125,32.90416666666667],[131.3375,32.904166666666676],[131.3375,32.9],[131.33125,32.9]]]}},{"type":"Feature","id":"44208:493122871","properties":{"id":"44208:493122871","meshCode":"493122871","cityCode":"44208","city":"竹田市","lat":32.9020833,"lon":131.340625,"areaKm2":0.2701992,"populated2020":false,"population2020":null,"populationNote":"境界またぎ・収録外等のため自治体内人口は未集計"},"geometry":{"type":"Polygon","coordinates":[[[131.3375,32.9],[131.3375,32.904166666666676],[131.34375,32.90416666666667],[131.34375,32.900000000000006],[131.3375,32.9]]]}},{"type":"Feature","id":"44208:493122872","properties":{"id":"44208:493122872","meshCode":"493122872","cityCode":"44208","city":"竹田市","lat":32.9020833,"lon":131.346875,"areaKm2":0.2701992,"populated2020":true,"population2020":4.007,"populationNote":"2020年基準人口（国交省調整値）"},"geometry":{"type":"Polygon","coordinates":[[[131.34375,32.900000000000006],[131.34375,32.90416666666667],[131.35,32.90416666666667],[131.35,32.9],[131.34375,32.900000000000006]]]}},{"type":"Feature","id":"44208:493122881","properties":{"id":"44208:493122881","meshCode":"493122881","cityCode":"44208","city":"竹田市","lat":32.9020833,"lon":131.353125,"areaKm2":0.2701992,"populated2020":false,"population2020":null,"populationNote":"境界またぎ・収録外等のため自治体内人口は未集計"},"geometry":{"type":"Polygon","coordinates":[[[131.35,32.9],[131.35,32.90416666666667],[131.35625000000002,32.90416666666667],[131.35625000000002,32.9],[131.35,32.9]]]}},{"type":"Feature","id":"44208:493122882","properties":{"id":"44208:493122882","meshCode":"493122882","cityCode":"44208","city":"竹田市","lat":32.9020833,"lon":131.359375,"areaKm2":0.2701992,"populated2020":false,"population2020":null,"populationNote":"境界またぎ・収録外等のため自治体内人口は未集計"},"geometry":{"type":"Polygon","coordinates":[[[131.35625000000002,32.9],[131.35625000000002,32.90416666666667],[131.3625,32.90416666666667],[131.3625,32.9],[131.35625000000002,32.9]]]}},{"type":"Feature","id":"44208:493122891","properties":{"id":"44208:493122891","meshCode":"493122891","cityCode":"44208","city":"竹田市","lat":32.9020833,"lon":131.365625,"areaKm2":0.2701992,"populated2020":true,"population2020":7.0136,"populationNote":"2020年基準人口（国交省調整値）"},"geometry":{"type":"Polygon","coordinates":[[[131.3625,32.9],[131.3625,32.90416666666667],[131.36875,32.90416666666667],[131.36875,32.9],[131.3625,32.9]]]}},{"type":"Feature","id":"44208:493122892","properties":{"id":"44208:493122892","meshCode":"493122892","cityCode":"44208","city":"竹田市","lat":32.9020833,"lon":131.371875,"areaKm2":0.2701992,"populated2020":true,"population2020":5.0121,"populationNote":"2020年基準人口（国交省調整値）"},"geometry":{"type":"Polygon","coordinates":[[[131.36875,32.9],[131.36875,32.90416666666667],[131.375,32.90416666666666],[131.375,32.9],[131.36875,32.9]]]}},{"type":"Feature","id":"44208:493123801","properties":{"id":"44208:493123801","meshCode":"493123801","cityCode":"44208","city":"竹田市","lat":32.9020833,"lon":131.378125,"areaKm2":0.2701992,"populated2020":false,"population2020":null,"populationNote":"境界またぎ・収録外等のため自治体内人口は未集計"},"geometry":{"type":"Polygon","coordinates":[[[131.375,32.9],[131.375,32.90416666666666],[131.38125,32.904166666666676],[131.38125,32.9],[131.375,32.9]]]}},{"type":"Feature","id":"44208:493123802","properties":{"id":"44208:493123802","meshCode":"493123802","cityCode":"44208","city":"竹田市","lat":32.9020833,"lon":131.384375,"areaKm2":0.2701992,"populated2020":false,"population2020":null,"populationNote":"境界またぎ・収録外等のため自治体内人口は未集計"},"geometry":{"type":"Polygon","coordinates":[[[131.38125,32.9],[131.38125,32.904166666666676],[131.3875,32.90416666666667],[131.3875,32.9],[131.38125,32.9]]]}},{"type":"Feature","id":"44208:493123811","properties":{"id":"44208:493123811","meshCode":"493123811","cityCode":"44208","city":"竹田市","lat":32.9020833,"lon":131.390625,"areaKm2":0.2701992,"populated2020":true,"population2020":29.0181,"populationNote":"2020年基準人口（国交省調整値）"},"geometry":{"type":"Polygon","coordinates":[[[131.3875,32.9],[131.3875,32.90416666666667],[131.39375,32.90416666666667],[131.39375,32.9],[131.3875,32.9]]]}},{"type":"Feature","id":"44208:493123812","properties":{"id":"44208:493123812","meshCode":"493123812","cityCode":"44208","city":"竹田市","lat":32.9020833,"lon":131.396875,"areaKm2":0.1442609,"populated2020":true,"population2020":null,"populationNote":"境界またぎ・収録外等のため自治体内人口は未集計"},"geometry":{"type":"Polygon","coordinates":[[[131.39679769764285,32.90416666666667],[131.39628607,32.90321098199999],[131.39628607,32.90297819799999],[131.396552737,32.902819874],[131.396681621,32.90233931499999],[131.397049676,32.902004315],[131.397141621,32.90143654100001],[131.397822192,32.900868486000014],[131.397877458,32.900519315000004],[131.398535824,32.900000000000006],[131.39375,32.9],[131.39375,32.90416666666667],[131.39679769764285,32.90416666666667]]]}},{"type":"Feature","id":"44208:493122803","properties":{"id":"44208:493122803","meshCode":"493122803","cityCode":"44208","city":"竹田市","lat":32.9061862,"lon":131.2553602,"areaKm2":0.0801063,"populated2020":false,"population2020":null,"populationNote":"境界またぎ・収録外等のため自治体内人口は未集計"},"geometry":{"type":"Polygon","coordinates":[[[131.25429730200005,32.90452578399999],[131.25445229600007,32.90511133299998],[131.25448007800003,32.90743438700004],[131.25398828779888,32.90833333333333],[131.25625,32.908333333333324],[131.25625,32.90416666666667],[131.25436468138423,32.90416666666667],[131.25429730200005,32.90452578399999]]]}},{"type":"Feature","id":"44208:493122804","properties":{"id":"44208:493122804","meshCode":"493122804","cityCode":"44208","city":"竹田市","lat":32.90625,"lon":131.259375,"areaKm2":0.2701867,"populated2020":false,"population2020":null,"populationNote":"境界またぎ・収録外等のため自治体内人口は未集計"},"geometry":{"type":"Polygon","coordinates":[[[131.25625,32.90416666666667],[131.25625,32.908333333333324],[131.2625,32.908333333333324],[131.2625,32.904166666666676],[131.25625,32.90416666666667]]]}},{"type":"Feature","id":"44208:493122813","properties":{"id":"44208:493122813","meshCode":"493122813","cityCode":"44208","city":"竹田市","lat":32.90625,"lon":131.265625,"areaKm2":0.2701867,"populated2020":false,"population2020":null,"populationNote":"境界またぎ・収録外等のため自治体内人口は未集計"},"geometry":{"type":"Polygon","coordinates":[[[131.2625,32.904166666666676],[131.2625,32.908333333333324],[131.26875,32.90833333333333],[131.26875,32.904166666666676],[131.2625,32.904166666666676]]]}},{"type":"Feature","id":"44208:493122814","properties":{"id":"44208:493122814","meshCode":"493122814","cityCode":"44208","city":"竹田市","lat":32.90625,"lon":131.271875,"areaKm2":0.2701867,"populated2020":true,"population2020":11.0074,"populationNote":"2020年基準人口（国交省調整値）"},"geometry":{"type":"Polygon","coordinates":[[[131.26875,32.904166666666676],[131.26875,32.90833333333333],[131.275,32.908333333333324],[131.275,32.90416666666667],[131.26875,32.904166666666676]]]}},{"type":"Feature","id":"44208:493122823","properties":{"id":"44208:493122823","meshCode":"493122823","cityCode":"44208","city":"竹田市","lat":32.90625,"lon":131.278125,"areaKm2":0.2701867,"populated2020":true,"population2020":8.0145,"populationNote":"2020年基準人口（国交省調整値）"},"geometry":{"type":"Polygon","coordinates":[[[131.275,32.90416666666667],[131.275,32.908333333333324],[131.28125,32.90833333333333],[131.28125,32.90416666666667],[131.275,32.90416666666667]]]}},{"type":"Feature","id":"44208:493122824","properties":{"id":"44208:493122824","meshCode":"493122824","cityCode":"44208","city":"竹田市","lat":32.90625,"lon":131.284375,"areaKm2":0.2701867,"populated2020":true,"population2020":2.9885,"populationNote":"2020年基準人口（国交省調整値）"},"geometry":{"type":"Polygon","coordinates":[[[131.28125,32.90416666666667],[131.28125,32.90833333333333],[131.2875,32.908333333333324],[131.2875,32.90416666666667],[131.28125,32.90416666666667]]]}},{"type":"Feature","id":"44208:493122833","properties":{"id":"44208:493122833","meshCode":"493122833","cityCode":"44208","city":"竹田市","lat":32.90625,"lon":131.290625,"areaKm2":0.2701867,"populated2020":true,"population2020":29.013,"populationNote":"2020年基準人口（国交省調整値）"},"geometry":{"type":"Polygon","coordinates":[[[131.2875,32.90416666666667],[131.2875,32.908333333333324],[131.29375,32.90833333333333],[131.29375,32.904166666666676],[131.2875,32.90416666666667]]]}},{"type":"Feature","id":"44208:493122834","properties":{"id":"44208:493122834","meshCode":"493122834","cityCode":"44208","city":"竹田市","lat":32.90625,"lon":131.296875,"areaKm2":0.2701867,"populated2020":false,"population2020":null,"populationNote":"境界またぎ・収録外等のため自治体内人口は未集計"},"geometry":{"type":"Polygon","coordinates":[[[131.29375,32.904166666666676],[131.29375,32.90833333333333],[131.30000000000004,32.908333333333324],[131.30000000000004,32.904166666666676],[131.29375,32.904166666666676]]]}},{"type":"Feature","id":"44208:493122843","properties":{"id":"44208:493122843","meshCode":"493122843","cityCode":"44208","city":"竹田市","lat":32.90625,"lon":131.303125,"areaKm2":0.2701867,"populated2020":true,"population2020":27.0612,"populationNote":"2020年基準人口（国交省調整値）"},"geometry":{"type":"Polygon","coordinates":[[[131.30000000000004,32.904166666666676],[131.30000000000004,32.908333333333324],[131.30625,32.908333333333324],[131.30625,32.90416666666667],[131.30000000000004,32.904166666666676]]]}},{"type":"Feature","id":"44208:493122844","properties":{"id":"44208:493122844","meshCode":"493122844","cityCode":"44208","city":"竹田市","lat":32.90625,"lon":131.309375,"areaKm2":0.2701867,"populated2020":true,"population2020":37.111,"populationNote":"2020年基準人口（国交省調整値）"},"geometry":{"type":"Polygon","coordinates":[[[131.30625,32.90416666666667],[131.30625,32.908333333333324],[131.3125,32.90833333333333],[131.3125,32.90416666666667],[131.30625,32.90416666666667]]]}},{"type":"Feature","id":"44208:493122853","properties":{"id":"44208:493122853","meshCode":"493122853","cityCode":"44208","city":"竹田市","lat":32.90625,"lon":131.315625,"areaKm2":0.2701867,"populated2020":true,"population2020":2.002,"populationNote":"2020年基準人口（国交省調整値）"},"geometry":{"type":"Polygon","coordinates":[[[131.3125,32.90416666666667],[131.3125,32.90833333333333],[131.31875,32.908333333333324],[131.31875,32.904166666666676],[131.3125,32.90416666666667]]]}},{"type":"Feature","id":"44208:493122854","properties":{"id":"44208:493122854","meshCode":"493122854","cityCode":"44208","city":"竹田市","lat":32.90625,"lon":131.321875,"areaKm2":0.2701867,"populated2020":true,"population2020":20.0292,"populationNote":"2020年基準人口（国交省調整値）"},"geometry":{"type":"Polygon","coordinates":[[[131.31875,32.904166666666676],[131.31875,32.908333333333324],[131.325,32.908333333333324],[131.325,32.90416666666667],[131.31875,32.904166666666676]]]}},{"type":"Feature","id":"44208:493122863","properties":{"id":"44208:493122863","meshCode":"493122863","cityCode":"44208","city":"竹田市","lat":32.90625,"lon":131.328125,"areaKm2":0.2701867,"populated2020":false,"population2020":null,"populationNote":"境界またぎ・収録外等のため自治体内人口は未集計"},"geometry":{"type":"Polygon","coordinates":[[[131.325,32.90416666666667],[131.325,32.908333333333324],[131.33125,32.90833333333332],[131.33125,32.90416666666667],[131.325,32.90416666666667]]]}},{"type":"Feature","id":"44208:493122864","properties":{"id":"44208:493122864","meshCode":"493122864","cityCode":"44208","city":"竹田市","lat":32.90625,"lon":131.334375,"areaKm2":0.2701867,"populated2020":false,"population2020":null,"populationNote":"境界またぎ・収録外等のため自治体内人口は未集計"},"geometry":{"type":"Polygon","coordinates":[[[131.33125,32.90416666666667],[131.33125,32.90833333333332],[131.3375,32.908333333333324],[131.3375,32.904166666666676],[131.33125,32.90416666666667]]]}},{"type":"Feature","id":"44208:493122873","properties":{"id":"44208:493122873","meshCode":"493122873","cityCode":"44208","city":"竹田市","lat":32.90625,"lon":131.340625,"areaKm2":0.2701867,"populated2020":true,"population2020":6.0044,"populationNote":"2020年基準人口（国交省調整値）"},"geometry":{"type":"Polygon","coordinates":[[[131.3375,32.904166666666676],[131.3375,32.908333333333324],[131.34375,32.908333333333324],[131.34375,32.90416666666667],[131.3375,32.904166666666676]]]}},{"type":"Feature","id":"44208:493122874","properties":{"id":"44208:493122874","meshCode":"493122874","cityCode":"44208","city":"竹田市","lat":32.90625,"lon":131.346875,"areaKm2":0.2701867,"populated2020":false,"population2020":null,"populationNote":"境界またぎ・収録外等のため自治体内人口は未集計"},"geometry":{"type":"Polygon","coordinates":[[[131.34375,32.90416666666667],[131.34375,32.908333333333324],[131.35,32.908333333333324],[131.35,32.90416666666667],[131.34375,32.90416666666667]]]}},{"type":"Feature","id":"44208:493122883","properties":{"id":"44208:493122883","meshCode":"493122883","cityCode":"44208","city":"竹田市","lat":32.90625,"lon":131.353125,"areaKm2":0.2701867,"populated2020":true,"population2020":2.0022,"populationNote":"2020年基準人口（国交省調整値）"},"geometry":{"type":"Polygon","coordinates":[[[131.35,32.90416666666667],[131.35,32.908333333333324],[131.35625000000002,32.908333333333324],[131.35625000000002,32.90416666666667],[131.35,32.90416666666667]]]}},{"type":"Feature","id":"44208:493122884","properties":{"id":"44208:493122884","meshCode":"493122884","cityCode":"44208","city":"竹田市","lat":32.90625,"lon":131.359375,"areaKm2":0.2701867,"populated2020":true,"population2020":2.0022,"populationNote":"2020年基準人口（国交省調整値）"},"geometry":{"type":"Polygon","coordinates":[[[131.35625000000002,32.90416666666667],[131.35625000000002,32.908333333333324],[131.3625,32.90833333333333],[131.3625,32.90416666666667],[131.35625000000002,32.90416666666667]]]}},{"type":"Feature","id":"44208:493122893","properties":{"id":"44208:493122893","meshCode":"493122893","cityCode":"44208","city":"竹田市","lat":32.90625,"lon":131.365625,"areaKm2":0.2701867,"populated2020":false,"population2020":null,"populationNote":"境界またぎ・収録外等のため自治体内人口は未集計"},"geometry":{"type":"Polygon","coordinates":[[[131.3625,32.90416666666667],[131.3625,32.90833333333333],[131.36875,32.908333333333324],[131.36875,32.90416666666667],[131.3625,32.90416666666667]]]}},{"type":"Feature","id":"44208:493122894","properties":{"id":"44208:493122894","meshCode":"493122894","cityCode":"44208","city":"竹田市","lat":32.90625,"lon":131.371875,"areaKm2":0.2701867,"populated2020":true,"population2020":2.0029,"populationNote":"2020年基準人口（国交省調整値）"},"geometry":{"type":"Polygon","coordinates":[[[131.36875,32.90416666666667],[131.36875,32.908333333333324],[131.375,32.908333333333324],[131.375,32.90416666666666],[131.36875,32.90416666666667]]]}},{"type":"Feature","id":"44208:493123803","properties":{"id":"44208:493123803","meshCode":"493123803","cityCode":"44208","city":"竹田市","lat":32.90625,"lon":131.378125,"areaKm2":0.2701867,"populated2020":false,"population2020":null,"populationNote":"境界またぎ・収録外等のため自治体内人口は未集計"},"geometry":{"type":"Polygon","coordinates":[[[131.375,32.90416666666666],[131.375,32.908333333333324],[131.38125,32.90833333333333],[131.38125,32.904166666666676],[131.375,32.90416666666666]]]}},{"type":"Feature","id":"44208:493123804","properties":{"id":"44208:493123804","meshCode":"493123804","cityCode":"44208","city":"竹田市","lat":32.90625,"lon":131.384375,"areaKm2":0.2701867,"populated2020":false,"population2020":null,"populationNote":"境界またぎ・収録外等のため自治体内人口は未集計"},"geometry":{"type":"Polygon","coordinates":[[[131.38125,32.904166666666676],[131.38125,32.90833333333333],[131.3875,32.908333333333324],[131.3875,32.90416666666667],[131.38125,32.904166666666676]]]}},{"type":"Feature","id":"44208:493123813","properties":{"id":"44208:493123813","meshCode":"493123813","cityCode":"44208","city":"竹田市","lat":32.90625,"lon":131.390625,"areaKm2":0.2628914,"populated2020":true,"population2020":null,"populationNote":"境界またぎ・収録外等のため自治体内人口は未集計"},"geometry":{"type":"Polygon","coordinates":[[[131.393066783,32.908333333],[131.392930765,32.90805430599999],[131.392930765,32.90777763999999],[131.393372153,32.907370144],[131.39375,32.90730299125545],[131.39375,32.90416666666667],[131.3875,32.90416666666667],[131.3875,32.908333333333324],[131.393066783,32.908333333]]]}},{"type":"Feature","id":"44208:493123814","properties":{"id":"44208:493123814","meshCode":"493123814","cityCode":"44208","city":"竹田市","lat":32.9056108,"lon":131.3947724,"areaKm2":0.062842,"populated2020":true,"population2020":null,"populationNote":"境界またぎ・収録外等のため自治体内人口は未集計"},"geometry":{"type":"Polygon","coordinates":[[[131.39375,32.90730299125545],[131.394365499,32.907224305999996],[131.39454939,32.907107919],[131.396856342,32.904346811],[131.39679769764285,32.90416666666667],[131.39375,32.90416666666667],[131.39375,32.90730299125545]]]}},{"type":"Feature","id":"44208:493122901","properties":{"id":"44208:493122901","meshCode":"493122901","cityCode":"44208","city":"竹田市","lat":32.9104167,"lon":131.253125,"areaKm2":0.1305318,"populated2020":true,"population2020":null,"populationNote":"境界またぎ・収録外等のため自治体内人口は未集計"},"geometry":{"type":"Polygon","coordinates":[[[131.25398828779888,32.90833333333333],[131.25303841799996,32.91067936900009],[131.25288341099997,32.91175826099999],[131.25291565458969,32.9125],[131.25625,32.9125],[131.25625,32.908333333333324],[131.25398828779888,32.90833333333333]]]}},{"type":"Feature","id":"44208:493122902","properties":{"id":"44208:493122902","meshCode":"493122902","cityCode":"44208","city":"竹田市","lat":32.9104167,"lon":131.259375,"areaKm2":0.2701742,"populated2020":true,"population2020":8.0115,"populationNote":"2020年基準人口（国交省調整値）"},"geometry":{"type":"Polygon","coordinates":[[[131.25625,32.908333333333324],[131.25625,32.9125],[131.2625,32.912499999999994],[131.2625,32.908333333333324],[131.25625,32.908333333333324]]]}},{"type":"Feature","id":"44208:493122911","properties":{"id":"44208:493122911","meshCode":"493122911","cityCode":"44208","city":"竹田市","lat":32.9104167,"lon":131.265625,"areaKm2":0.2701742,"populated2020":false,"population2020":null,"populationNote":"境界またぎ・収録外等のため自治体内人口は未集計"},"geometry":{"type":"Polygon","coordinates":[[[131.2625,32.908333333333324],[131.2625,32.912499999999994],[131.26875,32.9125],[131.26875,32.90833333333333],[131.2625,32.908333333333324]]]}},{"type":"Feature","id":"44208:493122912","properties":{"id":"44208:493122912","meshCode":"493122912","cityCode":"44208","city":"竹田市","lat":32.9104167,"lon":131.271875,"areaKm2":0.2701742,"populated2020":true,"population2020":16.0143,"populationNote":"2020年基準人口（国交省調整値）"},"geometry":{"type":"Polygon","coordinates":[[[131.26875,32.90833333333333],[131.26875,32.9125],[131.275,32.912499999999994],[131.275,32.908333333333324],[131.26875,32.90833333333333]]]}},{"type":"Feature","id":"44208:493122921","properties":{"id":"44208:493122921","meshCode":"493122921","cityCode":"44208","city":"竹田市","lat":32.9104167,"lon":131.278125,"areaKm2":0.2701742,"populated2020":true,"population2020":10.0028,"populationNote":"2020年基準人口（国交省調整値）"},"geometry":{"type":"Polygon","coordinates":[[[131.275,32.908333333333324],[131.275,32.912499999999994],[131.28125,32.9125],[131.28125,32.90833333333333],[131.275,32.908333333333324]]]}},{"type":"Feature","id":"44208:493122922","properties":{"id":"44208:493122922","meshCode":"493122922","cityCode":"44208","city":"竹田市","lat":32.9104167,"lon":131.284375,"areaKm2":0.2701742,"populated2020":true,"population2020":19.0484,"populationNote":"2020年基準人口（国交省調整値）"},"geometry":{"type":"Polygon","coordinates":[[[131.28125,32.90833333333333],[131.28125,32.9125],[131.2875,32.9125],[131.2875,32.908333333333324],[131.28125,32.90833333333333]]]}},{"type":"Feature","id":"44208:493122931","properties":{"id":"44208:493122931","meshCode":"493122931","cityCode":"44208","city":"竹田市","lat":32.9104167,"lon":131.290625,"areaKm2":0.2701742,"populated2020":true,"population2020":52.0933,"populationNote":"2020年基準人口（国交省調整値）"},"geometry":{"type":"Polygon","coordinates":[[[131.2875,32.908333333333324],[131.2875,32.9125],[131.29375,32.9125],[131.29375,32.90833333333333],[131.2875,32.908333333333324]]]}},{"type":"Feature","id":"44208:493122932","properties":{"id":"44208:493122932","meshCode":"493122932","cityCode":"44208","city":"竹田市","lat":32.9104167,"lon":131.296875,"areaKm2":0.2701742,"populated2020":true,"population2020":42.086,"populationNote":"2020年基準人口（国交省調整値）"},"geometry":{"type":"Polygon","coordinates":[[[131.29375,32.90833333333333],[131.29375,32.9125],[131.30000000000004,32.9125],[131.30000000000004,32.908333333333324],[131.29375,32.90833333333333]]]}},{"type":"Feature","id":"44208:493122941","properties":{"id":"44208:493122941","meshCode":"493122941","cityCode":"44208","city":"竹田市","lat":32.9104167,"lon":131.303125,"areaKm2":0.2701742,"populated2020":true,"population2020":46.012,"populationNote":"2020年基準人口（国交省調整値）"},"geometry":{"type":"Polygon","coordinates":[[[131.30000000000004,32.908333333333324],[131.30000000000004,32.9125],[131.30625,32.9125],[131.30625,32.908333333333324],[131.30000000000004,32.908333333333324]]]}},{"type":"Feature","id":"44208:493122942","properties":{"id":"44208:493122942","meshCode":"493122942","cityCode":"44208","city":"竹田市","lat":32.9104167,"lon":131.309375,"areaKm2":0.2701742,"populated2020":true,"population2020":37.0213,"populationNote":"2020年基準人口（国交省調整値）"},"geometry":{"type":"Polygon","coordinates":[[[131.30625,32.908333333333324],[131.30625,32.9125],[131.3125,32.91250000000001],[131.3125,32.90833333333333],[131.30625,32.908333333333324]]]}},{"type":"Feature","id":"44208:493122951","properties":{"id":"44208:493122951","meshCode":"493122951","cityCode":"44208","city":"竹田市","lat":32.9104167,"lon":131.315625,"areaKm2":0.2701742,"populated2020":true,"population2020":13.0104,"populationNote":"2020年基準人口（国交省調整値）"},"geometry":{"type":"Polygon","coordinates":[[[131.3125,32.90833333333333],[131.3125,32.91250000000001],[131.31875,32.9125],[131.31875,32.908333333333324],[131.3125,32.90833333333333]]]}},{"type":"Feature","id":"44208:493122952","properties":{"id":"44208:493122952","meshCode":"493122952","cityCode":"44208","city":"竹田市","lat":32.9104167,"lon":131.321875,"areaKm2":0.2701742,"populated2020":true,"population2020":37.0319,"populationNote":"2020年基準人口（国交省調整値）"},"geometry":{"type":"Polygon","coordinates":[[[131.31875,32.908333333333324],[131.31875,32.9125],[131.325,32.9125],[131.325,32.908333333333324],[131.31875,32.908333333333324]]]}},{"type":"Feature","id":"44208:493122961","properties":{"id":"44208:493122961","meshCode":"493122961","cityCode":"44208","city":"竹田市","lat":32.9104167,"lon":131.328125,"areaKm2":0.2701742,"populated2020":false,"population2020":null,"populationNote":"境界またぎ・収録外等のため自治体内人口は未集計"},"geometry":{"type":"Polygon","coordinates":[[[131.325,32.908333333333324],[131.325,32.9125],[131.33125,32.9125],[131.33125,32.90833333333332],[131.325,32.908333333333324]]]}},{"type":"Feature","id":"44208:493122962","properties":{"id":"44208:493122962","meshCode":"493122962","cityCode":"44208","city":"竹田市","lat":32.9104167,"lon":131.334375,"areaKm2":0.2701742,"populated2020":false,"population2020":null,"populationNote":"境界またぎ・収録外等のため自治体内人口は未集計"},"geometry":{"type":"Polygon","coordinates":[[[131.33125,32.90833333333332],[131.33125,32.9125],[131.3375,32.91250000000001],[131.3375,32.908333333333324],[131.33125,32.90833333333332]]]}},{"type":"Feature","id":"44208:493122971","properties":{"id":"44208:493122971","meshCode":"493122971","cityCode":"44208","city":"竹田市","lat":32.9104167,"lon":131.340625,"areaKm2":0.2701742,"populated2020":true,"population2020":16.0107,"populationNote":"2020年基準人口（国交省調整値）"},"geometry":{"type":"Polygon","coordinates":[[[131.3375,32.908333333333324],[131.3375,32.91250000000001],[131.34375,32.9125],[131.34375,32.908333333333324],[131.3375,32.908333333333324]]]}},{"type":"Feature","id":"44208:493122972","properties":{"id":"44208:493122972","meshCode":"493122972","cityCode":"44208","city":"竹田市","lat":32.9104167,"lon":131.346875,"areaKm2":0.2701742,"populated2020":true,"population2020":8.0078,"populationNote":"2020年基準人口（国交省調整値）"},"geometry":{"type":"Polygon","coordinates":[[[131.34375,32.908333333333324],[131.34375,32.9125],[131.35,32.9125],[131.35,32.908333333333324],[131.34375,32.908333333333324]]]}},{"type":"Feature","id":"44208:493122981","properties":{"id":"44208:493122981","meshCode":"493122981","cityCode":"44208","city":"竹田市","lat":32.9104167,"lon":131.353125,"areaKm2":0.2701742,"populated2020":false,"population2020":null,"populationNote":"境界またぎ・収録外等のため自治体内人口は未集計"},"geometry":{"type":"Polygon","coordinates":[[[131.35,32.908333333333324],[131.35,32.9125],[131.35625000000002,32.9125],[131.35625000000002,32.908333333333324],[131.35,32.908333333333324]]]}},{"type":"Feature","id":"44208:493122982","properties":{"id":"44208:493122982","meshCode":"493122982","cityCode":"44208","city":"竹田市","lat":32.9104167,"lon":131.359375,"areaKm2":0.2701742,"populated2020":false,"population2020":null,"populationNote":"境界またぎ・収録外等のため自治体内人口は未集計"},"geometry":{"type":"Polygon","coordinates":[[[131.35625000000002,32.908333333333324],[131.35625000000002,32.9125],[131.3625,32.912499999999994],[131.3625,32.90833333333333],[131.35625000000002,32.908333333333324]]]}},{"type":"Feature","id":"44208:493122991","properties":{"id":"44208:493122991","meshCode":"493122991","cityCode":"44208","city":"竹田市","lat":32.9104167,"lon":131.365625,"areaKm2":0.2701742,"populated2020":false,"population2020":null,"populationNote":"境界またぎ・収録外等のため自治体内人口は未集計"},"geometry":{"type":"Polygon","coordinates":[[[131.3625,32.90833333333333],[131.3625,32.912499999999994],[131.36875,32.912499999999994],[131.36875,32.908333333333324],[131.3625,32.90833333333333]]]}},{"type":"Feature","id":"44208:493122992","properties":{"id":"44208:493122992","meshCode":"493122992","cityCode":"44208","city":"竹田市","lat":32.9104167,"lon":131.371875,"areaKm2":0.2701742,"populated2020":true,"population2020":6.9927,"populationNote":"2020年基準人口（国交省調整値）"},"geometry":{"type":"Polygon","coordinates":[[[131.36875,32.908333333333324],[131.36875,32.912499999999994],[131.375,32.912499999999994],[131.375,32.908333333333324],[131.36875,32.908333333333324]]]}},{"type":"Feature","id":"44208:493123901","properties":{"id":"44208:493123901","meshCode":"493123901","cityCode":"44208","city":"竹田市","lat":32.9104167,"lon":131.378125,"areaKm2":0.2701742,"populated2020":true,"population2020":22.0172,"populationNote":"2020年基準人口（国交省調整値）"},"geometry":{"type":"Polygon","coordinates":[[[131.375,32.908333333333324],[131.375,32.912499999999994],[131.38125,32.9125],[131.38125,32.90833333333333],[131.375,32.908333333333324]]]}},{"type":"Feature","id":"44208:493123902","properties":{"id":"44208:493123902","meshCode":"493123902","cityCode":"44208","city":"竹田市","lat":32.9104167,"lon":131.384375,"areaKm2":0.2701742,"populated2020":true,"population2020":6.9957,"populationNote":"2020年基準人口（国交省調整値）"},"geometry":{"type":"Polygon","coordinates":[[[131.38125,32.90833333333333],[131.38125,32.9125],[131.3875,32.91250000000001],[131.3875,32.908333333333324],[131.38125,32.90833333333333]]]}},{"type":"Feature","id":"44208:493123911","properties":{"id":"44208:493123911","meshCode":"493123911","cityCode":"44208","city":"竹田市","lat":32.9104167,"lon":131.390625,"areaKm2":0.2679455,"populated2020":true,"population2020":null,"populationNote":"境界またぎ・収録外等のため自治体内人口は未集計"},"geometry":{"type":"Polygon","coordinates":[[[131.393714708,32.908835252],[131.393335486,32.908636802],[131.3930667831995,32.90833333333333],[131.3875,32.908333333333324],[131.3875,32.91250000000001],[131.39375,32.9125],[131.393714708,32.908835252]]]}},{"type":"Feature","id":"44208:493123912","properties":{"id":"44208:493123912","meshCode":"493123912","cityCode":"44208","city":"竹田市","lat":32.9104167,"lon":131.396875,"areaKm2":0.0946582,"populated2020":true,"population2020":null,"populationNote":"境界またぎ・収録外等のため自治体内人口は未集計"},"geometry":{"type":"Polygon","coordinates":[[[131.39632508524292,32.9125],[131.397416355,32.911237901],[131.397434695,32.910845126000005],[131.396866913,32.910399018],[131.39591050600004,32.909889297],[131.395579403,32.909845414],[131.395303567,32.909656243],[131.394659663,32.90952513500001],[131.39375,32.90886318193306],[131.39375,32.9125],[131.39632508524292,32.9125]]]}},{"type":"Feature","id":"44208:493122903","properties":{"id":"44208:493122903","meshCode":"493122903","cityCode":"44208","city":"竹田市","lat":32.9145833,"lon":131.253125,"areaKm2":0.1427017,"populated2020":false,"population2020":null,"populationNote":"境界またぎ・収録外等のため自治体内人口は未集計"},"geometry":{"type":"Polygon","coordinates":[[[131.25291565458969,32.9125],[131.2528470300001,32.91342019799993],[131.25302953300002,32.91455575700002],[131.25289259400017,32.915256586],[131.25292009099996,32.915842414],[131.25313555091603,32.916666666666664],[131.25625,32.916666666666664],[131.25625,32.9125],[131.25291565458969,32.9125]]]}},{"type":"Feature","id":"44208:493122904","properties":{"id":"44208:493122904","meshCode":"493122904","cityCode":"44208","city":"竹田市","lat":32.9145833,"lon":131.259375,"areaKm2":0.2701618,"populated2020":false,"population2020":null,"populationNote":"境界またぎ・収録外等のため自治体内人口は未集計"},"geometry":{"type":"Polygon","coordinates":[[[131.25625,32.9125],[131.25625,32.916666666666664],[131.2625,32.916666666666664],[131.2625,32.912499999999994],[131.25625,32.9125]]]}},{"type":"Feature","id":"44208:493122913","properties":{"id":"44208:493122913","meshCode":"493122913","cityCode":"44208","city":"竹田市","lat":32.9145833,"lon":131.265625,"areaKm2":0.2701618,"populated2020":true,"population2020":20.0367,"populationNote":"2020年基準人口（国交省調整値）"},"geometry":{"type":"Polygon","coordinates":[[[131.2625,32.912499999999994],[131.2625,32.916666666666664],[131.26875,32.91666666666666],[131.26875,32.9125],[131.2625,32.912499999999994]]]}},{"type":"Feature","id":"44208:493122914","properties":{"id":"44208:493122914","meshCode":"493122914","cityCode":"44208","city":"竹田市","lat":32.9145833,"lon":131.271875,"areaKm2":0.2701618,"populated2020":true,"population2020":5.0268,"populationNote":"2020年基準人口（国交省調整値）"},"geometry":{"type":"Polygon","coordinates":[[[131.26875,32.9125],[131.26875,32.91666666666666],[131.275,32.91666666666666],[131.275,32.912499999999994],[131.26875,32.9125]]]}},{"type":"Feature","id":"44208:493122923","properties":{"id":"44208:493122923","meshCode":"493122923","cityCode":"44208","city":"竹田市","lat":32.9145833,"lon":131.278125,"areaKm2":0.2701618,"populated2020":false,"population2020":null,"populationNote":"境界またぎ・収録外等のため自治体内人口は未集計"},"geometry":{"type":"Polygon","coordinates":[[[131.275,32.912499999999994],[131.275,32.91666666666666],[131.28125,32.916666666666664],[131.28125,32.9125],[131.275,32.912499999999994]]]}},{"type":"Feature","id":"44208:493122924","properties":{"id":"44208:493122924","meshCode":"493122924","cityCode":"44208","city":"竹田市","lat":32.9145833,"lon":131.284375,"areaKm2":0.2701618,"populated2020":true,"population2020":5.0207,"populationNote":"2020年基準人口（国交省調整値）"},"geometry":{"type":"Polygon","coordinates":[[[131.28125,32.9125],[131.28125,32.916666666666664],[131.2875,32.91666666666666],[131.2875,32.9125],[131.28125,32.9125]]]}},{"type":"Feature","id":"44208:493122933","properties":{"id":"44208:493122933","meshCode":"493122933","cityCode":"44208","city":"竹田市","lat":32.9145833,"lon":131.290625,"areaKm2":0.2701618,"populated2020":true,"population2020":7.0143,"populationNote":"2020年基準人口（国交省調整値）"},"geometry":{"type":"Polygon","coordinates":[[[131.2875,32.9125],[131.2875,32.91666666666666],[131.29375,32.916666666666664],[131.29375,32.9125],[131.2875,32.9125]]]}},{"type":"Feature","id":"44208:493122934","properties":{"id":"44208:493122934","meshCode":"493122934","cityCode":"44208","city":"竹田市","lat":32.9145833,"lon":131.296875,"areaKm2":0.2701618,"populated2020":true,"population2020":4.0029,"populationNote":"2020年基準人口（国交省調整値）"},"geometry":{"type":"Polygon","coordinates":[[[131.29375,32.9125],[131.29375,32.916666666666664],[131.30000000000004,32.91666666666667],[131.30000000000004,32.9125],[131.29375,32.9125]]]}},{"type":"Feature","id":"44208:493122943","properties":{"id":"44208:493122943","meshCode":"493122943","cityCode":"44208","city":"竹田市","lat":32.9145833,"lon":131.303125,"areaKm2":0.2701618,"populated2020":true,"population2020":9.0028,"populationNote":"2020年基準人口（国交省調整値）"},"geometry":{"type":"Polygon","coordinates":[[[131.30000000000004,32.9125],[131.30000000000004,32.91666666666667],[131.30625,32.916666666666664],[131.30625,32.9125],[131.30000000000004,32.9125]]]}},{"type":"Feature","id":"44208:493122944","properties":{"id":"44208:493122944","meshCode":"493122944","cityCode":"44208","city":"竹田市","lat":32.9145833,"lon":131.309375,"areaKm2":0.2701618,"populated2020":false,"population2020":null,"populationNote":"境界またぎ・収録外等のため自治体内人口は未集計"},"geometry":{"type":"Polygon","coordinates":[[[131.30625,32.9125],[131.30625,32.916666666666664],[131.3125,32.916666666666664],[131.3125,32.91250000000001],[131.30625,32.9125]]]}},{"type":"Feature","id":"44208:493122953","properties":{"id":"44208:493122953","meshCode":"493122953","cityCode":"44208","city":"竹田市","lat":32.9145833,"lon":131.315625,"areaKm2":0.2701618,"populated2020":true,"population2020":33.0301,"populationNote":"2020年基準人口（国交省調整値）"},"geometry":{"type":"Polygon","coordinates":[[[131.3125,32.91250000000001],[131.3125,32.916666666666664],[131.31875,32.916666666666664],[131.31875,32.9125],[131.3125,32.91250000000001]]]}},{"type":"Feature","id":"44208:493122954","properties":{"id":"44208:493122954","meshCode":"493122954","cityCode":"44208","city":"竹田市","lat":32.9145833,"lon":131.321875,"areaKm2":0.2701618,"populated2020":true,"population2020":7.0039,"populationNote":"2020年基準人口（国交省調整値）"},"geometry":{"type":"Polygon","coordinates":[[[131.31875,32.9125],[131.31875,32.916666666666664],[131.325,32.916666666666664],[131.325,32.9125],[131.31875,32.9125]]]}},{"type":"Feature","id":"44208:493122963","properties":{"id":"44208:493122963","meshCode":"493122963","cityCode":"44208","city":"竹田市","lat":32.9145833,"lon":131.328125,"areaKm2":0.2701618,"populated2020":true,"population2020":15.0193,"populationNote":"2020年基準人口（国交省調整値）"},"geometry":{"type":"Polygon","coordinates":[[[131.325,32.9125],[131.325,32.916666666666664],[131.33125,32.916666666666664],[131.33125,32.9125],[131.325,32.9125]]]}},{"type":"Feature","id":"44208:493122964","properties":{"id":"44208:493122964","meshCode":"493122964","cityCode":"44208","city":"竹田市","lat":32.9145833,"lon":131.334375,"areaKm2":0.2701618,"populated2020":true,"population2020":17.022,"populationNote":"2020年基準人口（国交省調整値）"},"geometry":{"type":"Polygon","coordinates":[[[131.33125,32.9125],[131.33125,32.916666666666664],[131.3375,32.91666666666666],[131.3375,32.91250000000001],[131.33125,32.9125]]]}},{"type":"Feature","id":"44208:493122973","properties":{"id":"44208:493122973","meshCode":"493122973","cityCode":"44208","city":"竹田市","lat":32.9145833,"lon":131.340625,"areaKm2":0.2701618,"populated2020":true,"population2020":5.0027,"populationNote":"2020年基準人口（国交省調整値）"},"geometry":{"type":"Polygon","coordinates":[[[131.3375,32.91250000000001],[131.3375,32.91666666666666],[131.34375,32.91666666666667],[131.34375,32.9125],[131.3375,32.91250000000001]]]}},{"type":"Feature","id":"44208:493122974","properties":{"id":"44208:493122974","meshCode":"493122974","cityCode":"44208","city":"竹田市","lat":32.9145833,"lon":131.346875,"areaKm2":0.2701618,"populated2020":true,"population2020":25.0597,"populationNote":"2020年基準人口（国交省調整値）"},"geometry":{"type":"Polygon","coordinates":[[[131.34375,32.9125],[131.34375,32.91666666666667],[131.35,32.91666666666666],[131.35,32.9125],[131.34375,32.9125]]]}},{"type":"Feature","id":"44208:493122983","properties":{"id":"44208:493122983","meshCode":"493122983","cityCode":"44208","city":"竹田市","lat":32.9145833,"lon":131.353125,"areaKm2":0.2701618,"populated2020":false,"population2020":null,"populationNote":"境界またぎ・収録外等のため自治体内人口は未集計"},"geometry":{"type":"Polygon","coordinates":[[[131.35,32.9125],[131.35,32.91666666666666],[131.35625000000002,32.916666666666664],[131.35625000000002,32.9125],[131.35,32.9125]]]}},{"type":"Feature","id":"44208:493122984","properties":{"id":"44208:493122984","meshCode":"493122984","cityCode":"44208","city":"竹田市","lat":32.9145833,"lon":131.359375,"areaKm2":0.2701618,"populated2020":false,"population2020":null,"populationNote":"境界またぎ・収録外等のため自治体内人口は未集計"},"geometry":{"type":"Polygon","coordinates":[[[131.35625000000002,32.9125],[131.35625000000002,32.916666666666664],[131.3625,32.916666666666664],[131.3625,32.912499999999994],[131.35625000000002,32.9125]]]}},{"type":"Feature","id":"44208:493122993","properties":{"id":"44208:493122993","meshCode":"493122993","cityCode":"44208","city":"竹田市","lat":32.9145833,"lon":131.365625,"areaKm2":0.2701618,"populated2020":false,"population2020":null,"populationNote":"境界またぎ・収録外等のため自治体内人口は未集計"},"geometry":{"type":"Polygon","coordinates":[[[131.3625,32.912499999999994],[131.3625,32.916666666666664],[131.36875,32.916666666666664],[131.36875,32.912499999999994],[131.3625,32.912499999999994]]]}},{"type":"Feature","id":"44208:493122994","properties":{"id":"44208:493122994","meshCode":"493122994","cityCode":"44208","city":"竹田市","lat":32.9145833,"lon":131.371875,"areaKm2":0.2701618,"populated2020":false,"population2020":null,"populationNote":"境界またぎ・収録外等のため自治体内人口は未集計"},"geometry":{"type":"Polygon","coordinates":[[[131.36875,32.912499999999994],[131.36875,32.916666666666664],[131.375,32.91666666666666],[131.375,32.912499999999994],[131.36875,32.912499999999994]]]}},{"type":"Feature","id":"44208:493123903","properties":{"id":"44208:493123903","meshCode":"493123903","cityCode":"44208","city":"竹田市","lat":32.9145833,"lon":131.378125,"areaKm2":0.2701618,"populated2020":true,"population2020":8.0154,"populationNote":"2020年基準人口（国交省調整値）"},"geometry":{"type":"Polygon","coordinates":[[[131.375,32.912499999999994],[131.375,32.91666666666666],[131.38125,32.916666666666664],[131.38125,32.9125],[131.375,32.912499999999994]]]}},{"type":"Feature","id":"44208:493123904","properties":{"id":"44208:493123904","meshCode":"493123904","cityCode":"44208","city":"竹田市","lat":32.9145833,"lon":131.384375,"areaKm2":0.2701618,"populated2020":true,"population2020":4.0102,"populationNote":"2020年基準人口（国交省調整値）"},"geometry":{"type":"Polygon","coordinates":[[[131.38125,32.9125],[131.38125,32.916666666666664],[131.3875,32.916666666666664],[131.3875,32.91250000000001],[131.38125,32.9125]]]}},{"type":"Feature","id":"44208:493123913","properties":{"id":"44208:493123913","meshCode":"493123913","cityCode":"44208","city":"竹田市","lat":32.9145833,"lon":131.390625,"areaKm2":0.2701618,"populated2020":true,"population2020":14.0209,"populationNote":"2020年基準人口（国交省調整値）"},"geometry":{"type":"Polygon","coordinates":[[[131.3875,32.91250000000001],[131.3875,32.916666666666664],[131.39375,32.916666666666664],[131.39375,32.9125],[131.3875,32.91250000000001]]]}},{"type":"Feature","id":"44208:493123914","properties":{"id":"44208:493123914","meshCode":"493123914","cityCode":"44208","city":"竹田市","lat":32.9145833,"lon":131.396875,"areaKm2":0.1753817,"populated2020":false,"population2020":null,"populationNote":"境界またぎ・収録外等のため自治体内人口は未集計"},"geometry":{"type":"Polygon","coordinates":[[[131.399416187,32.91666649500001],[131.399686939,32.915543721000006],[131.399502776,32.915150387000004],[131.399300545,32.915004837999994],[131.397799974,32.91440067600001],[131.397338301,32.91403373000001],[131.396737471,32.914029847],[131.395999961,32.914456234],[131.395723852,32.914427063],[131.395613567,32.914339847],[131.395595512,32.913830126],[131.395687458,32.913465955],[131.39632508524292,32.9125],[131.39375,32.9125],[131.39375,32.916666666666664],[131.399416187,32.91666649500001]]]}},{"type":"Feature","id":"44208:493132001","properties":{"id":"44208:493132001","meshCode":"493132001","cityCode":"44208","city":"竹田市","lat":32.9186741,"lon":131.2548494,"areaKm2":0.1209653,"populated2020":false,"population2020":null,"populationNote":"境界またぎ・収録外等のため自治体内人口は未集計"},"geometry":{"type":"Polygon","coordinates":[[[131.25313555100007,32.916666667000044],[131.253375383,32.91731797300001],[131.253457601,32.918157973],[131.253412322,32.918496856000004],[131.253705668,32.91941129700001],[131.253702607,32.91961991],[131.253482607,32.920037135],[131.25332411525022,32.920833333333334],[131.25625,32.920833333333334],[131.25625,32.916666666666664],[131.25313555100007,32.916666667000044]]]}},{"type":"Feature","id":"44208:493132002","properties":{"id":"44208:493132002","meshCode":"493132002","cityCode":"44208","city":"竹田市","lat":32.91875,"lon":131.259375,"areaKm2":0.2701493,"populated2020":false,"population2020":null,"populationNote":"境界またぎ・収録外等のため自治体内人口は未集計"},"geometry":{"type":"Polygon","coordinates":[[[131.25625,32.916666666666664],[131.25625,32.920833333333334],[131.2625,32.920833333333334],[131.2625,32.916666666666664],[131.25625,32.916666666666664]]]}},{"type":"Feature","id":"44208:493132011","properties":{"id":"44208:493132011","meshCode":"493132011","cityCode":"44208","city":"竹田市","lat":32.91875,"lon":131.265625,"areaKm2":0.2701493,"populated2020":false,"population2020":null,"populationNote":"境界またぎ・収録外等のため自治体内人口は未集計"},"geometry":{"type":"Polygon","coordinates":[[[131.2625,32.916666666666664],[131.2625,32.920833333333334],[131.26875,32.920833333333334],[131.26875,32.91666666666666],[131.2625,32.916666666666664]]]}},{"type":"Feature","id":"44208:493132012","properties":{"id":"44208:493132012","meshCode":"493132012","cityCode":"44208","city":"竹田市","lat":32.91875,"lon":131.271875,"areaKm2":0.2701493,"populated2020":true,"population2020":13.0213,"populationNote":"2020年基準人口（国交省調整値）"},"geometry":{"type":"Polygon","coordinates":[[[131.26875,32.91666666666666],[131.26875,32.920833333333334],[131.275,32.920833333333334],[131.275,32.91666666666666],[131.26875,32.91666666666666]]]}},{"type":"Feature","id":"44208:493132021","properties":{"id":"44208:493132021","meshCode":"493132021","cityCode":"44208","city":"竹田市","lat":32.91875,"lon":131.278125,"areaKm2":0.2701493,"populated2020":true,"population2020":26.057,"populationNote":"2020年基準人口（国交省調整値）"},"geometry":{"type":"Polygon","coordinates":[[[131.275,32.91666666666666],[131.275,32.920833333333334],[131.28125,32.920833333333334],[131.28125,32.916666666666664],[131.275,32.91666666666666]]]}},{"type":"Feature","id":"44208:493132022","properties":{"id":"44208:493132022","meshCode":"493132022","cityCode":"44208","city":"竹田市","lat":32.91875,"lon":131.284375,"areaKm2":0.2701493,"populated2020":true,"population2020":6.0111,"populationNote":"2020年基準人口（国交省調整値）"},"geometry":{"type":"Polygon","coordinates":[[[131.28125,32.916666666666664],[131.28125,32.920833333333334],[131.2875,32.920833333333334],[131.2875,32.91666666666666],[131.28125,32.916666666666664]]]}},{"type":"Feature","id":"44208:493132031","properties":{"id":"44208:493132031","meshCode":"493132031","cityCode":"44208","city":"竹田市","lat":32.91875,"lon":131.290625,"areaKm2":0.2701493,"populated2020":false,"population2020":null,"populationNote":"境界またぎ・収録外等のため自治体内人口は未集計"},"geometry":{"type":"Polygon","coordinates":[[[131.2875,32.91666666666666],[131.2875,32.920833333333334],[131.29375,32.920833333333334],[131.29375,32.916666666666664],[131.2875,32.91666666666666]]]}},{"type":"Feature","id":"44208:493132032","properties":{"id":"44208:493132032","meshCode":"493132032","cityCode":"44208","city":"竹田市","lat":32.91875,"lon":131.296875,"areaKm2":0.2701493,"populated2020":true,"population2020":3.0027,"populationNote":"2020年基準人口（国交省調整値）"},"geometry":{"type":"Polygon","coordinates":[[[131.29375,32.916666666666664],[131.29375,32.920833333333334],[131.30000000000004,32.920833333333334],[131.30000000000004,32.91666666666667],[131.29375,32.916666666666664]]]}},{"type":"Feature","id":"44208:493132041","properties":{"id":"44208:493132041","meshCode":"493132041","cityCode":"44208","city":"竹田市","lat":32.91875,"lon":131.303125,"areaKm2":0.2701493,"populated2020":false,"population2020":null,"populationNote":"境界またぎ・収録外等のため自治体内人口は未集計"},"geometry":{"type":"Polygon","coordinates":[[[131.30000000000004,32.91666666666667],[131.30000000000004,32.920833333333334],[131.30625,32.920833333333334],[131.30625,32.916666666666664],[131.30000000000004,32.91666666666667]]]}},{"type":"Feature","id":"44208:493132042","properties":{"id":"44208:493132042","meshCode":"493132042","cityCode":"44208","city":"竹田市","lat":32.91875,"lon":131.309375,"areaKm2":0.2701493,"populated2020":false,"population2020":null,"populationNote":"境界またぎ・収録外等のため自治体内人口は未集計"},"geometry":{"type":"Polygon","coordinates":[[[131.30625,32.916666666666664],[131.30625,32.920833333333334],[131.3125,32.920833333333334],[131.3125,32.916666666666664],[131.30625,32.916666666666664]]]}},{"type":"Feature","id":"44208:493132051","properties":{"id":"44208:493132051","meshCode":"493132051","cityCode":"44208","city":"竹田市","lat":32.91875,"lon":131.315625,"areaKm2":0.2701493,"populated2020":false,"population2020":null,"populationNote":"境界またぎ・収録外等のため自治体内人口は未集計"},"geometry":{"type":"Polygon","coordinates":[[[131.3125,32.916666666666664],[131.3125,32.920833333333334],[131.31875,32.920833333333334],[131.31875,32.916666666666664],[131.3125,32.916666666666664]]]}},{"type":"Feature","id":"44208:493132052","properties":{"id":"44208:493132052","meshCode":"493132052","cityCode":"44208","city":"竹田市","lat":32.91875,"lon":131.321875,"areaKm2":0.2701493,"populated2020":false,"population2020":null,"populationNote":"境界またぎ・収録外等のため自治体内人口は未集計"},"geometry":{"type":"Polygon","coordinates":[[[131.31875,32.916666666666664],[131.31875,32.920833333333334],[131.325,32.92083333333333],[131.325,32.916666666666664],[131.31875,32.916666666666664]]]}},{"type":"Feature","id":"44208:493132061","properties":{"id":"44208:493132061","meshCode":"493132061","cityCode":"44208","city":"竹田市","lat":32.91875,"lon":131.328125,"areaKm2":0.2701493,"populated2020":true,"population2020":2.9917,"populationNote":"2020年基準人口（国交省調整値）"},"geometry":{"type":"Polygon","coordinates":[[[131.325,32.916666666666664],[131.325,32.92083333333333],[131.33125,32.920833333333334],[131.33125,32.916666666666664],[131.325,32.916666666666664]]]}},{"type":"Feature","id":"44208:493132062","properties":{"id":"44208:493132062","meshCode":"493132062","cityCode":"44208","city":"竹田市","lat":32.91875,"lon":131.334375,"areaKm2":0.2701493,"populated2020":true,"population2020":17.0033,"populationNote":"2020年基準人口（国交省調整値）"},"geometry":{"type":"Polygon","coordinates":[[[131.33125,32.916666666666664],[131.33125,32.920833333333334],[131.3375,32.92083333333333],[131.3375,32.91666666666666],[131.33125,32.916666666666664]]]}},{"type":"Feature","id":"44208:493132071","properties":{"id":"44208:493132071","meshCode":"493132071","cityCode":"44208","city":"竹田市","lat":32.91875,"lon":131.340625,"areaKm2":0.2701493,"populated2020":false,"population2020":null,"populationNote":"境界またぎ・収録外等のため自治体内人口は未集計"},"geometry":{"type":"Polygon","coordinates":[[[131.3375,32.91666666666666],[131.3375,32.92083333333333],[131.34375,32.920833333333334],[131.34375,32.91666666666667],[131.3375,32.91666666666666]]]}},{"type":"Feature","id":"44208:493132072","properties":{"id":"44208:493132072","meshCode":"493132072","cityCode":"44208","city":"竹田市","lat":32.91875,"lon":131.346875,"areaKm2":0.2701493,"populated2020":false,"population2020":null,"populationNote":"境界またぎ・収録外等のため自治体内人口は未集計"},"geometry":{"type":"Polygon","coordinates":[[[131.34375,32.91666666666667],[131.34375,32.920833333333334],[131.35,32.92083333333333],[131.35,32.91666666666666],[131.34375,32.91666666666667]]]}},{"type":"Feature","id":"44208:493132081","properties":{"id":"44208:493132081","meshCode":"493132081","cityCode":"44208","city":"竹田市","lat":32.91875,"lon":131.353125,"areaKm2":0.2701493,"populated2020":false,"population2020":null,"populationNote":"境界またぎ・収録外等のため自治体内人口は未集計"},"geometry":{"type":"Polygon","coordinates":[[[131.35,32.91666666666666],[131.35,32.92083333333333],[131.35625000000002,32.92083333333333],[131.35625000000002,32.916666666666664],[131.35,32.91666666666666]]]}},{"type":"Feature","id":"44208:493132082","properties":{"id":"44208:493132082","meshCode":"493132082","cityCode":"44208","city":"竹田市","lat":32.91875,"lon":131.359375,"areaKm2":0.2701493,"populated2020":false,"population2020":null,"populationNote":"境界またぎ・収録外等のため自治体内人口は未集計"},"geometry":{"type":"Polygon","coordinates":[[[131.35625000000002,32.916666666666664],[131.35625000000002,32.92083333333333],[131.3625,32.92083333333333],[131.3625,32.916666666666664],[131.35625000000002,32.916666666666664]]]}},{"type":"Feature","id":"44208:493132091","properties":{"id":"44208:493132091","meshCode":"493132091","cityCode":"44208","city":"竹田市","lat":32.91875,"lon":131.365625,"areaKm2":0.2701493,"populated2020":true,"population2020":16.0198,"populationNote":"2020年基準人口（国交省調整値）"},"geometry":{"type":"Polygon","coordinates":[[[131.3625,32.916666666666664],[131.3625,32.92083333333333],[131.36875,32.92083333333333],[131.36875,32.916666666666664],[131.3625,32.916666666666664]]]}},{"type":"Feature","id":"44208:493132092","properties":{"id":"44208:493132092","meshCode":"493132092","cityCode":"44208","city":"竹田市","lat":32.91875,"lon":131.371875,"areaKm2":0.2701493,"populated2020":false,"population2020":null,"populationNote":"境界またぎ・収録外等のため自治体内人口は未集計"},"geometry":{"type":"Polygon","coordinates":[[[131.36875,32.916666666666664],[131.36875,32.92083333333333],[131.375,32.920833333333334],[131.375,32.91666666666666],[131.36875,32.916666666666664]]]}},{"type":"Feature","id":"44208:493133001","properties":{"id":"44208:493133001","meshCode":"493133001","cityCode":"44208","city":"竹田市","lat":32.91875,"lon":131.378125,"areaKm2":0.2701493,"populated2020":true,"population2020":3.0036,"populationNote":"2020年基準人口（国交省調整値）"},"geometry":{"type":"Polygon","coordinates":[[[131.375,32.91666666666666],[131.375,32.920833333333334],[131.38125,32.920833333333334],[131.38125,32.916666666666664],[131.375,32.91666666666666]]]}},{"type":"Feature","id":"44208:493133002","properties":{"id":"44208:493133002","meshCode":"493133002","cityCode":"44208","city":"竹田市","lat":32.91875,"lon":131.384375,"areaKm2":0.2701493,"populated2020":true,"population2020":1.9896,"populationNote":"2020年基準人口（国交省調整値）"},"geometry":{"type":"Polygon","coordinates":[[[131.38125,32.916666666666664],[131.38125,32.920833333333334],[131.3875,32.920833333333334],[131.3875,32.916666666666664],[131.38125,32.916666666666664]]]}},{"type":"Feature","id":"44208:493133011","properties":{"id":"44208:493133011","meshCode":"493133011","cityCode":"44208","city":"竹田市","lat":32.91875,"lon":131.390625,"areaKm2":0.2701493,"populated2020":true,"population2020":22.0097,"populationNote":"2020年基準人口（国交省調整値）"},"geometry":{"type":"Polygon","coordinates":[[[131.3875,32.916666666666664],[131.3875,32.920833333333334],[131.39375,32.92083333333333],[131.39375,32.916666666666664],[131.3875,32.916666666666664]]]}},{"type":"Feature","id":"44208:493133012","properties":{"id":"44208:493133012","meshCode":"493133012","cityCode":"44208","city":"竹田市","lat":32.91875,"lon":131.396875,"areaKm2":0.2452078,"populated2020":false,"population2020":null,"populationNote":"境界またぎ・収録外等のため自治体内人口は未集計"},"geometry":{"type":"Polygon","coordinates":[[[131.398428872,32.920743162],[131.398613048,32.92021955],[131.4,32.918875514],[131.4,32.917361811000006],[131.399282218,32.917422054],[131.399134994,32.917320108],[131.39941610915116,32.916666666666664],[131.39375,32.916666666666664],[131.39375,32.92083333333333],[131.3985953210329,32.920833333333334],[131.398428872,32.920743162]]]}},{"type":"Feature","id":"44208:493133021","properties":{"id":"44208:493133021","meshCode":"493133021","cityCode":"44208","city":"竹田市","lat":32.9182012,"lon":131.400248,"areaKm2":0.0073946,"populated2020":true,"population2020":null,"populationNote":"境界またぎ・収録外等のため自治体内人口は未集計"},"geometry":{"type":"Polygon","coordinates":[[[131.4,32.918875514],[131.400385564,32.918397883],[131.400680013,32.917727883],[131.400643346,32.917494829],[131.400514734,32.91736399999999],[131.400312231,32.917305667],[131.4,32.917361811000006],[131.4,32.918875514]]]}},{"type":"Feature","id":"44208:493132003","properties":{"id":"44208:493132003","meshCode":"493132003","cityCode":"44208","city":"竹田市","lat":32.9229374,"lon":131.2547244,"areaKm2":0.1338438,"populated2020":false,"population2020":null,"populationNote":"境界またぎ・収録外等のため自治体内人口は未集計"},"geometry":{"type":"Polygon","coordinates":[[[131.253227328,32.921390468],[131.25329428,32.92281045899999],[131.25310345,32.923064351],[131.252979559,32.924511568],[131.252740233,32.925],[131.25625,32.925],[131.25625,32.920833333333334],[131.25332411525022,32.920833333333334],[131.253227328,32.921390468]]]}},{"type":"Feature","id":"44208:493132004","properties":{"id":"44208:493132004","meshCode":"493132004","cityCode":"44208","city":"竹田市","lat":32.9229167,"lon":131.259375,"areaKm2":0.2701368,"populated2020":false,"population2020":null,"populationNote":"境界またぎ・収録外等のため自治体内人口は未集計"},"geometry":{"type":"Polygon","coordinates":[[[131.25625,32.920833333333334],[131.25625,32.925],[131.2625,32.925],[131.2625,32.920833333333334],[131.25625,32.920833333333334]]]}},{"type":"Feature","id":"44208:493132013","properties":{"id":"44208:493132013","meshCode":"493132013","cityCode":"44208","city":"竹田市","lat":32.9229167,"lon":131.265625,"areaKm2":0.2701368,"populated2020":false,"population2020":null,"populationNote":"境界またぎ・収録外等のため自治体内人口は未集計"},"geometry":{"type":"Polygon","coordinates":[[[131.2625,32.920833333333334],[131.2625,32.925],[131.26875,32.925],[131.26875,32.920833333333334],[131.2625,32.920833333333334]]]}},{"type":"Feature","id":"44208:493132014","properties":{"id":"44208:493132014","meshCode":"493132014","cityCode":"44208","city":"竹田市","lat":32.9229167,"lon":131.271875,"areaKm2":0.2701368,"populated2020":false,"population2020":null,"populationNote":"境界またぎ・収録外等のため自治体内人口は未集計"},"geometry":{"type":"Polygon","coordinates":[[[131.26875,32.920833333333334],[131.26875,32.925],[131.275,32.925],[131.275,32.920833333333334],[131.26875,32.920833333333334]]]}},{"type":"Feature","id":"44208:493132023","properties":{"id":"44208:493132023","meshCode":"493132023","cityCode":"44208","city":"竹田市","lat":32.9229167,"lon":131.278125,"areaKm2":0.2701368,"populated2020":true,"population2020":9.0035,"populationNote":"2020年基準人口（国交省調整値）"},"geometry":{"type":"Polygon","coordinates":[[[131.275,32.920833333333334],[131.275,32.925],[131.28125,32.925],[131.28125,32.920833333333334],[131.275,32.920833333333334]]]}},{"type":"Feature","id":"44208:493132024","properties":{"id":"44208:493132024","meshCode":"493132024","cityCode":"44208","city":"竹田市","lat":32.9229167,"lon":131.284375,"areaKm2":0.2701368,"populated2020":true,"population2020":15.0185,"populationNote":"2020年基準人口（国交省調整値）"},"geometry":{"type":"Polygon","coordinates":[[[131.28125,32.920833333333334],[131.28125,32.925],[131.2875,32.925],[131.2875,32.920833333333334],[131.28125,32.920833333333334]]]}},{"type":"Feature","id":"44208:493132033","properties":{"id":"44208:493132033","meshCode":"493132033","cityCode":"44208","city":"竹田市","lat":32.9229167,"lon":131.290625,"areaKm2":0.2701368,"populated2020":true,"population2020":43.0645,"populationNote":"2020年基準人口（国交省調整値）"},"geometry":{"type":"Polygon","coordinates":[[[131.2875,32.920833333333334],[131.2875,32.925],[131.29375,32.925],[131.29375,32.920833333333334],[131.2875,32.920833333333334]]]}},{"type":"Feature","id":"44208:493132034","properties":{"id":"44208:493132034","meshCode":"493132034","cityCode":"44208","city":"竹田市","lat":32.9229167,"lon":131.296875,"areaKm2":0.2701368,"populated2020":true,"population2020":276.696,"populationNote":"2020年基準人口（国交省調整値）"},"geometry":{"type":"Polygon","coordinates":[[[131.29375,32.920833333333334],[131.29375,32.925],[131.30000000000004,32.925],[131.30000000000004,32.920833333333334],[131.29375,32.920833333333334]]]}},{"type":"Feature","id":"44208:493132043","properties":{"id":"44208:493132043","meshCode":"493132043","cityCode":"44208","city":"竹田市","lat":32.9229167,"lon":131.303125,"areaKm2":0.2701368,"populated2020":true,"population2020":219.3573,"populationNote":"2020年基準人口（国交省調整値）"},"geometry":{"type":"Polygon","coordinates":[[[131.30000000000004,32.920833333333334],[131.30000000000004,32.925],[131.30625,32.925],[131.30625,32.920833333333334],[131.30000000000004,32.920833333333334]]]}},{"type":"Feature","id":"44208:493132044","properties":{"id":"44208:493132044","meshCode":"493132044","cityCode":"44208","city":"竹田市","lat":32.9229167,"lon":131.309375,"areaKm2":0.2701368,"populated2020":true,"population2020":42.0646,"populationNote":"2020年基準人口（国交省調整値）"},"geometry":{"type":"Polygon","coordinates":[[[131.30625,32.920833333333334],[131.30625,32.925],[131.3125,32.925],[131.3125,32.920833333333334],[131.30625,32.920833333333334]]]}},{"type":"Feature","id":"44208:493132053","properties":{"id":"44208:493132053","meshCode":"493132053","cityCode":"44208","city":"竹田市","lat":32.9229167,"lon":131.315625,"areaKm2":0.2701368,"populated2020":false,"population2020":null,"populationNote":"境界またぎ・収録外等のため自治体内人口は未集計"},"geometry":{"type":"Polygon","coordinates":[[[131.3125,32.920833333333334],[131.3125,32.925],[131.31875,32.925],[131.31875,32.920833333333334],[131.3125,32.920833333333334]]]}},{"type":"Feature","id":"44208:493132054","properties":{"id":"44208:493132054","meshCode":"493132054","cityCode":"44208","city":"竹田市","lat":32.9229167,"lon":131.321875,"areaKm2":0.2701368,"populated2020":true,"population2020":133.333,"populationNote":"2020年基準人口（国交省調整値）"},"geometry":{"type":"Polygon","coordinates":[[[131.31875,32.920833333333334],[131.31875,32.925],[131.325,32.925],[131.325,32.92083333333333],[131.31875,32.920833333333334]]]}},{"type":"Feature","id":"44208:493132063","properties":{"id":"44208:493132063","meshCode":"493132063","cityCode":"44208","city":"竹田市","lat":32.9229167,"lon":131.328125,"areaKm2":0.2701368,"populated2020":true,"population2020":6.0197,"populationNote":"2020年基準人口（国交省調整値）"},"geometry":{"type":"Polygon","coordinates":[[[131.325,32.92083333333333],[131.325,32.925],[131.33125,32.925],[131.33125,32.920833333333334],[131.325,32.92083333333333]]]}},{"type":"Feature","id":"44208:493132064","properties":{"id":"44208:493132064","meshCode":"493132064","cityCode":"44208","city":"竹田市","lat":32.9229167,"lon":131.334375,"areaKm2":0.2701368,"populated2020":true,"population2020":4.0005,"populationNote":"2020年基準人口（国交省調整値）"},"geometry":{"type":"Polygon","coordinates":[[[131.33125,32.920833333333334],[131.33125,32.925],[131.3375,32.925],[131.3375,32.92083333333333],[131.33125,32.920833333333334]]]}},{"type":"Feature","id":"44208:493132073","properties":{"id":"44208:493132073","meshCode":"493132073","cityCode":"44208","city":"竹田市","lat":32.9229167,"lon":131.340625,"areaKm2":0.2701368,"populated2020":true,"population2020":3.9993,"populationNote":"2020年基準人口（国交省調整値）"},"geometry":{"type":"Polygon","coordinates":[[[131.3375,32.92083333333333],[131.3375,32.925],[131.34375,32.925],[131.34375,32.920833333333334],[131.3375,32.92083333333333]]]}},{"type":"Feature","id":"44208:493132074","properties":{"id":"44208:493132074","meshCode":"493132074","cityCode":"44208","city":"竹田市","lat":32.9229167,"lon":131.346875,"areaKm2":0.2701368,"populated2020":true,"population2020":18.0179,"populationNote":"2020年基準人口（国交省調整値）"},"geometry":{"type":"Polygon","coordinates":[[[131.34375,32.920833333333334],[131.34375,32.925],[131.35,32.925],[131.35,32.92083333333333],[131.34375,32.920833333333334]]]}},{"type":"Feature","id":"44208:493132083","properties":{"id":"44208:493132083","meshCode":"493132083","cityCode":"44208","city":"竹田市","lat":32.9229167,"lon":131.353125,"areaKm2":0.2701368,"populated2020":false,"population2020":null,"populationNote":"境界またぎ・収録外等のため自治体内人口は未集計"},"geometry":{"type":"Polygon","coordinates":[[[131.35,32.92083333333333],[131.35,32.925],[131.35625000000002,32.925],[131.35625000000002,32.92083333333333],[131.35,32.92083333333333]]]}},{"type":"Feature","id":"44208:493132084","properties":{"id":"44208:493132084","meshCode":"493132084","cityCode":"44208","city":"竹田市","lat":32.9229167,"lon":131.359375,"areaKm2":0.2701368,"populated2020":false,"population2020":null,"populationNote":"境界またぎ・収録外等のため自治体内人口は未集計"},"geometry":{"type":"Polygon","coordinates":[[[131.35625000000002,32.92083333333333],[131.35625000000002,32.925],[131.3625,32.925],[131.3625,32.92083333333333],[131.35625000000002,32.92083333333333]]]}},{"type":"Feature","id":"44208:493132093","properties":{"id":"44208:493132093","meshCode":"493132093","cityCode":"44208","city":"竹田市","lat":32.9229167,"lon":131.365625,"areaKm2":0.2701368,"populated2020":true,"population2020":24.0457,"populationNote":"2020年基準人口（国交省調整値）"},"geometry":{"type":"Polygon","coordinates":[[[131.3625,32.92083333333333],[131.3625,32.925],[131.36875,32.925],[131.36875,32.92083333333333],[131.3625,32.92083333333333]]]}},{"type":"Feature","id":"44208:493132094","properties":{"id":"44208:493132094","meshCode":"493132094","cityCode":"44208","city":"竹田市","lat":32.9229167,"lon":131.371875,"areaKm2":0.2701368,"populated2020":true,"population2020":19.0396,"populationNote":"2020年基準人口（国交省調整値）"},"geometry":{"type":"Polygon","coordinates":[[[131.36875,32.92083333333333],[131.36875,32.925],[131.375,32.925],[131.375,32.920833333333334],[131.36875,32.92083333333333]]]}},{"type":"Feature","id":"44208:493133003","properties":{"id":"44208:493133003","meshCode":"493133003","cityCode":"44208","city":"竹田市","lat":32.9229167,"lon":131.378125,"areaKm2":0.2701368,"populated2020":false,"population2020":null,"populationNote":"境界またぎ・収録外等のため自治体内人口は未集計"},"geometry":{"type":"Polygon","coordinates":[[[131.375,32.920833333333334],[131.375,32.925],[131.38125,32.925],[131.38125,32.920833333333334],[131.375,32.920833333333334]]]}},{"type":"Feature","id":"44208:493133004","properties":{"id":"44208:493133004","meshCode":"493133004","cityCode":"44208","city":"竹田市","lat":32.9229167,"lon":131.384375,"areaKm2":0.2701368,"populated2020":true,"population2020":6.0034,"populationNote":"2020年基準人口（国交省調整値）"},"geometry":{"type":"Polygon","coordinates":[[[131.38125,32.920833333333334],[131.38125,32.925],[131.3875,32.925],[131.3875,32.920833333333334],[131.38125,32.920833333333334]]]}},{"type":"Feature","id":"44208:493133013","properties":{"id":"44208:493133013","meshCode":"493133013","cityCode":"44208","city":"竹田市","lat":32.9229167,"lon":131.390625,"areaKm2":0.2701368,"populated2020":true,"population2020":21.9948,"populationNote":"2020年基準人口（国交省調整値）"},"geometry":{"type":"Polygon","coordinates":[[[131.3875,32.920833333333334],[131.3875,32.925],[131.39375,32.925],[131.39375,32.92083333333333],[131.3875,32.920833333333334]]]}},{"type":"Feature","id":"44208:493133014","properties":{"id":"44208:493133014","meshCode":"493133014","cityCode":"44208","city":"竹田市","lat":32.9229167,"lon":131.396875,"areaKm2":0.260152,"populated2020":true,"population2020":null,"populationNote":"境界またぎ・収録外等のため自治体内人口は未集計"},"geometry":{"type":"Polygon","coordinates":[[[131.399223735,32.92499982],[131.399423333,32.924178162],[131.4,32.92358302700001],[131.4,32.92113203600002],[131.3985953210329,32.920833333333334],[131.39375,32.92083333333333],[131.39375,32.925],[131.399223735,32.92499982]]]}},{"type":"Feature","id":"44208:493133023","properties":{"id":"44208:493133023","meshCode":"493133023","cityCode":"44208","city":"竹田市","lat":32.9223255,"lon":131.4004946,"areaKm2":0.0202405,"populated2020":true,"population2020":null,"populationNote":"境界またぎ・収録外等のため自治体内人口は未集計"},"geometry":{"type":"Polygon","coordinates":[[[131.4,32.92358302700001],[131.400744734,32.922737045000005],[131.401233619,32.921913991000004],[131.401256952,32.921627603999994],[131.401046952,32.92137176599999],[131.4,32.92113203600002],[131.4,32.92358302700001]]]}},{"type":"Feature","id":"44208:493132101","properties":{"id":"44208:493132101","meshCode":"493132101","cityCode":"44208","city":"竹田市","lat":32.9270833,"lon":131.253125,"areaKm2":0.2172766,"populated2020":false,"population2020":null,"populationNote":"境界またぎ・収録外等のため自治体内人口は未集計"},"geometry":{"type":"Polygon","coordinates":[[[131.252355123,32.92556935099999],[131.251157613,32.926895171],[131.250684838,32.927737117],[131.2500673146283,32.92916666666667],[131.25625,32.92916666666667],[131.25625,32.925],[131.252740233,32.925],[131.252355123,32.92556935099999]]]}},{"type":"Feature","id":"44208:493132102","properties":{"id":"44208:493132102","meshCode":"493132102","cityCode":"44208","city":"竹田市","lat":32.9270833,"lon":131.259375,"areaKm2":0.2701243,"populated2020":false,"population2020":null,"populationNote":"境界またぎ・収録外等のため自治体内人口は未集計"},"geometry":{"type":"Polygon","coordinates":[[[131.25625,32.925],[131.25625,32.92916666666667],[131.2625,32.92916666666666],[131.2625,32.925],[131.25625,32.925]]]}},{"type":"Feature","id":"44208:493132111","properties":{"id":"44208:493132111","meshCode":"493132111","cityCode":"44208","city":"竹田市","lat":32.9270833,"lon":131.265625,"areaKm2":0.2701243,"populated2020":true,"population2020":1.0019,"populationNote":"2020年基準人口（国交省調整値）"},"geometry":{"type":"Polygon","coordinates":[[[131.2625,32.925],[131.2625,32.92916666666666],[131.26875,32.929166666666674],[131.26875,32.925],[131.2625,32.925]]]}},{"type":"Feature","id":"44208:493132112","properties":{"id":"44208:493132112","meshCode":"493132112","cityCode":"44208","city":"竹田市","lat":32.9270833,"lon":131.271875,"areaKm2":0.2701243,"populated2020":true,"population2020":35.0904,"populationNote":"2020年基準人口（国交省調整値）"},"geometry":{"type":"Polygon","coordinates":[[[131.26875,32.925],[131.26875,32.929166666666674],[131.275,32.92916666666667],[131.275,32.925],[131.26875,32.925]]]}},{"type":"Feature","id":"44208:493132121","properties":{"id":"44208:493132121","meshCode":"493132121","cityCode":"44208","city":"竹田市","lat":32.9270833,"lon":131.278125,"areaKm2":0.2701243,"populated2020":false,"population2020":null,"populationNote":"境界またぎ・収録外等のため自治体内人口は未集計"},"geometry":{"type":"Polygon","coordinates":[[[131.275,32.925],[131.275,32.92916666666667],[131.28125,32.92916666666667],[131.28125,32.925],[131.275,32.925]]]}},{"type":"Feature","id":"44208:493132122","properties":{"id":"44208:493132122","meshCode":"493132122","cityCode":"44208","city":"竹田市","lat":32.9270833,"lon":131.284375,"areaKm2":0.2701243,"populated2020":false,"population2020":null,"populationNote":"境界またぎ・収録外等のため自治体内人口は未集計"},"geometry":{"type":"Polygon","coordinates":[[[131.28125,32.925],[131.28125,32.92916666666667],[131.2875,32.92916666666666],[131.2875,32.925],[131.28125,32.925]]]}},{"type":"Feature","id":"44208:493132131","properties":{"id":"44208:493132131","meshCode":"493132131","cityCode":"44208","city":"竹田市","lat":32.9270833,"lon":131.290625,"areaKm2":0.2701243,"populated2020":true,"population2020":60.1047,"populationNote":"2020年基準人口（国交省調整値）"},"geometry":{"type":"Polygon","coordinates":[[[131.2875,32.925],[131.2875,32.92916666666666],[131.29375,32.92916666666667],[131.29375,32.925],[131.2875,32.925]]]}},{"type":"Feature","id":"44208:493132132","properties":{"id":"44208:493132132","meshCode":"493132132","cityCode":"44208","city":"竹田市","lat":32.9270833,"lon":131.296875,"areaKm2":0.2701243,"populated2020":true,"population2020":224.4649,"populationNote":"2020年基準人口（国交省調整値）"},"geometry":{"type":"Polygon","coordinates":[[[131.29375,32.925],[131.29375,32.92916666666667],[131.30000000000004,32.92916666666667],[131.30000000000004,32.925],[131.29375,32.925]]]}},{"type":"Feature","id":"44208:493132141","properties":{"id":"44208:493132141","meshCode":"493132141","cityCode":"44208","city":"竹田市","lat":32.9270833,"lon":131.303125,"areaKm2":0.2701243,"populated2020":true,"population2020":4.0121,"populationNote":"2020年基準人口（国交省調整値）"},"geometry":{"type":"Polygon","coordinates":[[[131.30000000000004,32.925],[131.30000000000004,32.92916666666667],[131.30625,32.92916666666667],[131.30625,32.925],[131.30000000000004,32.925]]]}},{"type":"Feature","id":"44208:493132142","properties":{"id":"44208:493132142","meshCode":"493132142","cityCode":"44208","city":"竹田市","lat":32.9270833,"lon":131.309375,"areaKm2":0.2701243,"populated2020":true,"population2020":31.0344,"populationNote":"2020年基準人口（国交省調整値）"},"geometry":{"type":"Polygon","coordinates":[[[131.30625,32.925],[131.30625,32.92916666666667],[131.3125,32.92916666666666],[131.3125,32.925],[131.30625,32.925]]]}},{"type":"Feature","id":"44208:493132151","properties":{"id":"44208:493132151","meshCode":"493132151","cityCode":"44208","city":"竹田市","lat":32.9270833,"lon":131.315625,"areaKm2":0.2701243,"populated2020":false,"population2020":null,"populationNote":"境界またぎ・収録外等のため自治体内人口は未集計"},"geometry":{"type":"Polygon","coordinates":[[[131.3125,32.925],[131.3125,32.92916666666666],[131.31875,32.929166666666674],[131.31875,32.925],[131.3125,32.925]]]}},{"type":"Feature","id":"44208:493132152","properties":{"id":"44208:493132152","meshCode":"493132152","cityCode":"44208","city":"竹田市","lat":32.9270833,"lon":131.321875,"areaKm2":0.2701243,"populated2020":true,"population2020":25.0128,"populationNote":"2020年基準人口（国交省調整値）"},"geometry":{"type":"Polygon","coordinates":[[[131.31875,32.925],[131.31875,32.929166666666674],[131.325,32.92916666666666],[131.325,32.925],[131.31875,32.925]]]}},{"type":"Feature","id":"44208:493132161","properties":{"id":"44208:493132161","meshCode":"493132161","cityCode":"44208","city":"竹田市","lat":32.9270833,"lon":131.328125,"areaKm2":0.2701243,"populated2020":true,"population2020":19.0902,"populationNote":"2020年基準人口（国交省調整値）"},"geometry":{"type":"Polygon","coordinates":[[[131.325,32.925],[131.325,32.92916666666666],[131.33125,32.92916666666666],[131.33125,32.925],[131.325,32.925]]]}},{"type":"Feature","id":"44208:493132162","properties":{"id":"44208:493132162","meshCode":"493132162","cityCode":"44208","city":"竹田市","lat":32.9270833,"lon":131.334375,"areaKm2":0.2701243,"populated2020":true,"population2020":1.0017,"populationNote":"2020年基準人口（国交省調整値）"},"geometry":{"type":"Polygon","coordinates":[[[131.33125,32.925],[131.33125,32.92916666666666],[131.3375,32.92916666666666],[131.3375,32.925],[131.33125,32.925]]]}},{"type":"Feature","id":"44208:493132171","properties":{"id":"44208:493132171","meshCode":"493132171","cityCode":"44208","city":"竹田市","lat":32.9270833,"lon":131.340625,"areaKm2":0.2701243,"populated2020":true,"population2020":11.0094,"populationNote":"2020年基準人口（国交省調整値）"},"geometry":{"type":"Polygon","coordinates":[[[131.3375,32.925],[131.3375,32.92916666666666],[131.34375,32.92916666666666],[131.34375,32.925],[131.3375,32.925]]]}},{"type":"Feature","id":"44208:493132172","properties":{"id":"44208:493132172","meshCode":"493132172","cityCode":"44208","city":"竹田市","lat":32.9270833,"lon":131.346875,"areaKm2":0.2701243,"populated2020":false,"population2020":null,"populationNote":"境界またぎ・収録外等のため自治体内人口は未集計"},"geometry":{"type":"Polygon","coordinates":[[[131.34375,32.925],[131.34375,32.92916666666666],[131.35,32.92916666666667],[131.35,32.925],[131.34375,32.925]]]}},{"type":"Feature","id":"44208:493132181","properties":{"id":"44208:493132181","meshCode":"493132181","cityCode":"44208","city":"竹田市","lat":32.9270833,"lon":131.353125,"areaKm2":0.2701243,"populated2020":true,"population2020":8.9924,"populationNote":"2020年基準人口（国交省調整値）"},"geometry":{"type":"Polygon","coordinates":[[[131.35,32.925],[131.35,32.92916666666667],[131.35625000000002,32.92916666666667],[131.35625000000002,32.925],[131.35,32.925]]]}},{"type":"Feature","id":"44208:493132182","properties":{"id":"44208:493132182","meshCode":"493132182","cityCode":"44208","city":"竹田市","lat":32.9270833,"lon":131.359375,"areaKm2":0.2701243,"populated2020":true,"population2020":3.0045,"populationNote":"2020年基準人口（国交省調整値）"},"geometry":{"type":"Polygon","coordinates":[[[131.35625000000002,32.925],[131.35625000000002,32.92916666666667],[131.3625,32.92916666666667],[131.3625,32.925],[131.35625000000002,32.925]]]}},{"type":"Feature","id":"44208:493132191","properties":{"id":"44208:493132191","meshCode":"493132191","cityCode":"44208","city":"竹田市","lat":32.9270833,"lon":131.365625,"areaKm2":0.2701243,"populated2020":true,"population2020":3.001,"populationNote":"2020年基準人口（国交省調整値）"},"geometry":{"type":"Polygon","coordinates":[[[131.3625,32.925],[131.3625,32.92916666666667],[131.36875,32.92916666666666],[131.36875,32.925],[131.3625,32.925]]]}},{"type":"Feature","id":"44208:493132192","properties":{"id":"44208:493132192","meshCode":"493132192","cityCode":"44208","city":"竹田市","lat":32.9270833,"lon":131.371875,"areaKm2":0.2701243,"populated2020":true,"population2020":11.0062,"populationNote":"2020年基準人口（国交省調整値）"},"geometry":{"type":"Polygon","coordinates":[[[131.36875,32.925],[131.36875,32.92916666666666],[131.375,32.92916666666666],[131.375,32.925],[131.36875,32.925]]]}},{"type":"Feature","id":"44208:493133101","properties":{"id":"44208:493133101","meshCode":"493133101","cityCode":"44208","city":"竹田市","lat":32.9270833,"lon":131.378125,"areaKm2":0.2701243,"populated2020":true,"population2020":8.0143,"populationNote":"2020年基準人口（国交省調整値）"},"geometry":{"type":"Polygon","coordinates":[[[131.375,32.925],[131.375,32.92916666666666],[131.38125,32.92916666666666],[131.38125,32.925],[131.375,32.925]]]}},{"type":"Feature","id":"44208:493133102","properties":{"id":"44208:493133102","meshCode":"493133102","cityCode":"44208","city":"竹田市","lat":32.9270833,"lon":131.384375,"areaKm2":0.2701243,"populated2020":false,"population2020":null,"populationNote":"境界またぎ・収録外等のため自治体内人口は未集計"},"geometry":{"type":"Polygon","coordinates":[[[131.38125,32.925],[131.38125,32.92916666666666],[131.3875,32.92916666666667],[131.3875,32.925],[131.38125,32.925]]]}},{"type":"Feature","id":"44208:493133111","properties":{"id":"44208:493133111","meshCode":"493133111","cityCode":"44208","city":"竹田市","lat":32.9270833,"lon":131.390625,"areaKm2":0.2701243,"populated2020":true,"population2020":5.002,"populationNote":"2020年基準人口（国交省調整値）"},"geometry":{"type":"Polygon","coordinates":[[[131.3875,32.925],[131.3875,32.92916666666667],[131.39375,32.92916666666667],[131.39375,32.925],[131.3875,32.925]]]}},{"type":"Feature","id":"44208:493133112","properties":{"id":"44208:493133112","meshCode":"493133112","cityCode":"44208","city":"竹田市","lat":32.9270833,"lon":131.396875,"areaKm2":0.236452,"populated2020":true,"population2020":null,"populationNote":"境界またぎ・収録外等のため自治体内人口は未集計"},"geometry":{"type":"Polygon","coordinates":[[[131.3983341819675,32.92916666666667],[131.39927249,32.927858441],[131.399692218,32.926997604],[131.39958249,32.926554270000004],[131.399218599,32.92594676600001],[131.399223709,32.925],[131.39375,32.925],[131.39375,32.92916666666667],[131.3983341819675,32.92916666666667]]]}},{"type":"Feature","id":"44208:493131194","properties":{"id":"44208:493131194","meshCode":"493131194","cityCode":"44208","city":"竹田市","lat":32.9311171,"lon":131.2492694,"areaKm2":0.0583906,"populated2020":false,"population2020":null,"populationNote":"境界またぎ・収録外等のため自治体内人口は未集計"},"geometry":{"type":"Polygon","coordinates":[[[131.249998716,32.929290225],[131.249739831,32.929756559],[131.248204812,32.931480990999994],[131.248085655,32.931698486],[131.2479662,32.93259599099999],[131.247770649,32.93306320699999],[131.24761703,32.933165432],[131.24759626495842,32.93333333333333],[131.25,32.93333333333334],[131.249998716,32.929290225]]]}},{"type":"Feature","id":"44208:493132103","properties":{"id":"44208:493132103","meshCode":"493132103","cityCode":"44208","city":"竹田市","lat":32.93125,"lon":131.253125,"areaKm2":0.2700696,"populated2020":false,"population2020":null,"populationNote":"境界またぎ・収録外等のため自治体内人口は未集計"},"geometry":{"type":"Polygon","coordinates":[[[131.25,32.929287919],[131.25,32.93333333333334],[131.25625,32.93333333333334],[131.25625,32.92916666666667],[131.2500673146283,32.92916666666667],[131.25,32.929287919]]]}},{"type":"Feature","id":"44208:493132104","properties":{"id":"44208:493132104","meshCode":"493132104","cityCode":"44208","city":"竹田市","lat":32.93125,"lon":131.259375,"areaKm2":0.2701118,"populated2020":true,"population2020":16.0155,"populationNote":"2020年基準人口（国交省調整値）"},"geometry":{"type":"Polygon","coordinates":[[[131.25625,32.92916666666667],[131.25625,32.93333333333334],[131.2625,32.93333333333334],[131.2625,32.92916666666666],[131.25625,32.92916666666667]]]}},{"type":"Feature","id":"44208:493132113","properties":{"id":"44208:493132113","meshCode":"493132113","cityCode":"44208","city":"竹田市","lat":32.93125,"lon":131.265625,"areaKm2":0.2701118,"populated2020":true,"population2020":1.0022,"populationNote":"2020年基準人口（国交省調整値）"},"geometry":{"type":"Polygon","coordinates":[[[131.2625,32.92916666666666],[131.2625,32.93333333333334],[131.26875,32.93333333333333],[131.26875,32.929166666666674],[131.2625,32.92916666666666]]]}},{"type":"Feature","id":"44208:493132114","properties":{"id":"44208:493132114","meshCode":"493132114","cityCode":"44208","city":"竹田市","lat":32.93125,"lon":131.271875,"areaKm2":0.2701118,"populated2020":true,"population2020":9.0012,"populationNote":"2020年基準人口（国交省調整値）"},"geometry":{"type":"Polygon","coordinates":[[[131.26875,32.929166666666674],[131.26875,32.93333333333333],[131.275,32.93333333333333],[131.275,32.92916666666667],[131.26875,32.929166666666674]]]}},{"type":"Feature","id":"44208:493132123","properties":{"id":"44208:493132123","meshCode":"493132123","cityCode":"44208","city":"竹田市","lat":32.93125,"lon":131.278125,"areaKm2":0.2701118,"populated2020":true,"population2020":37.0521,"populationNote":"2020年基準人口（国交省調整値）"},"geometry":{"type":"Polygon","coordinates":[[[131.275,32.92916666666667],[131.275,32.93333333333333],[131.28125,32.93333333333334],[131.28125,32.92916666666667],[131.275,32.92916666666667]]]}},{"type":"Feature","id":"44208:493132124","properties":{"id":"44208:493132124","meshCode":"493132124","cityCode":"44208","city":"竹田市","lat":32.93125,"lon":131.284375,"areaKm2":0.2701118,"populated2020":false,"population2020":null,"populationNote":"境界またぎ・収録外等のため自治体内人口は未集計"},"geometry":{"type":"Polygon","coordinates":[[[131.28125,32.92916666666667],[131.28125,32.93333333333334],[131.2875,32.93333333333332],[131.2875,32.92916666666666],[131.28125,32.92916666666667]]]}},{"type":"Feature","id":"44208:493132133","properties":{"id":"44208:493132133","meshCode":"493132133","cityCode":"44208","city":"竹田市","lat":32.93125,"lon":131.290625,"areaKm2":0.2701118,"populated2020":false,"population2020":null,"populationNote":"境界またぎ・収録外等のため自治体内人口は未集計"},"geometry":{"type":"Polygon","coordinates":[[[131.2875,32.92916666666666],[131.2875,32.93333333333332],[131.29375,32.93333333333332],[131.29375,32.92916666666667],[131.2875,32.92916666666666]]]}},{"type":"Feature","id":"44208:493132134","properties":{"id":"44208:493132134","meshCode":"493132134","cityCode":"44208","city":"竹田市","lat":32.93125,"lon":131.296875,"areaKm2":0.2701118,"populated2020":true,"population2020":13.0019,"populationNote":"2020年基準人口（国交省調整値）"},"geometry":{"type":"Polygon","coordinates":[[[131.29375,32.92916666666667],[131.29375,32.93333333333332],[131.30000000000004,32.93333333333332],[131.30000000000004,32.92916666666667],[131.29375,32.92916666666667]]]}},{"type":"Feature","id":"44208:493132143","properties":{"id":"44208:493132143","meshCode":"493132143","cityCode":"44208","city":"竹田市","lat":32.93125,"lon":131.303125,"areaKm2":0.2701118,"populated2020":true,"population2020":2.002,"populationNote":"2020年基準人口（国交省調整値）"},"geometry":{"type":"Polygon","coordinates":[[[131.30000000000004,32.92916666666667],[131.30000000000004,32.93333333333332],[131.30625,32.93333333333333],[131.30625,32.92916666666667],[131.30000000000004,32.92916666666667]]]}},{"type":"Feature","id":"44208:493132144","properties":{"id":"44208:493132144","meshCode":"493132144","cityCode":"44208","city":"竹田市","lat":32.93125,"lon":131.309375,"areaKm2":0.2701118,"populated2020":true,"population2020":39.0488,"populationNote":"2020年基準人口（国交省調整値）"},"geometry":{"type":"Polygon","coordinates":[[[131.30625,32.92916666666667],[131.30625,32.93333333333333],[131.3125,32.93333333333333],[131.3125,32.92916666666666],[131.30625,32.92916666666667]]]}},{"type":"Feature","id":"44208:493132153","properties":{"id":"44208:493132153","meshCode":"493132153","cityCode":"44208","city":"竹田市","lat":32.93125,"lon":131.315625,"areaKm2":0.2701118,"populated2020":true,"population2020":50.0878,"populationNote":"2020年基準人口（国交省調整値）"},"geometry":{"type":"Polygon","coordinates":[[[131.3125,32.92916666666666],[131.3125,32.93333333333333],[131.31875,32.93333333333333],[131.31875,32.929166666666674],[131.3125,32.92916666666666]]]}},{"type":"Feature","id":"44208:493132154","properties":{"id":"44208:493132154","meshCode":"493132154","cityCode":"44208","city":"竹田市","lat":32.93125,"lon":131.321875,"areaKm2":0.2701118,"populated2020":true,"population2020":19.0057,"populationNote":"2020年基準人口（国交省調整値）"},"geometry":{"type":"Polygon","coordinates":[[[131.31875,32.929166666666674],[131.31875,32.93333333333333],[131.325,32.93333333333333],[131.325,32.92916666666666],[131.31875,32.929166666666674]]]}},{"type":"Feature","id":"44208:493132163","properties":{"id":"44208:493132163","meshCode":"493132163","cityCode":"44208","city":"竹田市","lat":32.93125,"lon":131.328125,"areaKm2":0.2701118,"populated2020":true,"population2020":7.0073,"populationNote":"2020年基準人口（国交省調整値）"},"geometry":{"type":"Polygon","coordinates":[[[131.325,32.92916666666666],[131.325,32.93333333333333],[131.33125,32.93333333333332],[131.33125,32.92916666666666],[131.325,32.92916666666666]]]}},{"type":"Feature","id":"44208:493132164","properties":{"id":"44208:493132164","meshCode":"493132164","cityCode":"44208","city":"竹田市","lat":32.93125,"lon":131.334375,"areaKm2":0.2701118,"populated2020":true,"population2020":18.0027,"populationNote":"2020年基準人口（国交省調整値）"},"geometry":{"type":"Polygon","coordinates":[[[131.33125,32.92916666666666],[131.33125,32.93333333333332],[131.3375,32.93333333333333],[131.3375,32.92916666666666],[131.33125,32.92916666666666]]]}},{"type":"Feature","id":"44208:493132173","properties":{"id":"44208:493132173","meshCode":"493132173","cityCode":"44208","city":"竹田市","lat":32.93125,"lon":131.340625,"areaKm2":0.2701118,"populated2020":true,"population2020":8.0093,"populationNote":"2020年基準人口（国交省調整値）"},"geometry":{"type":"Polygon","coordinates":[[[131.3375,32.92916666666666],[131.3375,32.93333333333333],[131.34375,32.93333333333333],[131.34375,32.92916666666666],[131.3375,32.92916666666666]]]}},{"type":"Feature","id":"44208:493132174","properties":{"id":"44208:493132174","meshCode":"493132174","cityCode":"44208","city":"竹田市","lat":32.93125,"lon":131.346875,"areaKm2":0.2701118,"populated2020":true,"population2020":5.0023,"populationNote":"2020年基準人口（国交省調整値）"},"geometry":{"type":"Polygon","coordinates":[[[131.34375,32.92916666666666],[131.34375,32.93333333333333],[131.35,32.93333333333333],[131.35,32.92916666666667],[131.34375,32.92916666666666]]]}},{"type":"Feature","id":"44208:493132183","properties":{"id":"44208:493132183","meshCode":"493132183","cityCode":"44208","city":"竹田市","lat":32.93125,"lon":131.353125,"areaKm2":0.2701118,"populated2020":false,"population2020":null,"populationNote":"境界またぎ・収録外等のため自治体内人口は未集計"},"geometry":{"type":"Polygon","coordinates":[[[131.35,32.92916666666667],[131.35,32.93333333333333],[131.35625000000002,32.93333333333332],[131.35625000000002,32.92916666666667],[131.35,32.92916666666667]]]}},{"type":"Feature","id":"44208:493132184","properties":{"id":"44208:493132184","meshCode":"493132184","cityCode":"44208","city":"竹田市","lat":32.93125,"lon":131.359375,"areaKm2":0.2701118,"populated2020":true,"population2020":46.098,"populationNote":"2020年基準人口（国交省調整値）"},"geometry":{"type":"Polygon","coordinates":[[[131.35625000000002,32.92916666666667],[131.35625000000002,32.93333333333332],[131.3625,32.93333333333333],[131.3625,32.92916666666667],[131.35625000000002,32.92916666666667]]]}},{"type":"Feature","id":"44208:493132193","properties":{"id":"44208:493132193","meshCode":"493132193","cityCode":"44208","city":"竹田市","lat":32.93125,"lon":131.365625,"areaKm2":0.2701118,"populated2020":true,"population2020":2.9911,"populationNote":"2020年基準人口（国交省調整値）"},"geometry":{"type":"Polygon","coordinates":[[[131.3625,32.92916666666667],[131.3625,32.93333333333333],[131.36875,32.93333333333333],[131.36875,32.92916666666666],[131.3625,32.92916666666667]]]}},{"type":"Feature","id":"44208:493132194","properties":{"id":"44208:493132194","meshCode":"493132194","cityCode":"44208","city":"竹田市","lat":32.93125,"lon":131.371875,"areaKm2":0.2701118,"populated2020":false,"population2020":null,"populationNote":"境界またぎ・収録外等のため自治体内人口は未集計"},"geometry":{"type":"Polygon","coordinates":[[[131.36875,32.92916666666666],[131.36875,32.93333333333333],[131.375,32.93333333333333],[131.375,32.92916666666666],[131.36875,32.92916666666666]]]}},{"type":"Feature","id":"44208:493133103","properties":{"id":"44208:493133103","meshCode":"493133103","cityCode":"44208","city":"竹田市","lat":32.93125,"lon":131.378125,"areaKm2":0.2701118,"populated2020":true,"population2020":28.0424,"populationNote":"2020年基準人口（国交省調整値）"},"geometry":{"type":"Polygon","coordinates":[[[131.375,32.92916666666666],[131.375,32.93333333333333],[131.38125,32.93333333333332],[131.38125,32.92916666666666],[131.375,32.92916666666666]]]}},{"type":"Feature","id":"44208:493133104","properties":{"id":"44208:493133104","meshCode":"493133104","cityCode":"44208","city":"竹田市","lat":32.93125,"lon":131.384375,"areaKm2":0.2701118,"populated2020":true,"population2020":16.0784,"populationNote":"2020年基準人口（国交省調整値）"},"geometry":{"type":"Polygon","coordinates":[[[131.38125,32.92916666666666],[131.38125,32.93333333333332],[131.3875,32.93333333333332],[131.3875,32.92916666666667],[131.38125,32.92916666666666]]]}},{"type":"Feature","id":"44208:493133113","properties":{"id":"44208:493133113","meshCode":"493133113","cityCode":"44208","city":"竹田市","lat":32.93125,"lon":131.390625,"areaKm2":0.2701118,"populated2020":false,"population2020":null,"populationNote":"境界またぎ・収録外等のため自治体内人口は未集計"},"geometry":{"type":"Polygon","coordinates":[[[131.3875,32.92916666666667],[131.3875,32.93333333333332],[131.39375,32.93333333333334],[131.39375,32.92916666666667],[131.3875,32.92916666666667]]]}},{"type":"Feature","id":"44208:493133114","properties":{"id":"44208:493133114","meshCode":"493133114","cityCode":"44208","city":"竹田市","lat":32.93125,"lon":131.396875,"areaKm2":0.2369239,"populated2020":false,"population2020":null,"populationNote":"境界またぎ・収録外等のため自治体内人口は未集計"},"geometry":{"type":"Polygon","coordinates":[[[131.399999442,32.929700216],[131.39956083,32.929817883],[131.398895266,32.93065872099999],[131.397670532,32.93082010799999],[131.396871634,32.930589838],[131.396678573,32.93042345],[131.396893022,32.93018150499999],[131.397431907,32.930024],[131.398060246,32.929526225],[131.3983341819675,32.92916666666667],[131.39375,32.92916666666667],[131.39375,32.93333333333334],[131.4,32.93333333333333],[131.399999442,32.929700216]]]}},{"type":"Feature","id":"44208:493133123","properties":{"id":"44208:493133123","meshCode":"493133123","cityCode":"44208","city":"竹田市","lat":32.93125,"lon":131.403125,"areaKm2":0.1454976,"populated2020":true,"population2020":null,"populationNote":"境界またぎ・収録外等のため自治体内人口は未集計"},"geometry":{"type":"Polygon","coordinates":[[[131.4,32.93333333333333],[131.40427930986448,32.93333333333333],[131.404820298,32.93323316200001],[131.40504780800003,32.933124829],[131.405308911,32.932854],[131.405362529,32.932714270000005],[131.405213359,32.932386495],[131.404281414,32.93139455000001],[131.40365918300003,32.931117054],[131.402747795,32.930874829],[131.402534176,32.93074344099999],[131.401993346,32.929894550000014],[131.400837224,32.929723441],[131.4,32.929700225],[131.4,32.93333333333333]]]}},{"type":"Feature","id":"44208:493131292","properties":{"id":"44208:493131292","meshCode":"493131292","cityCode":"44208","city":"竹田市","lat":32.9353392,"lon":131.2485716,"areaKm2":0.1208732,"populated2020":true,"population2020":null,"populationNote":"境界またぎ・収録外等のため自治体内人口は未集計"},"geometry":{"type":"Polygon","coordinates":[[[131.24759626495842,32.93333333333333],[131.247108729,32.93549155],[131.247141518,32.93644850500001],[131.24671054943877,32.93749999999999],[131.25,32.9375],[131.25,32.93333333333334],[131.24759626495842,32.93333333333333]]]}},{"type":"Feature","id":"44208:493132201","properties":{"id":"44208:493132201","meshCode":"493132201","cityCode":"44208","city":"竹田市","lat":32.9354167,"lon":131.253125,"areaKm2":0.2700994,"populated2020":false,"population2020":null,"populationNote":"境界またぎ・収録外等のため自治体内人口は未集計"},"geometry":{"type":"Polygon","coordinates":[[[131.25,32.93333333333334],[131.25,32.9375],[131.25625,32.93749999999999],[131.25625,32.93333333333334],[131.25,32.93333333333334]]]}},{"type":"Feature","id":"44208:493132202","properties":{"id":"44208:493132202","meshCode":"493132202","cityCode":"44208","city":"竹田市","lat":32.9354167,"lon":131.259375,"areaKm2":0.2700994,"populated2020":false,"population2020":null,"populationNote":"境界またぎ・収録外等のため自治体内人口は未集計"},"geometry":{"type":"Polygon","coordinates":[[[131.25625,32.93333333333334],[131.25625,32.93749999999999],[131.2625,32.9375],[131.2625,32.93333333333334],[131.25625,32.93333333333334]]]}},{"type":"Feature","id":"44208:493132211","properties":{"id":"44208:493132211","meshCode":"493132211","cityCode":"44208","city":"竹田市","lat":32.9354167,"lon":131.265625,"areaKm2":0.2700994,"populated2020":false,"population2020":null,"populationNote":"境界またぎ・収録外等のため自治体内人口は未集計"},"geometry":{"type":"Polygon","coordinates":[[[131.2625,32.93333333333334],[131.2625,32.9375],[131.26875,32.9375],[131.26875,32.93333333333333],[131.2625,32.93333333333334]]]}},{"type":"Feature","id":"44208:493132212","properties":{"id":"44208:493132212","meshCode":"493132212","cityCode":"44208","city":"竹田市","lat":32.9354167,"lon":131.271875,"areaKm2":0.2700994,"populated2020":true,"population2020":9.051,"populationNote":"2020年基準人口（国交省調整値）"},"geometry":{"type":"Polygon","coordinates":[[[131.26875,32.93333333333333],[131.26875,32.9375],[131.275,32.9375],[131.275,32.93333333333333],[131.26875,32.93333333333333]]]}},{"type":"Feature","id":"44208:493132221","properties":{"id":"44208:493132221","meshCode":"493132221","cityCode":"44208","city":"竹田市","lat":32.9354167,"lon":131.278125,"areaKm2":0.2700994,"populated2020":true,"population2020":49.0558,"populationNote":"2020年基準人口（国交省調整値）"},"geometry":{"type":"Polygon","coordinates":[[[131.275,32.93333333333333],[131.275,32.9375],[131.28125,32.9375],[131.28125,32.93333333333334],[131.275,32.93333333333333]]]}},{"type":"Feature","id":"44208:493132222","properties":{"id":"44208:493132222","meshCode":"493132222","cityCode":"44208","city":"竹田市","lat":32.9354167,"lon":131.284375,"areaKm2":0.2700994,"populated2020":true,"population2020":5.0071,"populationNote":"2020年基準人口（国交省調整値）"},"geometry":{"type":"Polygon","coordinates":[[[131.28125,32.93333333333334],[131.28125,32.9375],[131.2875,32.9375],[131.2875,32.93333333333332],[131.28125,32.93333333333334]]]}},{"type":"Feature","id":"44208:493132231","properties":{"id":"44208:493132231","meshCode":"493132231","cityCode":"44208","city":"竹田市","lat":32.9354167,"lon":131.290625,"areaKm2":0.2700994,"populated2020":true,"population2020":15.9846,"populationNote":"2020年基準人口（国交省調整値）"},"geometry":{"type":"Polygon","coordinates":[[[131.2875,32.93333333333332],[131.2875,32.9375],[131.29375,32.9375],[131.29375,32.93333333333332],[131.2875,32.93333333333332]]]}},{"type":"Feature","id":"44208:493132232","properties":{"id":"44208:493132232","meshCode":"493132232","cityCode":"44208","city":"竹田市","lat":32.9354167,"lon":131.296875,"areaKm2":0.2700994,"populated2020":true,"population2020":52.0884,"populationNote":"2020年基準人口（国交省調整値）"},"geometry":{"type":"Polygon","coordinates":[[[131.29375,32.93333333333332],[131.29375,32.9375],[131.30000000000004,32.9375],[131.30000000000004,32.93333333333332],[131.29375,32.93333333333332]]]}},{"type":"Feature","id":"44208:493132241","properties":{"id":"44208:493132241","meshCode":"493132241","cityCode":"44208","city":"竹田市","lat":32.9354167,"lon":131.303125,"areaKm2":0.2700994,"populated2020":true,"population2020":15.0382,"populationNote":"2020年基準人口（国交省調整値）"},"geometry":{"type":"Polygon","coordinates":[[[131.30000000000004,32.93333333333332],[131.30000000000004,32.9375],[131.30625,32.9375],[131.30625,32.93333333333333],[131.30000000000004,32.93333333333332]]]}},{"type":"Feature","id":"44208:493132242","properties":{"id":"44208:493132242","meshCode":"493132242","cityCode":"44208","city":"竹田市","lat":32.9354167,"lon":131.309375,"areaKm2":0.2700994,"populated2020":false,"population2020":null,"populationNote":"境界またぎ・収録外等のため自治体内人口は未集計"},"geometry":{"type":"Polygon","coordinates":[[[131.30625,32.93333333333333],[131.30625,32.9375],[131.3125,32.93750000000001],[131.3125,32.93333333333333],[131.30625,32.93333333333333]]]}},{"type":"Feature","id":"44208:493132251","properties":{"id":"44208:493132251","meshCode":"493132251","cityCode":"44208","city":"竹田市","lat":32.9354167,"lon":131.315625,"areaKm2":0.2700994,"populated2020":false,"population2020":null,"populationNote":"境界またぎ・収録外等のため自治体内人口は未集計"},"geometry":{"type":"Polygon","coordinates":[[[131.3125,32.93333333333333],[131.3125,32.93750000000001],[131.31875,32.93750000000001],[131.31875,32.93333333333333],[131.3125,32.93333333333333]]]}},{"type":"Feature","id":"44208:493132252","properties":{"id":"44208:493132252","meshCode":"493132252","cityCode":"44208","city":"竹田市","lat":32.9354167,"lon":131.321875,"areaKm2":0.2700994,"populated2020":false,"population2020":null,"populationNote":"境界またぎ・収録外等のため自治体内人口は未集計"},"geometry":{"type":"Polygon","coordinates":[[[131.31875,32.93333333333333],[131.31875,32.93750000000001],[131.325,32.9375],[131.325,32.93333333333333],[131.31875,32.93333333333333]]]}},{"type":"Feature","id":"44208:493132261","properties":{"id":"44208:493132261","meshCode":"493132261","cityCode":"44208","city":"竹田市","lat":32.9354167,"lon":131.328125,"areaKm2":0.2700994,"populated2020":false,"population2020":null,"populationNote":"境界またぎ・収録外等のため自治体内人口は未集計"},"geometry":{"type":"Polygon","coordinates":[[[131.325,32.93333333333333],[131.325,32.9375],[131.33125,32.9375],[131.33125,32.93333333333332],[131.325,32.93333333333333]]]}},{"type":"Feature","id":"44208:493132262","properties":{"id":"44208:493132262","meshCode":"493132262","cityCode":"44208","city":"竹田市","lat":32.9354167,"lon":131.334375,"areaKm2":0.2700994,"populated2020":true,"population2020":2.002,"populationNote":"2020年基準人口（国交省調整値）"},"geometry":{"type":"Polygon","coordinates":[[[131.33125,32.93333333333332],[131.33125,32.9375],[131.3375,32.9375],[131.3375,32.93333333333333],[131.33125,32.93333333333332]]]}},{"type":"Feature","id":"44208:493132271","properties":{"id":"44208:493132271","meshCode":"493132271","cityCode":"44208","city":"竹田市","lat":32.9354167,"lon":131.340625,"areaKm2":0.2700994,"populated2020":true,"population2020":25.0256,"populationNote":"2020年基準人口（国交省調整値）"},"geometry":{"type":"Polygon","coordinates":[[[131.3375,32.93333333333333],[131.3375,32.9375],[131.34375,32.93750000000001],[131.34375,32.93333333333333],[131.3375,32.93333333333333]]]}},{"type":"Feature","id":"44208:493132272","properties":{"id":"44208:493132272","meshCode":"493132272","cityCode":"44208","city":"竹田市","lat":32.9354167,"lon":131.346875,"areaKm2":0.2700994,"populated2020":false,"population2020":null,"populationNote":"境界またぎ・収録外等のため自治体内人口は未集計"},"geometry":{"type":"Polygon","coordinates":[[[131.34375,32.93333333333333],[131.34375,32.93750000000001],[131.35,32.9375],[131.35,32.93333333333333],[131.34375,32.93333333333333]]]}},{"type":"Feature","id":"44208:493132281","properties":{"id":"44208:493132281","meshCode":"493132281","cityCode":"44208","city":"竹田市","lat":32.9354167,"lon":131.353125,"areaKm2":0.2700994,"populated2020":true,"population2020":2.0022,"populationNote":"2020年基準人口（国交省調整値）"},"geometry":{"type":"Polygon","coordinates":[[[131.35,32.93333333333333],[131.35,32.9375],[131.35625000000002,32.93750000000001],[131.35625000000002,32.93333333333332],[131.35,32.93333333333333]]]}},{"type":"Feature","id":"44208:493132282","properties":{"id":"44208:493132282","meshCode":"493132282","cityCode":"44208","city":"竹田市","lat":32.9354167,"lon":131.359375,"areaKm2":0.2700994,"populated2020":true,"population2020":11.0,"populationNote":"2020年基準人口（国交省調整値）"},"geometry":{"type":"Polygon","coordinates":[[[131.35625000000002,32.93333333333332],[131.35625000000002,32.93750000000001],[131.3625,32.93750000000001],[131.3625,32.93333333333333],[131.35625000000002,32.93333333333332]]]}},{"type":"Feature","id":"44208:493132291","properties":{"id":"44208:493132291","meshCode":"493132291","cityCode":"44208","city":"竹田市","lat":32.9354167,"lon":131.365625,"areaKm2":0.2700994,"populated2020":true,"population2020":1.001,"populationNote":"2020年基準人口（国交省調整値）"},"geometry":{"type":"Polygon","coordinates":[[[131.3625,32.93333333333333],[131.3625,32.93750000000001],[131.36875,32.93749999999999],[131.36875,32.93333333333333],[131.3625,32.93333333333333]]]}},{"type":"Feature","id":"44208:493132292","properties":{"id":"44208:493132292","meshCode":"493132292","cityCode":"44208","city":"竹田市","lat":32.9354167,"lon":131.371875,"areaKm2":0.2700994,"populated2020":false,"population2020":null,"populationNote":"境界またぎ・収録外等のため自治体内人口は未集計"},"geometry":{"type":"Polygon","coordinates":[[[131.36875,32.93333333333333],[131.36875,32.93749999999999],[131.375,32.9375],[131.375,32.93333333333333],[131.36875,32.93333333333333]]]}},{"type":"Feature","id":"44208:493133201","properties":{"id":"44208:493133201","meshCode":"493133201","cityCode":"44208","city":"竹田市","lat":32.9354167,"lon":131.378125,"areaKm2":0.2700994,"populated2020":false,"population2020":null,"populationNote":"境界またぎ・収録外等のため自治体内人口は未集計"},"geometry":{"type":"Polygon","coordinates":[[[131.375,32.93333333333333],[131.375,32.9375],[131.38125,32.93749999999999],[131.38125,32.93333333333332],[131.375,32.93333333333333]]]}},{"type":"Feature","id":"44208:493133202","properties":{"id":"44208:493133202","meshCode":"493133202","cityCode":"44208","city":"竹田市","lat":32.9354167,"lon":131.384375,"areaKm2":0.2700994,"populated2020":true,"population2020":81.035,"populationNote":"2020年基準人口（国交省調整値）"},"geometry":{"type":"Polygon","coordinates":[[[131.38125,32.93333333333332],[131.38125,32.93749999999999],[131.3875,32.9375],[131.3875,32.93333333333332],[131.38125,32.93333333333332]]]}},{"type":"Feature","id":"44208:493133211","properties":{"id":"44208:493133211","meshCode":"493133211","cityCode":"44208","city":"竹田市","lat":32.9354167,"lon":131.390625,"areaKm2":0.2700994,"populated2020":true,"population2020":20.9925,"populationNote":"2020年基準人口（国交省調整値）"},"geometry":{"type":"Polygon","coordinates":[[[131.3875,32.93333333333332],[131.3875,32.9375],[131.39375,32.9375],[131.39375,32.93333333333334],[131.3875,32.93333333333332]]]}},{"type":"Feature","id":"44208:493133212","properties":{"id":"44208:493133212","meshCode":"493133212","cityCode":"44208","city":"竹田市","lat":32.9354167,"lon":131.396875,"areaKm2":0.2700994,"populated2020":false,"population2020":null,"populationNote":"境界またぎ・収録外等のため自治体内人口は未集計"},"geometry":{"type":"Polygon","coordinates":[[[131.39375,32.93333333333334],[131.39375,32.9375],[131.4,32.93750000000001],[131.4,32.93333333333333],[131.39375,32.93333333333334]]]}},{"type":"Feature","id":"44208:493133221","properties":{"id":"44208:493133221","meshCode":"493133221","cityCode":"44208","city":"竹田市","lat":32.9354167,"lon":131.403125,"areaKm2":0.1984336,"populated2020":true,"population2020":null,"populationNote":"境界またぎ・収録外等のため自治体内人口は未集計"},"geometry":{"type":"MultiPolygon","coordinates":[[[[131.406235577,32.935038991],[131.405691414,32.935109829],[131.404856407,32.935627333],[131.404439728,32.93567455],[131.404094449,32.935550667],[131.403843346,32.935361775],[131.402929728,32.934329829000006],[131.401923333,32.933614279],[131.401911673,32.933508162],[131.402121673,32.933397892],[131.40299282102868,32.93333333333333],[131.4,32.93333333333333],[131.4,32.93750000000001],[131.40625,32.9375],[131.406235577,32.935038991]]],[[[131.4029972527679,32.93333333333333],[131.403604462,32.93338649499999],[131.40427930986448,32.93333333333333],[131.4029972527679,32.93333333333333]]]]}},{"type":"Feature","id":"44208:493133222","properties":{"id":"44208:493133222","meshCode":"493133222","cityCode":"44208","city":"竹田市","lat":32.9360315,"lon":131.4075902,"areaKm2":0.056472,"populated2020":false,"population2020":null,"populationNote":"境界またぎ・収録外等のため自治体内人口は未集計"},"geometry":{"type":"Polygon","coordinates":[[[131.40793522717993,32.9375],[131.408514202,32.936708153],[131.409108923,32.936265377999995],[131.408751984,32.935797604],[131.408209754,32.93533427],[131.407460869,32.935098162],[131.407110311,32.935023441],[131.40625,32.93503874554692],[131.40625,32.9375],[131.40793522717993,32.9375]]]}},{"type":"Feature","id":"44208:493131294","properties":{"id":"44208:493131294","meshCode":"493131294","cityCode":"44208","city":"竹田市","lat":32.9395833,"lon":131.246875,"areaKm2":0.1572966,"populated2020":true,"population2020":null,"populationNote":"境界またぎ・収録外等のため自治体内人口は未集計"},"geometry":{"type":"Polygon","coordinates":[[[131.24671054943877,32.93749999999999],[131.245846265,32.93916739600001],[131.245801829,32.939674622],[131.245992672,32.94031434199999],[131.247616316,32.941559369000004],[131.2482042403125,32.94166666666667],[131.25,32.94166666666667],[131.25,32.9375],[131.24671054943877,32.93749999999999]]]}},{"type":"Feature","id":"44208:493132203","properties":{"id":"44208:493132203","meshCode":"493132203","cityCode":"44208","city":"竹田市","lat":32.9395833,"lon":131.253125,"areaKm2":0.2700869,"populated2020":false,"population2020":null,"populationNote":"境界またぎ・収録外等のため自治体内人口は未集計"},"geometry":{"type":"Polygon","coordinates":[[[131.25,32.9375],[131.25,32.94166666666667],[131.25625,32.94166666666667],[131.25625,32.93749999999999],[131.25,32.9375]]]}},{"type":"Feature","id":"44208:493132204","properties":{"id":"44208:493132204","meshCode":"493132204","cityCode":"44208","city":"竹田市","lat":32.9395833,"lon":131.259375,"areaKm2":0.2700869,"populated2020":true,"population2020":3.0077,"populationNote":"2020年基準人口（国交省調整値）"},"geometry":{"type":"Polygon","coordinates":[[[131.25625,32.93749999999999],[131.25625,32.94166666666667],[131.2625,32.94166666666667],[131.2625,32.9375],[131.25625,32.93749999999999]]]}},{"type":"Feature","id":"44208:493132213","properties":{"id":"44208:493132213","meshCode":"493132213","cityCode":"44208","city":"竹田市","lat":32.9395833,"lon":131.265625,"areaKm2":0.2700869,"populated2020":true,"population2020":8.0222,"populationNote":"2020年基準人口（国交省調整値）"},"geometry":{"type":"Polygon","coordinates":[[[131.2625,32.9375],[131.2625,32.94166666666667],[131.26875,32.94166666666667],[131.26875,32.9375],[131.2625,32.9375]]]}},{"type":"Feature","id":"44208:493132214","properties":{"id":"44208:493132214","meshCode":"493132214","cityCode":"44208","city":"竹田市","lat":32.9395833,"lon":131.271875,"areaKm2":0.2700869,"populated2020":true,"population2020":7.0001,"populationNote":"2020年基準人口（国交省調整値）"},"geometry":{"type":"Polygon","coordinates":[[[131.26875,32.9375],[131.26875,32.94166666666667],[131.275,32.94166666666667],[131.275,32.9375],[131.26875,32.9375]]]}},{"type":"Feature","id":"44208:493132223","properties":{"id":"44208:493132223","meshCode":"493132223","cityCode":"44208","city":"竹田市","lat":32.9395833,"lon":131.278125,"areaKm2":0.2700869,"populated2020":true,"population2020":34.0191,"populationNote":"2020年基準人口（国交省調整値）"},"geometry":{"type":"Polygon","coordinates":[[[131.275,32.9375],[131.275,32.94166666666667],[131.28125,32.94166666666667],[131.28125,32.9375],[131.275,32.9375]]]}},{"type":"Feature","id":"44208:493132224","properties":{"id":"44208:493132224","meshCode":"493132224","cityCode":"44208","city":"竹田市","lat":32.9395833,"lon":131.284375,"areaKm2":0.2700869,"populated2020":false,"population2020":null,"populationNote":"境界またぎ・収録外等のため自治体内人口は未集計"},"geometry":{"type":"Polygon","coordinates":[[[131.28125,32.9375],[131.28125,32.94166666666667],[131.2875,32.94166666666668],[131.2875,32.9375],[131.28125,32.9375]]]}},{"type":"Feature","id":"44208:493132233","properties":{"id":"44208:493132233","meshCode":"493132233","cityCode":"44208","city":"竹田市","lat":32.9395833,"lon":131.290625,"areaKm2":0.2700869,"populated2020":true,"population2020":19.0155,"populationNote":"2020年基準人口（国交省調整値）"},"geometry":{"type":"Polygon","coordinates":[[[131.2875,32.9375],[131.2875,32.94166666666668],[131.29375,32.94166666666668],[131.29375,32.9375],[131.2875,32.9375]]]}},{"type":"Feature","id":"44208:493132234","properties":{"id":"44208:493132234","meshCode":"493132234","cityCode":"44208","city":"竹田市","lat":32.9395833,"lon":131.296875,"areaKm2":0.2700869,"populated2020":true,"population2020":14.0543,"populationNote":"2020年基準人口（国交省調整値）"},"geometry":{"type":"Polygon","coordinates":[[[131.29375,32.9375],[131.29375,32.94166666666668],[131.30000000000004,32.94166666666668],[131.30000000000004,32.9375],[131.29375,32.9375]]]}},{"type":"Feature","id":"44208:493132243","properties":{"id":"44208:493132243","meshCode":"493132243","cityCode":"44208","city":"竹田市","lat":32.9395833,"lon":131.303125,"areaKm2":0.2700869,"populated2020":true,"population2020":27.0711,"populationNote":"2020年基準人口（国交省調整値）"},"geometry":{"type":"Polygon","coordinates":[[[131.30000000000004,32.9375],[131.30000000000004,32.94166666666668],[131.30625,32.94166666666668],[131.30625,32.9375],[131.30000000000004,32.9375]]]}},{"type":"Feature","id":"44208:493132244","properties":{"id":"44208:493132244","meshCode":"493132244","cityCode":"44208","city":"竹田市","lat":32.9395833,"lon":131.309375,"areaKm2":0.2700869,"populated2020":true,"population2020":13.9988,"populationNote":"2020年基準人口（国交省調整値）"},"geometry":{"type":"Polygon","coordinates":[[[131.30625,32.9375],[131.30625,32.94166666666668],[131.3125,32.94166666666667],[131.3125,32.93750000000001],[131.30625,32.9375]]]}},{"type":"Feature","id":"44208:493132253","properties":{"id":"44208:493132253","meshCode":"493132253","cityCode":"44208","city":"竹田市","lat":32.9395833,"lon":131.315625,"areaKm2":0.2700869,"populated2020":false,"population2020":null,"populationNote":"境界またぎ・収録外等のため自治体内人口は未集計"},"geometry":{"type":"Polygon","coordinates":[[[131.3125,32.93750000000001],[131.3125,32.94166666666667],[131.31875,32.94166666666667],[131.31875,32.93750000000001],[131.3125,32.93750000000001]]]}},{"type":"Feature","id":"44208:493132254","properties":{"id":"44208:493132254","meshCode":"493132254","cityCode":"44208","city":"竹田市","lat":32.9395833,"lon":131.321875,"areaKm2":0.2700869,"populated2020":true,"population2020":3.0009,"populationNote":"2020年基準人口（国交省調整値）"},"geometry":{"type":"Polygon","coordinates":[[[131.31875,32.93750000000001],[131.31875,32.94166666666667],[131.325,32.94166666666667],[131.325,32.9375],[131.31875,32.93750000000001]]]}},{"type":"Feature","id":"44208:493132263","properties":{"id":"44208:493132263","meshCode":"493132263","cityCode":"44208","city":"竹田市","lat":32.9395833,"lon":131.328125,"areaKm2":0.2700869,"populated2020":false,"population2020":null,"populationNote":"境界またぎ・収録外等のため自治体内人口は未集計"},"geometry":{"type":"Polygon","coordinates":[[[131.325,32.9375],[131.325,32.94166666666667],[131.33125,32.94166666666667],[131.33125,32.9375],[131.325,32.9375]]]}},{"type":"Feature","id":"44208:493132264","properties":{"id":"44208:493132264","meshCode":"493132264","cityCode":"44208","city":"竹田市","lat":32.9395833,"lon":131.334375,"areaKm2":0.2700869,"populated2020":false,"population2020":null,"populationNote":"境界またぎ・収録外等のため自治体内人口は未集計"},"geometry":{"type":"Polygon","coordinates":[[[131.33125,32.9375],[131.33125,32.94166666666667],[131.3375,32.94166666666667],[131.3375,32.9375],[131.33125,32.9375]]]}},{"type":"Feature","id":"44208:493132273","properties":{"id":"44208:493132273","meshCode":"493132273","cityCode":"44208","city":"竹田市","lat":32.9395833,"lon":131.340625,"areaKm2":0.2700869,"populated2020":false,"population2020":null,"populationNote":"境界またぎ・収録外等のため自治体内人口は未集計"},"geometry":{"type":"Polygon","coordinates":[[[131.3375,32.9375],[131.3375,32.94166666666667],[131.34375,32.94166666666667],[131.34375,32.93750000000001],[131.3375,32.9375]]]}},{"type":"Feature","id":"44208:493132274","properties":{"id":"44208:493132274","meshCode":"493132274","cityCode":"44208","city":"竹田市","lat":32.9395833,"lon":131.346875,"areaKm2":0.2700869,"populated2020":true,"population2020":2.002,"populationNote":"2020年基準人口（国交省調整値）"},"geometry":{"type":"Polygon","coordinates":[[[131.34375,32.93750000000001],[131.34375,32.94166666666667],[131.35,32.94166666666667],[131.35,32.9375],[131.34375,32.93750000000001]]]}},{"type":"Feature","id":"44208:493132283","properties":{"id":"44208:493132283","meshCode":"493132283","cityCode":"44208","city":"竹田市","lat":32.9395833,"lon":131.353125,"areaKm2":0.2700869,"populated2020":true,"population2020":6.007,"populationNote":"2020年基準人口（国交省調整値）"},"geometry":{"type":"Polygon","coordinates":[[[131.35,32.9375],[131.35,32.94166666666667],[131.35625000000002,32.94166666666668],[131.35625000000002,32.93750000000001],[131.35,32.9375]]]}},{"type":"Feature","id":"44208:493132284","properties":{"id":"44208:493132284","meshCode":"493132284","cityCode":"44208","city":"竹田市","lat":32.9395833,"lon":131.359375,"areaKm2":0.2700869,"populated2020":true,"population2020":5.0009,"populationNote":"2020年基準人口（国交省調整値）"},"geometry":{"type":"Polygon","coordinates":[[[131.35625000000002,32.93750000000001],[131.35625000000002,32.94166666666668],[131.3625,32.94166666666667],[131.3625,32.93750000000001],[131.35625000000002,32.93750000000001]]]}},{"type":"Feature","id":"44208:493132293","properties":{"id":"44208:493132293","meshCode":"493132293","cityCode":"44208","city":"竹田市","lat":32.9395833,"lon":131.365625,"areaKm2":0.2700869,"populated2020":true,"population2020":22.0067,"populationNote":"2020年基準人口（国交省調整値）"},"geometry":{"type":"Polygon","coordinates":[[[131.3625,32.93750000000001],[131.3625,32.94166666666667],[131.36875,32.94166666666666],[131.36875,32.93749999999999],[131.3625,32.93750000000001]]]}},{"type":"Feature","id":"44208:493132294","properties":{"id":"44208:493132294","meshCode":"493132294","cityCode":"44208","city":"竹田市","lat":32.9395833,"lon":131.371875,"areaKm2":0.2700869,"populated2020":true,"population2020":14.01,"populationNote":"2020年基準人口（国交省調整値）"},"geometry":{"type":"Polygon","coordinates":[[[131.36875,32.93749999999999],[131.36875,32.94166666666666],[131.375,32.94166666666667],[131.375,32.9375],[131.36875,32.93749999999999]]]}},{"type":"Feature","id":"44208:493133203","properties":{"id":"44208:493133203","meshCode":"493133203","cityCode":"44208","city":"竹田市","lat":32.9395833,"lon":131.378125,"areaKm2":0.2700869,"populated2020":true,"population2020":36.0353,"populationNote":"2020年基準人口（国交省調整値）"},"geometry":{"type":"Polygon","coordinates":[[[131.375,32.9375],[131.375,32.94166666666667],[131.38125,32.94166666666667],[131.38125,32.93749999999999],[131.375,32.9375]]]}},{"type":"Feature","id":"44208:493133204","properties":{"id":"44208:493133204","meshCode":"493133204","cityCode":"44208","city":"竹田市","lat":32.9395833,"lon":131.384375,"areaKm2":0.2700869,"populated2020":true,"population2020":30.0557,"populationNote":"2020年基準人口（国交省調整値）"},"geometry":{"type":"Polygon","coordinates":[[[131.38125,32.93749999999999],[131.38125,32.94166666666667],[131.3875,32.94166666666667],[131.3875,32.9375],[131.38125,32.93749999999999]]]}},{"type":"Feature","id":"44208:493133213","properties":{"id":"44208:493133213","meshCode":"493133213","cityCode":"44208","city":"竹田市","lat":32.9395833,"lon":131.390625,"areaKm2":0.2700869,"populated2020":true,"population2020":37.0343,"populationNote":"2020年基準人口（国交省調整値）"},"geometry":{"type":"Polygon","coordinates":[[[131.3875,32.9375],[131.3875,32.94166666666667],[131.39375,32.94166666666666],[131.39375,32.9375],[131.3875,32.9375]]]}},{"type":"Feature","id":"44208:493133214","properties":{"id":"44208:493133214","meshCode":"493133214","cityCode":"44208","city":"竹田市","lat":32.9395833,"lon":131.396875,"areaKm2":0.2700869,"populated2020":true,"population2020":41.0577,"populationNote":"2020年基準人口（国交省調整値）"},"geometry":{"type":"Polygon","coordinates":[[[131.39375,32.9375],[131.39375,32.94166666666666],[131.4,32.94166666666667],[131.4,32.93750000000001],[131.39375,32.9375]]]}},{"type":"Feature","id":"44208:493133223","properties":{"id":"44208:493133223","meshCode":"493133223","cityCode":"44208","city":"竹田市","lat":32.9395833,"lon":131.403125,"areaKm2":0.2700869,"populated2020":false,"population2020":null,"populationNote":"境界またぎ・収録外等のため自治体内人口は未集計"},"geometry":{"type":"Polygon","coordinates":[[[131.4,32.93750000000001],[131.4,32.94166666666667],[131.40625,32.94166666666667],[131.40625,32.9375],[131.4,32.93750000000001]]]}},{"type":"Feature","id":"44208:493133224","properties":{"id":"44208:493133224","meshCode":"493133224","cityCode":"44208","city":"竹田市","lat":32.9394468,"lon":131.4071686,"areaKm2":0.0841944,"populated2020":false,"population2020":null,"populationNote":"境界またぎ・収録外等のため自治体内人口は未集計"},"geometry":{"type":"Polygon","coordinates":[[[131.408969481,32.941666485999995],[131.40881751,32.94100036900001],[131.408207237,32.939647874],[131.407694462,32.938788712],[131.407606122,32.938250378],[131.407641128,32.93793982],[131.40793522717993,32.9375],[131.40625,32.9375],[131.40625,32.94166666666667],[131.408969481,32.941666485999995]]]}},{"type":"Feature","id":"44208:493131392","properties":{"id":"44208:493131392","meshCode":"493131392","cityCode":"44208","city":"竹田市","lat":32.9426392,"lon":131.2493945,"areaKm2":0.0200867,"populated2020":false,"population2020":null,"populationNote":"境界またぎ・収録外等のため自治体内人口は未集計"},"geometry":{"type":"Polygon","coordinates":[[[131.248204241,32.94166666700001],[131.248579377,32.941901874],[131.248708275,32.94217965799999],[131.248689118,32.942517990999995],[131.248888833,32.942760495],[131.249480519,32.943018559],[131.249700246,32.94352606300001],[131.25,32.94369155900001],[131.25,32.94166666666667],[131.248204241,32.94166666700001]]]}},{"type":"Feature","id":"44208:493132301","properties":{"id":"44208:493132301","meshCode":"493132301","cityCode":"44208","city":"竹田市","lat":32.94375,"lon":131.253125,"areaKm2":0.2502604,"populated2020":false,"population2020":null,"populationNote":"境界またぎ・収録外等のため自治体内人口は未集計"},"geometry":{"type":"Polygon","coordinates":[[[131.250171634,32.943786341999996],[131.25039080400003,32.944136631000006],[131.250954423,32.944740793],[131.251121362,32.945303018],[131.25126415,32.945459963999994],[131.251774981,32.945677748],[131.2519488612297,32.94583333333334],[131.25625,32.94583333333334],[131.25625,32.94166666666667],[131.25,32.94166666666667],[131.25,32.94369155900001],[131.250171634,32.943786341999996]]]}},{"type":"Feature","id":"44208:493132302","properties":{"id":"44208:493132302","meshCode":"493132302","cityCode":"44208","city":"竹田市","lat":32.94375,"lon":131.259375,"areaKm2":0.2700744,"populated2020":true,"population2020":23.1244,"populationNote":"2020年基準人口（国交省調整値）"},"geometry":{"type":"Polygon","coordinates":[[[131.25625,32.94166666666667],[131.25625,32.94583333333334],[131.2625,32.94583333333334],[131.2625,32.94166666666667],[131.25625,32.94166666666667]]]}},{"type":"Feature","id":"44208:493132311","properties":{"id":"44208:493132311","meshCode":"493132311","cityCode":"44208","city":"竹田市","lat":32.94375,"lon":131.265625,"areaKm2":0.2700744,"populated2020":false,"population2020":null,"populationNote":"境界またぎ・収録外等のため自治体内人口は未集計"},"geometry":{"type":"Polygon","coordinates":[[[131.2625,32.94166666666667],[131.2625,32.94583333333334],[131.26875,32.94583333333334],[131.26875,32.94166666666667],[131.2625,32.94166666666667]]]}},{"type":"Feature","id":"44208:493132312","properties":{"id":"44208:493132312","meshCode":"493132312","cityCode":"44208","city":"竹田市","lat":32.94375,"lon":131.271875,"areaKm2":0.2700744,"populated2020":false,"population2020":null,"populationNote":"境界またぎ・収録外等のため自治体内人口は未集計"},"geometry":{"type":"Polygon","coordinates":[[[131.26875,32.94166666666667],[131.26875,32.94583333333334],[131.275,32.94583333333334],[131.275,32.94166666666667],[131.26875,32.94166666666667]]]}},{"type":"Feature","id":"44208:493132321","properties":{"id":"44208:493132321","meshCode":"493132321","cityCode":"44208","city":"竹田市","lat":32.94375,"lon":131.278125,"areaKm2":0.2700744,"populated2020":true,"population2020":11.0054,"populationNote":"2020年基準人口（国交省調整値）"},"geometry":{"type":"Polygon","coordinates":[[[131.275,32.94166666666667],[131.275,32.94583333333334],[131.28125,32.94583333333334],[131.28125,32.94166666666667],[131.275,32.94166666666667]]]}},{"type":"Feature","id":"44208:493132322","properties":{"id":"44208:493132322","meshCode":"493132322","cityCode":"44208","city":"竹田市","lat":32.94375,"lon":131.284375,"areaKm2":0.2700744,"populated2020":false,"population2020":null,"populationNote":"境界またぎ・収録外等のため自治体内人口は未集計"},"geometry":{"type":"Polygon","coordinates":[[[131.28125,32.94166666666667],[131.28125,32.94583333333334],[131.2875,32.94583333333333],[131.2875,32.94166666666668],[131.28125,32.94166666666667]]]}},{"type":"Feature","id":"44208:493132331","properties":{"id":"44208:493132331","meshCode":"493132331","cityCode":"44208","city":"竹田市","lat":32.94375,"lon":131.290625,"areaKm2":0.2700744,"populated2020":false,"population2020":null,"populationNote":"境界またぎ・収録外等のため自治体内人口は未集計"},"geometry":{"type":"Polygon","coordinates":[[[131.2875,32.94166666666668],[131.2875,32.94583333333333],[131.29375,32.94583333333333],[131.29375,32.94166666666668],[131.2875,32.94166666666668]]]}},{"type":"Feature","id":"44208:493132332","properties":{"id":"44208:493132332","meshCode":"493132332","cityCode":"44208","city":"竹田市","lat":32.94375,"lon":131.296875,"areaKm2":0.2700744,"populated2020":false,"population2020":null,"populationNote":"境界またぎ・収録外等のため自治体内人口は未集計"},"geometry":{"type":"Polygon","coordinates":[[[131.29375,32.94166666666668],[131.29375,32.94583333333333],[131.30000000000004,32.94583333333334],[131.30000000000004,32.94166666666668],[131.29375,32.94166666666668]]]}},{"type":"Feature","id":"44208:493132341","properties":{"id":"44208:493132341","meshCode":"493132341","cityCode":"44208","city":"竹田市","lat":32.94375,"lon":131.303125,"areaKm2":0.2700744,"populated2020":false,"population2020":null,"populationNote":"境界またぎ・収録外等のため自治体内人口は未集計"},"geometry":{"type":"Polygon","coordinates":[[[131.30000000000004,32.94166666666668],[131.30000000000004,32.94583333333334],[131.30625,32.94583333333334],[131.30625,32.94166666666668],[131.30000000000004,32.94166666666668]]]}},{"type":"Feature","id":"44208:493132342","properties":{"id":"44208:493132342","meshCode":"493132342","cityCode":"44208","city":"竹田市","lat":32.94375,"lon":131.309375,"areaKm2":0.2700744,"populated2020":true,"population2020":2.9986,"populationNote":"2020年基準人口（国交省調整値）"},"geometry":{"type":"Polygon","coordinates":[[[131.30625,32.94166666666668],[131.30625,32.94583333333334],[131.3125,32.94583333333334],[131.3125,32.94166666666667],[131.30625,32.94166666666668]]]}},{"type":"Feature","id":"44208:493132351","properties":{"id":"44208:493132351","meshCode":"493132351","cityCode":"44208","city":"竹田市","lat":32.94375,"lon":131.315625,"areaKm2":0.2700744,"populated2020":true,"population2020":8.0153,"populationNote":"2020年基準人口（国交省調整値）"},"geometry":{"type":"Polygon","coordinates":[[[131.3125,32.94166666666667],[131.3125,32.94583333333334],[131.31875,32.94583333333334],[131.31875,32.94166666666667],[131.3125,32.94166666666667]]]}},{"type":"Feature","id":"44208:493132352","properties":{"id":"44208:493132352","meshCode":"493132352","cityCode":"44208","city":"竹田市","lat":32.94375,"lon":131.321875,"areaKm2":0.2700744,"populated2020":false,"population2020":null,"populationNote":"境界またぎ・収録外等のため自治体内人口は未集計"},"geometry":{"type":"Polygon","coordinates":[[[131.31875,32.94166666666667],[131.31875,32.94583333333334],[131.325,32.94583333333334],[131.325,32.94166666666667],[131.31875,32.94166666666667]]]}},{"type":"Feature","id":"44208:493132361","properties":{"id":"44208:493132361","meshCode":"493132361","cityCode":"44208","city":"竹田市","lat":32.94375,"lon":131.328125,"areaKm2":0.2700744,"populated2020":true,"population2020":5.9934,"populationNote":"2020年基準人口（国交省調整値）"},"geometry":{"type":"Polygon","coordinates":[[[131.325,32.94166666666667],[131.325,32.94583333333334],[131.33125,32.94583333333334],[131.33125,32.94166666666667],[131.325,32.94166666666667]]]}},{"type":"Feature","id":"44208:493132362","properties":{"id":"44208:493132362","meshCode":"493132362","cityCode":"44208","city":"竹田市","lat":32.94375,"lon":131.334375,"areaKm2":0.2700744,"populated2020":false,"population2020":null,"populationNote":"境界またぎ・収録外等のため自治体内人口は未集計"},"geometry":{"type":"Polygon","coordinates":[[[131.33125,32.94166666666667],[131.33125,32.94583333333334],[131.3375,32.94583333333334],[131.3375,32.94166666666667],[131.33125,32.94166666666667]]]}},{"type":"Feature","id":"44208:493132371","properties":{"id":"44208:493132371","meshCode":"493132371","cityCode":"44208","city":"竹田市","lat":32.94375,"lon":131.340625,"areaKm2":0.2700744,"populated2020":true,"population2020":27.024,"populationNote":"2020年基準人口（国交省調整値）"},"geometry":{"type":"Polygon","coordinates":[[[131.3375,32.94166666666667],[131.3375,32.94583333333334],[131.34375,32.94583333333334],[131.34375,32.94166666666667],[131.3375,32.94166666666667]]]}},{"type":"Feature","id":"44208:493132372","properties":{"id":"44208:493132372","meshCode":"493132372","cityCode":"44208","city":"竹田市","lat":32.94375,"lon":131.346875,"areaKm2":0.2700744,"populated2020":true,"population2020":28.0399,"populationNote":"2020年基準人口（国交省調整値）"},"geometry":{"type":"Polygon","coordinates":[[[131.34375,32.94166666666667],[131.34375,32.94583333333334],[131.35,32.94583333333334],[131.35,32.94166666666667],[131.34375,32.94166666666667]]]}},{"type":"Feature","id":"44208:493132381","properties":{"id":"44208:493132381","meshCode":"493132381","cityCode":"44208","city":"竹田市","lat":32.94375,"lon":131.353125,"areaKm2":0.2700744,"populated2020":true,"population2020":8.0167,"populationNote":"2020年基準人口（国交省調整値）"},"geometry":{"type":"Polygon","coordinates":[[[131.35,32.94166666666667],[131.35,32.94583333333334],[131.35625000000002,32.94583333333334],[131.35625000000002,32.94166666666668],[131.35,32.94166666666667]]]}},{"type":"Feature","id":"44208:493132382","properties":{"id":"44208:493132382","meshCode":"493132382","cityCode":"44208","city":"竹田市","lat":32.94375,"lon":131.359375,"areaKm2":0.2700744,"populated2020":true,"population2020":6.0451,"populationNote":"2020年基準人口（国交省調整値）"},"geometry":{"type":"Polygon","coordinates":[[[131.35625000000002,32.94166666666668],[131.35625000000002,32.94583333333334],[131.3625,32.94583333333334],[131.3625,32.94166666666667],[131.35625000000002,32.94166666666668]]]}},{"type":"Feature","id":"44208:493132391","properties":{"id":"44208:493132391","meshCode":"493132391","cityCode":"44208","city":"竹田市","lat":32.94375,"lon":131.365625,"areaKm2":0.2700744,"populated2020":true,"population2020":12.0227,"populationNote":"2020年基準人口（国交省調整値）"},"geometry":{"type":"Polygon","coordinates":[[[131.3625,32.94166666666667],[131.3625,32.94583333333334],[131.36875,32.94583333333334],[131.36875,32.94166666666666],[131.3625,32.94166666666667]]]}},{"type":"Feature","id":"44208:493132392","properties":{"id":"44208:493132392","meshCode":"493132392","cityCode":"44208","city":"竹田市","lat":32.94375,"lon":131.371875,"areaKm2":0.2700744,"populated2020":true,"population2020":65.0607,"populationNote":"2020年基準人口（国交省調整値）"},"geometry":{"type":"Polygon","coordinates":[[[131.36875,32.94166666666666],[131.36875,32.94583333333334],[131.375,32.94583333333334],[131.375,32.94166666666667],[131.36875,32.94166666666666]]]}},{"type":"Feature","id":"44208:493133301","properties":{"id":"44208:493133301","meshCode":"493133301","cityCode":"44208","city":"竹田市","lat":32.94375,"lon":131.378125,"areaKm2":0.2700744,"populated2020":true,"population2020":83.108,"populationNote":"2020年基準人口（国交省調整値）"},"geometry":{"type":"Polygon","coordinates":[[[131.375,32.94166666666667],[131.375,32.94583333333334],[131.38125,32.94583333333334],[131.38125,32.94166666666667],[131.375,32.94166666666667]]]}},{"type":"Feature","id":"44208:493133302","properties":{"id":"44208:493133302","meshCode":"493133302","cityCode":"44208","city":"竹田市","lat":32.94375,"lon":131.384375,"areaKm2":0.2700744,"populated2020":true,"population2020":11.0229,"populationNote":"2020年基準人口（国交省調整値）"},"geometry":{"type":"Polygon","coordinates":[[[131.38125,32.94166666666667],[131.38125,32.94583333333334],[131.3875,32.94583333333334],[131.3875,32.94166666666667],[131.38125,32.94166666666667]]]}},{"type":"Feature","id":"44208:493133311","properties":{"id":"44208:493133311","meshCode":"493133311","cityCode":"44208","city":"竹田市","lat":32.94375,"lon":131.390625,"areaKm2":0.2700744,"populated2020":false,"population2020":null,"populationNote":"境界またぎ・収録外等のため自治体内人口は未集計"},"geometry":{"type":"Polygon","coordinates":[[[131.3875,32.94166666666667],[131.3875,32.94583333333334],[131.39375,32.94583333333334],[131.39375,32.94166666666666],[131.3875,32.94166666666667]]]}},{"type":"Feature","id":"44208:493133312","properties":{"id":"44208:493133312","meshCode":"493133312","cityCode":"44208","city":"竹田市","lat":32.94375,"lon":131.396875,"areaKm2":0.2700744,"populated2020":false,"population2020":null,"populationNote":"境界またぎ・収録外等のため自治体内人口は未集計"},"geometry":{"type":"Polygon","coordinates":[[[131.39375,32.94166666666666],[131.39375,32.94583333333334],[131.4,32.94583333333334],[131.4,32.94166666666667],[131.39375,32.94166666666666]]]}},{"type":"Feature","id":"44208:493133321","properties":{"id":"44208:493133321","meshCode":"493133321","cityCode":"44208","city":"竹田市","lat":32.94375,"lon":131.403125,"areaKm2":0.2700744,"populated2020":false,"population2020":null,"populationNote":"境界またぎ・収録外等のため自治体内人口は未集計"},"geometry":{"type":"Polygon","coordinates":[[[131.4,32.94166666666667],[131.4,32.94583333333334],[131.40625,32.94583333333334],[131.40625,32.94166666666667],[131.4,32.94166666666667]]]}},{"type":"Feature","id":"44208:493133322","properties":{"id":"44208:493133322","meshCode":"493133322","cityCode":"44208","city":"竹田市","lat":32.9437673,"lon":131.4074602,"areaKm2":0.0742786,"populated2020":false,"population2020":null,"populationNote":"境界またぎ・収録外等のため自治体内人口は未集計"},"geometry":{"type":"MultiPolygon","coordinates":[[[[131.4080183156385,32.94583333333334],[131.407916368,32.945806207],[131.40778206737454,32.94583333333334],[131.4080183156385,32.94583333333334]]],[[[131.4066485758225,32.94583333333334],[131.406576096,32.94558204500001],[131.406746096,32.94527760400001],[131.406398599,32.944905658],[131.406478042,32.94475482],[131.407456654,32.944375937000004],[131.407624436,32.944068991],[131.407755266,32.943990099],[131.407927211,32.943913712000004],[131.408489157,32.943890098999994],[131.408619157,32.943848712],[131.40872166,32.943685928],[131.40872166,32.943202594999995],[131.409015551,32.94257564899999],[131.40896951992818,32.94166666666666],[131.40625,32.94166666666667],[131.40625,32.94583333333334],[131.4066485758225,32.94583333333334]]]]}},{"type":"Feature","id":"44208:493131394","properties":{"id":"44208:493131394","meshCode":"493131394","cityCode":"44208","city":"竹田市","lat":32.9490426,"lon":131.2488556,"areaKm2":0.0465526,"populated2020":false,"population2020":null,"populationNote":"境界またぎ・収録外等のため自治体内人口は未集計"},"geometry":{"type":"Polygon","coordinates":[[[131.249998898,32.94836068499999],[131.249505837,32.94813499100001],[131.249281388,32.947897486],[131.248975824,32.94778859499999],[131.248727769,32.947788595],[131.248408054,32.947925541],[131.248040272,32.948630541],[131.247806394,32.948823874],[131.24739306100003,32.94956527],[131.247244202,32.95],[131.25,32.95],[131.249998898,32.94836068499999]]]}},{"type":"Feature","id":"44208:493132303","properties":{"id":"44208:493132303","meshCode":"493132303","cityCode":"44208","city":"竹田市","lat":32.9479167,"lon":131.253125,"areaKm2":0.2178016,"populated2020":true,"population2020":null,"populationNote":"境界またぎ・収録外等のため自治体内人口は未集計"},"geometry":{"type":"Polygon","coordinates":[[[131.2519488612297,32.94583333333334],[131.252629144,32.94645774800001],[131.25259081700003,32.94661497300001],[131.252056939,32.94730970300001],[131.252004436,32.947531369],[131.25161304800002,32.94790609],[131.251025837,32.948272207],[131.250460285,32.948179432],[131.25,32.948360523],[131.25,32.95],[131.25625,32.949999999999996],[131.25625,32.94583333333334],[131.2519488612297,32.94583333333334]]]}},{"type":"Feature","id":"44208:493132304","properties":{"id":"44208:493132304","meshCode":"493132304","cityCode":"44208","city":"竹田市","lat":32.9479167,"lon":131.259375,"areaKm2":0.2700619,"populated2020":true,"population2020":18.0525,"populationNote":"2020年基準人口（国交省調整値）"},"geometry":{"type":"Polygon","coordinates":[[[131.25625,32.94583333333334],[131.25625,32.949999999999996],[131.2625,32.95],[131.2625,32.94583333333334],[131.25625,32.94583333333334]]]}},{"type":"Feature","id":"44208:493132313","properties":{"id":"44208:493132313","meshCode":"493132313","cityCode":"44208","city":"竹田市","lat":32.9479167,"lon":131.265625,"areaKm2":0.2700619,"populated2020":false,"population2020":null,"populationNote":"境界またぎ・収録外等のため自治体内人口は未集計"},"geometry":{"type":"Polygon","coordinates":[[[131.2625,32.94583333333334],[131.2625,32.95],[131.26875,32.95],[131.26875,32.94583333333334],[131.2625,32.94583333333334]]]}},{"type":"Feature","id":"44208:493132314","properties":{"id":"44208:493132314","meshCode":"493132314","cityCode":"44208","city":"竹田市","lat":32.9479167,"lon":131.271875,"areaKm2":0.2700619,"populated2020":false,"population2020":null,"populationNote":"境界またぎ・収録外等のため自治体内人口は未集計"},"geometry":{"type":"Polygon","coordinates":[[[131.26875,32.94583333333334],[131.26875,32.95],[131.275,32.95],[131.275,32.94583333333334],[131.26875,32.94583333333334]]]}},{"type":"Feature","id":"44208:493132323","properties":{"id":"44208:493132323","meshCode":"493132323","cityCode":"44208","city":"竹田市","lat":32.9479167,"lon":131.278125,"areaKm2":0.2700619,"populated2020":true,"population2020":38.0285,"populationNote":"2020年基準人口（国交省調整値）"},"geometry":{"type":"Polygon","coordinates":[[[131.275,32.94583333333334],[131.275,32.95],[131.28125,32.95],[131.28125,32.94583333333334],[131.275,32.94583333333334]]]}},{"type":"Feature","id":"44208:493132324","properties":{"id":"44208:493132324","meshCode":"493132324","cityCode":"44208","city":"竹田市","lat":32.9479167,"lon":131.284375,"areaKm2":0.2700619,"populated2020":false,"population2020":null,"populationNote":"境界またぎ・収録外等のため自治体内人口は未集計"},"geometry":{"type":"Polygon","coordinates":[[[131.28125,32.94583333333334],[131.28125,32.95],[131.2875,32.949999999999996],[131.2875,32.94583333333333],[131.28125,32.94583333333334]]]}},{"type":"Feature","id":"44208:493132333","properties":{"id":"44208:493132333","meshCode":"493132333","cityCode":"44208","city":"竹田市","lat":32.9479167,"lon":131.290625,"areaKm2":0.2700619,"populated2020":false,"population2020":null,"populationNote":"境界またぎ・収録外等のため自治体内人口は未集計"},"geometry":{"type":"Polygon","coordinates":[[[131.2875,32.94583333333333],[131.2875,32.949999999999996],[131.29375,32.95],[131.29375,32.94583333333333],[131.2875,32.94583333333333]]]}},{"type":"Feature","id":"44208:493132334","properties":{"id":"44208:493132334","meshCode":"493132334","cityCode":"44208","city":"竹田市","lat":32.9479167,"lon":131.296875,"areaKm2":0.2700619,"populated2020":false,"population2020":null,"populationNote":"境界またぎ・収録外等のため自治体内人口は未集計"},"geometry":{"type":"Polygon","coordinates":[[[131.29375,32.94583333333333],[131.29375,32.95],[131.30000000000004,32.95000000000001],[131.30000000000004,32.94583333333334],[131.29375,32.94583333333333]]]}},{"type":"Feature","id":"44208:493132343","properties":{"id":"44208:493132343","meshCode":"493132343","cityCode":"44208","city":"竹田市","lat":32.9479167,"lon":131.303125,"areaKm2":0.2700619,"populated2020":true,"population2020":9.0117,"populationNote":"2020年基準人口（国交省調整値）"},"geometry":{"type":"Polygon","coordinates":[[[131.30000000000004,32.94583333333334],[131.30000000000004,32.95000000000001],[131.30625,32.95],[131.30625,32.94583333333334],[131.30000000000004,32.94583333333334]]]}},{"type":"Feature","id":"44208:493132344","properties":{"id":"44208:493132344","meshCode":"493132344","cityCode":"44208","city":"竹田市","lat":32.9479167,"lon":131.309375,"areaKm2":0.2700619,"populated2020":false,"population2020":null,"populationNote":"境界またぎ・収録外等のため自治体内人口は未集計"},"geometry":{"type":"Polygon","coordinates":[[[131.30625,32.94583333333334],[131.30625,32.95],[131.3125,32.95],[131.3125,32.94583333333334],[131.30625,32.94583333333334]]]}},{"type":"Feature","id":"44208:493132353","properties":{"id":"44208:493132353","meshCode":"493132353","cityCode":"44208","city":"竹田市","lat":32.9479167,"lon":131.315625,"areaKm2":0.2700619,"populated2020":false,"population2020":null,"populationNote":"境界またぎ・収録外等のため自治体内人口は未集計"},"geometry":{"type":"Polygon","coordinates":[[[131.3125,32.94583333333334],[131.3125,32.95],[131.31875,32.949999999999996],[131.31875,32.94583333333334],[131.3125,32.94583333333334]]]}},{"type":"Feature","id":"44208:493132354","properties":{"id":"44208:493132354","meshCode":"493132354","cityCode":"44208","city":"竹田市","lat":32.9479167,"lon":131.321875,"areaKm2":0.2700619,"populated2020":false,"population2020":null,"populationNote":"境界またぎ・収録外等のため自治体内人口は未集計"},"geometry":{"type":"Polygon","coordinates":[[[131.31875,32.94583333333334],[131.31875,32.949999999999996],[131.325,32.95],[131.325,32.94583333333334],[131.31875,32.94583333333334]]]}},{"type":"Feature","id":"44208:493132363","properties":{"id":"44208:493132363","meshCode":"493132363","cityCode":"44208","city":"竹田市","lat":32.9479167,"lon":131.328125,"areaKm2":0.2700619,"populated2020":true,"population2020":5.0055,"populationNote":"2020年基準人口（国交省調整値）"},"geometry":{"type":"Polygon","coordinates":[[[131.325,32.94583333333334],[131.325,32.95],[131.33125,32.95],[131.33125,32.94583333333334],[131.325,32.94583333333334]]]}},{"type":"Feature","id":"44208:493132364","properties":{"id":"44208:493132364","meshCode":"493132364","cityCode":"44208","city":"竹田市","lat":32.9479167,"lon":131.334375,"areaKm2":0.2700619,"populated2020":true,"population2020":8.025,"populationNote":"2020年基準人口（国交省調整値）"},"geometry":{"type":"Polygon","coordinates":[[[131.33125,32.94583333333334],[131.33125,32.95],[131.3375,32.95],[131.3375,32.94583333333334],[131.33125,32.94583333333334]]]}},{"type":"Feature","id":"44208:493132373","properties":{"id":"44208:493132373","meshCode":"493132373","cityCode":"44208","city":"竹田市","lat":32.9479167,"lon":131.340625,"areaKm2":0.2700619,"populated2020":true,"population2020":3.0046,"populationNote":"2020年基準人口（国交省調整値）"},"geometry":{"type":"Polygon","coordinates":[[[131.3375,32.94583333333334],[131.3375,32.95],[131.34375,32.95000000000001],[131.34375,32.94583333333334],[131.3375,32.94583333333334]]]}},{"type":"Feature","id":"44208:493132374","properties":{"id":"44208:493132374","meshCode":"493132374","cityCode":"44208","city":"竹田市","lat":32.9479167,"lon":131.346875,"areaKm2":0.2700619,"populated2020":true,"population2020":11.038,"populationNote":"2020年基準人口（国交省調整値）"},"geometry":{"type":"Polygon","coordinates":[[[131.34375,32.94583333333334],[131.34375,32.95000000000001],[131.35,32.95],[131.35,32.94583333333334],[131.34375,32.94583333333334]]]}},{"type":"Feature","id":"44208:493132383","properties":{"id":"44208:493132383","meshCode":"493132383","cityCode":"44208","city":"竹田市","lat":32.9479167,"lon":131.353125,"areaKm2":0.2700619,"populated2020":true,"population2020":10.0651,"populationNote":"2020年基準人口（国交省調整値）"},"geometry":{"type":"Polygon","coordinates":[[[131.35,32.94583333333334],[131.35,32.95],[131.35625000000002,32.95000000000001],[131.35625000000002,32.94583333333334],[131.35,32.94583333333334]]]}},{"type":"Feature","id":"44208:493132384","properties":{"id":"44208:493132384","meshCode":"493132384","cityCode":"44208","city":"竹田市","lat":32.9479167,"lon":131.359375,"areaKm2":0.2700619,"populated2020":true,"population2020":9.0135,"populationNote":"2020年基準人口（国交省調整値）"},"geometry":{"type":"Polygon","coordinates":[[[131.35625000000002,32.94583333333334],[131.35625000000002,32.95000000000001],[131.3625,32.95],[131.3625,32.94583333333334],[131.35625000000002,32.94583333333334]]]}},{"type":"Feature","id":"44208:493132393","properties":{"id":"44208:493132393","meshCode":"493132393","cityCode":"44208","city":"竹田市","lat":32.9479167,"lon":131.365625,"areaKm2":0.2700619,"populated2020":true,"population2020":111.2195,"populationNote":"2020年基準人口（国交省調整値）"},"geometry":{"type":"Polygon","coordinates":[[[131.3625,32.94583333333334],[131.3625,32.95],[131.36875,32.95000000000001],[131.36875,32.94583333333334],[131.3625,32.94583333333334]]]}},{"type":"Feature","id":"44208:493132394","properties":{"id":"44208:493132394","meshCode":"493132394","cityCode":"44208","city":"竹田市","lat":32.9479167,"lon":131.371875,"areaKm2":0.2700619,"populated2020":true,"population2020":307.6563,"populationNote":"2020年基準人口（国交省調整値）"},"geometry":{"type":"Polygon","coordinates":[[[131.36875,32.94583333333334],[131.36875,32.95000000000001],[131.375,32.95],[131.375,32.94583333333334],[131.36875,32.94583333333334]]]}},{"type":"Feature","id":"44208:493133303","properties":{"id":"44208:493133303","meshCode":"493133303","cityCode":"44208","city":"竹田市","lat":32.9479167,"lon":131.378125,"areaKm2":0.2700619,"populated2020":true,"population2020":145.245,"populationNote":"2020年基準人口（国交省調整値）"},"geometry":{"type":"Polygon","coordinates":[[[131.375,32.94583333333334],[131.375,32.95],[131.38125,32.95],[131.38125,32.94583333333334],[131.375,32.94583333333334]]]}},{"type":"Feature","id":"44208:493133304","properties":{"id":"44208:493133304","meshCode":"493133304","cityCode":"44208","city":"竹田市","lat":32.9479167,"lon":131.384375,"areaKm2":0.2700619,"populated2020":true,"population2020":22.0767,"populationNote":"2020年基準人口（国交省調整値）"},"geometry":{"type":"Polygon","coordinates":[[[131.38125,32.94583333333334],[131.38125,32.95],[131.3875,32.95],[131.3875,32.94583333333334],[131.38125,32.94583333333334]]]}},{"type":"Feature","id":"44208:493133313","properties":{"id":"44208:493133313","meshCode":"493133313","cityCode":"44208","city":"竹田市","lat":32.9479167,"lon":131.390625,"areaKm2":0.2700619,"populated2020":false,"population2020":null,"populationNote":"境界またぎ・収録外等のため自治体内人口は未集計"},"geometry":{"type":"Polygon","coordinates":[[[131.3875,32.94583333333334],[131.3875,32.95],[131.39375,32.95],[131.39375,32.94583333333334],[131.3875,32.94583333333334]]]}},{"type":"Feature","id":"44208:493133314","properties":{"id":"44208:493133314","meshCode":"493133314","cityCode":"44208","city":"竹田市","lat":32.9479167,"lon":131.396875,"areaKm2":0.2700619,"populated2020":true,"population2020":49.0295,"populationNote":"2020年基準人口（国交省調整値）"},"geometry":{"type":"Polygon","coordinates":[[[131.39375,32.94583333333334],[131.39375,32.95],[131.4,32.95],[131.4,32.94583333333334],[131.39375,32.94583333333334]]]}},{"type":"Feature","id":"44208:493133323","properties":{"id":"44208:493133323","meshCode":"493133323","cityCode":"44208","city":"竹田市","lat":32.9479167,"lon":131.403125,"areaKm2":0.2700619,"populated2020":true,"population2020":8.0201,"populationNote":"2020年基準人口（国交省調整値）"},"geometry":{"type":"Polygon","coordinates":[[[131.4,32.94583333333334],[131.4,32.95],[131.40625,32.95],[131.40625,32.94583333333334],[131.4,32.94583333333334]]]}},{"type":"Feature","id":"44208:493133324","properties":{"id":"44208:493133324","meshCode":"493133324","cityCode":"44208","city":"竹田市","lat":32.9479632,"lon":131.4076129,"areaKm2":0.1492827,"populated2020":false,"population2020":null,"populationNote":"境界またぎ・収録外等のため自治体内人口は未集計"},"geometry":{"type":"Polygon","coordinates":[[[131.412490843,32.949999811000005],[131.4125,32.94974326741133],[131.412246926,32.94966842299999],[131.412172205,32.94953064],[131.412228314,32.949262865],[131.412172205,32.94904981100001],[131.412020545,32.948937586],[131.41047415,32.949000369],[131.409176368,32.94828454100001],[131.408933865,32.947842044999994],[131.408866096,32.947156766],[131.408372205,32.946614541],[131.4080183156385,32.94583333333334],[131.407265538,32.945942045],[131.40625,32.94583333333334],[131.40625,32.95],[131.412490843,32.949999811000005]]]}},{"type":"Feature","id":"44208:493133333","properties":{"id":"44208:493133333","meshCode":"493133333","cityCode":"44208","city":"竹田市","lat":32.9498538,"lon":131.4125612,"areaKm2":0.0002321,"populated2020":false,"population2020":null,"populationNote":"境界またぎ・収録外等のため自治体内人口は未集計"},"geometry":{"type":"Polygon","coordinates":[[[131.4125,32.94999040186372],[131.412661933,32.94980230600001],[131.4125,32.94974326741133],[131.4125,32.94999040186372]]]}},{"type":"Feature","id":"44208:493131492","properties":{"id":"44208:493131492","meshCode":"493131492","cityCode":"44208","city":"竹田市","lat":32.9520833,"lon":131.246875,"areaKm2":0.1030931,"populated2020":false,"population2020":null,"populationNote":"境界またぎ・収録外等のため自治体内人口は未集計"},"geometry":{"type":"Polygon","coordinates":[[[131.247244202,32.95],[131.24677474700002,32.952073332999994],[131.246727808,32.95264972100001],[131.246928366,32.95313000000001],[131.247192257,32.95325027900001],[131.248107536,32.953347784],[131.248427536,32.953343613],[131.249115032,32.953162505],[131.25,32.953176117],[131.25,32.95],[131.247244202,32.95]]]}},{"type":"Feature","id":"44208:493132401","properties":{"id":"44208:493132401","meshCode":"493132401","cityCode":"44208","city":"竹田市","lat":32.9520833,"lon":131.253125,"areaKm2":0.2517767,"populated2020":true,"population2020":null,"populationNote":"境界またぎ・収録外等のため自治体内人口は未集計"},"geometry":{"type":"Polygon","coordinates":[[[131.250463087,32.953150288],[131.251231699,32.953553342],[131.252319767,32.953678063],[131.252491712,32.953840838000005],[131.25253783016223,32.954166666666666],[131.25625,32.954166666666666],[131.25625,32.949999999999996],[131.25,32.95],[131.25,32.953176117],[131.250463087,32.953150288]]]}},{"type":"Feature","id":"44208:493132402","properties":{"id":"44208:493132402","meshCode":"493132402","cityCode":"44208","city":"竹田市","lat":32.9520833,"lon":131.259375,"areaKm2":0.2700494,"populated2020":true,"population2020":2.9907,"populationNote":"2020年基準人口（国交省調整値）"},"geometry":{"type":"Polygon","coordinates":[[[131.25625,32.949999999999996],[131.25625,32.954166666666666],[131.2625,32.954166666666666],[131.2625,32.95],[131.25625,32.949999999999996]]]}},{"type":"Feature","id":"44208:493132411","properties":{"id":"44208:493132411","meshCode":"493132411","cityCode":"44208","city":"竹田市","lat":32.9520833,"lon":131.265625,"areaKm2":0.2700494,"populated2020":false,"population2020":null,"populationNote":"境界またぎ・収録外等のため自治体内人口は未集計"},"geometry":{"type":"Polygon","coordinates":[[[131.2625,32.95],[131.2625,32.954166666666666],[131.26875,32.954166666666666],[131.26875,32.95],[131.2625,32.95]]]}},{"type":"Feature","id":"44208:493132412","properties":{"id":"44208:493132412","meshCode":"493132412","cityCode":"44208","city":"竹田市","lat":32.9520833,"lon":131.271875,"areaKm2":0.2700494,"populated2020":false,"population2020":null,"populationNote":"境界またぎ・収録外等のため自治体内人口は未集計"},"geometry":{"type":"Polygon","coordinates":[[[131.26875,32.95],[131.26875,32.954166666666666],[131.275,32.95416666666666],[131.275,32.95],[131.26875,32.95]]]}},{"type":"Feature","id":"44208:493132421","properties":{"id":"44208:493132421","meshCode":"493132421","cityCode":"44208","city":"竹田市","lat":32.9520833,"lon":131.278125,"areaKm2":0.2700494,"populated2020":true,"population2020":12.0108,"populationNote":"2020年基準人口（国交省調整値）"},"geometry":{"type":"Polygon","coordinates":[[[131.275,32.95],[131.275,32.95416666666666],[131.28125,32.95416666666666],[131.28125,32.95],[131.275,32.95]]]}},{"type":"Feature","id":"44208:493132422","properties":{"id":"44208:493132422","meshCode":"493132422","cityCode":"44208","city":"竹田市","lat":32.9520833,"lon":131.284375,"areaKm2":0.2700494,"populated2020":true,"population2020":51.0812,"populationNote":"2020年基準人口（国交省調整値）"},"geometry":{"type":"Polygon","coordinates":[[[131.28125,32.95],[131.28125,32.95416666666666],[131.2875,32.954166666666666],[131.2875,32.949999999999996],[131.28125,32.95]]]}},{"type":"Feature","id":"44208:493132431","properties":{"id":"44208:493132431","meshCode":"493132431","cityCode":"44208","city":"竹田市","lat":32.9520833,"lon":131.290625,"areaKm2":0.2700494,"populated2020":true,"population2020":16.1166,"populationNote":"2020年基準人口（国交省調整値）"},"geometry":{"type":"Polygon","coordinates":[[[131.2875,32.949999999999996],[131.2875,32.954166666666666],[131.29375,32.954166666666666],[131.29375,32.95],[131.2875,32.949999999999996]]]}},{"type":"Feature","id":"44208:493132432","properties":{"id":"44208:493132432","meshCode":"493132432","cityCode":"44208","city":"竹田市","lat":32.9520833,"lon":131.296875,"areaKm2":0.2700494,"populated2020":true,"population2020":8.0342,"populationNote":"2020年基準人口（国交省調整値）"},"geometry":{"type":"Polygon","coordinates":[[[131.29375,32.95],[131.29375,32.954166666666666],[131.30000000000004,32.954166666666666],[131.30000000000004,32.95000000000001],[131.29375,32.95]]]}},{"type":"Feature","id":"44208:493132441","properties":{"id":"44208:493132441","meshCode":"493132441","cityCode":"44208","city":"竹田市","lat":32.9520833,"lon":131.303125,"areaKm2":0.2700494,"populated2020":true,"population2020":1.0,"populationNote":"2020年基準人口（国交省調整値）"},"geometry":{"type":"Polygon","coordinates":[[[131.30000000000004,32.95000000000001],[131.30000000000004,32.954166666666666],[131.30625,32.95416666666667],[131.30625,32.95],[131.30000000000004,32.95000000000001]]]}},{"type":"Feature","id":"44208:493132442","properties":{"id":"44208:493132442","meshCode":"493132442","cityCode":"44208","city":"竹田市","lat":32.9520833,"lon":131.309375,"areaKm2":0.2700494,"populated2020":true,"population2020":15.001,"populationNote":"2020年基準人口（国交省調整値）"},"geometry":{"type":"Polygon","coordinates":[[[131.30625,32.95],[131.30625,32.95416666666667],[131.3125,32.954166666666666],[131.3125,32.95],[131.30625,32.95]]]}},{"type":"Feature","id":"44208:493132451","properties":{"id":"44208:493132451","meshCode":"493132451","cityCode":"44208","city":"竹田市","lat":32.9520833,"lon":131.315625,"areaKm2":0.2700494,"populated2020":true,"population2020":75.2258,"populationNote":"2020年基準人口（国交省調整値）"},"geometry":{"type":"Polygon","coordinates":[[[131.3125,32.95],[131.3125,32.954166666666666],[131.31875,32.954166666666666],[131.31875,32.949999999999996],[131.3125,32.95]]]}},{"type":"Feature","id":"44208:493132452","properties":{"id":"44208:493132452","meshCode":"493132452","cityCode":"44208","city":"竹田市","lat":32.9520833,"lon":131.321875,"areaKm2":0.2700494,"populated2020":false,"population2020":null,"populationNote":"境界またぎ・収録外等のため自治体内人口は未集計"},"geometry":{"type":"Polygon","coordinates":[[[131.31875,32.949999999999996],[131.31875,32.954166666666666],[131.325,32.954166666666666],[131.325,32.95],[131.31875,32.949999999999996]]]}},{"type":"Feature","id":"44208:493132461","properties":{"id":"44208:493132461","meshCode":"493132461","cityCode":"44208","city":"竹田市","lat":32.9520833,"lon":131.328125,"areaKm2":0.2700494,"populated2020":false,"population2020":null,"populationNote":"境界またぎ・収録外等のため自治体内人口は未集計"},"geometry":{"type":"Polygon","coordinates":[[[131.325,32.95],[131.325,32.954166666666666],[131.33125,32.954166666666666],[131.33125,32.95],[131.325,32.95]]]}},{"type":"Feature","id":"44208:493132462","properties":{"id":"44208:493132462","meshCode":"493132462","cityCode":"44208","city":"竹田市","lat":32.9520833,"lon":131.334375,"areaKm2":0.2700494,"populated2020":false,"population2020":null,"populationNote":"境界またぎ・収録外等のため自治体内人口は未集計"},"geometry":{"type":"Polygon","coordinates":[[[131.33125,32.95],[131.33125,32.954166666666666],[131.3375,32.954166666666666],[131.3375,32.95],[131.33125,32.95]]]}},{"type":"Feature","id":"44208:493132471","properties":{"id":"44208:493132471","meshCode":"493132471","cityCode":"44208","city":"竹田市","lat":32.9520833,"lon":131.340625,"areaKm2":0.2700494,"populated2020":true,"population2020":0.9989,"populationNote":"2020年基準人口（国交省調整値）"},"geometry":{"type":"Polygon","coordinates":[[[131.3375,32.95],[131.3375,32.954166666666666],[131.34375,32.954166666666666],[131.34375,32.95000000000001],[131.3375,32.95]]]}},{"type":"Feature","id":"44208:493132472","properties":{"id":"44208:493132472","meshCode":"493132472","cityCode":"44208","city":"竹田市","lat":32.9520833,"lon":131.346875,"areaKm2":0.2700494,"populated2020":true,"population2020":7.0116,"populationNote":"2020年基準人口（国交省調整値）"},"geometry":{"type":"Polygon","coordinates":[[[131.34375,32.95000000000001],[131.34375,32.954166666666666],[131.35,32.95416666666666],[131.35,32.95],[131.34375,32.95000000000001]]]}},{"type":"Feature","id":"44208:493132481","properties":{"id":"44208:493132481","meshCode":"493132481","cityCode":"44208","city":"竹田市","lat":32.9520833,"lon":131.353125,"areaKm2":0.2700494,"populated2020":true,"population2020":62.1647,"populationNote":"2020年基準人口（国交省調整値）"},"geometry":{"type":"Polygon","coordinates":[[[131.35,32.95],[131.35,32.95416666666666],[131.35625000000002,32.954166666666666],[131.35625000000002,32.95000000000001],[131.35,32.95]]]}},{"type":"Feature","id":"44208:493132482","properties":{"id":"44208:493132482","meshCode":"493132482","cityCode":"44208","city":"竹田市","lat":32.9520833,"lon":131.359375,"areaKm2":0.2700494,"populated2020":true,"population2020":191.4016,"populationNote":"2020年基準人口（国交省調整値）"},"geometry":{"type":"Polygon","coordinates":[[[131.35625000000002,32.95000000000001],[131.35625000000002,32.954166666666666],[131.3625,32.954166666666666],[131.3625,32.95],[131.35625000000002,32.95000000000001]]]}},{"type":"Feature","id":"44208:493132491","properties":{"id":"44208:493132491","meshCode":"493132491","cityCode":"44208","city":"竹田市","lat":32.9520833,"lon":131.365625,"areaKm2":0.2700494,"populated2020":true,"population2020":196.3086,"populationNote":"2020年基準人口（国交省調整値）"},"geometry":{"type":"Polygon","coordinates":[[[131.3625,32.95],[131.3625,32.954166666666666],[131.36875,32.95416666666666],[131.36875,32.95000000000001],[131.3625,32.95]]]}},{"type":"Feature","id":"44208:493132492","properties":{"id":"44208:493132492","meshCode":"493132492","cityCode":"44208","city":"竹田市","lat":32.9520833,"lon":131.371875,"areaKm2":0.2700494,"populated2020":true,"population2020":529.2723,"populationNote":"2020年基準人口（国交省調整値）"},"geometry":{"type":"Polygon","coordinates":[[[131.36875,32.95000000000001],[131.36875,32.95416666666666],[131.375,32.954166666666666],[131.375,32.95],[131.36875,32.95000000000001]]]}},{"type":"Feature","id":"44208:493133401","properties":{"id":"44208:493133401","meshCode":"493133401","cityCode":"44208","city":"竹田市","lat":32.9520833,"lon":131.378125,"areaKm2":0.2700494,"populated2020":true,"population2020":433.8179,"populationNote":"2020年基準人口（国交省調整値）"},"geometry":{"type":"Polygon","coordinates":[[[131.375,32.95],[131.375,32.954166666666666],[131.38125,32.95416666666666],[131.38125,32.95],[131.375,32.95]]]}},{"type":"Feature","id":"44208:493133402","properties":{"id":"44208:493133402","meshCode":"493133402","cityCode":"44208","city":"竹田市","lat":32.9520833,"lon":131.384375,"areaKm2":0.2700494,"populated2020":true,"population2020":8.0162,"populationNote":"2020年基準人口（国交省調整値）"},"geometry":{"type":"Polygon","coordinates":[[[131.38125,32.95],[131.38125,32.95416666666666],[131.3875,32.954166666666666],[131.3875,32.95],[131.38125,32.95]]]}},{"type":"Feature","id":"44208:493133411","properties":{"id":"44208:493133411","meshCode":"493133411","cityCode":"44208","city":"竹田市","lat":32.9520833,"lon":131.390625,"areaKm2":0.2700494,"populated2020":false,"population2020":null,"populationNote":"境界またぎ・収録外等のため自治体内人口は未集計"},"geometry":{"type":"Polygon","coordinates":[[[131.3875,32.95],[131.3875,32.954166666666666],[131.39375,32.954166666666666],[131.39375,32.95],[131.3875,32.95]]]}},{"type":"Feature","id":"44208:493133412","properties":{"id":"44208:493133412","meshCode":"493133412","cityCode":"44208","city":"竹田市","lat":32.9520833,"lon":131.396875,"areaKm2":0.2700494,"populated2020":true,"population2020":9.0096,"populationNote":"2020年基準人口（国交省調整値）"},"geometry":{"type":"Polygon","coordinates":[[[131.39375,32.95],[131.39375,32.954166666666666],[131.4,32.954166666666666],[131.4,32.95],[131.39375,32.95]]]}},{"type":"Feature","id":"44208:493133421","properties":{"id":"44208:493133421","meshCode":"493133421","cityCode":"44208","city":"竹田市","lat":32.9520833,"lon":131.403125,"areaKm2":0.2700494,"populated2020":false,"population2020":null,"populationNote":"境界またぎ・収録外等のため自治体内人口は未集計"},"geometry":{"type":"Polygon","coordinates":[[[131.4,32.95],[131.4,32.954166666666666],[131.40625,32.954166666666666],[131.40625,32.95],[131.4,32.95]]]}},{"type":"Feature","id":"44208:493133422","properties":{"id":"44208:493133422","meshCode":"493133422","cityCode":"44208","city":"竹田市","lat":32.9520833,"lon":131.409375,"areaKm2":0.2384068,"populated2020":true,"population2020":null,"populationNote":"境界またぎ・収録外等のため自治体内人口は未集計"},"geometry":{"type":"Polygon","coordinates":[[[131.411960791,32.954153973000004],[131.411548301,32.95377509],[131.41116607,32.953165919],[131.41172275,32.952302865],[131.41186275,32.95118481099999],[131.412284137,32.950758144],[131.412305253,32.95026369400001],[131.412490661,32.95],[131.40625,32.95],[131.40625,32.954166666666666],[131.411960791,32.954153973000004]]]}},{"type":"Feature","id":"44208:493131494","properties":{"id":"44208:493131494","meshCode":"493131494","cityCode":"44208","city":"竹田市","lat":32.9578614,"lon":131.2491522,"areaKm2":0.0093736,"populated2020":false,"population2020":null,"populationNote":"境界またぎ・収録外等のため自治体内人口は未集計"},"geometry":{"type":"Polygon","coordinates":[[[131.249998949,32.957332793],[131.249519222,32.957899739000005],[131.24921061,32.957774739],[131.248981725,32.957823072],[131.248547289,32.958060288],[131.24806978,32.958201405],[131.24796023272324,32.958333333333336],[131.25,32.958333333333336],[131.249998949,32.957332793]]]}},{"type":"Feature","id":"44208:493132403","properties":{"id":"44208:493132403","meshCode":"493132403","cityCode":"44208","city":"竹田市","lat":32.95625,"lon":131.253125,"areaKm2":0.1926392,"populated2020":false,"population2020":null,"populationNote":"境界またぎ・収録外等のため自治体内人口は未集計"},"geometry":{"type":"Polygon","coordinates":[[[131.252610882,32.954682784000006],[131.252987834,32.955733063],[131.252987834,32.956067234],[131.252806446,32.956200009],[131.252120337,32.956355288],[131.251771725,32.95689918],[131.251232283,32.957100568],[131.250401725,32.957136685],[131.25,32.95733227899999],[131.25,32.958333333333336],[131.25625,32.95833333333334],[131.25625,32.954166666666666],[131.25253783016223,32.954166666666666],[131.252610882,32.954682784000006]]]}},{"type":"Feature","id":"44208:493132404","properties":{"id":"44208:493132404","meshCode":"493132404","cityCode":"44208","city":"竹田市","lat":32.95625,"lon":131.259375,"areaKm2":0.2700369,"populated2020":false,"population2020":null,"populationNote":"境界またぎ・収録外等のため自治体内人口は未集計"},"geometry":{"type":"Polygon","coordinates":[[[131.25625,32.954166666666666],[131.25625,32.95833333333334],[131.2625,32.958333333333336],[131.2625,32.954166666666666],[131.25625,32.954166666666666]]]}},{"type":"Feature","id":"44208:493132413","properties":{"id":"44208:493132413","meshCode":"493132413","cityCode":"44208","city":"竹田市","lat":32.95625,"lon":131.265625,"areaKm2":0.2700369,"populated2020":true,"population2020":2.0005,"populationNote":"2020年基準人口（国交省調整値）"},"geometry":{"type":"Polygon","coordinates":[[[131.2625,32.954166666666666],[131.2625,32.958333333333336],[131.26875,32.95833333333334],[131.26875,32.954166666666666],[131.2625,32.954166666666666]]]}},{"type":"Feature","id":"44208:493132414","properties":{"id":"44208:493132414","meshCode":"493132414","cityCode":"44208","city":"竹田市","lat":32.95625,"lon":131.271875,"areaKm2":0.2700369,"populated2020":true,"population2020":48.1337,"populationNote":"2020年基準人口（国交省調整値）"},"geometry":{"type":"Polygon","coordinates":[[[131.26875,32.954166666666666],[131.26875,32.95833333333334],[131.275,32.958333333333336],[131.275,32.95416666666666],[131.26875,32.954166666666666]]]}},{"type":"Feature","id":"44208:493132423","properties":{"id":"44208:493132423","meshCode":"493132423","cityCode":"44208","city":"竹田市","lat":32.95625,"lon":131.278125,"areaKm2":0.2700369,"populated2020":true,"population2020":35.1938,"populationNote":"2020年基準人口（国交省調整値）"},"geometry":{"type":"Polygon","coordinates":[[[131.275,32.95416666666666],[131.275,32.958333333333336],[131.28125,32.958333333333336],[131.28125,32.95416666666666],[131.275,32.95416666666666]]]}},{"type":"Feature","id":"44208:493132424","properties":{"id":"44208:493132424","meshCode":"493132424","cityCode":"44208","city":"竹田市","lat":32.95625,"lon":131.284375,"areaKm2":0.2700369,"populated2020":true,"population2020":115.1228,"populationNote":"2020年基準人口（国交省調整値）"},"geometry":{"type":"Polygon","coordinates":[[[131.28125,32.95416666666666],[131.28125,32.958333333333336],[131.2875,32.95833333333333],[131.2875,32.954166666666666],[131.28125,32.95416666666666]]]}},{"type":"Feature","id":"44208:493132433","properties":{"id":"44208:493132433","meshCode":"493132433","cityCode":"44208","city":"竹田市","lat":32.95625,"lon":131.290625,"areaKm2":0.2700369,"populated2020":true,"population2020":35.1295,"populationNote":"2020年基準人口（国交省調整値）"},"geometry":{"type":"Polygon","coordinates":[[[131.2875,32.954166666666666],[131.2875,32.95833333333333],[131.29375,32.958333333333336],[131.29375,32.954166666666666],[131.2875,32.954166666666666]]]}},{"type":"Feature","id":"44208:493132434","properties":{"id":"44208:493132434","meshCode":"493132434","cityCode":"44208","city":"竹田市","lat":32.95625,"lon":131.296875,"areaKm2":0.2700369,"populated2020":true,"population2020":14.0157,"populationNote":"2020年基準人口（国交省調整値）"},"geometry":{"type":"Polygon","coordinates":[[[131.29375,32.954166666666666],[131.29375,32.958333333333336],[131.30000000000004,32.95833333333334],[131.30000000000004,32.954166666666666],[131.29375,32.954166666666666]]]}},{"type":"Feature","id":"44208:493132443","properties":{"id":"44208:493132443","meshCode":"493132443","cityCode":"44208","city":"竹田市","lat":32.95625,"lon":131.303125,"areaKm2":0.2700369,"populated2020":true,"population2020":2.0007,"populationNote":"2020年基準人口（国交省調整値）"},"geometry":{"type":"Polygon","coordinates":[[[131.30000000000004,32.954166666666666],[131.30000000000004,32.95833333333334],[131.30625,32.95833333333333],[131.30625,32.95416666666667],[131.30000000000004,32.954166666666666]]]}},{"type":"Feature","id":"44208:493132444","properties":{"id":"44208:493132444","meshCode":"493132444","cityCode":"44208","city":"竹田市","lat":32.95625,"lon":131.309375,"areaKm2":0.2700369,"populated2020":false,"population2020":null,"populationNote":"境界またぎ・収録外等のため自治体内人口は未集計"},"geometry":{"type":"Polygon","coordinates":[[[131.30625,32.95416666666667],[131.30625,32.95833333333333],[131.3125,32.95833333333334],[131.3125,32.954166666666666],[131.30625,32.95416666666667]]]}},{"type":"Feature","id":"44208:493132453","properties":{"id":"44208:493132453","meshCode":"493132453","cityCode":"44208","city":"竹田市","lat":32.95625,"lon":131.315625,"areaKm2":0.2700369,"populated2020":false,"population2020":null,"populationNote":"境界またぎ・収録外等のため自治体内人口は未集計"},"geometry":{"type":"Polygon","coordinates":[[[131.3125,32.954166666666666],[131.3125,32.95833333333334],[131.31875,32.95833333333333],[131.31875,32.954166666666666],[131.3125,32.954166666666666]]]}},{"type":"Feature","id":"44208:493132454","properties":{"id":"44208:493132454","meshCode":"493132454","cityCode":"44208","city":"竹田市","lat":32.95625,"lon":131.321875,"areaKm2":0.2700369,"populated2020":false,"population2020":null,"populationNote":"境界またぎ・収録外等のため自治体内人口は未集計"},"geometry":{"type":"Polygon","coordinates":[[[131.31875,32.954166666666666],[131.31875,32.95833333333333],[131.325,32.958333333333336],[131.325,32.954166666666666],[131.31875,32.954166666666666]]]}},{"type":"Feature","id":"44208:493132463","properties":{"id":"44208:493132463","meshCode":"493132463","cityCode":"44208","city":"竹田市","lat":32.95625,"lon":131.328125,"areaKm2":0.2700369,"populated2020":true,"population2020":7.0136,"populationNote":"2020年基準人口（国交省調整値）"},"geometry":{"type":"Polygon","coordinates":[[[131.325,32.954166666666666],[131.325,32.958333333333336],[131.33125,32.95833333333333],[131.33125,32.954166666666666],[131.325,32.954166666666666]]]}},{"type":"Feature","id":"44208:493132464","properties":{"id":"44208:493132464","meshCode":"493132464","cityCode":"44208","city":"竹田市","lat":32.95625,"lon":131.334375,"areaKm2":0.2700369,"populated2020":true,"population2020":5.0101,"populationNote":"2020年基準人口（国交省調整値）"},"geometry":{"type":"Polygon","coordinates":[[[131.33125,32.954166666666666],[131.33125,32.95833333333333],[131.3375,32.95833333333333],[131.3375,32.954166666666666],[131.33125,32.954166666666666]]]}},{"type":"Feature","id":"44208:493132473","properties":{"id":"44208:493132473","meshCode":"493132473","cityCode":"44208","city":"竹田市","lat":32.95625,"lon":131.340625,"areaKm2":0.2700369,"populated2020":true,"population2020":2.9907,"populationNote":"2020年基準人口（国交省調整値）"},"geometry":{"type":"Polygon","coordinates":[[[131.3375,32.954166666666666],[131.3375,32.95833333333333],[131.34375,32.958333333333336],[131.34375,32.954166666666666],[131.3375,32.954166666666666]]]}},{"type":"Feature","id":"44208:493132474","properties":{"id":"44208:493132474","meshCode":"493132474","cityCode":"44208","city":"竹田市","lat":32.95625,"lon":131.346875,"areaKm2":0.2700369,"populated2020":true,"population2020":9.0017,"populationNote":"2020年基準人口（国交省調整値）"},"geometry":{"type":"Polygon","coordinates":[[[131.34375,32.954166666666666],[131.34375,32.958333333333336],[131.35,32.95833333333333],[131.35,32.95416666666666],[131.34375,32.954166666666666]]]}},{"type":"Feature","id":"44208:493132483","properties":{"id":"44208:493132483","meshCode":"493132483","cityCode":"44208","city":"竹田市","lat":32.95625,"lon":131.353125,"areaKm2":0.2700369,"populated2020":true,"population2020":5.9947,"populationNote":"2020年基準人口（国交省調整値）"},"geometry":{"type":"Polygon","coordinates":[[[131.35,32.95416666666666],[131.35,32.95833333333333],[131.35625000000002,32.958333333333336],[131.35625000000002,32.954166666666666],[131.35,32.95416666666666]]]}},{"type":"Feature","id":"44208:493132484","properties":{"id":"44208:493132484","meshCode":"493132484","cityCode":"44208","city":"竹田市","lat":32.95625,"lon":131.359375,"areaKm2":0.2700369,"populated2020":true,"population2020":50.0646,"populationNote":"2020年基準人口（国交省調整値）"},"geometry":{"type":"Polygon","coordinates":[[[131.35625000000002,32.954166666666666],[131.35625000000002,32.958333333333336],[131.3625,32.958333333333336],[131.3625,32.954166666666666],[131.35625000000002,32.954166666666666]]]}},{"type":"Feature","id":"44208:493132493","properties":{"id":"44208:493132493","meshCode":"493132493","cityCode":"44208","city":"竹田市","lat":32.95625,"lon":131.365625,"areaKm2":0.2700369,"populated2020":true,"population2020":45.0709,"populationNote":"2020年基準人口（国交省調整値）"},"geometry":{"type":"Polygon","coordinates":[[[131.3625,32.954166666666666],[131.3625,32.958333333333336],[131.36875,32.95833333333333],[131.36875,32.95416666666666],[131.3625,32.954166666666666]]]}},{"type":"Feature","id":"44208:493132494","properties":{"id":"44208:493132494","meshCode":"493132494","cityCode":"44208","city":"竹田市","lat":32.95625,"lon":131.371875,"areaKm2":0.2700369,"populated2020":true,"population2020":48.0782,"populationNote":"2020年基準人口（国交省調整値）"},"geometry":{"type":"Polygon","coordinates":[[[131.36875,32.95416666666666],[131.36875,32.95833333333333],[131.375,32.95833333333333],[131.375,32.954166666666666],[131.36875,32.95416666666666]]]}},{"type":"Feature","id":"44208:493133403","properties":{"id":"44208:493133403","meshCode":"493133403","cityCode":"44208","city":"竹田市","lat":32.95625,"lon":131.378125,"areaKm2":0.2700369,"populated2020":true,"population2020":239.6384,"populationNote":"2020年基準人口（国交省調整値）"},"geometry":{"type":"Polygon","coordinates":[[[131.375,32.954166666666666],[131.375,32.95833333333333],[131.38125,32.958333333333336],[131.38125,32.95416666666666],[131.375,32.954166666666666]]]}},{"type":"Feature","id":"44208:493133404","properties":{"id":"44208:493133404","meshCode":"493133404","cityCode":"44208","city":"竹田市","lat":32.95625,"lon":131.384375,"areaKm2":0.2700369,"populated2020":true,"population2020":40.1418,"populationNote":"2020年基準人口（国交省調整値）"},"geometry":{"type":"Polygon","coordinates":[[[131.38125,32.95416666666666],[131.38125,32.958333333333336],[131.3875,32.95833333333333],[131.3875,32.954166666666666],[131.38125,32.95416666666666]]]}},{"type":"Feature","id":"44208:493133413","properties":{"id":"44208:493133413","meshCode":"493133413","cityCode":"44208","city":"竹田市","lat":32.95625,"lon":131.390625,"areaKm2":0.2700369,"populated2020":true,"population2020":9.0194,"populationNote":"2020年基準人口（国交省調整値）"},"geometry":{"type":"Polygon","coordinates":[[[131.3875,32.954166666666666],[131.3875,32.95833333333333],[131.39375,32.958333333333336],[131.39375,32.954166666666666],[131.3875,32.954166666666666]]]}},{"type":"Feature","id":"44208:493133414","properties":{"id":"44208:493133414","meshCode":"493133414","cityCode":"44208","city":"竹田市","lat":32.95625,"lon":131.396875,"areaKm2":0.2700369,"populated2020":true,"population2020":22.0156,"populationNote":"2020年基準人口（国交省調整値）"},"geometry":{"type":"Polygon","coordinates":[[[131.39375,32.954166666666666],[131.39375,32.958333333333336],[131.4,32.958333333333336],[131.4,32.954166666666666],[131.39375,32.954166666666666]]]}},{"type":"Feature","id":"44208:493133423","properties":{"id":"44208:493133423","meshCode":"493133423","cityCode":"44208","city":"竹田市","lat":32.95625,"lon":131.403125,"areaKm2":0.2700369,"populated2020":false,"population2020":null,"populationNote":"境界またぎ・収録外等のため自治体内人口は未集計"},"geometry":{"type":"Polygon","coordinates":[[[131.4,32.954166666666666],[131.4,32.958333333333336],[131.40625,32.958333333333336],[131.40625,32.954166666666666],[131.4,32.954166666666666]]]}},{"type":"Feature","id":"44208:493133424","properties":{"id":"44208:493133424","meshCode":"493133424","cityCode":"44208","city":"竹田市","lat":32.95625,"lon":131.409375,"areaKm2":0.2693287,"populated2020":true,"population2020":null,"populationNote":"境界またぎ・収録外等のため自治体内人口は未集計"},"geometry":{"type":"Polygon","coordinates":[[[131.4125,32.954438572152505],[131.41198545362136,32.954166666666666],[131.40625,32.954166666666666],[131.40625,32.958333333333336],[131.4125,32.95833333333334],[131.4125,32.954438572152505]]]}},{"type":"Feature","id":"44208:493133433","properties":{"id":"44208:493133433","meshCode":"493133433","cityCode":"44208","city":"竹田市","lat":32.956561,"lon":131.4131918,"areaKm2":0.0589401,"populated2020":false,"population2020":null,"populationNote":"境界またぎ・収録外等のため自治体内人口は未集計"},"geometry":{"type":"Polygon","coordinates":[[[131.415509416,32.958333333],[131.415335603,32.957892811],[131.414467004,32.957503730000006],[131.414378016,32.957360604],[131.414036719,32.957131161999996],[131.413883165,32.956813423],[131.413883567,32.95622369400001],[131.413717743,32.95556758600001],[131.41317441,32.95525091900001],[131.413104682,32.955139251999995],[131.413193022,32.954975919],[131.412990519,32.954871477000005],[131.412808859,32.954581198],[131.4125,32.954438572152505],[131.4125,32.95833333333334],[131.415509416,32.958333333]]]}},{"type":"Feature","id":"44208:493131592","properties":{"id":"44208:493131592","meshCode":"493131592","cityCode":"44208","city":"竹田市","lat":32.9604167,"lon":131.246875,"areaKm2":0.1572632,"populated2020":true,"population2020":null,"populationNote":"境界またぎ・収録外等のため自治体内人口は未集計"},"geometry":{"type":"Polygon","coordinates":[[[131.24796023272324,32.958333333333336],[131.247802283,32.958737234000004],[131.247420895,32.958786126],[131.247000623,32.958620568],[131.246078119,32.95871918],[131.24601507100002,32.958782234],[131.245980078,32.96000195500001],[131.246292866,32.960812234],[131.246259818,32.961201685],[131.246474267,32.96192529700001],[131.2468358890886,32.9625],[131.25,32.962500000000006],[131.25,32.958333333333336],[131.24796023272324,32.958333333333336]]]}},{"type":"Feature","id":"44208:493132501","properties":{"id":"44208:493132501","meshCode":"493132501","cityCode":"44208","city":"竹田市","lat":32.9604167,"lon":131.253125,"areaKm2":0.2700244,"populated2020":true,"population2020":21.1459,"populationNote":"2020年基準人口（国交省調整値）"},"geometry":{"type":"Polygon","coordinates":[[[131.25,32.958333333333336],[131.25,32.962500000000006],[131.25625,32.96249999999999],[131.25625,32.95833333333334],[131.25,32.958333333333336]]]}},{"type":"Feature","id":"44208:493132502","properties":{"id":"44208:493132502","meshCode":"493132502","cityCode":"44208","city":"竹田市","lat":32.9604167,"lon":131.259375,"areaKm2":0.2700244,"populated2020":true,"population2020":1.0184,"populationNote":"2020年基準人口（国交省調整値）"},"geometry":{"type":"Polygon","coordinates":[[[131.25625,32.95833333333334],[131.25625,32.96249999999999],[131.2625,32.9625],[131.2625,32.958333333333336],[131.25625,32.95833333333334]]]}},{"type":"Feature","id":"44208:493132511","properties":{"id":"44208:493132511","meshCode":"493132511","cityCode":"44208","city":"竹田市","lat":32.9604167,"lon":131.265625,"areaKm2":0.2700244,"populated2020":true,"population2020":1.0184,"populationNote":"2020年基準人口（国交省調整値）"},"geometry":{"type":"Polygon","coordinates":[[[131.2625,32.958333333333336],[131.2625,32.9625],[131.26875,32.9625],[131.26875,32.95833333333334],[131.2625,32.958333333333336]]]}},{"type":"Feature","id":"44208:493132512","properties":{"id":"44208:493132512","meshCode":"493132512","cityCode":"44208","city":"竹田市","lat":32.9604167,"lon":131.271875,"areaKm2":0.2700244,"populated2020":true,"population2020":4.0755,"populationNote":"2020年基準人口（国交省調整値）"},"geometry":{"type":"Polygon","coordinates":[[[131.26875,32.95833333333334],[131.26875,32.9625],[131.275,32.962500000000006],[131.275,32.958333333333336],[131.26875,32.95833333333334]]]}},{"type":"Feature","id":"44208:493132521","properties":{"id":"44208:493132521","meshCode":"493132521","cityCode":"44208","city":"竹田市","lat":32.9604167,"lon":131.278125,"areaKm2":0.2700244,"populated2020":false,"population2020":null,"populationNote":"境界またぎ・収録外等のため自治体内人口は未集計"},"geometry":{"type":"Polygon","coordinates":[[[131.275,32.958333333333336],[131.275,32.962500000000006],[131.28125,32.9625],[131.28125,32.958333333333336],[131.275,32.958333333333336]]]}},{"type":"Feature","id":"44208:493132522","properties":{"id":"44208:493132522","meshCode":"493132522","cityCode":"44208","city":"竹田市","lat":32.9604167,"lon":131.284375,"areaKm2":0.2700244,"populated2020":true,"population2020":4.0002,"populationNote":"2020年基準人口（国交省調整値）"},"geometry":{"type":"Polygon","coordinates":[[[131.28125,32.958333333333336],[131.28125,32.9625],[131.2875,32.9625],[131.2875,32.95833333333333],[131.28125,32.958333333333336]]]}},{"type":"Feature","id":"44208:493132531","properties":{"id":"44208:493132531","meshCode":"493132531","cityCode":"44208","city":"竹田市","lat":32.9604167,"lon":131.290625,"areaKm2":0.2700244,"populated2020":true,"population2020":23.0178,"populationNote":"2020年基準人口（国交省調整値）"},"geometry":{"type":"Polygon","coordinates":[[[131.2875,32.95833333333333],[131.2875,32.9625],[131.29375,32.962500000000006],[131.29375,32.958333333333336],[131.2875,32.95833333333333]]]}},{"type":"Feature","id":"44208:493132532","properties":{"id":"44208:493132532","meshCode":"493132532","cityCode":"44208","city":"竹田市","lat":32.9604167,"lon":131.296875,"areaKm2":0.2700244,"populated2020":true,"population2020":14.0495,"populationNote":"2020年基準人口（国交省調整値）"},"geometry":{"type":"Polygon","coordinates":[[[131.29375,32.958333333333336],[131.29375,32.962500000000006],[131.30000000000004,32.962500000000006],[131.30000000000004,32.95833333333334],[131.29375,32.958333333333336]]]}},{"type":"Feature","id":"44208:493132541","properties":{"id":"44208:493132541","meshCode":"493132541","cityCode":"44208","city":"竹田市","lat":32.9604167,"lon":131.303125,"areaKm2":0.2700244,"populated2020":false,"population2020":null,"populationNote":"境界またぎ・収録外等のため自治体内人口は未集計"},"geometry":{"type":"Polygon","coordinates":[[[131.30000000000004,32.95833333333334],[131.30000000000004,32.962500000000006],[131.30625,32.962500000000006],[131.30625,32.95833333333333],[131.30000000000004,32.95833333333334]]]}},{"type":"Feature","id":"44208:493132542","properties":{"id":"44208:493132542","meshCode":"493132542","cityCode":"44208","city":"竹田市","lat":32.9604167,"lon":131.309375,"areaKm2":0.2700244,"populated2020":false,"population2020":null,"populationNote":"境界またぎ・収録外等のため自治体内人口は未集計"},"geometry":{"type":"Polygon","coordinates":[[[131.30625,32.95833333333333],[131.30625,32.962500000000006],[131.3125,32.9625],[131.3125,32.95833333333334],[131.30625,32.95833333333333]]]}},{"type":"Feature","id":"44208:493132551","properties":{"id":"44208:493132551","meshCode":"493132551","cityCode":"44208","city":"竹田市","lat":32.9604167,"lon":131.315625,"areaKm2":0.2700244,"populated2020":false,"population2020":null,"populationNote":"境界またぎ・収録外等のため自治体内人口は未集計"},"geometry":{"type":"Polygon","coordinates":[[[131.3125,32.95833333333334],[131.3125,32.9625],[131.31875,32.9625],[131.31875,32.95833333333333],[131.3125,32.95833333333334]]]}},{"type":"Feature","id":"44208:493132552","properties":{"id":"44208:493132552","meshCode":"493132552","cityCode":"44208","city":"竹田市","lat":32.9604167,"lon":131.321875,"areaKm2":0.2700244,"populated2020":false,"population2020":null,"populationNote":"境界またぎ・収録外等のため自治体内人口は未集計"},"geometry":{"type":"Polygon","coordinates":[[[131.31875,32.95833333333333],[131.31875,32.9625],[131.325,32.9625],[131.325,32.958333333333336],[131.31875,32.95833333333333]]]}},{"type":"Feature","id":"44208:493132561","properties":{"id":"44208:493132561","meshCode":"493132561","cityCode":"44208","city":"竹田市","lat":32.9604167,"lon":131.328125,"areaKm2":0.2700244,"populated2020":true,"population2020":28.0307,"populationNote":"2020年基準人口（国交省調整値）"},"geometry":{"type":"Polygon","coordinates":[[[131.325,32.958333333333336],[131.325,32.9625],[131.33125,32.9625],[131.33125,32.95833333333333],[131.325,32.958333333333336]]]}},{"type":"Feature","id":"44208:493132562","properties":{"id":"44208:493132562","meshCode":"493132562","cityCode":"44208","city":"竹田市","lat":32.9604167,"lon":131.334375,"areaKm2":0.2700244,"populated2020":false,"population2020":null,"populationNote":"境界またぎ・収録外等のため自治体内人口は未集計"},"geometry":{"type":"Polygon","coordinates":[[[131.33125,32.95833333333333],[131.33125,32.9625],[131.3375,32.962500000000006],[131.3375,32.95833333333333],[131.33125,32.95833333333333]]]}},{"type":"Feature","id":"44208:493132571","properties":{"id":"44208:493132571","meshCode":"493132571","cityCode":"44208","city":"竹田市","lat":32.9604167,"lon":131.340625,"areaKm2":0.2700244,"populated2020":false,"population2020":null,"populationNote":"境界またぎ・収録外等のため自治体内人口は未集計"},"geometry":{"type":"Polygon","coordinates":[[[131.3375,32.95833333333333],[131.3375,32.962500000000006],[131.34375,32.962500000000006],[131.34375,32.958333333333336],[131.3375,32.95833333333333]]]}},{"type":"Feature","id":"44208:493132572","properties":{"id":"44208:493132572","meshCode":"493132572","cityCode":"44208","city":"竹田市","lat":32.9604167,"lon":131.346875,"areaKm2":0.2700244,"populated2020":false,"population2020":null,"populationNote":"境界またぎ・収録外等のため自治体内人口は未集計"},"geometry":{"type":"Polygon","coordinates":[[[131.34375,32.958333333333336],[131.34375,32.962500000000006],[131.35,32.9625],[131.35,32.95833333333333],[131.34375,32.958333333333336]]]}},{"type":"Feature","id":"44208:493132581","properties":{"id":"44208:493132581","meshCode":"493132581","cityCode":"44208","city":"竹田市","lat":32.9604167,"lon":131.353125,"areaKm2":0.2700244,"populated2020":true,"population2020":8.0189,"populationNote":"2020年基準人口（国交省調整値）"},"geometry":{"type":"Polygon","coordinates":[[[131.35,32.95833333333333],[131.35,32.9625],[131.35625000000002,32.9625],[131.35625000000002,32.958333333333336],[131.35,32.95833333333333]]]}},{"type":"Feature","id":"44208:493132582","properties":{"id":"44208:493132582","meshCode":"493132582","cityCode":"44208","city":"竹田市","lat":32.9604167,"lon":131.359375,"areaKm2":0.2700244,"populated2020":true,"population2020":6.0107,"populationNote":"2020年基準人口（国交省調整値）"},"geometry":{"type":"Polygon","coordinates":[[[131.35625000000002,32.958333333333336],[131.35625000000002,32.9625],[131.3625,32.9625],[131.3625,32.958333333333336],[131.35625000000002,32.958333333333336]]]}},{"type":"Feature","id":"44208:493132591","properties":{"id":"44208:493132591","meshCode":"493132591","cityCode":"44208","city":"竹田市","lat":32.9604167,"lon":131.365625,"areaKm2":0.2700244,"populated2020":true,"population2020":6.0236,"populationNote":"2020年基準人口（国交省調整値）"},"geometry":{"type":"Polygon","coordinates":[[[131.3625,32.958333333333336],[131.3625,32.9625],[131.36875,32.962500000000006],[131.36875,32.95833333333333],[131.3625,32.958333333333336]]]}},{"type":"Feature","id":"44208:493132592","properties":{"id":"44208:493132592","meshCode":"493132592","cityCode":"44208","city":"竹田市","lat":32.9604167,"lon":131.371875,"areaKm2":0.2700244,"populated2020":true,"population2020":18.0152,"populationNote":"2020年基準人口（国交省調整値）"},"geometry":{"type":"Polygon","coordinates":[[[131.36875,32.95833333333333],[131.36875,32.962500000000006],[131.375,32.9625],[131.375,32.95833333333333],[131.36875,32.95833333333333]]]}},{"type":"Feature","id":"44208:493133501","properties":{"id":"44208:493133501","meshCode":"493133501","cityCode":"44208","city":"竹田市","lat":32.9604167,"lon":131.378125,"areaKm2":0.2700244,"populated2020":true,"population2020":83.0247,"populationNote":"2020年基準人口（国交省調整値）"},"geometry":{"type":"Polygon","coordinates":[[[131.375,32.95833333333333],[131.375,32.9625],[131.38125,32.9625],[131.38125,32.958333333333336],[131.375,32.95833333333333]]]}},{"type":"Feature","id":"44208:493133502","properties":{"id":"44208:493133502","meshCode":"493133502","cityCode":"44208","city":"竹田市","lat":32.9604167,"lon":131.384375,"areaKm2":0.2700244,"populated2020":true,"population2020":154.3046,"populationNote":"2020年基準人口（国交省調整値）"},"geometry":{"type":"Polygon","coordinates":[[[131.38125,32.958333333333336],[131.38125,32.9625],[131.3875,32.96249999999999],[131.3875,32.95833333333333],[131.38125,32.958333333333336]]]}},{"type":"Feature","id":"44208:493133511","properties":{"id":"44208:493133511","meshCode":"493133511","cityCode":"44208","city":"竹田市","lat":32.9604167,"lon":131.390625,"areaKm2":0.2700244,"populated2020":true,"population2020":28.0226,"populationNote":"2020年基準人口（国交省調整値）"},"geometry":{"type":"Polygon","coordinates":[[[131.3875,32.95833333333333],[131.3875,32.96249999999999],[131.39375,32.9625],[131.39375,32.958333333333336],[131.3875,32.95833333333333]]]}},{"type":"Feature","id":"44208:493133512","properties":{"id":"44208:493133512","meshCode":"493133512","cityCode":"44208","city":"竹田市","lat":32.9604167,"lon":131.396875,"areaKm2":0.2700244,"populated2020":true,"population2020":100.0858,"populationNote":"2020年基準人口（国交省調整値）"},"geometry":{"type":"Polygon","coordinates":[[[131.39375,32.958333333333336],[131.39375,32.9625],[131.4,32.9625],[131.4,32.958333333333336],[131.39375,32.958333333333336]]]}},{"type":"Feature","id":"44208:493133521","properties":{"id":"44208:493133521","meshCode":"493133521","cityCode":"44208","city":"竹田市","lat":32.9604167,"lon":131.403125,"areaKm2":0.2700244,"populated2020":false,"population2020":null,"populationNote":"境界またぎ・収録外等のため自治体内人口は未集計"},"geometry":{"type":"Polygon","coordinates":[[[131.4,32.958333333333336],[131.4,32.9625],[131.40625,32.96249999999999],[131.40625,32.958333333333336],[131.4,32.958333333333336]]]}},{"type":"Feature","id":"44208:493133522","properties":{"id":"44208:493133522","meshCode":"493133522","cityCode":"44208","city":"竹田市","lat":32.9604167,"lon":131.409375,"areaKm2":0.2700244,"populated2020":true,"population2020":40.0643,"populationNote":"2020年基準人口（国交省調整値）"},"geometry":{"type":"Polygon","coordinates":[[[131.40625,32.958333333333336],[131.40625,32.96249999999999],[131.4125,32.962500000000006],[131.4125,32.95833333333334],[131.40625,32.958333333333336]]]}},{"type":"Feature","id":"44208:493133531","properties":{"id":"44208:493133531","meshCode":"493133531","cityCode":"44208","city":"竹田市","lat":32.9604167,"lon":131.415625,"areaKm2":0.2153777,"populated2020":true,"population2020":null,"populationNote":"境界またぎ・収録外等のため自治体内人口は未集計"},"geometry":{"type":"Polygon","coordinates":[[[131.418739248,32.960929685],[131.418377626,32.960884658],[131.418220532,32.960744405],[131.417744034,32.96063830600001],[131.417412192,32.960419631],[131.416962127,32.960288999999996],[131.416611219,32.959720685],[131.416725564,32.959678351],[131.416586459,32.959470234],[131.416515149,32.95913311700001],[131.415794968,32.958658946],[131.415551764,32.958460027],[131.41550941596543,32.958333333333336],[131.4125,32.95833333333334],[131.4125,32.962500000000006],[131.41875,32.9625],[131.418739248,32.960929685]]]}},{"type":"Feature","id":"44208:493133532","properties":{"id":"44208:493133532","meshCode":"493133532","cityCode":"44208","city":"竹田市","lat":32.9617427,"lon":131.4195079,"areaKm2":0.0227714,"populated2020":true,"population2020":null,"populationNote":"境界またぎ・収録外等のため自治体内人口は未集計"},"geometry":{"type":"Polygon","coordinates":[[[131.41993805821647,32.9625],[131.41987745800003,32.962309523],[131.420189948,32.961966188999995],[131.420341621,32.961519243000005],[131.42032300900001,32.961353414],[131.419900986,32.960923468000004],[131.41995463,32.961144297],[131.419437575,32.960877811],[131.418756576,32.960890297],[131.41875,32.9625],[131.41993805821647,32.9625]]]}},{"type":"Feature","id":"44208:493131594","properties":{"id":"44208:493131594","meshCode":"493131594","cityCode":"44208","city":"竹田市","lat":32.9631449,"lon":131.2486252,"areaKm2":0.0378315,"populated2020":false,"population2020":null,"populationNote":"境界またぎ・収録外等のため自治体内人口は未集計"},"geometry":{"type":"Polygon","coordinates":[[[131.247890674,32.96361835100001],[131.248286783,32.963900577],[131.248577899,32.964001126],[131.249260674,32.964037514000005],[131.25,32.963481685],[131.25,32.962500000000006],[131.2468358890886,32.9625],[131.247365668,32.96331279299999],[131.247614838,32.963565018],[131.247890674,32.96361835100001]]]}},{"type":"Feature","id":"44208:493132503","properties":{"id":"44208:493132503","meshCode":"493132503","cityCode":"44208","city":"竹田市","lat":32.9630847,"lon":131.253758,"areaKm2":0.0530369,"populated2020":false,"population2020":null,"populationNote":"境界またぎ・収録外等のため自治体内人口は未集計"},"geometry":{"type":"Polygon","coordinates":[[[131.25,32.963481685],[131.250797613,32.96304252299999],[131.251146226,32.963030297],[131.251695123,32.963280018000006],[131.252007899,32.963280018000006],[131.25236096,32.963163351],[131.252671232,32.963219748],[131.253105681,32.963126964],[131.253406511,32.963332523000005],[131.25408429300003,32.96343724300001],[131.254989857,32.96352197299999],[131.256000415,32.963441414],[131.25625,32.96365937333697],[131.25625,32.96249999999999],[131.25,32.962500000000006],[131.25,32.963481685]]]}},{"type":"Feature","id":"44208:493132504","properties":{"id":"44208:493132504","meshCode":"493132504","cityCode":"44208","city":"竹田市","lat":32.9645833,"lon":131.259375,"areaKm2":0.2440155,"populated2020":false,"population2020":null,"populationNote":"境界またぎ・収録外等のため自治体内人口は未集計"},"geometry":{"type":"Polygon","coordinates":[[[131.256792646,32.964291423000006],[131.257091258,32.964801144],[131.257182101,32.965711144],[131.25738655,32.966216144],[131.257305435,32.966526423],[131.257715992,32.966481982000005],[131.258255162,32.966578649],[131.25839421446858,32.966666666666676],[131.2625,32.96666666666667],[131.2625,32.9625],[131.25625,32.96249999999999],[131.25625,32.96365937333697],[131.256792646,32.964291423000006]]]}},{"type":"Feature","id":"44208:493132513","properties":{"id":"44208:493132513","meshCode":"493132513","cityCode":"44208","city":"竹田市","lat":32.9645833,"lon":131.265625,"areaKm2":0.2700119,"populated2020":false,"population2020":null,"populationNote":"境界またぎ・収録外等のため自治体内人口は未集計"},"geometry":{"type":"Polygon","coordinates":[[[131.2625,32.9625],[131.2625,32.96666666666667],[131.26875,32.96666666666666],[131.26875,32.9625],[131.2625,32.9625]]]}},{"type":"Feature","id":"44208:493132514","properties":{"id":"44208:493132514","meshCode":"493132514","cityCode":"44208","city":"竹田市","lat":32.9645833,"lon":131.271875,"areaKm2":0.2700119,"populated2020":false,"population2020":null,"populationNote":"境界またぎ・収録外等のため自治体内人口は未集計"},"geometry":{"type":"Polygon","coordinates":[[[131.26875,32.9625],[131.26875,32.96666666666666],[131.275,32.96666666666667],[131.275,32.962500000000006],[131.26875,32.9625]]]}},{"type":"Feature","id":"44208:493132523","properties":{"id":"44208:493132523","meshCode":"493132523","cityCode":"44208","city":"竹田市","lat":32.9645833,"lon":131.278125,"areaKm2":0.2700119,"populated2020":false,"population2020":null,"populationNote":"境界またぎ・収録外等のため自治体内人口は未集計"},"geometry":{"type":"Polygon","coordinates":[[[131.275,32.962500000000006],[131.275,32.96666666666667],[131.28125,32.96666666666667],[131.28125,32.9625],[131.275,32.962500000000006]]]}},{"type":"Feature","id":"44208:493132524","properties":{"id":"44208:493132524","meshCode":"493132524","cityCode":"44208","city":"竹田市","lat":32.9645833,"lon":131.284375,"areaKm2":0.2700119,"populated2020":true,"population2020":40.0385,"populationNote":"2020年基準人口（国交省調整値）"},"geometry":{"type":"Polygon","coordinates":[[[131.28125,32.9625],[131.28125,32.96666666666667],[131.2875,32.96666666666667],[131.2875,32.9625],[131.28125,32.9625]]]}},{"type":"Feature","id":"44208:493132533","properties":{"id":"44208:493132533","meshCode":"493132533","cityCode":"44208","city":"竹田市","lat":32.9645833,"lon":131.290625,"areaKm2":0.2700119,"populated2020":false,"population2020":null,"populationNote":"境界またぎ・収録外等のため自治体内人口は未集計"},"geometry":{"type":"Polygon","coordinates":[[[131.2875,32.9625],[131.2875,32.96666666666667],[131.29375,32.96666666666667],[131.29375,32.962500000000006],[131.2875,32.9625]]]}},{"type":"Feature","id":"44208:493132534","properties":{"id":"44208:493132534","meshCode":"493132534","cityCode":"44208","city":"竹田市","lat":32.9645833,"lon":131.296875,"areaKm2":0.2700119,"populated2020":true,"population2020":34.0709,"populationNote":"2020年基準人口（国交省調整値）"},"geometry":{"type":"Polygon","coordinates":[[[131.29375,32.962500000000006],[131.29375,32.96666666666667],[131.30000000000004,32.96666666666667],[131.30000000000004,32.962500000000006],[131.29375,32.962500000000006]]]}},{"type":"Feature","id":"44208:493132543","properties":{"id":"44208:493132543","meshCode":"493132543","cityCode":"44208","city":"竹田市","lat":32.9645833,"lon":131.303125,"areaKm2":0.2700119,"populated2020":false,"population2020":null,"populationNote":"境界またぎ・収録外等のため自治体内人口は未集計"},"geometry":{"type":"Polygon","coordinates":[[[131.30000000000004,32.962500000000006],[131.30000000000004,32.96666666666667],[131.30625,32.96666666666667],[131.30625,32.962500000000006],[131.30000000000004,32.962500000000006]]]}},{"type":"Feature","id":"44208:493132544","properties":{"id":"44208:493132544","meshCode":"493132544","cityCode":"44208","city":"竹田市","lat":32.9645833,"lon":131.309375,"areaKm2":0.2700119,"populated2020":true,"population2020":17.9938,"populationNote":"2020年基準人口（国交省調整値）"},"geometry":{"type":"Polygon","coordinates":[[[131.30625,32.962500000000006],[131.30625,32.96666666666667],[131.3125,32.96666666666666],[131.3125,32.9625],[131.30625,32.962500000000006]]]}},{"type":"Feature","id":"44208:493132553","properties":{"id":"44208:493132553","meshCode":"493132553","cityCode":"44208","city":"竹田市","lat":32.9645833,"lon":131.315625,"areaKm2":0.2700119,"populated2020":true,"population2020":1.0,"populationNote":"2020年基準人口（国交省調整値）"},"geometry":{"type":"Polygon","coordinates":[[[131.3125,32.9625],[131.3125,32.96666666666666],[131.31875,32.96666666666667],[131.31875,32.9625],[131.3125,32.9625]]]}},{"type":"Feature","id":"44208:493132554","properties":{"id":"44208:493132554","meshCode":"493132554","cityCode":"44208","city":"竹田市","lat":32.9645833,"lon":131.321875,"areaKm2":0.2700119,"populated2020":true,"population2020":36.031,"populationNote":"2020年基準人口（国交省調整値）"},"geometry":{"type":"Polygon","coordinates":[[[131.31875,32.9625],[131.31875,32.96666666666667],[131.325,32.96666666666667],[131.325,32.9625],[131.31875,32.9625]]]}},{"type":"Feature","id":"44208:493132563","properties":{"id":"44208:493132563","meshCode":"493132563","cityCode":"44208","city":"竹田市","lat":32.9645833,"lon":131.328125,"areaKm2":0.2700119,"populated2020":true,"population2020":12.0156,"populationNote":"2020年基準人口（国交省調整値）"},"geometry":{"type":"Polygon","coordinates":[[[131.325,32.9625],[131.325,32.96666666666667],[131.33125,32.96666666666666],[131.33125,32.9625],[131.325,32.9625]]]}},{"type":"Feature","id":"44208:493132564","properties":{"id":"44208:493132564","meshCode":"493132564","cityCode":"44208","city":"竹田市","lat":32.9645833,"lon":131.334375,"areaKm2":0.2700119,"populated2020":false,"population2020":null,"populationNote":"境界またぎ・収録外等のため自治体内人口は未集計"},"geometry":{"type":"Polygon","coordinates":[[[131.33125,32.9625],[131.33125,32.96666666666666],[131.3375,32.96666666666667],[131.3375,32.962500000000006],[131.33125,32.9625]]]}},{"type":"Feature","id":"44208:493132573","properties":{"id":"44208:493132573","meshCode":"493132573","cityCode":"44208","city":"竹田市","lat":32.9645833,"lon":131.340625,"areaKm2":0.2700119,"populated2020":true,"population2020":16.0128,"populationNote":"2020年基準人口（国交省調整値）"},"geometry":{"type":"Polygon","coordinates":[[[131.3375,32.962500000000006],[131.3375,32.96666666666667],[131.34375,32.96666666666667],[131.34375,32.962500000000006],[131.3375,32.962500000000006]]]}},{"type":"Feature","id":"44208:493132574","properties":{"id":"44208:493132574","meshCode":"493132574","cityCode":"44208","city":"竹田市","lat":32.9645833,"lon":131.346875,"areaKm2":0.2700119,"populated2020":false,"population2020":null,"populationNote":"境界またぎ・収録外等のため自治体内人口は未集計"},"geometry":{"type":"Polygon","coordinates":[[[131.34375,32.962500000000006],[131.34375,32.96666666666667],[131.35,32.96666666666666],[131.35,32.9625],[131.34375,32.962500000000006]]]}},{"type":"Feature","id":"44208:493132583","properties":{"id":"44208:493132583","meshCode":"493132583","cityCode":"44208","city":"竹田市","lat":32.9645833,"lon":131.353125,"areaKm2":0.2700119,"populated2020":true,"population2020":12.9973,"populationNote":"2020年基準人口（国交省調整値）"},"geometry":{"type":"Polygon","coordinates":[[[131.35,32.9625],[131.35,32.96666666666666],[131.35625000000002,32.96666666666666],[131.35625000000002,32.9625],[131.35,32.9625]]]}},{"type":"Feature","id":"44208:493132584","properties":{"id":"44208:493132584","meshCode":"493132584","cityCode":"44208","city":"竹田市","lat":32.9645833,"lon":131.359375,"areaKm2":0.2700119,"populated2020":true,"population2020":9.0095,"populationNote":"2020年基準人口（国交省調整値）"},"geometry":{"type":"Polygon","coordinates":[[[131.35625000000002,32.9625],[131.35625000000002,32.96666666666666],[131.3625,32.966666666666676],[131.3625,32.9625],[131.35625000000002,32.9625]]]}},{"type":"Feature","id":"44208:493132593","properties":{"id":"44208:493132593","meshCode":"493132593","cityCode":"44208","city":"竹田市","lat":32.9645833,"lon":131.365625,"areaKm2":0.2700119,"populated2020":true,"population2020":48.1011,"populationNote":"2020年基準人口（国交省調整値）"},"geometry":{"type":"Polygon","coordinates":[[[131.3625,32.9625],[131.3625,32.966666666666676],[131.36875,32.96666666666666],[131.36875,32.962500000000006],[131.3625,32.9625]]]}},{"type":"Feature","id":"44208:493132594","properties":{"id":"44208:493132594","meshCode":"493132594","cityCode":"44208","city":"竹田市","lat":32.9645833,"lon":131.371875,"areaKm2":0.2700119,"populated2020":true,"population2020":72.2391,"populationNote":"2020年基準人口（国交省調整値）"},"geometry":{"type":"Polygon","coordinates":[[[131.36875,32.962500000000006],[131.36875,32.96666666666666],[131.375,32.96666666666667],[131.375,32.9625],[131.36875,32.962500000000006]]]}},{"type":"Feature","id":"44208:493133503","properties":{"id":"44208:493133503","meshCode":"493133503","cityCode":"44208","city":"竹田市","lat":32.9645833,"lon":131.378125,"areaKm2":0.2700119,"populated2020":true,"population2020":49.0656,"populationNote":"2020年基準人口（国交省調整値）"},"geometry":{"type":"Polygon","coordinates":[[[131.375,32.9625],[131.375,32.96666666666667],[131.38125,32.96666666666667],[131.38125,32.9625],[131.375,32.9625]]]}},{"type":"Feature","id":"44208:493133504","properties":{"id":"44208:493133504","meshCode":"493133504","cityCode":"44208","city":"竹田市","lat":32.9645833,"lon":131.384375,"areaKm2":0.2700119,"populated2020":true,"population2020":239.3924,"populationNote":"2020年基準人口（国交省調整値）"},"geometry":{"type":"Polygon","coordinates":[[[131.38125,32.9625],[131.38125,32.96666666666667],[131.3875,32.96666666666667],[131.3875,32.96249999999999],[131.38125,32.9625]]]}},{"type":"Feature","id":"44208:493133513","properties":{"id":"44208:493133513","meshCode":"493133513","cityCode":"44208","city":"竹田市","lat":32.9645833,"lon":131.390625,"areaKm2":0.2700119,"populated2020":true,"population2020":247.3971,"populationNote":"2020年基準人口（国交省調整値）"},"geometry":{"type":"Polygon","coordinates":[[[131.3875,32.96249999999999],[131.3875,32.96666666666667],[131.39375,32.96666666666667],[131.39375,32.9625],[131.3875,32.96249999999999]]]}},{"type":"Feature","id":"44208:493133514","properties":{"id":"44208:493133514","meshCode":"493133514","cityCode":"44208","city":"竹田市","lat":32.9645833,"lon":131.396875,"areaKm2":0.2700119,"populated2020":true,"population2020":369.0064,"populationNote":"2020年基準人口（国交省調整値）"},"geometry":{"type":"Polygon","coordinates":[[[131.39375,32.9625],[131.39375,32.96666666666667],[131.4,32.966666666666676],[131.4,32.9625],[131.39375,32.9625]]]}},{"type":"Feature","id":"44208:493133523","properties":{"id":"44208:493133523","meshCode":"493133523","cityCode":"44208","city":"竹田市","lat":32.9645833,"lon":131.403125,"areaKm2":0.2700119,"populated2020":true,"population2020":23.0332,"populationNote":"2020年基準人口（国交省調整値）"},"geometry":{"type":"Polygon","coordinates":[[[131.4,32.9625],[131.4,32.966666666666676],[131.40625,32.96666666666667],[131.40625,32.96249999999999],[131.4,32.9625]]]}},{"type":"Feature","id":"44208:493133524","properties":{"id":"44208:493133524","meshCode":"493133524","cityCode":"44208","city":"竹田市","lat":32.9645833,"lon":131.409375,"areaKm2":0.2700119,"populated2020":false,"population2020":null,"populationNote":"境界またぎ・収録外等のため自治体内人口は未集計"},"geometry":{"type":"Polygon","coordinates":[[[131.40625,32.96249999999999],[131.40625,32.96666666666667],[131.4125,32.96666666666667],[131.4125,32.962500000000006],[131.40625,32.96249999999999]]]}},{"type":"Feature","id":"44208:493133533","properties":{"id":"44208:493133533","meshCode":"493133533","cityCode":"44208","city":"竹田市","lat":32.9645833,"lon":131.415625,"areaKm2":0.2700119,"populated2020":true,"population2020":4.0885,"populationNote":"2020年基準人口（国交省調整値）"},"geometry":{"type":"Polygon","coordinates":[[[131.4125,32.962500000000006],[131.4125,32.96666666666667],[131.41875,32.966666666666676],[131.41875,32.9625],[131.4125,32.962500000000006]]]}},{"type":"Feature","id":"44208:493133534","properties":{"id":"44208:493133534","meshCode":"493133534","cityCode":"44208","city":"竹田市","lat":32.9647505,"lon":131.4202973,"areaKm2":0.1106631,"populated2020":true,"population2020":null,"populationNote":"境界またぎ・収録外等のため自治体内人口は未集計"},"geometry":{"type":"Polygon","coordinates":[[[131.421147912,32.96666646800001],[131.421276057,32.96620118900002],[131.42180022,32.965505351],[131.421877173,32.96523563099999],[131.421856342,32.964558685],[131.421667458,32.964014243],[131.421427173,32.96375841399999],[131.420919676,32.963543963999996],[131.420570233,32.963244802],[131.420294955,32.96269313500001],[131.41993805821647,32.9625],[131.41875,32.9625],[131.41875,32.966666666666676],[131.421147912,32.96666646800001]]]}},{"type":"Feature","id":"44208:493132602","properties":{"id":"44208:493132602","meshCode":"493132602","cityCode":"44208","city":"竹田市","lat":32.968636,"lon":131.2610499,"areaKm2":0.1113095,"populated2020":false,"population2020":null,"populationNote":"境界またぎ・収録外等のため自治体内人口は未集計"},"geometry":{"type":"Polygon","coordinates":[[[131.258394215,32.966666667],[131.258579883,32.966784207],[131.258723217,32.96705420699999],[131.258751829,32.967344207],[131.259447665,32.968465873999996],[131.259752114,32.968806153],[131.260420454,32.96931754100001],[131.260740169,32.969196712000006],[131.260907393,32.969462541],[131.26130350316944,32.97083333333334],[131.2625,32.97083333333334],[131.2625,32.96666666666667],[131.258394215,32.966666667]]]}},{"type":"Feature","id":"44208:493132611","properties":{"id":"44208:493132611","meshCode":"493132611","cityCode":"44208","city":"竹田市","lat":32.96875,"lon":131.265625,"areaKm2":0.2699994,"populated2020":true,"population2020":7.0221,"populationNote":"2020年基準人口（国交省調整値）"},"geometry":{"type":"Polygon","coordinates":[[[131.2625,32.96666666666667],[131.2625,32.97083333333334],[131.26875,32.97083333333334],[131.26875,32.96666666666666],[131.2625,32.96666666666667]]]}},{"type":"Feature","id":"44208:493132612","properties":{"id":"44208:493132612","meshCode":"493132612","cityCode":"44208","city":"竹田市","lat":32.96875,"lon":131.271875,"areaKm2":0.2699994,"populated2020":true,"population2020":19.0651,"populationNote":"2020年基準人口（国交省調整値）"},"geometry":{"type":"Polygon","coordinates":[[[131.26875,32.96666666666666],[131.26875,32.97083333333334],[131.275,32.97083333333333],[131.275,32.96666666666667],[131.26875,32.96666666666666]]]}},{"type":"Feature","id":"44208:493132621","properties":{"id":"44208:493132621","meshCode":"493132621","cityCode":"44208","city":"竹田市","lat":32.96875,"lon":131.278125,"areaKm2":0.2699994,"populated2020":false,"population2020":null,"populationNote":"境界またぎ・収録外等のため自治体内人口は未集計"},"geometry":{"type":"Polygon","coordinates":[[[131.275,32.96666666666667],[131.275,32.97083333333333],[131.28125,32.97083333333333],[131.28125,32.96666666666667],[131.275,32.96666666666667]]]}},{"type":"Feature","id":"44208:493132622","properties":{"id":"44208:493132622","meshCode":"493132622","cityCode":"44208","city":"竹田市","lat":32.96875,"lon":131.284375,"areaKm2":0.2699994,"populated2020":false,"population2020":null,"populationNote":"境界またぎ・収録外等のため自治体内人口は未集計"},"geometry":{"type":"Polygon","coordinates":[[[131.28125,32.96666666666667],[131.28125,32.97083333333333],[131.2875,32.97083333333333],[131.2875,32.96666666666667],[131.28125,32.96666666666667]]]}},{"type":"Feature","id":"44208:493132631","properties":{"id":"44208:493132631","meshCode":"493132631","cityCode":"44208","city":"竹田市","lat":32.96875,"lon":131.290625,"areaKm2":0.2699994,"populated2020":false,"population2020":null,"populationNote":"境界またぎ・収録外等のため自治体内人口は未集計"},"geometry":{"type":"Polygon","coordinates":[[[131.2875,32.96666666666667],[131.2875,32.97083333333333],[131.29375,32.97083333333334],[131.29375,32.96666666666667],[131.2875,32.96666666666667]]]}},{"type":"Feature","id":"44208:493132632","properties":{"id":"44208:493132632","meshCode":"493132632","cityCode":"44208","city":"竹田市","lat":32.96875,"lon":131.296875,"areaKm2":0.2699994,"populated2020":false,"population2020":null,"populationNote":"境界またぎ・収録外等のため自治体内人口は未集計"},"geometry":{"type":"Polygon","coordinates":[[[131.29375,32.96666666666667],[131.29375,32.97083333333334],[131.30000000000004,32.97083333333334],[131.30000000000004,32.96666666666667],[131.29375,32.96666666666667]]]}},{"type":"Feature","id":"44208:493132641","properties":{"id":"44208:493132641","meshCode":"493132641","cityCode":"44208","city":"竹田市","lat":32.96875,"lon":131.303125,"areaKm2":0.2699994,"populated2020":false,"population2020":null,"populationNote":"境界またぎ・収録外等のため自治体内人口は未集計"},"geometry":{"type":"Polygon","coordinates":[[[131.30000000000004,32.96666666666667],[131.30000000000004,32.97083333333334],[131.30625,32.97083333333334],[131.30625,32.96666666666667],[131.30000000000004,32.96666666666667]]]}},{"type":"Feature","id":"44208:493132642","properties":{"id":"44208:493132642","meshCode":"493132642","cityCode":"44208","city":"竹田市","lat":32.96875,"lon":131.309375,"areaKm2":0.2699994,"populated2020":true,"population2020":10.0161,"populationNote":"2020年基準人口（国交省調整値）"},"geometry":{"type":"Polygon","coordinates":[[[131.30625,32.96666666666667],[131.30625,32.97083333333334],[131.3125,32.97083333333334],[131.3125,32.96666666666666],[131.30625,32.96666666666667]]]}},{"type":"Feature","id":"44208:493132651","properties":{"id":"44208:493132651","meshCode":"493132651","cityCode":"44208","city":"竹田市","lat":32.96875,"lon":131.315625,"areaKm2":0.2699994,"populated2020":true,"population2020":1.9928,"populationNote":"2020年基準人口（国交省調整値）"},"geometry":{"type":"Polygon","coordinates":[[[131.3125,32.96666666666666],[131.3125,32.97083333333334],[131.31875,32.97083333333333],[131.31875,32.96666666666667],[131.3125,32.96666666666666]]]}},{"type":"Feature","id":"44208:493132652","properties":{"id":"44208:493132652","meshCode":"493132652","cityCode":"44208","city":"竹田市","lat":32.96875,"lon":131.321875,"areaKm2":0.2699994,"populated2020":true,"population2020":2.9913,"populationNote":"2020年基準人口（国交省調整値）"},"geometry":{"type":"Polygon","coordinates":[[[131.31875,32.96666666666667],[131.31875,32.97083333333333],[131.325,32.97083333333334],[131.325,32.96666666666667],[131.31875,32.96666666666667]]]}},{"type":"Feature","id":"44208:493132661","properties":{"id":"44208:493132661","meshCode":"493132661","cityCode":"44208","city":"竹田市","lat":32.96875,"lon":131.328125,"areaKm2":0.2699994,"populated2020":true,"population2020":1.001,"populationNote":"2020年基準人口（国交省調整値）"},"geometry":{"type":"Polygon","coordinates":[[[131.325,32.96666666666667],[131.325,32.97083333333334],[131.33125,32.97083333333334],[131.33125,32.96666666666666],[131.325,32.96666666666667]]]}},{"type":"Feature","id":"44208:493132662","properties":{"id":"44208:493132662","meshCode":"493132662","cityCode":"44208","city":"竹田市","lat":32.96875,"lon":131.334375,"areaKm2":0.2699994,"populated2020":false,"population2020":null,"populationNote":"境界またぎ・収録外等のため自治体内人口は未集計"},"geometry":{"type":"Polygon","coordinates":[[[131.33125,32.96666666666666],[131.33125,32.97083333333334],[131.3375,32.97083333333333],[131.3375,32.96666666666667],[131.33125,32.96666666666666]]]}},{"type":"Feature","id":"44208:493132671","properties":{"id":"44208:493132671","meshCode":"493132671","cityCode":"44208","city":"竹田市","lat":32.96875,"lon":131.340625,"areaKm2":0.2699994,"populated2020":true,"population2020":7.0179,"populationNote":"2020年基準人口（国交省調整値）"},"geometry":{"type":"Polygon","coordinates":[[[131.3375,32.96666666666667],[131.3375,32.97083333333333],[131.34375,32.97083333333334],[131.34375,32.96666666666667],[131.3375,32.96666666666667]]]}},{"type":"Feature","id":"44208:493132672","properties":{"id":"44208:493132672","meshCode":"493132672","cityCode":"44208","city":"竹田市","lat":32.96875,"lon":131.346875,"areaKm2":0.2699994,"populated2020":true,"population2020":19.0036,"populationNote":"2020年基準人口（国交省調整値）"},"geometry":{"type":"Polygon","coordinates":[[[131.34375,32.96666666666667],[131.34375,32.97083333333334],[131.35,32.97083333333333],[131.35,32.96666666666666],[131.34375,32.96666666666667]]]}},{"type":"Feature","id":"44208:493132681","properties":{"id":"44208:493132681","meshCode":"493132681","cityCode":"44208","city":"竹田市","lat":32.96875,"lon":131.353125,"areaKm2":0.2699994,"populated2020":true,"population2020":36.0224,"populationNote":"2020年基準人口（国交省調整値）"},"geometry":{"type":"Polygon","coordinates":[[[131.35,32.96666666666666],[131.35,32.97083333333333],[131.35625000000002,32.97083333333333],[131.35625000000002,32.96666666666666],[131.35,32.96666666666666]]]}},{"type":"Feature","id":"44208:493132682","properties":{"id":"44208:493132682","meshCode":"493132682","cityCode":"44208","city":"竹田市","lat":32.96875,"lon":131.359375,"areaKm2":0.2699994,"populated2020":true,"population2020":17.005,"populationNote":"2020年基準人口（国交省調整値）"},"geometry":{"type":"Polygon","coordinates":[[[131.35625000000002,32.96666666666666],[131.35625000000002,32.97083333333333],[131.3625,32.97083333333333],[131.3625,32.966666666666676],[131.35625000000002,32.96666666666666]]]}},{"type":"Feature","id":"44208:493132691","properties":{"id":"44208:493132691","meshCode":"493132691","cityCode":"44208","city":"竹田市","lat":32.96875,"lon":131.365625,"areaKm2":0.2699994,"populated2020":true,"population2020":6.004,"populationNote":"2020年基準人口（国交省調整値）"},"geometry":{"type":"Polygon","coordinates":[[[131.3625,32.966666666666676],[131.3625,32.97083333333333],[131.36875,32.97083333333334],[131.36875,32.96666666666666],[131.3625,32.966666666666676]]]}},{"type":"Feature","id":"44208:493132692","properties":{"id":"44208:493132692","meshCode":"493132692","cityCode":"44208","city":"竹田市","lat":32.96875,"lon":131.371875,"areaKm2":0.2699994,"populated2020":true,"population2020":33.1259,"populationNote":"2020年基準人口（国交省調整値）"},"geometry":{"type":"Polygon","coordinates":[[[131.36875,32.96666666666666],[131.36875,32.97083333333334],[131.375,32.97083333333334],[131.375,32.96666666666667],[131.36875,32.96666666666666]]]}},{"type":"Feature","id":"44208:493133601","properties":{"id":"44208:493133601","meshCode":"493133601","cityCode":"44208","city":"竹田市","lat":32.96875,"lon":131.378125,"areaKm2":0.2699994,"populated2020":true,"population2020":65.1695,"populationNote":"2020年基準人口（国交省調整値）"},"geometry":{"type":"Polygon","coordinates":[[[131.375,32.96666666666667],[131.375,32.97083333333334],[131.38125,32.97083333333334],[131.38125,32.96666666666667],[131.375,32.96666666666667]]]}},{"type":"Feature","id":"44208:493133602","properties":{"id":"44208:493133602","meshCode":"493133602","cityCode":"44208","city":"竹田市","lat":32.96875,"lon":131.384375,"areaKm2":0.2699994,"populated2020":true,"population2020":142.2276,"populationNote":"2020年基準人口（国交省調整値）"},"geometry":{"type":"Polygon","coordinates":[[[131.38125,32.96666666666667],[131.38125,32.97083333333334],[131.3875,32.97083333333334],[131.3875,32.96666666666667],[131.38125,32.96666666666667]]]}},{"type":"Feature","id":"44208:493133611","properties":{"id":"44208:493133611","meshCode":"493133611","cityCode":"44208","city":"竹田市","lat":32.96875,"lon":131.390625,"areaKm2":0.2699994,"populated2020":true,"population2020":680.8006,"populationNote":"2020年基準人口（国交省調整値）"},"geometry":{"type":"Polygon","coordinates":[[[131.3875,32.96666666666667],[131.3875,32.97083333333334],[131.39375,32.97083333333333],[131.39375,32.96666666666667],[131.3875,32.96666666666667]]]}},{"type":"Feature","id":"44208:493133612","properties":{"id":"44208:493133612","meshCode":"493133612","cityCode":"44208","city":"竹田市","lat":32.96875,"lon":131.396875,"areaKm2":0.2699994,"populated2020":true,"population2020":361.8113,"populationNote":"2020年基準人口（国交省調整値）"},"geometry":{"type":"Polygon","coordinates":[[[131.39375,32.96666666666667],[131.39375,32.97083333333333],[131.4,32.97083333333334],[131.4,32.966666666666676],[131.39375,32.96666666666667]]]}},{"type":"Feature","id":"44208:493133621","properties":{"id":"44208:493133621","meshCode":"493133621","cityCode":"44208","city":"竹田市","lat":32.96875,"lon":131.403125,"areaKm2":0.2699994,"populated2020":true,"population2020":33.0504,"populationNote":"2020年基準人口（国交省調整値）"},"geometry":{"type":"Polygon","coordinates":[[[131.4,32.966666666666676],[131.4,32.97083333333334],[131.40625,32.97083333333333],[131.40625,32.96666666666667],[131.4,32.966666666666676]]]}},{"type":"Feature","id":"44208:493133622","properties":{"id":"44208:493133622","meshCode":"493133622","cityCode":"44208","city":"竹田市","lat":32.96875,"lon":131.409375,"areaKm2":0.2699994,"populated2020":false,"population2020":null,"populationNote":"境界またぎ・収録外等のため自治体内人口は未集計"},"geometry":{"type":"Polygon","coordinates":[[[131.40625,32.96666666666667],[131.40625,32.97083333333333],[131.4125,32.97083333333334],[131.4125,32.96666666666667],[131.40625,32.96666666666667]]]}},{"type":"Feature","id":"44208:493133631","properties":{"id":"44208:493133631","meshCode":"493133631","cityCode":"44208","city":"竹田市","lat":32.96875,"lon":131.415625,"areaKm2":0.2699994,"populated2020":true,"population2020":8.0429,"populationNote":"2020年基準人口（国交省調整値）"},"geometry":{"type":"Polygon","coordinates":[[[131.4125,32.96666666666667],[131.4125,32.97083333333334],[131.41875,32.97083333333334],[131.41875,32.966666666666676],[131.4125,32.96666666666667]]]}},{"type":"Feature","id":"44208:493133632","properties":{"id":"44208:493133632","meshCode":"493133632","cityCode":"44208","city":"竹田市","lat":32.96875,"lon":131.421875,"areaKm2":0.1709334,"populated2020":true,"population2020":null,"populationNote":"境界またぎ・収録外等のため自治体内人口は未集計"},"geometry":{"type":"Polygon","coordinates":[[[131.421322711,32.970691458999994],[131.42161882,32.97058535099999],[131.422408547,32.970752577000006],[131.422338547,32.970290072],[131.422916887,32.970054514],[131.423149935,32.96986201799999],[131.423133554,32.96927201799999],[131.423203554,32.969140351],[131.424186057,32.968488126],[131.424571051,32.968133964],[131.424578003,32.968028964],[131.424496329,32.96791091000001],[131.424319118,32.967877296999994],[131.423372166,32.968133405],[131.422788003,32.967867577],[131.422508003,32.96780257700001],[131.422225772,32.967842018],[131.421898003,32.967688405],[131.421578547,32.967424802000004],[131.421178275,32.967266468],[131.421082724,32.966902577000006],[131.4211478600871,32.966666666666676],[131.41875,32.966666666666676],[131.41875,32.97083333333334],[131.42119063671282,32.97083333333333],[131.421322711,32.970691458999994]]]}},{"type":"Feature","id":"44208:493132604","properties":{"id":"44208:493132604","meshCode":"493132604","cityCode":"44208","city":"竹田市","lat":32.9722939,"lon":131.262268,"areaKm2":0.013592,"populated2020":false,"population2020":null,"populationNote":"境界またぎ・収録外等のため自治体内人口は未集計"},"geometry":{"type":"Polygon","coordinates":[[[131.26130350316944,32.97083333333334],[131.261465733,32.97113948599999],[131.262059909,32.97147282],[131.262007406,32.972494486],[131.2625,32.97352966456243],[131.2625,32.97083333333334],[131.26130350316944,32.97083333333334]]]}},{"type":"Feature","id":"44208:493132613","properties":{"id":"44208:493132613","meshCode":"493132613","cityCode":"44208","city":"竹田市","lat":32.9729167,"lon":131.265625,"areaKm2":0.2606996,"populated2020":true,"population2020":null,"populationNote":"境界またぎ・収録外等のため自治体内人口は未集計"},"geometry":{"type":"Polygon","coordinates":[[[131.262527691,32.973582261],[131.263204358,32.974320036],[131.263476576,32.974698649],[131.263559429,32.974999999999994],[131.26875,32.975],[131.26875,32.97083333333334],[131.2625,32.97083333333334],[131.262527691,32.973582261]]]}},{"type":"Feature","id":"44208:493132614","properties":{"id":"44208:493132614","meshCode":"493132614","cityCode":"44208","city":"竹田市","lat":32.9729167,"lon":131.271875,"areaKm2":0.2699869,"populated2020":false,"population2020":null,"populationNote":"境界またぎ・収録外等のため自治体内人口は未集計"},"geometry":{"type":"Polygon","coordinates":[[[131.26875,32.97083333333334],[131.26875,32.975],[131.275,32.975],[131.275,32.97083333333333],[131.26875,32.97083333333334]]]}},{"type":"Feature","id":"44208:493132623","properties":{"id":"44208:493132623","meshCode":"493132623","cityCode":"44208","city":"竹田市","lat":32.9729167,"lon":131.278125,"areaKm2":0.2699869,"populated2020":false,"population2020":null,"populationNote":"境界またぎ・収録外等のため自治体内人口は未集計"},"geometry":{"type":"Polygon","coordinates":[[[131.275,32.97083333333333],[131.275,32.975],[131.28125,32.974999999999994],[131.28125,32.97083333333333],[131.275,32.97083333333333]]]}},{"type":"Feature","id":"44208:493132624","properties":{"id":"44208:493132624","meshCode":"493132624","cityCode":"44208","city":"竹田市","lat":32.9729167,"lon":131.284375,"areaKm2":0.2699869,"populated2020":true,"population2020":14.0103,"populationNote":"2020年基準人口（国交省調整値）"},"geometry":{"type":"Polygon","coordinates":[[[131.28125,32.97083333333333],[131.28125,32.974999999999994],[131.2875,32.974999999999994],[131.2875,32.97083333333333],[131.28125,32.97083333333333]]]}},{"type":"Feature","id":"44208:493132633","properties":{"id":"44208:493132633","meshCode":"493132633","cityCode":"44208","city":"竹田市","lat":32.9729167,"lon":131.290625,"areaKm2":0.2699869,"populated2020":true,"population2020":17.0314,"populationNote":"2020年基準人口（国交省調整値）"},"geometry":{"type":"Polygon","coordinates":[[[131.2875,32.97083333333333],[131.2875,32.974999999999994],[131.29375,32.975],[131.29375,32.97083333333334],[131.2875,32.97083333333333]]]}},{"type":"Feature","id":"44208:493132634","properties":{"id":"44208:493132634","meshCode":"493132634","cityCode":"44208","city":"竹田市","lat":32.9729167,"lon":131.296875,"areaKm2":0.2699869,"populated2020":true,"population2020":12.9802,"populationNote":"2020年基準人口（国交省調整値）"},"geometry":{"type":"Polygon","coordinates":[[[131.29375,32.97083333333334],[131.29375,32.975],[131.30000000000004,32.975],[131.30000000000004,32.97083333333334],[131.29375,32.97083333333334]]]}},{"type":"Feature","id":"44208:493132643","properties":{"id":"44208:493132643","meshCode":"493132643","cityCode":"44208","city":"竹田市","lat":32.9729167,"lon":131.303125,"areaKm2":0.2699869,"populated2020":false,"population2020":null,"populationNote":"境界またぎ・収録外等のため自治体内人口は未集計"},"geometry":{"type":"Polygon","coordinates":[[[131.30000000000004,32.97083333333334],[131.30000000000004,32.975],[131.30625,32.974999999999994],[131.30625,32.97083333333334],[131.30000000000004,32.97083333333334]]]}},{"type":"Feature","id":"44208:493132644","properties":{"id":"44208:493132644","meshCode":"493132644","cityCode":"44208","city":"竹田市","lat":32.9729167,"lon":131.309375,"areaKm2":0.2699869,"populated2020":true,"population2020":3.0018,"populationNote":"2020年基準人口（国交省調整値）"},"geometry":{"type":"Polygon","coordinates":[[[131.30625,32.97083333333334],[131.30625,32.974999999999994],[131.3125,32.975],[131.3125,32.97083333333334],[131.30625,32.97083333333334]]]}},{"type":"Feature","id":"44208:493132653","properties":{"id":"44208:493132653","meshCode":"493132653","cityCode":"44208","city":"竹田市","lat":32.9729167,"lon":131.315625,"areaKm2":0.2699869,"populated2020":true,"population2020":17.0728,"populationNote":"2020年基準人口（国交省調整値）"},"geometry":{"type":"Polygon","coordinates":[[[131.3125,32.97083333333334],[131.3125,32.975],[131.31875,32.975],[131.31875,32.97083333333333],[131.3125,32.97083333333334]]]}},{"type":"Feature","id":"44208:493132654","properties":{"id":"44208:493132654","meshCode":"493132654","cityCode":"44208","city":"竹田市","lat":32.9729167,"lon":131.321875,"areaKm2":0.2699869,"populated2020":true,"population2020":13.0078,"populationNote":"2020年基準人口（国交省調整値）"},"geometry":{"type":"Polygon","coordinates":[[[131.31875,32.97083333333333],[131.31875,32.975],[131.325,32.975],[131.325,32.97083333333334],[131.31875,32.97083333333333]]]}},{"type":"Feature","id":"44208:493132663","properties":{"id":"44208:493132663","meshCode":"493132663","cityCode":"44208","city":"竹田市","lat":32.9729167,"lon":131.328125,"areaKm2":0.2699869,"populated2020":true,"population2020":14.0188,"populationNote":"2020年基準人口（国交省調整値）"},"geometry":{"type":"Polygon","coordinates":[[[131.325,32.97083333333334],[131.325,32.975],[131.33125,32.974999999999994],[131.33125,32.97083333333334],[131.325,32.97083333333334]]]}},{"type":"Feature","id":"44208:493132664","properties":{"id":"44208:493132664","meshCode":"493132664","cityCode":"44208","city":"竹田市","lat":32.9729167,"lon":131.334375,"areaKm2":0.2699869,"populated2020":true,"population2020":4.001,"populationNote":"2020年基準人口（国交省調整値）"},"geometry":{"type":"Polygon","coordinates":[[[131.33125,32.97083333333334],[131.33125,32.974999999999994],[131.3375,32.975],[131.3375,32.97083333333333],[131.33125,32.97083333333334]]]}},{"type":"Feature","id":"44208:493132673","properties":{"id":"44208:493132673","meshCode":"493132673","cityCode":"44208","city":"竹田市","lat":32.9729167,"lon":131.340625,"areaKm2":0.2699869,"populated2020":false,"population2020":null,"populationNote":"境界またぎ・収録外等のため自治体内人口は未集計"},"geometry":{"type":"Polygon","coordinates":[[[131.3375,32.97083333333333],[131.3375,32.975],[131.34375,32.975],[131.34375,32.97083333333334],[131.3375,32.97083333333333]]]}},{"type":"Feature","id":"44208:493132674","properties":{"id":"44208:493132674","meshCode":"493132674","cityCode":"44208","city":"竹田市","lat":32.9729167,"lon":131.346875,"areaKm2":0.2699869,"populated2020":true,"population2020":24.0876,"populationNote":"2020年基準人口（国交省調整値）"},"geometry":{"type":"Polygon","coordinates":[[[131.34375,32.97083333333334],[131.34375,32.975],[131.35,32.975],[131.35,32.97083333333333],[131.34375,32.97083333333334]]]}},{"type":"Feature","id":"44208:493132683","properties":{"id":"44208:493132683","meshCode":"493132683","cityCode":"44208","city":"竹田市","lat":32.9729167,"lon":131.353125,"areaKm2":0.2699869,"populated2020":true,"population2020":22.0134,"populationNote":"2020年基準人口（国交省調整値）"},"geometry":{"type":"Polygon","coordinates":[[[131.35,32.97083333333333],[131.35,32.975],[131.35625000000002,32.97500000000001],[131.35625000000002,32.97083333333333],[131.35,32.97083333333333]]]}},{"type":"Feature","id":"44208:493132684","properties":{"id":"44208:493132684","meshCode":"493132684","cityCode":"44208","city":"竹田市","lat":32.9729167,"lon":131.359375,"areaKm2":0.2699869,"populated2020":true,"population2020":14.0134,"populationNote":"2020年基準人口（国交省調整値）"},"geometry":{"type":"Polygon","coordinates":[[[131.35625000000002,32.97083333333333],[131.35625000000002,32.97500000000001],[131.3625,32.975],[131.3625,32.97083333333333],[131.35625000000002,32.97083333333333]]]}},{"type":"Feature","id":"44208:493132693","properties":{"id":"44208:493132693","meshCode":"493132693","cityCode":"44208","city":"竹田市","lat":32.9729167,"lon":131.365625,"areaKm2":0.2699869,"populated2020":true,"population2020":52.0435,"populationNote":"2020年基準人口（国交省調整値）"},"geometry":{"type":"Polygon","coordinates":[[[131.3625,32.97083333333333],[131.3625,32.975],[131.36875,32.975],[131.36875,32.97083333333334],[131.3625,32.97083333333333]]]}},{"type":"Feature","id":"44208:493132694","properties":{"id":"44208:493132694","meshCode":"493132694","cityCode":"44208","city":"竹田市","lat":32.9729167,"lon":131.371875,"areaKm2":0.2699869,"populated2020":true,"population2020":87.2561,"populationNote":"2020年基準人口（国交省調整値）"},"geometry":{"type":"Polygon","coordinates":[[[131.36875,32.97083333333334],[131.36875,32.975],[131.375,32.975],[131.375,32.97083333333334],[131.36875,32.97083333333334]]]}},{"type":"Feature","id":"44208:493133603","properties":{"id":"44208:493133603","meshCode":"493133603","cityCode":"44208","city":"竹田市","lat":32.9729167,"lon":131.378125,"areaKm2":0.2699869,"populated2020":true,"population2020":129.2313,"populationNote":"2020年基準人口（国交省調整値）"},"geometry":{"type":"Polygon","coordinates":[[[131.375,32.97083333333334],[131.375,32.975],[131.38125,32.975],[131.38125,32.97083333333334],[131.375,32.97083333333334]]]}},{"type":"Feature","id":"44208:493133604","properties":{"id":"44208:493133604","meshCode":"493133604","cityCode":"44208","city":"竹田市","lat":32.9729167,"lon":131.384375,"areaKm2":0.2699869,"populated2020":true,"population2020":147.4651,"populationNote":"2020年基準人口（国交省調整値）"},"geometry":{"type":"Polygon","coordinates":[[[131.38125,32.97083333333334],[131.38125,32.975],[131.3875,32.974999999999994],[131.3875,32.97083333333334],[131.38125,32.97083333333334]]]}},{"type":"Feature","id":"44208:493133613","properties":{"id":"44208:493133613","meshCode":"493133613","cityCode":"44208","city":"竹田市","lat":32.9729167,"lon":131.390625,"areaKm2":0.2699869,"populated2020":true,"population2020":157.2742,"populationNote":"2020年基準人口（国交省調整値）"},"geometry":{"type":"Polygon","coordinates":[[[131.3875,32.97083333333334],[131.3875,32.974999999999994],[131.39375,32.975],[131.39375,32.97083333333333],[131.3875,32.97083333333334]]]}},{"type":"Feature","id":"44208:493133614","properties":{"id":"44208:493133614","meshCode":"493133614","cityCode":"44208","city":"竹田市","lat":32.9729167,"lon":131.396875,"areaKm2":0.2699869,"populated2020":true,"population2020":250.606,"populationNote":"2020年基準人口（国交省調整値）"},"geometry":{"type":"Polygon","coordinates":[[[131.39375,32.97083333333333],[131.39375,32.975],[131.4,32.975],[131.4,32.97083333333334],[131.39375,32.97083333333333]]]}},{"type":"Feature","id":"44208:493133623","properties":{"id":"44208:493133623","meshCode":"493133623","cityCode":"44208","city":"竹田市","lat":32.9729167,"lon":131.403125,"areaKm2":0.2699869,"populated2020":true,"population2020":209.6471,"populationNote":"2020年基準人口（国交省調整値）"},"geometry":{"type":"Polygon","coordinates":[[[131.4,32.97083333333334],[131.4,32.975],[131.40625,32.97500000000001],[131.40625,32.97083333333333],[131.4,32.97083333333334]]]}},{"type":"Feature","id":"44208:493133624","properties":{"id":"44208:493133624","meshCode":"493133624","cityCode":"44208","city":"竹田市","lat":32.9729167,"lon":131.409375,"areaKm2":0.2699869,"populated2020":true,"population2020":7.0119,"populationNote":"2020年基準人口（国交省調整値）"},"geometry":{"type":"Polygon","coordinates":[[[131.40625,32.97083333333333],[131.40625,32.97500000000001],[131.4125,32.975],[131.4125,32.97083333333334],[131.40625,32.97083333333333]]]}},{"type":"Feature","id":"44208:493133633","properties":{"id":"44208:493133633","meshCode":"493133633","cityCode":"44208","city":"竹田市","lat":32.9729167,"lon":131.415625,"areaKm2":0.2699726,"populated2020":true,"population2020":3.0041,"populationNote":"2020年基準人口（国交省調整値）"},"geometry":{"type":"Polygon","coordinates":[[[131.41875,32.975],[131.41875,32.97083333333334],[131.4125,32.97083333333334],[131.4125,32.975],[131.41875,32.975]]]}},{"type":"Feature","id":"44208:493133634","properties":{"id":"44208:493133634","meshCode":"493133634","cityCode":"44208","city":"竹田市","lat":32.9746206,"lon":131.4194898,"areaKm2":0.0331714,"populated2020":false,"population2020":null,"populationNote":"境界またぎ・収録外等のため自治体内人口は未集計"},"geometry":{"type":"MultiPolygon","coordinates":[[[[131.420368612,32.974999793],[131.420173528,32.974517297],[131.419921868,32.974330351],[131.419472698,32.974224243],[131.41875,32.97418369289254],[131.41875,32.975],[131.420368612,32.974999793]]],[[[131.41875,32.97401925541175],[131.418912698,32.972897847000006],[131.419320208,32.97207340500001],[131.42003882,32.971447577000006],[131.42119063671282,32.97083333333333],[131.41875,32.97083333333334],[131.41875,32.97401925541175]]]]}},{"type":"Feature","id":"44208:493132702","properties":{"id":"44208:493132702","meshCode":"493132702","cityCode":"44208","city":"竹田市","lat":32.9783856,"lon":131.2616407,"areaKm2":0.0451662,"populated2020":false,"population2020":null,"populationNote":"境界またぎ・収録外等のため自治体内人口は未集計"},"geometry":{"type":"Polygon","coordinates":[[[131.262311868,32.977615036],[131.261777147,32.978114766000004],[131.261354086,32.97831115300001],[131.259735473,32.978520603999996],[131.259149922,32.978460045],[131.258658249,32.97831921600001],[131.258147704,32.978351432000004],[131.257295201,32.97879755],[131.25708620653137,32.979166666666664],[131.2625,32.979166666666664],[131.2625,32.97754191105316],[131.262311868,32.977615036]]]}},{"type":"Feature","id":"44208:493132711","properties":{"id":"44208:493132711","meshCode":"493132711","cityCode":"44208","city":"竹田市","lat":32.9770833,"lon":131.265625,"areaKm2":0.2444743,"populated2020":false,"population2020":null,"populationNote":"境界またぎ・収録外等のため自治体内人口は未集計"},"geometry":{"type":"Polygon","coordinates":[[[131.263559429,32.974999999999994],[131.263719637,32.97558282000001],[131.263714643,32.97599782],[131.263509364,32.97655754099999],[131.263213813,32.977151982],[131.2625,32.97754191105316],[131.2625,32.979166666666664],[131.26875,32.979166666666664],[131.26875,32.975],[131.263559429,32.974999999999994]]]}},{"type":"Feature","id":"44208:493132712","properties":{"id":"44208:493132712","meshCode":"493132712","cityCode":"44208","city":"竹田市","lat":32.9770833,"lon":131.271875,"areaKm2":0.2699744,"populated2020":false,"population2020":null,"populationNote":"境界またぎ・収録外等のため自治体内人口は未集計"},"geometry":{"type":"Polygon","coordinates":[[[131.26875,32.975],[131.26875,32.979166666666664],[131.275,32.979166666666664],[131.275,32.975],[131.26875,32.975]]]}},{"type":"Feature","id":"44208:493132721","properties":{"id":"44208:493132721","meshCode":"493132721","cityCode":"44208","city":"竹田市","lat":32.9770833,"lon":131.278125,"areaKm2":0.2699744,"populated2020":true,"population2020":3.0009,"populationNote":"2020年基準人口（国交省調整値）"},"geometry":{"type":"Polygon","coordinates":[[[131.275,32.975],[131.275,32.979166666666664],[131.28125,32.979166666666664],[131.28125,32.974999999999994],[131.275,32.975]]]}},{"type":"Feature","id":"44208:493132722","properties":{"id":"44208:493132722","meshCode":"493132722","cityCode":"44208","city":"竹田市","lat":32.9770833,"lon":131.284375,"areaKm2":0.2699744,"populated2020":false,"population2020":null,"populationNote":"境界またぎ・収録外等のため自治体内人口は未集計"},"geometry":{"type":"Polygon","coordinates":[[[131.28125,32.974999999999994],[131.28125,32.979166666666664],[131.2875,32.979166666666664],[131.2875,32.974999999999994],[131.28125,32.974999999999994]]]}},{"type":"Feature","id":"44208:493132731","properties":{"id":"44208:493132731","meshCode":"493132731","cityCode":"44208","city":"竹田市","lat":32.9770833,"lon":131.290625,"areaKm2":0.2699744,"populated2020":true,"population2020":8.0089,"populationNote":"2020年基準人口（国交省調整値）"},"geometry":{"type":"Polygon","coordinates":[[[131.2875,32.974999999999994],[131.2875,32.979166666666664],[131.29375,32.97916666666667],[131.29375,32.975],[131.2875,32.974999999999994]]]}},{"type":"Feature","id":"44208:493132732","properties":{"id":"44208:493132732","meshCode":"493132732","cityCode":"44208","city":"竹田市","lat":32.9770833,"lon":131.296875,"areaKm2":0.2699744,"populated2020":false,"population2020":null,"populationNote":"境界またぎ・収録外等のため自治体内人口は未集計"},"geometry":{"type":"Polygon","coordinates":[[[131.29375,32.975],[131.29375,32.97916666666667],[131.30000000000004,32.979166666666664],[131.30000000000004,32.975],[131.29375,32.975]]]}},{"type":"Feature","id":"44208:493132741","properties":{"id":"44208:493132741","meshCode":"493132741","cityCode":"44208","city":"竹田市","lat":32.9770833,"lon":131.303125,"areaKm2":0.2699744,"populated2020":false,"population2020":null,"populationNote":"境界またぎ・収録外等のため自治体内人口は未集計"},"geometry":{"type":"Polygon","coordinates":[[[131.30000000000004,32.975],[131.30000000000004,32.979166666666664],[131.30625,32.97916666666667],[131.30625,32.974999999999994],[131.30000000000004,32.975]]]}},{"type":"Feature","id":"44208:493132742","properties":{"id":"44208:493132742","meshCode":"493132742","cityCode":"44208","city":"竹田市","lat":32.9770833,"lon":131.309375,"areaKm2":0.2699744,"populated2020":true,"population2020":2.011,"populationNote":"2020年基準人口（国交省調整値）"},"geometry":{"type":"Polygon","coordinates":[[[131.30625,32.974999999999994],[131.30625,32.97916666666667],[131.3125,32.97916666666666],[131.3125,32.975],[131.30625,32.974999999999994]]]}},{"type":"Feature","id":"44208:493132751","properties":{"id":"44208:493132751","meshCode":"493132751","cityCode":"44208","city":"竹田市","lat":32.9770833,"lon":131.315625,"areaKm2":0.2699744,"populated2020":true,"population2020":12.0147,"populationNote":"2020年基準人口（国交省調整値）"},"geometry":{"type":"Polygon","coordinates":[[[131.3125,32.975],[131.3125,32.97916666666666],[131.31875,32.979166666666664],[131.31875,32.975],[131.3125,32.975]]]}},{"type":"Feature","id":"44208:493132752","properties":{"id":"44208:493132752","meshCode":"493132752","cityCode":"44208","city":"竹田市","lat":32.9770833,"lon":131.321875,"areaKm2":0.2699744,"populated2020":true,"population2020":4.0014,"populationNote":"2020年基準人口（国交省調整値）"},"geometry":{"type":"Polygon","coordinates":[[[131.31875,32.975],[131.31875,32.979166666666664],[131.325,32.979166666666664],[131.325,32.975],[131.31875,32.975]]]}},{"type":"Feature","id":"44208:493132761","properties":{"id":"44208:493132761","meshCode":"493132761","cityCode":"44208","city":"竹田市","lat":32.9770833,"lon":131.328125,"areaKm2":0.2699744,"populated2020":true,"population2020":2.0019,"populationNote":"2020年基準人口（国交省調整値）"},"geometry":{"type":"Polygon","coordinates":[[[131.325,32.975],[131.325,32.979166666666664],[131.33125,32.979166666666664],[131.33125,32.974999999999994],[131.325,32.975]]]}},{"type":"Feature","id":"44208:493132762","properties":{"id":"44208:493132762","meshCode":"493132762","cityCode":"44208","city":"竹田市","lat":32.9770833,"lon":131.334375,"areaKm2":0.2699744,"populated2020":true,"population2020":16.001,"populationNote":"2020年基準人口（国交省調整値）"},"geometry":{"type":"Polygon","coordinates":[[[131.33125,32.974999999999994],[131.33125,32.979166666666664],[131.3375,32.97916666666667],[131.3375,32.975],[131.33125,32.974999999999994]]]}},{"type":"Feature","id":"44208:493132771","properties":{"id":"44208:493132771","meshCode":"493132771","cityCode":"44208","city":"竹田市","lat":32.9770833,"lon":131.340625,"areaKm2":0.2699744,"populated2020":true,"population2020":14.0094,"populationNote":"2020年基準人口（国交省調整値）"},"geometry":{"type":"Polygon","coordinates":[[[131.3375,32.975],[131.3375,32.97916666666667],[131.34375,32.979166666666664],[131.34375,32.975],[131.3375,32.975]]]}},{"type":"Feature","id":"44208:493132772","properties":{"id":"44208:493132772","meshCode":"493132772","cityCode":"44208","city":"竹田市","lat":32.9770833,"lon":131.346875,"areaKm2":0.2699744,"populated2020":false,"population2020":null,"populationNote":"境界またぎ・収録外等のため自治体内人口は未集計"},"geometry":{"type":"Polygon","coordinates":[[[131.34375,32.975],[131.34375,32.979166666666664],[131.35,32.979166666666664],[131.35,32.975],[131.34375,32.975]]]}},{"type":"Feature","id":"44208:493132781","properties":{"id":"44208:493132781","meshCode":"493132781","cityCode":"44208","city":"竹田市","lat":32.9770833,"lon":131.353125,"areaKm2":0.2699744,"populated2020":true,"population2020":28.0353,"populationNote":"2020年基準人口（国交省調整値）"},"geometry":{"type":"Polygon","coordinates":[[[131.35,32.975],[131.35,32.979166666666664],[131.35625000000002,32.979166666666664],[131.35625000000002,32.97500000000001],[131.35,32.975]]]}},{"type":"Feature","id":"44208:493132782","properties":{"id":"44208:493132782","meshCode":"493132782","cityCode":"44208","city":"竹田市","lat":32.9770833,"lon":131.359375,"areaKm2":0.2699744,"populated2020":true,"population2020":9.0101,"populationNote":"2020年基準人口（国交省調整値）"},"geometry":{"type":"Polygon","coordinates":[[[131.35625000000002,32.97500000000001],[131.35625000000002,32.979166666666664],[131.3625,32.979166666666664],[131.3625,32.975],[131.35625000000002,32.97500000000001]]]}},{"type":"Feature","id":"44208:493132791","properties":{"id":"44208:493132791","meshCode":"493132791","cityCode":"44208","city":"竹田市","lat":32.9770833,"lon":131.365625,"areaKm2":0.2699744,"populated2020":true,"population2020":13.0265,"populationNote":"2020年基準人口（国交省調整値）"},"geometry":{"type":"Polygon","coordinates":[[[131.3625,32.975],[131.3625,32.979166666666664],[131.36875,32.97916666666667],[131.36875,32.975],[131.3625,32.975]]]}},{"type":"Feature","id":"44208:493132792","properties":{"id":"44208:493132792","meshCode":"493132792","cityCode":"44208","city":"竹田市","lat":32.9770833,"lon":131.371875,"areaKm2":0.2699744,"populated2020":true,"population2020":23.0807,"populationNote":"2020年基準人口（国交省調整値）"},"geometry":{"type":"Polygon","coordinates":[[[131.36875,32.975],[131.36875,32.97916666666667],[131.375,32.979166666666664],[131.375,32.975],[131.36875,32.975]]]}},{"type":"Feature","id":"44208:493133701","properties":{"id":"44208:493133701","meshCode":"493133701","cityCode":"44208","city":"竹田市","lat":32.9770833,"lon":131.378125,"areaKm2":0.2699744,"populated2020":true,"population2020":39.0915,"populationNote":"2020年基準人口（国交省調整値）"},"geometry":{"type":"Polygon","coordinates":[[[131.375,32.975],[131.375,32.979166666666664],[131.38125,32.979166666666664],[131.38125,32.975],[131.375,32.975]]]}},{"type":"Feature","id":"44208:493133702","properties":{"id":"44208:493133702","meshCode":"493133702","cityCode":"44208","city":"竹田市","lat":32.9770833,"lon":131.384375,"areaKm2":0.2699744,"populated2020":true,"population2020":41.0493,"populationNote":"2020年基準人口（国交省調整値）"},"geometry":{"type":"Polygon","coordinates":[[[131.38125,32.975],[131.38125,32.979166666666664],[131.3875,32.97916666666667],[131.3875,32.974999999999994],[131.38125,32.975]]]}},{"type":"Feature","id":"44208:493133711","properties":{"id":"44208:493133711","meshCode":"493133711","cityCode":"44208","city":"竹田市","lat":32.9770833,"lon":131.390625,"areaKm2":0.2699744,"populated2020":true,"population2020":59.1006,"populationNote":"2020年基準人口（国交省調整値）"},"geometry":{"type":"Polygon","coordinates":[[[131.3875,32.974999999999994],[131.3875,32.97916666666667],[131.39375,32.97916666666667],[131.39375,32.975],[131.3875,32.974999999999994]]]}},{"type":"Feature","id":"44208:493133712","properties":{"id":"44208:493133712","meshCode":"493133712","cityCode":"44208","city":"竹田市","lat":32.9770833,"lon":131.396875,"areaKm2":0.2699744,"populated2020":true,"population2020":187.4798,"populationNote":"2020年基準人口（国交省調整値）"},"geometry":{"type":"Polygon","coordinates":[[[131.39375,32.975],[131.39375,32.97916666666667],[131.4,32.979166666666664],[131.4,32.975],[131.39375,32.975]]]}},{"type":"Feature","id":"44208:493133721","properties":{"id":"44208:493133721","meshCode":"493133721","cityCode":"44208","city":"竹田市","lat":32.9770833,"lon":131.403125,"areaKm2":0.2699744,"populated2020":true,"population2020":151.2992,"populationNote":"2020年基準人口（国交省調整値）"},"geometry":{"type":"Polygon","coordinates":[[[131.4,32.975],[131.4,32.979166666666664],[131.40625,32.979166666666664],[131.40625,32.97500000000001],[131.4,32.975]]]}},{"type":"Feature","id":"44208:493133722","properties":{"id":"44208:493133722","meshCode":"493133722","cityCode":"44208","city":"竹田市","lat":32.9770833,"lon":131.409375,"areaKm2":0.2699744,"populated2020":true,"population2020":2.0031,"populationNote":"2020年基準人口（国交省調整値）"},"geometry":{"type":"Polygon","coordinates":[[[131.40625,32.97500000000001],[131.40625,32.979166666666664],[131.4125,32.97916666666667],[131.4125,32.975],[131.40625,32.97500000000001]]]}},{"type":"Feature","id":"44208:493133731","properties":{"id":"44208:493133731","meshCode":"493133731","cityCode":"44208","city":"竹田市","lat":32.9770833,"lon":131.415625,"areaKm2":0.2699744,"populated2020":true,"population2020":12.0061,"populationNote":"2020年基準人口（国交省調整値）"},"geometry":{"type":"Polygon","coordinates":[[[131.4125,32.975],[131.4125,32.97916666666667],[131.41875,32.979166666666664],[131.41875,32.975],[131.4125,32.975]]]}},{"type":"Feature","id":"44208:493133732","properties":{"id":"44208:493133732","meshCode":"493133732","cityCode":"44208","city":"竹田市","lat":32.9771459,"lon":131.4199954,"areaKm2":0.1054042,"populated2020":true,"population2020":null,"populationNote":"境界またぎ・収録外等のため自治体内人口は未集計"},"geometry":{"type":"Polygon","coordinates":[[[131.420900467,32.97912395499999],[131.42208547300004,32.97865756800001],[131.422199079,32.977673405],[131.420833256,32.976938955],[131.420595473,32.976740072000005],[131.420446031,32.97625784700001],[131.420368638,32.974999999999994],[131.41875,32.975],[131.41875,32.979166666666664],[131.420900467,32.97912395499999]]]}},{"type":"Feature","id":"44208:493131794","properties":{"id":"44208:493131794","meshCode":"493131794","cityCode":"44208","city":"竹田市","lat":32.9826831,"lon":131.2485422,"areaKm2":0.0307701,"populated2020":false,"population2020":null,"populationNote":"境界またぎ・収録外等のため自治体内人口は未集計"},"geometry":{"type":"Polygon","coordinates":[[[131.249999105,32.98197562199999],[131.249549935,32.982047288],[131.248698833,32.982457288000006],[131.248426887,32.982513676],[131.247226887,32.982438667],[131.247124112,32.98252950500001],[131.24682045384958,32.98333333333334],[131.25,32.983333333333334],[131.249999105,32.98197562199999]]]}},{"type":"Feature","id":"44208:493132703","properties":{"id":"44208:493132703","meshCode":"493132703","cityCode":"44208","city":"竹田市","lat":32.9826544,"lon":131.253125,"areaKm2":0.1177649,"populated2020":false,"population2020":null,"populationNote":"境界またぎ・収録外等のため自治体内人口は未集計"},"geometry":{"type":"Polygon","coordinates":[[[131.25625,32.98072650451446],[131.253473268,32.98165727899999],[131.252769105,32.981777838],[131.251881051,32.981645063],[131.251524384,32.98166089200001],[131.25,32.981975477000006],[131.25,32.983333333333334],[131.25625,32.98333333333334],[131.25625,32.98072650451446]]]}},{"type":"Feature","id":"44208:493132704","properties":{"id":"44208:493132704","meshCode":"493132704","cityCode":"44208","city":"竹田市","lat":32.98125,"lon":131.259375,"areaKm2":0.2604823,"populated2020":false,"population2020":null,"populationNote":"境界またぎ・収録外等のため自治体内人口は未集計"},"geometry":{"type":"Polygon","coordinates":[[[131.25708620653137,32.979166666666664],[131.256984643,32.979818658],[131.256707977,32.980358386999995],[131.25625,32.98072650451446],[131.25625,32.98333333333334],[131.2625,32.983333333333334],[131.2625,32.979166666666664],[131.25708620653137,32.979166666666664]]]}},{"type":"Feature","id":"44208:493132713","properties":{"id":"44208:493132713","meshCode":"493132713","cityCode":"44208","city":"竹田市","lat":32.98125,"lon":131.265625,"areaKm2":0.2699619,"populated2020":true,"population2020":27.0259,"populationNote":"2020年基準人口（国交省調整値）"},"geometry":{"type":"Polygon","coordinates":[[[131.2625,32.979166666666664],[131.2625,32.983333333333334],[131.26875,32.983333333333334],[131.26875,32.979166666666664],[131.2625,32.979166666666664]]]}},{"type":"Feature","id":"44208:493132714","properties":{"id":"44208:493132714","meshCode":"493132714","cityCode":"44208","city":"竹田市","lat":32.98125,"lon":131.271875,"areaKm2":0.2699619,"populated2020":true,"population2020":2.0009,"populationNote":"2020年基準人口（国交省調整値）"},"geometry":{"type":"Polygon","coordinates":[[[131.26875,32.979166666666664],[131.26875,32.983333333333334],[131.275,32.983333333333334],[131.275,32.979166666666664],[131.26875,32.979166666666664]]]}},{"type":"Feature","id":"44208:493132723","properties":{"id":"44208:493132723","meshCode":"493132723","cityCode":"44208","city":"竹田市","lat":32.98125,"lon":131.278125,"areaKm2":0.2699619,"populated2020":false,"population2020":null,"populationNote":"境界またぎ・収録外等のため自治体内人口は未集計"},"geometry":{"type":"Polygon","coordinates":[[[131.275,32.979166666666664],[131.275,32.983333333333334],[131.28125,32.983333333333334],[131.28125,32.979166666666664],[131.275,32.979166666666664]]]}},{"type":"Feature","id":"44208:493132724","properties":{"id":"44208:493132724","meshCode":"493132724","cityCode":"44208","city":"竹田市","lat":32.98125,"lon":131.284375,"areaKm2":0.2699619,"populated2020":true,"population2020":2.0041,"populationNote":"2020年基準人口（国交省調整値）"},"geometry":{"type":"Polygon","coordinates":[[[131.28125,32.979166666666664],[131.28125,32.983333333333334],[131.2875,32.983333333333334],[131.2875,32.979166666666664],[131.28125,32.979166666666664]]]}},{"type":"Feature","id":"44208:493132733","properties":{"id":"44208:493132733","meshCode":"493132733","cityCode":"44208","city":"竹田市","lat":32.98125,"lon":131.290625,"areaKm2":0.2699619,"populated2020":true,"population2020":9.0169,"populationNote":"2020年基準人口（国交省調整値）"},"geometry":{"type":"Polygon","coordinates":[[[131.2875,32.979166666666664],[131.2875,32.983333333333334],[131.29375,32.983333333333334],[131.29375,32.97916666666667],[131.2875,32.979166666666664]]]}},{"type":"Feature","id":"44208:493132734","properties":{"id":"44208:493132734","meshCode":"493132734","cityCode":"44208","city":"竹田市","lat":32.98125,"lon":131.296875,"areaKm2":0.2699619,"populated2020":false,"population2020":null,"populationNote":"境界またぎ・収録外等のため自治体内人口は未集計"},"geometry":{"type":"Polygon","coordinates":[[[131.29375,32.97916666666667],[131.29375,32.983333333333334],[131.30000000000004,32.983333333333334],[131.30000000000004,32.979166666666664],[131.29375,32.97916666666667]]]}},{"type":"Feature","id":"44208:493132743","properties":{"id":"44208:493132743","meshCode":"493132743","cityCode":"44208","city":"竹田市","lat":32.98125,"lon":131.303125,"areaKm2":0.2699619,"populated2020":true,"population2020":9.0109,"populationNote":"2020年基準人口（国交省調整値）"},"geometry":{"type":"Polygon","coordinates":[[[131.30000000000004,32.979166666666664],[131.30000000000004,32.983333333333334],[131.30625,32.98333333333334],[131.30625,32.97916666666667],[131.30000000000004,32.979166666666664]]]}},{"type":"Feature","id":"44208:493132744","properties":{"id":"44208:493132744","meshCode":"493132744","cityCode":"44208","city":"竹田市","lat":32.98125,"lon":131.309375,"areaKm2":0.2699619,"populated2020":true,"population2020":15.9988,"populationNote":"2020年基準人口（国交省調整値）"},"geometry":{"type":"Polygon","coordinates":[[[131.30625,32.97916666666667],[131.30625,32.98333333333334],[131.3125,32.98333333333334],[131.3125,32.97916666666666],[131.30625,32.97916666666667]]]}},{"type":"Feature","id":"44208:493132753","properties":{"id":"44208:493132753","meshCode":"493132753","cityCode":"44208","city":"竹田市","lat":32.98125,"lon":131.315625,"areaKm2":0.2699619,"populated2020":false,"population2020":null,"populationNote":"境界またぎ・収録外等のため自治体内人口は未集計"},"geometry":{"type":"Polygon","coordinates":[[[131.3125,32.97916666666666],[131.3125,32.98333333333334],[131.31875,32.983333333333334],[131.31875,32.979166666666664],[131.3125,32.97916666666666]]]}},{"type":"Feature","id":"44208:493132754","properties":{"id":"44208:493132754","meshCode":"493132754","cityCode":"44208","city":"竹田市","lat":32.98125,"lon":131.321875,"areaKm2":0.2699619,"populated2020":false,"population2020":null,"populationNote":"境界またぎ・収録外等のため自治体内人口は未集計"},"geometry":{"type":"Polygon","coordinates":[[[131.31875,32.979166666666664],[131.31875,32.983333333333334],[131.325,32.98333333333334],[131.325,32.979166666666664],[131.31875,32.979166666666664]]]}},{"type":"Feature","id":"44208:493132763","properties":{"id":"44208:493132763","meshCode":"493132763","cityCode":"44208","city":"竹田市","lat":32.98125,"lon":131.328125,"areaKm2":0.2699619,"populated2020":true,"population2020":11.013,"populationNote":"2020年基準人口（国交省調整値）"},"geometry":{"type":"Polygon","coordinates":[[[131.325,32.979166666666664],[131.325,32.98333333333334],[131.33125,32.983333333333334],[131.33125,32.979166666666664],[131.325,32.979166666666664]]]}},{"type":"Feature","id":"44208:493132764","properties":{"id":"44208:493132764","meshCode":"493132764","cityCode":"44208","city":"竹田市","lat":32.98125,"lon":131.334375,"areaKm2":0.2699619,"populated2020":true,"population2020":5.0008,"populationNote":"2020年基準人口（国交省調整値）"},"geometry":{"type":"Polygon","coordinates":[[[131.33125,32.979166666666664],[131.33125,32.983333333333334],[131.3375,32.983333333333334],[131.3375,32.97916666666667],[131.33125,32.979166666666664]]]}},{"type":"Feature","id":"44208:493132773","properties":{"id":"44208:493132773","meshCode":"493132773","cityCode":"44208","city":"竹田市","lat":32.98125,"lon":131.340625,"areaKm2":0.2699619,"populated2020":true,"population2020":3.001,"populationNote":"2020年基準人口（国交省調整値）"},"geometry":{"type":"Polygon","coordinates":[[[131.3375,32.97916666666667],[131.3375,32.983333333333334],[131.34375,32.98333333333335],[131.34375,32.979166666666664],[131.3375,32.97916666666667]]]}},{"type":"Feature","id":"44208:493132774","properties":{"id":"44208:493132774","meshCode":"493132774","cityCode":"44208","city":"竹田市","lat":32.98125,"lon":131.346875,"areaKm2":0.2699619,"populated2020":true,"population2020":56.0625,"populationNote":"2020年基準人口（国交省調整値）"},"geometry":{"type":"Polygon","coordinates":[[[131.34375,32.979166666666664],[131.34375,32.98333333333335],[131.35,32.983333333333334],[131.35,32.979166666666664],[131.34375,32.979166666666664]]]}},{"type":"Feature","id":"44208:493132783","properties":{"id":"44208:493132783","meshCode":"493132783","cityCode":"44208","city":"竹田市","lat":32.98125,"lon":131.353125,"areaKm2":0.2699619,"populated2020":true,"population2020":10.0025,"populationNote":"2020年基準人口（国交省調整値）"},"geometry":{"type":"Polygon","coordinates":[[[131.35,32.979166666666664],[131.35,32.983333333333334],[131.35625000000002,32.983333333333334],[131.35625000000002,32.979166666666664],[131.35,32.979166666666664]]]}},{"type":"Feature","id":"44208:493132784","properties":{"id":"44208:493132784","meshCode":"493132784","cityCode":"44208","city":"竹田市","lat":32.98125,"lon":131.359375,"areaKm2":0.2699619,"populated2020":true,"population2020":6.0076,"populationNote":"2020年基準人口（国交省調整値）"},"geometry":{"type":"Polygon","coordinates":[[[131.35625000000002,32.979166666666664],[131.35625000000002,32.983333333333334],[131.3625,32.983333333333334],[131.3625,32.979166666666664],[131.35625000000002,32.979166666666664]]]}},{"type":"Feature","id":"44208:493132793","properties":{"id":"44208:493132793","meshCode":"493132793","cityCode":"44208","city":"竹田市","lat":32.98125,"lon":131.365625,"areaKm2":0.2699619,"populated2020":true,"population2020":13.0322,"populationNote":"2020年基準人口（国交省調整値）"},"geometry":{"type":"Polygon","coordinates":[[[131.3625,32.979166666666664],[131.3625,32.983333333333334],[131.36875,32.983333333333334],[131.36875,32.97916666666667],[131.3625,32.979166666666664]]]}},{"type":"Feature","id":"44208:493132794","properties":{"id":"44208:493132794","meshCode":"493132794","cityCode":"44208","city":"竹田市","lat":32.98125,"lon":131.371875,"areaKm2":0.2699619,"populated2020":false,"population2020":null,"populationNote":"境界またぎ・収録外等のため自治体内人口は未集計"},"geometry":{"type":"Polygon","coordinates":[[[131.36875,32.97916666666667],[131.36875,32.983333333333334],[131.375,32.983333333333334],[131.375,32.979166666666664],[131.36875,32.97916666666667]]]}},{"type":"Feature","id":"44208:493133703","properties":{"id":"44208:493133703","meshCode":"493133703","cityCode":"44208","city":"竹田市","lat":32.98125,"lon":131.378125,"areaKm2":0.2699619,"populated2020":true,"population2020":16.0364,"populationNote":"2020年基準人口（国交省調整値）"},"geometry":{"type":"Polygon","coordinates":[[[131.375,32.979166666666664],[131.375,32.983333333333334],[131.38125,32.983333333333334],[131.38125,32.979166666666664],[131.375,32.979166666666664]]]}},{"type":"Feature","id":"44208:493133704","properties":{"id":"44208:493133704","meshCode":"493133704","cityCode":"44208","city":"竹田市","lat":32.98125,"lon":131.384375,"areaKm2":0.2699619,"populated2020":true,"population2020":27.0504,"populationNote":"2020年基準人口（国交省調整値）"},"geometry":{"type":"Polygon","coordinates":[[[131.38125,32.979166666666664],[131.38125,32.983333333333334],[131.3875,32.983333333333334],[131.3875,32.97916666666667],[131.38125,32.979166666666664]]]}},{"type":"Feature","id":"44208:493133713","properties":{"id":"44208:493133713","meshCode":"493133713","cityCode":"44208","city":"竹田市","lat":32.98125,"lon":131.390625,"areaKm2":0.2699619,"populated2020":true,"population2020":57.1297,"populationNote":"2020年基準人口（国交省調整値）"},"geometry":{"type":"Polygon","coordinates":[[[131.3875,32.97916666666667],[131.3875,32.983333333333334],[131.39375,32.98333333333334],[131.39375,32.97916666666667],[131.3875,32.97916666666667]]]}},{"type":"Feature","id":"44208:493133714","properties":{"id":"44208:493133714","meshCode":"493133714","cityCode":"44208","city":"竹田市","lat":32.98125,"lon":131.396875,"areaKm2":0.2699619,"populated2020":true,"population2020":12.0299,"populationNote":"2020年基準人口（国交省調整値）"},"geometry":{"type":"Polygon","coordinates":[[[131.39375,32.97916666666667],[131.39375,32.98333333333334],[131.4,32.983333333333334],[131.4,32.979166666666664],[131.39375,32.97916666666667]]]}},{"type":"Feature","id":"44208:493133723","properties":{"id":"44208:493133723","meshCode":"493133723","cityCode":"44208","city":"竹田市","lat":32.98125,"lon":131.403125,"areaKm2":0.2699619,"populated2020":true,"population2020":22.0234,"populationNote":"2020年基準人口（国交省調整値）"},"geometry":{"type":"Polygon","coordinates":[[[131.4,32.979166666666664],[131.4,32.983333333333334],[131.40625,32.983333333333334],[131.40625,32.979166666666664],[131.4,32.979166666666664]]]}},{"type":"Feature","id":"44208:493133724","properties":{"id":"44208:493133724","meshCode":"493133724","cityCode":"44208","city":"竹田市","lat":32.98125,"lon":131.409375,"areaKm2":0.2699619,"populated2020":true,"population2020":48.0573,"populationNote":"2020年基準人口（国交省調整値）"},"geometry":{"type":"Polygon","coordinates":[[[131.40625,32.979166666666664],[131.40625,32.983333333333334],[131.4125,32.98333333333333],[131.4125,32.97916666666667],[131.40625,32.979166666666664]]]}},{"type":"Feature","id":"44208:493133733","properties":{"id":"44208:493133733","meshCode":"493133733","cityCode":"44208","city":"竹田市","lat":32.98125,"lon":131.415625,"areaKm2":0.256616,"populated2020":true,"population2020":null,"populationNote":"境界またぎ・収録外等のため自治体内人口は未集計"},"geometry":{"type":"Polygon","coordinates":[[[131.417686005,32.98333333299999],[131.417781297,32.983120072],[131.417690182,32.982837847],[131.417841855,32.982617847],[131.417869351,32.982318126],[131.418443243,32.98183590099999],[131.41875,32.98169799085343],[131.41875,32.979166666666664],[131.4125,32.97916666666667],[131.4125,32.98333333333333],[131.417686005,32.98333333299999]]]}},{"type":"Feature","id":"44208:493133734","properties":{"id":"44208:493133734","meshCode":"493133734","cityCode":"44208","city":"竹田市","lat":32.9803095,"lon":131.419045,"areaKm2":0.0170003,"populated2020":true,"population2020":null,"populationNote":"境界またぎ・収録外等のため自治体内人口は未集計"},"geometry":{"type":"Polygon","coordinates":[[[131.418762685,32.981692288],[131.41895297,32.98158034200001],[131.419006576,32.981151459],[131.419570195,32.979623405],[131.419803528,32.979501459000005],[131.420594916,32.979324793],[131.4208354863068,32.97916666666667],[131.41875,32.979166666666664],[131.418762685,32.981692288]]]}},{"type":"Feature","id":"44208:493131892","properties":{"id":"44208:493131892","meshCode":"493131892","cityCode":"44208","city":"竹田市","lat":32.9854167,"lon":131.246875,"areaKm2":0.1583962,"populated2020":false,"population2020":null,"populationNote":"境界またぎ・収録外等のため自治体内人口は未集計"},"geometry":{"type":"Polygon","coordinates":[[[131.24682045384958,32.98333333333334],[131.246078301,32.985925631],[131.246153035,32.9875],[131.25,32.9875],[131.25,32.983333333333334],[131.24682045384958,32.98333333333334]]]}},{"type":"Feature","id":"44208:493132801","properties":{"id":"44208:493132801","meshCode":"493132801","cityCode":"44208","city":"竹田市","lat":32.9854167,"lon":131.253125,"areaKm2":0.2699494,"populated2020":false,"population2020":null,"populationNote":"境界またぎ・収録外等のため自治体内人口は未集計"},"geometry":{"type":"Polygon","coordinates":[[[131.25,32.983333333333334],[131.25,32.9875],[131.25625,32.98750000000001],[131.25625,32.98333333333334],[131.25,32.983333333333334]]]}},{"type":"Feature","id":"44208:493132802","properties":{"id":"44208:493132802","meshCode":"493132802","cityCode":"44208","city":"竹田市","lat":32.9854167,"lon":131.259375,"areaKm2":0.2699494,"populated2020":false,"population2020":null,"populationNote":"境界またぎ・収録外等のため自治体内人口は未集計"},"geometry":{"type":"Polygon","coordinates":[[[131.25625,32.98333333333334],[131.25625,32.98750000000001],[131.2625,32.987500000000004],[131.2625,32.983333333333334],[131.25625,32.98333333333334]]]}},{"type":"Feature","id":"44208:493132811","properties":{"id":"44208:493132811","meshCode":"493132811","cityCode":"44208","city":"竹田市","lat":32.9854167,"lon":131.265625,"areaKm2":0.2699494,"populated2020":true,"population2020":4.0024,"populationNote":"2020年基準人口（国交省調整値）"},"geometry":{"type":"Polygon","coordinates":[[[131.2625,32.983333333333334],[131.2625,32.987500000000004],[131.26875,32.98750000000001],[131.26875,32.983333333333334],[131.2625,32.983333333333334]]]}},{"type":"Feature","id":"44208:493132812","properties":{"id":"44208:493132812","meshCode":"493132812","cityCode":"44208","city":"竹田市","lat":32.9854167,"lon":131.271875,"areaKm2":0.2699494,"populated2020":true,"population2020":7.0482,"populationNote":"2020年基準人口（国交省調整値）"},"geometry":{"type":"Polygon","coordinates":[[[131.26875,32.983333333333334],[131.26875,32.98750000000001],[131.275,32.9875],[131.275,32.983333333333334],[131.26875,32.983333333333334]]]}},{"type":"Feature","id":"44208:493132821","properties":{"id":"44208:493132821","meshCode":"493132821","cityCode":"44208","city":"竹田市","lat":32.9854167,"lon":131.278125,"areaKm2":0.2699494,"populated2020":true,"population2020":5.0191,"populationNote":"2020年基準人口（国交省調整値）"},"geometry":{"type":"Polygon","coordinates":[[[131.275,32.983333333333334],[131.275,32.9875],[131.28125,32.9875],[131.28125,32.983333333333334],[131.275,32.983333333333334]]]}},{"type":"Feature","id":"44208:493132822","properties":{"id":"44208:493132822","meshCode":"493132822","cityCode":"44208","city":"竹田市","lat":32.9854167,"lon":131.284375,"areaKm2":0.2699494,"populated2020":true,"population2020":8.0056,"populationNote":"2020年基準人口（国交省調整値）"},"geometry":{"type":"Polygon","coordinates":[[[131.28125,32.983333333333334],[131.28125,32.9875],[131.2875,32.9875],[131.2875,32.983333333333334],[131.28125,32.983333333333334]]]}},{"type":"Feature","id":"44208:493132831","properties":{"id":"44208:493132831","meshCode":"493132831","cityCode":"44208","city":"竹田市","lat":32.9854167,"lon":131.290625,"areaKm2":0.2699494,"populated2020":true,"population2020":4.0063,"populationNote":"2020年基準人口（国交省調整値）"},"geometry":{"type":"Polygon","coordinates":[[[131.2875,32.983333333333334],[131.2875,32.9875],[131.29375,32.98750000000001],[131.29375,32.983333333333334],[131.2875,32.983333333333334]]]}},{"type":"Feature","id":"44208:493132832","properties":{"id":"44208:493132832","meshCode":"493132832","cityCode":"44208","city":"竹田市","lat":32.9854167,"lon":131.296875,"areaKm2":0.2699494,"populated2020":false,"population2020":null,"populationNote":"境界またぎ・収録外等のため自治体内人口は未集計"},"geometry":{"type":"Polygon","coordinates":[[[131.29375,32.983333333333334],[131.29375,32.98750000000001],[131.30000000000004,32.9875],[131.30000000000004,32.983333333333334],[131.29375,32.983333333333334]]]}},{"type":"Feature","id":"44208:493132841","properties":{"id":"44208:493132841","meshCode":"493132841","cityCode":"44208","city":"竹田市","lat":32.9854167,"lon":131.303125,"areaKm2":0.2699494,"populated2020":true,"population2020":18.9973,"populationNote":"2020年基準人口（国交省調整値）"},"geometry":{"type":"Polygon","coordinates":[[[131.30000000000004,32.983333333333334],[131.30000000000004,32.9875],[131.30625,32.9875],[131.30625,32.98333333333334],[131.30000000000004,32.983333333333334]]]}},{"type":"Feature","id":"44208:493132842","properties":{"id":"44208:493132842","meshCode":"493132842","cityCode":"44208","city":"竹田市","lat":32.9854167,"lon":131.309375,"areaKm2":0.2699494,"populated2020":true,"population2020":34.1264,"populationNote":"2020年基準人口（国交省調整値）"},"geometry":{"type":"Polygon","coordinates":[[[131.30625,32.98333333333334],[131.30625,32.9875],[131.3125,32.987500000000004],[131.3125,32.98333333333334],[131.30625,32.98333333333334]]]}},{"type":"Feature","id":"44208:493132851","properties":{"id":"44208:493132851","meshCode":"493132851","cityCode":"44208","city":"竹田市","lat":32.9854167,"lon":131.315625,"areaKm2":0.2699494,"populated2020":true,"population2020":13.1066,"populationNote":"2020年基準人口（国交省調整値）"},"geometry":{"type":"Polygon","coordinates":[[[131.3125,32.98333333333334],[131.3125,32.987500000000004],[131.31875,32.9875],[131.31875,32.983333333333334],[131.3125,32.98333333333334]]]}},{"type":"Feature","id":"44208:493132852","properties":{"id":"44208:493132852","meshCode":"493132852","cityCode":"44208","city":"竹田市","lat":32.9854167,"lon":131.321875,"areaKm2":0.2699494,"populated2020":true,"population2020":7.0215,"populationNote":"2020年基準人口（国交省調整値）"},"geometry":{"type":"Polygon","coordinates":[[[131.31875,32.983333333333334],[131.31875,32.9875],[131.325,32.9875],[131.325,32.98333333333334],[131.31875,32.983333333333334]]]}},{"type":"Feature","id":"44208:493132861","properties":{"id":"44208:493132861","meshCode":"493132861","cityCode":"44208","city":"竹田市","lat":32.9854167,"lon":131.328125,"areaKm2":0.2699494,"populated2020":true,"population2020":34.0435,"populationNote":"2020年基準人口（国交省調整値）"},"geometry":{"type":"Polygon","coordinates":[[[131.325,32.98333333333334],[131.325,32.9875],[131.33125,32.987500000000004],[131.33125,32.983333333333334],[131.325,32.98333333333334]]]}},{"type":"Feature","id":"44208:493132862","properties":{"id":"44208:493132862","meshCode":"493132862","cityCode":"44208","city":"竹田市","lat":32.9854167,"lon":131.334375,"areaKm2":0.2699494,"populated2020":true,"population2020":13.0173,"populationNote":"2020年基準人口（国交省調整値）"},"geometry":{"type":"Polygon","coordinates":[[[131.33125,32.983333333333334],[131.33125,32.987500000000004],[131.3375,32.987500000000004],[131.3375,32.983333333333334],[131.33125,32.983333333333334]]]}},{"type":"Feature","id":"44208:493132871","properties":{"id":"44208:493132871","meshCode":"493132871","cityCode":"44208","city":"竹田市","lat":32.9854167,"lon":131.340625,"areaKm2":0.2699494,"populated2020":true,"population2020":44.0691,"populationNote":"2020年基準人口（国交省調整値）"},"geometry":{"type":"Polygon","coordinates":[[[131.3375,32.983333333333334],[131.3375,32.987500000000004],[131.34375,32.987500000000004],[131.34375,32.98333333333335],[131.3375,32.983333333333334]]]}},{"type":"Feature","id":"44208:493132872","properties":{"id":"44208:493132872","meshCode":"493132872","cityCode":"44208","city":"竹田市","lat":32.9854167,"lon":131.346875,"areaKm2":0.2699494,"populated2020":true,"population2020":1.0019,"populationNote":"2020年基準人口（国交省調整値）"},"geometry":{"type":"Polygon","coordinates":[[[131.34375,32.98333333333335],[131.34375,32.987500000000004],[131.35,32.9875],[131.35,32.983333333333334],[131.34375,32.98333333333335]]]}},{"type":"Feature","id":"44208:493132881","properties":{"id":"44208:493132881","meshCode":"493132881","cityCode":"44208","city":"竹田市","lat":32.9854167,"lon":131.353125,"areaKm2":0.2699494,"populated2020":false,"population2020":null,"populationNote":"境界またぎ・収録外等のため自治体内人口は未集計"},"geometry":{"type":"Polygon","coordinates":[[[131.35,32.983333333333334],[131.35,32.9875],[131.35625000000002,32.987500000000004],[131.35625000000002,32.983333333333334],[131.35,32.983333333333334]]]}},{"type":"Feature","id":"44208:493132882","properties":{"id":"44208:493132882","meshCode":"493132882","cityCode":"44208","city":"竹田市","lat":32.9854167,"lon":131.359375,"areaKm2":0.2699494,"populated2020":true,"population2020":14.0006,"populationNote":"2020年基準人口（国交省調整値）"},"geometry":{"type":"Polygon","coordinates":[[[131.35625000000002,32.983333333333334],[131.35625000000002,32.987500000000004],[131.3625,32.987500000000004],[131.3625,32.983333333333334],[131.35625000000002,32.983333333333334]]]}},{"type":"Feature","id":"44208:493132891","properties":{"id":"44208:493132891","meshCode":"493132891","cityCode":"44208","city":"竹田市","lat":32.9854167,"lon":131.365625,"areaKm2":0.2699494,"populated2020":true,"population2020":23.0209,"populationNote":"2020年基準人口（国交省調整値）"},"geometry":{"type":"Polygon","coordinates":[[[131.3625,32.983333333333334],[131.3625,32.987500000000004],[131.36875,32.9875],[131.36875,32.983333333333334],[131.3625,32.983333333333334]]]}},{"type":"Feature","id":"44208:493132892","properties":{"id":"44208:493132892","meshCode":"493132892","cityCode":"44208","city":"竹田市","lat":32.9854167,"lon":131.371875,"areaKm2":0.2699494,"populated2020":true,"population2020":2.0007,"populationNote":"2020年基準人口（国交省調整値）"},"geometry":{"type":"Polygon","coordinates":[[[131.36875,32.983333333333334],[131.36875,32.9875],[131.375,32.98750000000001],[131.375,32.983333333333334],[131.36875,32.983333333333334]]]}},{"type":"Feature","id":"44208:493133801","properties":{"id":"44208:493133801","meshCode":"493133801","cityCode":"44208","city":"竹田市","lat":32.9854167,"lon":131.378125,"areaKm2":0.2699494,"populated2020":false,"population2020":null,"populationNote":"境界またぎ・収録外等のため自治体内人口は未集計"},"geometry":{"type":"Polygon","coordinates":[[[131.375,32.983333333333334],[131.375,32.98750000000001],[131.38125,32.9875],[131.38125,32.983333333333334],[131.375,32.983333333333334]]]}},{"type":"Feature","id":"44208:493133802","properties":{"id":"44208:493133802","meshCode":"493133802","cityCode":"44208","city":"竹田市","lat":32.9854167,"lon":131.384375,"areaKm2":0.2699494,"populated2020":true,"population2020":1.9999,"populationNote":"2020年基準人口（国交省調整値）"},"geometry":{"type":"Polygon","coordinates":[[[131.38125,32.983333333333334],[131.38125,32.9875],[131.3875,32.9875],[131.3875,32.983333333333334],[131.38125,32.983333333333334]]]}},{"type":"Feature","id":"44208:493133811","properties":{"id":"44208:493133811","meshCode":"493133811","cityCode":"44208","city":"竹田市","lat":32.9854167,"lon":131.390625,"areaKm2":0.2699494,"populated2020":true,"population2020":30.1389,"populationNote":"2020年基準人口（国交省調整値）"},"geometry":{"type":"Polygon","coordinates":[[[131.3875,32.983333333333334],[131.3875,32.9875],[131.39375,32.9875],[131.39375,32.98333333333334],[131.3875,32.983333333333334]]]}},{"type":"Feature","id":"44208:493133812","properties":{"id":"44208:493133812","meshCode":"493133812","cityCode":"44208","city":"竹田市","lat":32.9854167,"lon":131.396875,"areaKm2":0.2699494,"populated2020":true,"population2020":5.0038,"populationNote":"2020年基準人口（国交省調整値）"},"geometry":{"type":"Polygon","coordinates":[[[131.39375,32.98333333333334],[131.39375,32.9875],[131.4,32.98750000000001],[131.4,32.983333333333334],[131.39375,32.98333333333334]]]}},{"type":"Feature","id":"44208:493133821","properties":{"id":"44208:493133821","meshCode":"493133821","cityCode":"44208","city":"竹田市","lat":32.9854167,"lon":131.403125,"areaKm2":0.2699494,"populated2020":true,"population2020":5.0139,"populationNote":"2020年基準人口（国交省調整値）"},"geometry":{"type":"Polygon","coordinates":[[[131.4,32.983333333333334],[131.4,32.98750000000001],[131.40625,32.987500000000004],[131.40625,32.983333333333334],[131.4,32.983333333333334]]]}},{"type":"Feature","id":"44208:493133822","properties":{"id":"44208:493133822","meshCode":"493133822","cityCode":"44208","city":"竹田市","lat":32.9854167,"lon":131.409375,"areaKm2":0.2699494,"populated2020":true,"population2020":19.0105,"populationNote":"2020年基準人口（国交省調整値）"},"geometry":{"type":"Polygon","coordinates":[[[131.40625,32.983333333333334],[131.40625,32.987500000000004],[131.4125,32.98750000000001],[131.4125,32.98333333333333],[131.40625,32.983333333333334]]]}},{"type":"Feature","id":"44208:493133831","properties":{"id":"44208:493133831","meshCode":"493133831","cityCode":"44208","city":"竹田市","lat":32.9854167,"lon":131.415625,"areaKm2":0.2315716,"populated2020":true,"population2020":null,"populationNote":"境界またぎ・収録外等のため自治体内人口は未集計"},"geometry":{"type":"Polygon","coordinates":[[[131.41862463,32.98680618],[131.417976291,32.985553405],[131.417058236,32.984928676],[131.417286848,32.98428618],[131.417062957,32.983747847],[131.417352127,32.983658676],[131.4176860045748,32.983333333333334],[131.4125,32.98333333333333],[131.4125,32.98750000000001],[131.41875,32.9875],[131.41875,32.98687985576729],[131.41862463,32.98680618]]]}},{"type":"Feature","id":"44208:493133832","properties":{"id":"44208:493133832","meshCode":"493133832","cityCode":"44208","city":"竹田市","lat":32.9870788,"lon":131.4191967,"areaKm2":0.0059017,"populated2020":true,"population2020":null,"populationNote":"境界またぎ・収録外等のため自治体内人口は未集計"},"geometry":{"type":"Polygon","coordinates":[[[131.41988687959775,32.98750000000001],[131.419845188,32.987210622],[131.419441569,32.986947009000005],[131.41875,32.98687985576729],[131.41875,32.9875],[131.41988687959775,32.98750000000001]]]}},{"type":"Feature","id":"44208:493131894","properties":{"id":"44208:493131894","meshCode":"493131894","cityCode":"44208","city":"竹田市","lat":32.9895461,"lon":131.2484464,"areaKm2":0.1329445,"populated2020":true,"population2020":null,"populationNote":"境界またぎ・収録外等のため自治体内人口は未集計"},"geometry":{"type":"Polygon","coordinates":[[[131.246153035,32.9875],[131.24616249,32.988589252000004],[131.246316381,32.989105368999994],[131.247371102,32.989919532],[131.247539442,32.990782315],[131.247839728,32.991102036],[131.24787363202392,32.99166666666667],[131.25,32.99166666666666],[131.25,32.9875],[131.246153035,32.9875]]]}},{"type":"Feature","id":"44208:493132803","properties":{"id":"44208:493132803","meshCode":"493132803","cityCode":"44208","city":"竹田市","lat":32.9895833,"lon":131.253125,"areaKm2":0.2699369,"populated2020":true,"population2020":6.046,"populationNote":"2020年基準人口（国交省調整値）"},"geometry":{"type":"Polygon","coordinates":[[[131.25,32.9875],[131.25,32.99166666666666],[131.25625,32.99166666666666],[131.25625,32.98750000000001],[131.25,32.9875]]]}},{"type":"Feature","id":"44208:493132804","properties":{"id":"44208:493132804","meshCode":"493132804","cityCode":"44208","city":"竹田市","lat":32.9895833,"lon":131.259375,"areaKm2":0.2699369,"populated2020":true,"population2020":6.0089,"populationNote":"2020年基準人口（国交省調整値）"},"geometry":{"type":"Polygon","coordinates":[[[131.25625,32.98750000000001],[131.25625,32.99166666666666],[131.2625,32.99166666666667],[131.2625,32.987500000000004],[131.25625,32.98750000000001]]]}},{"type":"Feature","id":"44208:493132813","properties":{"id":"44208:493132813","meshCode":"493132813","cityCode":"44208","city":"竹田市","lat":32.9895833,"lon":131.265625,"areaKm2":0.2699369,"populated2020":true,"population2020":4.0026,"populationNote":"2020年基準人口（国交省調整値）"},"geometry":{"type":"Polygon","coordinates":[[[131.2625,32.987500000000004],[131.2625,32.99166666666667],[131.26875,32.99166666666667],[131.26875,32.98750000000001],[131.2625,32.987500000000004]]]}},{"type":"Feature","id":"44208:493132814","properties":{"id":"44208:493132814","meshCode":"493132814","cityCode":"44208","city":"竹田市","lat":32.9895833,"lon":131.271875,"areaKm2":0.2699369,"populated2020":true,"population2020":12.9976,"populationNote":"2020年基準人口（国交省調整値）"},"geometry":{"type":"Polygon","coordinates":[[[131.26875,32.98750000000001],[131.26875,32.99166666666667],[131.275,32.991666666666674],[131.275,32.9875],[131.26875,32.98750000000001]]]}},{"type":"Feature","id":"44208:493132823","properties":{"id":"44208:493132823","meshCode":"493132823","cityCode":"44208","city":"竹田市","lat":32.9895833,"lon":131.278125,"areaKm2":0.2699369,"populated2020":true,"population2020":0.9989,"populationNote":"2020年基準人口（国交省調整値）"},"geometry":{"type":"Polygon","coordinates":[[[131.275,32.9875],[131.275,32.991666666666674],[131.28125,32.991666666666674],[131.28125,32.9875],[131.275,32.9875]]]}},{"type":"Feature","id":"44208:493132824","properties":{"id":"44208:493132824","meshCode":"493132824","cityCode":"44208","city":"竹田市","lat":32.9895833,"lon":131.284375,"areaKm2":0.2699369,"populated2020":true,"population2020":3.9901,"populationNote":"2020年基準人口（国交省調整値）"},"geometry":{"type":"Polygon","coordinates":[[[131.28125,32.9875],[131.28125,32.991666666666674],[131.2875,32.99166666666667],[131.2875,32.9875],[131.28125,32.9875]]]}},{"type":"Feature","id":"44208:493132833","properties":{"id":"44208:493132833","meshCode":"493132833","cityCode":"44208","city":"竹田市","lat":32.9895833,"lon":131.290625,"areaKm2":0.2699369,"populated2020":true,"population2020":16.0222,"populationNote":"2020年基準人口（国交省調整値）"},"geometry":{"type":"Polygon","coordinates":[[[131.2875,32.9875],[131.2875,32.99166666666667],[131.29375,32.99166666666667],[131.29375,32.98750000000001],[131.2875,32.9875]]]}},{"type":"Feature","id":"44208:493132834","properties":{"id":"44208:493132834","meshCode":"493132834","cityCode":"44208","city":"竹田市","lat":32.9895833,"lon":131.296875,"areaKm2":0.2699369,"populated2020":false,"population2020":null,"populationNote":"境界またぎ・収録外等のため自治体内人口は未集計"},"geometry":{"type":"Polygon","coordinates":[[[131.29375,32.98750000000001],[131.29375,32.99166666666667],[131.30000000000004,32.991666666666674],[131.30000000000004,32.9875],[131.29375,32.98750000000001]]]}},{"type":"Feature","id":"44208:493132843","properties":{"id":"44208:493132843","meshCode":"493132843","cityCode":"44208","city":"竹田市","lat":32.9895833,"lon":131.303125,"areaKm2":0.2699369,"populated2020":true,"population2020":23.0696,"populationNote":"2020年基準人口（国交省調整値）"},"geometry":{"type":"Polygon","coordinates":[[[131.30000000000004,32.9875],[131.30000000000004,32.991666666666674],[131.30625,32.99166666666667],[131.30625,32.9875],[131.30000000000004,32.9875]]]}},{"type":"Feature","id":"44208:493132844","properties":{"id":"44208:493132844","meshCode":"493132844","cityCode":"44208","city":"竹田市","lat":32.9895833,"lon":131.309375,"areaKm2":0.2699369,"populated2020":true,"population2020":27.0791,"populationNote":"2020年基準人口（国交省調整値）"},"geometry":{"type":"Polygon","coordinates":[[[131.30625,32.9875],[131.30625,32.99166666666667],[131.3125,32.99166666666667],[131.3125,32.987500000000004],[131.30625,32.9875]]]}},{"type":"Feature","id":"44208:493132853","properties":{"id":"44208:493132853","meshCode":"493132853","cityCode":"44208","city":"竹田市","lat":32.9895833,"lon":131.315625,"areaKm2":0.2699369,"populated2020":true,"population2020":17.999,"populationNote":"2020年基準人口（国交省調整値）"},"geometry":{"type":"Polygon","coordinates":[[[131.3125,32.987500000000004],[131.3125,32.99166666666667],[131.31875,32.99166666666667],[131.31875,32.9875],[131.3125,32.987500000000004]]]}},{"type":"Feature","id":"44208:493132854","properties":{"id":"44208:493132854","meshCode":"493132854","cityCode":"44208","city":"竹田市","lat":32.9895833,"lon":131.321875,"areaKm2":0.2699369,"populated2020":true,"population2020":17.013,"populationNote":"2020年基準人口（国交省調整値）"},"geometry":{"type":"Polygon","coordinates":[[[131.31875,32.9875],[131.31875,32.99166666666667],[131.325,32.99166666666667],[131.325,32.9875],[131.31875,32.9875]]]}},{"type":"Feature","id":"44208:493132863","properties":{"id":"44208:493132863","meshCode":"493132863","cityCode":"44208","city":"竹田市","lat":32.9895833,"lon":131.328125,"areaKm2":0.2699369,"populated2020":true,"population2020":8.0026,"populationNote":"2020年基準人口（国交省調整値）"},"geometry":{"type":"Polygon","coordinates":[[[131.325,32.9875],[131.325,32.99166666666667],[131.33125,32.99166666666667],[131.33125,32.987500000000004],[131.325,32.9875]]]}},{"type":"Feature","id":"44208:493132864","properties":{"id":"44208:493132864","meshCode":"493132864","cityCode":"44208","city":"竹田市","lat":32.9895833,"lon":131.334375,"areaKm2":0.2699369,"populated2020":true,"population2020":13.0099,"populationNote":"2020年基準人口（国交省調整値）"},"geometry":{"type":"Polygon","coordinates":[[[131.33125,32.987500000000004],[131.33125,32.99166666666667],[131.3375,32.991666666666674],[131.3375,32.987500000000004],[131.33125,32.987500000000004]]]}},{"type":"Feature","id":"44208:493132873","properties":{"id":"44208:493132873","meshCode":"493132873","cityCode":"44208","city":"竹田市","lat":32.9895833,"lon":131.340625,"areaKm2":0.2699369,"populated2020":true,"population2020":62.057,"populationNote":"2020年基準人口（国交省調整値）"},"geometry":{"type":"Polygon","coordinates":[[[131.3375,32.987500000000004],[131.3375,32.991666666666674],[131.34375,32.991666666666674],[131.34375,32.987500000000004],[131.3375,32.987500000000004]]]}},{"type":"Feature","id":"44208:493132874","properties":{"id":"44208:493132874","meshCode":"493132874","cityCode":"44208","city":"竹田市","lat":32.9895833,"lon":131.346875,"areaKm2":0.2699369,"populated2020":true,"population2020":6.0029,"populationNote":"2020年基準人口（国交省調整値）"},"geometry":{"type":"Polygon","coordinates":[[[131.34375,32.987500000000004],[131.34375,32.991666666666674],[131.35,32.99166666666667],[131.35,32.9875],[131.34375,32.987500000000004]]]}},{"type":"Feature","id":"44208:493132883","properties":{"id":"44208:493132883","meshCode":"493132883","cityCode":"44208","city":"竹田市","lat":32.9895833,"lon":131.353125,"areaKm2":0.2699369,"populated2020":true,"population2020":10.9997,"populationNote":"2020年基準人口（国交省調整値）"},"geometry":{"type":"Polygon","coordinates":[[[131.35,32.9875],[131.35,32.99166666666667],[131.35625000000002,32.99166666666667],[131.35625000000002,32.987500000000004],[131.35,32.9875]]]}},{"type":"Feature","id":"44208:493132884","properties":{"id":"44208:493132884","meshCode":"493132884","cityCode":"44208","city":"竹田市","lat":32.9895833,"lon":131.359375,"areaKm2":0.2699369,"populated2020":true,"population2020":18.0093,"populationNote":"2020年基準人口（国交省調整値）"},"geometry":{"type":"Polygon","coordinates":[[[131.35625000000002,32.987500000000004],[131.35625000000002,32.99166666666667],[131.3625,32.99166666666666],[131.3625,32.987500000000004],[131.35625000000002,32.987500000000004]]]}},{"type":"Feature","id":"44208:493132893","properties":{"id":"44208:493132893","meshCode":"493132893","cityCode":"44208","city":"竹田市","lat":32.9895833,"lon":131.365625,"areaKm2":0.2699369,"populated2020":true,"population2020":23.0187,"populationNote":"2020年基準人口（国交省調整値）"},"geometry":{"type":"Polygon","coordinates":[[[131.3625,32.987500000000004],[131.3625,32.99166666666666],[131.36875,32.99166666666667],[131.36875,32.9875],[131.3625,32.987500000000004]]]}},{"type":"Feature","id":"44208:493132894","properties":{"id":"44208:493132894","meshCode":"493132894","cityCode":"44208","city":"竹田市","lat":32.9895833,"lon":131.371875,"areaKm2":0.2699369,"populated2020":true,"population2020":13.0227,"populationNote":"2020年基準人口（国交省調整値）"},"geometry":{"type":"Polygon","coordinates":[[[131.36875,32.9875],[131.36875,32.99166666666667],[131.375,32.99166666666666],[131.375,32.98750000000001],[131.36875,32.9875]]]}},{"type":"Feature","id":"44208:493133803","properties":{"id":"44208:493133803","meshCode":"493133803","cityCode":"44208","city":"竹田市","lat":32.9895833,"lon":131.378125,"areaKm2":0.2699369,"populated2020":true,"population2020":11.0294,"populationNote":"2020年基準人口（国交省調整値）"},"geometry":{"type":"Polygon","coordinates":[[[131.375,32.98750000000001],[131.375,32.99166666666666],[131.38125,32.99166666666667],[131.38125,32.9875],[131.375,32.98750000000001]]]}},{"type":"Feature","id":"44208:493133804","properties":{"id":"44208:493133804","meshCode":"493133804","cityCode":"44208","city":"竹田市","lat":32.9895833,"lon":131.384375,"areaKm2":0.2699369,"populated2020":true,"population2020":30.0048,"populationNote":"2020年基準人口（国交省調整値）"},"geometry":{"type":"Polygon","coordinates":[[[131.38125,32.9875],[131.38125,32.99166666666667],[131.3875,32.99166666666667],[131.3875,32.9875],[131.38125,32.9875]]]}},{"type":"Feature","id":"44208:493133813","properties":{"id":"44208:493133813","meshCode":"493133813","cityCode":"44208","city":"竹田市","lat":32.9895833,"lon":131.390625,"areaKm2":0.2699369,"populated2020":true,"population2020":29.0732,"populationNote":"2020年基準人口（国交省調整値）"},"geometry":{"type":"Polygon","coordinates":[[[131.3875,32.9875],[131.3875,32.99166666666667],[131.39375,32.99166666666667],[131.39375,32.9875],[131.3875,32.9875]]]}},{"type":"Feature","id":"44208:493133814","properties":{"id":"44208:493133814","meshCode":"493133814","cityCode":"44208","city":"竹田市","lat":32.9895833,"lon":131.396875,"areaKm2":0.2699369,"populated2020":false,"population2020":null,"populationNote":"境界またぎ・収録外等のため自治体内人口は未集計"},"geometry":{"type":"Polygon","coordinates":[[[131.39375,32.9875],[131.39375,32.99166666666667],[131.4,32.99166666666667],[131.4,32.98750000000001],[131.39375,32.9875]]]}},{"type":"Feature","id":"44208:493133823","properties":{"id":"44208:493133823","meshCode":"493133823","cityCode":"44208","city":"竹田市","lat":32.9895833,"lon":131.403125,"areaKm2":0.2699369,"populated2020":true,"population2020":22.0271,"populationNote":"2020年基準人口（国交省調整値）"},"geometry":{"type":"Polygon","coordinates":[[[131.4,32.98750000000001],[131.4,32.99166666666667],[131.40625,32.99166666666667],[131.40625,32.987500000000004],[131.4,32.98750000000001]]]}},{"type":"Feature","id":"44208:493133824","properties":{"id":"44208:493133824","meshCode":"493133824","cityCode":"44208","city":"竹田市","lat":32.9895833,"lon":131.409375,"areaKm2":0.2699369,"populated2020":true,"population2020":31.0333,"populationNote":"2020年基準人口（国交省調整値）"},"geometry":{"type":"Polygon","coordinates":[[[131.40625,32.987500000000004],[131.40625,32.99166666666667],[131.4125,32.991666666666674],[131.4125,32.98750000000001],[131.40625,32.987500000000004]]]}},{"type":"Feature","id":"44208:493133833","properties":{"id":"44208:493133833","meshCode":"493133833","cityCode":"44208","city":"竹田市","lat":32.9895833,"lon":131.415625,"areaKm2":0.2699369,"populated2020":true,"population2020":108.9792,"populationNote":"2020年基準人口（国交省調整値）"},"geometry":{"type":"Polygon","coordinates":[[[131.4125,32.98750000000001],[131.4125,32.991666666666674],[131.41875,32.991666666666674],[131.41875,32.9875],[131.4125,32.98750000000001]]]}},{"type":"Feature","id":"44208:493133834","properties":{"id":"44208:493133834","meshCode":"493133834","cityCode":"44208","city":"竹田市","lat":32.9895202,"lon":131.4198773,"areaKm2":0.0864383,"populated2020":true,"population2020":null,"populationNote":"境界またぎ・収録外等のため自治体内人口は未集計"},"geometry":{"type":"Polygon","coordinates":[[[131.420308651,32.99166645],[131.420673515,32.991513396],[131.42081879400004,32.99130589200001],[131.420735188,32.990455622000006],[131.421003515,32.989829784],[131.420949909,32.989165342],[131.421050182,32.98868839600001],[131.420415746,32.988155063],[131.42021546,32.98775644999999],[131.41988687959775,32.98750000000001],[131.41875,32.9875],[131.41875,32.991666666666674],[131.420308651,32.99166645]]]}},{"type":"Feature","id":"44208:493131992","properties":{"id":"44208:493131992","meshCode":"493131992","cityCode":"44208","city":"竹田市","lat":32.9936923,"lon":131.2487734,"areaKm2":0.1026494,"populated2020":true,"population2020":null,"populationNote":"境界またぎ・収録外等のため自治体内人口は未集計"},"geometry":{"type":"Polygon","coordinates":[[[131.247873632,32.991666667],[131.247794449,32.992141486],[131.247613904,32.992290937],[131.24750668,32.992523991],[131.247614202,32.99429845],[131.247754202,32.994513721000004],[131.247711154,32.995238449999995],[131.24732608955915,32.99583333333333],[131.25,32.99583333333333],[131.25,32.99166666666666],[131.247873632,32.991666667]]]}},{"type":"Feature","id":"44208:493132901","properties":{"id":"44208:493132901","meshCode":"493132901","cityCode":"44208","city":"竹田市","lat":32.99375,"lon":131.253125,"areaKm2":0.2699244,"populated2020":true,"population2020":2.9908,"populationNote":"2020年基準人口（国交省調整値）"},"geometry":{"type":"Polygon","coordinates":[[[131.25,32.99166666666666],[131.25,32.99583333333333],[131.25625,32.99583333333333],[131.25625,32.99166666666666],[131.25,32.99166666666666]]]}},{"type":"Feature","id":"44208:493132902","properties":{"id":"44208:493132902","meshCode":"493132902","cityCode":"44208","city":"竹田市","lat":32.99375,"lon":131.259375,"areaKm2":0.2699244,"populated2020":false,"population2020":null,"populationNote":"境界またぎ・収録外等のため自治体内人口は未集計"},"geometry":{"type":"Polygon","coordinates":[[[131.25625,32.99166666666666],[131.25625,32.99583333333333],[131.2625,32.99583333333333],[131.2625,32.99166666666667],[131.25625,32.99166666666666]]]}},{"type":"Feature","id":"44208:493132911","properties":{"id":"44208:493132911","meshCode":"493132911","cityCode":"44208","city":"竹田市","lat":32.99375,"lon":131.265625,"areaKm2":0.2699244,"populated2020":true,"population2020":13.0354,"populationNote":"2020年基準人口（国交省調整値）"},"geometry":{"type":"Polygon","coordinates":[[[131.2625,32.99166666666667],[131.2625,32.99583333333333],[131.26875,32.99583333333333],[131.26875,32.99166666666667],[131.2625,32.99166666666667]]]}},{"type":"Feature","id":"44208:493132912","properties":{"id":"44208:493132912","meshCode":"493132912","cityCode":"44208","city":"竹田市","lat":32.99375,"lon":131.271875,"areaKm2":0.2699244,"populated2020":true,"population2020":41.0531,"populationNote":"2020年基準人口（国交省調整値）"},"geometry":{"type":"Polygon","coordinates":[[[131.26875,32.99166666666667],[131.26875,32.99583333333333],[131.275,32.99583333333333],[131.275,32.991666666666674],[131.26875,32.99166666666667]]]}},{"type":"Feature","id":"44208:493132921","properties":{"id":"44208:493132921","meshCode":"493132921","cityCode":"44208","city":"竹田市","lat":32.99375,"lon":131.278125,"areaKm2":0.2699244,"populated2020":true,"population2020":5.9939,"populationNote":"2020年基準人口（国交省調整値）"},"geometry":{"type":"Polygon","coordinates":[[[131.275,32.991666666666674],[131.275,32.99583333333333],[131.28125,32.99583333333333],[131.28125,32.991666666666674],[131.275,32.991666666666674]]]}},{"type":"Feature","id":"44208:493132922","properties":{"id":"44208:493132922","meshCode":"493132922","cityCode":"44208","city":"竹田市","lat":32.99375,"lon":131.284375,"areaKm2":0.2699244,"populated2020":false,"population2020":null,"populationNote":"境界またぎ・収録外等のため自治体内人口は未集計"},"geometry":{"type":"Polygon","coordinates":[[[131.28125,32.991666666666674],[131.28125,32.99583333333333],[131.2875,32.99583333333333],[131.2875,32.99166666666667],[131.28125,32.991666666666674]]]}},{"type":"Feature","id":"44208:493132931","properties":{"id":"44208:493132931","meshCode":"493132931","cityCode":"44208","city":"竹田市","lat":32.99375,"lon":131.290625,"areaKm2":0.2699244,"populated2020":false,"population2020":null,"populationNote":"境界またぎ・収録外等のため自治体内人口は未集計"},"geometry":{"type":"Polygon","coordinates":[[[131.2875,32.99166666666667],[131.2875,32.99583333333333],[131.29375,32.99583333333333],[131.29375,32.99166666666667],[131.2875,32.99166666666667]]]}},{"type":"Feature","id":"44208:493132932","properties":{"id":"44208:493132932","meshCode":"493132932","cityCode":"44208","city":"竹田市","lat":32.99375,"lon":131.296875,"areaKm2":0.2699244,"populated2020":false,"population2020":null,"populationNote":"境界またぎ・収録外等のため自治体内人口は未集計"},"geometry":{"type":"Polygon","coordinates":[[[131.29375,32.99166666666667],[131.29375,32.99583333333333],[131.30000000000004,32.99583333333333],[131.30000000000004,32.991666666666674],[131.29375,32.99166666666667]]]}},{"type":"Feature","id":"44208:493132941","properties":{"id":"44208:493132941","meshCode":"493132941","cityCode":"44208","city":"竹田市","lat":32.99375,"lon":131.303125,"areaKm2":0.2699244,"populated2020":true,"population2020":19.0073,"populationNote":"2020年基準人口（国交省調整値）"},"geometry":{"type":"Polygon","coordinates":[[[131.30000000000004,32.991666666666674],[131.30000000000004,32.99583333333333],[131.30625,32.99583333333333],[131.30625,32.99166666666667],[131.30000000000004,32.991666666666674]]]}},{"type":"Feature","id":"44208:493132942","properties":{"id":"44208:493132942","meshCode":"493132942","cityCode":"44208","city":"竹田市","lat":32.99375,"lon":131.309375,"areaKm2":0.2699244,"populated2020":true,"population2020":7.0037,"populationNote":"2020年基準人口（国交省調整値）"},"geometry":{"type":"Polygon","coordinates":[[[131.30625,32.99166666666667],[131.30625,32.99583333333333],[131.3125,32.99583333333333],[131.3125,32.99166666666667],[131.30625,32.99166666666667]]]}},{"type":"Feature","id":"44208:493132951","properties":{"id":"44208:493132951","meshCode":"493132951","cityCode":"44208","city":"竹田市","lat":32.99375,"lon":131.315625,"areaKm2":0.2699244,"populated2020":true,"population2020":9.0045,"populationNote":"2020年基準人口（国交省調整値）"},"geometry":{"type":"Polygon","coordinates":[[[131.3125,32.99166666666667],[131.3125,32.99583333333333],[131.31875,32.99583333333333],[131.31875,32.99166666666667],[131.3125,32.99166666666667]]]}},{"type":"Feature","id":"44208:493132952","properties":{"id":"44208:493132952","meshCode":"493132952","cityCode":"44208","city":"竹田市","lat":32.99375,"lon":131.321875,"areaKm2":0.2699244,"populated2020":true,"population2020":27.0522,"populationNote":"2020年基準人口（国交省調整値）"},"geometry":{"type":"Polygon","coordinates":[[[131.31875,32.99166666666667],[131.31875,32.99583333333333],[131.325,32.99583333333333],[131.325,32.99166666666667],[131.31875,32.99166666666667]]]}},{"type":"Feature","id":"44208:493132961","properties":{"id":"44208:493132961","meshCode":"493132961","cityCode":"44208","city":"竹田市","lat":32.99375,"lon":131.328125,"areaKm2":0.2699244,"populated2020":true,"population2020":41.1257,"populationNote":"2020年基準人口（国交省調整値）"},"geometry":{"type":"Polygon","coordinates":[[[131.325,32.99166666666667],[131.325,32.99583333333333],[131.33125,32.99583333333333],[131.33125,32.99166666666667],[131.325,32.99166666666667]]]}},{"type":"Feature","id":"44208:493132962","properties":{"id":"44208:493132962","meshCode":"493132962","cityCode":"44208","city":"竹田市","lat":32.99375,"lon":131.334375,"areaKm2":0.2699244,"populated2020":true,"population2020":66.0443,"populationNote":"2020年基準人口（国交省調整値）"},"geometry":{"type":"Polygon","coordinates":[[[131.33125,32.99166666666667],[131.33125,32.99583333333333],[131.3375,32.99583333333333],[131.3375,32.991666666666674],[131.33125,32.99166666666667]]]}},{"type":"Feature","id":"44208:493132971","properties":{"id":"44208:493132971","meshCode":"493132971","cityCode":"44208","city":"竹田市","lat":32.99375,"lon":131.340625,"areaKm2":0.2699244,"populated2020":false,"population2020":null,"populationNote":"境界またぎ・収録外等のため自治体内人口は未集計"},"geometry":{"type":"Polygon","coordinates":[[[131.3375,32.991666666666674],[131.3375,32.99583333333333],[131.34375,32.99583333333333],[131.34375,32.991666666666674],[131.3375,32.991666666666674]]]}},{"type":"Feature","id":"44208:493132972","properties":{"id":"44208:493132972","meshCode":"493132972","cityCode":"44208","city":"竹田市","lat":32.99375,"lon":131.346875,"areaKm2":0.2699244,"populated2020":true,"population2020":6.0445,"populationNote":"2020年基準人口（国交省調整値）"},"geometry":{"type":"Polygon","coordinates":[[[131.34375,32.991666666666674],[131.34375,32.99583333333333],[131.35,32.99583333333333],[131.35,32.99166666666667],[131.34375,32.991666666666674]]]}},{"type":"Feature","id":"44208:493132981","properties":{"id":"44208:493132981","meshCode":"493132981","cityCode":"44208","city":"竹田市","lat":32.99375,"lon":131.353125,"areaKm2":0.2699244,"populated2020":true,"population2020":36.031,"populationNote":"2020年基準人口（国交省調整値）"},"geometry":{"type":"Polygon","coordinates":[[[131.35,32.99166666666667],[131.35,32.99583333333333],[131.35625000000002,32.99583333333333],[131.35625000000002,32.99166666666667],[131.35,32.99166666666667]]]}},{"type":"Feature","id":"44208:493132982","properties":{"id":"44208:493132982","meshCode":"493132982","cityCode":"44208","city":"竹田市","lat":32.99375,"lon":131.359375,"areaKm2":0.2699244,"populated2020":false,"population2020":null,"populationNote":"境界またぎ・収録外等のため自治体内人口は未集計"},"geometry":{"type":"Polygon","coordinates":[[[131.35625000000002,32.99166666666667],[131.35625000000002,32.99583333333333],[131.3625,32.99583333333333],[131.3625,32.99166666666666],[131.35625000000002,32.99166666666667]]]}},{"type":"Feature","id":"44208:493132991","properties":{"id":"44208:493132991","meshCode":"493132991","cityCode":"44208","city":"竹田市","lat":32.99375,"lon":131.365625,"areaKm2":0.2699244,"populated2020":true,"population2020":6.995,"populationNote":"2020年基準人口（国交省調整値）"},"geometry":{"type":"Polygon","coordinates":[[[131.3625,32.99166666666666],[131.3625,32.99583333333333],[131.36875,32.99583333333333],[131.36875,32.99166666666667],[131.3625,32.99166666666666]]]}},{"type":"Feature","id":"44208:493132992","properties":{"id":"44208:493132992","meshCode":"493132992","cityCode":"44208","city":"竹田市","lat":32.99375,"lon":131.371875,"areaKm2":0.2699244,"populated2020":true,"population2020":1.001,"populationNote":"2020年基準人口（国交省調整値）"},"geometry":{"type":"Polygon","coordinates":[[[131.36875,32.99166666666667],[131.36875,32.99583333333333],[131.375,32.99583333333333],[131.375,32.99166666666666],[131.36875,32.99166666666667]]]}},{"type":"Feature","id":"44208:493133901","properties":{"id":"44208:493133901","meshCode":"493133901","cityCode":"44208","city":"竹田市","lat":32.99375,"lon":131.378125,"areaKm2":0.2699244,"populated2020":true,"population2020":2.0043,"populationNote":"2020年基準人口（国交省調整値）"},"geometry":{"type":"Polygon","coordinates":[[[131.375,32.99166666666666],[131.375,32.99583333333333],[131.38125,32.99583333333333],[131.38125,32.99166666666667],[131.375,32.99166666666666]]]}},{"type":"Feature","id":"44208:493133902","properties":{"id":"44208:493133902","meshCode":"493133902","cityCode":"44208","city":"竹田市","lat":32.99375,"lon":131.384375,"areaKm2":0.2699244,"populated2020":true,"population2020":21.0129,"populationNote":"2020年基準人口（国交省調整値）"},"geometry":{"type":"Polygon","coordinates":[[[131.38125,32.99166666666667],[131.38125,32.99583333333333],[131.3875,32.99583333333333],[131.3875,32.99166666666667],[131.38125,32.99166666666667]]]}},{"type":"Feature","id":"44208:493133911","properties":{"id":"44208:493133911","meshCode":"493133911","cityCode":"44208","city":"竹田市","lat":32.99375,"lon":131.390625,"areaKm2":0.2699244,"populated2020":true,"population2020":16.0288,"populationNote":"2020年基準人口（国交省調整値）"},"geometry":{"type":"Polygon","coordinates":[[[131.3875,32.99166666666667],[131.3875,32.99583333333333],[131.39375,32.99583333333333],[131.39375,32.99166666666667],[131.3875,32.99166666666667]]]}},{"type":"Feature","id":"44208:493133912","properties":{"id":"44208:493133912","meshCode":"493133912","cityCode":"44208","city":"竹田市","lat":32.99375,"lon":131.396875,"areaKm2":0.2699244,"populated2020":true,"population2020":8.0138,"populationNote":"2020年基準人口（国交省調整値）"},"geometry":{"type":"Polygon","coordinates":[[[131.39375,32.99166666666667],[131.39375,32.99583333333333],[131.4,32.99583333333334],[131.4,32.99166666666667],[131.39375,32.99166666666667]]]}},{"type":"Feature","id":"44208:493133921","properties":{"id":"44208:493133921","meshCode":"493133921","cityCode":"44208","city":"竹田市","lat":32.99375,"lon":131.403125,"areaKm2":0.2699244,"populated2020":true,"population2020":12.0139,"populationNote":"2020年基準人口（国交省調整値）"},"geometry":{"type":"Polygon","coordinates":[[[131.4,32.99166666666667],[131.4,32.99583333333334],[131.40625,32.99583333333333],[131.40625,32.99166666666667],[131.4,32.99166666666667]]]}},{"type":"Feature","id":"44208:493133922","properties":{"id":"44208:493133922","meshCode":"493133922","cityCode":"44208","city":"竹田市","lat":32.99375,"lon":131.409375,"areaKm2":0.2699244,"populated2020":true,"population2020":28.0472,"populationNote":"2020年基準人口（国交省調整値）"},"geometry":{"type":"Polygon","coordinates":[[[131.40625,32.99166666666667],[131.40625,32.99583333333333],[131.4125,32.99583333333333],[131.4125,32.991666666666674],[131.40625,32.99166666666667]]]}},{"type":"Feature","id":"44208:493133931","properties":{"id":"44208:493133931","meshCode":"493133931","cityCode":"44208","city":"竹田市","lat":32.99375,"lon":131.415625,"areaKm2":0.2699244,"populated2020":true,"population2020":21.0159,"populationNote":"2020年基準人口（国交省調整値）"},"geometry":{"type":"Polygon","coordinates":[[[131.4125,32.991666666666674],[131.4125,32.99583333333333],[131.41875,32.99583333333333],[131.41875,32.991666666666674],[131.4125,32.991666666666674]]]}},{"type":"Feature","id":"44208:493133932","properties":{"id":"44208:493133932","meshCode":"493133932","cityCode":"44208","city":"竹田市","lat":32.993691,"lon":131.4196799,"areaKm2":0.0579022,"populated2020":true,"population2020":null,"populationNote":"境界またぎ・収録外等のため自治体内人口は未集計"},"geometry":{"type":"Polygon","coordinates":[[[131.41956546,32.99581172999999],[131.419742399,32.994588955],[131.420057121,32.994077008999994],[131.420537406,32.993801171],[131.420682127,32.993580892],[131.42060046700004,32.993260892],[131.42006463,32.99225700899999],[131.4200438,32.99195228800001],[131.420127678,32.991775342000004],[131.42030814577726,32.99166666666667],[131.41875,32.991666666666674],[131.41875,32.99583333333333],[131.41956546,32.99581172999999]]]}},{"type":"Feature","id":"44208:493131993","properties":{"id":"44208:493131993","meshCode":"493131993","cityCode":"44208","city":"竹田市","lat":32.999676,"lon":131.2435492,"areaKm2":0.0027118,"populated2020":false,"population2020":null,"populationNote":"境界またぎ・収録外等のため自治体内人口は未集計"},"geometry":{"type":"Polygon","coordinates":[[[131.24375,32.999393977295206],[131.24288156900002,33.00000000000001],[131.24375,33.00000000000001],[131.24375,32.999393977295206]]]}},{"type":"Feature","id":"44208:493131994","properties":{"id":"44208:493131994","meshCode":"493131994","cityCode":"44208","city":"竹田市","lat":32.9979167,"lon":131.246875,"areaKm2":0.202809,"populated2020":false,"population2020":null,"populationNote":"境界またぎ・収録外等のため自治体内人口は未集計"},"geometry":{"type":"Polygon","coordinates":[[[131.247301712,32.995870955],[131.246634786,32.996374577],[131.246444228,32.996614856],[131.246243411,32.997225414000006],[131.24578146600004,32.997664865000004],[131.245408145,32.99794819800001],[131.244992594,32.998062649],[131.244209818,32.998790712],[131.243954825,32.999250162],[131.24375,32.999393977295206],[131.24375,33.00000000000001],[131.25,33.0],[131.25,32.99583333333333],[131.247301712,32.995870955]]]}},{"type":"Feature","id":"44208:493132903","properties":{"id":"44208:493132903","meshCode":"493132903","cityCode":"44208","city":"竹田市","lat":32.9979167,"lon":131.253125,"areaKm2":0.2699119,"populated2020":true,"population2020":20.0289,"populationNote":"2020年基準人口（国交省調整値）"},"geometry":{"type":"Polygon","coordinates":[[[131.25,32.99583333333333],[131.25,33.0],[131.25625,33.0],[131.25625,32.99583333333333],[131.25,32.99583333333333]]]}},{"type":"Feature","id":"44208:493132904","properties":{"id":"44208:493132904","meshCode":"493132904","cityCode":"44208","city":"竹田市","lat":32.9979167,"lon":131.259375,"areaKm2":0.2699119,"populated2020":true,"population2020":10.0148,"populationNote":"2020年基準人口（国交省調整値）"},"geometry":{"type":"Polygon","coordinates":[[[131.25625,32.99583333333333],[131.25625,33.0],[131.2625,33.00000000000001],[131.2625,32.99583333333333],[131.25625,32.99583333333333]]]}},{"type":"Feature","id":"44208:493132913","properties":{"id":"44208:493132913","meshCode":"493132913","cityCode":"44208","city":"竹田市","lat":32.9979167,"lon":131.265625,"areaKm2":0.2699119,"populated2020":false,"population2020":null,"populationNote":"境界またぎ・収録外等のため自治体内人口は未集計"},"geometry":{"type":"Polygon","coordinates":[[[131.2625,32.99583333333333],[131.2625,33.00000000000001],[131.26875,33.0],[131.26875,32.99583333333333],[131.2625,32.99583333333333]]]}},{"type":"Feature","id":"44208:493132914","properties":{"id":"44208:493132914","meshCode":"493132914","cityCode":"44208","city":"竹田市","lat":32.9979167,"lon":131.271875,"areaKm2":0.2699119,"populated2020":false,"population2020":null,"populationNote":"境界またぎ・収録外等のため自治体内人口は未集計"},"geometry":{"type":"Polygon","coordinates":[[[131.26875,32.99583333333333],[131.26875,33.0],[131.275,33.0],[131.275,32.99583333333333],[131.26875,32.99583333333333]]]}},{"type":"Feature","id":"44208:493132923","properties":{"id":"44208:493132923","meshCode":"493132923","cityCode":"44208","city":"竹田市","lat":32.9979167,"lon":131.278125,"areaKm2":0.2699119,"populated2020":false,"population2020":null,"populationNote":"境界またぎ・収録外等のため自治体内人口は未集計"},"geometry":{"type":"Polygon","coordinates":[[[131.275,32.99583333333333],[131.275,33.0],[131.28125,33.00000000000001],[131.28125,32.99583333333333],[131.275,32.99583333333333]]]}},{"type":"Feature","id":"44208:493132924","properties":{"id":"44208:493132924","meshCode":"493132924","cityCode":"44208","city":"竹田市","lat":32.9979167,"lon":131.284375,"areaKm2":0.2699119,"populated2020":false,"population2020":null,"populationNote":"境界またぎ・収録外等のため自治体内人口は未集計"},"geometry":{"type":"Polygon","coordinates":[[[131.28125,32.99583333333333],[131.28125,33.00000000000001],[131.2875,33.0],[131.2875,32.99583333333333],[131.28125,32.99583333333333]]]}},{"type":"Feature","id":"44208:493132933","properties":{"id":"44208:493132933","meshCode":"493132933","cityCode":"44208","city":"竹田市","lat":32.9979167,"lon":131.290625,"areaKm2":0.2699119,"populated2020":true,"population2020":7.9964,"populationNote":"2020年基準人口（国交省調整値）"},"geometry":{"type":"Polygon","coordinates":[[[131.2875,32.99583333333333],[131.2875,33.0],[131.29375,33.00000000000001],[131.29375,32.99583333333333],[131.2875,32.99583333333333]]]}},{"type":"Feature","id":"44208:493132934","properties":{"id":"44208:493132934","meshCode":"493132934","cityCode":"44208","city":"竹田市","lat":32.9979167,"lon":131.296875,"areaKm2":0.2699119,"populated2020":true,"population2020":20.0217,"populationNote":"2020年基準人口（国交省調整値）"},"geometry":{"type":"Polygon","coordinates":[[[131.29375,32.99583333333333],[131.29375,33.00000000000001],[131.30000000000004,33.0],[131.30000000000004,32.99583333333333],[131.29375,32.99583333333333]]]}},{"type":"Feature","id":"44208:493132943","properties":{"id":"44208:493132943","meshCode":"493132943","cityCode":"44208","city":"竹田市","lat":32.9979167,"lon":131.303125,"areaKm2":0.2699119,"populated2020":true,"population2020":16.0069,"populationNote":"2020年基準人口（国交省調整値）"},"geometry":{"type":"Polygon","coordinates":[[[131.30000000000004,32.99583333333333],[131.30000000000004,33.0],[131.30625,33.0],[131.30625,32.99583333333333],[131.30000000000004,32.99583333333333]]]}},{"type":"Feature","id":"44208:493132944","properties":{"id":"44208:493132944","meshCode":"493132944","cityCode":"44208","city":"竹田市","lat":32.9979167,"lon":131.309375,"areaKm2":0.2699119,"populated2020":true,"population2020":18.0209,"populationNote":"2020年基準人口（国交省調整値）"},"geometry":{"type":"Polygon","coordinates":[[[131.30625,32.99583333333333],[131.30625,33.0],[131.3125,33.00000000000001],[131.3125,32.99583333333333],[131.30625,32.99583333333333]]]}},{"type":"Feature","id":"44208:493132953","properties":{"id":"44208:493132953","meshCode":"493132953","cityCode":"44208","city":"竹田市","lat":32.9979167,"lon":131.315625,"areaKm2":0.2699119,"populated2020":true,"population2020":42.0872,"populationNote":"2020年基準人口（国交省調整値）"},"geometry":{"type":"Polygon","coordinates":[[[131.3125,32.99583333333333],[131.3125,33.00000000000001],[131.31875,33.00000000000001],[131.31875,32.99583333333333],[131.3125,32.99583333333333]]]}},{"type":"Feature","id":"44208:493132954","properties":{"id":"44208:493132954","meshCode":"493132954","cityCode":"44208","city":"竹田市","lat":32.9979167,"lon":131.321875,"areaKm2":0.2699119,"populated2020":true,"population2020":9.9977,"populationNote":"2020年基準人口（国交省調整値）"},"geometry":{"type":"Polygon","coordinates":[[[131.31875,32.99583333333333],[131.31875,33.00000000000001],[131.325,33.00000000000001],[131.325,32.99583333333333],[131.31875,32.99583333333333]]]}},{"type":"Feature","id":"44208:493132963","properties":{"id":"44208:493132963","meshCode":"493132963","cityCode":"44208","city":"竹田市","lat":32.9979167,"lon":131.328125,"areaKm2":0.2699119,"populated2020":true,"population2020":13.0201,"populationNote":"2020年基準人口（国交省調整値）"},"geometry":{"type":"Polygon","coordinates":[[[131.325,32.99583333333333],[131.325,33.00000000000001],[131.33125,33.0],[131.33125,32.99583333333333],[131.325,32.99583333333333]]]}},{"type":"Feature","id":"44208:493132964","properties":{"id":"44208:493132964","meshCode":"493132964","cityCode":"44208","city":"竹田市","lat":32.9979167,"lon":131.334375,"areaKm2":0.2699119,"populated2020":true,"population2020":10.9973,"populationNote":"2020年基準人口（国交省調整値）"},"geometry":{"type":"Polygon","coordinates":[[[131.33125,32.99583333333333],[131.33125,33.0],[131.3375,33.00000000000001],[131.3375,32.99583333333333],[131.33125,32.99583333333333]]]}},{"type":"Feature","id":"44208:493132973","properties":{"id":"44208:493132973","meshCode":"493132973","cityCode":"44208","city":"竹田市","lat":32.9979167,"lon":131.340625,"areaKm2":0.2699119,"populated2020":false,"population2020":null,"populationNote":"境界またぎ・収録外等のため自治体内人口は未集計"},"geometry":{"type":"Polygon","coordinates":[[[131.3375,32.99583333333333],[131.3375,33.00000000000001],[131.34375,33.000000000000014],[131.34375,32.99583333333333],[131.3375,32.99583333333333]]]}},{"type":"Feature","id":"44208:493132974","properties":{"id":"44208:493132974","meshCode":"493132974","cityCode":"44208","city":"竹田市","lat":32.9979167,"lon":131.346875,"areaKm2":0.2699119,"populated2020":false,"population2020":null,"populationNote":"境界またぎ・収録外等のため自治体内人口は未集計"},"geometry":{"type":"Polygon","coordinates":[[[131.34375,32.99583333333333],[131.34375,33.000000000000014],[131.35,33.0],[131.35,32.99583333333333],[131.34375,32.99583333333333]]]}},{"type":"Feature","id":"44208:493132983","properties":{"id":"44208:493132983","meshCode":"493132983","cityCode":"44208","city":"竹田市","lat":32.9979167,"lon":131.353125,"areaKm2":0.2699119,"populated2020":true,"population2020":8.0075,"populationNote":"2020年基準人口（国交省調整値）"},"geometry":{"type":"Polygon","coordinates":[[[131.35,32.99583333333333],[131.35,33.0],[131.35625000000002,33.0],[131.35625000000002,32.99583333333333],[131.35,32.99583333333333]]]}},{"type":"Feature","id":"44208:493132984","properties":{"id":"44208:493132984","meshCode":"493132984","cityCode":"44208","city":"竹田市","lat":32.9979167,"lon":131.359375,"areaKm2":0.2699119,"populated2020":true,"population2020":5.0033,"populationNote":"2020年基準人口（国交省調整値）"},"geometry":{"type":"Polygon","coordinates":[[[131.35625000000002,32.99583333333333],[131.35625000000002,33.0],[131.3625,33.00000000000001],[131.3625,32.99583333333333],[131.35625000000002,32.99583333333333]]]}},{"type":"Feature","id":"44208:493132993","properties":{"id":"44208:493132993","meshCode":"493132993","cityCode":"44208","city":"竹田市","lat":32.9979167,"lon":131.365625,"areaKm2":0.2699119,"populated2020":false,"population2020":null,"populationNote":"境界またぎ・収録外等のため自治体内人口は未集計"},"geometry":{"type":"Polygon","coordinates":[[[131.3625,32.99583333333333],[131.3625,33.00000000000001],[131.36875,33.00000000000001],[131.36875,32.99583333333333],[131.3625,32.99583333333333]]]}},{"type":"Feature","id":"44208:493132994","properties":{"id":"44208:493132994","meshCode":"493132994","cityCode":"44208","city":"竹田市","lat":32.9979167,"lon":131.371875,"areaKm2":0.2699119,"populated2020":true,"population2020":10.0278,"populationNote":"2020年基準人口（国交省調整値）"},"geometry":{"type":"Polygon","coordinates":[[[131.36875,32.99583333333333],[131.36875,33.00000000000001],[131.375,33.00000000000001],[131.375,32.99583333333333],[131.36875,32.99583333333333]]]}},{"type":"Feature","id":"44208:493133903","properties":{"id":"44208:493133903","meshCode":"493133903","cityCode":"44208","city":"竹田市","lat":32.9979167,"lon":131.378125,"areaKm2":0.2699119,"populated2020":true,"population2020":12.0153,"populationNote":"2020年基準人口（国交省調整値）"},"geometry":{"type":"Polygon","coordinates":[[[131.375,32.99583333333333],[131.375,33.00000000000001],[131.38125,33.00000000000001],[131.38125,32.99583333333333],[131.375,32.99583333333333]]]}},{"type":"Feature","id":"44208:493133904","properties":{"id":"44208:493133904","meshCode":"493133904","cityCode":"44208","city":"竹田市","lat":32.9979167,"lon":131.384375,"areaKm2":0.2699119,"populated2020":true,"population2020":15.0084,"populationNote":"2020年基準人口（国交省調整値）"},"geometry":{"type":"Polygon","coordinates":[[[131.38125,32.99583333333333],[131.38125,33.00000000000001],[131.3875,33.0],[131.3875,32.99583333333333],[131.38125,32.99583333333333]]]}},{"type":"Feature","id":"44208:493133913","properties":{"id":"44208:493133913","meshCode":"493133913","cityCode":"44208","city":"竹田市","lat":32.9979167,"lon":131.390625,"areaKm2":0.2699119,"populated2020":true,"population2020":20.0446,"populationNote":"2020年基準人口（国交省調整値）"},"geometry":{"type":"Polygon","coordinates":[[[131.3875,32.99583333333333],[131.3875,33.0],[131.39375,33.00000000000001],[131.39375,32.99583333333333],[131.3875,32.99583333333333]]]}},{"type":"Feature","id":"44208:493133914","properties":{"id":"44208:493133914","meshCode":"493133914","cityCode":"44208","city":"竹田市","lat":32.9979167,"lon":131.396875,"areaKm2":0.2699119,"populated2020":true,"population2020":8.0092,"populationNote":"2020年基準人口（国交省調整値）"},"geometry":{"type":"Polygon","coordinates":[[[131.39375,32.99583333333333],[131.39375,33.00000000000001],[131.4,33.00000000000001],[131.4,32.99583333333334],[131.39375,32.99583333333333]]]}},{"type":"Feature","id":"44208:493133923","properties":{"id":"44208:493133923","meshCode":"493133923","cityCode":"44208","city":"竹田市","lat":32.9979167,"lon":131.403125,"areaKm2":0.2699119,"populated2020":true,"population2020":16.0213,"populationNote":"2020年基準人口（国交省調整値）"},"geometry":{"type":"Polygon","coordinates":[[[131.4,32.99583333333334],[131.4,33.00000000000001],[131.40625,33.00000000000001],[131.40625,32.99583333333333],[131.4,32.99583333333334]]]}},{"type":"Feature","id":"44208:493133924","properties":{"id":"44208:493133924","meshCode":"493133924","cityCode":"44208","city":"竹田市","lat":32.9979167,"lon":131.409375,"areaKm2":0.2699119,"populated2020":true,"population2020":27.0219,"populationNote":"2020年基準人口（国交省調整値）"},"geometry":{"type":"Polygon","coordinates":[[[131.40625,32.99583333333333],[131.40625,33.00000000000001],[131.4125,33.0],[131.4125,32.99583333333333],[131.40625,32.99583333333333]]]}},{"type":"Feature","id":"44208:493133933","properties":{"id":"44208:493133933","meshCode":"493133933","cityCode":"44208","city":"竹田市","lat":32.9979167,"lon":131.415625,"areaKm2":0.230886,"populated2020":true,"population2020":null,"populationNote":"境界またぎ・収録外等のため自治体内人口は未集計"},"geometry":{"type":"Polygon","coordinates":[[[131.417135564,32.999999784],[131.417097951,32.999814234],[131.417370454,32.999117009],[131.417237678,32.998831450000004],[131.417270454,32.998002568000004],[131.417643515,32.997541171],[131.417993515,32.997397568],[131.41875,32.99731291637234],[131.41875,32.99583333333333],[131.4125,32.99583333333333],[131.4125,33.0],[131.417135564,32.999999784]]]}},{"type":"Feature","id":"44208:493133934","properties":{"id":"44208:493133934","meshCode":"493133934","cityCode":"44208","city":"竹田市","lat":32.9966274,"lon":131.4190977,"areaKm2":0.0098283,"populated2020":true,"population2020":null,"populationNote":"境界またぎ・収録外等のため自治体内人口は未集計"},"geometry":{"type":"Polygon","coordinates":[[[131.419132957,32.99727006300001],[131.419416291,32.996792838],[131.419437121,32.996026449999995],[131.41955254760154,32.99583333333333],[131.41875,32.99583333333333],[131.41875,32.99731291637234],[131.419132957,32.99727006300001]]]}},{"type":"Feature","id":"44208:493141091","properties":{"id":"44208:493141091","meshCode":"493141091","cityCode":"44208","city":"竹田市","lat":33.0020833,"lon":131.240625,"areaKm2":0.1828293,"populated2020":false,"population2020":null,"populationNote":"境界またぎ・収録外等のため自治体内人口は未集計"},"geometry":{"type":"Polygon","coordinates":[[[131.24254957200006,33.000214063000094],[131.241887626,33.000411009000054],[131.24085569400006,33.00027295500002],[131.24050542200018,33.00039101800008],[131.23969016900014,33.00186575700002],[131.23941933900016,33.00219299100008],[131.239022399,33.00236243199999],[131.2386207390001,33.00268160400009],[131.23830852100002,33.00370606300004],[131.23789944234372,33.00416666666666],[131.24375,33.00416666666667],[131.24375,33.00000000000001],[131.24288156900002,33.00000000000001],[131.24254957200006,33.000214063000094]]]}},{"type":"Feature","id":"44208:493141092","properties":{"id":"44208:493141092","meshCode":"493141092","cityCode":"44208","city":"竹田市","lat":33.0020833,"lon":131.246875,"areaKm2":0.2698994,"populated2020":true,"population2020":18.9991,"populationNote":"2020年基準人口（国交省調整値）"},"geometry":{"type":"Polygon","coordinates":[[[131.24375,33.00000000000001],[131.24375,33.00416666666667],[131.25,33.00416666666667],[131.25,33.0],[131.24375,33.00000000000001]]]}},{"type":"Feature","id":"44208:493142001","properties":{"id":"44208:493142001","meshCode":"493142001","cityCode":"44208","city":"竹田市","lat":33.0020833,"lon":131.253125,"areaKm2":0.2698994,"populated2020":true,"population2020":4.0007,"populationNote":"2020年基準人口（国交省調整値）"},"geometry":{"type":"Polygon","coordinates":[[[131.25,33.0],[131.25,33.00416666666667],[131.25625,33.00416666666668],[131.25625,33.0],[131.25,33.0]]]}},{"type":"Feature","id":"44208:493142002","properties":{"id":"44208:493142002","meshCode":"493142002","cityCode":"44208","city":"竹田市","lat":33.0020833,"lon":131.259375,"areaKm2":0.2698994,"populated2020":false,"population2020":null,"populationNote":"境界またぎ・収録外等のため自治体内人口は未集計"},"geometry":{"type":"Polygon","coordinates":[[[131.25625,33.0],[131.25625,33.00416666666668],[131.2625,33.00416666666667],[131.2625,33.00000000000001],[131.25625,33.0]]]}},{"type":"Feature","id":"44208:493142011","properties":{"id":"44208:493142011","meshCode":"493142011","cityCode":"44208","city":"竹田市","lat":33.0020833,"lon":131.265625,"areaKm2":0.2698994,"populated2020":false,"population2020":null,"populationNote":"境界またぎ・収録外等のため自治体内人口は未集計"},"geometry":{"type":"Polygon","coordinates":[[[131.2625,33.00000000000001],[131.2625,33.00416666666667],[131.26875,33.00416666666667],[131.26875,33.0],[131.2625,33.00000000000001]]]}},{"type":"Feature","id":"44208:493142012","properties":{"id":"44208:493142012","meshCode":"493142012","cityCode":"44208","city":"竹田市","lat":33.0020833,"lon":131.271875,"areaKm2":0.2698994,"populated2020":true,"population2020":24.017,"populationNote":"2020年基準人口（国交省調整値）"},"geometry":{"type":"Polygon","coordinates":[[[131.26875,33.0],[131.26875,33.00416666666667],[131.275,33.00416666666667],[131.275,33.0],[131.26875,33.0]]]}},{"type":"Feature","id":"44208:493142021","properties":{"id":"44208:493142021","meshCode":"493142021","cityCode":"44208","city":"竹田市","lat":33.0020833,"lon":131.278125,"areaKm2":0.2698994,"populated2020":true,"population2020":19.0083,"populationNote":"2020年基準人口（国交省調整値）"},"geometry":{"type":"Polygon","coordinates":[[[131.275,33.0],[131.275,33.00416666666667],[131.28125,33.00416666666667],[131.28125,33.00000000000001],[131.275,33.0]]]}},{"type":"Feature","id":"44208:493142022","properties":{"id":"44208:493142022","meshCode":"493142022","cityCode":"44208","city":"竹田市","lat":33.0020833,"lon":131.284375,"areaKm2":0.2698994,"populated2020":true,"population2020":22.0656,"populationNote":"2020年基準人口（国交省調整値）"},"geometry":{"type":"Polygon","coordinates":[[[131.28125,33.00000000000001],[131.28125,33.00416666666667],[131.2875,33.00416666666667],[131.2875,33.0],[131.28125,33.00000000000001]]]}},{"type":"Feature","id":"44208:493142031","properties":{"id":"44208:493142031","meshCode":"493142031","cityCode":"44208","city":"竹田市","lat":33.0020833,"lon":131.290625,"areaKm2":0.2698994,"populated2020":true,"population2020":3.0005,"populationNote":"2020年基準人口（国交省調整値）"},"geometry":{"type":"Polygon","coordinates":[[[131.2875,33.0],[131.2875,33.00416666666667],[131.29375,33.00416666666668],[131.29375,33.00000000000001],[131.2875,33.0]]]}},{"type":"Feature","id":"44208:493142032","properties":{"id":"44208:493142032","meshCode":"493142032","cityCode":"44208","city":"竹田市","lat":33.0020833,"lon":131.296875,"areaKm2":0.2698994,"populated2020":false,"population2020":null,"populationNote":"境界またぎ・収録外等のため自治体内人口は未集計"},"geometry":{"type":"Polygon","coordinates":[[[131.29375,33.00000000000001],[131.29375,33.00416666666668],[131.30000000000004,33.00416666666667],[131.30000000000004,33.0],[131.29375,33.00000000000001]]]}},{"type":"Feature","id":"44208:493142041","properties":{"id":"44208:493142041","meshCode":"493142041","cityCode":"44208","city":"竹田市","lat":33.0020833,"lon":131.303125,"areaKm2":0.2698994,"populated2020":true,"population2020":1.9989,"populationNote":"2020年基準人口（国交省調整値）"},"geometry":{"type":"Polygon","coordinates":[[[131.30000000000004,33.0],[131.30000000000004,33.00416666666667],[131.30625,33.00416666666667],[131.30625,33.0],[131.30000000000004,33.0]]]}},{"type":"Feature","id":"44208:493142042","properties":{"id":"44208:493142042","meshCode":"493142042","cityCode":"44208","city":"竹田市","lat":33.0020833,"lon":131.309375,"areaKm2":0.2698994,"populated2020":false,"population2020":null,"populationNote":"境界またぎ・収録外等のため自治体内人口は未集計"},"geometry":{"type":"Polygon","coordinates":[[[131.30625,33.0],[131.30625,33.00416666666667],[131.3125,33.00416666666667],[131.3125,33.00000000000001],[131.30625,33.0]]]}},{"type":"Feature","id":"44208:493142051","properties":{"id":"44208:493142051","meshCode":"493142051","cityCode":"44208","city":"竹田市","lat":33.0020833,"lon":131.315625,"areaKm2":0.2698994,"populated2020":true,"population2020":38.976,"populationNote":"2020年基準人口（国交省調整値）"},"geometry":{"type":"Polygon","coordinates":[[[131.3125,33.00000000000001],[131.3125,33.00416666666667],[131.31875,33.00416666666668],[131.31875,33.00000000000001],[131.3125,33.00000000000001]]]}},{"type":"Feature","id":"44208:493142052","properties":{"id":"44208:493142052","meshCode":"493142052","cityCode":"44208","city":"竹田市","lat":33.0020833,"lon":131.321875,"areaKm2":0.2698994,"populated2020":false,"population2020":null,"populationNote":"境界またぎ・収録外等のため自治体内人口は未集計"},"geometry":{"type":"Polygon","coordinates":[[[131.31875,33.00000000000001],[131.31875,33.00416666666668],[131.325,33.00416666666667],[131.325,33.00000000000001],[131.31875,33.00000000000001]]]}},{"type":"Feature","id":"44208:493142061","properties":{"id":"44208:493142061","meshCode":"493142061","cityCode":"44208","city":"竹田市","lat":33.0020833,"lon":131.328125,"areaKm2":0.2698994,"populated2020":true,"population2020":0.9989,"populationNote":"2020年基準人口（国交省調整値）"},"geometry":{"type":"Polygon","coordinates":[[[131.325,33.00000000000001],[131.325,33.00416666666667],[131.33125,33.00416666666667],[131.33125,33.0],[131.325,33.00000000000001]]]}},{"type":"Feature","id":"44208:493142062","properties":{"id":"44208:493142062","meshCode":"493142062","cityCode":"44208","city":"竹田市","lat":33.0020833,"lon":131.334375,"areaKm2":0.2698994,"populated2020":true,"population2020":19.9919,"populationNote":"2020年基準人口（国交省調整値）"},"geometry":{"type":"Polygon","coordinates":[[[131.33125,33.0],[131.33125,33.00416666666667],[131.3375,33.00416666666667],[131.3375,33.00000000000001],[131.33125,33.0]]]}},{"type":"Feature","id":"44208:493142071","properties":{"id":"44208:493142071","meshCode":"493142071","cityCode":"44208","city":"竹田市","lat":33.0020833,"lon":131.340625,"areaKm2":0.2698994,"populated2020":true,"population2020":7.0121,"populationNote":"2020年基準人口（国交省調整値）"},"geometry":{"type":"Polygon","coordinates":[[[131.3375,33.00000000000001],[131.3375,33.00416666666667],[131.34375,33.00416666666667],[131.34375,33.000000000000014],[131.3375,33.00000000000001]]]}},{"type":"Feature","id":"44208:493142072","properties":{"id":"44208:493142072","meshCode":"493142072","cityCode":"44208","city":"竹田市","lat":33.0020833,"lon":131.346875,"areaKm2":0.2698994,"populated2020":true,"population2020":12.0024,"populationNote":"2020年基準人口（国交省調整値）"},"geometry":{"type":"Polygon","coordinates":[[[131.34375,33.000000000000014],[131.34375,33.00416666666667],[131.35,33.00416666666667],[131.35,33.0],[131.34375,33.000000000000014]]]}},{"type":"Feature","id":"44208:493142081","properties":{"id":"44208:493142081","meshCode":"493142081","cityCode":"44208","city":"竹田市","lat":33.0020833,"lon":131.353125,"areaKm2":0.2698994,"populated2020":true,"population2020":6.999,"populationNote":"2020年基準人口（国交省調整値）"},"geometry":{"type":"Polygon","coordinates":[[[131.35,33.0],[131.35,33.00416666666667],[131.35625000000002,33.00416666666667],[131.35625000000002,33.0],[131.35,33.0]]]}},{"type":"Feature","id":"44208:493142082","properties":{"id":"44208:493142082","meshCode":"493142082","cityCode":"44208","city":"竹田市","lat":33.0020833,"lon":131.359375,"areaKm2":0.2698994,"populated2020":true,"population2020":9.0019,"populationNote":"2020年基準人口（国交省調整値）"},"geometry":{"type":"Polygon","coordinates":[[[131.35625000000002,33.0],[131.35625000000002,33.00416666666667],[131.3625,33.00416666666668],[131.3625,33.00000000000001],[131.35625000000002,33.0]]]}},{"type":"Feature","id":"44208:493142091","properties":{"id":"44208:493142091","meshCode":"493142091","cityCode":"44208","city":"竹田市","lat":33.0020833,"lon":131.365625,"areaKm2":0.2698994,"populated2020":true,"population2020":15.0,"populationNote":"2020年基準人口（国交省調整値）"},"geometry":{"type":"Polygon","coordinates":[[[131.3625,33.00000000000001],[131.3625,33.00416666666668],[131.36875,33.00416666666668],[131.36875,33.00000000000001],[131.3625,33.00000000000001]]]}},{"type":"Feature","id":"44208:493142092","properties":{"id":"44208:493142092","meshCode":"493142092","cityCode":"44208","city":"竹田市","lat":33.0020833,"lon":131.371875,"areaKm2":0.2698994,"populated2020":true,"population2020":10.0281,"populationNote":"2020年基準人口（国交省調整値）"},"geometry":{"type":"Polygon","coordinates":[[[131.36875,33.00000000000001],[131.36875,33.00416666666668],[131.375,33.00416666666667],[131.375,33.00000000000001],[131.36875,33.00000000000001]]]}},{"type":"Feature","id":"44208:493143001","properties":{"id":"44208:493143001","meshCode":"493143001","cityCode":"44208","city":"竹田市","lat":33.0020833,"lon":131.378125,"areaKm2":0.2698994,"populated2020":true,"population2020":13.0191,"populationNote":"2020年基準人口（国交省調整値）"},"geometry":{"type":"Polygon","coordinates":[[[131.375,33.00000000000001],[131.375,33.00416666666667],[131.38125,33.00416666666668],[131.38125,33.00000000000001],[131.375,33.00000000000001]]]}},{"type":"Feature","id":"44208:493143002","properties":{"id":"44208:493143002","meshCode":"493143002","cityCode":"44208","city":"竹田市","lat":33.0020833,"lon":131.384375,"areaKm2":0.2698994,"populated2020":true,"population2020":1.0,"populationNote":"2020年基準人口（国交省調整値）"},"geometry":{"type":"Polygon","coordinates":[[[131.38125,33.00000000000001],[131.38125,33.00416666666668],[131.3875,33.00416666666667],[131.3875,33.0],[131.38125,33.00000000000001]]]}},{"type":"Feature","id":"44208:493143011","properties":{"id":"44208:493143011","meshCode":"493143011","cityCode":"44208","city":"竹田市","lat":33.0020833,"lon":131.390625,"areaKm2":0.2698994,"populated2020":true,"population2020":7.0127,"populationNote":"2020年基準人口（国交省調整値）"},"geometry":{"type":"Polygon","coordinates":[[[131.3875,33.0],[131.3875,33.00416666666667],[131.39375,33.00416666666667],[131.39375,33.00000000000001],[131.3875,33.0]]]}},{"type":"Feature","id":"44208:493143012","properties":{"id":"44208:493143012","meshCode":"493143012","cityCode":"44208","city":"竹田市","lat":33.0020833,"lon":131.396875,"areaKm2":0.2698994,"populated2020":true,"population2020":16.0613,"populationNote":"2020年基準人口（国交省調整値）"},"geometry":{"type":"Polygon","coordinates":[[[131.39375,33.00000000000001],[131.39375,33.00416666666667],[131.4,33.00416666666668],[131.4,33.00000000000001],[131.39375,33.00000000000001]]]}},{"type":"Feature","id":"44208:493143021","properties":{"id":"44208:493143021","meshCode":"493143021","cityCode":"44208","city":"竹田市","lat":33.0020833,"lon":131.403125,"areaKm2":0.2698994,"populated2020":true,"population2020":6.0134,"populationNote":"2020年基準人口（国交省調整値）"},"geometry":{"type":"Polygon","coordinates":[[[131.4,33.00000000000001],[131.4,33.00416666666668],[131.40625,33.00416666666667],[131.40625,33.00000000000001],[131.4,33.00000000000001]]]}},{"type":"Feature","id":"44208:493143022","properties":{"id":"44208:493143022","meshCode":"493143022","cityCode":"44208","city":"竹田市","lat":33.0020833,"lon":131.409375,"areaKm2":0.2698438,"populated2020":true,"population2020":null,"populationNote":"境界またぎ・収録外等のため自治体内人口は未集計"},"geometry":{"type":"Polygon","coordinates":[[[131.4125,33.00407330871276],[131.4125,33.0],[131.40625,33.00000000000001],[131.40625,33.00416666666667],[131.41238529304098,33.00416666666668],[131.4125,33.00407330871276]]]}},{"type":"Feature","id":"44208:493143031","properties":{"id":"44208:493143031","meshCode":"493143031","cityCode":"44208","city":"竹田市","lat":33.0020833,"lon":131.415625,"areaKm2":0.1909739,"populated2020":true,"population2020":null,"populationNote":"境界またぎ・収録外等のため自治体内人口は未集計"},"geometry":{"type":"Polygon","coordinates":[[[131.4125,33.00407330871276],[131.412907121,33.003848126],[131.413379624,33.004009793],[131.414474345,33.004003676],[131.414778781,33.003932009],[131.416019339,33.003143396000006],[131.416555733,33.002913117],[131.417987951,33.003082838],[131.418104617,33.002870342],[131.417950726,33.002092559],[131.417715175,33.001426171],[131.41749156900002,33.00120062199999],[131.417449624,33.00086395499999],[131.417237393,33.00050228800001],[131.417135603,33.00000000000001],[131.4125,33.0],[131.4125,33.00407330871276]]]}},{"type":"Feature","id":"44208:493141084","properties":{"id":"44208:493141084","meshCode":"493141084","cityCode":"44208","city":"竹田市","lat":33.0063662,"lon":131.2370912,"areaKm2":0.0425585,"populated2020":false,"population2020":null,"populationNote":"境界またぎ・収録外等のため自治体内人口は未集計"},"geometry":{"type":"Polygon","coordinates":[[[131.2375,33.00448854685836],[131.23648966300004,33.00537803600008],[131.23650772999997,33.005717206999975],[131.23671801599994,33.00626443200008],[131.23664689999998,33.006468045000126],[131.23596108900017,33.007678063000064],[131.23547834047653,33.00833333333333],[131.2375,33.00833333333333],[131.2375,33.00448854685836]]]}},{"type":"Feature","id":"44208:493141093","properties":{"id":"44208:493141093","meshCode":"493141093","cityCode":"44208","city":"竹田市","lat":33.00625,"lon":131.240625,"areaKm2":0.2692159,"populated2020":true,"population2020":null,"populationNote":"境界またぎ・収録外等のため自治体内人口は未集計"},"geometry":{"type":"Polygon","coordinates":[[[131.23789944234372,33.00416666666666],[131.2375,33.00448854685836],[131.2375,33.00833333333333],[131.24375,33.00833333333333],[131.24375,33.00416666666667],[131.23789944234372,33.00416666666666]]]}},{"type":"Feature","id":"44208:493141094","properties":{"id":"44208:493141094","meshCode":"493141094","cityCode":"44208","city":"竹田市","lat":33.00625,"lon":131.246875,"areaKm2":0.2698869,"populated2020":true,"population2020":9.0195,"populationNote":"2020年基準人口（国交省調整値）"},"geometry":{"type":"Polygon","coordinates":[[[131.24375,33.00416666666667],[131.24375,33.00833333333333],[131.25,33.00833333333333],[131.25,33.00416666666667],[131.24375,33.00416666666667]]]}},{"type":"Feature","id":"44208:493142003","properties":{"id":"44208:493142003","meshCode":"493142003","cityCode":"44208","city":"竹田市","lat":33.00625,"lon":131.253125,"areaKm2":0.2698869,"populated2020":false,"population2020":null,"populationNote":"境界またぎ・収録外等のため自治体内人口は未集計"},"geometry":{"type":"Polygon","coordinates":[[[131.25,33.00416666666667],[131.25,33.00833333333333],[131.25625,33.00833333333333],[131.25625,33.00416666666668],[131.25,33.00416666666667]]]}},{"type":"Feature","id":"44208:493142004","properties":{"id":"44208:493142004","meshCode":"493142004","cityCode":"44208","city":"竹田市","lat":33.00625,"lon":131.259375,"areaKm2":0.2698869,"populated2020":true,"population2020":4.0361,"populationNote":"2020年基準人口（国交省調整値）"},"geometry":{"type":"Polygon","coordinates":[[[131.25625,33.00416666666668],[131.25625,33.00833333333333],[131.2625,33.00833333333333],[131.2625,33.00416666666667],[131.25625,33.00416666666668]]]}},{"type":"Feature","id":"44208:493142013","properties":{"id":"44208:493142013","meshCode":"493142013","cityCode":"44208","city":"竹田市","lat":33.00625,"lon":131.265625,"areaKm2":0.2698869,"populated2020":true,"population2020":20.0132,"populationNote":"2020年基準人口（国交省調整値）"},"geometry":{"type":"Polygon","coordinates":[[[131.2625,33.00416666666667],[131.2625,33.00833333333333],[131.26875,33.00833333333333],[131.26875,33.00416666666667],[131.2625,33.00416666666667]]]}},{"type":"Feature","id":"44208:493142014","properties":{"id":"44208:493142014","meshCode":"493142014","cityCode":"44208","city":"竹田市","lat":33.00625,"lon":131.271875,"areaKm2":0.2698869,"populated2020":true,"population2020":12.028,"populationNote":"2020年基準人口（国交省調整値）"},"geometry":{"type":"Polygon","coordinates":[[[131.26875,33.00416666666667],[131.26875,33.00833333333333],[131.275,33.00833333333333],[131.275,33.00416666666667],[131.26875,33.00416666666667]]]}},{"type":"Feature","id":"44208:493142023","properties":{"id":"44208:493142023","meshCode":"493142023","cityCode":"44208","city":"竹田市","lat":33.00625,"lon":131.278125,"areaKm2":0.2698869,"populated2020":true,"population2020":7.0084,"populationNote":"2020年基準人口（国交省調整値）"},"geometry":{"type":"Polygon","coordinates":[[[131.275,33.00416666666667],[131.275,33.00833333333333],[131.28125,33.008333333333326],[131.28125,33.00416666666667],[131.275,33.00416666666667]]]}},{"type":"Feature","id":"44208:493142024","properties":{"id":"44208:493142024","meshCode":"493142024","cityCode":"44208","city":"竹田市","lat":33.00625,"lon":131.284375,"areaKm2":0.2698869,"populated2020":false,"population2020":null,"populationNote":"境界またぎ・収録外等のため自治体内人口は未集計"},"geometry":{"type":"Polygon","coordinates":[[[131.28125,33.00416666666667],[131.28125,33.008333333333326],[131.2875,33.00833333333333],[131.2875,33.00416666666667],[131.28125,33.00416666666667]]]}},{"type":"Feature","id":"44208:493142033","properties":{"id":"44208:493142033","meshCode":"493142033","cityCode":"44208","city":"竹田市","lat":33.00625,"lon":131.290625,"areaKm2":0.2698869,"populated2020":true,"population2020":23.0287,"populationNote":"2020年基準人口（国交省調整値）"},"geometry":{"type":"Polygon","coordinates":[[[131.2875,33.00416666666667],[131.2875,33.00833333333333],[131.29375,33.00833333333334],[131.29375,33.00416666666668],[131.2875,33.00416666666667]]]}},{"type":"Feature","id":"44208:493142034","properties":{"id":"44208:493142034","meshCode":"493142034","cityCode":"44208","city":"竹田市","lat":33.00625,"lon":131.296875,"areaKm2":0.2698869,"populated2020":false,"population2020":null,"populationNote":"境界またぎ・収録外等のため自治体内人口は未集計"},"geometry":{"type":"Polygon","coordinates":[[[131.29375,33.00416666666668],[131.29375,33.00833333333334],[131.30000000000004,33.00833333333333],[131.30000000000004,33.00416666666667],[131.29375,33.00416666666668]]]}},{"type":"Feature","id":"44208:493142043","properties":{"id":"44208:493142043","meshCode":"493142043","cityCode":"44208","city":"竹田市","lat":33.00625,"lon":131.303125,"areaKm2":0.2698869,"populated2020":false,"population2020":null,"populationNote":"境界またぎ・収録外等のため自治体内人口は未集計"},"geometry":{"type":"Polygon","coordinates":[[[131.30000000000004,33.00416666666667],[131.30000000000004,33.00833333333333],[131.30625,33.00833333333333],[131.30625,33.00416666666667],[131.30000000000004,33.00416666666667]]]}},{"type":"Feature","id":"44208:493142044","properties":{"id":"44208:493142044","meshCode":"493142044","cityCode":"44208","city":"竹田市","lat":33.00625,"lon":131.309375,"areaKm2":0.2698869,"populated2020":false,"population2020":null,"populationNote":"境界またぎ・収録外等のため自治体内人口は未集計"},"geometry":{"type":"Polygon","coordinates":[[[131.30625,33.00416666666667],[131.30625,33.00833333333333],[131.3125,33.00833333333333],[131.3125,33.00416666666667],[131.30625,33.00416666666667]]]}},{"type":"Feature","id":"44208:493142053","properties":{"id":"44208:493142053","meshCode":"493142053","cityCode":"44208","city":"竹田市","lat":33.00625,"lon":131.315625,"areaKm2":0.2698869,"populated2020":true,"population2020":5.0071,"populationNote":"2020年基準人口（国交省調整値）"},"geometry":{"type":"Polygon","coordinates":[[[131.3125,33.00416666666667],[131.3125,33.00833333333333],[131.31875,33.00833333333334],[131.31875,33.00416666666668],[131.3125,33.00416666666667]]]}},{"type":"Feature","id":"44208:493142054","properties":{"id":"44208:493142054","meshCode":"493142054","cityCode":"44208","city":"竹田市","lat":33.00625,"lon":131.321875,"areaKm2":0.2698869,"populated2020":false,"population2020":null,"populationNote":"境界またぎ・収録外等のため自治体内人口は未集計"},"geometry":{"type":"Polygon","coordinates":[[[131.31875,33.00416666666668],[131.31875,33.00833333333334],[131.325,33.008333333333326],[131.325,33.00416666666667],[131.31875,33.00416666666668]]]}},{"type":"Feature","id":"44208:493142063","properties":{"id":"44208:493142063","meshCode":"493142063","cityCode":"44208","city":"竹田市","lat":33.00625,"lon":131.328125,"areaKm2":0.2698869,"populated2020":false,"population2020":null,"populationNote":"境界またぎ・収録外等のため自治体内人口は未集計"},"geometry":{"type":"Polygon","coordinates":[[[131.325,33.00416666666667],[131.325,33.008333333333326],[131.33125,33.00833333333333],[131.33125,33.00416666666667],[131.325,33.00416666666667]]]}},{"type":"Feature","id":"44208:493142064","properties":{"id":"44208:493142064","meshCode":"493142064","cityCode":"44208","city":"竹田市","lat":33.00625,"lon":131.334375,"areaKm2":0.2698869,"populated2020":true,"population2020":5.0392,"populationNote":"2020年基準人口（国交省調整値）"},"geometry":{"type":"Polygon","coordinates":[[[131.33125,33.00416666666667],[131.33125,33.00833333333333],[131.3375,33.00833333333333],[131.3375,33.00416666666667],[131.33125,33.00416666666667]]]}},{"type":"Feature","id":"44208:493142073","properties":{"id":"44208:493142073","meshCode":"493142073","cityCode":"44208","city":"竹田市","lat":33.00625,"lon":131.340625,"areaKm2":0.2698869,"populated2020":true,"population2020":1.9896,"populationNote":"2020年基準人口（国交省調整値）"},"geometry":{"type":"Polygon","coordinates":[[[131.3375,33.00416666666667],[131.3375,33.00833333333333],[131.34375,33.00833333333334],[131.34375,33.00416666666667],[131.3375,33.00416666666667]]]}},{"type":"Feature","id":"44208:493142074","properties":{"id":"44208:493142074","meshCode":"493142074","cityCode":"44208","city":"竹田市","lat":33.00625,"lon":131.346875,"areaKm2":0.2698869,"populated2020":false,"population2020":null,"populationNote":"境界またぎ・収録外等のため自治体内人口は未集計"},"geometry":{"type":"Polygon","coordinates":[[[131.34375,33.00416666666667],[131.34375,33.00833333333334],[131.35,33.00833333333333],[131.35,33.00416666666667],[131.34375,33.00416666666667]]]}},{"type":"Feature","id":"44208:493142083","properties":{"id":"44208:493142083","meshCode":"493142083","cityCode":"44208","city":"竹田市","lat":33.00625,"lon":131.353125,"areaKm2":0.2698869,"populated2020":true,"population2020":10.0123,"populationNote":"2020年基準人口（国交省調整値）"},"geometry":{"type":"Polygon","coordinates":[[[131.35,33.00416666666667],[131.35,33.00833333333333],[131.35625000000002,33.00833333333334],[131.35625000000002,33.00416666666667],[131.35,33.00416666666667]]]}},{"type":"Feature","id":"44208:493142084","properties":{"id":"44208:493142084","meshCode":"493142084","cityCode":"44208","city":"竹田市","lat":33.00625,"lon":131.359375,"areaKm2":0.2698869,"populated2020":false,"population2020":null,"populationNote":"境界またぎ・収録外等のため自治体内人口は未集計"},"geometry":{"type":"Polygon","coordinates":[[[131.35625000000002,33.00416666666667],[131.35625000000002,33.00833333333334],[131.3625,33.00833333333333],[131.3625,33.00416666666668],[131.35625000000002,33.00416666666667]]]}},{"type":"Feature","id":"44208:493142093","properties":{"id":"44208:493142093","meshCode":"493142093","cityCode":"44208","city":"竹田市","lat":33.00625,"lon":131.365625,"areaKm2":0.2698869,"populated2020":false,"population2020":null,"populationNote":"境界またぎ・収録外等のため自治体内人口は未集計"},"geometry":{"type":"Polygon","coordinates":[[[131.3625,33.00416666666668],[131.3625,33.00833333333333],[131.36875,33.00833333333333],[131.36875,33.00416666666668],[131.3625,33.00416666666668]]]}},{"type":"Feature","id":"44208:493142094","properties":{"id":"44208:493142094","meshCode":"493142094","cityCode":"44208","city":"竹田市","lat":33.00625,"lon":131.371875,"areaKm2":0.2698869,"populated2020":true,"population2020":5.9905,"populationNote":"2020年基準人口（国交省調整値）"},"geometry":{"type":"Polygon","coordinates":[[[131.36875,33.00416666666668],[131.36875,33.00833333333333],[131.375,33.00833333333333],[131.375,33.00416666666667],[131.36875,33.00416666666668]]]}},{"type":"Feature","id":"44208:493143003","properties":{"id":"44208:493143003","meshCode":"493143003","cityCode":"44208","city":"竹田市","lat":33.00625,"lon":131.378125,"areaKm2":0.2698869,"populated2020":true,"population2020":3.0063,"populationNote":"2020年基準人口（国交省調整値）"},"geometry":{"type":"Polygon","coordinates":[[[131.375,33.00416666666667],[131.375,33.00833333333333],[131.38125,33.00833333333333],[131.38125,33.00416666666668],[131.375,33.00416666666667]]]}},{"type":"Feature","id":"44208:493143004","properties":{"id":"44208:493143004","meshCode":"493143004","cityCode":"44208","city":"竹田市","lat":33.00625,"lon":131.384375,"areaKm2":0.2698869,"populated2020":true,"population2020":6.0187,"populationNote":"2020年基準人口（国交省調整値）"},"geometry":{"type":"Polygon","coordinates":[[[131.38125,33.00416666666668],[131.38125,33.00833333333333],[131.3875,33.00833333333333],[131.3875,33.00416666666667],[131.38125,33.00416666666668]]]}},{"type":"Feature","id":"44208:493143013","properties":{"id":"44208:493143013","meshCode":"493143013","cityCode":"44208","city":"竹田市","lat":33.00625,"lon":131.390625,"areaKm2":0.2698869,"populated2020":true,"population2020":6.9909,"populationNote":"2020年基準人口（国交省調整値）"},"geometry":{"type":"Polygon","coordinates":[[[131.3875,33.00416666666667],[131.3875,33.00833333333333],[131.39375,33.00833333333333],[131.39375,33.00416666666667],[131.3875,33.00416666666667]]]}},{"type":"Feature","id":"44208:493143014","properties":{"id":"44208:493143014","meshCode":"493143014","cityCode":"44208","city":"竹田市","lat":33.00625,"lon":131.396875,"areaKm2":0.2698869,"populated2020":true,"population2020":17.0119,"populationNote":"2020年基準人口（国交省調整値）"},"geometry":{"type":"Polygon","coordinates":[[[131.39375,33.00416666666667],[131.39375,33.00833333333333],[131.4,33.00833333333333],[131.4,33.00416666666668],[131.39375,33.00416666666667]]]}},{"type":"Feature","id":"44208:493143023","properties":{"id":"44208:493143023","meshCode":"493143023","cityCode":"44208","city":"竹田市","lat":33.00625,"lon":131.403125,"areaKm2":0.2698869,"populated2020":true,"population2020":2.0013,"populationNote":"2020年基準人口（国交省調整値）"},"geometry":{"type":"Polygon","coordinates":[[[131.4,33.00416666666668],[131.4,33.00833333333333],[131.40625,33.00833333333334],[131.40625,33.00416666666667],[131.4,33.00416666666668]]]}},{"type":"Feature","id":"44208:493143024","properties":{"id":"44208:493143024","meshCode":"493143024","cityCode":"44208","city":"竹田市","lat":33.00625,"lon":131.409375,"areaKm2":0.1533621,"populated2020":true,"population2020":null,"populationNote":"境界またぎ・収録外等のため自治体内人口は未集計"},"geometry":{"type":"Polygon","coordinates":[[[131.407019857,33.00833333300001],[131.408425175,33.007159234],[131.409575175,33.00653090099999],[131.410591012,33.00587117999999],[131.411442114,33.00489951400001],[131.41238529304098,33.00416666666668],[131.40625,33.00416666666667],[131.40625,33.00833333333334],[131.407019857,33.00833333300001]]]}},{"type":"Feature","id":"44208:493141181","properties":{"id":"44208:493141181","meshCode":"493141181","cityCode":"44208","city":"竹田市","lat":33.0104167,"lon":131.228125,"areaKm2":0.0700445,"populated2020":false,"population2020":null,"populationNote":"境界またぎ・収録外等のため自治体内人口は未集計"},"geometry":{"type":"Polygon","coordinates":[[[131.23124086900012,33.010248107999985],[131.230600869,33.01035588300011],[131.22812727600012,33.01037089200003],[131.2279717250001,33.01042450500012],[131.22784394300015,33.01058645000006],[131.22784395600013,33.010817568],[131.2279717250001,33.01108728800012],[131.22840145300006,33.011527018000095],[131.22842869,33.011812018000064],[131.22768864290452,33.01250000000001],[131.23125,33.0125],[131.23124086900012,33.010248107999985]]]}},{"type":"Feature","id":"44208:493141182","properties":{"id":"44208:493141182","meshCode":"493141182","cityCode":"44208","city":"竹田市","lat":33.0104167,"lon":131.234375,"areaKm2":0.2282027,"populated2020":true,"population2020":null,"populationNote":"境界またぎ・収録外等のため自治体内人口は未集計"},"geometry":{"type":"Polygon","coordinates":[[[131.23547833350005,33.00833334200019],[131.23482971499993,33.0089636400001],[131.23450083,33.0091483600001],[131.23405306100005,33.009125305999994],[131.23376972799997,33.00892502700003],[131.233257782,33.008901973000036],[131.23308417600003,33.00896364000011],[131.23278556399998,33.009330874000106],[131.2322644620001,33.009593099000035],[131.23189863799996,33.010109494999945],[131.23162447500002,33.010232550000126],[131.23125,33.01024773767184],[131.23125,33.0125],[131.2375,33.0125],[131.2375,33.00833333333333],[131.23547833350005,33.00833334200019]]]}},{"type":"Feature","id":"44208:493141191","properties":{"id":"44208:493141191","meshCode":"493141191","cityCode":"44208","city":"竹田市","lat":33.0104167,"lon":131.240625,"areaKm2":0.2698744,"populated2020":true,"population2020":2.0007,"populationNote":"2020年基準人口（国交省調整値）"},"geometry":{"type":"Polygon","coordinates":[[[131.2375,33.00833333333333],[131.2375,33.0125],[131.24375,33.0125],[131.24375,33.00833333333333],[131.2375,33.00833333333333]]]}},{"type":"Feature","id":"44208:493141192","properties":{"id":"44208:493141192","meshCode":"493141192","cityCode":"44208","city":"竹田市","lat":33.0104167,"lon":131.246875,"areaKm2":0.2698744,"populated2020":true,"population2020":6.0129,"populationNote":"2020年基準人口（国交省調整値）"},"geometry":{"type":"Polygon","coordinates":[[[131.24375,33.00833333333333],[131.24375,33.0125],[131.25,33.012499999999996],[131.25,33.00833333333333],[131.24375,33.00833333333333]]]}},{"type":"Feature","id":"44208:493142101","properties":{"id":"44208:493142101","meshCode":"493142101","cityCode":"44208","city":"竹田市","lat":33.0104167,"lon":131.253125,"areaKm2":0.2698744,"populated2020":false,"population2020":null,"populationNote":"境界またぎ・収録外等のため自治体内人口は未集計"},"geometry":{"type":"Polygon","coordinates":[[[131.25,33.00833333333333],[131.25,33.012499999999996],[131.25625,33.01250000000001],[131.25625,33.00833333333333],[131.25,33.00833333333333]]]}},{"type":"Feature","id":"44208:493142102","properties":{"id":"44208:493142102","meshCode":"493142102","cityCode":"44208","city":"竹田市","lat":33.0104167,"lon":131.259375,"areaKm2":0.2698744,"populated2020":true,"population2020":45.1601,"populationNote":"2020年基準人口（国交省調整値）"},"geometry":{"type":"Polygon","coordinates":[[[131.25625,33.00833333333333],[131.25625,33.01250000000001],[131.2625,33.0125],[131.2625,33.00833333333333],[131.25625,33.00833333333333]]]}},{"type":"Feature","id":"44208:493142111","properties":{"id":"44208:493142111","meshCode":"493142111","cityCode":"44208","city":"竹田市","lat":33.0104167,"lon":131.265625,"areaKm2":0.2698744,"populated2020":true,"population2020":98.1007,"populationNote":"2020年基準人口（国交省調整値）"},"geometry":{"type":"Polygon","coordinates":[[[131.2625,33.00833333333333],[131.2625,33.0125],[131.26875,33.01250000000001],[131.26875,33.00833333333333],[131.2625,33.00833333333333]]]}},{"type":"Feature","id":"44208:493142112","properties":{"id":"44208:493142112","meshCode":"493142112","cityCode":"44208","city":"竹田市","lat":33.0104167,"lon":131.271875,"areaKm2":0.2698744,"populated2020":true,"population2020":13.017,"populationNote":"2020年基準人口（国交省調整値）"},"geometry":{"type":"Polygon","coordinates":[[[131.26875,33.00833333333333],[131.26875,33.01250000000001],[131.275,33.0125],[131.275,33.00833333333333],[131.26875,33.00833333333333]]]}},{"type":"Feature","id":"44208:493142121","properties":{"id":"44208:493142121","meshCode":"493142121","cityCode":"44208","city":"竹田市","lat":33.0104167,"lon":131.278125,"areaKm2":0.2698744,"populated2020":true,"population2020":19.0165,"populationNote":"2020年基準人口（国交省調整値）"},"geometry":{"type":"Polygon","coordinates":[[[131.275,33.00833333333333],[131.275,33.0125],[131.28125,33.012499999999996],[131.28125,33.008333333333326],[131.275,33.00833333333333]]]}},{"type":"Feature","id":"44208:493142122","properties":{"id":"44208:493142122","meshCode":"493142122","cityCode":"44208","city":"竹田市","lat":33.0104167,"lon":131.284375,"areaKm2":0.2698744,"populated2020":true,"population2020":22.037,"populationNote":"2020年基準人口（国交省調整値）"},"geometry":{"type":"Polygon","coordinates":[[[131.28125,33.008333333333326],[131.28125,33.012499999999996],[131.2875,33.0125],[131.2875,33.00833333333333],[131.28125,33.008333333333326]]]}},{"type":"Feature","id":"44208:493142131","properties":{"id":"44208:493142131","meshCode":"493142131","cityCode":"44208","city":"竹田市","lat":33.0104167,"lon":131.290625,"areaKm2":0.2698744,"populated2020":true,"population2020":31.0327,"populationNote":"2020年基準人口（国交省調整値）"},"geometry":{"type":"Polygon","coordinates":[[[131.2875,33.00833333333333],[131.2875,33.0125],[131.29375,33.01250000000001],[131.29375,33.00833333333334],[131.2875,33.00833333333333]]]}},{"type":"Feature","id":"44208:493142132","properties":{"id":"44208:493142132","meshCode":"493142132","cityCode":"44208","city":"竹田市","lat":33.0104167,"lon":131.296875,"areaKm2":0.2698744,"populated2020":false,"population2020":null,"populationNote":"境界またぎ・収録外等のため自治体内人口は未集計"},"geometry":{"type":"Polygon","coordinates":[[[131.29375,33.00833333333334],[131.29375,33.01250000000001],[131.30000000000004,33.0125],[131.30000000000004,33.00833333333333],[131.29375,33.00833333333334]]]}},{"type":"Feature","id":"44208:493142141","properties":{"id":"44208:493142141","meshCode":"493142141","cityCode":"44208","city":"竹田市","lat":33.0104167,"lon":131.303125,"areaKm2":0.2698744,"populated2020":true,"population2020":38.1027,"populationNote":"2020年基準人口（国交省調整値）"},"geometry":{"type":"Polygon","coordinates":[[[131.30000000000004,33.00833333333333],[131.30000000000004,33.0125],[131.30625,33.01250000000002],[131.30625,33.00833333333333],[131.30000000000004,33.00833333333333]]]}},{"type":"Feature","id":"44208:493142142","properties":{"id":"44208:493142142","meshCode":"493142142","cityCode":"44208","city":"竹田市","lat":33.0104167,"lon":131.309375,"areaKm2":0.2698744,"populated2020":false,"population2020":null,"populationNote":"境界またぎ・収録外等のため自治体内人口は未集計"},"geometry":{"type":"Polygon","coordinates":[[[131.30625,33.00833333333333],[131.30625,33.01250000000002],[131.3125,33.0125],[131.3125,33.00833333333333],[131.30625,33.00833333333333]]]}},{"type":"Feature","id":"44208:493142151","properties":{"id":"44208:493142151","meshCode":"493142151","cityCode":"44208","city":"竹田市","lat":33.0104167,"lon":131.315625,"areaKm2":0.2698744,"populated2020":true,"population2020":12.0108,"populationNote":"2020年基準人口（国交省調整値）"},"geometry":{"type":"Polygon","coordinates":[[[131.3125,33.00833333333333],[131.3125,33.0125],[131.31875,33.01250000000001],[131.31875,33.00833333333334],[131.3125,33.00833333333333]]]}},{"type":"Feature","id":"44208:493142152","properties":{"id":"44208:493142152","meshCode":"493142152","cityCode":"44208","city":"竹田市","lat":33.0104167,"lon":131.321875,"areaKm2":0.2698744,"populated2020":true,"population2020":2.0022,"populationNote":"2020年基準人口（国交省調整値）"},"geometry":{"type":"Polygon","coordinates":[[[131.31875,33.00833333333334],[131.31875,33.01250000000001],[131.325,33.0125],[131.325,33.008333333333326],[131.31875,33.00833333333334]]]}},{"type":"Feature","id":"44208:493142161","properties":{"id":"44208:493142161","meshCode":"493142161","cityCode":"44208","city":"竹田市","lat":33.0104167,"lon":131.328125,"areaKm2":0.2698744,"populated2020":false,"population2020":null,"populationNote":"境界またぎ・収録外等のため自治体内人口は未集計"},"geometry":{"type":"Polygon","coordinates":[[[131.325,33.008333333333326],[131.325,33.0125],[131.33125,33.0125],[131.33125,33.00833333333333],[131.325,33.008333333333326]]]}},{"type":"Feature","id":"44208:493142162","properties":{"id":"44208:493142162","meshCode":"493142162","cityCode":"44208","city":"竹田市","lat":33.0104167,"lon":131.334375,"areaKm2":0.2698744,"populated2020":false,"population2020":null,"populationNote":"境界またぎ・収録外等のため自治体内人口は未集計"},"geometry":{"type":"Polygon","coordinates":[[[131.33125,33.00833333333333],[131.33125,33.0125],[131.3375,33.0125],[131.3375,33.00833333333333],[131.33125,33.00833333333333]]]}},{"type":"Feature","id":"44208:493142171","properties":{"id":"44208:493142171","meshCode":"493142171","cityCode":"44208","city":"竹田市","lat":33.0104167,"lon":131.340625,"areaKm2":0.2698744,"populated2020":false,"population2020":null,"populationNote":"境界またぎ・収録外等のため自治体内人口は未集計"},"geometry":{"type":"Polygon","coordinates":[[[131.3375,33.00833333333333],[131.3375,33.0125],[131.34375,33.01250000000001],[131.34375,33.00833333333334],[131.3375,33.00833333333333]]]}},{"type":"Feature","id":"44208:493142172","properties":{"id":"44208:493142172","meshCode":"493142172","cityCode":"44208","city":"竹田市","lat":33.0104167,"lon":131.346875,"areaKm2":0.2698744,"populated2020":false,"population2020":null,"populationNote":"境界またぎ・収録外等のため自治体内人口は未集計"},"geometry":{"type":"Polygon","coordinates":[[[131.34375,33.00833333333334],[131.34375,33.01250000000001],[131.35,33.01250000000001],[131.35,33.00833333333333],[131.34375,33.00833333333334]]]}},{"type":"Feature","id":"44208:493142181","properties":{"id":"44208:493142181","meshCode":"493142181","cityCode":"44208","city":"竹田市","lat":33.0104167,"lon":131.353125,"areaKm2":0.2698744,"populated2020":false,"population2020":null,"populationNote":"境界またぎ・収録外等のため自治体内人口は未集計"},"geometry":{"type":"Polygon","coordinates":[[[131.35,33.00833333333333],[131.35,33.01250000000001],[131.35625000000002,33.0125],[131.35625000000002,33.00833333333334],[131.35,33.00833333333333]]]}},{"type":"Feature","id":"44208:493142182","properties":{"id":"44208:493142182","meshCode":"493142182","cityCode":"44208","city":"竹田市","lat":33.0104167,"lon":131.359375,"areaKm2":0.2698744,"populated2020":true,"population2020":20.0506,"populationNote":"2020年基準人口（国交省調整値）"},"geometry":{"type":"Polygon","coordinates":[[[131.35625000000002,33.00833333333334],[131.35625000000002,33.0125],[131.3625,33.01250000000001],[131.3625,33.00833333333333],[131.35625000000002,33.00833333333334]]]}},{"type":"Feature","id":"44208:493142191","properties":{"id":"44208:493142191","meshCode":"493142191","cityCode":"44208","city":"竹田市","lat":33.0104167,"lon":131.365625,"areaKm2":0.2698744,"populated2020":true,"population2020":10.9992,"populationNote":"2020年基準人口（国交省調整値）"},"geometry":{"type":"Polygon","coordinates":[[[131.3625,33.00833333333333],[131.3625,33.01250000000001],[131.36875,33.0125],[131.36875,33.00833333333333],[131.3625,33.00833333333333]]]}},{"type":"Feature","id":"44208:493142192","properties":{"id":"44208:493142192","meshCode":"493142192","cityCode":"44208","city":"竹田市","lat":33.0104167,"lon":131.371875,"areaKm2":0.2698744,"populated2020":true,"population2020":1.0,"populationNote":"2020年基準人口（国交省調整値）"},"geometry":{"type":"Polygon","coordinates":[[[131.36875,33.00833333333333],[131.36875,33.0125],[131.375,33.0125],[131.375,33.00833333333333],[131.36875,33.00833333333333]]]}},{"type":"Feature","id":"44208:493143101","properties":{"id":"44208:493143101","meshCode":"493143101","cityCode":"44208","city":"竹田市","lat":33.0104167,"lon":131.378125,"areaKm2":0.2698744,"populated2020":false,"population2020":null,"populationNote":"境界またぎ・収録外等のため自治体内人口は未集計"},"geometry":{"type":"Polygon","coordinates":[[[131.375,33.00833333333333],[131.375,33.0125],[131.38125,33.0125],[131.38125,33.00833333333333],[131.375,33.00833333333333]]]}},{"type":"Feature","id":"44208:493143102","properties":{"id":"44208:493143102","meshCode":"493143102","cityCode":"44208","city":"竹田市","lat":33.0104167,"lon":131.384375,"areaKm2":0.2698744,"populated2020":false,"population2020":null,"populationNote":"境界またぎ・収録外等のため自治体内人口は未集計"},"geometry":{"type":"Polygon","coordinates":[[[131.38125,33.00833333333333],[131.38125,33.0125],[131.3875,33.0125],[131.3875,33.00833333333333],[131.38125,33.00833333333333]]]}},{"type":"Feature","id":"44208:493143111","properties":{"id":"44208:493143111","meshCode":"493143111","cityCode":"44208","city":"竹田市","lat":33.0104167,"lon":131.390625,"areaKm2":0.2698744,"populated2020":false,"population2020":null,"populationNote":"境界またぎ・収録外等のため自治体内人口は未集計"},"geometry":{"type":"Polygon","coordinates":[[[131.3875,33.00833333333333],[131.3875,33.0125],[131.39375,33.01250000000001],[131.39375,33.00833333333333],[131.3875,33.00833333333333]]]}},{"type":"Feature","id":"44208:493143112","properties":{"id":"44208:493143112","meshCode":"493143112","cityCode":"44208","city":"竹田市","lat":33.0104473,"lon":131.3949391,"areaKm2":0.1437374,"populated2020":false,"population2020":null,"populationNote":"境界またぎ・収録外等のため自治体内人口は未集計"},"geometry":{"type":"Polygon","coordinates":[[[131.39532181115828,33.0125],[131.39608655,33.011533694],[131.396165435,33.010979811],[131.396114604,33.01012647699999],[131.396311556,33.009890081],[131.396847108,33.009553973],[131.397485162,33.009273973],[131.397745162,33.009305080999994],[131.398009326,33.00954341399999],[131.398174604,33.009593135],[131.398962387,33.009319252000004],[131.399529339,33.009331748],[131.4,33.00921155],[131.4,33.00833333333333],[131.39375,33.00833333333333],[131.39375,33.01250000000001],[131.39532181115828,33.0125]]]}},{"type":"Feature","id":"44208:493143121","properties":{"id":"44208:493143121","meshCode":"493143121","cityCode":"44208","city":"竹田市","lat":33.0088713,"lon":131.4027741,"areaKm2":0.0484622,"populated2020":false,"population2020":null,"populationNote":"境界またぎ・収録外等のため自治体内人口は未集計"},"geometry":{"type":"Polygon","coordinates":[[[131.400041556,33.00920091],[131.402160999,33.009154243],[131.402987951,33.009054801999994],[131.40404323,33.009203964],[131.405019896,33.00901729700001],[131.40625,33.00866309178646],[131.40625,33.00833333333334],[131.4,33.00833333333333],[131.400041556,33.00920091]]]}},{"type":"Feature","id":"44208:493143122","properties":{"id":"44208:493143122","meshCode":"493143122","cityCode":"44208","city":"竹田市","lat":33.0085417,"lon":131.4063995,"areaKm2":0.0013579,"populated2020":false,"population2020":null,"populationNote":"境界またぎ・収録外等のため自治体内人口は未集計"},"geometry":{"type":"Polygon","coordinates":[[[131.40625,33.00866309178646],[131.406761556,33.00845145899999],[131.40701985627112,33.00833333333333],[131.40625,33.00833333333334],[131.40625,33.00866309178646]]]}},{"type":"Feature","id":"44208:493141174","properties":{"id":"44208:493141174","meshCode":"493141174","cityCode":"44208","city":"竹田市","lat":33.0163444,"lon":131.2246997,"areaKm2":0.0046422,"populated2020":false,"population2020":null,"populationNote":"境界またぎ・収録外等のため自治体内人口は未集計"},"geometry":{"type":"Polygon","coordinates":[[[131.22499959800007,33.01568764000007],[131.22463655000013,33.01602208100013],[131.22416225724524,33.016666666666666],[131.225,33.016666666666666],[131.22499959800007,33.01568764000007]]]}},{"type":"Feature","id":"44208:493141183","properties":{"id":"44208:493141183","meshCode":"493141183","cityCode":"44208","city":"竹田市","lat":33.0145833,"lon":131.228125,"areaKm2":0.233351,"populated2020":true,"population2020":null,"populationNote":"境界またぎ・収録外等のため自治体内人口は未集計"},"geometry":{"type":"Polygon","coordinates":[[[131.22768864290452,33.01250000000001],[131.2269864850001,33.01308148600009],[131.22650204900015,33.013197324000096],[131.22599011700004,33.013436215999945],[131.2257617900001,33.01402955900011],[131.22598041499998,33.014827621999984],[131.22575180300012,33.015097351],[131.225,33.015687261000124],[131.225,33.016666666666666],[131.23125,33.016666666666666],[131.23125,33.0125],[131.22768864290452,33.01250000000001]]]}},{"type":"Feature","id":"44208:493141184","properties":{"id":"44208:493141184","meshCode":"493141184","cityCode":"44208","city":"竹田市","lat":33.0145833,"lon":131.234375,"areaKm2":0.2698619,"populated2020":true,"population2020":1.9989,"populationNote":"2020年基準人口（国交省調整値）"},"geometry":{"type":"Polygon","coordinates":[[[131.23125,33.0125],[131.23125,33.016666666666666],[131.2375,33.01666666666666],[131.2375,33.0125],[131.23125,33.0125]]]}},{"type":"Feature","id":"44208:493141193","properties":{"id":"44208:493141193","meshCode":"493141193","cityCode":"44208","city":"竹田市","lat":33.0145833,"lon":131.240625,"areaKm2":0.2698619,"populated2020":true,"population2020":20.9952,"populationNote":"2020年基準人口（国交省調整値）"},"geometry":{"type":"Polygon","coordinates":[[[131.2375,33.0125],[131.2375,33.01666666666666],[131.24375,33.016666666666666],[131.24375,33.0125],[131.2375,33.0125]]]}},{"type":"Feature","id":"44208:493141194","properties":{"id":"44208:493141194","meshCode":"493141194","cityCode":"44208","city":"竹田市","lat":33.0145833,"lon":131.246875,"areaKm2":0.2698619,"populated2020":true,"population2020":2.9885,"populationNote":"2020年基準人口（国交省調整値）"},"geometry":{"type":"Polygon","coordinates":[[[131.24375,33.0125],[131.24375,33.016666666666666],[131.25,33.016666666666666],[131.25,33.012499999999996],[131.24375,33.0125]]]}},{"type":"Feature","id":"44208:493142103","properties":{"id":"44208:493142103","meshCode":"493142103","cityCode":"44208","city":"竹田市","lat":33.0145833,"lon":131.253125,"areaKm2":0.2698619,"populated2020":false,"population2020":null,"populationNote":"境界またぎ・収録外等のため自治体内人口は未集計"},"geometry":{"type":"Polygon","coordinates":[[[131.25,33.012499999999996],[131.25,33.016666666666666],[131.25625,33.01666666666666],[131.25625,33.01250000000001],[131.25,33.012499999999996]]]}},{"type":"Feature","id":"44208:493142104","properties":{"id":"44208:493142104","meshCode":"493142104","cityCode":"44208","city":"竹田市","lat":33.0145833,"lon":131.259375,"areaKm2":0.2698619,"populated2020":true,"population2020":2.0009,"populationNote":"2020年基準人口（国交省調整値）"},"geometry":{"type":"Polygon","coordinates":[[[131.25625,33.01250000000001],[131.25625,33.01666666666666],[131.2625,33.016666666666666],[131.2625,33.0125],[131.25625,33.01250000000001]]]}},{"type":"Feature","id":"44208:493142113","properties":{"id":"44208:493142113","meshCode":"493142113","cityCode":"44208","city":"竹田市","lat":33.0145833,"lon":131.265625,"areaKm2":0.2698619,"populated2020":false,"population2020":null,"populationNote":"境界またぎ・収録外等のため自治体内人口は未集計"},"geometry":{"type":"Polygon","coordinates":[[[131.2625,33.0125],[131.2625,33.016666666666666],[131.26875,33.016666666666666],[131.26875,33.01250000000001],[131.2625,33.0125]]]}},{"type":"Feature","id":"44208:493142114","properties":{"id":"44208:493142114","meshCode":"493142114","cityCode":"44208","city":"竹田市","lat":33.0145833,"lon":131.271875,"areaKm2":0.2698619,"populated2020":false,"population2020":null,"populationNote":"境界またぎ・収録外等のため自治体内人口は未集計"},"geometry":{"type":"Polygon","coordinates":[[[131.26875,33.01250000000001],[131.26875,33.016666666666666],[131.275,33.016666666666666],[131.275,33.0125],[131.26875,33.01250000000001]]]}},{"type":"Feature","id":"44208:493142123","properties":{"id":"44208:493142123","meshCode":"493142123","cityCode":"44208","city":"竹田市","lat":33.0145833,"lon":131.278125,"areaKm2":0.2698619,"populated2020":true,"population2020":9.998,"populationNote":"2020年基準人口（国交省調整値）"},"geometry":{"type":"Polygon","coordinates":[[[131.275,33.0125],[131.275,33.016666666666666],[131.28125,33.016666666666666],[131.28125,33.012499999999996],[131.275,33.0125]]]}},{"type":"Feature","id":"44208:493142124","properties":{"id":"44208:493142124","meshCode":"493142124","cityCode":"44208","city":"竹田市","lat":33.0145833,"lon":131.284375,"areaKm2":0.2698619,"populated2020":false,"population2020":null,"populationNote":"境界またぎ・収録外等のため自治体内人口は未集計"},"geometry":{"type":"Polygon","coordinates":[[[131.28125,33.012499999999996],[131.28125,33.016666666666666],[131.2875,33.016666666666666],[131.2875,33.0125],[131.28125,33.012499999999996]]]}},{"type":"Feature","id":"44208:493142133","properties":{"id":"44208:493142133","meshCode":"493142133","cityCode":"44208","city":"竹田市","lat":33.0145833,"lon":131.290625,"areaKm2":0.2698619,"populated2020":true,"population2020":3.002,"populationNote":"2020年基準人口（国交省調整値）"},"geometry":{"type":"Polygon","coordinates":[[[131.2875,33.0125],[131.2875,33.016666666666666],[131.29375,33.016666666666666],[131.29375,33.01250000000001],[131.2875,33.0125]]]}},{"type":"Feature","id":"44208:493142134","properties":{"id":"44208:493142134","meshCode":"493142134","cityCode":"44208","city":"竹田市","lat":33.0145833,"lon":131.296875,"areaKm2":0.2698619,"populated2020":true,"population2020":73.126,"populationNote":"2020年基準人口（国交省調整値）"},"geometry":{"type":"Polygon","coordinates":[[[131.29375,33.01250000000001],[131.29375,33.016666666666666],[131.30000000000004,33.016666666666666],[131.30000000000004,33.0125],[131.29375,33.01250000000001]]]}},{"type":"Feature","id":"44208:493142143","properties":{"id":"44208:493142143","meshCode":"493142143","cityCode":"44208","city":"竹田市","lat":33.0145833,"lon":131.303125,"areaKm2":0.2698619,"populated2020":true,"population2020":10.026,"populationNote":"2020年基準人口（国交省調整値）"},"geometry":{"type":"Polygon","coordinates":[[[131.30000000000004,33.0125],[131.30000000000004,33.016666666666666],[131.30625,33.016666666666666],[131.30625,33.01250000000002],[131.30000000000004,33.0125]]]}},{"type":"Feature","id":"44208:493142144","properties":{"id":"44208:493142144","meshCode":"493142144","cityCode":"44208","city":"竹田市","lat":33.0145833,"lon":131.309375,"areaKm2":0.2698619,"populated2020":false,"population2020":null,"populationNote":"境界またぎ・収録外等のため自治体内人口は未集計"},"geometry":{"type":"Polygon","coordinates":[[[131.30625,33.01250000000002],[131.30625,33.016666666666666],[131.3125,33.016666666666666],[131.3125,33.0125],[131.30625,33.01250000000002]]]}},{"type":"Feature","id":"44208:493142153","properties":{"id":"44208:493142153","meshCode":"493142153","cityCode":"44208","city":"竹田市","lat":33.0145833,"lon":131.315625,"areaKm2":0.2698619,"populated2020":true,"population2020":33.0251,"populationNote":"2020年基準人口（国交省調整値）"},"geometry":{"type":"Polygon","coordinates":[[[131.3125,33.0125],[131.3125,33.016666666666666],[131.31875,33.01666666666666],[131.31875,33.01250000000001],[131.3125,33.0125]]]}},{"type":"Feature","id":"44208:493142154","properties":{"id":"44208:493142154","meshCode":"493142154","cityCode":"44208","city":"竹田市","lat":33.0145833,"lon":131.321875,"areaKm2":0.2698619,"populated2020":true,"population2020":6.9987,"populationNote":"2020年基準人口（国交省調整値）"},"geometry":{"type":"Polygon","coordinates":[[[131.31875,33.01250000000001],[131.31875,33.01666666666666],[131.325,33.016666666666666],[131.325,33.0125],[131.31875,33.01250000000001]]]}},{"type":"Feature","id":"44208:493142163","properties":{"id":"44208:493142163","meshCode":"493142163","cityCode":"44208","city":"竹田市","lat":33.0145833,"lon":131.328125,"areaKm2":0.2698619,"populated2020":true,"population2020":4.0228,"populationNote":"2020年基準人口（国交省調整値）"},"geometry":{"type":"Polygon","coordinates":[[[131.325,33.0125],[131.325,33.016666666666666],[131.33125,33.01666666666667],[131.33125,33.0125],[131.325,33.0125]]]}},{"type":"Feature","id":"44208:493142164","properties":{"id":"44208:493142164","meshCode":"493142164","cityCode":"44208","city":"竹田市","lat":33.0145833,"lon":131.334375,"areaKm2":0.2698619,"populated2020":false,"population2020":null,"populationNote":"境界またぎ・収録外等のため自治体内人口は未集計"},"geometry":{"type":"Polygon","coordinates":[[[131.33125,33.0125],[131.33125,33.01666666666667],[131.3375,33.01666666666666],[131.3375,33.0125],[131.33125,33.0125]]]}},{"type":"Feature","id":"44208:493142173","properties":{"id":"44208:493142173","meshCode":"493142173","cityCode":"44208","city":"竹田市","lat":33.0145833,"lon":131.340625,"areaKm2":0.2698619,"populated2020":false,"population2020":null,"populationNote":"境界またぎ・収録外等のため自治体内人口は未集計"},"geometry":{"type":"Polygon","coordinates":[[[131.3375,33.0125],[131.3375,33.01666666666666],[131.34375,33.01666666666667],[131.34375,33.01250000000001],[131.3375,33.0125]]]}},{"type":"Feature","id":"44208:493142174","properties":{"id":"44208:493142174","meshCode":"493142174","cityCode":"44208","city":"竹田市","lat":33.0145833,"lon":131.346875,"areaKm2":0.2698619,"populated2020":false,"population2020":null,"populationNote":"境界またぎ・収録外等のため自治体内人口は未集計"},"geometry":{"type":"Polygon","coordinates":[[[131.34375,33.01250000000001],[131.34375,33.01666666666667],[131.35,33.01666666666667],[131.35,33.01250000000001],[131.34375,33.01250000000001]]]}},{"type":"Feature","id":"44208:493142183","properties":{"id":"44208:493142183","meshCode":"493142183","cityCode":"44208","city":"竹田市","lat":33.0145833,"lon":131.353125,"areaKm2":0.2698619,"populated2020":false,"population2020":null,"populationNote":"境界またぎ・収録外等のため自治体内人口は未集計"},"geometry":{"type":"Polygon","coordinates":[[[131.35,33.01250000000001],[131.35,33.01666666666667],[131.35625000000002,33.016666666666666],[131.35625000000002,33.0125],[131.35,33.01250000000001]]]}},{"type":"Feature","id":"44208:493142184","properties":{"id":"44208:493142184","meshCode":"493142184","cityCode":"44208","city":"竹田市","lat":33.0145833,"lon":131.359375,"areaKm2":0.2698619,"populated2020":true,"population2020":8.0032,"populationNote":"2020年基準人口（国交省調整値）"},"geometry":{"type":"Polygon","coordinates":[[[131.35625000000002,33.0125],[131.35625000000002,33.016666666666666],[131.3625,33.01666666666667],[131.3625,33.01250000000001],[131.35625000000002,33.0125]]]}},{"type":"Feature","id":"44208:493142193","properties":{"id":"44208:493142193","meshCode":"493142193","cityCode":"44208","city":"竹田市","lat":33.0145833,"lon":131.365625,"areaKm2":0.2698619,"populated2020":false,"population2020":null,"populationNote":"境界またぎ・収録外等のため自治体内人口は未集計"},"geometry":{"type":"Polygon","coordinates":[[[131.3625,33.01250000000001],[131.3625,33.01666666666667],[131.36875,33.01666666666666],[131.36875,33.0125],[131.3625,33.01250000000001]]]}},{"type":"Feature","id":"44208:493142194","properties":{"id":"44208:493142194","meshCode":"493142194","cityCode":"44208","city":"竹田市","lat":33.0145833,"lon":131.371875,"areaKm2":0.2698619,"populated2020":false,"population2020":null,"populationNote":"境界またぎ・収録外等のため自治体内人口は未集計"},"geometry":{"type":"Polygon","coordinates":[[[131.36875,33.0125],[131.36875,33.01666666666666],[131.375,33.016666666666666],[131.375,33.0125],[131.36875,33.0125]]]}},{"type":"Feature","id":"44208:493143103","properties":{"id":"44208:493143103","meshCode":"493143103","cityCode":"44208","city":"竹田市","lat":33.0145833,"lon":131.378125,"areaKm2":0.2698619,"populated2020":false,"population2020":null,"populationNote":"境界またぎ・収録外等のため自治体内人口は未集計"},"geometry":{"type":"Polygon","coordinates":[[[131.375,33.0125],[131.375,33.016666666666666],[131.38125,33.016666666666666],[131.38125,33.0125],[131.375,33.0125]]]}},{"type":"Feature","id":"44208:493143104","properties":{"id":"44208:493143104","meshCode":"493143104","cityCode":"44208","city":"竹田市","lat":33.0145833,"lon":131.384375,"areaKm2":0.2532398,"populated2020":false,"population2020":null,"populationNote":"境界またぎ・収録外等のため自治体内人口は未集計"},"geometry":{"type":"Polygon","coordinates":[[[131.382248573,33.016666477],[131.382605979,33.016075369],[131.382920986,33.015907315],[131.383566822,33.016081477],[131.384590441,33.016156207],[131.385155162,33.016348703],[131.3854567437864,33.016666666666666],[131.3875,33.016666666666666],[131.3875,33.0125],[131.38125,33.0125],[131.38125,33.016666666666666],[131.382248573,33.016666477]]]}},{"type":"Feature","id":"44208:493143113","properties":{"id":"44208:493143113","meshCode":"493143113","cityCode":"44208","city":"竹田市","lat":33.0145833,"lon":131.390625,"areaKm2":0.2057475,"populated2020":false,"population2020":null,"populationNote":"境界またぎ・収録外等のため自治体内人口は未集計"},"geometry":{"type":"Polygon","coordinates":[[[131.3875,33.016666666666666],[131.388036278,33.01649982],[131.38874994742724,33.016666666666666],[131.39072815820526,33.016666666666666],[131.391522672,33.015554531999996],[131.391554047,33.014751198000006],[131.39192404700003,33.014209811],[131.392129053,33.014035649],[131.392885162,33.014017036],[131.39375,33.01415260361433],[131.39375,33.01250000000001],[131.3875,33.0125],[131.3875,33.016666666666666]]]}},{"type":"Feature","id":"44208:493143114","properties":{"id":"44208:493143114","meshCode":"493143114","cityCode":"44208","city":"竹田市","lat":33.0137334,"lon":131.3943321,"areaKm2":0.0238653,"populated2020":false,"population2020":null,"populationNote":"境界またぎ・収録外等のため自治体内人口は未集計"},"geometry":{"type":"Polygon","coordinates":[[[131.39375,33.01415260361433],[131.394721284,33.014582864999994],[131.394862944,33.014564252],[131.394996835,33.012966477],[131.39532181115828,33.0125],[131.39375,33.01250000000001],[131.39375,33.01415260361433]]]}},{"type":"Feature","id":"44208:493141272","properties":{"id":"44208:493141272","meshCode":"493141272","cityCode":"44208","city":"竹田市","lat":33.0176884,"lon":131.2244359,"areaKm2":0.0230745,"populated2020":false,"population2020":null,"populationNote":"境界またぎ・収録外等のため自治体内人口は未集計"},"geometry":{"type":"Polygon","coordinates":[[[131.224162257,33.01666666699998],[131.22362490299997,33.01716432400008],[131.223670739,33.01738765800008],[131.2238535150001,33.01758044100012],[131.22384435799995,33.01815072999995],[131.22395381299998,33.01844350500011],[131.22420048000004,33.01856683799991],[131.225,33.018712441000005],[131.225,33.016666666666666],[131.224162257,33.01666666699998]]]}},{"type":"Feature","id":"44208:493141281","properties":{"id":"44208:493141281","meshCode":"493141281","cityCode":"44208","city":"竹田市","lat":33.01875,"lon":131.228125,"areaKm2":0.2470822,"populated2020":false,"population2020":null,"populationNote":"境界またぎ・収録外等のため自治体内人口は未集計"},"geometry":{"type":"Polygon","coordinates":[[[131.22500000000014,33.018712441],[131.22581630399998,33.018651559000084],[131.22623686100007,33.01882100000001],[131.226538249,33.01905989200004],[131.22646492900014,33.019376008999984],[131.225605772,33.02036241399998],[131.22532245100012,33.020833333333336],[131.23125,33.020833333333336],[131.23125,33.016666666666666],[131.225,33.016666666666666],[131.22500000000014,33.018712441]]]}},{"type":"Feature","id":"44208:493141282","properties":{"id":"44208:493141282","meshCode":"493141282","cityCode":"44208","city":"竹田市","lat":33.01875,"lon":131.234375,"areaKm2":0.2698494,"populated2020":false,"population2020":null,"populationNote":"境界またぎ・収録外等のため自治体内人口は未集計"},"geometry":{"type":"Polygon","coordinates":[[[131.23125,33.016666666666666],[131.23125,33.020833333333336],[131.2375,33.02083333333333],[131.2375,33.01666666666666],[131.23125,33.016666666666666]]]}},{"type":"Feature","id":"44208:493141291","properties":{"id":"44208:493141291","meshCode":"493141291","cityCode":"44208","city":"竹田市","lat":33.01875,"lon":131.240625,"areaKm2":0.2698494,"populated2020":false,"population2020":null,"populationNote":"境界またぎ・収録外等のため自治体内人口は未集計"},"geometry":{"type":"Polygon","coordinates":[[[131.2375,33.01666666666666],[131.2375,33.02083333333333],[131.24375,33.020833333333336],[131.24375,33.016666666666666],[131.2375,33.01666666666666]]]}},{"type":"Feature","id":"44208:493141292","properties":{"id":"44208:493141292","meshCode":"493141292","cityCode":"44208","city":"竹田市","lat":33.01875,"lon":131.246875,"areaKm2":0.2698494,"populated2020":true,"population2020":5.0165,"populationNote":"2020年基準人口（国交省調整値）"},"geometry":{"type":"Polygon","coordinates":[[[131.24375,33.016666666666666],[131.24375,33.020833333333336],[131.25,33.020833333333336],[131.25,33.016666666666666],[131.24375,33.016666666666666]]]}},{"type":"Feature","id":"44208:493142201","properties":{"id":"44208:493142201","meshCode":"493142201","cityCode":"44208","city":"竹田市","lat":33.01875,"lon":131.253125,"areaKm2":0.2698494,"populated2020":true,"population2020":16.0088,"populationNote":"2020年基準人口（国交省調整値）"},"geometry":{"type":"Polygon","coordinates":[[[131.25,33.016666666666666],[131.25,33.020833333333336],[131.25625,33.02083333333334],[131.25625,33.01666666666666],[131.25,33.016666666666666]]]}},{"type":"Feature","id":"44208:493142202","properties":{"id":"44208:493142202","meshCode":"493142202","cityCode":"44208","city":"竹田市","lat":33.01875,"lon":131.259375,"areaKm2":0.2698494,"populated2020":true,"population2020":18.0154,"populationNote":"2020年基準人口（国交省調整値）"},"geometry":{"type":"Polygon","coordinates":[[[131.25625,33.01666666666666],[131.25625,33.02083333333334],[131.2625,33.020833333333336],[131.2625,33.016666666666666],[131.25625,33.01666666666666]]]}},{"type":"Feature","id":"44208:493142211","properties":{"id":"44208:493142211","meshCode":"493142211","cityCode":"44208","city":"竹田市","lat":33.01875,"lon":131.265625,"areaKm2":0.2698494,"populated2020":false,"population2020":null,"populationNote":"境界またぎ・収録外等のため自治体内人口は未集計"},"geometry":{"type":"Polygon","coordinates":[[[131.2625,33.016666666666666],[131.2625,33.020833333333336],[131.26875,33.02083333333333],[131.26875,33.016666666666666],[131.2625,33.016666666666666]]]}},{"type":"Feature","id":"44208:493142212","properties":{"id":"44208:493142212","meshCode":"493142212","cityCode":"44208","city":"竹田市","lat":33.01875,"lon":131.271875,"areaKm2":0.2698494,"populated2020":false,"population2020":null,"populationNote":"境界またぎ・収録外等のため自治体内人口は未集計"},"geometry":{"type":"Polygon","coordinates":[[[131.26875,33.016666666666666],[131.26875,33.02083333333333],[131.275,33.02083333333334],[131.275,33.016666666666666],[131.26875,33.016666666666666]]]}},{"type":"Feature","id":"44208:493142221","properties":{"id":"44208:493142221","meshCode":"493142221","cityCode":"44208","city":"竹田市","lat":33.01875,"lon":131.278125,"areaKm2":0.2698494,"populated2020":false,"population2020":null,"populationNote":"境界またぎ・収録外等のため自治体内人口は未集計"},"geometry":{"type":"Polygon","coordinates":[[[131.275,33.016666666666666],[131.275,33.02083333333334],[131.28125,33.020833333333336],[131.28125,33.016666666666666],[131.275,33.016666666666666]]]}},{"type":"Feature","id":"44208:493142222","properties":{"id":"44208:493142222","meshCode":"493142222","cityCode":"44208","city":"竹田市","lat":33.01875,"lon":131.284375,"areaKm2":0.2698494,"populated2020":false,"population2020":null,"populationNote":"境界またぎ・収録外等のため自治体内人口は未集計"},"geometry":{"type":"Polygon","coordinates":[[[131.28125,33.016666666666666],[131.28125,33.020833333333336],[131.2875,33.020833333333336],[131.2875,33.016666666666666],[131.28125,33.016666666666666]]]}},{"type":"Feature","id":"44208:493142231","properties":{"id":"44208:493142231","meshCode":"493142231","cityCode":"44208","city":"竹田市","lat":33.01875,"lon":131.290625,"areaKm2":0.2698494,"populated2020":true,"population2020":22.0104,"populationNote":"2020年基準人口（国交省調整値）"},"geometry":{"type":"Polygon","coordinates":[[[131.2875,33.016666666666666],[131.2875,33.020833333333336],[131.29375,33.020833333333336],[131.29375,33.016666666666666],[131.2875,33.016666666666666]]]}},{"type":"Feature","id":"44208:493142232","properties":{"id":"44208:493142232","meshCode":"493142232","cityCode":"44208","city":"竹田市","lat":33.01875,"lon":131.296875,"areaKm2":0.2698494,"populated2020":true,"population2020":246.2239,"populationNote":"2020年基準人口（国交省調整値）"},"geometry":{"type":"Polygon","coordinates":[[[131.29375,33.016666666666666],[131.29375,33.020833333333336],[131.30000000000004,33.02083333333334],[131.30000000000004,33.016666666666666],[131.29375,33.016666666666666]]]}},{"type":"Feature","id":"44208:493142241","properties":{"id":"44208:493142241","meshCode":"493142241","cityCode":"44208","city":"竹田市","lat":33.01875,"lon":131.303125,"areaKm2":0.2698494,"populated2020":true,"population2020":10.0063,"populationNote":"2020年基準人口（国交省調整値）"},"geometry":{"type":"Polygon","coordinates":[[[131.30000000000004,33.016666666666666],[131.30000000000004,33.02083333333334],[131.30625,33.020833333333336],[131.30625,33.016666666666666],[131.30000000000004,33.016666666666666]]]}},{"type":"Feature","id":"44208:493142242","properties":{"id":"44208:493142242","meshCode":"493142242","cityCode":"44208","city":"竹田市","lat":33.01875,"lon":131.309375,"areaKm2":0.2698494,"populated2020":false,"population2020":null,"populationNote":"境界またぎ・収録外等のため自治体内人口は未集計"},"geometry":{"type":"Polygon","coordinates":[[[131.30625,33.016666666666666],[131.30625,33.020833333333336],[131.3125,33.020833333333336],[131.3125,33.016666666666666],[131.30625,33.016666666666666]]]}},{"type":"Feature","id":"44208:493142251","properties":{"id":"44208:493142251","meshCode":"493142251","cityCode":"44208","city":"竹田市","lat":33.01875,"lon":131.315625,"areaKm2":0.2698494,"populated2020":true,"population2020":2.001,"populationNote":"2020年基準人口（国交省調整値）"},"geometry":{"type":"Polygon","coordinates":[[[131.3125,33.016666666666666],[131.3125,33.020833333333336],[131.31875,33.020833333333336],[131.31875,33.01666666666666],[131.3125,33.016666666666666]]]}},{"type":"Feature","id":"44208:493142252","properties":{"id":"44208:493142252","meshCode":"493142252","cityCode":"44208","city":"竹田市","lat":33.01875,"lon":131.321875,"areaKm2":0.2698494,"populated2020":false,"population2020":null,"populationNote":"境界またぎ・収録外等のため自治体内人口は未集計"},"geometry":{"type":"Polygon","coordinates":[[[131.31875,33.01666666666666],[131.31875,33.020833333333336],[131.325,33.020833333333336],[131.325,33.016666666666666],[131.31875,33.01666666666666]]]}},{"type":"Feature","id":"44208:493142261","properties":{"id":"44208:493142261","meshCode":"493142261","cityCode":"44208","city":"竹田市","lat":33.01875,"lon":131.328125,"areaKm2":0.2698494,"populated2020":false,"population2020":null,"populationNote":"境界またぎ・収録外等のため自治体内人口は未集計"},"geometry":{"type":"Polygon","coordinates":[[[131.325,33.016666666666666],[131.325,33.020833333333336],[131.33125,33.020833333333336],[131.33125,33.01666666666667],[131.325,33.016666666666666]]]}},{"type":"Feature","id":"44208:493142262","properties":{"id":"44208:493142262","meshCode":"493142262","cityCode":"44208","city":"竹田市","lat":33.01875,"lon":131.334375,"areaKm2":0.2698494,"populated2020":false,"population2020":null,"populationNote":"境界またぎ・収録外等のため自治体内人口は未集計"},"geometry":{"type":"Polygon","coordinates":[[[131.33125,33.01666666666667],[131.33125,33.020833333333336],[131.3375,33.020833333333336],[131.3375,33.01666666666666],[131.33125,33.01666666666667]]]}},{"type":"Feature","id":"44208:493142271","properties":{"id":"44208:493142271","meshCode":"493142271","cityCode":"44208","city":"竹田市","lat":33.01875,"lon":131.340625,"areaKm2":0.2698494,"populated2020":false,"population2020":null,"populationNote":"境界またぎ・収録外等のため自治体内人口は未集計"},"geometry":{"type":"Polygon","coordinates":[[[131.3375,33.01666666666666],[131.3375,33.020833333333336],[131.34375,33.02083333333334],[131.34375,33.01666666666667],[131.3375,33.01666666666666]]]}},{"type":"Feature","id":"44208:493142272","properties":{"id":"44208:493142272","meshCode":"493142272","cityCode":"44208","city":"竹田市","lat":33.01875,"lon":131.346875,"areaKm2":0.2698494,"populated2020":false,"population2020":null,"populationNote":"境界またぎ・収録外等のため自治体内人口は未集計"},"geometry":{"type":"Polygon","coordinates":[[[131.34375,33.01666666666667],[131.34375,33.02083333333334],[131.35,33.020833333333336],[131.35,33.01666666666667],[131.34375,33.01666666666667]]]}},{"type":"Feature","id":"44208:493142281","properties":{"id":"44208:493142281","meshCode":"493142281","cityCode":"44208","city":"竹田市","lat":33.01875,"lon":131.353125,"areaKm2":0.2698494,"populated2020":false,"population2020":null,"populationNote":"境界またぎ・収録外等のため自治体内人口は未集計"},"geometry":{"type":"Polygon","coordinates":[[[131.35,33.01666666666667],[131.35,33.020833333333336],[131.35625000000002,33.020833333333336],[131.35625000000002,33.016666666666666],[131.35,33.01666666666667]]]}},{"type":"Feature","id":"44208:493142282","properties":{"id":"44208:493142282","meshCode":"493142282","cityCode":"44208","city":"竹田市","lat":33.01875,"lon":131.359375,"areaKm2":0.2698494,"populated2020":false,"population2020":null,"populationNote":"境界またぎ・収録外等のため自治体内人口は未集計"},"geometry":{"type":"Polygon","coordinates":[[[131.35625000000002,33.016666666666666],[131.35625000000002,33.020833333333336],[131.3625,33.020833333333336],[131.3625,33.01666666666667],[131.35625000000002,33.016666666666666]]]}},{"type":"Feature","id":"44208:493142291","properties":{"id":"44208:493142291","meshCode":"493142291","cityCode":"44208","city":"竹田市","lat":33.01875,"lon":131.365625,"areaKm2":0.2698494,"populated2020":true,"population2020":3.0031,"populationNote":"2020年基準人口（国交省調整値）"},"geometry":{"type":"Polygon","coordinates":[[[131.3625,33.01666666666667],[131.3625,33.020833333333336],[131.36875,33.020833333333336],[131.36875,33.01666666666666],[131.3625,33.01666666666667]]]}},{"type":"Feature","id":"44208:493142292","properties":{"id":"44208:493142292","meshCode":"493142292","cityCode":"44208","city":"竹田市","lat":33.01875,"lon":131.371875,"areaKm2":0.2698494,"populated2020":true,"population2020":4.001,"populationNote":"2020年基準人口（国交省調整値）"},"geometry":{"type":"Polygon","coordinates":[[[131.36875,33.01666666666666],[131.36875,33.020833333333336],[131.375,33.020833333333336],[131.375,33.016666666666666],[131.36875,33.01666666666666]]]}},{"type":"Feature","id":"44208:493143201","properties":{"id":"44208:493143201","meshCode":"493143201","cityCode":"44208","city":"竹田市","lat":33.01875,"lon":131.378125,"areaKm2":0.2641693,"populated2020":false,"population2020":null,"populationNote":"境界またぎ・収録外等のため自治体内人口は未集計"},"geometry":{"type":"Polygon","coordinates":[[[131.38053951334163,33.020833333333336],[131.380666822,33.02052481100001],[131.38099766500002,33.020344261],[131.380889598,33.019820648999996],[131.38125,33.019080399403556],[131.38125,33.016666666666666],[131.375,33.016666666666666],[131.375,33.020833333333336],[131.38053951334163,33.020833333333336]]]}},{"type":"Feature","id":"44208:493143202","properties":{"id":"44208:493143202","meshCode":"493143202","cityCode":"44208","city":"竹田市","lat":33.0172209,"lon":131.3868949,"areaKm2":0.0224564,"populated2020":false,"population2020":null,"populationNote":"境界またぎ・収録外等のため自治体内人口は未集計"},"geometry":{"type":"MultiPolygon","coordinates":[[[[131.38125,33.019080399403556],[131.38149655,33.01845175700001],[131.381402374,33.017728423],[131.3822484312491,33.016666666666666],[131.38125,33.016666666666666],[131.38125,33.019080399403556]]],[[[131.38545674400004,33.016666667],[131.385682944,33.016883982],[131.386242114,33.017139261000004],[131.386917665,33.01768842300001],[131.387256278,33.017831756999996],[131.387429611,33.017763153],[131.3875,33.01752883464117],[131.387445162,33.01716564899999],[131.3875,33.016666666666666],[131.38545674400004,33.016666667]]]]}},{"type":"Feature","id":"44208:493143211","properties":{"id":"44208:493143211","meshCode":"493143211","cityCode":"44208","city":"竹田市","lat":33.0169359,"lon":131.3898515,"areaKm2":0.008211,"populated2020":false,"population2020":null,"populationNote":"境界またぎ・収録外等のため自治体内人口は未集計"},"geometry":{"type":"MultiPolygon","coordinates":[[[[131.387500454,33.017526757],[131.3875,33.017523791959256],[131.3875,33.01752883464117],[131.387500454,33.017526757]]],[[[131.387565824,33.016666666999996],[131.3875,33.016666666666666],[131.3875,33.01679668167829],[131.387565824,33.016666666999996]]],[[[131.388749948,33.01666666699999],[131.389430169,33.01715954099999],[131.389805175,33.01725370300001],[131.390419611,33.01712926100001],[131.39072815820526,33.016666666666666],[131.388749948,33.01666666699999]]]]}},{"type":"Feature","id":"44208:493141274","properties":{"id":"44208:493141274","meshCode":"493141274","cityCode":"44208","city":"竹田市","lat":33.0247892,"lon":131.2248908,"areaKm2":0.0009247,"populated2020":false,"population2020":null,"populationNote":"境界またぎ・収録外等のため自治体内人口は未集計"},"geometry":{"type":"Polygon","coordinates":[[[131.22499972800017,33.02448964000007],[131.22473585000012,33.02486581100003],[131.22472377400004,33.025],[131.225,33.025],[131.22499972800017,33.02448964000007]]]}},{"type":"Feature","id":"44208:493141283","properties":{"id":"44208:493141283","meshCode":"493141283","cityCode":"44208","city":"竹田市","lat":33.0229167,"lon":131.228125,"areaKm2":0.2479191,"populated2020":false,"population2020":null,"populationNote":"境界またぎ・収録外等のため自治体内人口は未集計"},"geometry":{"type":"Polygon","coordinates":[[[131.22532245100012,33.020940198],[131.22572468200008,33.021109649000095],[131.22586162100015,33.02127936900013],[131.22587107699997,33.022098270000065],[131.22579802899998,33.022583829000034],[131.22524054500002,33.02285355899994],[131.22516721099998,33.02299217100005],[131.22560609599998,33.02350856800007],[131.22556944200016,33.023708847000016],[131.225,33.024489297000294],[131.225,33.025],[131.23125,33.025],[131.23125,33.020833333333336],[131.22532245100012,33.020833333333336],[131.22532245100012,33.020940198]]]}},{"type":"Feature","id":"44208:493141284","properties":{"id":"44208:493141284","meshCode":"493141284","cityCode":"44208","city":"竹田市","lat":33.0229167,"lon":131.234375,"areaKm2":0.2698369,"populated2020":false,"population2020":null,"populationNote":"境界またぎ・収録外等のため自治体内人口は未集計"},"geometry":{"type":"Polygon","coordinates":[[[131.23125,33.020833333333336],[131.23125,33.025],[131.2375,33.025],[131.2375,33.02083333333333],[131.23125,33.020833333333336]]]}},{"type":"Feature","id":"44208:493141293","properties":{"id":"44208:493141293","meshCode":"493141293","cityCode":"44208","city":"竹田市","lat":33.0229167,"lon":131.240625,"areaKm2":0.2698369,"populated2020":false,"population2020":null,"populationNote":"境界またぎ・収録外等のため自治体内人口は未集計"},"geometry":{"type":"Polygon","coordinates":[[[131.2375,33.02083333333333],[131.2375,33.025],[131.24375,33.025],[131.24375,33.020833333333336],[131.2375,33.02083333333333]]]}},{"type":"Feature","id":"44208:493141294","properties":{"id":"44208:493141294","meshCode":"493141294","cityCode":"44208","city":"竹田市","lat":33.0229167,"lon":131.246875,"areaKm2":0.2698369,"populated2020":true,"population2020":1.9979,"populationNote":"2020年基準人口（国交省調整値）"},"geometry":{"type":"Polygon","coordinates":[[[131.24375,33.020833333333336],[131.24375,33.025],[131.25,33.025000000000006],[131.25,33.020833333333336],[131.24375,33.020833333333336]]]}},{"type":"Feature","id":"44208:493142203","properties":{"id":"44208:493142203","meshCode":"493142203","cityCode":"44208","city":"竹田市","lat":33.0229167,"lon":131.253125,"areaKm2":0.2698369,"populated2020":true,"population2020":22.0186,"populationNote":"2020年基準人口（国交省調整値）"},"geometry":{"type":"Polygon","coordinates":[[[131.25,33.020833333333336],[131.25,33.025000000000006],[131.25625,33.025],[131.25625,33.02083333333334],[131.25,33.020833333333336]]]}},{"type":"Feature","id":"44208:493142204","properties":{"id":"44208:493142204","meshCode":"493142204","cityCode":"44208","city":"竹田市","lat":33.0229167,"lon":131.259375,"areaKm2":0.2698369,"populated2020":true,"population2020":4.0172,"populationNote":"2020年基準人口（国交省調整値）"},"geometry":{"type":"Polygon","coordinates":[[[131.25625,33.02083333333334],[131.25625,33.025],[131.2625,33.025000000000006],[131.2625,33.020833333333336],[131.25625,33.02083333333334]]]}},{"type":"Feature","id":"44208:493142213","properties":{"id":"44208:493142213","meshCode":"493142213","cityCode":"44208","city":"竹田市","lat":33.0229167,"lon":131.265625,"areaKm2":0.2698369,"populated2020":false,"population2020":null,"populationNote":"境界またぎ・収録外等のため自治体内人口は未集計"},"geometry":{"type":"Polygon","coordinates":[[[131.2625,33.020833333333336],[131.2625,33.025000000000006],[131.26875,33.025],[131.26875,33.02083333333333],[131.2625,33.020833333333336]]]}},{"type":"Feature","id":"44208:493142214","properties":{"id":"44208:493142214","meshCode":"493142214","cityCode":"44208","city":"竹田市","lat":33.0229167,"lon":131.271875,"areaKm2":0.2698369,"populated2020":true,"population2020":9.0195,"populationNote":"2020年基準人口（国交省調整値）"},"geometry":{"type":"Polygon","coordinates":[[[131.26875,33.02083333333333],[131.26875,33.025],[131.275,33.02499999999999],[131.275,33.02083333333334],[131.26875,33.02083333333333]]]}},{"type":"Feature","id":"44208:493142223","properties":{"id":"44208:493142223","meshCode":"493142223","cityCode":"44208","city":"竹田市","lat":33.0229167,"lon":131.278125,"areaKm2":0.2698369,"populated2020":false,"population2020":null,"populationNote":"境界またぎ・収録外等のため自治体内人口は未集計"},"geometry":{"type":"Polygon","coordinates":[[[131.275,33.02083333333334],[131.275,33.02499999999999],[131.28125,33.02499999999999],[131.28125,33.020833333333336],[131.275,33.02083333333334]]]}},{"type":"Feature","id":"44208:493142224","properties":{"id":"44208:493142224","meshCode":"493142224","cityCode":"44208","city":"竹田市","lat":33.0229167,"lon":131.284375,"areaKm2":0.2698369,"populated2020":false,"population2020":null,"populationNote":"境界またぎ・収録外等のため自治体内人口は未集計"},"geometry":{"type":"Polygon","coordinates":[[[131.28125,33.020833333333336],[131.28125,33.02499999999999],[131.2875,33.025],[131.2875,33.020833333333336],[131.28125,33.020833333333336]]]}},{"type":"Feature","id":"44208:493142233","properties":{"id":"44208:493142233","meshCode":"493142233","cityCode":"44208","city":"竹田市","lat":33.0229167,"lon":131.290625,"areaKm2":0.2698369,"populated2020":true,"population2020":75.1812,"populationNote":"2020年基準人口（国交省調整値）"},"geometry":{"type":"Polygon","coordinates":[[[131.2875,33.020833333333336],[131.2875,33.025],[131.29375,33.025],[131.29375,33.020833333333336],[131.2875,33.020833333333336]]]}},{"type":"Feature","id":"44208:493142234","properties":{"id":"44208:493142234","meshCode":"493142234","cityCode":"44208","city":"竹田市","lat":33.0229167,"lon":131.296875,"areaKm2":0.2698369,"populated2020":true,"population2020":235.4309,"populationNote":"2020年基準人口（国交省調整値）"},"geometry":{"type":"Polygon","coordinates":[[[131.29375,33.020833333333336],[131.29375,33.025],[131.30000000000004,33.025],[131.30000000000004,33.02083333333334],[131.29375,33.020833333333336]]]}},{"type":"Feature","id":"44208:493142243","properties":{"id":"44208:493142243","meshCode":"493142243","cityCode":"44208","city":"竹田市","lat":33.0229167,"lon":131.303125,"areaKm2":0.2698369,"populated2020":true,"population2020":10.0128,"populationNote":"2020年基準人口（国交省調整値）"},"geometry":{"type":"Polygon","coordinates":[[[131.30000000000004,33.02083333333334],[131.30000000000004,33.025],[131.30625,33.02499999999999],[131.30625,33.020833333333336],[131.30000000000004,33.02083333333334]]]}},{"type":"Feature","id":"44208:493142244","properties":{"id":"44208:493142244","meshCode":"493142244","cityCode":"44208","city":"竹田市","lat":33.0229167,"lon":131.309375,"areaKm2":0.2698369,"populated2020":true,"population2020":17.0206,"populationNote":"2020年基準人口（国交省調整値）"},"geometry":{"type":"Polygon","coordinates":[[[131.30625,33.020833333333336],[131.30625,33.02499999999999],[131.3125,33.025],[131.3125,33.020833333333336],[131.30625,33.020833333333336]]]}},{"type":"Feature","id":"44208:493142253","properties":{"id":"44208:493142253","meshCode":"493142253","cityCode":"44208","city":"竹田市","lat":33.0229167,"lon":131.315625,"areaKm2":0.2698369,"populated2020":true,"population2020":20.0262,"populationNote":"2020年基準人口（国交省調整値）"},"geometry":{"type":"Polygon","coordinates":[[[131.3125,33.020833333333336],[131.3125,33.025],[131.31875,33.025000000000006],[131.31875,33.020833333333336],[131.3125,33.020833333333336]]]}},{"type":"Feature","id":"44208:493142254","properties":{"id":"44208:493142254","meshCode":"493142254","cityCode":"44208","city":"竹田市","lat":33.0229167,"lon":131.321875,"areaKm2":0.2698369,"populated2020":false,"population2020":null,"populationNote":"境界またぎ・収録外等のため自治体内人口は未集計"},"geometry":{"type":"Polygon","coordinates":[[[131.31875,33.020833333333336],[131.31875,33.025000000000006],[131.325,33.025],[131.325,33.020833333333336],[131.31875,33.020833333333336]]]}},{"type":"Feature","id":"44208:493142263","properties":{"id":"44208:493142263","meshCode":"493142263","cityCode":"44208","city":"竹田市","lat":33.0229167,"lon":131.328125,"areaKm2":0.2698369,"populated2020":false,"population2020":null,"populationNote":"境界またぎ・収録外等のため自治体内人口は未集計"},"geometry":{"type":"Polygon","coordinates":[[[131.325,33.020833333333336],[131.325,33.025],[131.33125,33.02499999999999],[131.33125,33.020833333333336],[131.325,33.020833333333336]]]}},{"type":"Feature","id":"44208:493142264","properties":{"id":"44208:493142264","meshCode":"493142264","cityCode":"44208","city":"竹田市","lat":33.0229167,"lon":131.334375,"areaKm2":0.2698369,"populated2020":false,"population2020":null,"populationNote":"境界またぎ・収録外等のため自治体内人口は未集計"},"geometry":{"type":"Polygon","coordinates":[[[131.33125,33.020833333333336],[131.33125,33.02499999999999],[131.3375,33.025],[131.3375,33.020833333333336],[131.33125,33.020833333333336]]]}},{"type":"Feature","id":"44208:493142273","properties":{"id":"44208:493142273","meshCode":"493142273","cityCode":"44208","city":"竹田市","lat":33.0229167,"lon":131.340625,"areaKm2":0.2698369,"populated2020":true,"population2020":7.0051,"populationNote":"2020年基準人口（国交省調整値）"},"geometry":{"type":"Polygon","coordinates":[[[131.3375,33.020833333333336],[131.3375,33.025],[131.34375,33.025],[131.34375,33.02083333333334],[131.3375,33.020833333333336]]]}},{"type":"Feature","id":"44208:493142274","properties":{"id":"44208:493142274","meshCode":"493142274","cityCode":"44208","city":"竹田市","lat":33.0229167,"lon":131.346875,"areaKm2":0.2698369,"populated2020":false,"population2020":null,"populationNote":"境界またぎ・収録外等のため自治体内人口は未集計"},"geometry":{"type":"Polygon","coordinates":[[[131.34375,33.02083333333334],[131.34375,33.025],[131.35,33.025],[131.35,33.020833333333336],[131.34375,33.02083333333334]]]}},{"type":"Feature","id":"44208:493142283","properties":{"id":"44208:493142283","meshCode":"493142283","cityCode":"44208","city":"竹田市","lat":33.0229167,"lon":131.353125,"areaKm2":0.2698369,"populated2020":true,"population2020":5.9993,"populationNote":"2020年基準人口（国交省調整値）"},"geometry":{"type":"Polygon","coordinates":[[[131.35,33.020833333333336],[131.35,33.025],[131.35625000000002,33.025],[131.35625000000002,33.020833333333336],[131.35,33.020833333333336]]]}},{"type":"Feature","id":"44208:493142284","properties":{"id":"44208:493142284","meshCode":"493142284","cityCode":"44208","city":"竹田市","lat":33.0229167,"lon":131.359375,"areaKm2":0.2698369,"populated2020":false,"population2020":null,"populationNote":"境界またぎ・収録外等のため自治体内人口は未集計"},"geometry":{"type":"Polygon","coordinates":[[[131.35625000000002,33.020833333333336],[131.35625000000002,33.025],[131.3625,33.02499999999999],[131.3625,33.020833333333336],[131.35625000000002,33.020833333333336]]]}},{"type":"Feature","id":"44208:493142293","properties":{"id":"44208:493142293","meshCode":"493142293","cityCode":"44208","city":"竹田市","lat":33.0229167,"lon":131.365625,"areaKm2":0.2698369,"populated2020":false,"population2020":null,"populationNote":"境界またぎ・収録外等のため自治体内人口は未集計"},"geometry":{"type":"Polygon","coordinates":[[[131.3625,33.020833333333336],[131.3625,33.02499999999999],[131.36875,33.025],[131.36875,33.020833333333336],[131.3625,33.020833333333336]]]}},{"type":"Feature","id":"44208:493142294","properties":{"id":"44208:493142294","meshCode":"493142294","cityCode":"44208","city":"竹田市","lat":33.0229167,"lon":131.371875,"areaKm2":0.2698369,"populated2020":false,"population2020":null,"populationNote":"境界またぎ・収録外等のため自治体内人口は未集計"},"geometry":{"type":"Polygon","coordinates":[[[131.36875,33.020833333333336],[131.36875,33.025],[131.375,33.025000000000006],[131.375,33.020833333333336],[131.36875,33.020833333333336]]]}},{"type":"Feature","id":"44208:493143203","properties":{"id":"44208:493143203","meshCode":"493143203","cityCode":"44208","city":"竹田市","lat":33.0229167,"lon":131.378125,"areaKm2":0.2340251,"populated2020":false,"population2020":null,"populationNote":"境界またぎ・収録外等のため自治体内人口は未集計"},"geometry":{"type":"Polygon","coordinates":[[[131.379298651,33.02499981100001],[131.379937665,33.023901477],[131.381190169,33.02251370300001],[131.380540713,33.021072315000005],[131.38053951334163,33.020833333333336],[131.375,33.020833333333336],[131.375,33.025000000000006],[131.379298651,33.02499981100001]]]}},{"type":"Feature","id":"44208:493141372","properties":{"id":"44208:493141372","meshCode":"493141372","cityCode":"44208","city":"竹田市","lat":33.027006,"lon":131.2242799,"areaKm2":0.060654,"populated2020":false,"population2020":null,"populationNote":"境界またぎ・収録外等のため自治体内人口は未集計"},"geometry":{"type":"Polygon","coordinates":[[[131.2247238,33.02500025200004],[131.224721025,33.02532115300005],[131.22439669300002,33.02564517999992],[131.22405337199996,33.02644722499997],[131.22345005199998,33.027117792999995],[131.2233678340001,33.02740251400001],[131.22348383899998,33.02767012599998],[131.2234683920001,33.027903631000015],[131.22338617399998,33.02806529700007],[131.22279451400004,33.02851419799998],[131.22192590100008,33.02897671200008],[131.22174317400288,33.02916666666667],[131.225,33.02916666666667],[131.225,33.025],[131.2247238,33.02500025200004]]]}},{"type":"Feature","id":"44208:493141381","properties":{"id":"44208:493141381","meshCode":"493141381","cityCode":"44208","city":"竹田市","lat":33.0270833,"lon":131.228125,"areaKm2":0.2698244,"populated2020":false,"population2020":null,"populationNote":"境界またぎ・収録外等のため自治体内人口は未集計"},"geometry":{"type":"Polygon","coordinates":[[[131.225,33.025],[131.225,33.02916666666667],[131.23125,33.02916666666667],[131.23125,33.025],[131.225,33.025]]]}},{"type":"Feature","id":"44208:493141382","properties":{"id":"44208:493141382","meshCode":"493141382","cityCode":"44208","city":"竹田市","lat":33.0270833,"lon":131.234375,"areaKm2":0.2698244,"populated2020":false,"population2020":null,"populationNote":"境界またぎ・収録外等のため自治体内人口は未集計"},"geometry":{"type":"Polygon","coordinates":[[[131.23125,33.025],[131.23125,33.02916666666667],[131.2375,33.02916666666667],[131.2375,33.025],[131.23125,33.025]]]}},{"type":"Feature","id":"44208:493141391","properties":{"id":"44208:493141391","meshCode":"493141391","cityCode":"44208","city":"竹田市","lat":33.0270833,"lon":131.240625,"areaKm2":0.2698244,"populated2020":true,"population2020":9.0556,"populationNote":"2020年基準人口（国交省調整値）"},"geometry":{"type":"Polygon","coordinates":[[[131.2375,33.025],[131.2375,33.02916666666667],[131.24375,33.02916666666667],[131.24375,33.025],[131.2375,33.025]]]}},{"type":"Feature","id":"44208:493141392","properties":{"id":"44208:493141392","meshCode":"493141392","cityCode":"44208","city":"竹田市","lat":33.0270833,"lon":131.246875,"areaKm2":0.2698244,"populated2020":false,"population2020":null,"populationNote":"境界またぎ・収録外等のため自治体内人口は未集計"},"geometry":{"type":"Polygon","coordinates":[[[131.24375,33.025],[131.24375,33.02916666666667],[131.25,33.02916666666667],[131.25,33.025000000000006],[131.24375,33.025]]]}},{"type":"Feature","id":"44208:493142301","properties":{"id":"44208:493142301","meshCode":"493142301","cityCode":"44208","city":"竹田市","lat":33.0270833,"lon":131.253125,"areaKm2":0.2698244,"populated2020":false,"population2020":null,"populationNote":"境界またぎ・収録外等のため自治体内人口は未集計"},"geometry":{"type":"Polygon","coordinates":[[[131.25,33.025000000000006],[131.25,33.02916666666667],[131.25625,33.02916666666667],[131.25625,33.025],[131.25,33.025000000000006]]]}},{"type":"Feature","id":"44208:493142302","properties":{"id":"44208:493142302","meshCode":"493142302","cityCode":"44208","city":"竹田市","lat":33.0270833,"lon":131.259375,"areaKm2":0.2698244,"populated2020":false,"population2020":null,"populationNote":"境界またぎ・収録外等のため自治体内人口は未集計"},"geometry":{"type":"Polygon","coordinates":[[[131.25625,33.025],[131.25625,33.02916666666667],[131.2625,33.02916666666667],[131.2625,33.025000000000006],[131.25625,33.025]]]}},{"type":"Feature","id":"44208:493142311","properties":{"id":"44208:493142311","meshCode":"493142311","cityCode":"44208","city":"竹田市","lat":33.0270833,"lon":131.265625,"areaKm2":0.2698244,"populated2020":true,"population2020":6.0092,"populationNote":"2020年基準人口（国交省調整値）"},"geometry":{"type":"Polygon","coordinates":[[[131.2625,33.025000000000006],[131.2625,33.02916666666667],[131.26875,33.02916666666667],[131.26875,33.025],[131.2625,33.025000000000006]]]}},{"type":"Feature","id":"44208:493142312","properties":{"id":"44208:493142312","meshCode":"493142312","cityCode":"44208","city":"竹田市","lat":33.0270833,"lon":131.271875,"areaKm2":0.2698244,"populated2020":true,"population2020":6.0213,"populationNote":"2020年基準人口（国交省調整値）"},"geometry":{"type":"Polygon","coordinates":[[[131.26875,33.025],[131.26875,33.02916666666667],[131.275,33.02916666666667],[131.275,33.02499999999999],[131.26875,33.025]]]}},{"type":"Feature","id":"44208:493142321","properties":{"id":"44208:493142321","meshCode":"493142321","cityCode":"44208","city":"竹田市","lat":33.0270833,"lon":131.278125,"areaKm2":0.2698244,"populated2020":false,"population2020":null,"populationNote":"境界またぎ・収録外等のため自治体内人口は未集計"},"geometry":{"type":"Polygon","coordinates":[[[131.275,33.02499999999999],[131.275,33.02916666666667],[131.28125,33.02916666666667],[131.28125,33.02499999999999],[131.275,33.02499999999999]]]}},{"type":"Feature","id":"44208:493142322","properties":{"id":"44208:493142322","meshCode":"493142322","cityCode":"44208","city":"竹田市","lat":33.0270833,"lon":131.284375,"areaKm2":0.2698244,"populated2020":true,"population2020":11.0219,"populationNote":"2020年基準人口（国交省調整値）"},"geometry":{"type":"Polygon","coordinates":[[[131.28125,33.02499999999999],[131.28125,33.02916666666667],[131.2875,33.02916666666667],[131.2875,33.025],[131.28125,33.02499999999999]]]}},{"type":"Feature","id":"44208:493142331","properties":{"id":"44208:493142331","meshCode":"493142331","cityCode":"44208","city":"竹田市","lat":33.0270833,"lon":131.290625,"areaKm2":0.2698244,"populated2020":true,"population2020":73.1321,"populationNote":"2020年基準人口（国交省調整値）"},"geometry":{"type":"Polygon","coordinates":[[[131.2875,33.025],[131.2875,33.02916666666667],[131.29375,33.02916666666667],[131.29375,33.025],[131.2875,33.025]]]}},{"type":"Feature","id":"44208:493142332","properties":{"id":"44208:493142332","meshCode":"493142332","cityCode":"44208","city":"竹田市","lat":33.0270833,"lon":131.296875,"areaKm2":0.2698244,"populated2020":true,"population2020":29.0618,"populationNote":"2020年基準人口（国交省調整値）"},"geometry":{"type":"Polygon","coordinates":[[[131.29375,33.025],[131.29375,33.02916666666667],[131.30000000000004,33.02916666666667],[131.30000000000004,33.025],[131.29375,33.025]]]}},{"type":"Feature","id":"44208:493142341","properties":{"id":"44208:493142341","meshCode":"493142341","cityCode":"44208","city":"竹田市","lat":33.0270833,"lon":131.303125,"areaKm2":0.2698244,"populated2020":true,"population2020":42.0864,"populationNote":"2020年基準人口（国交省調整値）"},"geometry":{"type":"Polygon","coordinates":[[[131.30000000000004,33.025],[131.30000000000004,33.02916666666667],[131.30625,33.02916666666667],[131.30625,33.02499999999999],[131.30000000000004,33.025]]]}},{"type":"Feature","id":"44208:493142342","properties":{"id":"44208:493142342","meshCode":"493142342","cityCode":"44208","city":"竹田市","lat":33.0270833,"lon":131.309375,"areaKm2":0.2698244,"populated2020":true,"population2020":12.0131,"populationNote":"2020年基準人口（国交省調整値）"},"geometry":{"type":"Polygon","coordinates":[[[131.30625,33.02499999999999],[131.30625,33.02916666666667],[131.3125,33.02916666666666],[131.3125,33.025],[131.30625,33.02499999999999]]]}},{"type":"Feature","id":"44208:493142351","properties":{"id":"44208:493142351","meshCode":"493142351","cityCode":"44208","city":"竹田市","lat":33.0270833,"lon":131.315625,"areaKm2":0.2698244,"populated2020":false,"population2020":null,"populationNote":"境界またぎ・収録外等のため自治体内人口は未集計"},"geometry":{"type":"Polygon","coordinates":[[[131.3125,33.025],[131.3125,33.02916666666666],[131.31875,33.02916666666666],[131.31875,33.025000000000006],[131.3125,33.025]]]}},{"type":"Feature","id":"44208:493142352","properties":{"id":"44208:493142352","meshCode":"493142352","cityCode":"44208","city":"竹田市","lat":33.0270833,"lon":131.321875,"areaKm2":0.2698244,"populated2020":true,"population2020":18.0127,"populationNote":"2020年基準人口（国交省調整値）"},"geometry":{"type":"Polygon","coordinates":[[[131.31875,33.025000000000006],[131.31875,33.02916666666666],[131.325,33.02916666666667],[131.325,33.025],[131.31875,33.025000000000006]]]}},{"type":"Feature","id":"44208:493142361","properties":{"id":"44208:493142361","meshCode":"493142361","cityCode":"44208","city":"竹田市","lat":33.0270833,"lon":131.328125,"areaKm2":0.2698244,"populated2020":false,"population2020":null,"populationNote":"境界またぎ・収録外等のため自治体内人口は未集計"},"geometry":{"type":"Polygon","coordinates":[[[131.325,33.025],[131.325,33.02916666666667],[131.33125,33.02916666666666],[131.33125,33.02499999999999],[131.325,33.025]]]}},{"type":"Feature","id":"44208:493142362","properties":{"id":"44208:493142362","meshCode":"493142362","cityCode":"44208","city":"竹田市","lat":33.0270833,"lon":131.334375,"areaKm2":0.2698244,"populated2020":false,"population2020":null,"populationNote":"境界またぎ・収録外等のため自治体内人口は未集計"},"geometry":{"type":"Polygon","coordinates":[[[131.33125,33.02499999999999],[131.33125,33.02916666666666],[131.3375,33.02916666666667],[131.3375,33.025],[131.33125,33.02499999999999]]]}},{"type":"Feature","id":"44208:493142371","properties":{"id":"44208:493142371","meshCode":"493142371","cityCode":"44208","city":"竹田市","lat":33.0270833,"lon":131.340625,"areaKm2":0.2698244,"populated2020":false,"population2020":null,"populationNote":"境界またぎ・収録外等のため自治体内人口は未集計"},"geometry":{"type":"Polygon","coordinates":[[[131.3375,33.025],[131.3375,33.02916666666667],[131.34375,33.02916666666666],[131.34375,33.025],[131.3375,33.025]]]}},{"type":"Feature","id":"44208:493142372","properties":{"id":"44208:493142372","meshCode":"493142372","cityCode":"44208","city":"竹田市","lat":33.0270833,"lon":131.346875,"areaKm2":0.2698244,"populated2020":true,"population2020":5.0361,"populationNote":"2020年基準人口（国交省調整値）"},"geometry":{"type":"Polygon","coordinates":[[[131.34375,33.025],[131.34375,33.02916666666666],[131.35,33.02916666666667],[131.35,33.025],[131.34375,33.025]]]}},{"type":"Feature","id":"44208:493142381","properties":{"id":"44208:493142381","meshCode":"493142381","cityCode":"44208","city":"竹田市","lat":33.0270833,"lon":131.353125,"areaKm2":0.2698244,"populated2020":true,"population2020":4.0001,"populationNote":"2020年基準人口（国交省調整値）"},"geometry":{"type":"Polygon","coordinates":[[[131.35,33.025],[131.35,33.02916666666667],[131.35625000000002,33.02916666666667],[131.35625000000002,33.025],[131.35,33.025]]]}},{"type":"Feature","id":"44208:493142382","properties":{"id":"44208:493142382","meshCode":"493142382","cityCode":"44208","city":"竹田市","lat":33.0270833,"lon":131.359375,"areaKm2":0.2698244,"populated2020":false,"population2020":null,"populationNote":"境界またぎ・収録外等のため自治体内人口は未集計"},"geometry":{"type":"Polygon","coordinates":[[[131.35625000000002,33.025],[131.35625000000002,33.02916666666667],[131.3625,33.02916666666666],[131.3625,33.02499999999999],[131.35625000000002,33.025]]]}},{"type":"Feature","id":"44208:493142391","properties":{"id":"44208:493142391","meshCode":"493142391","cityCode":"44208","city":"竹田市","lat":33.0270833,"lon":131.365625,"areaKm2":0.2698244,"populated2020":true,"population2020":4.0029,"populationNote":"2020年基準人口（国交省調整値）"},"geometry":{"type":"Polygon","coordinates":[[[131.3625,33.02499999999999],[131.3625,33.02916666666666],[131.36875,33.02916666666667],[131.36875,33.025],[131.3625,33.02499999999999]]]}},{"type":"Feature","id":"44208:493142392","properties":{"id":"44208:493142392","meshCode":"493142392","cityCode":"44208","city":"竹田市","lat":33.0270833,"lon":131.371875,"areaKm2":0.2698244,"populated2020":false,"population2020":null,"populationNote":"境界またぎ・収録外等のため自治体内人口は未集計"},"geometry":{"type":"Polygon","coordinates":[[[131.36875,33.025],[131.36875,33.02916666666667],[131.375,33.02916666666666],[131.375,33.025000000000006],[131.36875,33.025]]]}},{"type":"Feature","id":"44208:493143301","properties":{"id":"44208:493143301","meshCode":"493143301","cityCode":"44208","city":"竹田市","lat":33.0270833,"lon":131.378125,"areaKm2":0.1677628,"populated2020":false,"population2020":null,"populationNote":"境界またぎ・収録外等のため自治体内人口は未集計"},"geometry":{"type":"Polygon","coordinates":[[[131.379063541,33.028963703],[131.379000752,33.028465928],[131.378714086,33.027736477],[131.378517134,33.026517036],[131.378635188,33.026286757],[131.379169896,33.025946198],[131.379298586,33.025],[131.375,33.025000000000006],[131.375,33.02916666666666],[131.3790122568215,33.02916666666666],[131.379063541,33.028963703]]]}},{"type":"Feature","id":"44208:493141374","properties":{"id":"44208:493141374","meshCode":"493141374","cityCode":"44208","city":"竹田市","lat":33.03125,"lon":131.221875,"areaKm2":0.1691961,"populated2020":false,"population2020":null,"populationNote":"境界またぎ・収録外等のため自治体内人口は未集計"},"geometry":{"type":"Polygon","coordinates":[[[131.22174317400288,33.02916666666667],[131.22149752300015,33.02968727000006],[131.22112642000013,33.030030505000134],[131.22124064900004,33.03039450500007],[131.22122363200015,33.03069942300005],[131.22104343700005,33.031188523000026],[131.22105066099994,33.031673188999996],[131.22072845699995,33.03214342299998],[131.220692062,33.03235147700014],[131.22093071308018,33.03333333333333],[131.225,33.03333333333333],[131.225,33.02916666666667],[131.22174317400288,33.02916666666667]]]}},{"type":"Feature","id":"44208:493141383","properties":{"id":"44208:493141383","meshCode":"493141383","cityCode":"44208","city":"竹田市","lat":33.03125,"lon":131.228125,"areaKm2":0.2698118,"populated2020":false,"population2020":null,"populationNote":"境界またぎ・収録外等のため自治体内人口は未集計"},"geometry":{"type":"Polygon","coordinates":[[[131.225,33.02916666666667],[131.225,33.03333333333333],[131.23125,33.03333333333333],[131.23125,33.02916666666667],[131.225,33.02916666666667]]]}},{"type":"Feature","id":"44208:493141384","properties":{"id":"44208:493141384","meshCode":"493141384","cityCode":"44208","city":"竹田市","lat":33.03125,"lon":131.234375,"areaKm2":0.2698118,"populated2020":false,"population2020":null,"populationNote":"境界またぎ・収録外等のため自治体内人口は未集計"},"geometry":{"type":"Polygon","coordinates":[[[131.23125,33.02916666666667],[131.23125,33.03333333333333],[131.2375,33.033333333333324],[131.2375,33.02916666666667],[131.23125,33.02916666666667]]]}},{"type":"Feature","id":"44208:493141393","properties":{"id":"44208:493141393","meshCode":"493141393","cityCode":"44208","city":"竹田市","lat":33.03125,"lon":131.240625,"areaKm2":0.2698118,"populated2020":true,"population2020":22.4038,"populationNote":"2020年基準人口（国交省調整値）"},"geometry":{"type":"Polygon","coordinates":[[[131.2375,33.02916666666667],[131.2375,33.033333333333324],[131.24375,33.033333333333324],[131.24375,33.02916666666667],[131.2375,33.02916666666667]]]}},{"type":"Feature","id":"44208:493141394","properties":{"id":"44208:493141394","meshCode":"493141394","cityCode":"44208","city":"竹田市","lat":33.03125,"lon":131.246875,"areaKm2":0.2698118,"populated2020":false,"population2020":null,"populationNote":"境界またぎ・収録外等のため自治体内人口は未集計"},"geometry":{"type":"Polygon","coordinates":[[[131.24375,33.02916666666667],[131.24375,33.033333333333324],[131.25,33.033333333333324],[131.25,33.02916666666667],[131.24375,33.02916666666667]]]}},{"type":"Feature","id":"44208:493142303","properties":{"id":"44208:493142303","meshCode":"493142303","cityCode":"44208","city":"竹田市","lat":33.03125,"lon":131.253125,"areaKm2":0.2698118,"populated2020":false,"population2020":null,"populationNote":"境界またぎ・収録外等のため自治体内人口は未集計"},"geometry":{"type":"Polygon","coordinates":[[[131.25,33.02916666666667],[131.25,33.033333333333324],[131.25625,33.03333333333333],[131.25625,33.02916666666667],[131.25,33.02916666666667]]]}},{"type":"Feature","id":"44208:493142304","properties":{"id":"44208:493142304","meshCode":"493142304","cityCode":"44208","city":"竹田市","lat":33.03125,"lon":131.259375,"areaKm2":0.2698118,"populated2020":false,"population2020":null,"populationNote":"境界またぎ・収録外等のため自治体内人口は未集計"},"geometry":{"type":"Polygon","coordinates":[[[131.25625,33.02916666666667],[131.25625,33.03333333333333],[131.2625,33.03333333333333],[131.2625,33.02916666666667],[131.25625,33.02916666666667]]]}},{"type":"Feature","id":"44208:493142313","properties":{"id":"44208:493142313","meshCode":"493142313","cityCode":"44208","city":"竹田市","lat":33.03125,"lon":131.265625,"areaKm2":0.2698118,"populated2020":false,"population2020":null,"populationNote":"境界またぎ・収録外等のため自治体内人口は未集計"},"geometry":{"type":"Polygon","coordinates":[[[131.2625,33.02916666666667],[131.2625,33.03333333333333],[131.26875,33.03333333333333],[131.26875,33.02916666666667],[131.2625,33.02916666666667]]]}},{"type":"Feature","id":"44208:493142314","properties":{"id":"44208:493142314","meshCode":"493142314","cityCode":"44208","city":"竹田市","lat":33.03125,"lon":131.271875,"areaKm2":0.2698118,"populated2020":true,"population2020":35.1226,"populationNote":"2020年基準人口（国交省調整値）"},"geometry":{"type":"Polygon","coordinates":[[[131.26875,33.02916666666667],[131.26875,33.03333333333333],[131.275,33.03333333333333],[131.275,33.02916666666667],[131.26875,33.02916666666667]]]}},{"type":"Feature","id":"44208:493142323","properties":{"id":"44208:493142323","meshCode":"493142323","cityCode":"44208","city":"竹田市","lat":33.03125,"lon":131.278125,"areaKm2":0.2698118,"populated2020":true,"population2020":7.0182,"populationNote":"2020年基準人口（国交省調整値）"},"geometry":{"type":"Polygon","coordinates":[[[131.275,33.02916666666667],[131.275,33.03333333333333],[131.28125,33.03333333333334],[131.28125,33.02916666666667],[131.275,33.02916666666667]]]}},{"type":"Feature","id":"44208:493142324","properties":{"id":"44208:493142324","meshCode":"493142324","cityCode":"44208","city":"竹田市","lat":33.03125,"lon":131.284375,"areaKm2":0.2698118,"populated2020":true,"population2020":19.0259,"populationNote":"2020年基準人口（国交省調整値）"},"geometry":{"type":"Polygon","coordinates":[[[131.28125,33.02916666666667],[131.28125,33.03333333333334],[131.2875,33.033333333333324],[131.2875,33.02916666666667],[131.28125,33.02916666666667]]]}},{"type":"Feature","id":"44208:493142333","properties":{"id":"44208:493142333","meshCode":"493142333","cityCode":"44208","city":"竹田市","lat":33.03125,"lon":131.290625,"areaKm2":0.2698118,"populated2020":true,"population2020":25.9995,"populationNote":"2020年基準人口（国交省調整値）"},"geometry":{"type":"Polygon","coordinates":[[[131.2875,33.02916666666667],[131.2875,33.033333333333324],[131.29375,33.03333333333333],[131.29375,33.02916666666667],[131.2875,33.02916666666667]]]}},{"type":"Feature","id":"44208:493142334","properties":{"id":"44208:493142334","meshCode":"493142334","cityCode":"44208","city":"竹田市","lat":33.03125,"lon":131.296875,"areaKm2":0.2698118,"populated2020":false,"population2020":null,"populationNote":"境界またぎ・収録外等のため自治体内人口は未集計"},"geometry":{"type":"Polygon","coordinates":[[[131.29375,33.02916666666667],[131.29375,33.03333333333333],[131.30000000000004,33.033333333333324],[131.30000000000004,33.02916666666667],[131.29375,33.02916666666667]]]}},{"type":"Feature","id":"44208:493142343","properties":{"id":"44208:493142343","meshCode":"493142343","cityCode":"44208","city":"竹田市","lat":33.03125,"lon":131.303125,"areaKm2":0.2698118,"populated2020":true,"population2020":18.0048,"populationNote":"2020年基準人口（国交省調整値）"},"geometry":{"type":"Polygon","coordinates":[[[131.30000000000004,33.02916666666667],[131.30000000000004,33.033333333333324],[131.30625,33.033333333333324],[131.30625,33.02916666666667],[131.30000000000004,33.02916666666667]]]}},{"type":"Feature","id":"44208:493142344","properties":{"id":"44208:493142344","meshCode":"493142344","cityCode":"44208","city":"竹田市","lat":33.03125,"lon":131.309375,"areaKm2":0.2698118,"populated2020":true,"population2020":10.0126,"populationNote":"2020年基準人口（国交省調整値）"},"geometry":{"type":"Polygon","coordinates":[[[131.30625,33.02916666666667],[131.30625,33.033333333333324],[131.3125,33.03333333333333],[131.3125,33.02916666666666],[131.30625,33.02916666666667]]]}},{"type":"Feature","id":"44208:493142353","properties":{"id":"44208:493142353","meshCode":"493142353","cityCode":"44208","city":"竹田市","lat":33.03125,"lon":131.315625,"areaKm2":0.2698118,"populated2020":false,"population2020":null,"populationNote":"境界またぎ・収録外等のため自治体内人口は未集計"},"geometry":{"type":"Polygon","coordinates":[[[131.3125,33.02916666666666],[131.3125,33.03333333333333],[131.31875,33.03333333333333],[131.31875,33.02916666666666],[131.3125,33.02916666666666]]]}},{"type":"Feature","id":"44208:493142354","properties":{"id":"44208:493142354","meshCode":"493142354","cityCode":"44208","city":"竹田市","lat":33.03125,"lon":131.321875,"areaKm2":0.2698118,"populated2020":false,"population2020":null,"populationNote":"境界またぎ・収録外等のため自治体内人口は未集計"},"geometry":{"type":"Polygon","coordinates":[[[131.31875,33.02916666666666],[131.31875,33.03333333333333],[131.325,33.033333333333324],[131.325,33.02916666666667],[131.31875,33.02916666666666]]]}},{"type":"Feature","id":"44208:493142363","properties":{"id":"44208:493142363","meshCode":"493142363","cityCode":"44208","city":"竹田市","lat":33.03125,"lon":131.328125,"areaKm2":0.2698118,"populated2020":true,"population2020":10.0733,"populationNote":"2020年基準人口（国交省調整値）"},"geometry":{"type":"Polygon","coordinates":[[[131.325,33.02916666666667],[131.325,33.033333333333324],[131.33125,33.033333333333324],[131.33125,33.02916666666666],[131.325,33.02916666666667]]]}},{"type":"Feature","id":"44208:493142364","properties":{"id":"44208:493142364","meshCode":"493142364","cityCode":"44208","city":"竹田市","lat":33.03125,"lon":131.334375,"areaKm2":0.2698118,"populated2020":false,"population2020":null,"populationNote":"境界またぎ・収録外等のため自治体内人口は未集計"},"geometry":{"type":"Polygon","coordinates":[[[131.33125,33.02916666666666],[131.33125,33.033333333333324],[131.3375,33.03333333333333],[131.3375,33.02916666666667],[131.33125,33.02916666666666]]]}},{"type":"Feature","id":"44208:493142373","properties":{"id":"44208:493142373","meshCode":"493142373","cityCode":"44208","city":"竹田市","lat":33.03125,"lon":131.340625,"areaKm2":0.2698118,"populated2020":false,"population2020":null,"populationNote":"境界またぎ・収録外等のため自治体内人口は未集計"},"geometry":{"type":"Polygon","coordinates":[[[131.3375,33.02916666666667],[131.3375,33.03333333333333],[131.34375,33.03333333333333],[131.34375,33.02916666666666],[131.3375,33.02916666666667]]]}},{"type":"Feature","id":"44208:493142374","properties":{"id":"44208:493142374","meshCode":"493142374","cityCode":"44208","city":"竹田市","lat":33.03125,"lon":131.346875,"areaKm2":0.2698118,"populated2020":true,"population2020":2.0,"populationNote":"2020年基準人口（国交省調整値）"},"geometry":{"type":"Polygon","coordinates":[[[131.34375,33.02916666666666],[131.34375,33.03333333333333],[131.35,33.03333333333333],[131.35,33.02916666666667],[131.34375,33.02916666666666]]]}},{"type":"Feature","id":"44208:493142383","properties":{"id":"44208:493142383","meshCode":"493142383","cityCode":"44208","city":"竹田市","lat":33.03125,"lon":131.353125,"areaKm2":0.2698118,"populated2020":true,"population2020":3.001,"populationNote":"2020年基準人口（国交省調整値）"},"geometry":{"type":"Polygon","coordinates":[[[131.35,33.02916666666667],[131.35,33.03333333333333],[131.35625000000002,33.03333333333333],[131.35625000000002,33.02916666666667],[131.35,33.02916666666667]]]}},{"type":"Feature","id":"44208:493142384","properties":{"id":"44208:493142384","meshCode":"493142384","cityCode":"44208","city":"竹田市","lat":33.03125,"lon":131.359375,"areaKm2":0.2698118,"populated2020":true,"population2020":3.0378,"populationNote":"2020年基準人口（国交省調整値）"},"geometry":{"type":"Polygon","coordinates":[[[131.35625000000002,33.02916666666667],[131.35625000000002,33.03333333333333],[131.3625,33.033333333333324],[131.3625,33.02916666666666],[131.35625000000002,33.02916666666667]]]}},{"type":"Feature","id":"44208:493142393","properties":{"id":"44208:493142393","meshCode":"493142393","cityCode":"44208","city":"竹田市","lat":33.03125,"lon":131.365625,"areaKm2":0.2698118,"populated2020":false,"population2020":null,"populationNote":"境界またぎ・収録外等のため自治体内人口は未集計"},"geometry":{"type":"Polygon","coordinates":[[[131.3625,33.02916666666666],[131.3625,33.033333333333324],[131.36875,33.033333333333324],[131.36875,33.02916666666667],[131.3625,33.02916666666666]]]}},{"type":"Feature","id":"44208:493142394","properties":{"id":"44208:493142394","meshCode":"493142394","cityCode":"44208","city":"竹田市","lat":33.03125,"lon":131.371875,"areaKm2":0.2698118,"populated2020":false,"population2020":null,"populationNote":"境界またぎ・収録外等のため自治体内人口は未集計"},"geometry":{"type":"Polygon","coordinates":[[[131.36875,33.02916666666667],[131.36875,33.033333333333324],[131.375,33.033333333333324],[131.375,33.02916666666666],[131.36875,33.02916666666667]]]}},{"type":"Feature","id":"44208:493143303","properties":{"id":"44208:493143303","meshCode":"493143303","cityCode":"44208","city":"竹田市","lat":33.03125,"lon":131.378125,"areaKm2":0.2585151,"populated2020":false,"population2020":null,"populationNote":"境界またぎ・収録外等のため自治体内人口は未集計"},"geometry":{"type":"Polygon","coordinates":[[[131.381211051,33.02955759500001],[131.380442153,33.029492874],[131.380095486,33.029785369],[131.379819935,33.029785368999995],[131.378811595,33.029592315],[131.3790122568215,33.02916666666666],[131.375,33.02916666666666],[131.375,33.033333333333324],[131.38125,33.03333333333333],[131.381211051,33.02955759500001]]]}},{"type":"Feature","id":"44208:493143304","properties":{"id":"44208:493143304","meshCode":"493143304","cityCode":"44208","city":"竹田市","lat":33.03125,"lon":131.384375,"areaKm2":0.1863857,"populated2020":false,"population2020":null,"populationNote":"境界またぎ・収録外等のため自治体内人口は未集計"},"geometry":{"type":"Polygon","coordinates":[[[131.387451608,33.030891757],[131.385576057,33.030727036],[131.385072166,33.030745649],[131.384591608,33.030583981999996],[131.382969105,33.030608703],[131.382770493,33.030515928],[131.382644656,33.029974541],[131.382463554,33.029750369],[131.382187717,33.029625927999994],[131.38125,33.02956272073131],[131.38125,33.03333333333333],[131.3875,33.033333333333324],[131.387451608,33.030891757]]]}},{"type":"Feature","id":"44208:493143313","properties":{"id":"44208:493143313","meshCode":"493143313","cityCode":"44208","city":"竹田市","lat":33.0319973,"lon":131.389773,"areaKm2":0.1003445,"populated2020":false,"population2020":null,"populationNote":"境界またぎ・収録外等のため自治体内人口は未集計"},"geometry":{"type":"Polygon","coordinates":[[[131.391934773,33.033333333],[131.391984942,33.032204261],[131.392162166,33.031510369],[131.392114942,33.031149261],[131.391594942,33.031118153],[131.390964942,33.031198982],[131.390303268,33.03142926100001],[131.389538833,33.03122148599999],[131.388199663,33.031115649],[131.3875,33.03090319462865],[131.3875,33.033333333333324],[131.391934773,33.033333333]]]}},{"type":"Feature","id":"44208:493141472","properties":{"id":"44208:493141472","meshCode":"493141472","cityCode":"44208","city":"竹田市","lat":33.0354167,"lon":131.221875,"areaKm2":0.2109921,"populated2020":false,"population2020":null,"populationNote":"境界またぎ・収録外等のため自治体内人口は未集計"},"geometry":{"type":"Polygon","coordinates":[[[131.2209308040001,33.033333711999944],[131.22079236100012,33.03374149500007],[131.22085652400017,33.033910946000105],[131.22078347599995,33.034134559000044],[131.22046347599996,33.03438095500002],[131.22018959800005,33.03531707200011],[131.22022627800004,33.03589485600015],[131.2196519460001,33.03615234199992],[131.21936153000013,33.036805378000004],[131.21927184200013,33.03726877500003],[131.2194885293246,33.0375],[131.225,33.03750000000001],[131.225,33.03333333333333],[131.2209308040001,33.033333711999944]]]}},{"type":"Feature","id":"44208:493141481","properties":{"id":"44208:493141481","meshCode":"493141481","cityCode":"44208","city":"竹田市","lat":33.0354167,"lon":131.228125,"areaKm2":0.2697993,"populated2020":false,"population2020":null,"populationNote":"境界またぎ・収録外等のため自治体内人口は未集計"},"geometry":{"type":"Polygon","coordinates":[[[131.225,33.03333333333333],[131.225,33.03750000000001],[131.23125,33.037499999999994],[131.23125,33.03333333333333],[131.225,33.03333333333333]]]}},{"type":"Feature","id":"44208:493141482","properties":{"id":"44208:493141482","meshCode":"493141482","cityCode":"44208","city":"竹田市","lat":33.0354167,"lon":131.234375,"areaKm2":0.2697993,"populated2020":false,"population2020":null,"populationNote":"境界またぎ・収録外等のため自治体内人口は未集計"},"geometry":{"type":"Polygon","coordinates":[[[131.23125,33.03333333333333],[131.23125,33.037499999999994],[131.2375,33.0375],[131.2375,33.033333333333324],[131.23125,33.03333333333333]]]}},{"type":"Feature","id":"44208:493141491","properties":{"id":"44208:493141491","meshCode":"493141491","cityCode":"44208","city":"竹田市","lat":33.0354167,"lon":131.240625,"areaKm2":0.2697993,"populated2020":false,"population2020":null,"populationNote":"境界またぎ・収録外等のため自治体内人口は未集計"},"geometry":{"type":"Polygon","coordinates":[[[131.2375,33.033333333333324],[131.2375,33.0375],[131.24375,33.0375],[131.24375,33.033333333333324],[131.2375,33.033333333333324]]]}},{"type":"Feature","id":"44208:493141492","properties":{"id":"44208:493141492","meshCode":"493141492","cityCode":"44208","city":"竹田市","lat":33.0354167,"lon":131.246875,"areaKm2":0.2697993,"populated2020":true,"population2020":12.1854,"populationNote":"2020年基準人口（国交省調整値）"},"geometry":{"type":"Polygon","coordinates":[[[131.24375,33.033333333333324],[131.24375,33.0375],[131.25,33.0375],[131.25,33.033333333333324],[131.24375,33.033333333333324]]]}},{"type":"Feature","id":"44208:493142401","properties":{"id":"44208:493142401","meshCode":"493142401","cityCode":"44208","city":"竹田市","lat":33.0354167,"lon":131.253125,"areaKm2":0.2697993,"populated2020":true,"population2020":3.0024,"populationNote":"2020年基準人口（国交省調整値）"},"geometry":{"type":"Polygon","coordinates":[[[131.25,33.033333333333324],[131.25,33.0375],[131.25625,33.03750000000001],[131.25625,33.03333333333333],[131.25,33.033333333333324]]]}},{"type":"Feature","id":"44208:493142402","properties":{"id":"44208:493142402","meshCode":"493142402","cityCode":"44208","city":"竹田市","lat":33.0354167,"lon":131.259375,"areaKm2":0.2697993,"populated2020":false,"population2020":null,"populationNote":"境界またぎ・収録外等のため自治体内人口は未集計"},"geometry":{"type":"Polygon","coordinates":[[[131.25625,33.03333333333333],[131.25625,33.03750000000001],[131.2625,33.0375],[131.2625,33.03333333333333],[131.25625,33.03333333333333]]]}},{"type":"Feature","id":"44208:493142411","properties":{"id":"44208:493142411","meshCode":"493142411","cityCode":"44208","city":"竹田市","lat":33.0354167,"lon":131.265625,"areaKm2":0.2697993,"populated2020":false,"population2020":null,"populationNote":"境界またぎ・収録外等のため自治体内人口は未集計"},"geometry":{"type":"Polygon","coordinates":[[[131.2625,33.03333333333333],[131.2625,33.0375],[131.26875,33.03750000000001],[131.26875,33.03333333333333],[131.2625,33.03333333333333]]]}},{"type":"Feature","id":"44208:493142412","properties":{"id":"44208:493142412","meshCode":"493142412","cityCode":"44208","city":"竹田市","lat":33.0354167,"lon":131.271875,"areaKm2":0.2697993,"populated2020":false,"population2020":null,"populationNote":"境界またぎ・収録外等のため自治体内人口は未集計"},"geometry":{"type":"Polygon","coordinates":[[[131.26875,33.03333333333333],[131.26875,33.03750000000001],[131.275,33.037499999999994],[131.275,33.03333333333333],[131.26875,33.03333333333333]]]}},{"type":"Feature","id":"44208:493142421","properties":{"id":"44208:493142421","meshCode":"493142421","cityCode":"44208","city":"竹田市","lat":33.0354167,"lon":131.278125,"areaKm2":0.2697993,"populated2020":true,"population2020":21.0238,"populationNote":"2020年基準人口（国交省調整値）"},"geometry":{"type":"Polygon","coordinates":[[[131.275,33.03333333333333],[131.275,33.037499999999994],[131.28125,33.03750000000001],[131.28125,33.03333333333334],[131.275,33.03333333333333]]]}},{"type":"Feature","id":"44208:493142422","properties":{"id":"44208:493142422","meshCode":"493142422","cityCode":"44208","city":"竹田市","lat":33.0354167,"lon":131.284375,"areaKm2":0.2697993,"populated2020":true,"population2020":11.008,"populationNote":"2020年基準人口（国交省調整値）"},"geometry":{"type":"Polygon","coordinates":[[[131.28125,33.03333333333334],[131.28125,33.03750000000001],[131.2875,33.0375],[131.2875,33.033333333333324],[131.28125,33.03333333333334]]]}},{"type":"Feature","id":"44208:493142431","properties":{"id":"44208:493142431","meshCode":"493142431","cityCode":"44208","city":"竹田市","lat":33.0354167,"lon":131.290625,"areaKm2":0.2697993,"populated2020":false,"population2020":null,"populationNote":"境界またぎ・収録外等のため自治体内人口は未集計"},"geometry":{"type":"Polygon","coordinates":[[[131.2875,33.033333333333324],[131.2875,33.0375],[131.29375,33.0375],[131.29375,33.03333333333333],[131.2875,33.033333333333324]]]}},{"type":"Feature","id":"44208:493142432","properties":{"id":"44208:493142432","meshCode":"493142432","cityCode":"44208","city":"竹田市","lat":33.0354167,"lon":131.296875,"areaKm2":0.2697993,"populated2020":false,"population2020":null,"populationNote":"境界またぎ・収録外等のため自治体内人口は未集計"},"geometry":{"type":"Polygon","coordinates":[[[131.29375,33.03333333333333],[131.29375,33.0375],[131.30000000000004,33.03750000000001],[131.30000000000004,33.033333333333324],[131.29375,33.03333333333333]]]}},{"type":"Feature","id":"44208:493142441","properties":{"id":"44208:493142441","meshCode":"493142441","cityCode":"44208","city":"竹田市","lat":33.0354167,"lon":131.303125,"areaKm2":0.2697993,"populated2020":true,"population2020":22.0955,"populationNote":"2020年基準人口（国交省調整値）"},"geometry":{"type":"Polygon","coordinates":[[[131.30000000000004,33.033333333333324],[131.30000000000004,33.03750000000001],[131.30625,33.0375],[131.30625,33.033333333333324],[131.30000000000004,33.033333333333324]]]}},{"type":"Feature","id":"44208:493142442","properties":{"id":"44208:493142442","meshCode":"493142442","cityCode":"44208","city":"竹田市","lat":33.0354167,"lon":131.309375,"areaKm2":0.2697993,"populated2020":true,"population2020":16.0683,"populationNote":"2020年基準人口（国交省調整値）"},"geometry":{"type":"Polygon","coordinates":[[[131.30625,33.033333333333324],[131.30625,33.0375],[131.3125,33.0375],[131.3125,33.03333333333333],[131.30625,33.033333333333324]]]}},{"type":"Feature","id":"44208:493142451","properties":{"id":"44208:493142451","meshCode":"493142451","cityCode":"44208","city":"竹田市","lat":33.0354167,"lon":131.315625,"areaKm2":0.2697993,"populated2020":false,"population2020":null,"populationNote":"境界またぎ・収録外等のため自治体内人口は未集計"},"geometry":{"type":"Polygon","coordinates":[[[131.3125,33.03333333333333],[131.3125,33.0375],[131.31875,33.0375],[131.31875,33.03333333333333],[131.3125,33.03333333333333]]]}},{"type":"Feature","id":"44208:493142452","properties":{"id":"44208:493142452","meshCode":"493142452","cityCode":"44208","city":"竹田市","lat":33.0354167,"lon":131.321875,"areaKm2":0.2697993,"populated2020":false,"population2020":null,"populationNote":"境界またぎ・収録外等のため自治体内人口は未集計"},"geometry":{"type":"Polygon","coordinates":[[[131.31875,33.03333333333333],[131.31875,33.0375],[131.325,33.03750000000001],[131.325,33.033333333333324],[131.31875,33.03333333333333]]]}},{"type":"Feature","id":"44208:493142461","properties":{"id":"44208:493142461","meshCode":"493142461","cityCode":"44208","city":"竹田市","lat":33.0354167,"lon":131.328125,"areaKm2":0.2697993,"populated2020":true,"population2020":4.0072,"populationNote":"2020年基準人口（国交省調整値）"},"geometry":{"type":"Polygon","coordinates":[[[131.325,33.033333333333324],[131.325,33.03750000000001],[131.33125,33.0375],[131.33125,33.033333333333324],[131.325,33.033333333333324]]]}},{"type":"Feature","id":"44208:493142462","properties":{"id":"44208:493142462","meshCode":"493142462","cityCode":"44208","city":"竹田市","lat":33.0354167,"lon":131.334375,"areaKm2":0.2697993,"populated2020":true,"population2020":36.0283,"populationNote":"2020年基準人口（国交省調整値）"},"geometry":{"type":"Polygon","coordinates":[[[131.33125,33.033333333333324],[131.33125,33.0375],[131.3375,33.0375],[131.3375,33.03333333333333],[131.33125,33.033333333333324]]]}},{"type":"Feature","id":"44208:493142471","properties":{"id":"44208:493142471","meshCode":"493142471","cityCode":"44208","city":"竹田市","lat":33.0354167,"lon":131.340625,"areaKm2":0.2697993,"populated2020":true,"population2020":3.0,"populationNote":"2020年基準人口（国交省調整値）"},"geometry":{"type":"Polygon","coordinates":[[[131.3375,33.03333333333333],[131.3375,33.0375],[131.34375,33.0375],[131.34375,33.03333333333333],[131.3375,33.03333333333333]]]}},{"type":"Feature","id":"44208:493142472","properties":{"id":"44208:493142472","meshCode":"493142472","cityCode":"44208","city":"竹田市","lat":33.0354167,"lon":131.346875,"areaKm2":0.2697993,"populated2020":true,"population2020":2.0029,"populationNote":"2020年基準人口（国交省調整値）"},"geometry":{"type":"Polygon","coordinates":[[[131.34375,33.03333333333333],[131.34375,33.0375],[131.35,33.0375],[131.35,33.03333333333333],[131.34375,33.03333333333333]]]}},{"type":"Feature","id":"44208:493142481","properties":{"id":"44208:493142481","meshCode":"493142481","cityCode":"44208","city":"竹田市","lat":33.0354167,"lon":131.353125,"areaKm2":0.2697993,"populated2020":true,"population2020":7.0052,"populationNote":"2020年基準人口（国交省調整値）"},"geometry":{"type":"Polygon","coordinates":[[[131.35,33.03333333333333],[131.35,33.0375],[131.35625000000002,33.0375],[131.35625000000002,33.03333333333333],[131.35,33.03333333333333]]]}},{"type":"Feature","id":"44208:493142482","properties":{"id":"44208:493142482","meshCode":"493142482","cityCode":"44208","city":"竹田市","lat":33.0354167,"lon":131.359375,"areaKm2":0.2697993,"populated2020":false,"population2020":null,"populationNote":"境界またぎ・収録外等のため自治体内人口は未集計"},"geometry":{"type":"Polygon","coordinates":[[[131.35625000000002,33.03333333333333],[131.35625000000002,33.0375],[131.3625,33.0375],[131.3625,33.033333333333324],[131.35625000000002,33.03333333333333]]]}},{"type":"Feature","id":"44208:493142491","properties":{"id":"44208:493142491","meshCode":"493142491","cityCode":"44208","city":"竹田市","lat":33.0354167,"lon":131.365625,"areaKm2":0.2697993,"populated2020":false,"population2020":null,"populationNote":"境界またぎ・収録外等のため自治体内人口は未集計"},"geometry":{"type":"Polygon","coordinates":[[[131.3625,33.033333333333324],[131.3625,33.0375],[131.36875,33.0375],[131.36875,33.033333333333324],[131.3625,33.033333333333324]]]}},{"type":"Feature","id":"44208:493142492","properties":{"id":"44208:493142492","meshCode":"493142492","cityCode":"44208","city":"竹田市","lat":33.0354167,"lon":131.371875,"areaKm2":0.2697993,"populated2020":true,"population2020":2.0037,"populationNote":"2020年基準人口（国交省調整値）"},"geometry":{"type":"Polygon","coordinates":[[[131.36875,33.033333333333324],[131.36875,33.0375],[131.375,33.0375],[131.375,33.033333333333324],[131.36875,33.033333333333324]]]}},{"type":"Feature","id":"44208:493143401","properties":{"id":"44208:493143401","meshCode":"493143401","cityCode":"44208","city":"竹田市","lat":33.0354167,"lon":131.378125,"areaKm2":0.2697993,"populated2020":true,"population2020":3.0032,"populationNote":"2020年基準人口（国交省調整値）"},"geometry":{"type":"Polygon","coordinates":[[[131.375,33.033333333333324],[131.375,33.0375],[131.38125,33.0375],[131.38125,33.03333333333333],[131.375,33.033333333333324]]]}},{"type":"Feature","id":"44208:493143402","properties":{"id":"44208:493143402","meshCode":"493143402","cityCode":"44208","city":"竹田市","lat":33.0354167,"lon":131.384375,"areaKm2":0.2697993,"populated2020":false,"population2020":null,"populationNote":"境界またぎ・収録外等のため自治体内人口は未集計"},"geometry":{"type":"Polygon","coordinates":[[[131.38125,33.03333333333333],[131.38125,33.0375],[131.3875,33.0375],[131.3875,33.033333333333324],[131.38125,33.03333333333333]]]}},{"type":"Feature","id":"44208:493143411","properties":{"id":"44208:493143411","meshCode":"493143411","cityCode":"44208","city":"竹田市","lat":33.0354167,"lon":131.390625,"areaKm2":0.1418999,"populated2020":false,"population2020":null,"populationNote":"境界またぎ・収録外等のため自治体内人口は未集計"},"geometry":{"type":"Polygon","coordinates":[[[131.38854524,33.037467883],[131.38861607,33.037268712],[131.389135785,33.037038432],[131.390120233,33.036353991],[131.391091621,33.035468982],[131.39191856,33.034255649],[131.39193477300236,33.03333333333333],[131.3875,33.033333333333324],[131.3875,33.0375],[131.38854524,33.037467883]]]}},{"type":"Feature","id":"44208:493141473","properties":{"id":"44208:493141473","meshCode":"493141473","cityCode":"44208","city":"竹田市","lat":33.0412666,"lon":131.2186626,"areaKm2":0.0016377,"populated2020":false,"population2020":null,"populationNote":"境界またぎ・収録外等のため自治体内人口は未集計"},"geometry":{"type":"Polygon","coordinates":[[[131.218400506,33.041417441000135],[131.21825918313547,33.041666666666664],[131.21875,33.041666666666664],[131.21875,33.04111585384165],[131.218400506,33.041417441000135]]]}},{"type":"Feature","id":"44208:493141474","properties":{"id":"44208:493141474","meshCode":"493141474","cityCode":"44208","city":"竹田市","lat":33.0395833,"lon":131.221875,"areaKm2":0.2484814,"populated2020":false,"population2020":null,"populationNote":"境界またぎ・収録外等のため自治体内人口は未集計"},"geometry":{"type":"Polygon","coordinates":[[[131.21953998699996,33.03755490999998],[131.21942953300015,33.03837373000005],[131.21960797700012,33.03865147700003],[131.21965237400002,33.03915873900008],[131.21940290500004,33.03943107199995],[131.21939862500005,33.03965363100003],[131.21916179000004,33.04000610800012],[131.21882565500005,33.04026419799999],[131.21896411200012,33.04060714399992],[131.21893688700004,33.04083798200003],[131.21875,33.04111585384165],[131.21875,33.041666666666664],[131.225,33.04166666666667],[131.225,33.03750000000001],[131.2194885293246,33.0375],[131.21953998699996,33.03755490999998]]]}},{"type":"Feature","id":"44208:493141483","properties":{"id":"44208:493141483","meshCode":"493141483","cityCode":"44208","city":"竹田市","lat":33.0395833,"lon":131.228125,"areaKm2":0.2697868,"populated2020":false,"population2020":null,"populationNote":"境界またぎ・収録外等のため自治体内人口は未集計"},"geometry":{"type":"Polygon","coordinates":[[[131.225,33.03750000000001],[131.225,33.04166666666667],[131.23125,33.041666666666664],[131.23125,33.037499999999994],[131.225,33.03750000000001]]]}},{"type":"Feature","id":"44208:493141484","properties":{"id":"44208:493141484","meshCode":"493141484","cityCode":"44208","city":"竹田市","lat":33.0395833,"lon":131.234375,"areaKm2":0.2697868,"populated2020":false,"population2020":null,"populationNote":"境界またぎ・収録外等のため自治体内人口は未集計"},"geometry":{"type":"Polygon","coordinates":[[[131.23125,33.037499999999994],[131.23125,33.041666666666664],[131.2375,33.04166666666667],[131.2375,33.0375],[131.23125,33.037499999999994]]]}},{"type":"Feature","id":"44208:493141493","properties":{"id":"44208:493141493","meshCode":"493141493","cityCode":"44208","city":"竹田市","lat":33.0395833,"lon":131.240625,"areaKm2":0.2697868,"populated2020":false,"population2020":null,"populationNote":"境界またぎ・収録外等のため自治体内人口は未集計"},"geometry":{"type":"Polygon","coordinates":[[[131.2375,33.0375],[131.2375,33.04166666666667],[131.24375,33.041666666666664],[131.24375,33.0375],[131.2375,33.0375]]]}},{"type":"Feature","id":"44208:493141494","properties":{"id":"44208:493141494","meshCode":"493141494","cityCode":"44208","city":"竹田市","lat":33.0395833,"lon":131.246875,"areaKm2":0.2697868,"populated2020":false,"population2020":null,"populationNote":"境界またぎ・収録外等のため自治体内人口は未集計"},"geometry":{"type":"Polygon","coordinates":[[[131.24375,33.0375],[131.24375,33.041666666666664],[131.25,33.041666666666664],[131.25,33.0375],[131.24375,33.0375]]]}},{"type":"Feature","id":"44208:493142403","properties":{"id":"44208:493142403","meshCode":"493142403","cityCode":"44208","city":"竹田市","lat":33.0395833,"lon":131.253125,"areaKm2":0.2697868,"populated2020":false,"population2020":null,"populationNote":"境界またぎ・収録外等のため自治体内人口は未集計"},"geometry":{"type":"Polygon","coordinates":[[[131.25,33.0375],[131.25,33.041666666666664],[131.25625,33.041666666666664],[131.25625,33.03750000000001],[131.25,33.0375]]]}},{"type":"Feature","id":"44208:493142404","properties":{"id":"44208:493142404","meshCode":"493142404","cityCode":"44208","city":"竹田市","lat":33.0395833,"lon":131.259375,"areaKm2":0.2697868,"populated2020":false,"population2020":null,"populationNote":"境界またぎ・収録外等のため自治体内人口は未集計"},"geometry":{"type":"Polygon","coordinates":[[[131.25625,33.03750000000001],[131.25625,33.041666666666664],[131.2625,33.041666666666664],[131.2625,33.0375],[131.25625,33.03750000000001]]]}},{"type":"Feature","id":"44208:493142413","properties":{"id":"44208:493142413","meshCode":"493142413","cityCode":"44208","city":"竹田市","lat":33.0395833,"lon":131.265625,"areaKm2":0.2697868,"populated2020":false,"population2020":null,"populationNote":"境界またぎ・収録外等のため自治体内人口は未集計"},"geometry":{"type":"Polygon","coordinates":[[[131.2625,33.0375],[131.2625,33.041666666666664],[131.26875,33.04166666666667],[131.26875,33.03750000000001],[131.2625,33.0375]]]}},{"type":"Feature","id":"44208:493142414","properties":{"id":"44208:493142414","meshCode":"493142414","cityCode":"44208","city":"竹田市","lat":33.0395833,"lon":131.271875,"areaKm2":0.2697868,"populated2020":false,"population2020":null,"populationNote":"境界またぎ・収録外等のため自治体内人口は未集計"},"geometry":{"type":"Polygon","coordinates":[[[131.26875,33.03750000000001],[131.26875,33.04166666666667],[131.275,33.041666666666664],[131.275,33.037499999999994],[131.26875,33.03750000000001]]]}},{"type":"Feature","id":"44208:493142423","properties":{"id":"44208:493142423","meshCode":"493142423","cityCode":"44208","city":"竹田市","lat":33.0395833,"lon":131.278125,"areaKm2":0.2697868,"populated2020":true,"population2020":11.9946,"populationNote":"2020年基準人口（国交省調整値）"},"geometry":{"type":"Polygon","coordinates":[[[131.275,33.037499999999994],[131.275,33.041666666666664],[131.28125,33.041666666666664],[131.28125,33.03750000000001],[131.275,33.037499999999994]]]}},{"type":"Feature","id":"44208:493142424","properties":{"id":"44208:493142424","meshCode":"493142424","cityCode":"44208","city":"竹田市","lat":33.0395833,"lon":131.284375,"areaKm2":0.2697868,"populated2020":true,"population2020":15.0319,"populationNote":"2020年基準人口（国交省調整値）"},"geometry":{"type":"Polygon","coordinates":[[[131.28125,33.03750000000001],[131.28125,33.041666666666664],[131.2875,33.041666666666664],[131.2875,33.0375],[131.28125,33.03750000000001]]]}},{"type":"Feature","id":"44208:493142433","properties":{"id":"44208:493142433","meshCode":"493142433","cityCode":"44208","city":"竹田市","lat":33.0395833,"lon":131.290625,"areaKm2":0.2697868,"populated2020":false,"population2020":null,"populationNote":"境界またぎ・収録外等のため自治体内人口は未集計"},"geometry":{"type":"Polygon","coordinates":[[[131.2875,33.0375],[131.2875,33.041666666666664],[131.29375,33.041666666666664],[131.29375,33.0375],[131.2875,33.0375]]]}},{"type":"Feature","id":"44208:493142434","properties":{"id":"44208:493142434","meshCode":"493142434","cityCode":"44208","city":"竹田市","lat":33.0395833,"lon":131.296875,"areaKm2":0.2697868,"populated2020":true,"population2020":9.0505,"populationNote":"2020年基準人口（国交省調整値）"},"geometry":{"type":"Polygon","coordinates":[[[131.29375,33.0375],[131.29375,33.041666666666664],[131.30000000000004,33.041666666666664],[131.30000000000004,33.03750000000001],[131.29375,33.0375]]]}},{"type":"Feature","id":"44208:493142443","properties":{"id":"44208:493142443","meshCode":"493142443","cityCode":"44208","city":"竹田市","lat":33.0395833,"lon":131.303125,"areaKm2":0.2697868,"populated2020":true,"population2020":5.0118,"populationNote":"2020年基準人口（国交省調整値）"},"geometry":{"type":"Polygon","coordinates":[[[131.30000000000004,33.03750000000001],[131.30000000000004,33.041666666666664],[131.30625,33.041666666666664],[131.30625,33.0375],[131.30000000000004,33.03750000000001]]]}},{"type":"Feature","id":"44208:493142444","properties":{"id":"44208:493142444","meshCode":"493142444","cityCode":"44208","city":"竹田市","lat":33.0395833,"lon":131.309375,"areaKm2":0.2697868,"populated2020":false,"population2020":null,"populationNote":"境界またぎ・収録外等のため自治体内人口は未集計"},"geometry":{"type":"Polygon","coordinates":[[[131.30625,33.0375],[131.30625,33.041666666666664],[131.3125,33.041666666666664],[131.3125,33.0375],[131.30625,33.0375]]]}},{"type":"Feature","id":"44208:493142453","properties":{"id":"44208:493142453","meshCode":"493142453","cityCode":"44208","city":"竹田市","lat":33.0395833,"lon":131.315625,"areaKm2":0.2697868,"populated2020":true,"population2020":26.0377,"populationNote":"2020年基準人口（国交省調整値）"},"geometry":{"type":"Polygon","coordinates":[[[131.3125,33.0375],[131.3125,33.041666666666664],[131.31875,33.04166666666667],[131.31875,33.0375],[131.3125,33.0375]]]}},{"type":"Feature","id":"44208:493142454","properties":{"id":"44208:493142454","meshCode":"493142454","cityCode":"44208","city":"竹田市","lat":33.0395833,"lon":131.321875,"areaKm2":0.2697868,"populated2020":false,"population2020":null,"populationNote":"境界またぎ・収録外等のため自治体内人口は未集計"},"geometry":{"type":"Polygon","coordinates":[[[131.31875,33.0375],[131.31875,33.04166666666667],[131.325,33.041666666666664],[131.325,33.03750000000001],[131.31875,33.0375]]]}},{"type":"Feature","id":"44208:493142463","properties":{"id":"44208:493142463","meshCode":"493142463","cityCode":"44208","city":"竹田市","lat":33.0395833,"lon":131.328125,"areaKm2":0.2697868,"populated2020":false,"population2020":null,"populationNote":"境界またぎ・収録外等のため自治体内人口は未集計"},"geometry":{"type":"Polygon","coordinates":[[[131.325,33.03750000000001],[131.325,33.041666666666664],[131.33125,33.04166666666666],[131.33125,33.0375],[131.325,33.03750000000001]]]}},{"type":"Feature","id":"44208:493142464","properties":{"id":"44208:493142464","meshCode":"493142464","cityCode":"44208","city":"竹田市","lat":33.0395833,"lon":131.334375,"areaKm2":0.2697868,"populated2020":false,"population2020":null,"populationNote":"境界またぎ・収録外等のため自治体内人口は未集計"},"geometry":{"type":"Polygon","coordinates":[[[131.33125,33.0375],[131.33125,33.04166666666666],[131.3375,33.041666666666664],[131.3375,33.0375],[131.33125,33.0375]]]}},{"type":"Feature","id":"44208:493142473","properties":{"id":"44208:493142473","meshCode":"493142473","cityCode":"44208","city":"竹田市","lat":33.0395833,"lon":131.340625,"areaKm2":0.2697868,"populated2020":false,"population2020":null,"populationNote":"境界またぎ・収録外等のため自治体内人口は未集計"},"geometry":{"type":"Polygon","coordinates":[[[131.3375,33.0375],[131.3375,33.041666666666664],[131.34375,33.04166666666667],[131.34375,33.0375],[131.3375,33.0375]]]}},{"type":"Feature","id":"44208:493142474","properties":{"id":"44208:493142474","meshCode":"493142474","cityCode":"44208","city":"竹田市","lat":33.0395833,"lon":131.346875,"areaKm2":0.2697868,"populated2020":false,"population2020":null,"populationNote":"境界またぎ・収録外等のため自治体内人口は未集計"},"geometry":{"type":"Polygon","coordinates":[[[131.34375,33.0375],[131.34375,33.04166666666667],[131.35,33.041666666666664],[131.35,33.0375],[131.34375,33.0375]]]}},{"type":"Feature","id":"44208:493142483","properties":{"id":"44208:493142483","meshCode":"493142483","cityCode":"44208","city":"竹田市","lat":33.0395833,"lon":131.353125,"areaKm2":0.2697868,"populated2020":false,"population2020":null,"populationNote":"境界またぎ・収録外等のため自治体内人口は未集計"},"geometry":{"type":"Polygon","coordinates":[[[131.35,33.0375],[131.35,33.041666666666664],[131.35625000000002,33.041666666666664],[131.35625000000002,33.0375],[131.35,33.0375]]]}},{"type":"Feature","id":"44208:493142484","properties":{"id":"44208:493142484","meshCode":"493142484","cityCode":"44208","city":"竹田市","lat":33.0395833,"lon":131.359375,"areaKm2":0.2697868,"populated2020":true,"population2020":5.9955,"populationNote":"2020年基準人口（国交省調整値）"},"geometry":{"type":"Polygon","coordinates":[[[131.35625000000002,33.0375],[131.35625000000002,33.041666666666664],[131.3625,33.04166666666667],[131.3625,33.0375],[131.35625000000002,33.0375]]]}},{"type":"Feature","id":"44208:493142493","properties":{"id":"44208:493142493","meshCode":"493142493","cityCode":"44208","city":"竹田市","lat":33.0395833,"lon":131.365625,"areaKm2":0.2697868,"populated2020":false,"population2020":null,"populationNote":"境界またぎ・収録外等のため自治体内人口は未集計"},"geometry":{"type":"Polygon","coordinates":[[[131.3625,33.0375],[131.3625,33.04166666666667],[131.36875,33.041666666666664],[131.36875,33.0375],[131.3625,33.0375]]]}},{"type":"Feature","id":"44208:493142494","properties":{"id":"44208:493142494","meshCode":"493142494","cityCode":"44208","city":"竹田市","lat":33.0395833,"lon":131.371875,"areaKm2":0.2697868,"populated2020":true,"population2020":0.9989,"populationNote":"2020年基準人口（国交省調整値）"},"geometry":{"type":"Polygon","coordinates":[[[131.36875,33.0375],[131.36875,33.041666666666664],[131.375,33.041666666666664],[131.375,33.0375],[131.36875,33.0375]]]}},{"type":"Feature","id":"44208:493143403","properties":{"id":"44208:493143403","meshCode":"493143403","cityCode":"44208","city":"竹田市","lat":33.0395833,"lon":131.378125,"areaKm2":0.2697868,"populated2020":true,"population2020":2.0019,"populationNote":"2020年基準人口（国交省調整値）"},"geometry":{"type":"Polygon","coordinates":[[[131.375,33.0375],[131.375,33.041666666666664],[131.38125,33.04166666666667],[131.38125,33.0375],[131.375,33.0375]]]}},{"type":"Feature","id":"44208:493143404","properties":{"id":"44208:493143404","meshCode":"493143404","cityCode":"44208","city":"竹田市","lat":33.0395833,"lon":131.384375,"areaKm2":0.2697868,"populated2020":true,"population2020":6.0098,"populationNote":"2020年基準人口（国交省調整値）"},"geometry":{"type":"Polygon","coordinates":[[[131.38125,33.0375],[131.38125,33.04166666666667],[131.3875,33.041666666666664],[131.3875,33.0375],[131.38125,33.0375]]]}},{"type":"Feature","id":"44208:493143413","properties":{"id":"44208:493143413","meshCode":"493143413","cityCode":"44208","city":"竹田市","lat":33.0395833,"lon":131.390625,"areaKm2":0.2332097,"populated2020":false,"population2020":null,"populationNote":"境界またぎ・収録外等のため自治体内人口は未集計"},"geometry":{"type":"Polygon","coordinates":[[[131.39375,33.03888054580585],[131.392964125,33.038757604000004],[131.392381064,33.038533432],[131.391578003,33.03789260400001],[131.390544397,33.037890099],[131.390016628,33.038033162],[131.389544125,33.038057883],[131.388984955,33.037840378],[131.3885528427507,33.0375],[131.3875,33.0375],[131.3875,33.041666666666664],[131.39375,33.04166666666667],[131.39375,33.03888054580585]]]}},{"type":"Feature","id":"44208:493143414","properties":{"id":"44208:493143414","meshCode":"493143414","cityCode":"44208","city":"竹田市","lat":33.0402434,"lon":131.3956959,"areaKm2":0.0832011,"populated2020":false,"population2020":null,"populationNote":"境界またぎ・収録外等のため自治体内人口は未集計"},"geometry":{"type":"Polygon","coordinates":[[[131.398413852,33.04166647699999],[131.39836607,33.041402036],[131.398121907,33.041097314999995],[131.398011621,33.040723703],[131.3977969,33.040383423],[131.397316342,33.039991486],[131.396891064,33.039966486],[131.3954969,33.040090928],[131.395071907,33.039873152999995],[131.394318846,33.03909371200001],[131.39375,33.03888054580585],[131.39375,33.04166666666667],[131.398413852,33.04166647699999]]]}},{"type":"Feature","id":"44208:493141571","properties":{"id":"44208:493141571","meshCode":"493141571","cityCode":"44208","city":"竹田市","lat":33.0435853,"lon":131.2182191,"areaKm2":0.0352862,"populated2020":false,"population2020":null,"populationNote":"境界またぎ・収録外等のため自治体内人口は未集計"},"geometry":{"type":"Polygon","coordinates":[[[131.2182591830001,33.041666667000136],[131.21799682200015,33.042881874000045],[131.21774491600013,33.04311782000001],[131.21763847,33.04338365799998],[131.21800031099997,33.04476064000005],[131.21815998700004,33.045023495000066],[131.2176725353724,33.045833333333334],[131.21875,33.045833333333334],[131.21875,33.041666666666664],[131.2182591830001,33.041666667000136]]]}},{"type":"Feature","id":"44208:493141572","properties":{"id":"44208:493141572","meshCode":"493141572","cityCode":"44208","city":"竹田市","lat":33.04375,"lon":131.221875,"areaKm2":0.2697743,"populated2020":false,"population2020":null,"populationNote":"境界またぎ・収録外等のため自治体内人口は未集計"},"geometry":{"type":"Polygon","coordinates":[[[131.21875,33.041666666666664],[131.21875,33.045833333333334],[131.225,33.045833333333334],[131.225,33.04166666666667],[131.21875,33.041666666666664]]]}},{"type":"Feature","id":"44208:493141581","properties":{"id":"44208:493141581","meshCode":"493141581","cityCode":"44208","city":"竹田市","lat":33.04375,"lon":131.228125,"areaKm2":0.2697743,"populated2020":false,"population2020":null,"populationNote":"境界またぎ・収録外等のため自治体内人口は未集計"},"geometry":{"type":"Polygon","coordinates":[[[131.225,33.04166666666667],[131.225,33.045833333333334],[131.23125,33.045833333333334],[131.23125,33.041666666666664],[131.225,33.04166666666667]]]}},{"type":"Feature","id":"44208:493141582","properties":{"id":"44208:493141582","meshCode":"493141582","cityCode":"44208","city":"竹田市","lat":33.04375,"lon":131.234375,"areaKm2":0.2697743,"populated2020":false,"population2020":null,"populationNote":"境界またぎ・収録外等のため自治体内人口は未集計"},"geometry":{"type":"Polygon","coordinates":[[[131.23125,33.041666666666664],[131.23125,33.045833333333334],[131.2375,33.045833333333334],[131.2375,33.04166666666667],[131.23125,33.041666666666664]]]}},{"type":"Feature","id":"44208:493141591","properties":{"id":"44208:493141591","meshCode":"493141591","cityCode":"44208","city":"竹田市","lat":33.04375,"lon":131.240625,"areaKm2":0.2697743,"populated2020":false,"population2020":null,"populationNote":"境界またぎ・収録外等のため自治体内人口は未集計"},"geometry":{"type":"Polygon","coordinates":[[[131.2375,33.04166666666667],[131.2375,33.045833333333334],[131.24375,33.045833333333334],[131.24375,33.041666666666664],[131.2375,33.04166666666667]]]}},{"type":"Feature","id":"44208:493141592","properties":{"id":"44208:493141592","meshCode":"493141592","cityCode":"44208","city":"竹田市","lat":33.04375,"lon":131.246875,"areaKm2":0.2697743,"populated2020":false,"population2020":null,"populationNote":"境界またぎ・収録外等のため自治体内人口は未集計"},"geometry":{"type":"Polygon","coordinates":[[[131.24375,33.041666666666664],[131.24375,33.045833333333334],[131.25,33.04583333333333],[131.25,33.041666666666664],[131.24375,33.041666666666664]]]}},{"type":"Feature","id":"44208:493142501","properties":{"id":"44208:493142501","meshCode":"493142501","cityCode":"44208","city":"竹田市","lat":33.04375,"lon":131.253125,"areaKm2":0.2697743,"populated2020":false,"population2020":null,"populationNote":"境界またぎ・収録外等のため自治体内人口は未集計"},"geometry":{"type":"Polygon","coordinates":[[[131.25,33.041666666666664],[131.25,33.04583333333333],[131.25625,33.045833333333334],[131.25625,33.041666666666664],[131.25,33.041666666666664]]]}},{"type":"Feature","id":"44208:493142502","properties":{"id":"44208:493142502","meshCode":"493142502","cityCode":"44208","city":"竹田市","lat":33.04375,"lon":131.259375,"areaKm2":0.2697743,"populated2020":false,"population2020":null,"populationNote":"境界またぎ・収録外等のため自治体内人口は未集計"},"geometry":{"type":"Polygon","coordinates":[[[131.25625,33.041666666666664],[131.25625,33.045833333333334],[131.2625,33.045833333333334],[131.2625,33.041666666666664],[131.25625,33.041666666666664]]]}},{"type":"Feature","id":"44208:493142511","properties":{"id":"44208:493142511","meshCode":"493142511","cityCode":"44208","city":"竹田市","lat":33.04375,"lon":131.265625,"areaKm2":0.2697743,"populated2020":false,"population2020":null,"populationNote":"境界またぎ・収録外等のため自治体内人口は未集計"},"geometry":{"type":"Polygon","coordinates":[[[131.2625,33.041666666666664],[131.2625,33.045833333333334],[131.26875,33.045833333333334],[131.26875,33.04166666666667],[131.2625,33.041666666666664]]]}},{"type":"Feature","id":"44208:493142512","properties":{"id":"44208:493142512","meshCode":"493142512","cityCode":"44208","city":"竹田市","lat":33.04375,"lon":131.271875,"areaKm2":0.2697743,"populated2020":false,"population2020":null,"populationNote":"境界またぎ・収録外等のため自治体内人口は未集計"},"geometry":{"type":"Polygon","coordinates":[[[131.26875,33.04166666666667],[131.26875,33.045833333333334],[131.275,33.045833333333334],[131.275,33.041666666666664],[131.26875,33.04166666666667]]]}},{"type":"Feature","id":"44208:493142521","properties":{"id":"44208:493142521","meshCode":"493142521","cityCode":"44208","city":"竹田市","lat":33.04375,"lon":131.278125,"areaKm2":0.2697743,"populated2020":false,"population2020":null,"populationNote":"境界またぎ・収録外等のため自治体内人口は未集計"},"geometry":{"type":"Polygon","coordinates":[[[131.275,33.041666666666664],[131.275,33.045833333333334],[131.28125,33.04583333333334],[131.28125,33.041666666666664],[131.275,33.041666666666664]]]}},{"type":"Feature","id":"44208:493142522","properties":{"id":"44208:493142522","meshCode":"493142522","cityCode":"44208","city":"竹田市","lat":33.04375,"lon":131.284375,"areaKm2":0.2697743,"populated2020":true,"population2020":4.014,"populationNote":"2020年基準人口（国交省調整値）"},"geometry":{"type":"Polygon","coordinates":[[[131.28125,33.041666666666664],[131.28125,33.04583333333334],[131.2875,33.045833333333334],[131.2875,33.041666666666664],[131.28125,33.041666666666664]]]}},{"type":"Feature","id":"44208:493142531","properties":{"id":"44208:493142531","meshCode":"493142531","cityCode":"44208","city":"竹田市","lat":33.04375,"lon":131.290625,"areaKm2":0.2697743,"populated2020":false,"population2020":null,"populationNote":"境界またぎ・収録外等のため自治体内人口は未集計"},"geometry":{"type":"Polygon","coordinates":[[[131.2875,33.041666666666664],[131.2875,33.045833333333334],[131.29375,33.04583333333334],[131.29375,33.041666666666664],[131.2875,33.041666666666664]]]}},{"type":"Feature","id":"44208:493142532","properties":{"id":"44208:493142532","meshCode":"493142532","cityCode":"44208","city":"竹田市","lat":33.04375,"lon":131.296875,"areaKm2":0.2697743,"populated2020":false,"population2020":null,"populationNote":"境界またぎ・収録外等のため自治体内人口は未集計"},"geometry":{"type":"Polygon","coordinates":[[[131.29375,33.041666666666664],[131.29375,33.04583333333334],[131.30000000000004,33.045833333333334],[131.30000000000004,33.041666666666664],[131.29375,33.041666666666664]]]}},{"type":"Feature","id":"44208:493142541","properties":{"id":"44208:493142541","meshCode":"493142541","cityCode":"44208","city":"竹田市","lat":33.04375,"lon":131.303125,"areaKm2":0.2697743,"populated2020":true,"population2020":13.0699,"populationNote":"2020年基準人口（国交省調整値）"},"geometry":{"type":"Polygon","coordinates":[[[131.30000000000004,33.041666666666664],[131.30000000000004,33.045833333333334],[131.30625,33.04583333333334],[131.30625,33.041666666666664],[131.30000000000004,33.041666666666664]]]}},{"type":"Feature","id":"44208:493142542","properties":{"id":"44208:493142542","meshCode":"493142542","cityCode":"44208","city":"竹田市","lat":33.04375,"lon":131.309375,"areaKm2":0.2697743,"populated2020":true,"population2020":101.9691,"populationNote":"2020年基準人口（国交省調整値）"},"geometry":{"type":"Polygon","coordinates":[[[131.30625,33.041666666666664],[131.30625,33.04583333333334],[131.3125,33.045833333333334],[131.3125,33.041666666666664],[131.30625,33.041666666666664]]]}},{"type":"Feature","id":"44208:493142551","properties":{"id":"44208:493142551","meshCode":"493142551","cityCode":"44208","city":"竹田市","lat":33.04375,"lon":131.315625,"areaKm2":0.2697743,"populated2020":true,"population2020":19.0345,"populationNote":"2020年基準人口（国交省調整値）"},"geometry":{"type":"Polygon","coordinates":[[[131.3125,33.041666666666664],[131.3125,33.045833333333334],[131.31875,33.04583333333334],[131.31875,33.04166666666667],[131.3125,33.041666666666664]]]}},{"type":"Feature","id":"44208:493142552","properties":{"id":"44208:493142552","meshCode":"493142552","cityCode":"44208","city":"竹田市","lat":33.04375,"lon":131.321875,"areaKm2":0.2697743,"populated2020":false,"population2020":null,"populationNote":"境界またぎ・収録外等のため自治体内人口は未集計"},"geometry":{"type":"Polygon","coordinates":[[[131.31875,33.04166666666667],[131.31875,33.04583333333334],[131.325,33.045833333333334],[131.325,33.041666666666664],[131.31875,33.04166666666667]]]}},{"type":"Feature","id":"44208:493142561","properties":{"id":"44208:493142561","meshCode":"493142561","cityCode":"44208","city":"竹田市","lat":33.04375,"lon":131.328125,"areaKm2":0.2697743,"populated2020":true,"population2020":30.0393,"populationNote":"2020年基準人口（国交省調整値）"},"geometry":{"type":"Polygon","coordinates":[[[131.325,33.041666666666664],[131.325,33.045833333333334],[131.33125,33.045833333333334],[131.33125,33.04166666666666],[131.325,33.041666666666664]]]}},{"type":"Feature","id":"44208:493142562","properties":{"id":"44208:493142562","meshCode":"493142562","cityCode":"44208","city":"竹田市","lat":33.04375,"lon":131.334375,"areaKm2":0.2697743,"populated2020":false,"population2020":null,"populationNote":"境界またぎ・収録外等のため自治体内人口は未集計"},"geometry":{"type":"Polygon","coordinates":[[[131.33125,33.04166666666666],[131.33125,33.045833333333334],[131.3375,33.045833333333334],[131.3375,33.041666666666664],[131.33125,33.04166666666666]]]}},{"type":"Feature","id":"44208:493142571","properties":{"id":"44208:493142571","meshCode":"493142571","cityCode":"44208","city":"竹田市","lat":33.04375,"lon":131.340625,"areaKm2":0.2697743,"populated2020":false,"population2020":null,"populationNote":"境界またぎ・収録外等のため自治体内人口は未集計"},"geometry":{"type":"Polygon","coordinates":[[[131.3375,33.041666666666664],[131.3375,33.045833333333334],[131.34375,33.04583333333334],[131.34375,33.04166666666667],[131.3375,33.041666666666664]]]}},{"type":"Feature","id":"44208:493142572","properties":{"id":"44208:493142572","meshCode":"493142572","cityCode":"44208","city":"竹田市","lat":33.04375,"lon":131.346875,"areaKm2":0.2697743,"populated2020":false,"population2020":null,"populationNote":"境界またぎ・収録外等のため自治体内人口は未集計"},"geometry":{"type":"Polygon","coordinates":[[[131.34375,33.04166666666667],[131.34375,33.04583333333334],[131.35,33.045833333333334],[131.35,33.041666666666664],[131.34375,33.04166666666667]]]}},{"type":"Feature","id":"44208:493142581","properties":{"id":"44208:493142581","meshCode":"493142581","cityCode":"44208","city":"竹田市","lat":33.04375,"lon":131.353125,"areaKm2":0.2697743,"populated2020":false,"population2020":null,"populationNote":"境界またぎ・収録外等のため自治体内人口は未集計"},"geometry":{"type":"Polygon","coordinates":[[[131.35,33.041666666666664],[131.35,33.045833333333334],[131.35625000000002,33.045833333333334],[131.35625000000002,33.041666666666664],[131.35,33.041666666666664]]]}},{"type":"Feature","id":"44208:493142582","properties":{"id":"44208:493142582","meshCode":"493142582","cityCode":"44208","city":"竹田市","lat":33.04375,"lon":131.359375,"areaKm2":0.2697743,"populated2020":false,"population2020":null,"populationNote":"境界またぎ・収録外等のため自治体内人口は未集計"},"geometry":{"type":"Polygon","coordinates":[[[131.35625000000002,33.041666666666664],[131.35625000000002,33.045833333333334],[131.3625,33.045833333333334],[131.3625,33.04166666666667],[131.35625000000002,33.041666666666664]]]}},{"type":"Feature","id":"44208:493142591","properties":{"id":"44208:493142591","meshCode":"493142591","cityCode":"44208","city":"竹田市","lat":33.04375,"lon":131.365625,"areaKm2":0.2697743,"populated2020":false,"population2020":null,"populationNote":"境界またぎ・収録外等のため自治体内人口は未集計"},"geometry":{"type":"Polygon","coordinates":[[[131.3625,33.04166666666667],[131.3625,33.045833333333334],[131.36875,33.04583333333333],[131.36875,33.041666666666664],[131.3625,33.04166666666667]]]}},{"type":"Feature","id":"44208:493142592","properties":{"id":"44208:493142592","meshCode":"493142592","cityCode":"44208","city":"竹田市","lat":33.04375,"lon":131.371875,"areaKm2":0.2697743,"populated2020":true,"population2020":8.0064,"populationNote":"2020年基準人口（国交省調整値）"},"geometry":{"type":"Polygon","coordinates":[[[131.36875,33.041666666666664],[131.36875,33.04583333333333],[131.375,33.04583333333333],[131.375,33.041666666666664],[131.36875,33.041666666666664]]]}},{"type":"Feature","id":"44208:493143501","properties":{"id":"44208:493143501","meshCode":"493143501","cityCode":"44208","city":"竹田市","lat":33.04375,"lon":131.378125,"areaKm2":0.2697743,"populated2020":true,"population2020":6.0706,"populationNote":"2020年基準人口（国交省調整値）"},"geometry":{"type":"Polygon","coordinates":[[[131.375,33.041666666666664],[131.375,33.04583333333333],[131.38125,33.045833333333334],[131.38125,33.04166666666667],[131.375,33.041666666666664]]]}},{"type":"Feature","id":"44208:493143502","properties":{"id":"44208:493143502","meshCode":"493143502","cityCode":"44208","city":"竹田市","lat":33.04375,"lon":131.384375,"areaKm2":0.2697743,"populated2020":true,"population2020":2.001,"populationNote":"2020年基準人口（国交省調整値）"},"geometry":{"type":"Polygon","coordinates":[[[131.38125,33.04166666666667],[131.38125,33.045833333333334],[131.3875,33.045833333333334],[131.3875,33.041666666666664],[131.38125,33.04166666666667]]]}},{"type":"Feature","id":"44208:493143511","properties":{"id":"44208:493143511","meshCode":"493143511","cityCode":"44208","city":"竹田市","lat":33.04375,"lon":131.390625,"areaKm2":0.2697743,"populated2020":false,"population2020":null,"populationNote":"境界またぎ・収録外等のため自治体内人口は未集計"},"geometry":{"type":"Polygon","coordinates":[[[131.3875,33.041666666666664],[131.3875,33.045833333333334],[131.39375,33.04583333333334],[131.39375,33.04166666666667],[131.3875,33.041666666666664]]]}},{"type":"Feature","id":"44208:493143512","properties":{"id":"44208:493143512","meshCode":"493143512","cityCode":"44208","city":"竹田市","lat":33.04375,"lon":131.396875,"areaKm2":0.2140259,"populated2020":false,"population2020":null,"populationNote":"境界またぎ・収録外等のため自治体内人口は未集計"},"geometry":{"type":"Polygon","coordinates":[[[131.399999429,33.045159306],[131.39920275,33.044991757],[131.39899275,33.044529811],[131.398724981,33.044362035999995],[131.398346913,33.044299532],[131.397708859,33.043565369],[131.397740246,33.043440649],[131.398220804,33.043117315],[131.398578859,33.042491198],[131.39841389093158,33.041666666666664],[131.39375,33.04166666666667],[131.39375,33.04583333333334],[131.4,33.045833333333334],[131.399999429,33.045159306]]]}},{"type":"Feature","id":"44208:493143521","properties":{"id":"44208:493143521","meshCode":"493143521","cityCode":"44208","city":"竹田市","lat":33.0454959,"lon":131.400582,"areaKm2":0.0077171,"populated2020":true,"population2020":null,"populationNote":"境界またぎ・収録外等のため自治体内人口は未集計"},"geometry":{"type":"Polygon","coordinates":[[[131.402384981,33.045813135],[131.401526368,33.045670081000004],[131.401038042,33.045433693999996],[131.400431647,33.045346477],[131.4,33.045159387000005],[131.4,33.045833333333334],[131.402384981,33.045813135]]]}},{"type":"Feature","id":"44208:493141573","properties":{"id":"44208:493141573","meshCode":"493141573","cityCode":"44208","city":"竹田市","lat":33.0477178,"lon":131.2178928,"areaKm2":0.0767266,"populated2020":false,"population2020":null,"populationNote":"境界またぎ・収録外等のため自治体内人口は未集計"},"geometry":{"type":"Polygon","coordinates":[[[131.2175816340001,33.04598082000012],[131.21711138800003,33.04630637800006],[131.21695661499996,33.04657563100005],[131.2169959140001,33.046780856000055],[131.21683081700007,33.04731041399998],[131.2172403500001,33.04812525200009],[131.21691001299996,33.048717314999976],[131.2165115430002,33.050000000000004],[131.21875,33.050000000000004],[131.21875,33.045833333333334],[131.2176725353724,33.045833333333334],[131.2175816340001,33.04598082000012]]]}},{"type":"Feature","id":"44208:493141574","properties":{"id":"44208:493141574","meshCode":"493141574","cityCode":"44208","city":"竹田市","lat":33.0479167,"lon":131.221875,"areaKm2":0.2697618,"populated2020":false,"population2020":null,"populationNote":"境界またぎ・収録外等のため自治体内人口は未集計"},"geometry":{"type":"Polygon","coordinates":[[[131.21875,33.045833333333334],[131.21875,33.050000000000004],[131.225,33.05],[131.225,33.045833333333334],[131.21875,33.045833333333334]]]}},{"type":"Feature","id":"44208:493141583","properties":{"id":"44208:493141583","meshCode":"493141583","cityCode":"44208","city":"竹田市","lat":33.0479167,"lon":131.228125,"areaKm2":0.2697618,"populated2020":false,"population2020":null,"populationNote":"境界またぎ・収録外等のため自治体内人口は未集計"},"geometry":{"type":"Polygon","coordinates":[[[131.225,33.045833333333334],[131.225,33.05],[131.23125,33.05],[131.23125,33.045833333333334],[131.225,33.045833333333334]]]}},{"type":"Feature","id":"44208:493141584","properties":{"id":"44208:493141584","meshCode":"493141584","cityCode":"44208","city":"竹田市","lat":33.0479167,"lon":131.234375,"areaKm2":0.2697618,"populated2020":false,"population2020":null,"populationNote":"境界またぎ・収録外等のため自治体内人口は未集計"},"geometry":{"type":"Polygon","coordinates":[[[131.23125,33.045833333333334],[131.23125,33.05],[131.2375,33.05],[131.2375,33.045833333333334],[131.23125,33.045833333333334]]]}},{"type":"Feature","id":"44208:493141593","properties":{"id":"44208:493141593","meshCode":"493141593","cityCode":"44208","city":"竹田市","lat":33.0479167,"lon":131.240625,"areaKm2":0.2697618,"populated2020":false,"population2020":null,"populationNote":"境界またぎ・収録外等のため自治体内人口は未集計"},"geometry":{"type":"Polygon","coordinates":[[[131.2375,33.045833333333334],[131.2375,33.05],[131.24375,33.050000000000004],[131.24375,33.045833333333334],[131.2375,33.045833333333334]]]}},{"type":"Feature","id":"44208:493141594","properties":{"id":"44208:493141594","meshCode":"493141594","cityCode":"44208","city":"竹田市","lat":33.0479167,"lon":131.246875,"areaKm2":0.2697618,"populated2020":false,"population2020":null,"populationNote":"境界またぎ・収録外等のため自治体内人口は未集計"},"geometry":{"type":"Polygon","coordinates":[[[131.24375,33.045833333333334],[131.24375,33.050000000000004],[131.25,33.05],[131.25,33.04583333333333],[131.24375,33.045833333333334]]]}},{"type":"Feature","id":"44208:493142503","properties":{"id":"44208:493142503","meshCode":"493142503","cityCode":"44208","city":"竹田市","lat":33.0479167,"lon":131.253125,"areaKm2":0.2697618,"populated2020":false,"population2020":null,"populationNote":"境界またぎ・収録外等のため自治体内人口は未集計"},"geometry":{"type":"Polygon","coordinates":[[[131.25,33.04583333333333],[131.25,33.05],[131.25625,33.050000000000004],[131.25625,33.045833333333334],[131.25,33.04583333333333]]]}},{"type":"Feature","id":"44208:493142504","properties":{"id":"44208:493142504","meshCode":"493142504","cityCode":"44208","city":"竹田市","lat":33.0479167,"lon":131.259375,"areaKm2":0.2697618,"populated2020":false,"population2020":null,"populationNote":"境界またぎ・収録外等のため自治体内人口は未集計"},"geometry":{"type":"Polygon","coordinates":[[[131.25625,33.045833333333334],[131.25625,33.050000000000004],[131.2625,33.050000000000004],[131.2625,33.045833333333334],[131.25625,33.045833333333334]]]}},{"type":"Feature","id":"44208:493142513","properties":{"id":"44208:493142513","meshCode":"493142513","cityCode":"44208","city":"竹田市","lat":33.0479167,"lon":131.265625,"areaKm2":0.2697618,"populated2020":false,"population2020":null,"populationNote":"境界またぎ・収録外等のため自治体内人口は未集計"},"geometry":{"type":"Polygon","coordinates":[[[131.2625,33.045833333333334],[131.2625,33.050000000000004],[131.26875,33.05],[131.26875,33.045833333333334],[131.2625,33.045833333333334]]]}},{"type":"Feature","id":"44208:493142514","properties":{"id":"44208:493142514","meshCode":"493142514","cityCode":"44208","city":"竹田市","lat":33.0479167,"lon":131.271875,"areaKm2":0.2697618,"populated2020":false,"population2020":null,"populationNote":"境界またぎ・収録外等のため自治体内人口は未集計"},"geometry":{"type":"Polygon","coordinates":[[[131.26875,33.045833333333334],[131.26875,33.05],[131.275,33.05],[131.275,33.045833333333334],[131.26875,33.045833333333334]]]}},{"type":"Feature","id":"44208:493142523","properties":{"id":"44208:493142523","meshCode":"493142523","cityCode":"44208","city":"竹田市","lat":33.0479167,"lon":131.278125,"areaKm2":0.2697618,"populated2020":false,"population2020":null,"populationNote":"境界またぎ・収録外等のため自治体内人口は未集計"},"geometry":{"type":"Polygon","coordinates":[[[131.275,33.045833333333334],[131.275,33.05],[131.28125,33.05],[131.28125,33.04583333333334],[131.275,33.045833333333334]]]}},{"type":"Feature","id":"44208:493142524","properties":{"id":"44208:493142524","meshCode":"493142524","cityCode":"44208","city":"竹田市","lat":33.0479167,"lon":131.284375,"areaKm2":0.2697618,"populated2020":false,"population2020":null,"populationNote":"境界またぎ・収録外等のため自治体内人口は未集計"},"geometry":{"type":"Polygon","coordinates":[[[131.28125,33.04583333333334],[131.28125,33.05],[131.2875,33.05],[131.2875,33.045833333333334],[131.28125,33.04583333333334]]]}},{"type":"Feature","id":"44208:493142533","properties":{"id":"44208:493142533","meshCode":"493142533","cityCode":"44208","city":"竹田市","lat":33.0479167,"lon":131.290625,"areaKm2":0.2697618,"populated2020":true,"population2020":1.002,"populationNote":"2020年基準人口（国交省調整値）"},"geometry":{"type":"Polygon","coordinates":[[[131.2875,33.045833333333334],[131.2875,33.05],[131.29375,33.05],[131.29375,33.04583333333334],[131.2875,33.045833333333334]]]}},{"type":"Feature","id":"44208:493142534","properties":{"id":"44208:493142534","meshCode":"493142534","cityCode":"44208","city":"竹田市","lat":33.0479167,"lon":131.296875,"areaKm2":0.2697618,"populated2020":true,"population2020":44.0573,"populationNote":"2020年基準人口（国交省調整値）"},"geometry":{"type":"Polygon","coordinates":[[[131.29375,33.04583333333334],[131.29375,33.05],[131.30000000000004,33.050000000000004],[131.30000000000004,33.045833333333334],[131.29375,33.04583333333334]]]}},{"type":"Feature","id":"44208:493142543","properties":{"id":"44208:493142543","meshCode":"493142543","cityCode":"44208","city":"竹田市","lat":33.0479167,"lon":131.303125,"areaKm2":0.2697618,"populated2020":true,"population2020":19.0256,"populationNote":"2020年基準人口（国交省調整値）"},"geometry":{"type":"Polygon","coordinates":[[[131.30000000000004,33.045833333333334],[131.30000000000004,33.050000000000004],[131.30625,33.050000000000004],[131.30625,33.04583333333334],[131.30000000000004,33.045833333333334]]]}},{"type":"Feature","id":"44208:493142544","properties":{"id":"44208:493142544","meshCode":"493142544","cityCode":"44208","city":"竹田市","lat":33.0479167,"lon":131.309375,"areaKm2":0.2697618,"populated2020":true,"population2020":6.0223,"populationNote":"2020年基準人口（国交省調整値）"},"geometry":{"type":"Polygon","coordinates":[[[131.30625,33.04583333333334],[131.30625,33.050000000000004],[131.3125,33.05],[131.3125,33.045833333333334],[131.30625,33.04583333333334]]]}},{"type":"Feature","id":"44208:493142553","properties":{"id":"44208:493142553","meshCode":"493142553","cityCode":"44208","city":"竹田市","lat":33.0479167,"lon":131.315625,"areaKm2":0.2697618,"populated2020":true,"population2020":1.001,"populationNote":"2020年基準人口（国交省調整値）"},"geometry":{"type":"Polygon","coordinates":[[[131.3125,33.045833333333334],[131.3125,33.05],[131.31875,33.050000000000004],[131.31875,33.04583333333334],[131.3125,33.045833333333334]]]}},{"type":"Feature","id":"44208:493142554","properties":{"id":"44208:493142554","meshCode":"493142554","cityCode":"44208","city":"竹田市","lat":33.0479167,"lon":131.321875,"areaKm2":0.2697618,"populated2020":false,"population2020":null,"populationNote":"境界またぎ・収録外等のため自治体内人口は未集計"},"geometry":{"type":"Polygon","coordinates":[[[131.31875,33.04583333333334],[131.31875,33.050000000000004],[131.325,33.05],[131.325,33.045833333333334],[131.31875,33.04583333333334]]]}},{"type":"Feature","id":"44208:493142563","properties":{"id":"44208:493142563","meshCode":"493142563","cityCode":"44208","city":"竹田市","lat":33.0479167,"lon":131.328125,"areaKm2":0.2697618,"populated2020":true,"population2020":2.0116,"populationNote":"2020年基準人口（国交省調整値）"},"geometry":{"type":"Polygon","coordinates":[[[131.325,33.045833333333334],[131.325,33.05],[131.33125,33.05],[131.33125,33.045833333333334],[131.325,33.045833333333334]]]}},{"type":"Feature","id":"44208:493142564","properties":{"id":"44208:493142564","meshCode":"493142564","cityCode":"44208","city":"竹田市","lat":33.0479167,"lon":131.334375,"areaKm2":0.2697618,"populated2020":false,"population2020":null,"populationNote":"境界またぎ・収録外等のため自治体内人口は未集計"},"geometry":{"type":"Polygon","coordinates":[[[131.33125,33.045833333333334],[131.33125,33.05],[131.3375,33.050000000000004],[131.3375,33.045833333333334],[131.33125,33.045833333333334]]]}},{"type":"Feature","id":"44208:493142573","properties":{"id":"44208:493142573","meshCode":"493142573","cityCode":"44208","city":"竹田市","lat":33.0479167,"lon":131.340625,"areaKm2":0.2697618,"populated2020":true,"population2020":2.0034,"populationNote":"2020年基準人口（国交省調整値）"},"geometry":{"type":"Polygon","coordinates":[[[131.3375,33.045833333333334],[131.3375,33.050000000000004],[131.34375,33.050000000000004],[131.34375,33.04583333333334],[131.3375,33.045833333333334]]]}},{"type":"Feature","id":"44208:493142574","properties":{"id":"44208:493142574","meshCode":"493142574","cityCode":"44208","city":"竹田市","lat":33.0479167,"lon":131.346875,"areaKm2":0.2697618,"populated2020":false,"population2020":null,"populationNote":"境界またぎ・収録外等のため自治体内人口は未集計"},"geometry":{"type":"Polygon","coordinates":[[[131.34375,33.04583333333334],[131.34375,33.050000000000004],[131.35,33.050000000000004],[131.35,33.045833333333334],[131.34375,33.04583333333334]]]}},{"type":"Feature","id":"44208:493142583","properties":{"id":"44208:493142583","meshCode":"493142583","cityCode":"44208","city":"竹田市","lat":33.0479167,"lon":131.353125,"areaKm2":0.2697618,"populated2020":false,"population2020":null,"populationNote":"境界またぎ・収録外等のため自治体内人口は未集計"},"geometry":{"type":"Polygon","coordinates":[[[131.35,33.045833333333334],[131.35,33.050000000000004],[131.35625000000002,33.050000000000004],[131.35625000000002,33.045833333333334],[131.35,33.045833333333334]]]}},{"type":"Feature","id":"44208:493142584","properties":{"id":"44208:493142584","meshCode":"493142584","cityCode":"44208","city":"竹田市","lat":33.0479167,"lon":131.359375,"areaKm2":0.2697618,"populated2020":false,"population2020":null,"populationNote":"境界またぎ・収録外等のため自治体内人口は未集計"},"geometry":{"type":"Polygon","coordinates":[[[131.35625000000002,33.045833333333334],[131.35625000000002,33.050000000000004],[131.3625,33.05],[131.3625,33.045833333333334],[131.35625000000002,33.045833333333334]]]}},{"type":"Feature","id":"44208:493142593","properties":{"id":"44208:493142593","meshCode":"493142593","cityCode":"44208","city":"竹田市","lat":33.0479167,"lon":131.365625,"areaKm2":0.2697618,"populated2020":false,"population2020":null,"populationNote":"境界またぎ・収録外等のため自治体内人口は未集計"},"geometry":{"type":"Polygon","coordinates":[[[131.3625,33.045833333333334],[131.3625,33.05],[131.36875,33.05],[131.36875,33.04583333333333],[131.3625,33.045833333333334]]]}},{"type":"Feature","id":"44208:493142594","properties":{"id":"44208:493142594","meshCode":"493142594","cityCode":"44208","city":"竹田市","lat":33.0479167,"lon":131.371875,"areaKm2":0.2697618,"populated2020":false,"population2020":null,"populationNote":"境界またぎ・収録外等のため自治体内人口は未集計"},"geometry":{"type":"Polygon","coordinates":[[[131.36875,33.04583333333333],[131.36875,33.05],[131.375,33.05],[131.375,33.04583333333333],[131.36875,33.04583333333333]]]}},{"type":"Feature","id":"44208:493143503","properties":{"id":"44208:493143503","meshCode":"493143503","cityCode":"44208","city":"竹田市","lat":33.0479167,"lon":131.378125,"areaKm2":0.2697618,"populated2020":false,"population2020":null,"populationNote":"境界またぎ・収録外等のため自治体内人口は未集計"},"geometry":{"type":"Polygon","coordinates":[[[131.375,33.04583333333333],[131.375,33.05],[131.38125,33.050000000000004],[131.38125,33.045833333333334],[131.375,33.04583333333333]]]}},{"type":"Feature","id":"44208:493143504","properties":{"id":"44208:493143504","meshCode":"493143504","cityCode":"44208","city":"竹田市","lat":33.0479167,"lon":131.384375,"areaKm2":0.2697618,"populated2020":true,"population2020":2.0029,"populationNote":"2020年基準人口（国交省調整値）"},"geometry":{"type":"Polygon","coordinates":[[[131.38125,33.045833333333334],[131.38125,33.050000000000004],[131.3875,33.050000000000004],[131.3875,33.045833333333334],[131.38125,33.045833333333334]]]}},{"type":"Feature","id":"44208:493143513","properties":{"id":"44208:493143513","meshCode":"493143513","cityCode":"44208","city":"竹田市","lat":33.0479167,"lon":131.390625,"areaKm2":0.2697618,"populated2020":false,"population2020":null,"populationNote":"境界またぎ・収録外等のため自治体内人口は未集計"},"geometry":{"type":"Polygon","coordinates":[[[131.3875,33.045833333333334],[131.3875,33.050000000000004],[131.39375,33.050000000000004],[131.39375,33.04583333333334],[131.3875,33.045833333333334]]]}},{"type":"Feature","id":"44208:493143514","properties":{"id":"44208:493143514","meshCode":"493143514","cityCode":"44208","city":"竹田市","lat":33.0479167,"lon":131.396875,"areaKm2":0.2697618,"populated2020":false,"population2020":null,"populationNote":"境界またぎ・収録外等のため自治体内人口は未集計"},"geometry":{"type":"Polygon","coordinates":[[[131.39375,33.04583333333334],[131.39375,33.050000000000004],[131.4,33.050000000000004],[131.4,33.045833333333334],[131.39375,33.04583333333334]]]}},{"type":"Feature","id":"44208:493143523","properties":{"id":"44208:493143523","meshCode":"493143523","cityCode":"44208","city":"竹田市","lat":33.0479145,"lon":131.4039542,"areaKm2":0.154559,"populated2020":false,"population2020":null,"populationNote":"境界またぎ・収録外等のため自治体内人口は未集計"},"geometry":{"type":"Polygon","coordinates":[[[131.40441415,33.04999979299999],[131.405591115,33.049704514],[131.40625,33.04919228896437],[131.40615027200002,33.048852009],[131.405528054,33.048534514],[131.405165837,33.04847840499999],[131.404843333,33.048020072],[131.404457769,33.04778979299999],[131.403614994,33.047802297],[131.403252776,33.047877017999994],[131.40278,33.048119523000004],[131.402213048,33.048182018000006],[131.40195194600003,33.04812618900001],[131.400455266,33.04746646800001],[131.400415824,33.047292306],[131.400494708,33.047248694],[131.401621102,33.04695618900001],[131.40231415,33.046626189],[131.402495266,33.046383414000005],[131.402471647,33.04598118900001],[131.40240405792187,33.045833333333334],[131.4,33.045833333333334],[131.4,33.050000000000004],[131.40441415,33.04999979299999]]]}},{"type":"Feature","id":"44208:493143524","properties":{"id":"44208:493143524","meshCode":"493143524","cityCode":"44208","city":"竹田市","lat":33.0491396,"lon":131.4062636,"areaKm2":2.13e-05,"populated2020":false,"population2020":null,"populationNote":"境界またぎ・収録外等のため自治体内人口は未集計"},"geometry":{"type":"Polygon","coordinates":[[[131.40625,33.04919228896437],[131.406270285,33.049122288],[131.40625,33.049072046149156],[131.40625,33.04919228896437]]]}},{"type":"Feature","id":"44208:493141671","properties":{"id":"44208:493141671","meshCode":"493141671","cityCode":"44208","city":"竹田市","lat":33.0521955,"lon":131.2175352,"areaKm2":0.1047561,"populated2020":false,"population2020":null,"populationNote":"境界またぎ・収録外等のため自治体内人口は未集計"},"geometry":{"type":"Polygon","coordinates":[[[131.21651154300014,33.050000000000125],[131.21630488999995,33.05055138700004],[131.21599452700013,33.05106273000013],[131.21643342400012,33.05256690099997],[131.216486615,33.05319770300014],[131.21672420200002,33.05345781099999],[131.2161256839465,33.054166666666674],[131.21875,33.05416666666667],[131.21875,33.050000000000004],[131.21651154300014,33.050000000000125]]]}},{"type":"Feature","id":"44208:493141672","properties":{"id":"44208:493141672","meshCode":"493141672","cityCode":"44208","city":"竹田市","lat":33.0520833,"lon":131.221875,"areaKm2":0.2697492,"populated2020":false,"population2020":null,"populationNote":"境界またぎ・収録外等のため自治体内人口は未集計"},"geometry":{"type":"Polygon","coordinates":[[[131.21875,33.050000000000004],[131.21875,33.05416666666667],[131.225,33.05416666666667],[131.225,33.05],[131.21875,33.050000000000004]]]}},{"type":"Feature","id":"44208:493141681","properties":{"id":"44208:493141681","meshCode":"493141681","cityCode":"44208","city":"竹田市","lat":33.0520833,"lon":131.228125,"areaKm2":0.2697492,"populated2020":true,"population2020":10.0105,"populationNote":"2020年基準人口（国交省調整値）"},"geometry":{"type":"Polygon","coordinates":[[[131.225,33.05],[131.225,33.05416666666667],[131.23125,33.05416666666667],[131.23125,33.05],[131.225,33.05]]]}},{"type":"Feature","id":"44208:493141682","properties":{"id":"44208:493141682","meshCode":"493141682","cityCode":"44208","city":"竹田市","lat":33.0520833,"lon":131.234375,"areaKm2":0.2697492,"populated2020":false,"population2020":null,"populationNote":"境界またぎ・収録外等のため自治体内人口は未集計"},"geometry":{"type":"Polygon","coordinates":[[[131.23125,33.05],[131.23125,33.05416666666667],[131.2375,33.05416666666667],[131.2375,33.05],[131.23125,33.05]]]}},{"type":"Feature","id":"44208:493141691","properties":{"id":"44208:493141691","meshCode":"493141691","cityCode":"44208","city":"竹田市","lat":33.0520833,"lon":131.240625,"areaKm2":0.2697492,"populated2020":false,"population2020":null,"populationNote":"境界またぎ・収録外等のため自治体内人口は未集計"},"geometry":{"type":"Polygon","coordinates":[[[131.2375,33.05],[131.2375,33.05416666666667],[131.24375,33.05416666666667],[131.24375,33.050000000000004],[131.2375,33.05]]]}},{"type":"Feature","id":"44208:493141692","properties":{"id":"44208:493141692","meshCode":"493141692","cityCode":"44208","city":"竹田市","lat":33.0520833,"lon":131.246875,"areaKm2":0.2697492,"populated2020":false,"population2020":null,"populationNote":"境界またぎ・収録外等のため自治体内人口は未集計"},"geometry":{"type":"Polygon","coordinates":[[[131.24375,33.050000000000004],[131.24375,33.05416666666667],[131.25,33.05416666666667],[131.25,33.05],[131.24375,33.050000000000004]]]}},{"type":"Feature","id":"44208:493142601","properties":{"id":"44208:493142601","meshCode":"493142601","cityCode":"44208","city":"竹田市","lat":33.0520833,"lon":131.253125,"areaKm2":0.2697492,"populated2020":false,"population2020":null,"populationNote":"境界またぎ・収録外等のため自治体内人口は未集計"},"geometry":{"type":"Polygon","coordinates":[[[131.25,33.05],[131.25,33.05416666666667],[131.25625,33.05416666666667],[131.25625,33.050000000000004],[131.25,33.05]]]}},{"type":"Feature","id":"44208:493142602","properties":{"id":"44208:493142602","meshCode":"493142602","cityCode":"44208","city":"竹田市","lat":33.0520833,"lon":131.259375,"areaKm2":0.2697492,"populated2020":false,"population2020":null,"populationNote":"境界またぎ・収録外等のため自治体内人口は未集計"},"geometry":{"type":"Polygon","coordinates":[[[131.25625,33.050000000000004],[131.25625,33.05416666666667],[131.2625,33.05416666666667],[131.2625,33.050000000000004],[131.25625,33.050000000000004]]]}},{"type":"Feature","id":"44208:493142611","properties":{"id":"44208:493142611","meshCode":"493142611","cityCode":"44208","city":"竹田市","lat":33.0520833,"lon":131.265625,"areaKm2":0.2697492,"populated2020":false,"population2020":null,"populationNote":"境界またぎ・収録外等のため自治体内人口は未集計"},"geometry":{"type":"Polygon","coordinates":[[[131.2625,33.050000000000004],[131.2625,33.05416666666667],[131.26875,33.05416666666667],[131.26875,33.05],[131.2625,33.050000000000004]]]}},{"type":"Feature","id":"44208:493142612","properties":{"id":"44208:493142612","meshCode":"493142612","cityCode":"44208","city":"竹田市","lat":33.0520833,"lon":131.271875,"areaKm2":0.2697492,"populated2020":false,"population2020":null,"populationNote":"境界またぎ・収録外等のため自治体内人口は未集計"},"geometry":{"type":"Polygon","coordinates":[[[131.26875,33.05],[131.26875,33.05416666666667],[131.275,33.05416666666667],[131.275,33.05],[131.26875,33.05]]]}},{"type":"Feature","id":"44208:493142621","properties":{"id":"44208:493142621","meshCode":"493142621","cityCode":"44208","city":"竹田市","lat":33.0520833,"lon":131.278125,"areaKm2":0.2697492,"populated2020":false,"population2020":null,"populationNote":"境界またぎ・収録外等のため自治体内人口は未集計"},"geometry":{"type":"Polygon","coordinates":[[[131.275,33.05],[131.275,33.05416666666667],[131.28125,33.05416666666667],[131.28125,33.05],[131.275,33.05]]]}},{"type":"Feature","id":"44208:493142622","properties":{"id":"44208:493142622","meshCode":"493142622","cityCode":"44208","city":"竹田市","lat":33.0520833,"lon":131.284375,"areaKm2":0.2697492,"populated2020":false,"population2020":null,"populationNote":"境界またぎ・収録外等のため自治体内人口は未集計"},"geometry":{"type":"Polygon","coordinates":[[[131.28125,33.05],[131.28125,33.05416666666667],[131.2875,33.05416666666667],[131.2875,33.05],[131.28125,33.05]]]}},{"type":"Feature","id":"44208:493142631","properties":{"id":"44208:493142631","meshCode":"493142631","cityCode":"44208","city":"竹田市","lat":33.0520833,"lon":131.290625,"areaKm2":0.2697492,"populated2020":false,"population2020":null,"populationNote":"境界またぎ・収録外等のため自治体内人口は未集計"},"geometry":{"type":"Polygon","coordinates":[[[131.2875,33.05],[131.2875,33.05416666666667],[131.29375,33.054166666666674],[131.29375,33.05],[131.2875,33.05]]]}},{"type":"Feature","id":"44208:493142632","properties":{"id":"44208:493142632","meshCode":"493142632","cityCode":"44208","city":"竹田市","lat":33.0520833,"lon":131.296875,"areaKm2":0.2697492,"populated2020":true,"population2020":7.0076,"populationNote":"2020年基準人口（国交省調整値）"},"geometry":{"type":"Polygon","coordinates":[[[131.29375,33.05],[131.29375,33.054166666666674],[131.30000000000004,33.05416666666667],[131.30000000000004,33.050000000000004],[131.29375,33.05]]]}},{"type":"Feature","id":"44208:493142641","properties":{"id":"44208:493142641","meshCode":"493142641","cityCode":"44208","city":"竹田市","lat":33.0520833,"lon":131.303125,"areaKm2":0.2697492,"populated2020":true,"population2020":5.9998,"populationNote":"2020年基準人口（国交省調整値）"},"geometry":{"type":"Polygon","coordinates":[[[131.30000000000004,33.050000000000004],[131.30000000000004,33.05416666666667],[131.30625,33.054166666666674],[131.30625,33.050000000000004],[131.30000000000004,33.050000000000004]]]}},{"type":"Feature","id":"44208:493142642","properties":{"id":"44208:493142642","meshCode":"493142642","cityCode":"44208","city":"竹田市","lat":33.0520833,"lon":131.309375,"areaKm2":0.2697492,"populated2020":false,"population2020":null,"populationNote":"境界またぎ・収録外等のため自治体内人口は未集計"},"geometry":{"type":"Polygon","coordinates":[[[131.30625,33.050000000000004],[131.30625,33.054166666666674],[131.3125,33.05416666666667],[131.3125,33.05],[131.30625,33.050000000000004]]]}},{"type":"Feature","id":"44208:493142651","properties":{"id":"44208:493142651","meshCode":"493142651","cityCode":"44208","city":"竹田市","lat":33.0520833,"lon":131.315625,"areaKm2":0.2697492,"populated2020":false,"population2020":null,"populationNote":"境界またぎ・収録外等のため自治体内人口は未集計"},"geometry":{"type":"Polygon","coordinates":[[[131.3125,33.05],[131.3125,33.05416666666667],[131.31875,33.05416666666667],[131.31875,33.050000000000004],[131.3125,33.05]]]}},{"type":"Feature","id":"44208:493142652","properties":{"id":"44208:493142652","meshCode":"493142652","cityCode":"44208","city":"竹田市","lat":33.0520833,"lon":131.321875,"areaKm2":0.2697492,"populated2020":true,"population2020":14.0199,"populationNote":"2020年基準人口（国交省調整値）"},"geometry":{"type":"Polygon","coordinates":[[[131.31875,33.050000000000004],[131.31875,33.05416666666667],[131.325,33.054166666666674],[131.325,33.05],[131.31875,33.050000000000004]]]}},{"type":"Feature","id":"44208:493142661","properties":{"id":"44208:493142661","meshCode":"493142661","cityCode":"44208","city":"竹田市","lat":33.0520833,"lon":131.328125,"areaKm2":0.2697492,"populated2020":true,"population2020":51.0869,"populationNote":"2020年基準人口（国交省調整値）"},"geometry":{"type":"Polygon","coordinates":[[[131.325,33.05],[131.325,33.054166666666674],[131.33125,33.05416666666667],[131.33125,33.05],[131.325,33.05]]]}},{"type":"Feature","id":"44208:493142662","properties":{"id":"44208:493142662","meshCode":"493142662","cityCode":"44208","city":"竹田市","lat":33.0520833,"lon":131.334375,"areaKm2":0.2697492,"populated2020":true,"population2020":6.0025,"populationNote":"2020年基準人口（国交省調整値）"},"geometry":{"type":"Polygon","coordinates":[[[131.33125,33.05],[131.33125,33.05416666666667],[131.3375,33.05416666666667],[131.3375,33.050000000000004],[131.33125,33.05]]]}},{"type":"Feature","id":"44208:493142671","properties":{"id":"44208:493142671","meshCode":"493142671","cityCode":"44208","city":"竹田市","lat":33.0520833,"lon":131.340625,"areaKm2":0.2697492,"populated2020":true,"population2020":16.1236,"populationNote":"2020年基準人口（国交省調整値）"},"geometry":{"type":"Polygon","coordinates":[[[131.3375,33.050000000000004],[131.3375,33.05416666666667],[131.34375,33.054166666666674],[131.34375,33.050000000000004],[131.3375,33.050000000000004]]]}},{"type":"Feature","id":"44208:493142672","properties":{"id":"44208:493142672","meshCode":"493142672","cityCode":"44208","city":"竹田市","lat":33.0520833,"lon":131.346875,"areaKm2":0.2697492,"populated2020":false,"population2020":null,"populationNote":"境界またぎ・収録外等のため自治体内人口は未集計"},"geometry":{"type":"Polygon","coordinates":[[[131.34375,33.050000000000004],[131.34375,33.054166666666674],[131.35,33.05416666666667],[131.35,33.050000000000004],[131.34375,33.050000000000004]]]}},{"type":"Feature","id":"44208:493142681","properties":{"id":"44208:493142681","meshCode":"493142681","cityCode":"44208","city":"竹田市","lat":33.0520833,"lon":131.353125,"areaKm2":0.2697492,"populated2020":false,"population2020":null,"populationNote":"境界またぎ・収録外等のため自治体内人口は未集計"},"geometry":{"type":"Polygon","coordinates":[[[131.35,33.050000000000004],[131.35,33.05416666666667],[131.35625000000002,33.05416666666666],[131.35625000000002,33.050000000000004],[131.35,33.050000000000004]]]}},{"type":"Feature","id":"44208:493142682","properties":{"id":"44208:493142682","meshCode":"493142682","cityCode":"44208","city":"竹田市","lat":33.0520833,"lon":131.359375,"areaKm2":0.2697492,"populated2020":false,"population2020":null,"populationNote":"境界またぎ・収録外等のため自治体内人口は未集計"},"geometry":{"type":"Polygon","coordinates":[[[131.35625000000002,33.050000000000004],[131.35625000000002,33.05416666666666],[131.3625,33.05416666666667],[131.3625,33.05],[131.35625000000002,33.050000000000004]]]}},{"type":"Feature","id":"44208:493142691","properties":{"id":"44208:493142691","meshCode":"493142691","cityCode":"44208","city":"竹田市","lat":33.0520833,"lon":131.365625,"areaKm2":0.2697492,"populated2020":false,"population2020":null,"populationNote":"境界またぎ・収録外等のため自治体内人口は未集計"},"geometry":{"type":"Polygon","coordinates":[[[131.3625,33.05],[131.3625,33.05416666666667],[131.36875,33.05416666666667],[131.36875,33.05],[131.3625,33.05]]]}},{"type":"Feature","id":"44208:493142692","properties":{"id":"44208:493142692","meshCode":"493142692","cityCode":"44208","city":"竹田市","lat":33.0520833,"lon":131.371875,"areaKm2":0.2697492,"populated2020":false,"population2020":null,"populationNote":"境界またぎ・収録外等のため自治体内人口は未集計"},"geometry":{"type":"Polygon","coordinates":[[[131.36875,33.05],[131.36875,33.05416666666667],[131.375,33.054166666666674],[131.375,33.05],[131.36875,33.05]]]}},{"type":"Feature","id":"44208:493143601","properties":{"id":"44208:493143601","meshCode":"493143601","cityCode":"44208","city":"竹田市","lat":33.0520833,"lon":131.378125,"areaKm2":0.2697492,"populated2020":false,"population2020":null,"populationNote":"境界またぎ・収録外等のため自治体内人口は未集計"},"geometry":{"type":"Polygon","coordinates":[[[131.375,33.05],[131.375,33.054166666666674],[131.38125,33.054166666666674],[131.38125,33.050000000000004],[131.375,33.05]]]}},{"type":"Feature","id":"44208:493143602","properties":{"id":"44208:493143602","meshCode":"493143602","cityCode":"44208","city":"竹田市","lat":33.0520833,"lon":131.384375,"areaKm2":0.2697492,"populated2020":false,"population2020":null,"populationNote":"境界またぎ・収録外等のため自治体内人口は未集計"},"geometry":{"type":"Polygon","coordinates":[[[131.38125,33.050000000000004],[131.38125,33.054166666666674],[131.3875,33.05416666666667],[131.3875,33.050000000000004],[131.38125,33.050000000000004]]]}},{"type":"Feature","id":"44208:493143611","properties":{"id":"44208:493143611","meshCode":"493143611","cityCode":"44208","city":"竹田市","lat":33.0520833,"lon":131.390625,"areaKm2":0.2697492,"populated2020":true,"population2020":23.0302,"populationNote":"2020年基準人口（国交省調整値）"},"geometry":{"type":"Polygon","coordinates":[[[131.3875,33.050000000000004],[131.3875,33.05416666666667],[131.39375,33.054166666666674],[131.39375,33.050000000000004],[131.3875,33.050000000000004]]]}},{"type":"Feature","id":"44208:493143612","properties":{"id":"44208:493143612","meshCode":"493143612","cityCode":"44208","city":"竹田市","lat":33.0520833,"lon":131.396875,"areaKm2":0.2697492,"populated2020":true,"population2020":27.0373,"populationNote":"2020年基準人口（国交省調整値）"},"geometry":{"type":"Polygon","coordinates":[[[131.39375,33.050000000000004],[131.39375,33.054166666666674],[131.4,33.054166666666674],[131.4,33.050000000000004],[131.39375,33.050000000000004]]]}},{"type":"Feature","id":"44208:493143621","properties":{"id":"44208:493143621","meshCode":"493143621","cityCode":"44208","city":"竹田市","lat":33.0519208,"lon":131.4011917,"areaKm2":0.1225453,"populated2020":false,"population2020":null,"populationNote":"境界またぎ・収録外等のため自治体内人口は未集計"},"geometry":{"type":"Polygon","coordinates":[[[131.403544475,33.05400284700001],[131.403095577,33.053560901],[131.40268585,33.052851739],[131.402454176,33.052303405],[131.402320285,33.051326459],[131.40236751,33.051189514],[131.403037224,33.050567017999995],[131.403590843,33.05018979300001],[131.404413126,33.05],[131.4,33.050000000000004],[131.4,33.054166666666674],[131.40387647356593,33.05416666666667],[131.403544475,33.05400284700001]]]}},{"type":"Feature","id":"44208:493141664","properties":{"id":"44208:493141664","meshCode":"493141664","cityCode":"44208","city":"竹田市","lat":33.0576998,"lon":131.2113527,"areaKm2":0.0259463,"populated2020":false,"population2020":null,"populationNote":"境界またぎ・収録外等のため自治体内人口は未集計"},"geometry":{"type":"Polygon","coordinates":[[[131.2125,33.057156845027784],[131.21059367099997,33.05755343200003],[131.20981700400012,33.05784621600009],[131.20917411158467,33.05833333333334],[131.2125,33.05833333333333],[131.2125,33.057156845027784]]]}},{"type":"Feature","id":"44208:493141673","properties":{"id":"44208:493141673","meshCode":"493141673","cityCode":"44208","city":"竹田市","lat":33.05625,"lon":131.215625,"areaKm2":0.2069249,"populated2020":false,"population2020":null,"populationNote":"境界またぎ・収録外等のため自治体内人口は未集計"},"geometry":{"type":"Polygon","coordinates":[[[131.21609670600014,33.05420171199995],[131.213246991,33.056863405],[131.2125,33.057156845027784],[131.2125,33.05833333333333],[131.21875,33.05833333333333],[131.21875,33.05416666666667],[131.21609670600014,33.05420171199995]]]}},{"type":"Feature","id":"44208:493141674","properties":{"id":"44208:493141674","meshCode":"493141674","cityCode":"44208","city":"竹田市","lat":33.05625,"lon":131.221875,"areaKm2":0.2697367,"populated2020":false,"population2020":null,"populationNote":"境界またぎ・収録外等のため自治体内人口は未集計"},"geometry":{"type":"Polygon","coordinates":[[[131.21875,33.05416666666667],[131.21875,33.05833333333333],[131.225,33.05833333333334],[131.225,33.05416666666667],[131.21875,33.05416666666667]]]}},{"type":"Feature","id":"44208:493141683","properties":{"id":"44208:493141683","meshCode":"493141683","cityCode":"44208","city":"竹田市","lat":33.05625,"lon":131.228125,"areaKm2":0.2697367,"populated2020":true,"population2020":2.0029,"populationNote":"2020年基準人口（国交省調整値）"},"geometry":{"type":"Polygon","coordinates":[[[131.225,33.05416666666667],[131.225,33.05833333333334],[131.23125,33.05833333333334],[131.23125,33.05416666666667],[131.225,33.05416666666667]]]}},{"type":"Feature","id":"44208:493141684","properties":{"id":"44208:493141684","meshCode":"493141684","cityCode":"44208","city":"竹田市","lat":33.05625,"lon":131.234375,"areaKm2":0.2697367,"populated2020":false,"population2020":null,"populationNote":"境界またぎ・収録外等のため自治体内人口は未集計"},"geometry":{"type":"Polygon","coordinates":[[[131.23125,33.05416666666667],[131.23125,33.05833333333334],[131.2375,33.05833333333334],[131.2375,33.05416666666667],[131.23125,33.05416666666667]]]}},{"type":"Feature","id":"44208:493141693","properties":{"id":"44208:493141693","meshCode":"493141693","cityCode":"44208","city":"竹田市","lat":33.05625,"lon":131.240625,"areaKm2":0.2697367,"populated2020":false,"population2020":null,"populationNote":"境界またぎ・収録外等のため自治体内人口は未集計"},"geometry":{"type":"Polygon","coordinates":[[[131.2375,33.05416666666667],[131.2375,33.05833333333334],[131.24375,33.05833333333333],[131.24375,33.05416666666667],[131.2375,33.05416666666667]]]}},{"type":"Feature","id":"44208:493141694","properties":{"id":"44208:493141694","meshCode":"493141694","cityCode":"44208","city":"竹田市","lat":33.05625,"lon":131.246875,"areaKm2":0.2697367,"populated2020":false,"population2020":null,"populationNote":"境界またぎ・収録外等のため自治体内人口は未集計"},"geometry":{"type":"Polygon","coordinates":[[[131.24375,33.05416666666667],[131.24375,33.05833333333333],[131.25,33.05833333333333],[131.25,33.05416666666667],[131.24375,33.05416666666667]]]}},{"type":"Feature","id":"44208:493142603","properties":{"id":"44208:493142603","meshCode":"493142603","cityCode":"44208","city":"竹田市","lat":33.05625,"lon":131.253125,"areaKm2":0.2697367,"populated2020":false,"population2020":null,"populationNote":"境界またぎ・収録外等のため自治体内人口は未集計"},"geometry":{"type":"Polygon","coordinates":[[[131.25,33.05416666666667],[131.25,33.05833333333333],[131.25625,33.05833333333334],[131.25625,33.05416666666667],[131.25,33.05416666666667]]]}},{"type":"Feature","id":"44208:493142604","properties":{"id":"44208:493142604","meshCode":"493142604","cityCode":"44208","city":"竹田市","lat":33.05625,"lon":131.259375,"areaKm2":0.2697367,"populated2020":false,"population2020":null,"populationNote":"境界またぎ・収録外等のため自治体内人口は未集計"},"geometry":{"type":"Polygon","coordinates":[[[131.25625,33.05416666666667],[131.25625,33.05833333333334],[131.2625,33.05833333333334],[131.2625,33.05416666666667],[131.25625,33.05416666666667]]]}},{"type":"Feature","id":"44208:493142613","properties":{"id":"44208:493142613","meshCode":"493142613","cityCode":"44208","city":"竹田市","lat":33.05625,"lon":131.265625,"areaKm2":0.2697367,"populated2020":false,"population2020":null,"populationNote":"境界またぎ・収録外等のため自治体内人口は未集計"},"geometry":{"type":"Polygon","coordinates":[[[131.2625,33.05416666666667],[131.2625,33.05833333333334],[131.26875,33.05833333333333],[131.26875,33.05416666666667],[131.2625,33.05416666666667]]]}},{"type":"Feature","id":"44208:493142614","properties":{"id":"44208:493142614","meshCode":"493142614","cityCode":"44208","city":"竹田市","lat":33.05625,"lon":131.271875,"areaKm2":0.2697367,"populated2020":false,"population2020":null,"populationNote":"境界またぎ・収録外等のため自治体内人口は未集計"},"geometry":{"type":"Polygon","coordinates":[[[131.26875,33.05416666666667],[131.26875,33.05833333333333],[131.275,33.05833333333333],[131.275,33.05416666666667],[131.26875,33.05416666666667]]]}},{"type":"Feature","id":"44208:493142623","properties":{"id":"44208:493142623","meshCode":"493142623","cityCode":"44208","city":"竹田市","lat":33.05625,"lon":131.278125,"areaKm2":0.2697367,"populated2020":false,"population2020":null,"populationNote":"境界またぎ・収録外等のため自治体内人口は未集計"},"geometry":{"type":"Polygon","coordinates":[[[131.275,33.05416666666667],[131.275,33.05833333333333],[131.28125,33.05833333333333],[131.28125,33.05416666666667],[131.275,33.05416666666667]]]}},{"type":"Feature","id":"44208:493142624","properties":{"id":"44208:493142624","meshCode":"493142624","cityCode":"44208","city":"竹田市","lat":33.05625,"lon":131.284375,"areaKm2":0.2697367,"populated2020":false,"population2020":null,"populationNote":"境界またぎ・収録外等のため自治体内人口は未集計"},"geometry":{"type":"Polygon","coordinates":[[[131.28125,33.05416666666667],[131.28125,33.05833333333333],[131.2875,33.05833333333333],[131.2875,33.05416666666667],[131.28125,33.05416666666667]]]}},{"type":"Feature","id":"44208:493142633","properties":{"id":"44208:493142633","meshCode":"493142633","cityCode":"44208","city":"竹田市","lat":33.05625,"lon":131.290625,"areaKm2":0.2697367,"populated2020":false,"population2020":null,"populationNote":"境界またぎ・収録外等のため自治体内人口は未集計"},"geometry":{"type":"Polygon","coordinates":[[[131.2875,33.05416666666667],[131.2875,33.05833333333333],[131.29375,33.05833333333333],[131.29375,33.054166666666674],[131.2875,33.05416666666667]]]}},{"type":"Feature","id":"44208:493142634","properties":{"id":"44208:493142634","meshCode":"493142634","cityCode":"44208","city":"竹田市","lat":33.05625,"lon":131.296875,"areaKm2":0.2697367,"populated2020":true,"population2020":26.0306,"populationNote":"2020年基準人口（国交省調整値）"},"geometry":{"type":"Polygon","coordinates":[[[131.29375,33.054166666666674],[131.29375,33.05833333333333],[131.30000000000004,33.05833333333334],[131.30000000000004,33.05416666666667],[131.29375,33.054166666666674]]]}},{"type":"Feature","id":"44208:493142643","properties":{"id":"44208:493142643","meshCode":"493142643","cityCode":"44208","city":"竹田市","lat":33.05625,"lon":131.303125,"areaKm2":0.2697367,"populated2020":true,"population2020":13.0263,"populationNote":"2020年基準人口（国交省調整値）"},"geometry":{"type":"Polygon","coordinates":[[[131.30000000000004,33.05416666666667],[131.30000000000004,33.05833333333334],[131.30625,33.05833333333334],[131.30625,33.054166666666674],[131.30000000000004,33.05416666666667]]]}},{"type":"Feature","id":"44208:493142644","properties":{"id":"44208:493142644","meshCode":"493142644","cityCode":"44208","city":"竹田市","lat":33.05625,"lon":131.309375,"areaKm2":0.2697367,"populated2020":true,"population2020":92.3685,"populationNote":"2020年基準人口（国交省調整値）"},"geometry":{"type":"Polygon","coordinates":[[[131.30625,33.054166666666674],[131.30625,33.05833333333334],[131.3125,33.05833333333334],[131.3125,33.05416666666667],[131.30625,33.054166666666674]]]}},{"type":"Feature","id":"44208:493142653","properties":{"id":"44208:493142653","meshCode":"493142653","cityCode":"44208","city":"竹田市","lat":33.05625,"lon":131.315625,"areaKm2":0.2697367,"populated2020":true,"population2020":2.0686,"populationNote":"2020年基準人口（国交省調整値）"},"geometry":{"type":"Polygon","coordinates":[[[131.3125,33.05416666666667],[131.3125,33.05833333333334],[131.31875,33.05833333333334],[131.31875,33.05416666666667],[131.3125,33.05416666666667]]]}},{"type":"Feature","id":"44208:493142654","properties":{"id":"44208:493142654","meshCode":"493142654","cityCode":"44208","city":"竹田市","lat":33.05625,"lon":131.321875,"areaKm2":0.2697367,"populated2020":true,"population2020":62.2142,"populationNote":"2020年基準人口（国交省調整値）"},"geometry":{"type":"Polygon","coordinates":[[[131.31875,33.05416666666667],[131.31875,33.05833333333334],[131.325,33.05833333333333],[131.325,33.054166666666674],[131.31875,33.05416666666667]]]}},{"type":"Feature","id":"44208:493142663","properties":{"id":"44208:493142663","meshCode":"493142663","cityCode":"44208","city":"竹田市","lat":33.05625,"lon":131.328125,"areaKm2":0.2697367,"populated2020":true,"population2020":236.3396,"populationNote":"2020年基準人口（国交省調整値）"},"geometry":{"type":"Polygon","coordinates":[[[131.325,33.054166666666674],[131.325,33.05833333333333],[131.33125,33.05833333333333],[131.33125,33.05416666666667],[131.325,33.054166666666674]]]}},{"type":"Feature","id":"44208:493142664","properties":{"id":"44208:493142664","meshCode":"493142664","cityCode":"44208","city":"竹田市","lat":33.05625,"lon":131.334375,"areaKm2":0.2697367,"populated2020":true,"population2020":78.0839,"populationNote":"2020年基準人口（国交省調整値）"},"geometry":{"type":"Polygon","coordinates":[[[131.33125,33.05416666666667],[131.33125,33.05833333333333],[131.3375,33.05833333333334],[131.3375,33.05416666666667],[131.33125,33.05416666666667]]]}},{"type":"Feature","id":"44208:493142673","properties":{"id":"44208:493142673","meshCode":"493142673","cityCode":"44208","city":"竹田市","lat":33.05625,"lon":131.340625,"areaKm2":0.2697367,"populated2020":true,"population2020":25.0455,"populationNote":"2020年基準人口（国交省調整値）"},"geometry":{"type":"Polygon","coordinates":[[[131.3375,33.05416666666667],[131.3375,33.05833333333334],[131.34375,33.05833333333333],[131.34375,33.054166666666674],[131.3375,33.05416666666667]]]}},{"type":"Feature","id":"44208:493142674","properties":{"id":"44208:493142674","meshCode":"493142674","cityCode":"44208","city":"竹田市","lat":33.05625,"lon":131.346875,"areaKm2":0.2697367,"populated2020":true,"population2020":2.0313,"populationNote":"2020年基準人口（国交省調整値）"},"geometry":{"type":"Polygon","coordinates":[[[131.34375,33.054166666666674],[131.34375,33.05833333333333],[131.35,33.05833333333333],[131.35,33.05416666666667],[131.34375,33.054166666666674]]]}},{"type":"Feature","id":"44208:493142683","properties":{"id":"44208:493142683","meshCode":"493142683","cityCode":"44208","city":"竹田市","lat":33.05625,"lon":131.353125,"areaKm2":0.2697367,"populated2020":false,"population2020":null,"populationNote":"境界またぎ・収録外等のため自治体内人口は未集計"},"geometry":{"type":"Polygon","coordinates":[[[131.35,33.05416666666667],[131.35,33.05833333333333],[131.35625000000002,33.05833333333333],[131.35625000000002,33.05416666666666],[131.35,33.05416666666667]]]}},{"type":"Feature","id":"44208:493142684","properties":{"id":"44208:493142684","meshCode":"493142684","cityCode":"44208","city":"竹田市","lat":33.05625,"lon":131.359375,"areaKm2":0.2697367,"populated2020":false,"population2020":null,"populationNote":"境界またぎ・収録外等のため自治体内人口は未集計"},"geometry":{"type":"Polygon","coordinates":[[[131.35625000000002,33.05416666666666],[131.35625000000002,33.05833333333333],[131.3625,33.05833333333333],[131.3625,33.05416666666667],[131.35625000000002,33.05416666666666]]]}},{"type":"Feature","id":"44208:493142693","properties":{"id":"44208:493142693","meshCode":"493142693","cityCode":"44208","city":"竹田市","lat":33.05625,"lon":131.365625,"areaKm2":0.2697367,"populated2020":true,"population2020":7.9921,"populationNote":"2020年基準人口（国交省調整値）"},"geometry":{"type":"Polygon","coordinates":[[[131.3625,33.05416666666667],[131.3625,33.05833333333333],[131.36875,33.05833333333334],[131.36875,33.05416666666667],[131.3625,33.05416666666667]]]}},{"type":"Feature","id":"44208:493142694","properties":{"id":"44208:493142694","meshCode":"493142694","cityCode":"44208","city":"竹田市","lat":33.05625,"lon":131.371875,"areaKm2":0.2697367,"populated2020":false,"population2020":null,"populationNote":"境界またぎ・収録外等のため自治体内人口は未集計"},"geometry":{"type":"Polygon","coordinates":[[[131.36875,33.05416666666667],[131.36875,33.05833333333334],[131.375,33.05833333333333],[131.375,33.054166666666674],[131.36875,33.05416666666667]]]}},{"type":"Feature","id":"44208:493143603","properties":{"id":"44208:493143603","meshCode":"493143603","cityCode":"44208","city":"竹田市","lat":33.05625,"lon":131.378125,"areaKm2":0.2697367,"populated2020":false,"population2020":null,"populationNote":"境界またぎ・収録外等のため自治体内人口は未集計"},"geometry":{"type":"Polygon","coordinates":[[[131.375,33.054166666666674],[131.375,33.05833333333333],[131.38125,33.05833333333334],[131.38125,33.054166666666674],[131.375,33.054166666666674]]]}},{"type":"Feature","id":"44208:493143604","properties":{"id":"44208:493143604","meshCode":"493143604","cityCode":"44208","city":"竹田市","lat":33.05625,"lon":131.384375,"areaKm2":0.2697367,"populated2020":false,"population2020":null,"populationNote":"境界またぎ・収録外等のため自治体内人口は未集計"},"geometry":{"type":"Polygon","coordinates":[[[131.38125,33.054166666666674],[131.38125,33.05833333333334],[131.3875,33.05833333333333],[131.3875,33.05416666666667],[131.38125,33.054166666666674]]]}},{"type":"Feature","id":"44208:493143613","properties":{"id":"44208:493143613","meshCode":"493143613","cityCode":"44208","city":"竹田市","lat":33.05625,"lon":131.390625,"areaKm2":0.2697367,"populated2020":false,"population2020":null,"populationNote":"境界またぎ・収録外等のため自治体内人口は未集計"},"geometry":{"type":"Polygon","coordinates":[[[131.3875,33.05416666666667],[131.3875,33.05833333333333],[131.39375,33.05833333333333],[131.39375,33.054166666666674],[131.3875,33.05416666666667]]]}},{"type":"Feature","id":"44208:493143614","properties":{"id":"44208:493143614","meshCode":"493143614","cityCode":"44208","city":"竹田市","lat":33.05625,"lon":131.396875,"areaKm2":0.2534034,"populated2020":true,"population2020":null,"populationNote":"境界またぎ・収録外等のため自治体内人口は未集計"},"geometry":{"type":"Polygon","coordinates":[[[131.398017237,33.058333333],[131.398347263,33.058092018],[131.398898651,33.05793007199999],[131.399259754,33.056946468],[131.4,33.056964712],[131.4,33.054166666666674],[131.39375,33.054166666666674],[131.39375,33.05833333333333],[131.398017237,33.058333333]]]}},{"type":"Feature","id":"44208:493143623","properties":{"id":"44208:493143623","meshCode":"493143623","cityCode":"44208","city":"竹田市","lat":33.05625,"lon":131.403125,"areaKm2":0.1879622,"populated2020":false,"population2020":null,"populationNote":"境界またぎ・収録外等のため自治体内人口は未集計"},"geometry":{"type":"Polygon","coordinates":[[[131.400244202,33.057002297000004],[131.400496148,33.057226459000006],[131.400690869,33.05765173900001],[131.400926991,33.057707846999996],[131.40112393,33.05762062200001],[131.401501984,33.057222288000006],[131.40197476,33.056998396],[131.40230559,33.056668396],[131.402470869,33.056662568],[131.402588923,33.05678673],[131.403108923,33.056830622],[131.403235045,33.056898954999994],[131.403770597,33.05764561299999],[131.404208651,33.05781061300001],[131.40542144,33.057524505],[131.40625,33.05745856803592],[131.40625,33.0563370218399],[131.405670039,33.055644784],[131.405559754,33.055003667],[131.405165863,33.054443396],[131.40387647356593,33.05416666666667],[131.4,33.054166666666674],[131.4,33.056964712],[131.400244202,33.057002297000004]]]}},{"type":"Feature","id":"44208:493143624","properties":{"id":"44208:493143624","meshCode":"493143624","cityCode":"44208","city":"竹田市","lat":33.0569175,"lon":131.4065426,"areaKm2":0.0043013,"populated2020":false,"population2020":null,"populationNote":"境界またぎ・収録外等のため自治体内人口は未集計"},"geometry":{"type":"Polygon","coordinates":[[[131.40625,33.05745856803592],[131.406768379,33.057200883],[131.406878379,33.056964216],[131.40625,33.0563370218399],[131.40625,33.05745856803592]]]}},{"type":"Feature","id":"44208:493141761","properties":{"id":"44208:493141761","meshCode":"493141761","cityCode":"44208","city":"竹田市","lat":33.0618642,"lon":131.2048934,"areaKm2":0.0159607,"populated2020":false,"population2020":null,"populationNote":"境界またぎ・収録外等のため自治体内人口は未集計"},"geometry":{"type":"Polygon","coordinates":[[[131.20625,33.06135631027394],[131.20566638100001,33.06192834199999],[131.20546568100008,33.06202750500011],[131.205386018,33.061770568000036],[131.20477913100012,33.06137468500009],[131.2042677170001,33.061594072000055],[131.20463127100015,33.06235459499999],[131.2045378624399,33.06249999999999],[131.20625,33.0625],[131.20625,33.06135631027394]]]}},{"type":"Feature","id":"44208:493141762","properties":{"id":"44208:493141762","meshCode":"493141762","cityCode":"44208","city":"竹田市","lat":33.0604167,"lon":131.209375,"areaKm2":0.2228782,"populated2020":false,"population2020":null,"populationNote":"境界またぎ・収録外等のため自治体内人口は未集計"},"geometry":{"type":"Polygon","coordinates":[[[131.20917328100006,33.058334000000116],[131.20878422800013,33.05864762200014],[131.20872033699993,33.05887873000007],[131.20813507100016,33.059510405000026],[131.20625,33.06135631027394],[131.20625,33.0625],[131.2125,33.0625],[131.2125,33.05833333333333],[131.20917328100006,33.058334000000116]]]}},{"type":"Feature","id":"44208:493141771","properties":{"id":"44208:493141771","meshCode":"493141771","cityCode":"44208","city":"竹田市","lat":33.0604167,"lon":131.215625,"areaKm2":0.2697242,"populated2020":false,"population2020":null,"populationNote":"境界またぎ・収録外等のため自治体内人口は未集計"},"geometry":{"type":"Polygon","coordinates":[[[131.2125,33.05833333333333],[131.2125,33.0625],[131.21875,33.06249999999999],[131.21875,33.05833333333333],[131.2125,33.05833333333333]]]}},{"type":"Feature","id":"44208:493141772","properties":{"id":"44208:493141772","meshCode":"493141772","cityCode":"44208","city":"竹田市","lat":33.0604167,"lon":131.221875,"areaKm2":0.2697242,"populated2020":false,"population2020":null,"populationNote":"境界またぎ・収録外等のため自治体内人口は未集計"},"geometry":{"type":"Polygon","coordinates":[[[131.21875,33.05833333333333],[131.21875,33.06249999999999],[131.225,33.0625],[131.225,33.05833333333334],[131.21875,33.05833333333333]]]}},{"type":"Feature","id":"44208:493141781","properties":{"id":"44208:493141781","meshCode":"493141781","cityCode":"44208","city":"竹田市","lat":33.0604167,"lon":131.228125,"areaKm2":0.2697242,"populated2020":false,"population2020":null,"populationNote":"境界またぎ・収録外等のため自治体内人口は未集計"},"geometry":{"type":"Polygon","coordinates":[[[131.225,33.05833333333334],[131.225,33.0625],[131.23125,33.06250000000001],[131.23125,33.05833333333334],[131.225,33.05833333333334]]]}},{"type":"Feature","id":"44208:493141782","properties":{"id":"44208:493141782","meshCode":"493141782","cityCode":"44208","city":"竹田市","lat":33.0604167,"lon":131.234375,"areaKm2":0.2697242,"populated2020":false,"population2020":null,"populationNote":"境界またぎ・収録外等のため自治体内人口は未集計"},"geometry":{"type":"Polygon","coordinates":[[[131.23125,33.05833333333334],[131.23125,33.06250000000001],[131.2375,33.06249999999999],[131.2375,33.05833333333334],[131.23125,33.05833333333334]]]}},{"type":"Feature","id":"44208:493141791","properties":{"id":"44208:493141791","meshCode":"493141791","cityCode":"44208","city":"竹田市","lat":33.0604167,"lon":131.240625,"areaKm2":0.2697242,"populated2020":false,"population2020":null,"populationNote":"境界またぎ・収録外等のため自治体内人口は未集計"},"geometry":{"type":"Polygon","coordinates":[[[131.2375,33.05833333333334],[131.2375,33.06249999999999],[131.24375,33.0625],[131.24375,33.05833333333333],[131.2375,33.05833333333334]]]}},{"type":"Feature","id":"44208:493141792","properties":{"id":"44208:493141792","meshCode":"493141792","cityCode":"44208","city":"竹田市","lat":33.0604167,"lon":131.246875,"areaKm2":0.2697242,"populated2020":false,"population2020":null,"populationNote":"境界またぎ・収録外等のため自治体内人口は未集計"},"geometry":{"type":"Polygon","coordinates":[[[131.24375,33.05833333333333],[131.24375,33.0625],[131.25,33.0625],[131.25,33.05833333333333],[131.24375,33.05833333333333]]]}},{"type":"Feature","id":"44208:493142701","properties":{"id":"44208:493142701","meshCode":"493142701","cityCode":"44208","city":"竹田市","lat":33.0604167,"lon":131.253125,"areaKm2":0.2697242,"populated2020":false,"population2020":null,"populationNote":"境界またぎ・収録外等のため自治体内人口は未集計"},"geometry":{"type":"Polygon","coordinates":[[[131.25,33.05833333333333],[131.25,33.0625],[131.25625,33.0625],[131.25625,33.05833333333334],[131.25,33.05833333333333]]]}},{"type":"Feature","id":"44208:493142702","properties":{"id":"44208:493142702","meshCode":"493142702","cityCode":"44208","city":"竹田市","lat":33.0604167,"lon":131.259375,"areaKm2":0.2697242,"populated2020":false,"population2020":null,"populationNote":"境界またぎ・収録外等のため自治体内人口は未集計"},"geometry":{"type":"Polygon","coordinates":[[[131.25625,33.05833333333334],[131.25625,33.0625],[131.2625,33.0625],[131.2625,33.05833333333334],[131.25625,33.05833333333334]]]}},{"type":"Feature","id":"44208:493142711","properties":{"id":"44208:493142711","meshCode":"493142711","cityCode":"44208","city":"竹田市","lat":33.0604167,"lon":131.265625,"areaKm2":0.2697242,"populated2020":false,"population2020":null,"populationNote":"境界またぎ・収録外等のため自治体内人口は未集計"},"geometry":{"type":"Polygon","coordinates":[[[131.2625,33.05833333333334],[131.2625,33.0625],[131.26875,33.06250000000001],[131.26875,33.05833333333333],[131.2625,33.05833333333334]]]}},{"type":"Feature","id":"44208:493142712","properties":{"id":"44208:493142712","meshCode":"493142712","cityCode":"44208","city":"竹田市","lat":33.0604167,"lon":131.271875,"areaKm2":0.2697242,"populated2020":false,"population2020":null,"populationNote":"境界またぎ・収録外等のため自治体内人口は未集計"},"geometry":{"type":"Polygon","coordinates":[[[131.26875,33.05833333333333],[131.26875,33.06250000000001],[131.275,33.0625],[131.275,33.05833333333333],[131.26875,33.05833333333333]]]}},{"type":"Feature","id":"44208:493142721","properties":{"id":"44208:493142721","meshCode":"493142721","cityCode":"44208","city":"竹田市","lat":33.0604167,"lon":131.278125,"areaKm2":0.2697242,"populated2020":true,"population2020":1.0128,"populationNote":"2020年基準人口（国交省調整値）"},"geometry":{"type":"Polygon","coordinates":[[[131.275,33.05833333333333],[131.275,33.0625],[131.28125,33.0625],[131.28125,33.05833333333333],[131.275,33.05833333333333]]]}},{"type":"Feature","id":"44208:493142722","properties":{"id":"44208:493142722","meshCode":"493142722","cityCode":"44208","city":"竹田市","lat":33.0604167,"lon":131.284375,"areaKm2":0.2697242,"populated2020":false,"population2020":null,"populationNote":"境界またぎ・収録外等のため自治体内人口は未集計"},"geometry":{"type":"Polygon","coordinates":[[[131.28125,33.05833333333333],[131.28125,33.0625],[131.2875,33.06249999999999],[131.2875,33.05833333333333],[131.28125,33.05833333333333]]]}},{"type":"Feature","id":"44208:493142731","properties":{"id":"44208:493142731","meshCode":"493142731","cityCode":"44208","city":"竹田市","lat":33.0604167,"lon":131.290625,"areaKm2":0.2697242,"populated2020":false,"population2020":null,"populationNote":"境界またぎ・収録外等のため自治体内人口は未集計"},"geometry":{"type":"Polygon","coordinates":[[[131.2875,33.05833333333333],[131.2875,33.06249999999999],[131.29375,33.06250000000001],[131.29375,33.05833333333333],[131.2875,33.05833333333333]]]}},{"type":"Feature","id":"44208:493142732","properties":{"id":"44208:493142732","meshCode":"493142732","cityCode":"44208","city":"竹田市","lat":33.0604167,"lon":131.296875,"areaKm2":0.2697242,"populated2020":false,"population2020":null,"populationNote":"境界またぎ・収録外等のため自治体内人口は未集計"},"geometry":{"type":"Polygon","coordinates":[[[131.29375,33.05833333333333],[131.29375,33.06250000000001],[131.30000000000004,33.0625],[131.30000000000004,33.05833333333334],[131.29375,33.05833333333333]]]}},{"type":"Feature","id":"44208:493142741","properties":{"id":"44208:493142741","meshCode":"493142741","cityCode":"44208","city":"竹田市","lat":33.0604167,"lon":131.303125,"areaKm2":0.2697242,"populated2020":false,"population2020":null,"populationNote":"境界またぎ・収録外等のため自治体内人口は未集計"},"geometry":{"type":"Polygon","coordinates":[[[131.30000000000004,33.05833333333334],[131.30000000000004,33.0625],[131.30625,33.0625],[131.30625,33.05833333333334],[131.30000000000004,33.05833333333334]]]}},{"type":"Feature","id":"44208:493142742","properties":{"id":"44208:493142742","meshCode":"493142742","cityCode":"44208","city":"竹田市","lat":33.0604167,"lon":131.309375,"areaKm2":0.2697242,"populated2020":true,"population2020":6.0126,"populationNote":"2020年基準人口（国交省調整値）"},"geometry":{"type":"Polygon","coordinates":[[[131.30625,33.05833333333334],[131.30625,33.0625],[131.3125,33.0625],[131.3125,33.05833333333334],[131.30625,33.05833333333334]]]}},{"type":"Feature","id":"44208:493142751","properties":{"id":"44208:493142751","meshCode":"493142751","cityCode":"44208","city":"竹田市","lat":33.0604167,"lon":131.315625,"areaKm2":0.2697242,"populated2020":true,"population2020":2.0037,"populationNote":"2020年基準人口（国交省調整値）"},"geometry":{"type":"Polygon","coordinates":[[[131.3125,33.05833333333334],[131.3125,33.0625],[131.31875,33.06250000000001],[131.31875,33.05833333333334],[131.3125,33.05833333333334]]]}},{"type":"Feature","id":"44208:493142752","properties":{"id":"44208:493142752","meshCode":"493142752","cityCode":"44208","city":"竹田市","lat":33.0604167,"lon":131.321875,"areaKm2":0.2697242,"populated2020":true,"population2020":45.0546,"populationNote":"2020年基準人口（国交省調整値）"},"geometry":{"type":"Polygon","coordinates":[[[131.31875,33.05833333333334],[131.31875,33.06250000000001],[131.325,33.0625],[131.325,33.05833333333333],[131.31875,33.05833333333334]]]}},{"type":"Feature","id":"44208:493142761","properties":{"id":"44208:493142761","meshCode":"493142761","cityCode":"44208","city":"竹田市","lat":33.0604167,"lon":131.328125,"areaKm2":0.2697242,"populated2020":true,"population2020":61.9829,"populationNote":"2020年基準人口（国交省調整値）"},"geometry":{"type":"Polygon","coordinates":[[[131.325,33.05833333333333],[131.325,33.0625],[131.33125,33.06249999999999],[131.33125,33.05833333333333],[131.325,33.05833333333333]]]}},{"type":"Feature","id":"44208:493142762","properties":{"id":"44208:493142762","meshCode":"493142762","cityCode":"44208","city":"竹田市","lat":33.0604167,"lon":131.334375,"areaKm2":0.2697242,"populated2020":true,"population2020":25.0375,"populationNote":"2020年基準人口（国交省調整値）"},"geometry":{"type":"Polygon","coordinates":[[[131.33125,33.05833333333333],[131.33125,33.06249999999999],[131.3375,33.06250000000001],[131.3375,33.05833333333334],[131.33125,33.05833333333333]]]}},{"type":"Feature","id":"44208:493142771","properties":{"id":"44208:493142771","meshCode":"493142771","cityCode":"44208","city":"竹田市","lat":33.0604167,"lon":131.340625,"areaKm2":0.2697242,"populated2020":true,"population2020":21.05,"populationNote":"2020年基準人口（国交省調整値）"},"geometry":{"type":"Polygon","coordinates":[[[131.3375,33.05833333333334],[131.3375,33.06250000000001],[131.34375,33.0625],[131.34375,33.05833333333333],[131.3375,33.05833333333334]]]}},{"type":"Feature","id":"44208:493142772","properties":{"id":"44208:493142772","meshCode":"493142772","cityCode":"44208","city":"竹田市","lat":33.0604167,"lon":131.346875,"areaKm2":0.2697242,"populated2020":true,"population2020":17.0234,"populationNote":"2020年基準人口（国交省調整値）"},"geometry":{"type":"Polygon","coordinates":[[[131.34375,33.05833333333333],[131.34375,33.0625],[131.35,33.0625],[131.35,33.05833333333333],[131.34375,33.05833333333333]]]}},{"type":"Feature","id":"44208:493142781","properties":{"id":"44208:493142781","meshCode":"493142781","cityCode":"44208","city":"竹田市","lat":33.0604167,"lon":131.353125,"areaKm2":0.2697242,"populated2020":true,"population2020":9.01,"populationNote":"2020年基準人口（国交省調整値）"},"geometry":{"type":"Polygon","coordinates":[[[131.35,33.05833333333333],[131.35,33.0625],[131.35625000000002,33.0625],[131.35625000000002,33.05833333333333],[131.35,33.05833333333333]]]}},{"type":"Feature","id":"44208:493142782","properties":{"id":"44208:493142782","meshCode":"493142782","cityCode":"44208","city":"竹田市","lat":33.0604167,"lon":131.359375,"areaKm2":0.2697242,"populated2020":true,"population2020":23.0515,"populationNote":"2020年基準人口（国交省調整値）"},"geometry":{"type":"Polygon","coordinates":[[[131.35625000000002,33.05833333333333],[131.35625000000002,33.0625],[131.3625,33.06250000000001],[131.3625,33.05833333333333],[131.35625000000002,33.05833333333333]]]}},{"type":"Feature","id":"44208:493142791","properties":{"id":"44208:493142791","meshCode":"493142791","cityCode":"44208","city":"竹田市","lat":33.0604167,"lon":131.365625,"areaKm2":0.2697242,"populated2020":true,"population2020":35.0701,"populationNote":"2020年基準人口（国交省調整値）"},"geometry":{"type":"Polygon","coordinates":[[[131.3625,33.05833333333333],[131.3625,33.06250000000001],[131.36875,33.0625],[131.36875,33.05833333333334],[131.3625,33.05833333333333]]]}},{"type":"Feature","id":"44208:493142792","properties":{"id":"44208:493142792","meshCode":"493142792","cityCode":"44208","city":"竹田市","lat":33.0604167,"lon":131.371875,"areaKm2":0.2697242,"populated2020":true,"population2020":21.0132,"populationNote":"2020年基準人口（国交省調整値）"},"geometry":{"type":"Polygon","coordinates":[[[131.36875,33.05833333333334],[131.36875,33.0625],[131.375,33.0625],[131.375,33.05833333333333],[131.36875,33.05833333333334]]]}},{"type":"Feature","id":"44208:493143701","properties":{"id":"44208:493143701","meshCode":"493143701","cityCode":"44208","city":"竹田市","lat":33.0604167,"lon":131.378125,"areaKm2":0.2697242,"populated2020":false,"population2020":null,"populationNote":"境界またぎ・収録外等のため自治体内人口は未集計"},"geometry":{"type":"Polygon","coordinates":[[[131.375,33.05833333333333],[131.375,33.0625],[131.38125,33.06250000000001],[131.38125,33.05833333333334],[131.375,33.05833333333333]]]}},{"type":"Feature","id":"44208:493143702","properties":{"id":"44208:493143702","meshCode":"493143702","cityCode":"44208","city":"竹田市","lat":33.0604167,"lon":131.384375,"areaKm2":0.2697242,"populated2020":false,"population2020":null,"populationNote":"境界またぎ・収録外等のため自治体内人口は未集計"},"geometry":{"type":"Polygon","coordinates":[[[131.38125,33.05833333333334],[131.38125,33.06250000000001],[131.3875,33.06250000000001],[131.3875,33.05833333333333],[131.38125,33.05833333333334]]]}},{"type":"Feature","id":"44208:493143711","properties":{"id":"44208:493143711","meshCode":"493143711","cityCode":"44208","city":"竹田市","lat":33.0604167,"lon":131.390625,"areaKm2":0.2697242,"populated2020":false,"population2020":null,"populationNote":"境界またぎ・収録外等のため自治体内人口は未集計"},"geometry":{"type":"Polygon","coordinates":[[[131.3875,33.05833333333333],[131.3875,33.06250000000001],[131.39375,33.0625],[131.39375,33.05833333333333],[131.3875,33.05833333333333]]]}},{"type":"Feature","id":"44208:493143712","properties":{"id":"44208:493143712","meshCode":"493143712","cityCode":"44208","city":"竹田市","lat":33.0604167,"lon":131.396875,"areaKm2":0.134468,"populated2020":false,"population2020":null,"populationNote":"境界またぎ・収録外等のため自治体内人口は未集計"},"geometry":{"type":"MultiPolygon","coordinates":[[[[131.4,33.0625],[131.399408405,33.062493117],[131.399195901,33.062424514],[131.3987393540906,33.0625],[131.4,33.0625]]],[[[131.397508119,33.062492847],[131.397271725,33.06234340499999],[131.397098392,33.06234979300001],[131.39682482710992,33.06249999999999],[131.397508119,33.062492847]]],[[[131.39589206029163,33.0625],[131.395655888,33.06226591],[131.395198949,33.062160081],[131.395088664,33.06190480200001],[131.39518284,33.06161452300001],[131.395529494,33.061266189],[131.395616161,33.060805640000005],[131.39574227,33.06060036000001],[131.396143658,33.060500909999995],[131.397112555,33.060426189],[131.397514215,33.060202018],[131.39804978,33.060351459],[131.398378664,33.060222018],[131.398717549,33.05993591],[131.398741167,33.059811459],[131.398630882,33.05960591],[131.398087276,33.059269802],[131.397788106,33.058962856],[131.39780393,33.058757577],[131.39801723677482,33.05833333333333],[131.39375,33.05833333333333],[131.39375,33.0625],[131.39589206029163,33.0625]]]]}},{"type":"Feature","id":"44208:493143721","properties":{"id":"44208:493143721","meshCode":"493143721","cityCode":"44208","city":"竹田市","lat":33.0624853,"lon":131.4000589,"areaKm2":3.64e-05,"populated2020":false,"population2020":null,"populationNote":"境界またぎ・収録外等のため自治体内人口は未集計"},"geometry":{"type":"Polygon","coordinates":[[[131.400235629,33.06249339600001],[131.4,33.062477261],[131.4,33.0625],[131.400235629,33.06249339600001]]]}},{"type":"Feature","id":"44208:493141763","properties":{"id":"44208:493141763","meshCode":"493141763","cityCode":"44208","city":"竹田市","lat":33.0645833,"lon":131.203125,"areaKm2":0.1433139,"populated2020":false,"population2020":null,"populationNote":"境界またぎ・収録外等のため自治体内人口は未集計"},"geometry":{"type":"Polygon","coordinates":[[[131.2045378624399,33.06249999999999],[131.20345132300008,33.064119468000065],[131.20281479899995,33.064838775],[131.2009685083368,33.06666666666668],[131.20625,33.06666666666668],[131.20625,33.0625],[131.2045378624399,33.06249999999999]]]}},{"type":"Feature","id":"44208:493141764","properties":{"id":"44208:493141764","meshCode":"493141764","cityCode":"44208","city":"竹田市","lat":33.0645833,"lon":131.209375,"areaKm2":0.2697117,"populated2020":false,"population2020":null,"populationNote":"境界またぎ・収録外等のため自治体内人口は未集計"},"geometry":{"type":"Polygon","coordinates":[[[131.20625,33.0625],[131.20625,33.06666666666668],[131.2125,33.066666666666684],[131.2125,33.0625],[131.20625,33.0625]]]}},{"type":"Feature","id":"44208:493141773","properties":{"id":"44208:493141773","meshCode":"493141773","cityCode":"44208","city":"竹田市","lat":33.0645833,"lon":131.215625,"areaKm2":0.2697117,"populated2020":false,"population2020":null,"populationNote":"境界またぎ・収録外等のため自治体内人口は未集計"},"geometry":{"type":"Polygon","coordinates":[[[131.2125,33.0625],[131.2125,33.066666666666684],[131.21875,33.066666666666684],[131.21875,33.06249999999999],[131.2125,33.0625]]]}},{"type":"Feature","id":"44208:493141774","properties":{"id":"44208:493141774","meshCode":"493141774","cityCode":"44208","city":"竹田市","lat":33.0645833,"lon":131.221875,"areaKm2":0.2697117,"populated2020":false,"population2020":null,"populationNote":"境界またぎ・収録外等のため自治体内人口は未集計"},"geometry":{"type":"Polygon","coordinates":[[[131.21875,33.06249999999999],[131.21875,33.066666666666684],[131.225,33.066666666666684],[131.225,33.0625],[131.21875,33.06249999999999]]]}},{"type":"Feature","id":"44208:493141783","properties":{"id":"44208:493141783","meshCode":"493141783","cityCode":"44208","city":"竹田市","lat":33.0645833,"lon":131.228125,"areaKm2":0.2697117,"populated2020":false,"population2020":null,"populationNote":"境界またぎ・収録外等のため自治体内人口は未集計"},"geometry":{"type":"Polygon","coordinates":[[[131.225,33.0625],[131.225,33.066666666666684],[131.23125,33.066666666666684],[131.23125,33.06250000000001],[131.225,33.0625]]]}},{"type":"Feature","id":"44208:493141784","properties":{"id":"44208:493141784","meshCode":"493141784","cityCode":"44208","city":"竹田市","lat":33.0645833,"lon":131.234375,"areaKm2":0.2697117,"populated2020":false,"population2020":null,"populationNote":"境界またぎ・収録外等のため自治体内人口は未集計"},"geometry":{"type":"Polygon","coordinates":[[[131.23125,33.06250000000001],[131.23125,33.066666666666684],[131.2375,33.066666666666684],[131.2375,33.06249999999999],[131.23125,33.06250000000001]]]}},{"type":"Feature","id":"44208:493141793","properties":{"id":"44208:493141793","meshCode":"493141793","cityCode":"44208","city":"竹田市","lat":33.0645833,"lon":131.240625,"areaKm2":0.2697117,"populated2020":false,"population2020":null,"populationNote":"境界またぎ・収録外等のため自治体内人口は未集計"},"geometry":{"type":"Polygon","coordinates":[[[131.2375,33.06249999999999],[131.2375,33.066666666666684],[131.24375,33.06666666666668],[131.24375,33.0625],[131.2375,33.06249999999999]]]}},{"type":"Feature","id":"44208:493141794","properties":{"id":"44208:493141794","meshCode":"493141794","cityCode":"44208","city":"竹田市","lat":33.0645833,"lon":131.246875,"areaKm2":0.2697117,"populated2020":false,"population2020":null,"populationNote":"境界またぎ・収録外等のため自治体内人口は未集計"},"geometry":{"type":"Polygon","coordinates":[[[131.24375,33.0625],[131.24375,33.06666666666668],[131.25,33.066666666666684],[131.25,33.0625],[131.24375,33.0625]]]}},{"type":"Feature","id":"44208:493142703","properties":{"id":"44208:493142703","meshCode":"493142703","cityCode":"44208","city":"竹田市","lat":33.0645833,"lon":131.253125,"areaKm2":0.2697117,"populated2020":false,"population2020":null,"populationNote":"境界またぎ・収録外等のため自治体内人口は未集計"},"geometry":{"type":"Polygon","coordinates":[[[131.25,33.0625],[131.25,33.066666666666684],[131.25625,33.06666666666668],[131.25625,33.0625],[131.25,33.0625]]]}},{"type":"Feature","id":"44208:493142704","properties":{"id":"44208:493142704","meshCode":"493142704","cityCode":"44208","city":"竹田市","lat":33.0645833,"lon":131.259375,"areaKm2":0.2697117,"populated2020":false,"population2020":null,"populationNote":"境界またぎ・収録外等のため自治体内人口は未集計"},"geometry":{"type":"Polygon","coordinates":[[[131.25625,33.0625],[131.25625,33.06666666666668],[131.2625,33.066666666666684],[131.2625,33.0625],[131.25625,33.0625]]]}},{"type":"Feature","id":"44208:493142713","properties":{"id":"44208:493142713","meshCode":"493142713","cityCode":"44208","city":"竹田市","lat":33.0645833,"lon":131.265625,"areaKm2":0.2697117,"populated2020":false,"population2020":null,"populationNote":"境界またぎ・収録外等のため自治体内人口は未集計"},"geometry":{"type":"Polygon","coordinates":[[[131.2625,33.0625],[131.2625,33.066666666666684],[131.26875,33.066666666666684],[131.26875,33.06250000000001],[131.2625,33.0625]]]}},{"type":"Feature","id":"44208:493142714","properties":{"id":"44208:493142714","meshCode":"493142714","cityCode":"44208","city":"竹田市","lat":33.0645833,"lon":131.271875,"areaKm2":0.2697117,"populated2020":true,"population2020":1.0031,"populationNote":"2020年基準人口（国交省調整値）"},"geometry":{"type":"Polygon","coordinates":[[[131.26875,33.06250000000001],[131.26875,33.066666666666684],[131.275,33.066666666666684],[131.275,33.0625],[131.26875,33.06250000000001]]]}},{"type":"Feature","id":"44208:493142723","properties":{"id":"44208:493142723","meshCode":"493142723","cityCode":"44208","city":"竹田市","lat":33.0645833,"lon":131.278125,"areaKm2":0.2697117,"populated2020":false,"population2020":null,"populationNote":"境界またぎ・収録外等のため自治体内人口は未集計"},"geometry":{"type":"Polygon","coordinates":[[[131.275,33.0625],[131.275,33.066666666666684],[131.28125,33.06666666666668],[131.28125,33.0625],[131.275,33.0625]]]}},{"type":"Feature","id":"44208:493142724","properties":{"id":"44208:493142724","meshCode":"493142724","cityCode":"44208","city":"竹田市","lat":33.0645833,"lon":131.284375,"areaKm2":0.2697117,"populated2020":false,"population2020":null,"populationNote":"境界またぎ・収録外等のため自治体内人口は未集計"},"geometry":{"type":"Polygon","coordinates":[[[131.28125,33.0625],[131.28125,33.06666666666668],[131.2875,33.06666666666668],[131.2875,33.06249999999999],[131.28125,33.0625]]]}},{"type":"Feature","id":"44208:493142733","properties":{"id":"44208:493142733","meshCode":"493142733","cityCode":"44208","city":"竹田市","lat":33.0645833,"lon":131.290625,"areaKm2":0.2697117,"populated2020":false,"population2020":null,"populationNote":"境界またぎ・収録外等のため自治体内人口は未集計"},"geometry":{"type":"Polygon","coordinates":[[[131.2875,33.06249999999999],[131.2875,33.06666666666668],[131.29375,33.066666666666684],[131.29375,33.06250000000001],[131.2875,33.06249999999999]]]}},{"type":"Feature","id":"44208:493142734","properties":{"id":"44208:493142734","meshCode":"493142734","cityCode":"44208","city":"竹田市","lat":33.0645833,"lon":131.296875,"areaKm2":0.2697117,"populated2020":false,"population2020":null,"populationNote":"境界またぎ・収録外等のため自治体内人口は未集計"},"geometry":{"type":"Polygon","coordinates":[[[131.29375,33.06250000000001],[131.29375,33.066666666666684],[131.30000000000004,33.066666666666684],[131.30000000000004,33.0625],[131.29375,33.06250000000001]]]}},{"type":"Feature","id":"44208:493142743","properties":{"id":"44208:493142743","meshCode":"493142743","cityCode":"44208","city":"竹田市","lat":33.0645833,"lon":131.303125,"areaKm2":0.2697117,"populated2020":true,"population2020":0.9989,"populationNote":"2020年基準人口（国交省調整値）"},"geometry":{"type":"Polygon","coordinates":[[[131.30000000000004,33.0625],[131.30000000000004,33.066666666666684],[131.30625,33.066666666666684],[131.30625,33.0625],[131.30000000000004,33.0625]]]}},{"type":"Feature","id":"44208:493142744","properties":{"id":"44208:493142744","meshCode":"493142744","cityCode":"44208","city":"竹田市","lat":33.0645833,"lon":131.309375,"areaKm2":0.2697117,"populated2020":true,"population2020":30.0978,"populationNote":"2020年基準人口（国交省調整値）"},"geometry":{"type":"Polygon","coordinates":[[[131.30625,33.0625],[131.30625,33.066666666666684],[131.3125,33.066666666666684],[131.3125,33.0625],[131.30625,33.0625]]]}},{"type":"Feature","id":"44208:493142753","properties":{"id":"44208:493142753","meshCode":"493142753","cityCode":"44208","city":"竹田市","lat":33.0645833,"lon":131.315625,"areaKm2":0.2697117,"populated2020":true,"population2020":22.1211,"populationNote":"2020年基準人口（国交省調整値）"},"geometry":{"type":"Polygon","coordinates":[[[131.3125,33.0625],[131.3125,33.066666666666684],[131.31875,33.06666666666669],[131.31875,33.06250000000001],[131.3125,33.0625]]]}},{"type":"Feature","id":"44208:493142754","properties":{"id":"44208:493142754","meshCode":"493142754","cityCode":"44208","city":"竹田市","lat":33.0645833,"lon":131.321875,"areaKm2":0.2697117,"populated2020":true,"population2020":27.1373,"populationNote":"2020年基準人口（国交省調整値）"},"geometry":{"type":"Polygon","coordinates":[[[131.31875,33.06250000000001],[131.31875,33.06666666666669],[131.325,33.066666666666684],[131.325,33.0625],[131.31875,33.06250000000001]]]}},{"type":"Feature","id":"44208:493142763","properties":{"id":"44208:493142763","meshCode":"493142763","cityCode":"44208","city":"竹田市","lat":33.0645833,"lon":131.328125,"areaKm2":0.2697117,"populated2020":true,"population2020":32.0283,"populationNote":"2020年基準人口（国交省調整値）"},"geometry":{"type":"Polygon","coordinates":[[[131.325,33.0625],[131.325,33.066666666666684],[131.33125,33.06666666666668],[131.33125,33.06249999999999],[131.325,33.0625]]]}},{"type":"Feature","id":"44208:493142764","properties":{"id":"44208:493142764","meshCode":"493142764","cityCode":"44208","city":"竹田市","lat":33.0645833,"lon":131.334375,"areaKm2":0.2697117,"populated2020":false,"population2020":null,"populationNote":"境界またぎ・収録外等のため自治体内人口は未集計"},"geometry":{"type":"Polygon","coordinates":[[[131.33125,33.06249999999999],[131.33125,33.06666666666668],[131.3375,33.066666666666684],[131.3375,33.06250000000001],[131.33125,33.06249999999999]]]}},{"type":"Feature","id":"44208:493142773","properties":{"id":"44208:493142773","meshCode":"493142773","cityCode":"44208","city":"竹田市","lat":33.0645833,"lon":131.340625,"areaKm2":0.2697117,"populated2020":true,"population2020":9.9886,"populationNote":"2020年基準人口（国交省調整値）"},"geometry":{"type":"Polygon","coordinates":[[[131.3375,33.06250000000001],[131.3375,33.066666666666684],[131.34375,33.066666666666684],[131.34375,33.0625],[131.3375,33.06250000000001]]]}},{"type":"Feature","id":"44208:493142774","properties":{"id":"44208:493142774","meshCode":"493142774","cityCode":"44208","city":"竹田市","lat":33.0645833,"lon":131.346875,"areaKm2":0.2697117,"populated2020":true,"population2020":8.0065,"populationNote":"2020年基準人口（国交省調整値）"},"geometry":{"type":"Polygon","coordinates":[[[131.34375,33.0625],[131.34375,33.066666666666684],[131.35,33.06666666666668],[131.35,33.0625],[131.34375,33.0625]]]}},{"type":"Feature","id":"44208:493142783","properties":{"id":"44208:493142783","meshCode":"493142783","cityCode":"44208","city":"竹田市","lat":33.0645833,"lon":131.353125,"areaKm2":0.2697117,"populated2020":true,"population2020":15.018,"populationNote":"2020年基準人口（国交省調整値）"},"geometry":{"type":"Polygon","coordinates":[[[131.35,33.0625],[131.35,33.06666666666668],[131.35625000000002,33.06666666666668],[131.35625000000002,33.0625],[131.35,33.0625]]]}},{"type":"Feature","id":"44208:493142784","properties":{"id":"44208:493142784","meshCode":"493142784","cityCode":"44208","city":"竹田市","lat":33.0645833,"lon":131.359375,"areaKm2":0.2697117,"populated2020":true,"population2020":16.0477,"populationNote":"2020年基準人口（国交省調整値）"},"geometry":{"type":"Polygon","coordinates":[[[131.35625000000002,33.0625],[131.35625000000002,33.06666666666668],[131.3625,33.066666666666684],[131.3625,33.06250000000001],[131.35625000000002,33.0625]]]}},{"type":"Feature","id":"44208:493142793","properties":{"id":"44208:493142793","meshCode":"493142793","cityCode":"44208","city":"竹田市","lat":33.0645833,"lon":131.365625,"areaKm2":0.2697117,"populated2020":true,"population2020":46.0535,"populationNote":"2020年基準人口（国交省調整値）"},"geometry":{"type":"Polygon","coordinates":[[[131.3625,33.06250000000001],[131.3625,33.066666666666684],[131.36875,33.06666666666668],[131.36875,33.0625],[131.3625,33.06250000000001]]]}},{"type":"Feature","id":"44208:493142794","properties":{"id":"44208:493142794","meshCode":"493142794","cityCode":"44208","city":"竹田市","lat":33.0645833,"lon":131.371875,"areaKm2":0.2697117,"populated2020":true,"population2020":10.0016,"populationNote":"2020年基準人口（国交省調整値）"},"geometry":{"type":"Polygon","coordinates":[[[131.36875,33.0625],[131.36875,33.06666666666668],[131.375,33.066666666666684],[131.375,33.0625],[131.36875,33.0625]]]}},{"type":"Feature","id":"44208:493143703","properties":{"id":"44208:493143703","meshCode":"493143703","cityCode":"44208","city":"竹田市","lat":33.0645833,"lon":131.378125,"areaKm2":0.2697117,"populated2020":true,"population2020":47.063,"populationNote":"2020年基準人口（国交省調整値）"},"geometry":{"type":"Polygon","coordinates":[[[131.375,33.0625],[131.375,33.066666666666684],[131.38125,33.066666666666684],[131.38125,33.06250000000001],[131.375,33.0625]]]}},{"type":"Feature","id":"44208:493143704","properties":{"id":"44208:493143704","meshCode":"493143704","cityCode":"44208","city":"竹田市","lat":33.0645833,"lon":131.384375,"areaKm2":0.2697117,"populated2020":false,"population2020":null,"populationNote":"境界またぎ・収録外等のため自治体内人口は未集計"},"geometry":{"type":"Polygon","coordinates":[[[131.38125,33.06250000000001],[131.38125,33.066666666666684],[131.3875,33.06666666666668],[131.3875,33.06250000000001],[131.38125,33.06250000000001]]]}},{"type":"Feature","id":"44208:493143713","properties":{"id":"44208:493143713","meshCode":"493143713","cityCode":"44208","city":"竹田市","lat":33.0645833,"lon":131.390625,"areaKm2":0.2697117,"populated2020":false,"population2020":null,"populationNote":"境界またぎ・収録外等のため自治体内人口は未集計"},"geometry":{"type":"Polygon","coordinates":[[[131.3875,33.06250000000001],[131.3875,33.06666666666668],[131.39375,33.066666666666684],[131.39375,33.0625],[131.3875,33.06250000000001]]]}},{"type":"Feature","id":"44208:493143714","properties":{"id":"44208:493143714","meshCode":"493143714","cityCode":"44208","city":"竹田市","lat":33.0645833,"lon":131.396875,"areaKm2":0.2673247,"populated2020":false,"population2020":null,"populationNote":"境界またぎ・収録外等のため自治体内人口は未集計"},"geometry":{"type":"Polygon","coordinates":[[[131.398549792,33.06255534200001],[131.39682482710992,33.06249999999999],[131.396167847,33.06281980199999],[131.396018119,33.062745081],[131.39589206029163,33.0625],[131.39375,33.0625],[131.39375,33.066666666666684],[131.4,33.066666666666684],[131.4,33.0625],[131.3987393540906,33.0625],[131.398549792,33.06255534200001]]]}},{"type":"Feature","id":"44208:493143723","properties":{"id":"44208:493143723","meshCode":"493143723","cityCode":"44208","city":"竹田市","lat":33.0645833,"lon":131.403125,"areaKm2":0.1312662,"populated2020":true,"population2020":null,"populationNote":"境界またぎ・収録外等のため自治体内人口は未集計"},"geometry":{"type":"Polygon","coordinates":[[[131.403617652,33.066666432],[131.403938145,33.066440594999996],[131.404024812,33.066079766],[131.404198145,33.065924207],[131.404867588,33.065824766000006],[131.405024812,33.065725036],[131.404520921,33.065494766],[131.403954812,33.064943099000004],[131.403245914,33.06449504500001],[131.402497575,33.063835333],[131.401448132,33.063277279000005],[131.401070078,33.062910063],[131.40058201,33.062617838],[131.4002540110585,33.0625],[131.4,33.0625],[131.4,33.066666666666684],[131.403617652,33.066666432]]]}},{"type":"Feature","id":"44208:493141852","properties":{"id":"44208:493141852","meshCode":"493141852","cityCode":"44208","city":"竹田市","lat":33.0687248,"lon":131.1994464,"areaKm2":0.0567369,"populated2020":false,"population2020":null,"populationNote":"境界またぎ・収録外等のため自治体内人口は未集計"},"geometry":{"type":"Polygon","coordinates":[[[131.2,33.067625505000024],[131.19831230900013,33.06930267600012],[131.196587873,33.07067045900004],[131.19655636650882,33.07083333333333],[131.2,33.07083333333333],[131.2,33.067625505000024]]]}},{"type":"Feature","id":"44208:493141861","properties":{"id":"44208:493141861","meshCode":"493141861","cityCode":"44208","city":"竹田市","lat":33.06875,"lon":131.203125,"areaKm2":0.264891,"populated2020":false,"population2020":null,"populationNote":"境界またぎ・収録外等のため自治体内人口は未集計"},"geometry":{"type":"Polygon","coordinates":[[[131.20096850800007,33.066666667000064],[131.2,33.067625505000024],[131.2,33.07083333333333],[131.20625,33.07083333333333],[131.20625,33.06666666666668],[131.20096850800007,33.066666667000064]]]}},{"type":"Feature","id":"44208:493141862","properties":{"id":"44208:493141862","meshCode":"493141862","cityCode":"44208","city":"竹田市","lat":33.06875,"lon":131.209375,"areaKm2":0.2696991,"populated2020":false,"population2020":null,"populationNote":"境界またぎ・収録外等のため自治体内人口は未集計"},"geometry":{"type":"Polygon","coordinates":[[[131.20625,33.06666666666668],[131.20625,33.07083333333333],[131.2125,33.070833333333326],[131.2125,33.066666666666684],[131.20625,33.06666666666668]]]}},{"type":"Feature","id":"44208:493141871","properties":{"id":"44208:493141871","meshCode":"493141871","cityCode":"44208","city":"竹田市","lat":33.06875,"lon":131.215625,"areaKm2":0.2696991,"populated2020":false,"population2020":null,"populationNote":"境界またぎ・収録外等のため自治体内人口は未集計"},"geometry":{"type":"Polygon","coordinates":[[[131.2125,33.066666666666684],[131.2125,33.070833333333326],[131.21875,33.07083333333333],[131.21875,33.066666666666684],[131.2125,33.066666666666684]]]}},{"type":"Feature","id":"44208:493141872","properties":{"id":"44208:493141872","meshCode":"493141872","cityCode":"44208","city":"竹田市","lat":33.06875,"lon":131.221875,"areaKm2":0.2696991,"populated2020":false,"population2020":null,"populationNote":"境界またぎ・収録外等のため自治体内人口は未集計"},"geometry":{"type":"Polygon","coordinates":[[[131.21875,33.066666666666684],[131.21875,33.07083333333333],[131.225,33.07083333333333],[131.225,33.066666666666684],[131.21875,33.066666666666684]]]}},{"type":"Feature","id":"44208:493141881","properties":{"id":"44208:493141881","meshCode":"493141881","cityCode":"44208","city":"竹田市","lat":33.06875,"lon":131.228125,"areaKm2":0.2696991,"populated2020":false,"population2020":null,"populationNote":"境界またぎ・収録外等のため自治体内人口は未集計"},"geometry":{"type":"Polygon","coordinates":[[[131.225,33.066666666666684],[131.225,33.07083333333333],[131.23125,33.070833333333326],[131.23125,33.066666666666684],[131.225,33.066666666666684]]]}},{"type":"Feature","id":"44208:493141882","properties":{"id":"44208:493141882","meshCode":"493141882","cityCode":"44208","city":"竹田市","lat":33.06875,"lon":131.234375,"areaKm2":0.2696991,"populated2020":false,"population2020":null,"populationNote":"境界またぎ・収録外等のため自治体内人口は未集計"},"geometry":{"type":"Polygon","coordinates":[[[131.23125,33.066666666666684],[131.23125,33.070833333333326],[131.2375,33.07083333333333],[131.2375,33.066666666666684],[131.23125,33.066666666666684]]]}},{"type":"Feature","id":"44208:493141891","properties":{"id":"44208:493141891","meshCode":"493141891","cityCode":"44208","city":"竹田市","lat":33.06875,"lon":131.240625,"areaKm2":0.2696991,"populated2020":false,"population2020":null,"populationNote":"境界またぎ・収録外等のため自治体内人口は未集計"},"geometry":{"type":"Polygon","coordinates":[[[131.2375,33.066666666666684],[131.2375,33.07083333333333],[131.24375,33.07083333333333],[131.24375,33.06666666666668],[131.2375,33.066666666666684]]]}},{"type":"Feature","id":"44208:493141892","properties":{"id":"44208:493141892","meshCode":"493141892","cityCode":"44208","city":"竹田市","lat":33.06875,"lon":131.246875,"areaKm2":0.2696991,"populated2020":false,"population2020":null,"populationNote":"境界またぎ・収録外等のため自治体内人口は未集計"},"geometry":{"type":"Polygon","coordinates":[[[131.24375,33.06666666666668],[131.24375,33.07083333333333],[131.25,33.07083333333333],[131.25,33.066666666666684],[131.24375,33.06666666666668]]]}},{"type":"Feature","id":"44208:493142801","properties":{"id":"44208:493142801","meshCode":"493142801","cityCode":"44208","city":"竹田市","lat":33.06875,"lon":131.253125,"areaKm2":0.2696991,"populated2020":false,"population2020":null,"populationNote":"境界またぎ・収録外等のため自治体内人口は未集計"},"geometry":{"type":"Polygon","coordinates":[[[131.25,33.066666666666684],[131.25,33.07083333333333],[131.25625,33.07083333333333],[131.25625,33.06666666666668],[131.25,33.066666666666684]]]}},{"type":"Feature","id":"44208:493142802","properties":{"id":"44208:493142802","meshCode":"493142802","cityCode":"44208","city":"竹田市","lat":33.06875,"lon":131.259375,"areaKm2":0.2696991,"populated2020":false,"population2020":null,"populationNote":"境界またぎ・収録外等のため自治体内人口は未集計"},"geometry":{"type":"Polygon","coordinates":[[[131.25625,33.06666666666668],[131.25625,33.07083333333333],[131.2625,33.07083333333333],[131.2625,33.066666666666684],[131.25625,33.06666666666668]]]}},{"type":"Feature","id":"44208:493142811","properties":{"id":"44208:493142811","meshCode":"493142811","cityCode":"44208","city":"竹田市","lat":33.06875,"lon":131.265625,"areaKm2":0.2696991,"populated2020":false,"population2020":null,"populationNote":"境界またぎ・収録外等のため自治体内人口は未集計"},"geometry":{"type":"Polygon","coordinates":[[[131.2625,33.066666666666684],[131.2625,33.07083333333333],[131.26875,33.07083333333333],[131.26875,33.066666666666684],[131.2625,33.066666666666684]]]}},{"type":"Feature","id":"44208:493142812","properties":{"id":"44208:493142812","meshCode":"493142812","cityCode":"44208","city":"竹田市","lat":33.06875,"lon":131.271875,"areaKm2":0.2696991,"populated2020":false,"population2020":null,"populationNote":"境界またぎ・収録外等のため自治体内人口は未集計"},"geometry":{"type":"Polygon","coordinates":[[[131.26875,33.066666666666684],[131.26875,33.07083333333333],[131.275,33.070833333333326],[131.275,33.066666666666684],[131.26875,33.066666666666684]]]}},{"type":"Feature","id":"44208:493142821","properties":{"id":"44208:493142821","meshCode":"493142821","cityCode":"44208","city":"竹田市","lat":33.06875,"lon":131.278125,"areaKm2":0.2696991,"populated2020":false,"population2020":null,"populationNote":"境界またぎ・収録外等のため自治体内人口は未集計"},"geometry":{"type":"Polygon","coordinates":[[[131.275,33.066666666666684],[131.275,33.070833333333326],[131.28125,33.070833333333326],[131.28125,33.06666666666668],[131.275,33.066666666666684]]]}},{"type":"Feature","id":"44208:493142822","properties":{"id":"44208:493142822","meshCode":"493142822","cityCode":"44208","city":"竹田市","lat":33.06875,"lon":131.284375,"areaKm2":0.2696991,"populated2020":false,"population2020":null,"populationNote":"境界またぎ・収録外等のため自治体内人口は未集計"},"geometry":{"type":"Polygon","coordinates":[[[131.28125,33.06666666666668],[131.28125,33.070833333333326],[131.2875,33.07083333333333],[131.2875,33.06666666666668],[131.28125,33.06666666666668]]]}},{"type":"Feature","id":"44208:493142831","properties":{"id":"44208:493142831","meshCode":"493142831","cityCode":"44208","city":"竹田市","lat":33.06875,"lon":131.290625,"areaKm2":0.2696991,"populated2020":false,"population2020":null,"populationNote":"境界またぎ・収録外等のため自治体内人口は未集計"},"geometry":{"type":"Polygon","coordinates":[[[131.2875,33.06666666666668],[131.2875,33.07083333333333],[131.29375,33.07083333333333],[131.29375,33.066666666666684],[131.2875,33.06666666666668]]]}},{"type":"Feature","id":"44208:493142832","properties":{"id":"44208:493142832","meshCode":"493142832","cityCode":"44208","city":"竹田市","lat":33.06875,"lon":131.296875,"areaKm2":0.2696991,"populated2020":true,"population2020":2.0041,"populationNote":"2020年基準人口（国交省調整値）"},"geometry":{"type":"Polygon","coordinates":[[[131.29375,33.066666666666684],[131.29375,33.07083333333333],[131.30000000000004,33.07083333333333],[131.30000000000004,33.066666666666684],[131.29375,33.066666666666684]]]}},{"type":"Feature","id":"44208:493142841","properties":{"id":"44208:493142841","meshCode":"493142841","cityCode":"44208","city":"竹田市","lat":33.06875,"lon":131.303125,"areaKm2":0.2696991,"populated2020":false,"population2020":null,"populationNote":"境界またぎ・収録外等のため自治体内人口は未集計"},"geometry":{"type":"Polygon","coordinates":[[[131.30000000000004,33.066666666666684],[131.30000000000004,33.07083333333333],[131.30625,33.07083333333334],[131.30625,33.066666666666684],[131.30000000000004,33.066666666666684]]]}},{"type":"Feature","id":"44208:493142842","properties":{"id":"44208:493142842","meshCode":"493142842","cityCode":"44208","city":"竹田市","lat":33.06875,"lon":131.309375,"areaKm2":0.2696991,"populated2020":true,"population2020":22.0361,"populationNote":"2020年基準人口（国交省調整値）"},"geometry":{"type":"Polygon","coordinates":[[[131.30625,33.066666666666684],[131.30625,33.07083333333334],[131.3125,33.07083333333333],[131.3125,33.066666666666684],[131.30625,33.066666666666684]]]}},{"type":"Feature","id":"44208:493142851","properties":{"id":"44208:493142851","meshCode":"493142851","cityCode":"44208","city":"竹田市","lat":33.06875,"lon":131.315625,"areaKm2":0.2696991,"populated2020":true,"population2020":17.0258,"populationNote":"2020年基準人口（国交省調整値）"},"geometry":{"type":"Polygon","coordinates":[[[131.3125,33.066666666666684],[131.3125,33.07083333333333],[131.31875,33.07083333333334],[131.31875,33.06666666666669],[131.3125,33.066666666666684]]]}},{"type":"Feature","id":"44208:493142852","properties":{"id":"44208:493142852","meshCode":"493142852","cityCode":"44208","city":"竹田市","lat":33.06875,"lon":131.321875,"areaKm2":0.2696991,"populated2020":true,"population2020":15.0144,"populationNote":"2020年基準人口（国交省調整値）"},"geometry":{"type":"Polygon","coordinates":[[[131.31875,33.06666666666669],[131.31875,33.07083333333334],[131.325,33.070833333333326],[131.325,33.066666666666684],[131.31875,33.06666666666669]]]}},{"type":"Feature","id":"44208:493142861","properties":{"id":"44208:493142861","meshCode":"493142861","cityCode":"44208","city":"竹田市","lat":33.06875,"lon":131.328125,"areaKm2":0.2696991,"populated2020":true,"population2020":46.1265,"populationNote":"2020年基準人口（国交省調整値）"},"geometry":{"type":"Polygon","coordinates":[[[131.325,33.066666666666684],[131.325,33.070833333333326],[131.33125,33.07083333333333],[131.33125,33.06666666666668],[131.325,33.066666666666684]]]}},{"type":"Feature","id":"44208:493142862","properties":{"id":"44208:493142862","meshCode":"493142862","cityCode":"44208","city":"竹田市","lat":33.06875,"lon":131.334375,"areaKm2":0.2696991,"populated2020":true,"population2020":4.0089,"populationNote":"2020年基準人口（国交省調整値）"},"geometry":{"type":"Polygon","coordinates":[[[131.33125,33.06666666666668],[131.33125,33.07083333333333],[131.3375,33.07083333333333],[131.3375,33.066666666666684],[131.33125,33.06666666666668]]]}},{"type":"Feature","id":"44208:493142871","properties":{"id":"44208:493142871","meshCode":"493142871","cityCode":"44208","city":"竹田市","lat":33.06875,"lon":131.340625,"areaKm2":0.2696991,"populated2020":true,"population2020":19.0128,"populationNote":"2020年基準人口（国交省調整値）"},"geometry":{"type":"Polygon","coordinates":[[[131.3375,33.066666666666684],[131.3375,33.07083333333333],[131.34375,33.07083333333333],[131.34375,33.066666666666684],[131.3375,33.066666666666684]]]}},{"type":"Feature","id":"44208:493142872","properties":{"id":"44208:493142872","meshCode":"493142872","cityCode":"44208","city":"竹田市","lat":33.06875,"lon":131.346875,"areaKm2":0.2696991,"populated2020":true,"population2020":29.0383,"populationNote":"2020年基準人口（国交省調整値）"},"geometry":{"type":"Polygon","coordinates":[[[131.34375,33.066666666666684],[131.34375,33.07083333333333],[131.35,33.070833333333326],[131.35,33.06666666666668],[131.34375,33.066666666666684]]]}},{"type":"Feature","id":"44208:493142881","properties":{"id":"44208:493142881","meshCode":"493142881","cityCode":"44208","city":"竹田市","lat":33.06875,"lon":131.353125,"areaKm2":0.2696991,"populated2020":true,"population2020":18.99,"populationNote":"2020年基準人口（国交省調整値）"},"geometry":{"type":"Polygon","coordinates":[[[131.35,33.06666666666668],[131.35,33.070833333333326],[131.35625000000002,33.07083333333333],[131.35625000000002,33.06666666666668],[131.35,33.06666666666668]]]}},{"type":"Feature","id":"44208:493142882","properties":{"id":"44208:493142882","meshCode":"493142882","cityCode":"44208","city":"竹田市","lat":33.06875,"lon":131.359375,"areaKm2":0.2696991,"populated2020":true,"population2020":8.0059,"populationNote":"2020年基準人口（国交省調整値）"},"geometry":{"type":"Polygon","coordinates":[[[131.35625000000002,33.06666666666668],[131.35625000000002,33.07083333333333],[131.3625,33.07083333333333],[131.3625,33.066666666666684],[131.35625000000002,33.06666666666668]]]}},{"type":"Feature","id":"44208:493142891","properties":{"id":"44208:493142891","meshCode":"493142891","cityCode":"44208","city":"竹田市","lat":33.06875,"lon":131.365625,"areaKm2":0.2696991,"populated2020":true,"population2020":7.0037,"populationNote":"2020年基準人口（国交省調整値）"},"geometry":{"type":"Polygon","coordinates":[[[131.3625,33.066666666666684],[131.3625,33.07083333333333],[131.36875,33.070833333333326],[131.36875,33.06666666666668],[131.3625,33.066666666666684]]]}},{"type":"Feature","id":"44208:493142892","properties":{"id":"44208:493142892","meshCode":"493142892","cityCode":"44208","city":"竹田市","lat":33.06875,"lon":131.371875,"areaKm2":0.2696991,"populated2020":true,"population2020":56.0888,"populationNote":"2020年基準人口（国交省調整値）"},"geometry":{"type":"Polygon","coordinates":[[[131.36875,33.06666666666668],[131.36875,33.070833333333326],[131.375,33.07083333333333],[131.375,33.066666666666684],[131.36875,33.06666666666668]]]}},{"type":"Feature","id":"44208:493143801","properties":{"id":"44208:493143801","meshCode":"493143801","cityCode":"44208","city":"竹田市","lat":33.06875,"lon":131.378125,"areaKm2":0.2696991,"populated2020":true,"population2020":51.0401,"populationNote":"2020年基準人口（国交省調整値）"},"geometry":{"type":"Polygon","coordinates":[[[131.375,33.066666666666684],[131.375,33.07083333333333],[131.38125,33.07083333333333],[131.38125,33.066666666666684],[131.375,33.066666666666684]]]}},{"type":"Feature","id":"44208:493143802","properties":{"id":"44208:493143802","meshCode":"493143802","cityCode":"44208","city":"竹田市","lat":33.06875,"lon":131.384375,"areaKm2":0.2696991,"populated2020":true,"population2020":142.184,"populationNote":"2020年基準人口（国交省調整値）"},"geometry":{"type":"Polygon","coordinates":[[[131.38125,33.066666666666684],[131.38125,33.07083333333333],[131.3875,33.07083333333333],[131.3875,33.06666666666668],[131.38125,33.066666666666684]]]}},{"type":"Feature","id":"44208:493143811","properties":{"id":"44208:493143811","meshCode":"493143811","cityCode":"44208","city":"竹田市","lat":33.06875,"lon":131.390625,"areaKm2":0.2696991,"populated2020":false,"population2020":null,"populationNote":"境界またぎ・収録外等のため自治体内人口は未集計"},"geometry":{"type":"Polygon","coordinates":[[[131.3875,33.06666666666668],[131.3875,33.07083333333333],[131.39375,33.07083333333333],[131.39375,33.066666666666684],[131.3875,33.06666666666668]]]}},{"type":"Feature","id":"44208:493143812","properties":{"id":"44208:493143812","meshCode":"493143812","cityCode":"44208","city":"竹田市","lat":33.06875,"lon":131.396875,"areaKm2":0.2696991,"populated2020":false,"population2020":null,"populationNote":"境界またぎ・収録外等のため自治体内人口は未集計"},"geometry":{"type":"Polygon","coordinates":[[[131.39375,33.066666666666684],[131.39375,33.07083333333333],[131.4,33.07083333333333],[131.4,33.066666666666684],[131.39375,33.066666666666684]]]}},{"type":"Feature","id":"44208:493143821","properties":{"id":"44208:493143821","meshCode":"493143821","cityCode":"44208","city":"竹田市","lat":33.0687594,"lon":131.4003656,"areaKm2":0.0729796,"populated2020":false,"population2020":null,"populationNote":"境界またぎ・収録外等のため自治体内人口は未集計"},"geometry":{"type":"Polygon","coordinates":[[[131.40036336938758,33.07083333333333],[131.40099428,33.07021143200001],[131.401159559,33.06963892800001],[131.40110428000003,33.069246711999995],[131.400770661,33.068846432],[131.400731219,33.06869727000001],[131.400912322,33.068603937],[131.401360947,33.06880282],[131.402069831,33.067944486],[131.402558431,33.067676712],[131.402953437,33.067249766],[131.403292322,33.067175045000006],[131.40361744529363,33.066666666666684],[131.4,33.066666666666684],[131.4,33.07083333333333],[131.40036336938758,33.07083333333333]]]}},{"type":"Feature","id":"44208:493141854","properties":{"id":"44208:493141854","meshCode":"493141854","cityCode":"44208","city":"竹田市","lat":33.0728878,"lon":131.199113,"areaKm2":0.1043567,"populated2020":false,"population2020":null,"populationNote":"境界またぎ・収録外等のため自治体内人口は未集計"},"geometry":{"type":"Polygon","coordinates":[[[131.19655636650882,33.07083333333333],[131.19678425400002,33.07129628800004],[131.19863730200007,33.07337349500005],[131.1966078080002,33.075],[131.2,33.075],[131.2,33.07083333333333],[131.19655636650882,33.07083333333333]]]}},{"type":"Feature","id":"44208:493141863","properties":{"id":"44208:493141863","meshCode":"493141863","cityCode":"44208","city":"竹田市","lat":33.0729167,"lon":131.203125,"areaKm2":0.2696866,"populated2020":false,"population2020":null,"populationNote":"境界またぎ・収録外等のため自治体内人口は未集計"},"geometry":{"type":"Polygon","coordinates":[[[131.2,33.07083333333333],[131.2,33.075],[131.20625,33.075],[131.20625,33.07083333333333],[131.2,33.07083333333333]]]}},{"type":"Feature","id":"44208:493141864","properties":{"id":"44208:493141864","meshCode":"493141864","cityCode":"44208","city":"竹田市","lat":33.0729167,"lon":131.209375,"areaKm2":0.2696866,"populated2020":false,"population2020":null,"populationNote":"境界またぎ・収録外等のため自治体内人口は未集計"},"geometry":{"type":"Polygon","coordinates":[[[131.20625,33.07083333333333],[131.20625,33.075],[131.2125,33.075],[131.2125,33.070833333333326],[131.20625,33.07083333333333]]]}},{"type":"Feature","id":"44208:493141873","properties":{"id":"44208:493141873","meshCode":"493141873","cityCode":"44208","city":"竹田市","lat":33.0729167,"lon":131.215625,"areaKm2":0.2696866,"populated2020":false,"population2020":null,"populationNote":"境界またぎ・収録外等のため自治体内人口は未集計"},"geometry":{"type":"Polygon","coordinates":[[[131.2125,33.070833333333326],[131.2125,33.075],[131.21875,33.075],[131.21875,33.07083333333333],[131.2125,33.070833333333326]]]}},{"type":"Feature","id":"44208:493141874","properties":{"id":"44208:493141874","meshCode":"493141874","cityCode":"44208","city":"竹田市","lat":33.0729167,"lon":131.221875,"areaKm2":0.2696866,"populated2020":false,"population2020":null,"populationNote":"境界またぎ・収録外等のため自治体内人口は未集計"},"geometry":{"type":"Polygon","coordinates":[[[131.21875,33.07083333333333],[131.21875,33.075],[131.225,33.075],[131.225,33.07083333333333],[131.21875,33.07083333333333]]]}},{"type":"Feature","id":"44208:493141883","properties":{"id":"44208:493141883","meshCode":"493141883","cityCode":"44208","city":"竹田市","lat":33.0729167,"lon":131.228125,"areaKm2":0.2696866,"populated2020":false,"population2020":null,"populationNote":"境界またぎ・収録外等のため自治体内人口は未集計"},"geometry":{"type":"Polygon","coordinates":[[[131.225,33.07083333333333],[131.225,33.075],[131.23125,33.075],[131.23125,33.070833333333326],[131.225,33.07083333333333]]]}},{"type":"Feature","id":"44208:493141884","properties":{"id":"44208:493141884","meshCode":"493141884","cityCode":"44208","city":"竹田市","lat":33.0729167,"lon":131.234375,"areaKm2":0.2696866,"populated2020":false,"population2020":null,"populationNote":"境界またぎ・収録外等のため自治体内人口は未集計"},"geometry":{"type":"Polygon","coordinates":[[[131.23125,33.070833333333326],[131.23125,33.075],[131.2375,33.075],[131.2375,33.07083333333333],[131.23125,33.070833333333326]]]}},{"type":"Feature","id":"44208:493141893","properties":{"id":"44208:493141893","meshCode":"493141893","cityCode":"44208","city":"竹田市","lat":33.0729167,"lon":131.240625,"areaKm2":0.2696866,"populated2020":false,"population2020":null,"populationNote":"境界またぎ・収録外等のため自治体内人口は未集計"},"geometry":{"type":"Polygon","coordinates":[[[131.2375,33.07083333333333],[131.2375,33.075],[131.24375,33.075],[131.24375,33.07083333333333],[131.2375,33.07083333333333]]]}},{"type":"Feature","id":"44208:493141894","properties":{"id":"44208:493141894","meshCode":"493141894","cityCode":"44208","city":"竹田市","lat":33.0729167,"lon":131.246875,"areaKm2":0.2696866,"populated2020":false,"population2020":null,"populationNote":"境界またぎ・収録外等のため自治体内人口は未集計"},"geometry":{"type":"Polygon","coordinates":[[[131.24375,33.07083333333333],[131.24375,33.075],[131.25,33.075],[131.25,33.07083333333333],[131.24375,33.07083333333333]]]}},{"type":"Feature","id":"44208:493142803","properties":{"id":"44208:493142803","meshCode":"493142803","cityCode":"44208","city":"竹田市","lat":33.0729167,"lon":131.253125,"areaKm2":0.2696866,"populated2020":false,"population2020":null,"populationNote":"境界またぎ・収録外等のため自治体内人口は未集計"},"geometry":{"type":"Polygon","coordinates":[[[131.25,33.07083333333333],[131.25,33.075],[131.25625,33.075],[131.25625,33.07083333333333],[131.25,33.07083333333333]]]}},{"type":"Feature","id":"44208:493142804","properties":{"id":"44208:493142804","meshCode":"493142804","cityCode":"44208","city":"竹田市","lat":33.0729167,"lon":131.259375,"areaKm2":0.2696866,"populated2020":false,"population2020":null,"populationNote":"境界またぎ・収録外等のため自治体内人口は未集計"},"geometry":{"type":"Polygon","coordinates":[[[131.25625,33.07083333333333],[131.25625,33.075],[131.2625,33.075],[131.2625,33.07083333333333],[131.25625,33.07083333333333]]]}},{"type":"Feature","id":"44208:493142813","properties":{"id":"44208:493142813","meshCode":"493142813","cityCode":"44208","city":"竹田市","lat":33.0729167,"lon":131.265625,"areaKm2":0.2696866,"populated2020":false,"population2020":null,"populationNote":"境界またぎ・収録外等のため自治体内人口は未集計"},"geometry":{"type":"Polygon","coordinates":[[[131.2625,33.07083333333333],[131.2625,33.075],[131.26875,33.075],[131.26875,33.07083333333333],[131.2625,33.07083333333333]]]}},{"type":"Feature","id":"44208:493142814","properties":{"id":"44208:493142814","meshCode":"493142814","cityCode":"44208","city":"竹田市","lat":33.0729167,"lon":131.271875,"areaKm2":0.2696866,"populated2020":false,"population2020":null,"populationNote":"境界またぎ・収録外等のため自治体内人口は未集計"},"geometry":{"type":"Polygon","coordinates":[[[131.26875,33.07083333333333],[131.26875,33.075],[131.275,33.075],[131.275,33.070833333333326],[131.26875,33.07083333333333]]]}},{"type":"Feature","id":"44208:493142823","properties":{"id":"44208:493142823","meshCode":"493142823","cityCode":"44208","city":"竹田市","lat":33.0729167,"lon":131.278125,"areaKm2":0.2696866,"populated2020":false,"population2020":null,"populationNote":"境界またぎ・収録外等のため自治体内人口は未集計"},"geometry":{"type":"Polygon","coordinates":[[[131.275,33.070833333333326],[131.275,33.075],[131.28125,33.075],[131.28125,33.070833333333326],[131.275,33.070833333333326]]]}},{"type":"Feature","id":"44208:493142824","properties":{"id":"44208:493142824","meshCode":"493142824","cityCode":"44208","city":"竹田市","lat":33.0729167,"lon":131.284375,"areaKm2":0.2696866,"populated2020":false,"population2020":null,"populationNote":"境界またぎ・収録外等のため自治体内人口は未集計"},"geometry":{"type":"Polygon","coordinates":[[[131.28125,33.070833333333326],[131.28125,33.075],[131.2875,33.075],[131.2875,33.07083333333333],[131.28125,33.070833333333326]]]}},{"type":"Feature","id":"44208:493142833","properties":{"id":"44208:493142833","meshCode":"493142833","cityCode":"44208","city":"竹田市","lat":33.0729167,"lon":131.290625,"areaKm2":0.2696866,"populated2020":false,"population2020":null,"populationNote":"境界またぎ・収録外等のため自治体内人口は未集計"},"geometry":{"type":"Polygon","coordinates":[[[131.2875,33.07083333333333],[131.2875,33.075],[131.29375,33.075],[131.29375,33.07083333333333],[131.2875,33.07083333333333]]]}},{"type":"Feature","id":"44208:493142834","properties":{"id":"44208:493142834","meshCode":"493142834","cityCode":"44208","city":"竹田市","lat":33.0729167,"lon":131.296875,"areaKm2":0.2696866,"populated2020":false,"population2020":null,"populationNote":"境界またぎ・収録外等のため自治体内人口は未集計"},"geometry":{"type":"Polygon","coordinates":[[[131.29375,33.07083333333333],[131.29375,33.075],[131.30000000000004,33.075],[131.30000000000004,33.07083333333333],[131.29375,33.07083333333333]]]}},{"type":"Feature","id":"44208:493142843","properties":{"id":"44208:493142843","meshCode":"493142843","cityCode":"44208","city":"竹田市","lat":33.0729167,"lon":131.303125,"areaKm2":0.2696866,"populated2020":false,"population2020":null,"populationNote":"境界またぎ・収録外等のため自治体内人口は未集計"},"geometry":{"type":"Polygon","coordinates":[[[131.30000000000004,33.07083333333333],[131.30000000000004,33.075],[131.30625,33.075],[131.30625,33.07083333333334],[131.30000000000004,33.07083333333333]]]}},{"type":"Feature","id":"44208:493142844","properties":{"id":"44208:493142844","meshCode":"493142844","cityCode":"44208","city":"竹田市","lat":33.0729167,"lon":131.309375,"areaKm2":0.2696866,"populated2020":true,"population2020":1.0017,"populationNote":"2020年基準人口（国交省調整値）"},"geometry":{"type":"Polygon","coordinates":[[[131.30625,33.07083333333334],[131.30625,33.075],[131.3125,33.075],[131.3125,33.07083333333333],[131.30625,33.07083333333334]]]}},{"type":"Feature","id":"44208:493142853","properties":{"id":"44208:493142853","meshCode":"493142853","cityCode":"44208","city":"竹田市","lat":33.0729167,"lon":131.315625,"areaKm2":0.2696866,"populated2020":true,"population2020":22.0126,"populationNote":"2020年基準人口（国交省調整値）"},"geometry":{"type":"Polygon","coordinates":[[[131.3125,33.07083333333333],[131.3125,33.075],[131.31875,33.07500000000001],[131.31875,33.07083333333334],[131.3125,33.07083333333333]]]}},{"type":"Feature","id":"44208:493142854","properties":{"id":"44208:493142854","meshCode":"493142854","cityCode":"44208","city":"竹田市","lat":33.0729167,"lon":131.321875,"areaKm2":0.2696866,"populated2020":true,"population2020":16.035,"populationNote":"2020年基準人口（国交省調整値）"},"geometry":{"type":"Polygon","coordinates":[[[131.31875,33.07083333333334],[131.31875,33.07500000000001],[131.325,33.075],[131.325,33.070833333333326],[131.31875,33.07083333333334]]]}},{"type":"Feature","id":"44208:493142863","properties":{"id":"44208:493142863","meshCode":"493142863","cityCode":"44208","city":"竹田市","lat":33.0729167,"lon":131.328125,"areaKm2":0.2696866,"populated2020":true,"population2020":24.0458,"populationNote":"2020年基準人口（国交省調整値）"},"geometry":{"type":"Polygon","coordinates":[[[131.325,33.070833333333326],[131.325,33.075],[131.33125,33.074999999999996],[131.33125,33.07083333333333],[131.325,33.070833333333326]]]}},{"type":"Feature","id":"44208:493142864","properties":{"id":"44208:493142864","meshCode":"493142864","cityCode":"44208","city":"竹田市","lat":33.0729167,"lon":131.334375,"areaKm2":0.2696866,"populated2020":true,"population2020":18.033,"populationNote":"2020年基準人口（国交省調整値）"},"geometry":{"type":"Polygon","coordinates":[[[131.33125,33.07083333333333],[131.33125,33.074999999999996],[131.3375,33.074999999999996],[131.3375,33.07083333333333],[131.33125,33.07083333333333]]]}},{"type":"Feature","id":"44208:493142873","properties":{"id":"44208:493142873","meshCode":"493142873","cityCode":"44208","city":"竹田市","lat":33.0729167,"lon":131.340625,"areaKm2":0.2696866,"populated2020":true,"population2020":15.0125,"populationNote":"2020年基準人口（国交省調整値）"},"geometry":{"type":"Polygon","coordinates":[[[131.3375,33.07083333333333],[131.3375,33.074999999999996],[131.34375,33.075],[131.34375,33.07083333333333],[131.3375,33.07083333333333]]]}},{"type":"Feature","id":"44208:493142874","properties":{"id":"44208:493142874","meshCode":"493142874","cityCode":"44208","city":"竹田市","lat":33.0729167,"lon":131.346875,"areaKm2":0.2696866,"populated2020":true,"population2020":26.0693,"populationNote":"2020年基準人口（国交省調整値）"},"geometry":{"type":"Polygon","coordinates":[[[131.34375,33.07083333333333],[131.34375,33.075],[131.35,33.075],[131.35,33.070833333333326],[131.34375,33.07083333333333]]]}},{"type":"Feature","id":"44208:493142883","properties":{"id":"44208:493142883","meshCode":"493142883","cityCode":"44208","city":"竹田市","lat":33.0729167,"lon":131.353125,"areaKm2":0.2696866,"populated2020":true,"population2020":23.0693,"populationNote":"2020年基準人口（国交省調整値）"},"geometry":{"type":"Polygon","coordinates":[[[131.35,33.070833333333326],[131.35,33.075],[131.35625000000002,33.075],[131.35625000000002,33.07083333333333],[131.35,33.070833333333326]]]}},{"type":"Feature","id":"44208:493142884","properties":{"id":"44208:493142884","meshCode":"493142884","cityCode":"44208","city":"竹田市","lat":33.0729167,"lon":131.359375,"areaKm2":0.2696866,"populated2020":true,"population2020":1.0019,"populationNote":"2020年基準人口（国交省調整値）"},"geometry":{"type":"Polygon","coordinates":[[[131.35625000000002,33.07083333333333],[131.35625000000002,33.075],[131.3625,33.075],[131.3625,33.07083333333333],[131.35625000000002,33.07083333333333]]]}},{"type":"Feature","id":"44208:493142893","properties":{"id":"44208:493142893","meshCode":"493142893","cityCode":"44208","city":"竹田市","lat":33.0729167,"lon":131.365625,"areaKm2":0.2696866,"populated2020":false,"population2020":null,"populationNote":"境界またぎ・収録外等のため自治体内人口は未集計"},"geometry":{"type":"Polygon","coordinates":[[[131.3625,33.07083333333333],[131.3625,33.075],[131.36875,33.075],[131.36875,33.070833333333326],[131.3625,33.07083333333333]]]}},{"type":"Feature","id":"44208:493142894","properties":{"id":"44208:493142894","meshCode":"493142894","cityCode":"44208","city":"竹田市","lat":33.0729167,"lon":131.371875,"areaKm2":0.2696866,"populated2020":true,"population2020":11.0217,"populationNote":"2020年基準人口（国交省調整値）"},"geometry":{"type":"Polygon","coordinates":[[[131.36875,33.070833333333326],[131.36875,33.075],[131.375,33.075],[131.375,33.07083333333333],[131.36875,33.070833333333326]]]}},{"type":"Feature","id":"44208:493143803","properties":{"id":"44208:493143803","meshCode":"493143803","cityCode":"44208","city":"竹田市","lat":33.0729167,"lon":131.378125,"areaKm2":0.2696866,"populated2020":true,"population2020":3.0063,"populationNote":"2020年基準人口（国交省調整値）"},"geometry":{"type":"Polygon","coordinates":[[[131.375,33.07083333333333],[131.375,33.075],[131.38125,33.075],[131.38125,33.07083333333333],[131.375,33.07083333333333]]]}},{"type":"Feature","id":"44208:493143804","properties":{"id":"44208:493143804","meshCode":"493143804","cityCode":"44208","city":"竹田市","lat":33.0729167,"lon":131.384375,"areaKm2":0.2696866,"populated2020":true,"population2020":65.0926,"populationNote":"2020年基準人口（国交省調整値）"},"geometry":{"type":"Polygon","coordinates":[[[131.38125,33.07083333333333],[131.38125,33.075],[131.3875,33.075],[131.3875,33.07083333333333],[131.38125,33.07083333333333]]]}},{"type":"Feature","id":"44208:493143813","properties":{"id":"44208:493143813","meshCode":"493143813","cityCode":"44208","city":"竹田市","lat":33.0729167,"lon":131.390625,"areaKm2":0.2696866,"populated2020":false,"population2020":null,"populationNote":"境界またぎ・収録外等のため自治体内人口は未集計"},"geometry":{"type":"Polygon","coordinates":[[[131.3875,33.07083333333333],[131.3875,33.075],[131.39375,33.074999999999996],[131.39375,33.07083333333333],[131.3875,33.07083333333333]]]}},{"type":"Feature","id":"44208:493143814","properties":{"id":"44208:493143814","meshCode":"493143814","cityCode":"44208","city":"竹田市","lat":33.0729167,"lon":131.396875,"areaKm2":0.2566966,"populated2020":true,"population2020":null,"populationNote":"境界またぎ・収録外等のため自治体内人口は未集計"},"geometry":{"type":"Polygon","coordinates":[[[131.399999585,33.07381570300001],[131.399354021,33.07381336900001],[131.399259585,33.07372003600001],[131.399417082,33.073166144],[131.399357899,33.072178649],[131.399468184,33.071973369000006],[131.4,33.07162753200001],[131.4,33.07083333333333],[131.39375,33.07083333333333],[131.39375,33.074999999999996],[131.4,33.075],[131.399999585,33.07381570300001]]]}},{"type":"Feature","id":"44208:493143823","properties":{"id":"44208:493143823","meshCode":"493143823","cityCode":"44208","city":"竹田市","lat":33.0739813,"lon":131.4009999,"areaKm2":0.0333581,"populated2020":false,"population2020":null,"populationNote":"境界またぎ・収録外等のため自治体内人口は未集計"},"geometry":{"type":"MultiPolygon","coordinates":[[[[131.402393372,33.074999739000006],[131.402305707,33.074872802],[131.402077367,33.07487891000002],[131.401919598,33.07478557699999],[131.402022088,33.07384336],[131.401880143,33.073525856],[131.401915694,33.073141414],[131.401852633,33.072966973],[131.401624306,33.072998081],[131.400844864,33.07360781100001],[131.4,33.073815631],[131.4,33.075],[131.402393372,33.074999739000006]]],[[[131.4,33.07162753200001],[131.400177341,33.071157819999996],[131.40036336938758,33.07083333333333],[131.4,33.07083333333333],[131.4,33.07162753200001]]]]}},{"type":"Feature","id":"44208:493141951","properties":{"id":"44208:493141951","meshCode":"493141951","cityCode":"44208","city":"竹田市","lat":33.0775974,"lon":131.1934838,"areaKm2":0.0027874,"populated2020":false,"population2020":null,"populationNote":"境界またぎ・収録外等のため自治体内人口は未集計"},"geometry":{"type":"Polygon","coordinates":[[[131.19375,33.07721057591961],[131.19313398200018,33.07764851400004],[131.19327120599996,33.07784100900006],[131.19339926099997,33.07792600899995],[131.19375,33.07791907115639],[131.19375,33.07721057591961]]]}},{"type":"Feature","id":"44208:493141952","properties":{"id":"44208:493141952","meshCode":"493141952","cityCode":"44208","city":"竹田市","lat":33.0770833,"lon":131.196875,"areaKm2":0.2241616,"populated2020":false,"population2020":null,"populationNote":"境界またぎ・収録外等のため自治体内人口は未集計"},"geometry":{"type":"Polygon","coordinates":[[[131.19660780800007,33.0750000000001],[131.19375,33.07721057591961],[131.19375,33.07791907115639],[131.19407564200014,33.07795655900003],[131.19445009100014,33.078126279],[131.19477009100012,33.07861933300012],[131.19520870299993,33.07901238699998],[131.19527167961024,33.079166666666666],[131.2,33.079166666666666],[131.2,33.075],[131.19660780800007,33.0750000000001]]]}},{"type":"Feature","id":"44208:493141961","properties":{"id":"44208:493141961","meshCode":"493141961","cityCode":"44208","city":"竹田市","lat":33.0770833,"lon":131.203125,"areaKm2":0.2696741,"populated2020":false,"population2020":null,"populationNote":"境界またぎ・収録外等のため自治体内人口は未集計"},"geometry":{"type":"Polygon","coordinates":[[[131.2,33.075],[131.2,33.079166666666666],[131.20625,33.07916666666667],[131.20625,33.075],[131.2,33.075]]]}},{"type":"Feature","id":"44208:493141962","properties":{"id":"44208:493141962","meshCode":"493141962","cityCode":"44208","city":"竹田市","lat":33.0770833,"lon":131.209375,"areaKm2":0.2696741,"populated2020":false,"population2020":null,"populationNote":"境界またぎ・収録外等のため自治体内人口は未集計"},"geometry":{"type":"Polygon","coordinates":[[[131.20625,33.075],[131.20625,33.07916666666667],[131.2125,33.079166666666666],[131.2125,33.075],[131.20625,33.075]]]}},{"type":"Feature","id":"44208:493141971","properties":{"id":"44208:493141971","meshCode":"493141971","cityCode":"44208","city":"竹田市","lat":33.0770833,"lon":131.215625,"areaKm2":0.2696741,"populated2020":false,"population2020":null,"populationNote":"境界またぎ・収録外等のため自治体内人口は未集計"},"geometry":{"type":"Polygon","coordinates":[[[131.2125,33.075],[131.2125,33.079166666666666],[131.21875,33.079166666666666],[131.21875,33.075],[131.2125,33.075]]]}},{"type":"Feature","id":"44208:493141972","properties":{"id":"44208:493141972","meshCode":"493141972","cityCode":"44208","city":"竹田市","lat":33.0770833,"lon":131.221875,"areaKm2":0.2696741,"populated2020":false,"population2020":null,"populationNote":"境界またぎ・収録外等のため自治体内人口は未集計"},"geometry":{"type":"Polygon","coordinates":[[[131.21875,33.075],[131.21875,33.079166666666666],[131.225,33.07916666666667],[131.225,33.075],[131.21875,33.075]]]}},{"type":"Feature","id":"44208:493141981","properties":{"id":"44208:493141981","meshCode":"493141981","cityCode":"44208","city":"竹田市","lat":33.0770833,"lon":131.228125,"areaKm2":0.2696741,"populated2020":false,"population2020":null,"populationNote":"境界またぎ・収録外等のため自治体内人口は未集計"},"geometry":{"type":"Polygon","coordinates":[[[131.225,33.075],[131.225,33.07916666666667],[131.23125,33.07916666666667],[131.23125,33.075],[131.225,33.075]]]}},{"type":"Feature","id":"44208:493141982","properties":{"id":"44208:493141982","meshCode":"493141982","cityCode":"44208","city":"竹田市","lat":33.0770833,"lon":131.234375,"areaKm2":0.2696741,"populated2020":false,"population2020":null,"populationNote":"境界またぎ・収録外等のため自治体内人口は未集計"},"geometry":{"type":"Polygon","coordinates":[[[131.23125,33.075],[131.23125,33.07916666666667],[131.2375,33.079166666666666],[131.2375,33.075],[131.23125,33.075]]]}},{"type":"Feature","id":"44208:493141991","properties":{"id":"44208:493141991","meshCode":"493141991","cityCode":"44208","city":"竹田市","lat":33.0770833,"lon":131.240625,"areaKm2":0.2696741,"populated2020":false,"population2020":null,"populationNote":"境界またぎ・収録外等のため自治体内人口は未集計"},"geometry":{"type":"Polygon","coordinates":[[[131.2375,33.075],[131.2375,33.079166666666666],[131.24375,33.07916666666666],[131.24375,33.075],[131.2375,33.075]]]}},{"type":"Feature","id":"44208:493141992","properties":{"id":"44208:493141992","meshCode":"493141992","cityCode":"44208","city":"竹田市","lat":33.0770833,"lon":131.246875,"areaKm2":0.2696741,"populated2020":false,"population2020":null,"populationNote":"境界またぎ・収録外等のため自治体内人口は未集計"},"geometry":{"type":"Polygon","coordinates":[[[131.24375,33.075],[131.24375,33.07916666666666],[131.25,33.079166666666666],[131.25,33.075],[131.24375,33.075]]]}},{"type":"Feature","id":"44208:493142901","properties":{"id":"44208:493142901","meshCode":"493142901","cityCode":"44208","city":"竹田市","lat":33.0770833,"lon":131.253125,"areaKm2":0.2696741,"populated2020":false,"population2020":null,"populationNote":"境界またぎ・収録外等のため自治体内人口は未集計"},"geometry":{"type":"Polygon","coordinates":[[[131.25,33.075],[131.25,33.079166666666666],[131.25625,33.079166666666666],[131.25625,33.075],[131.25,33.075]]]}},{"type":"Feature","id":"44208:493142902","properties":{"id":"44208:493142902","meshCode":"493142902","cityCode":"44208","city":"竹田市","lat":33.0770833,"lon":131.259375,"areaKm2":0.2696741,"populated2020":false,"population2020":null,"populationNote":"境界またぎ・収録外等のため自治体内人口は未集計"},"geometry":{"type":"Polygon","coordinates":[[[131.25625,33.075],[131.25625,33.079166666666666],[131.2625,33.07916666666667],[131.2625,33.075],[131.25625,33.075]]]}},{"type":"Feature","id":"44208:493142911","properties":{"id":"44208:493142911","meshCode":"493142911","cityCode":"44208","city":"竹田市","lat":33.0770833,"lon":131.265625,"areaKm2":0.2696741,"populated2020":false,"population2020":null,"populationNote":"境界またぎ・収録外等のため自治体内人口は未集計"},"geometry":{"type":"Polygon","coordinates":[[[131.2625,33.075],[131.2625,33.07916666666667],[131.26875,33.079166666666666],[131.26875,33.075],[131.2625,33.075]]]}},{"type":"Feature","id":"44208:493142912","properties":{"id":"44208:493142912","meshCode":"493142912","cityCode":"44208","city":"竹田市","lat":33.0770833,"lon":131.271875,"areaKm2":0.2696741,"populated2020":false,"population2020":null,"populationNote":"境界またぎ・収録外等のため自治体内人口は未集計"},"geometry":{"type":"Polygon","coordinates":[[[131.26875,33.075],[131.26875,33.079166666666666],[131.275,33.07916666666667],[131.275,33.075],[131.26875,33.075]]]}},{"type":"Feature","id":"44208:493142921","properties":{"id":"44208:493142921","meshCode":"493142921","cityCode":"44208","city":"竹田市","lat":33.0770833,"lon":131.278125,"areaKm2":0.2696741,"populated2020":false,"population2020":null,"populationNote":"境界またぎ・収録外等のため自治体内人口は未集計"},"geometry":{"type":"Polygon","coordinates":[[[131.275,33.075],[131.275,33.07916666666667],[131.28125,33.079166666666666],[131.28125,33.075],[131.275,33.075]]]}},{"type":"Feature","id":"44208:493142922","properties":{"id":"44208:493142922","meshCode":"493142922","cityCode":"44208","city":"竹田市","lat":33.0770833,"lon":131.284375,"areaKm2":0.2696741,"populated2020":false,"population2020":null,"populationNote":"境界またぎ・収録外等のため自治体内人口は未集計"},"geometry":{"type":"Polygon","coordinates":[[[131.28125,33.075],[131.28125,33.079166666666666],[131.2875,33.07916666666667],[131.2875,33.075],[131.28125,33.075]]]}},{"type":"Feature","id":"44208:493142931","properties":{"id":"44208:493142931","meshCode":"493142931","cityCode":"44208","city":"竹田市","lat":33.0770833,"lon":131.290625,"areaKm2":0.2696741,"populated2020":false,"population2020":null,"populationNote":"境界またぎ・収録外等のため自治体内人口は未集計"},"geometry":{"type":"Polygon","coordinates":[[[131.2875,33.075],[131.2875,33.07916666666667],[131.29375,33.079166666666666],[131.29375,33.075],[131.2875,33.075]]]}},{"type":"Feature","id":"44208:493142932","properties":{"id":"44208:493142932","meshCode":"493142932","cityCode":"44208","city":"竹田市","lat":33.0770833,"lon":131.296875,"areaKm2":0.2696741,"populated2020":false,"population2020":null,"populationNote":"境界またぎ・収録外等のため自治体内人口は未集計"},"geometry":{"type":"Polygon","coordinates":[[[131.29375,33.075],[131.29375,33.079166666666666],[131.30000000000004,33.07916666666667],[131.30000000000004,33.075],[131.29375,33.075]]]}},{"type":"Feature","id":"44208:493142941","properties":{"id":"44208:493142941","meshCode":"493142941","cityCode":"44208","city":"竹田市","lat":33.0770833,"lon":131.303125,"areaKm2":0.2696741,"populated2020":false,"population2020":null,"populationNote":"境界またぎ・収録外等のため自治体内人口は未集計"},"geometry":{"type":"Polygon","coordinates":[[[131.30000000000004,33.075],[131.30000000000004,33.07916666666667],[131.30625,33.07916666666667],[131.30625,33.075],[131.30000000000004,33.075]]]}},{"type":"Feature","id":"44208:493142942","properties":{"id":"44208:493142942","meshCode":"493142942","cityCode":"44208","city":"竹田市","lat":33.0770833,"lon":131.309375,"areaKm2":0.2696741,"populated2020":false,"population2020":null,"populationNote":"境界またぎ・収録外等のため自治体内人口は未集計"},"geometry":{"type":"Polygon","coordinates":[[[131.30625,33.075],[131.30625,33.07916666666667],[131.3125,33.079166666666666],[131.3125,33.075],[131.30625,33.075]]]}},{"type":"Feature","id":"44208:493142951","properties":{"id":"44208:493142951","meshCode":"493142951","cityCode":"44208","city":"竹田市","lat":33.0770833,"lon":131.315625,"areaKm2":0.2696741,"populated2020":true,"population2020":3.0108,"populationNote":"2020年基準人口（国交省調整値）"},"geometry":{"type":"Polygon","coordinates":[[[131.3125,33.075],[131.3125,33.079166666666666],[131.31875,33.079166666666666],[131.31875,33.07500000000001],[131.3125,33.075]]]}},{"type":"Feature","id":"44208:493142952","properties":{"id":"44208:493142952","meshCode":"493142952","cityCode":"44208","city":"竹田市","lat":33.0770833,"lon":131.321875,"areaKm2":0.2696741,"populated2020":true,"population2020":12.0002,"populationNote":"2020年基準人口（国交省調整値）"},"geometry":{"type":"Polygon","coordinates":[[[131.31875,33.07500000000001],[131.31875,33.079166666666666],[131.325,33.079166666666666],[131.325,33.075],[131.31875,33.07500000000001]]]}},{"type":"Feature","id":"44208:493142961","properties":{"id":"44208:493142961","meshCode":"493142961","cityCode":"44208","city":"竹田市","lat":33.0770833,"lon":131.328125,"areaKm2":0.2696741,"populated2020":true,"population2020":17.02,"populationNote":"2020年基準人口（国交省調整値）"},"geometry":{"type":"Polygon","coordinates":[[[131.325,33.075],[131.325,33.079166666666666],[131.33125,33.079166666666666],[131.33125,33.074999999999996],[131.325,33.075]]]}},{"type":"Feature","id":"44208:493142962","properties":{"id":"44208:493142962","meshCode":"493142962","cityCode":"44208","city":"竹田市","lat":33.0770833,"lon":131.334375,"areaKm2":0.2696741,"populated2020":true,"population2020":2.0005,"populationNote":"2020年基準人口（国交省調整値）"},"geometry":{"type":"Polygon","coordinates":[[[131.33125,33.074999999999996],[131.33125,33.079166666666666],[131.3375,33.079166666666666],[131.3375,33.074999999999996],[131.33125,33.074999999999996]]]}},{"type":"Feature","id":"44208:493142971","properties":{"id":"44208:493142971","meshCode":"493142971","cityCode":"44208","city":"竹田市","lat":33.0770833,"lon":131.340625,"areaKm2":0.2696741,"populated2020":true,"population2020":1.0,"populationNote":"2020年基準人口（国交省調整値）"},"geometry":{"type":"Polygon","coordinates":[[[131.3375,33.074999999999996],[131.3375,33.079166666666666],[131.34375,33.079166666666666],[131.34375,33.075],[131.3375,33.074999999999996]]]}},{"type":"Feature","id":"44208:493142972","properties":{"id":"44208:493142972","meshCode":"493142972","cityCode":"44208","city":"竹田市","lat":33.0770833,"lon":131.346875,"areaKm2":0.2696741,"populated2020":true,"population2020":2.002,"populationNote":"2020年基準人口（国交省調整値）"},"geometry":{"type":"Polygon","coordinates":[[[131.34375,33.075],[131.34375,33.079166666666666],[131.35,33.079166666666666],[131.35,33.075],[131.34375,33.075]]]}},{"type":"Feature","id":"44208:493142981","properties":{"id":"44208:493142981","meshCode":"493142981","cityCode":"44208","city":"竹田市","lat":33.0770833,"lon":131.353125,"areaKm2":0.2696741,"populated2020":true,"population2020":12.0144,"populationNote":"2020年基準人口（国交省調整値）"},"geometry":{"type":"Polygon","coordinates":[[[131.35,33.075],[131.35,33.079166666666666],[131.35625000000002,33.079166666666666],[131.35625000000002,33.075],[131.35,33.075]]]}},{"type":"Feature","id":"44208:493142982","properties":{"id":"44208:493142982","meshCode":"493142982","cityCode":"44208","city":"竹田市","lat":33.0770833,"lon":131.359375,"areaKm2":0.2696741,"populated2020":false,"population2020":null,"populationNote":"境界またぎ・収録外等のため自治体内人口は未集計"},"geometry":{"type":"Polygon","coordinates":[[[131.35625000000002,33.075],[131.35625000000002,33.079166666666666],[131.3625,33.07916666666666],[131.3625,33.075],[131.35625000000002,33.075]]]}},{"type":"Feature","id":"44208:493142991","properties":{"id":"44208:493142991","meshCode":"493142991","cityCode":"44208","city":"竹田市","lat":33.0770833,"lon":131.365625,"areaKm2":0.2696741,"populated2020":true,"population2020":2.0007,"populationNote":"2020年基準人口（国交省調整値）"},"geometry":{"type":"Polygon","coordinates":[[[131.3625,33.075],[131.3625,33.07916666666666],[131.36875,33.07916666666667],[131.36875,33.075],[131.3625,33.075]]]}},{"type":"Feature","id":"44208:493142992","properties":{"id":"44208:493142992","meshCode":"493142992","cityCode":"44208","city":"竹田市","lat":33.0770833,"lon":131.371875,"areaKm2":0.2696741,"populated2020":true,"population2020":11.0103,"populationNote":"2020年基準人口（国交省調整値）"},"geometry":{"type":"Polygon","coordinates":[[[131.36875,33.075],[131.36875,33.07916666666667],[131.375,33.07916666666666],[131.375,33.075],[131.36875,33.075]]]}},{"type":"Feature","id":"44208:493143901","properties":{"id":"44208:493143901","meshCode":"493143901","cityCode":"44208","city":"竹田市","lat":33.0770833,"lon":131.378125,"areaKm2":0.2696741,"populated2020":true,"population2020":21.0237,"populationNote":"2020年基準人口（国交省調整値）"},"geometry":{"type":"Polygon","coordinates":[[[131.375,33.075],[131.375,33.07916666666666],[131.38125,33.079166666666666],[131.38125,33.075],[131.375,33.075]]]}},{"type":"Feature","id":"44208:493143902","properties":{"id":"44208:493143902","meshCode":"493143902","cityCode":"44208","city":"竹田市","lat":33.0770833,"lon":131.384375,"areaKm2":0.2696741,"populated2020":true,"population2020":128.2699,"populationNote":"2020年基準人口（国交省調整値）"},"geometry":{"type":"Polygon","coordinates":[[[131.38125,33.075],[131.38125,33.079166666666666],[131.3875,33.079166666666666],[131.3875,33.075],[131.38125,33.075]]]}},{"type":"Feature","id":"44208:493143911","properties":{"id":"44208:493143911","meshCode":"493143911","cityCode":"44208","city":"竹田市","lat":33.0770833,"lon":131.390625,"areaKm2":0.2696741,"populated2020":false,"population2020":null,"populationNote":"境界またぎ・収録外等のため自治体内人口は未集計"},"geometry":{"type":"Polygon","coordinates":[[[131.3875,33.075],[131.3875,33.079166666666666],[131.39375,33.079166666666666],[131.39375,33.074999999999996],[131.3875,33.075]]]}},{"type":"Feature","id":"44208:493143912","properties":{"id":"44208:493143912","meshCode":"493143912","cityCode":"44208","city":"竹田市","lat":33.0770833,"lon":131.396875,"areaKm2":0.2696741,"populated2020":true,"population2020":9.018,"populationNote":"2020年基準人口（国交省調整値）"},"geometry":{"type":"Polygon","coordinates":[[[131.39375,33.074999999999996],[131.39375,33.079166666666666],[131.4,33.07916666666667],[131.4,33.075],[131.39375,33.074999999999996]]]}},{"type":"Feature","id":"44208:493143921","properties":{"id":"44208:493143921","meshCode":"493143921","cityCode":"44208","city":"竹田市","lat":33.0770833,"lon":131.403125,"areaKm2":0.1566507,"populated2020":false,"population2020":null,"populationNote":"境界またぎ・収録外等のため自治体内人口は未集計"},"geometry":{"type":"Polygon","coordinates":[[[131.40485685406423,33.079166666666666],[131.404882399,33.078754161999996],[131.405071297,33.078511387],[131.405063515,33.07840555],[131.404866563,33.078312216],[131.404449066,33.078312225],[131.404197393,33.07818166700001],[131.40380406,33.077143892],[131.403496835,33.077006955],[131.403151271,33.076495568],[131.402820441,33.076265288],[131.402639326,33.075811126],[131.402670986,33.075475018],[131.402393528,33.075],[131.4,33.075],[131.4,33.07916666666667],[131.40485685406423,33.079166666666666]]]}},{"type":"Feature","id":"44208:493141954","properties":{"id":"44208:493141954","meshCode":"493141954","cityCode":"44208","city":"竹田市","lat":33.081255,"lon":131.1984439,"areaKm2":0.1427565,"populated2020":false,"population2020":null,"populationNote":"境界またぎ・収録外等のため自治体内人口は未集計"},"geometry":{"type":"Polygon","coordinates":[[[131.19527686100014,33.07917936000001],[131.19564647200002,33.080302378000056],[131.19592036300003,33.08067237800008],[131.196304241,33.081142378000095],[131.19676896200008,33.08117015299997],[131.19725312599996,33.08159403599995],[131.19749062300014,33.082249036],[131.19772840500013,33.08244181100002],[131.19808451400002,33.08298125200003],[131.19844968935493,33.083333333333336],[131.2,33.08333333333334],[131.2,33.079166666666666],[131.19527686100014,33.07917936000001]]]}},{"type":"Feature","id":"44208:493141963","properties":{"id":"44208:493141963","meshCode":"493141963","cityCode":"44208","city":"竹田市","lat":33.08125,"lon":131.203125,"areaKm2":0.2696615,"populated2020":false,"population2020":null,"populationNote":"境界またぎ・収録外等のため自治体内人口は未集計"},"geometry":{"type":"Polygon","coordinates":[[[131.2,33.079166666666666],[131.2,33.08333333333334],[131.20625,33.083333333333336],[131.20625,33.07916666666667],[131.2,33.079166666666666]]]}},{"type":"Feature","id":"44208:493141964","properties":{"id":"44208:493141964","meshCode":"493141964","cityCode":"44208","city":"竹田市","lat":33.08125,"lon":131.209375,"areaKm2":0.2696615,"populated2020":false,"population2020":null,"populationNote":"境界またぎ・収録外等のため自治体内人口は未集計"},"geometry":{"type":"Polygon","coordinates":[[[131.20625,33.07916666666667],[131.20625,33.083333333333336],[131.2125,33.083333333333336],[131.2125,33.079166666666666],[131.20625,33.07916666666667]]]}},{"type":"Feature","id":"44208:493141973","properties":{"id":"44208:493141973","meshCode":"493141973","cityCode":"44208","city":"竹田市","lat":33.08125,"lon":131.215625,"areaKm2":0.2696615,"populated2020":false,"population2020":null,"populationNote":"境界またぎ・収録外等のため自治体内人口は未集計"},"geometry":{"type":"Polygon","coordinates":[[[131.2125,33.079166666666666],[131.2125,33.083333333333336],[131.21875,33.08333333333333],[131.21875,33.079166666666666],[131.2125,33.079166666666666]]]}},{"type":"Feature","id":"44208:493141974","properties":{"id":"44208:493141974","meshCode":"493141974","cityCode":"44208","city":"竹田市","lat":33.08125,"lon":131.221875,"areaKm2":0.2696615,"populated2020":false,"population2020":null,"populationNote":"境界またぎ・収録外等のため自治体内人口は未集計"},"geometry":{"type":"Polygon","coordinates":[[[131.21875,33.079166666666666],[131.21875,33.08333333333333],[131.225,33.08333333333334],[131.225,33.07916666666667],[131.21875,33.079166666666666]]]}},{"type":"Feature","id":"44208:493141983","properties":{"id":"44208:493141983","meshCode":"493141983","cityCode":"44208","city":"竹田市","lat":33.08125,"lon":131.228125,"areaKm2":0.2696615,"populated2020":false,"population2020":null,"populationNote":"境界またぎ・収録外等のため自治体内人口は未集計"},"geometry":{"type":"Polygon","coordinates":[[[131.225,33.07916666666667],[131.225,33.08333333333334],[131.23125,33.083333333333336],[131.23125,33.07916666666667],[131.225,33.07916666666667]]]}},{"type":"Feature","id":"44208:493141984","properties":{"id":"44208:493141984","meshCode":"493141984","cityCode":"44208","city":"竹田市","lat":33.08125,"lon":131.234375,"areaKm2":0.2696615,"populated2020":false,"population2020":null,"populationNote":"境界またぎ・収録外等のため自治体内人口は未集計"},"geometry":{"type":"Polygon","coordinates":[[[131.23125,33.07916666666667],[131.23125,33.083333333333336],[131.2375,33.083333333333336],[131.2375,33.079166666666666],[131.23125,33.07916666666667]]]}},{"type":"Feature","id":"44208:493141993","properties":{"id":"44208:493141993","meshCode":"493141993","cityCode":"44208","city":"竹田市","lat":33.08125,"lon":131.240625,"areaKm2":0.2696615,"populated2020":false,"population2020":null,"populationNote":"境界またぎ・収録外等のため自治体内人口は未集計"},"geometry":{"type":"Polygon","coordinates":[[[131.2375,33.079166666666666],[131.2375,33.083333333333336],[131.24375,33.083333333333336],[131.24375,33.07916666666666],[131.2375,33.079166666666666]]]}},{"type":"Feature","id":"44208:493141994","properties":{"id":"44208:493141994","meshCode":"493141994","cityCode":"44208","city":"竹田市","lat":33.08125,"lon":131.246875,"areaKm2":0.2696615,"populated2020":false,"population2020":null,"populationNote":"境界またぎ・収録外等のため自治体内人口は未集計"},"geometry":{"type":"Polygon","coordinates":[[[131.24375,33.07916666666666],[131.24375,33.083333333333336],[131.25,33.083333333333336],[131.25,33.079166666666666],[131.24375,33.07916666666666]]]}},{"type":"Feature","id":"44208:493142903","properties":{"id":"44208:493142903","meshCode":"493142903","cityCode":"44208","city":"竹田市","lat":33.08125,"lon":131.253125,"areaKm2":0.2696615,"populated2020":false,"population2020":null,"populationNote":"境界またぎ・収録外等のため自治体内人口は未集計"},"geometry":{"type":"Polygon","coordinates":[[[131.25,33.079166666666666],[131.25,33.083333333333336],[131.25625,33.08333333333333],[131.25625,33.079166666666666],[131.25,33.079166666666666]]]}},{"type":"Feature","id":"44208:493142904","properties":{"id":"44208:493142904","meshCode":"493142904","cityCode":"44208","city":"竹田市","lat":33.08125,"lon":131.259375,"areaKm2":0.2696615,"populated2020":false,"population2020":null,"populationNote":"境界またぎ・収録外等のため自治体内人口は未集計"},"geometry":{"type":"Polygon","coordinates":[[[131.25625,33.079166666666666],[131.25625,33.08333333333333],[131.2625,33.083333333333336],[131.2625,33.07916666666667],[131.25625,33.079166666666666]]]}},{"type":"Feature","id":"44208:493142913","properties":{"id":"44208:493142913","meshCode":"493142913","cityCode":"44208","city":"竹田市","lat":33.08125,"lon":131.265625,"areaKm2":0.2696615,"populated2020":false,"population2020":null,"populationNote":"境界またぎ・収録外等のため自治体内人口は未集計"},"geometry":{"type":"Polygon","coordinates":[[[131.2625,33.07916666666667],[131.2625,33.083333333333336],[131.26875,33.08333333333333],[131.26875,33.079166666666666],[131.2625,33.07916666666667]]]}},{"type":"Feature","id":"44208:493142914","properties":{"id":"44208:493142914","meshCode":"493142914","cityCode":"44208","city":"竹田市","lat":33.08125,"lon":131.271875,"areaKm2":0.2696615,"populated2020":false,"population2020":null,"populationNote":"境界またぎ・収録外等のため自治体内人口は未集計"},"geometry":{"type":"Polygon","coordinates":[[[131.26875,33.079166666666666],[131.26875,33.08333333333333],[131.275,33.083333333333336],[131.275,33.07916666666667],[131.26875,33.079166666666666]]]}},{"type":"Feature","id":"44208:493142923","properties":{"id":"44208:493142923","meshCode":"493142923","cityCode":"44208","city":"竹田市","lat":33.08125,"lon":131.278125,"areaKm2":0.2696615,"populated2020":false,"population2020":null,"populationNote":"境界またぎ・収録外等のため自治体内人口は未集計"},"geometry":{"type":"Polygon","coordinates":[[[131.275,33.07916666666667],[131.275,33.083333333333336],[131.28125,33.083333333333336],[131.28125,33.079166666666666],[131.275,33.07916666666667]]]}},{"type":"Feature","id":"44208:493142924","properties":{"id":"44208:493142924","meshCode":"493142924","cityCode":"44208","city":"竹田市","lat":33.08125,"lon":131.284375,"areaKm2":0.2696615,"populated2020":false,"population2020":null,"populationNote":"境界またぎ・収録外等のため自治体内人口は未集計"},"geometry":{"type":"Polygon","coordinates":[[[131.28125,33.079166666666666],[131.28125,33.083333333333336],[131.2875,33.08333333333333],[131.2875,33.07916666666667],[131.28125,33.079166666666666]]]}},{"type":"Feature","id":"44208:493142933","properties":{"id":"44208:493142933","meshCode":"493142933","cityCode":"44208","city":"竹田市","lat":33.08125,"lon":131.290625,"areaKm2":0.2696615,"populated2020":false,"population2020":null,"populationNote":"境界またぎ・収録外等のため自治体内人口は未集計"},"geometry":{"type":"Polygon","coordinates":[[[131.2875,33.07916666666667],[131.2875,33.08333333333333],[131.29375,33.083333333333336],[131.29375,33.079166666666666],[131.2875,33.07916666666667]]]}},{"type":"Feature","id":"44208:493142934","properties":{"id":"44208:493142934","meshCode":"493142934","cityCode":"44208","city":"竹田市","lat":33.08125,"lon":131.296875,"areaKm2":0.2696615,"populated2020":false,"population2020":null,"populationNote":"境界またぎ・収録外等のため自治体内人口は未集計"},"geometry":{"type":"Polygon","coordinates":[[[131.29375,33.079166666666666],[131.29375,33.083333333333336],[131.30000000000004,33.08333333333333],[131.30000000000004,33.07916666666667],[131.29375,33.079166666666666]]]}},{"type":"Feature","id":"44208:493142943","properties":{"id":"44208:493142943","meshCode":"493142943","cityCode":"44208","city":"竹田市","lat":33.08125,"lon":131.303125,"areaKm2":0.2696615,"populated2020":false,"population2020":null,"populationNote":"境界またぎ・収録外等のため自治体内人口は未集計"},"geometry":{"type":"Polygon","coordinates":[[[131.30000000000004,33.07916666666667],[131.30000000000004,33.08333333333333],[131.30625,33.08333333333333],[131.30625,33.07916666666667],[131.30000000000004,33.07916666666667]]]}},{"type":"Feature","id":"44208:493142944","properties":{"id":"44208:493142944","meshCode":"493142944","cityCode":"44208","city":"竹田市","lat":33.08125,"lon":131.309375,"areaKm2":0.2696615,"populated2020":false,"population2020":null,"populationNote":"境界またぎ・収録外等のため自治体内人口は未集計"},"geometry":{"type":"Polygon","coordinates":[[[131.30625,33.07916666666667],[131.30625,33.08333333333333],[131.3125,33.083333333333336],[131.3125,33.079166666666666],[131.30625,33.07916666666667]]]}},{"type":"Feature","id":"44208:493142953","properties":{"id":"44208:493142953","meshCode":"493142953","cityCode":"44208","city":"竹田市","lat":33.08125,"lon":131.315625,"areaKm2":0.2696615,"populated2020":false,"population2020":null,"populationNote":"境界またぎ・収録外等のため自治体内人口は未集計"},"geometry":{"type":"Polygon","coordinates":[[[131.3125,33.079166666666666],[131.3125,33.083333333333336],[131.31875,33.083333333333336],[131.31875,33.079166666666666],[131.3125,33.079166666666666]]]}},{"type":"Feature","id":"44208:493142954","properties":{"id":"44208:493142954","meshCode":"493142954","cityCode":"44208","city":"竹田市","lat":33.08125,"lon":131.321875,"areaKm2":0.2696615,"populated2020":false,"population2020":null,"populationNote":"境界またぎ・収録外等のため自治体内人口は未集計"},"geometry":{"type":"Polygon","coordinates":[[[131.31875,33.079166666666666],[131.31875,33.083333333333336],[131.325,33.083333333333336],[131.325,33.079166666666666],[131.31875,33.079166666666666]]]}},{"type":"Feature","id":"44208:493142963","properties":{"id":"44208:493142963","meshCode":"493142963","cityCode":"44208","city":"竹田市","lat":33.08125,"lon":131.328125,"areaKm2":0.2696615,"populated2020":false,"population2020":null,"populationNote":"境界またぎ・収録外等のため自治体内人口は未集計"},"geometry":{"type":"Polygon","coordinates":[[[131.325,33.079166666666666],[131.325,33.083333333333336],[131.33125,33.083333333333336],[131.33125,33.079166666666666],[131.325,33.079166666666666]]]}},{"type":"Feature","id":"44208:493142964","properties":{"id":"44208:493142964","meshCode":"493142964","cityCode":"44208","city":"竹田市","lat":33.08125,"lon":131.334375,"areaKm2":0.2696615,"populated2020":false,"population2020":null,"populationNote":"境界またぎ・収録外等のため自治体内人口は未集計"},"geometry":{"type":"Polygon","coordinates":[[[131.33125,33.079166666666666],[131.33125,33.083333333333336],[131.3375,33.083333333333336],[131.3375,33.079166666666666],[131.33125,33.079166666666666]]]}},{"type":"Feature","id":"44208:493142973","properties":{"id":"44208:493142973","meshCode":"493142973","cityCode":"44208","city":"竹田市","lat":33.08125,"lon":131.340625,"areaKm2":0.2696615,"populated2020":true,"population2020":47.0389,"populationNote":"2020年基準人口（国交省調整値）"},"geometry":{"type":"Polygon","coordinates":[[[131.3375,33.079166666666666],[131.3375,33.083333333333336],[131.34375,33.08333333333334],[131.34375,33.079166666666666],[131.3375,33.079166666666666]]]}},{"type":"Feature","id":"44208:493142974","properties":{"id":"44208:493142974","meshCode":"493142974","cityCode":"44208","city":"竹田市","lat":33.08125,"lon":131.346875,"areaKm2":0.2696615,"populated2020":true,"population2020":6.9826,"populationNote":"2020年基準人口（国交省調整値）"},"geometry":{"type":"Polygon","coordinates":[[[131.34375,33.079166666666666],[131.34375,33.08333333333334],[131.35,33.083333333333336],[131.35,33.079166666666666],[131.34375,33.079166666666666]]]}},{"type":"Feature","id":"44208:493142983","properties":{"id":"44208:493142983","meshCode":"493142983","cityCode":"44208","city":"竹田市","lat":33.08125,"lon":131.353125,"areaKm2":0.2696615,"populated2020":false,"population2020":null,"populationNote":"境界またぎ・収録外等のため自治体内人口は未集計"},"geometry":{"type":"Polygon","coordinates":[[[131.35,33.079166666666666],[131.35,33.083333333333336],[131.35625000000002,33.08333333333333],[131.35625000000002,33.079166666666666],[131.35,33.079166666666666]]]}},{"type":"Feature","id":"44208:493142984","properties":{"id":"44208:493142984","meshCode":"493142984","cityCode":"44208","city":"竹田市","lat":33.08125,"lon":131.359375,"areaKm2":0.2696615,"populated2020":false,"population2020":null,"populationNote":"境界またぎ・収録外等のため自治体内人口は未集計"},"geometry":{"type":"Polygon","coordinates":[[[131.35625000000002,33.079166666666666],[131.35625000000002,33.08333333333333],[131.3625,33.083333333333336],[131.3625,33.07916666666666],[131.35625000000002,33.079166666666666]]]}},{"type":"Feature","id":"44208:493142993","properties":{"id":"44208:493142993","meshCode":"493142993","cityCode":"44208","city":"竹田市","lat":33.08125,"lon":131.365625,"areaKm2":0.2696615,"populated2020":true,"population2020":35.1165,"populationNote":"2020年基準人口（国交省調整値）"},"geometry":{"type":"Polygon","coordinates":[[[131.3625,33.07916666666666],[131.3625,33.083333333333336],[131.36875,33.083333333333336],[131.36875,33.07916666666667],[131.3625,33.07916666666666]]]}},{"type":"Feature","id":"44208:493142994","properties":{"id":"44208:493142994","meshCode":"493142994","cityCode":"44208","city":"竹田市","lat":33.08125,"lon":131.371875,"areaKm2":0.2696615,"populated2020":true,"population2020":10.0154,"populationNote":"2020年基準人口（国交省調整値）"},"geometry":{"type":"Polygon","coordinates":[[[131.36875,33.07916666666667],[131.36875,33.083333333333336],[131.375,33.08333333333333],[131.375,33.07916666666666],[131.36875,33.07916666666667]]]}},{"type":"Feature","id":"44208:493143903","properties":{"id":"44208:493143903","meshCode":"493143903","cityCode":"44208","city":"竹田市","lat":33.08125,"lon":131.378125,"areaKm2":0.2696615,"populated2020":false,"population2020":null,"populationNote":"境界またぎ・収録外等のため自治体内人口は未集計"},"geometry":{"type":"Polygon","coordinates":[[[131.375,33.07916666666666],[131.375,33.08333333333333],[131.38125,33.083333333333336],[131.38125,33.079166666666666],[131.375,33.07916666666666]]]}},{"type":"Feature","id":"44208:493143904","properties":{"id":"44208:493143904","meshCode":"493143904","cityCode":"44208","city":"竹田市","lat":33.08125,"lon":131.384375,"areaKm2":0.2696615,"populated2020":true,"population2020":184.134,"populationNote":"2020年基準人口（国交省調整値）"},"geometry":{"type":"Polygon","coordinates":[[[131.38125,33.079166666666666],[131.38125,33.083333333333336],[131.3875,33.083333333333336],[131.3875,33.079166666666666],[131.38125,33.079166666666666]]]}},{"type":"Feature","id":"44208:493143913","properties":{"id":"44208:493143913","meshCode":"493143913","cityCode":"44208","city":"竹田市","lat":33.08125,"lon":131.390625,"areaKm2":0.2696615,"populated2020":true,"population2020":10.0178,"populationNote":"2020年基準人口（国交省調整値）"},"geometry":{"type":"Polygon","coordinates":[[[131.3875,33.079166666666666],[131.3875,33.083333333333336],[131.39375,33.083333333333336],[131.39375,33.079166666666666],[131.3875,33.079166666666666]]]}},{"type":"Feature","id":"44208:493143914","properties":{"id":"44208:493143914","meshCode":"493143914","cityCode":"44208","city":"竹田市","lat":33.08125,"lon":131.396875,"areaKm2":0.2696615,"populated2020":false,"population2020":null,"populationNote":"境界またぎ・収録外等のため自治体内人口は未集計"},"geometry":{"type":"Polygon","coordinates":[[[131.39375,33.079166666666666],[131.39375,33.083333333333336],[131.4,33.083333333333336],[131.4,33.07916666666667],[131.39375,33.079166666666666]]]}},{"type":"Feature","id":"44208:493143923","properties":{"id":"44208:493143923","meshCode":"493143923","cityCode":"44208","city":"竹田市","lat":33.08125,"lon":131.403125,"areaKm2":0.2167693,"populated2020":false,"population2020":null,"populationNote":"境界またぎ・収録外等のため自治体内人口は未集計"},"geometry":{"type":"Polygon","coordinates":[[[131.40625,33.08246176224249],[131.405220208,33.08199303599999],[131.40458214,33.08183720700001],[131.403890752,33.08134082000001],[131.403906304,33.081266099],[131.404260752,33.08116026999999],[131.404457691,33.08100471200001],[131.404418521,33.080594162],[131.404701855,33.080108883],[131.40485685406423,33.079166666666666],[131.4,33.07916666666667],[131.4,33.083333333333336],[131.40625,33.083333333333336],[131.40625,33.08246176224249]]]}},{"type":"Feature","id":"44208:493143924","properties":{"id":"44208:493143924","meshCode":"493143924","cityCode":"44208","city":"竹田市","lat":33.082794,"lon":131.4065476,"areaKm2":0.0075756,"populated2020":true,"population2020":null,"populationNote":"境界またぎ・収録外等のため自治体内人口は未集計"},"geometry":{"type":"Polygon","coordinates":[[[131.40802164700006,33.08333333300005],[131.40709716,33.082949694],[131.40625,33.08246176224249],[131.40625,33.083333333333336],[131.40802164700006,33.08333333300005]]]}},{"type":"Feature","id":"44208:493151052","properties":{"id":"44208:493151052","meshCode":"493151052","cityCode":"44208","city":"竹田市","lat":33.0850343,"lon":131.1995875,"areaKm2":0.0310836,"populated2020":false,"population2020":null,"populationNote":"境界またぎ・収録外等のため自治体内人口は未集計"},"geometry":{"type":"Polygon","coordinates":[[[131.19845042800014,33.083334026999985],[131.19890561600005,33.08399401800012],[131.19917033700006,33.08491096400014],[131.19917949399996,33.08544262200007],[131.19904228300004,33.08566623399991],[131.19909727599997,33.0858434590001],[131.1993619970001,33.08629817999998],[131.2,33.08665164900003],[131.2,33.08333333333334],[131.19845042800014,33.083334026999985]]]}},{"type":"Feature","id":"44208:493151061","properties":{"id":"44208:493151061","meshCode":"493151061","cityCode":"44208","city":"竹田市","lat":33.0854167,"lon":131.203125,"areaKm2":0.2673367,"populated2020":false,"population2020":null,"populationNote":"境界またぎ・収録外等のため自治体内人口は未集計"},"geometry":{"type":"Polygon","coordinates":[[[131.20000005200006,33.086651675999924],[131.20033699100009,33.08693206300012],[131.20020859173874,33.08749999999999],[131.20625,33.0875],[131.20625,33.083333333333336],[131.2,33.08333333333334],[131.20000005200006,33.086651675999924]]]}},{"type":"Feature","id":"44208:493151062","properties":{"id":"44208:493151062","meshCode":"493151062","cityCode":"44208","city":"竹田市","lat":33.0854167,"lon":131.209375,"areaKm2":0.269649,"populated2020":false,"population2020":null,"populationNote":"境界またぎ・収録外等のため自治体内人口は未集計"},"geometry":{"type":"Polygon","coordinates":[[[131.20625,33.083333333333336],[131.20625,33.0875],[131.2125,33.087500000000006],[131.2125,33.083333333333336],[131.20625,33.083333333333336]]]}},{"type":"Feature","id":"44208:493151071","properties":{"id":"44208:493151071","meshCode":"493151071","cityCode":"44208","city":"竹田市","lat":33.0854167,"lon":131.215625,"areaKm2":0.269649,"populated2020":false,"population2020":null,"populationNote":"境界またぎ・収録外等のため自治体内人口は未集計"},"geometry":{"type":"Polygon","coordinates":[[[131.2125,33.083333333333336],[131.2125,33.087500000000006],[131.21875,33.087500000000006],[131.21875,33.08333333333333],[131.2125,33.083333333333336]]]}},{"type":"Feature","id":"44208:493151072","properties":{"id":"44208:493151072","meshCode":"493151072","cityCode":"44208","city":"竹田市","lat":33.0854167,"lon":131.221875,"areaKm2":0.2680827,"populated2020":false,"population2020":null,"populationNote":"境界またぎ・収録外等のため自治体内人口は未集計"},"geometry":{"type":"Polygon","coordinates":[[[131.225,33.087036328620606],[131.225,33.08333333333334],[131.21875,33.08333333333333],[131.21875,33.087500000000006],[131.22434769072004,33.0875],[131.225,33.087036328620606]]]}},{"type":"Feature","id":"44208:493151081","properties":{"id":"44208:493151081","meshCode":"493151081","cityCode":"44208","city":"竹田市","lat":33.0854167,"lon":131.228125,"areaKm2":0.2220869,"populated2020":false,"population2020":null,"populationNote":"境界またぎ・収録外等のため自治体内人口は未集計"},"geometry":{"type":"Polygon","coordinates":[[[131.22500000650018,33.08703632400016],[131.2257797410001,33.08647445000003],[131.22653391699998,33.08542889200004],[131.22672197100007,33.08539861300011],[131.22730418900008,33.085904170999974],[131.22771224400003,33.08668861300004],[131.22832112800018,33.08698166700015],[131.2300874620586,33.0875],[131.23125,33.0875],[131.23125,33.083333333333336],[131.225,33.08333333333334],[131.22500000650018,33.08703632400016]]]}},{"type":"Feature","id":"44208:493151082","properties":{"id":"44208:493151082","meshCode":"493151082","cityCode":"44208","city":"竹田市","lat":33.0854167,"lon":131.234375,"areaKm2":0.269649,"populated2020":false,"population2020":null,"populationNote":"境界またぎ・収録外等のため自治体内人口は未集計"},"geometry":{"type":"Polygon","coordinates":[[[131.23125,33.083333333333336],[131.23125,33.0875],[131.2375,33.0875],[131.2375,33.083333333333336],[131.23125,33.083333333333336]]]}},{"type":"Feature","id":"44208:493151091","properties":{"id":"44208:493151091","meshCode":"493151091","cityCode":"44208","city":"竹田市","lat":33.0854167,"lon":131.240625,"areaKm2":0.269649,"populated2020":false,"population2020":null,"populationNote":"境界またぎ・収録外等のため自治体内人口は未集計"},"geometry":{"type":"Polygon","coordinates":[[[131.2375,33.083333333333336],[131.2375,33.0875],[131.24375,33.0875],[131.24375,33.083333333333336],[131.2375,33.083333333333336]]]}},{"type":"Feature","id":"44208:493151092","properties":{"id":"44208:493151092","meshCode":"493151092","cityCode":"44208","city":"竹田市","lat":33.0854167,"lon":131.246875,"areaKm2":0.269649,"populated2020":false,"population2020":null,"populationNote":"境界またぎ・収録外等のため自治体内人口は未集計"},"geometry":{"type":"Polygon","coordinates":[[[131.24375,33.083333333333336],[131.24375,33.0875],[131.25,33.0875],[131.25,33.083333333333336],[131.24375,33.083333333333336]]]}},{"type":"Feature","id":"44208:493152001","properties":{"id":"44208:493152001","meshCode":"493152001","cityCode":"44208","city":"竹田市","lat":33.0854167,"lon":131.253125,"areaKm2":0.269649,"populated2020":false,"population2020":null,"populationNote":"境界またぎ・収録外等のため自治体内人口は未集計"},"geometry":{"type":"Polygon","coordinates":[[[131.25,33.083333333333336],[131.25,33.0875],[131.25625,33.087500000000006],[131.25625,33.08333333333333],[131.25,33.083333333333336]]]}},{"type":"Feature","id":"44208:493152002","properties":{"id":"44208:493152002","meshCode":"493152002","cityCode":"44208","city":"竹田市","lat":33.0854167,"lon":131.259375,"areaKm2":0.269649,"populated2020":false,"population2020":null,"populationNote":"境界またぎ・収録外等のため自治体内人口は未集計"},"geometry":{"type":"Polygon","coordinates":[[[131.25625,33.08333333333333],[131.25625,33.087500000000006],[131.2625,33.087500000000006],[131.2625,33.083333333333336],[131.25625,33.08333333333333]]]}},{"type":"Feature","id":"44208:493152011","properties":{"id":"44208:493152011","meshCode":"493152011","cityCode":"44208","city":"竹田市","lat":33.0854167,"lon":131.265625,"areaKm2":0.269649,"populated2020":false,"population2020":null,"populationNote":"境界またぎ・収録外等のため自治体内人口は未集計"},"geometry":{"type":"Polygon","coordinates":[[[131.2625,33.083333333333336],[131.2625,33.087500000000006],[131.26875,33.0875],[131.26875,33.08333333333333],[131.2625,33.083333333333336]]]}},{"type":"Feature","id":"44208:493152012","properties":{"id":"44208:493152012","meshCode":"493152012","cityCode":"44208","city":"竹田市","lat":33.0854167,"lon":131.271875,"areaKm2":0.269649,"populated2020":false,"population2020":null,"populationNote":"境界またぎ・収録外等のため自治体内人口は未集計"},"geometry":{"type":"Polygon","coordinates":[[[131.26875,33.08333333333333],[131.26875,33.0875],[131.275,33.0875],[131.275,33.083333333333336],[131.26875,33.08333333333333]]]}},{"type":"Feature","id":"44208:493152021","properties":{"id":"44208:493152021","meshCode":"493152021","cityCode":"44208","city":"竹田市","lat":33.0854167,"lon":131.278125,"areaKm2":0.269649,"populated2020":false,"population2020":null,"populationNote":"境界またぎ・収録外等のため自治体内人口は未集計"},"geometry":{"type":"Polygon","coordinates":[[[131.275,33.083333333333336],[131.275,33.0875],[131.28125,33.0875],[131.28125,33.083333333333336],[131.275,33.083333333333336]]]}},{"type":"Feature","id":"44208:493152022","properties":{"id":"44208:493152022","meshCode":"493152022","cityCode":"44208","city":"竹田市","lat":33.0854167,"lon":131.284375,"areaKm2":0.269649,"populated2020":false,"population2020":null,"populationNote":"境界またぎ・収録外等のため自治体内人口は未集計"},"geometry":{"type":"Polygon","coordinates":[[[131.28125,33.083333333333336],[131.28125,33.0875],[131.2875,33.0875],[131.2875,33.08333333333333],[131.28125,33.083333333333336]]]}},{"type":"Feature","id":"44208:493152031","properties":{"id":"44208:493152031","meshCode":"493152031","cityCode":"44208","city":"竹田市","lat":33.0854167,"lon":131.290625,"areaKm2":0.269649,"populated2020":false,"population2020":null,"populationNote":"境界またぎ・収録外等のため自治体内人口は未集計"},"geometry":{"type":"Polygon","coordinates":[[[131.2875,33.08333333333333],[131.2875,33.0875],[131.29375,33.087500000000006],[131.29375,33.083333333333336],[131.2875,33.08333333333333]]]}},{"type":"Feature","id":"44208:493152032","properties":{"id":"44208:493152032","meshCode":"493152032","cityCode":"44208","city":"竹田市","lat":33.0854167,"lon":131.296875,"areaKm2":0.269649,"populated2020":false,"population2020":null,"populationNote":"境界またぎ・収録外等のため自治体内人口は未集計"},"geometry":{"type":"Polygon","coordinates":[[[131.29375,33.083333333333336],[131.29375,33.087500000000006],[131.30000000000004,33.0875],[131.30000000000004,33.08333333333333],[131.29375,33.083333333333336]]]}},{"type":"Feature","id":"44208:493152041","properties":{"id":"44208:493152041","meshCode":"493152041","cityCode":"44208","city":"竹田市","lat":33.0854167,"lon":131.303125,"areaKm2":0.269649,"populated2020":false,"population2020":null,"populationNote":"境界またぎ・収録外等のため自治体内人口は未集計"},"geometry":{"type":"Polygon","coordinates":[[[131.30000000000004,33.08333333333333],[131.30000000000004,33.0875],[131.30625,33.087500000000006],[131.30625,33.08333333333333],[131.30000000000004,33.08333333333333]]]}},{"type":"Feature","id":"44208:493152042","properties":{"id":"44208:493152042","meshCode":"493152042","cityCode":"44208","city":"竹田市","lat":33.0854167,"lon":131.309375,"areaKm2":0.269649,"populated2020":false,"population2020":null,"populationNote":"境界またぎ・収録外等のため自治体内人口は未集計"},"geometry":{"type":"Polygon","coordinates":[[[131.30625,33.08333333333333],[131.30625,33.087500000000006],[131.3125,33.0875],[131.3125,33.083333333333336],[131.30625,33.08333333333333]]]}},{"type":"Feature","id":"44208:493152051","properties":{"id":"44208:493152051","meshCode":"493152051","cityCode":"44208","city":"竹田市","lat":33.0854167,"lon":131.315625,"areaKm2":0.269649,"populated2020":false,"population2020":null,"populationNote":"境界またぎ・収録外等のため自治体内人口は未集計"},"geometry":{"type":"Polygon","coordinates":[[[131.3125,33.083333333333336],[131.3125,33.0875],[131.31875,33.0875],[131.31875,33.083333333333336],[131.3125,33.083333333333336]]]}},{"type":"Feature","id":"44208:493152052","properties":{"id":"44208:493152052","meshCode":"493152052","cityCode":"44208","city":"竹田市","lat":33.0854167,"lon":131.321875,"areaKm2":0.269649,"populated2020":false,"population2020":null,"populationNote":"境界またぎ・収録外等のため自治体内人口は未集計"},"geometry":{"type":"Polygon","coordinates":[[[131.31875,33.083333333333336],[131.31875,33.0875],[131.325,33.0875],[131.325,33.083333333333336],[131.31875,33.083333333333336]]]}},{"type":"Feature","id":"44208:493152061","properties":{"id":"44208:493152061","meshCode":"493152061","cityCode":"44208","city":"竹田市","lat":33.0854167,"lon":131.328125,"areaKm2":0.269649,"populated2020":false,"population2020":null,"populationNote":"境界またぎ・収録外等のため自治体内人口は未集計"},"geometry":{"type":"Polygon","coordinates":[[[131.325,33.083333333333336],[131.325,33.0875],[131.33125,33.08749999999999],[131.33125,33.083333333333336],[131.325,33.083333333333336]]]}},{"type":"Feature","id":"44208:493152062","properties":{"id":"44208:493152062","meshCode":"493152062","cityCode":"44208","city":"竹田市","lat":33.0854167,"lon":131.334375,"areaKm2":0.269649,"populated2020":false,"population2020":null,"populationNote":"境界またぎ・収録外等のため自治体内人口は未集計"},"geometry":{"type":"Polygon","coordinates":[[[131.33125,33.083333333333336],[131.33125,33.08749999999999],[131.3375,33.0875],[131.3375,33.083333333333336],[131.33125,33.083333333333336]]]}},{"type":"Feature","id":"44208:493152071","properties":{"id":"44208:493152071","meshCode":"493152071","cityCode":"44208","city":"竹田市","lat":33.0854167,"lon":131.340625,"areaKm2":0.269649,"populated2020":true,"population2020":4.0004,"populationNote":"2020年基準人口（国交省調整値）"},"geometry":{"type":"Polygon","coordinates":[[[131.3375,33.083333333333336],[131.3375,33.0875],[131.34375,33.087500000000006],[131.34375,33.08333333333334],[131.3375,33.083333333333336]]]}},{"type":"Feature","id":"44208:493152072","properties":{"id":"44208:493152072","meshCode":"493152072","cityCode":"44208","city":"竹田市","lat":33.0854167,"lon":131.346875,"areaKm2":0.269649,"populated2020":false,"population2020":null,"populationNote":"境界またぎ・収録外等のため自治体内人口は未集計"},"geometry":{"type":"Polygon","coordinates":[[[131.34375,33.08333333333334],[131.34375,33.087500000000006],[131.35,33.087500000000006],[131.35,33.083333333333336],[131.34375,33.08333333333334]]]}},{"type":"Feature","id":"44208:493152081","properties":{"id":"44208:493152081","meshCode":"493152081","cityCode":"44208","city":"竹田市","lat":33.0854167,"lon":131.353125,"areaKm2":0.269649,"populated2020":false,"population2020":null,"populationNote":"境界またぎ・収録外等のため自治体内人口は未集計"},"geometry":{"type":"Polygon","coordinates":[[[131.35,33.083333333333336],[131.35,33.087500000000006],[131.35625000000002,33.087500000000006],[131.35625000000002,33.08333333333333],[131.35,33.083333333333336]]]}},{"type":"Feature","id":"44208:493152082","properties":{"id":"44208:493152082","meshCode":"493152082","cityCode":"44208","city":"竹田市","lat":33.0854167,"lon":131.359375,"areaKm2":0.269649,"populated2020":true,"population2020":33.0357,"populationNote":"2020年基準人口（国交省調整値）"},"geometry":{"type":"Polygon","coordinates":[[[131.35625000000002,33.08333333333333],[131.35625000000002,33.087500000000006],[131.3625,33.0875],[131.3625,33.083333333333336],[131.35625000000002,33.08333333333333]]]}},{"type":"Feature","id":"44208:493152091","properties":{"id":"44208:493152091","meshCode":"493152091","cityCode":"44208","city":"竹田市","lat":33.0854167,"lon":131.365625,"areaKm2":0.269649,"populated2020":true,"population2020":13.0188,"populationNote":"2020年基準人口（国交省調整値）"},"geometry":{"type":"Polygon","coordinates":[[[131.3625,33.083333333333336],[131.3625,33.0875],[131.36875,33.0875],[131.36875,33.083333333333336],[131.3625,33.083333333333336]]]}},{"type":"Feature","id":"44208:493152092","properties":{"id":"44208:493152092","meshCode":"493152092","cityCode":"44208","city":"竹田市","lat":33.0854167,"lon":131.371875,"areaKm2":0.269649,"populated2020":false,"population2020":null,"populationNote":"境界またぎ・収録外等のため自治体内人口は未集計"},"geometry":{"type":"Polygon","coordinates":[[[131.36875,33.083333333333336],[131.36875,33.0875],[131.375,33.087500000000006],[131.375,33.08333333333333],[131.36875,33.083333333333336]]]}},{"type":"Feature","id":"44208:493153001","properties":{"id":"44208:493153001","meshCode":"493153001","cityCode":"44208","city":"竹田市","lat":33.0854167,"lon":131.378125,"areaKm2":0.269649,"populated2020":false,"population2020":null,"populationNote":"境界またぎ・収録外等のため自治体内人口は未集計"},"geometry":{"type":"Polygon","coordinates":[[[131.375,33.08333333333333],[131.375,33.087500000000006],[131.38125,33.0875],[131.38125,33.083333333333336],[131.375,33.08333333333333]]]}},{"type":"Feature","id":"44208:493153002","properties":{"id":"44208:493153002","meshCode":"493153002","cityCode":"44208","city":"竹田市","lat":33.0854167,"lon":131.384375,"areaKm2":0.269649,"populated2020":false,"population2020":null,"populationNote":"境界またぎ・収録外等のため自治体内人口は未集計"},"geometry":{"type":"Polygon","coordinates":[[[131.38125,33.083333333333336],[131.38125,33.0875],[131.3875,33.0875],[131.3875,33.083333333333336],[131.38125,33.083333333333336]]]}},{"type":"Feature","id":"44208:493153011","properties":{"id":"44208:493153011","meshCode":"493153011","cityCode":"44208","city":"竹田市","lat":33.0854167,"lon":131.390625,"areaKm2":0.269649,"populated2020":true,"population2020":17.0284,"populationNote":"2020年基準人口（国交省調整値）"},"geometry":{"type":"Polygon","coordinates":[[[131.3875,33.083333333333336],[131.3875,33.0875],[131.39375,33.0875],[131.39375,33.083333333333336],[131.3875,33.083333333333336]]]}},{"type":"Feature","id":"44208:493153012","properties":{"id":"44208:493153012","meshCode":"493153012","cityCode":"44208","city":"竹田市","lat":33.0854167,"lon":131.396875,"areaKm2":0.269649,"populated2020":false,"population2020":null,"populationNote":"境界またぎ・収録外等のため自治体内人口は未集計"},"geometry":{"type":"Polygon","coordinates":[[[131.39375,33.083333333333336],[131.39375,33.0875],[131.4,33.0875],[131.4,33.083333333333336],[131.39375,33.083333333333336]]]}},{"type":"Feature","id":"44208:493153021","properties":{"id":"44208:493153021","meshCode":"493153021","cityCode":"44208","city":"竹田市","lat":33.0854167,"lon":131.403125,"areaKm2":0.269649,"populated2020":true,"population2020":41.01,"populationNote":"2020年基準人口（国交省調整値）"},"geometry":{"type":"Polygon","coordinates":[[[131.4,33.083333333333336],[131.4,33.0875],[131.40625,33.0875],[131.40625,33.083333333333336],[131.4,33.083333333333336]]]}},{"type":"Feature","id":"44208:493153022","properties":{"id":"44208:493153022","meshCode":"493153022","cityCode":"44208","city":"竹田市","lat":33.0854167,"lon":131.409375,"areaKm2":0.2125958,"populated2020":false,"population2020":null,"populationNote":"境界またぎ・収録外等のため自治体内人口は未集計"},"geometry":{"type":"Polygon","coordinates":[[[131.41231351856982,33.0875],[131.41194134900002,33.086477720999994],[131.41189385200005,33.08583661300009],[131.41158745799999,33.085194676000015],[131.4109810640001,33.08451023400005],[131.4105949420001,33.08423051399997],[131.41027216600003,33.08406857699998],[131.40909077800018,33.08385080200003],[131.40802164767925,33.083333333333336],[131.40625,33.083333333333336],[131.40625,33.0875],[131.41231351856982,33.0875]]]}},{"type":"Feature","id":"44208:493151063","properties":{"id":"44208:493151063","meshCode":"493151063","cityCode":"44208","city":"竹田市","lat":33.0895833,"lon":131.203125,"areaKm2":0.1232216,"populated2020":false,"population2020":null,"populationNote":"境界またぎ・収録外等のため自治体内人口は未集計"},"geometry":{"type":"Polygon","coordinates":[[[131.20011309999998,33.08773066700014],[131.2001936580001,33.08794955899992],[131.2006936580001,33.08804983799996],[131.200898651,33.08819427900011],[131.20109782099996,33.08851010800004],[131.20164086900002,33.088525937000036],[131.20303919599996,33.08921592799999],[131.2031916990001,33.08983759499999],[131.20343948100015,33.08998203599999],[131.20397224400006,33.09050314400009],[131.204586693,33.09037064000001],[131.20503919600003,33.09046286500006],[131.20545863799998,33.09029841400002],[131.20570141400015,33.09031841400008],[131.20607141400004,33.08997841400003],[131.20625,33.089927333806024],[131.20625,33.0875],[131.20020859173874,33.08749999999999],[131.20011309999998,33.08773066700014]]]}},{"type":"Feature","id":"44208:493151064","properties":{"id":"44208:493151064","meshCode":"493151064","cityCode":"44208","city":"竹田市","lat":33.0883481,"lon":131.209375,"areaKm2":0.1392264,"populated2020":false,"population2020":null,"populationNote":"境界またぎ・収録外等のため自治体内人口は未集計"},"geometry":{"type":"Polygon","coordinates":[[[131.20625,33.089927333806024],[131.20769002600002,33.08936063099998],[131.2086283530001,33.08919617999999],[131.20962585000018,33.08930423400006],[131.210521686,33.089577288000044],[131.2109541760001,33.09018172999999],[131.21173529200007,33.090253946000075],[131.2125,33.09010249127964],[131.2125,33.087500000000006],[131.20625,33.0875],[131.20625,33.089927333806024]]]}},{"type":"Feature","id":"44208:493151073","properties":{"id":"44208:493151073","meshCode":"493151073","cityCode":"44208","city":"竹田市","lat":33.0887989,"lon":131.2141106,"areaKm2":0.1003632,"populated2020":false,"population2020":null,"populationNote":"境界またぎ・収録外等のため自治体内人口は未集計"},"geometry":{"type":"Polygon","coordinates":[[[131.2125,33.09010249127964],[131.21486723700013,33.08938115300009],[131.21534363199999,33.088911712000076],[131.21729835300005,33.08839282000014],[131.21796557699997,33.088316423000094],[131.21834501900014,33.088585314999996],[131.21864974100004,33.088581144000045],[131.21875,33.088525607358],[131.21875,33.087500000000006],[131.2125,33.087500000000006],[131.2125,33.09010249127964]]]}},{"type":"Feature","id":"44208:493151074","properties":{"id":"44208:493151074","meshCode":"493151074","cityCode":"44208","city":"竹田市","lat":33.0879638,"lon":131.2212223,"areaKm2":0.0413121,"populated2020":false,"population2020":null,"populationNote":"境界またぎ・収録外等のため自治体内人口は未集計"},"geometry":{"type":"Polygon","coordinates":[[[131.21875,33.088525607358],[131.2197011280001,33.0882403060001],[131.2206872370001,33.08826418900002],[131.22135891100004,33.088200027000084],[131.22247168600006,33.08842085599996],[131.22282363199997,33.08837251400001],[131.2234858500001,33.08811168500006],[131.22434769072004,33.0875],[131.21875,33.087500000000006],[131.21875,33.088525607358]]]}},{"type":"Feature","id":"44208:493151083","properties":{"id":"44208:493151083","meshCode":"493151083","cityCode":"44208","city":"竹田市","lat":33.0876706,"lon":131.2309594,"areaKm2":0.0020532,"populated2020":false,"population2020":null,"populationNote":"境界またぎ・収録外等のため自治体内人口は未集計"},"geometry":{"type":"Polygon","coordinates":[[[131.23125,33.0878411482532],[131.23125,33.0875],[131.2300874620586,33.0875],[131.23125,33.0878411482532]]]}},{"type":"Feature","id":"44208:493151084","properties":{"id":"44208:493151084","meshCode":"493151084","cityCode":"44208","city":"竹田市","lat":33.0888693,"lon":131.2361268,"areaKm2":0.0847297,"populated2020":false,"population2020":null,"populationNote":"境界またぎ・収録外等のため自治体内人口は未集計"},"geometry":{"type":"Polygon","coordinates":[[[131.23125,33.0878411482532],[131.23675337200007,33.089466099000006],[131.2370631000001,33.08971887400003],[131.2375,33.09072759336932],[131.2375,33.0875],[131.23125,33.0875],[131.23125,33.0878411482532]]]}},{"type":"Feature","id":"44208:493151093","properties":{"id":"44208:493151093","meshCode":"493151093","cityCode":"44208","city":"竹田市","lat":33.0895833,"lon":131.240625,"areaKm2":0.2673452,"populated2020":false,"population2020":null,"populationNote":"境界またぎ・収録外等のため自治体内人口は未集計"},"geometry":{"type":"Polygon","coordinates":[[[131.2375,33.09072759336932],[131.2379679248366,33.09166666666667],[131.24375,33.09166666666667],[131.24375,33.0875],[131.2375,33.0875],[131.2375,33.09072759336932]]]}},{"type":"Feature","id":"44208:493151094","properties":{"id":"44208:493151094","meshCode":"493151094","cityCode":"44208","city":"竹田市","lat":33.0895833,"lon":131.246875,"areaKm2":0.2696365,"populated2020":false,"population2020":null,"populationNote":"境界またぎ・収録外等のため自治体内人口は未集計"},"geometry":{"type":"Polygon","coordinates":[[[131.24375,33.0875],[131.24375,33.09166666666667],[131.25,33.09166666666667],[131.25,33.0875],[131.24375,33.0875]]]}},{"type":"Feature","id":"44208:493152003","properties":{"id":"44208:493152003","meshCode":"493152003","cityCode":"44208","city":"竹田市","lat":33.0895833,"lon":131.253125,"areaKm2":0.2696365,"populated2020":false,"population2020":null,"populationNote":"境界またぎ・収録外等のため自治体内人口は未集計"},"geometry":{"type":"Polygon","coordinates":[[[131.25,33.0875],[131.25,33.09166666666667],[131.25625,33.09166666666667],[131.25625,33.087500000000006],[131.25,33.0875]]]}},{"type":"Feature","id":"44208:493152004","properties":{"id":"44208:493152004","meshCode":"493152004","cityCode":"44208","city":"竹田市","lat":33.0895833,"lon":131.259375,"areaKm2":0.2696365,"populated2020":false,"population2020":null,"populationNote":"境界またぎ・収録外等のため自治体内人口は未集計"},"geometry":{"type":"Polygon","coordinates":[[[131.25625,33.087500000000006],[131.25625,33.09166666666667],[131.2625,33.09166666666667],[131.2625,33.087500000000006],[131.25625,33.087500000000006]]]}},{"type":"Feature","id":"44208:493152013","properties":{"id":"44208:493152013","meshCode":"493152013","cityCode":"44208","city":"竹田市","lat":33.0895833,"lon":131.265625,"areaKm2":0.2696365,"populated2020":false,"population2020":null,"populationNote":"境界またぎ・収録外等のため自治体内人口は未集計"},"geometry":{"type":"Polygon","coordinates":[[[131.2625,33.087500000000006],[131.2625,33.09166666666667],[131.26875,33.09166666666667],[131.26875,33.0875],[131.2625,33.087500000000006]]]}},{"type":"Feature","id":"44208:493152014","properties":{"id":"44208:493152014","meshCode":"493152014","cityCode":"44208","city":"竹田市","lat":33.0895833,"lon":131.271875,"areaKm2":0.2696365,"populated2020":false,"population2020":null,"populationNote":"境界またぎ・収録外等のため自治体内人口は未集計"},"geometry":{"type":"Polygon","coordinates":[[[131.26875,33.0875],[131.26875,33.09166666666667],[131.275,33.09166666666667],[131.275,33.0875],[131.26875,33.0875]]]}},{"type":"Feature","id":"44208:493152023","properties":{"id":"44208:493152023","meshCode":"493152023","cityCode":"44208","city":"竹田市","lat":33.0895833,"lon":131.278125,"areaKm2":0.2696365,"populated2020":false,"population2020":null,"populationNote":"境界またぎ・収録外等のため自治体内人口は未集計"},"geometry":{"type":"Polygon","coordinates":[[[131.275,33.0875],[131.275,33.09166666666667],[131.28125,33.09166666666667],[131.28125,33.0875],[131.275,33.0875]]]}},{"type":"Feature","id":"44208:493152024","properties":{"id":"44208:493152024","meshCode":"493152024","cityCode":"44208","city":"竹田市","lat":33.0895833,"lon":131.284375,"areaKm2":0.2696365,"populated2020":false,"population2020":null,"populationNote":"境界またぎ・収録外等のため自治体内人口は未集計"},"geometry":{"type":"Polygon","coordinates":[[[131.28125,33.0875],[131.28125,33.09166666666667],[131.2875,33.09166666666667],[131.2875,33.0875],[131.28125,33.0875]]]}},{"type":"Feature","id":"44208:493152033","properties":{"id":"44208:493152033","meshCode":"493152033","cityCode":"44208","city":"竹田市","lat":33.0895833,"lon":131.290625,"areaKm2":0.2696365,"populated2020":false,"population2020":null,"populationNote":"境界またぎ・収録外等のため自治体内人口は未集計"},"geometry":{"type":"Polygon","coordinates":[[[131.2875,33.0875],[131.2875,33.09166666666667],[131.29375,33.091666666666676],[131.29375,33.087500000000006],[131.2875,33.0875]]]}},{"type":"Feature","id":"44208:493152034","properties":{"id":"44208:493152034","meshCode":"493152034","cityCode":"44208","city":"竹田市","lat":33.0895833,"lon":131.296875,"areaKm2":0.2696365,"populated2020":false,"population2020":null,"populationNote":"境界またぎ・収録外等のため自治体内人口は未集計"},"geometry":{"type":"Polygon","coordinates":[[[131.29375,33.087500000000006],[131.29375,33.091666666666676],[131.30000000000004,33.09166666666667],[131.30000000000004,33.0875],[131.29375,33.087500000000006]]]}},{"type":"Feature","id":"44208:493152043","properties":{"id":"44208:493152043","meshCode":"493152043","cityCode":"44208","city":"竹田市","lat":33.0895833,"lon":131.303125,"areaKm2":0.2696365,"populated2020":false,"population2020":null,"populationNote":"境界またぎ・収録外等のため自治体内人口は未集計"},"geometry":{"type":"Polygon","coordinates":[[[131.30000000000004,33.0875],[131.30000000000004,33.09166666666667],[131.30625,33.09166666666667],[131.30625,33.087500000000006],[131.30000000000004,33.0875]]]}},{"type":"Feature","id":"44208:493152044","properties":{"id":"44208:493152044","meshCode":"493152044","cityCode":"44208","city":"竹田市","lat":33.0895833,"lon":131.309375,"areaKm2":0.2696365,"populated2020":false,"population2020":null,"populationNote":"境界またぎ・収録外等のため自治体内人口は未集計"},"geometry":{"type":"Polygon","coordinates":[[[131.30625,33.087500000000006],[131.30625,33.09166666666667],[131.3125,33.09166666666667],[131.3125,33.0875],[131.30625,33.087500000000006]]]}},{"type":"Feature","id":"44208:493152053","properties":{"id":"44208:493152053","meshCode":"493152053","cityCode":"44208","city":"竹田市","lat":33.0895833,"lon":131.315625,"areaKm2":0.2696365,"populated2020":false,"population2020":null,"populationNote":"境界またぎ・収録外等のため自治体内人口は未集計"},"geometry":{"type":"Polygon","coordinates":[[[131.3125,33.0875],[131.3125,33.09166666666667],[131.31875,33.09166666666667],[131.31875,33.0875],[131.3125,33.0875]]]}},{"type":"Feature","id":"44208:493152054","properties":{"id":"44208:493152054","meshCode":"493152054","cityCode":"44208","city":"竹田市","lat":33.0895833,"lon":131.321875,"areaKm2":0.2696365,"populated2020":false,"population2020":null,"populationNote":"境界またぎ・収録外等のため自治体内人口は未集計"},"geometry":{"type":"Polygon","coordinates":[[[131.31875,33.0875],[131.31875,33.09166666666667],[131.325,33.09166666666667],[131.325,33.0875],[131.31875,33.0875]]]}},{"type":"Feature","id":"44208:493152063","properties":{"id":"44208:493152063","meshCode":"493152063","cityCode":"44208","city":"竹田市","lat":33.0895833,"lon":131.328125,"areaKm2":0.2696365,"populated2020":false,"population2020":null,"populationNote":"境界またぎ・収録外等のため自治体内人口は未集計"},"geometry":{"type":"Polygon","coordinates":[[[131.325,33.0875],[131.325,33.09166666666667],[131.33125,33.09166666666667],[131.33125,33.08749999999999],[131.325,33.0875]]]}},{"type":"Feature","id":"44208:493152064","properties":{"id":"44208:493152064","meshCode":"493152064","cityCode":"44208","city":"竹田市","lat":33.0895833,"lon":131.334375,"areaKm2":0.2696365,"populated2020":false,"population2020":null,"populationNote":"境界またぎ・収録外等のため自治体内人口は未集計"},"geometry":{"type":"Polygon","coordinates":[[[131.33125,33.08749999999999],[131.33125,33.09166666666667],[131.3375,33.09166666666667],[131.3375,33.0875],[131.33125,33.08749999999999]]]}},{"type":"Feature","id":"44208:493152073","properties":{"id":"44208:493152073","meshCode":"493152073","cityCode":"44208","city":"竹田市","lat":33.0895833,"lon":131.340625,"areaKm2":0.2696365,"populated2020":false,"population2020":null,"populationNote":"境界またぎ・収録外等のため自治体内人口は未集計"},"geometry":{"type":"Polygon","coordinates":[[[131.3375,33.0875],[131.3375,33.09166666666667],[131.34375,33.09166666666667],[131.34375,33.087500000000006],[131.3375,33.0875]]]}},{"type":"Feature","id":"44208:493152074","properties":{"id":"44208:493152074","meshCode":"493152074","cityCode":"44208","city":"竹田市","lat":33.0895833,"lon":131.346875,"areaKm2":0.2696365,"populated2020":false,"population2020":null,"populationNote":"境界またぎ・収録外等のため自治体内人口は未集計"},"geometry":{"type":"Polygon","coordinates":[[[131.34375,33.087500000000006],[131.34375,33.09166666666667],[131.35,33.09166666666666],[131.35,33.087500000000006],[131.34375,33.087500000000006]]]}},{"type":"Feature","id":"44208:493152083","properties":{"id":"44208:493152083","meshCode":"493152083","cityCode":"44208","city":"竹田市","lat":33.0895833,"lon":131.353125,"areaKm2":0.2696365,"populated2020":false,"population2020":null,"populationNote":"境界またぎ・収録外等のため自治体内人口は未集計"},"geometry":{"type":"Polygon","coordinates":[[[131.35,33.087500000000006],[131.35,33.09166666666666],[131.35625000000002,33.09166666666667],[131.35625000000002,33.087500000000006],[131.35,33.087500000000006]]]}},{"type":"Feature","id":"44208:493152084","properties":{"id":"44208:493152084","meshCode":"493152084","cityCode":"44208","city":"竹田市","lat":33.0895833,"lon":131.359375,"areaKm2":0.2696365,"populated2020":false,"population2020":null,"populationNote":"境界またぎ・収録外等のため自治体内人口は未集計"},"geometry":{"type":"Polygon","coordinates":[[[131.35625000000002,33.087500000000006],[131.35625000000002,33.09166666666667],[131.3625,33.09166666666667],[131.3625,33.0875],[131.35625000000002,33.087500000000006]]]}},{"type":"Feature","id":"44208:493152093","properties":{"id":"44208:493152093","meshCode":"493152093","cityCode":"44208","city":"竹田市","lat":33.0895833,"lon":131.365625,"areaKm2":0.2696365,"populated2020":true,"population2020":9.0312,"populationNote":"2020年基準人口（国交省調整値）"},"geometry":{"type":"Polygon","coordinates":[[[131.3625,33.0875],[131.3625,33.09166666666667],[131.36875,33.09166666666667],[131.36875,33.0875],[131.3625,33.0875]]]}},{"type":"Feature","id":"44208:493152094","properties":{"id":"44208:493152094","meshCode":"493152094","cityCode":"44208","city":"竹田市","lat":33.0895833,"lon":131.371875,"areaKm2":0.2696365,"populated2020":false,"population2020":null,"populationNote":"境界またぎ・収録外等のため自治体内人口は未集計"},"geometry":{"type":"Polygon","coordinates":[[[131.36875,33.0875],[131.36875,33.09166666666667],[131.375,33.09166666666667],[131.375,33.087500000000006],[131.36875,33.0875]]]}},{"type":"Feature","id":"44208:493153003","properties":{"id":"44208:493153003","meshCode":"493153003","cityCode":"44208","city":"竹田市","lat":33.0895833,"lon":131.378125,"areaKm2":0.2696365,"populated2020":true,"population2020":33.0955,"populationNote":"2020年基準人口（国交省調整値）"},"geometry":{"type":"Polygon","coordinates":[[[131.375,33.087500000000006],[131.375,33.09166666666667],[131.38125,33.09166666666667],[131.38125,33.0875],[131.375,33.087500000000006]]]}},{"type":"Feature","id":"44208:493153004","properties":{"id":"44208:493153004","meshCode":"493153004","cityCode":"44208","city":"竹田市","lat":33.0895833,"lon":131.384375,"areaKm2":0.2696365,"populated2020":true,"population2020":25.1164,"populationNote":"2020年基準人口（国交省調整値）"},"geometry":{"type":"Polygon","coordinates":[[[131.38125,33.0875],[131.38125,33.09166666666667],[131.3875,33.09166666666667],[131.3875,33.0875],[131.38125,33.0875]]]}},{"type":"Feature","id":"44208:493153013","properties":{"id":"44208:493153013","meshCode":"493153013","cityCode":"44208","city":"竹田市","lat":33.0895833,"lon":131.390625,"areaKm2":0.2696365,"populated2020":true,"population2020":10.0168,"populationNote":"2020年基準人口（国交省調整値）"},"geometry":{"type":"Polygon","coordinates":[[[131.3875,33.0875],[131.3875,33.09166666666667],[131.39375,33.091666666666676],[131.39375,33.0875],[131.3875,33.0875]]]}},{"type":"Feature","id":"44208:493153014","properties":{"id":"44208:493153014","meshCode":"493153014","cityCode":"44208","city":"竹田市","lat":33.0895833,"lon":131.396875,"areaKm2":0.2696365,"populated2020":true,"population2020":11.0046,"populationNote":"2020年基準人口（国交省調整値）"},"geometry":{"type":"Polygon","coordinates":[[[131.39375,33.0875],[131.39375,33.091666666666676],[131.4,33.09166666666667],[131.4,33.0875],[131.39375,33.0875]]]}},{"type":"Feature","id":"44208:493153023","properties":{"id":"44208:493153023","meshCode":"493153023","cityCode":"44208","city":"竹田市","lat":33.0895833,"lon":131.403125,"areaKm2":0.2696365,"populated2020":false,"population2020":null,"populationNote":"境界またぎ・収録外等のため自治体内人口は未集計"},"geometry":{"type":"Polygon","coordinates":[[[131.4,33.0875],[131.4,33.09166666666667],[131.40625,33.09166666666667],[131.40625,33.0875],[131.4,33.0875]]]}},{"type":"Feature","id":"44208:493153024","properties":{"id":"44208:493153024","meshCode":"493153024","cityCode":"44208","city":"竹田市","lat":33.0895833,"lon":131.409375,"areaKm2":0.2691338,"populated2020":false,"population2020":null,"populationNote":"境界またぎ・収録外等のため自治体内人口は未集計"},"geometry":{"type":"Polygon","coordinates":[[[131.4125,33.08799033106138],[131.41231351856982,33.0875],[131.40625,33.0875],[131.40625,33.09166666666667],[131.4125,33.09166666666667],[131.4125,33.08799033106138]]]}},{"type":"Feature","id":"44208:493153033","properties":{"id":"44208:493153033","meshCode":"493153033","cityCode":"44208","city":"竹田市","lat":33.0896376,"lon":131.4139699,"areaKm2":0.0998852,"populated2020":false,"population2020":null,"populationNote":"境界またぎ・収録外等のため自治体内人口は未集計"},"geometry":{"type":"Polygon","coordinates":[[[131.4171680290001,33.09166629699995],[131.41688610900007,33.091315468000005],[131.4157349940001,33.090602423000064],[131.41534971500016,33.08944575700008],[131.41476332000002,33.08903882000009],[131.4130463680001,33.08854965799991],[131.41263330700008,33.08827688300005],[131.4125,33.08799033106138],[131.4125,33.09166666666667],[131.4171680290001,33.09166629699995]]]}},{"type":"Feature","id":"44208:493151191","properties":{"id":"44208:493151191","meshCode":"493151191","cityCode":"44208","city":"竹田市","lat":33.09375,"lon":131.240625,"areaKm2":0.2164533,"populated2020":false,"population2020":null,"populationNote":"境界またぎ・収録外等のため自治体内人口は未集計"},"geometry":{"type":"Polygon","coordinates":[[[131.23796792500013,33.091666667000034],[131.23813893600015,33.09201526100009],[131.238143658,33.09223415300005],[131.23762893600008,33.09323109899998],[131.2377575490001,33.09343582000008],[131.23831976700012,33.09369664900009],[131.238828936,33.09432498199993],[131.23964837900007,33.09486664000002],[131.2407387535584,33.09583333333333],[131.24375,33.095833333333324],[131.24375,33.09166666666667],[131.23796792500013,33.091666667000034]]]}},{"type":"Feature","id":"44208:493151192","properties":{"id":"44208:493151192","meshCode":"493151192","cityCode":"44208","city":"竹田市","lat":33.09375,"lon":131.246875,"areaKm2":0.2696239,"populated2020":false,"population2020":null,"populationNote":"境界またぎ・収録外等のため自治体内人口は未集計"},"geometry":{"type":"Polygon","coordinates":[[[131.24375,33.09166666666667],[131.24375,33.095833333333324],[131.25,33.095833333333324],[131.25,33.09166666666667],[131.24375,33.09166666666667]]]}},{"type":"Feature","id":"44208:493152101","properties":{"id":"44208:493152101","meshCode":"493152101","cityCode":"44208","city":"竹田市","lat":33.09375,"lon":131.253125,"areaKm2":0.2696239,"populated2020":false,"population2020":null,"populationNote":"境界またぎ・収録外等のため自治体内人口は未集計"},"geometry":{"type":"Polygon","coordinates":[[[131.25,33.09166666666667],[131.25,33.095833333333324],[131.25625,33.09583333333333],[131.25625,33.09166666666667],[131.25,33.09166666666667]]]}},{"type":"Feature","id":"44208:493152102","properties":{"id":"44208:493152102","meshCode":"493152102","cityCode":"44208","city":"竹田市","lat":33.09375,"lon":131.259375,"areaKm2":0.2696239,"populated2020":false,"population2020":null,"populationNote":"境界またぎ・収録外等のため自治体内人口は未集計"},"geometry":{"type":"Polygon","coordinates":[[[131.25625,33.09166666666667],[131.25625,33.09583333333333],[131.2625,33.095833333333324],[131.2625,33.09166666666667],[131.25625,33.09166666666667]]]}},{"type":"Feature","id":"44208:493152111","properties":{"id":"44208:493152111","meshCode":"493152111","cityCode":"44208","city":"竹田市","lat":33.09375,"lon":131.265625,"areaKm2":0.2696239,"populated2020":false,"population2020":null,"populationNote":"境界またぎ・収録外等のため自治体内人口は未集計"},"geometry":{"type":"Polygon","coordinates":[[[131.2625,33.09166666666667],[131.2625,33.095833333333324],[131.26875,33.095833333333324],[131.26875,33.09166666666667],[131.2625,33.09166666666667]]]}},{"type":"Feature","id":"44208:493152112","properties":{"id":"44208:493152112","meshCode":"493152112","cityCode":"44208","city":"竹田市","lat":33.09375,"lon":131.271875,"areaKm2":0.2696239,"populated2020":false,"population2020":null,"populationNote":"境界またぎ・収録外等のため自治体内人口は未集計"},"geometry":{"type":"Polygon","coordinates":[[[131.26875,33.09166666666667],[131.26875,33.095833333333324],[131.275,33.09583333333333],[131.275,33.09166666666667],[131.26875,33.09166666666667]]]}},{"type":"Feature","id":"44208:493152121","properties":{"id":"44208:493152121","meshCode":"493152121","cityCode":"44208","city":"竹田市","lat":33.09375,"lon":131.278125,"areaKm2":0.2696239,"populated2020":false,"population2020":null,"populationNote":"境界またぎ・収録外等のため自治体内人口は未集計"},"geometry":{"type":"Polygon","coordinates":[[[131.275,33.09166666666667],[131.275,33.09583333333333],[131.28125,33.09583333333333],[131.28125,33.09166666666667],[131.275,33.09166666666667]]]}},{"type":"Feature","id":"44208:493152122","properties":{"id":"44208:493152122","meshCode":"493152122","cityCode":"44208","city":"竹田市","lat":33.09375,"lon":131.284375,"areaKm2":0.2696239,"populated2020":false,"population2020":null,"populationNote":"境界またぎ・収録外等のため自治体内人口は未集計"},"geometry":{"type":"Polygon","coordinates":[[[131.28125,33.09166666666667],[131.28125,33.09583333333333],[131.2875,33.095833333333324],[131.2875,33.09166666666667],[131.28125,33.09166666666667]]]}},{"type":"Feature","id":"44208:493152131","properties":{"id":"44208:493152131","meshCode":"493152131","cityCode":"44208","city":"竹田市","lat":33.09375,"lon":131.290625,"areaKm2":0.2696239,"populated2020":false,"population2020":null,"populationNote":"境界またぎ・収録外等のため自治体内人口は未集計"},"geometry":{"type":"Polygon","coordinates":[[[131.2875,33.09166666666667],[131.2875,33.095833333333324],[131.29375,33.09583333333333],[131.29375,33.091666666666676],[131.2875,33.09166666666667]]]}},{"type":"Feature","id":"44208:493152132","properties":{"id":"44208:493152132","meshCode":"493152132","cityCode":"44208","city":"竹田市","lat":33.09375,"lon":131.296875,"areaKm2":0.2696239,"populated2020":false,"population2020":null,"populationNote":"境界またぎ・収録外等のため自治体内人口は未集計"},"geometry":{"type":"Polygon","coordinates":[[[131.29375,33.091666666666676],[131.29375,33.09583333333333],[131.30000000000004,33.095833333333324],[131.30000000000004,33.09166666666667],[131.29375,33.091666666666676]]]}},{"type":"Feature","id":"44208:493152141","properties":{"id":"44208:493152141","meshCode":"493152141","cityCode":"44208","city":"竹田市","lat":33.09375,"lon":131.303125,"areaKm2":0.2696239,"populated2020":false,"population2020":null,"populationNote":"境界またぎ・収録外等のため自治体内人口は未集計"},"geometry":{"type":"Polygon","coordinates":[[[131.30000000000004,33.09166666666667],[131.30000000000004,33.095833333333324],[131.30625,33.095833333333324],[131.30625,33.09166666666667],[131.30000000000004,33.09166666666667]]]}},{"type":"Feature","id":"44208:493152142","properties":{"id":"44208:493152142","meshCode":"493152142","cityCode":"44208","city":"竹田市","lat":33.09375,"lon":131.309375,"areaKm2":0.2696239,"populated2020":false,"population2020":null,"populationNote":"境界またぎ・収録外等のため自治体内人口は未集計"},"geometry":{"type":"Polygon","coordinates":[[[131.30625,33.09166666666667],[131.30625,33.095833333333324],[131.3125,33.095833333333324],[131.3125,33.09166666666667],[131.30625,33.09166666666667]]]}},{"type":"Feature","id":"44208:493152151","properties":{"id":"44208:493152151","meshCode":"493152151","cityCode":"44208","city":"竹田市","lat":33.09375,"lon":131.315625,"areaKm2":0.2696239,"populated2020":false,"population2020":null,"populationNote":"境界またぎ・収録外等のため自治体内人口は未集計"},"geometry":{"type":"Polygon","coordinates":[[[131.3125,33.09166666666667],[131.3125,33.095833333333324],[131.31875,33.095833333333324],[131.31875,33.09166666666667],[131.3125,33.09166666666667]]]}},{"type":"Feature","id":"44208:493152152","properties":{"id":"44208:493152152","meshCode":"493152152","cityCode":"44208","city":"竹田市","lat":33.09375,"lon":131.321875,"areaKm2":0.2696239,"populated2020":false,"population2020":null,"populationNote":"境界またぎ・収録外等のため自治体内人口は未集計"},"geometry":{"type":"Polygon","coordinates":[[[131.31875,33.09166666666667],[131.31875,33.095833333333324],[131.325,33.09583333333333],[131.325,33.09166666666667],[131.31875,33.09166666666667]]]}},{"type":"Feature","id":"44208:493152161","properties":{"id":"44208:493152161","meshCode":"493152161","cityCode":"44208","city":"竹田市","lat":33.09375,"lon":131.328125,"areaKm2":0.2696239,"populated2020":false,"population2020":null,"populationNote":"境界またぎ・収録外等のため自治体内人口は未集計"},"geometry":{"type":"Polygon","coordinates":[[[131.325,33.09166666666667],[131.325,33.09583333333333],[131.33125,33.095833333333324],[131.33125,33.09166666666667],[131.325,33.09166666666667]]]}},{"type":"Feature","id":"44208:493152162","properties":{"id":"44208:493152162","meshCode":"493152162","cityCode":"44208","city":"竹田市","lat":33.09375,"lon":131.334375,"areaKm2":0.2696239,"populated2020":false,"population2020":null,"populationNote":"境界またぎ・収録外等のため自治体内人口は未集計"},"geometry":{"type":"Polygon","coordinates":[[[131.33125,33.09166666666667],[131.33125,33.095833333333324],[131.3375,33.09583333333333],[131.3375,33.09166666666667],[131.33125,33.09166666666667]]]}},{"type":"Feature","id":"44208:493152171","properties":{"id":"44208:493152171","meshCode":"493152171","cityCode":"44208","city":"竹田市","lat":33.09375,"lon":131.340625,"areaKm2":0.2696239,"populated2020":false,"population2020":null,"populationNote":"境界またぎ・収録外等のため自治体内人口は未集計"},"geometry":{"type":"Polygon","coordinates":[[[131.3375,33.09166666666667],[131.3375,33.09583333333333],[131.34375,33.09583333333333],[131.34375,33.09166666666667],[131.3375,33.09166666666667]]]}},{"type":"Feature","id":"44208:493152172","properties":{"id":"44208:493152172","meshCode":"493152172","cityCode":"44208","city":"竹田市","lat":33.09375,"lon":131.346875,"areaKm2":0.2696239,"populated2020":false,"population2020":null,"populationNote":"境界またぎ・収録外等のため自治体内人口は未集計"},"geometry":{"type":"Polygon","coordinates":[[[131.34375,33.09166666666667],[131.34375,33.09583333333333],[131.35,33.09583333333333],[131.35,33.09166666666666],[131.34375,33.09166666666667]]]}},{"type":"Feature","id":"44208:493152181","properties":{"id":"44208:493152181","meshCode":"493152181","cityCode":"44208","city":"竹田市","lat":33.09375,"lon":131.353125,"areaKm2":0.2696239,"populated2020":false,"population2020":null,"populationNote":"境界またぎ・収録外等のため自治体内人口は未集計"},"geometry":{"type":"Polygon","coordinates":[[[131.35,33.09166666666666],[131.35,33.09583333333333],[131.35625000000002,33.09583333333333],[131.35625000000002,33.09166666666667],[131.35,33.09166666666666]]]}},{"type":"Feature","id":"44208:493152182","properties":{"id":"44208:493152182","meshCode":"493152182","cityCode":"44208","city":"竹田市","lat":33.09375,"lon":131.359375,"areaKm2":0.2696239,"populated2020":false,"population2020":null,"populationNote":"境界またぎ・収録外等のため自治体内人口は未集計"},"geometry":{"type":"Polygon","coordinates":[[[131.35625000000002,33.09166666666667],[131.35625000000002,33.09583333333333],[131.3625,33.09583333333333],[131.3625,33.09166666666667],[131.35625000000002,33.09166666666667]]]}},{"type":"Feature","id":"44208:493152191","properties":{"id":"44208:493152191","meshCode":"493152191","cityCode":"44208","city":"竹田市","lat":33.09375,"lon":131.365625,"areaKm2":0.2696239,"populated2020":false,"population2020":null,"populationNote":"境界またぎ・収録外等のため自治体内人口は未集計"},"geometry":{"type":"Polygon","coordinates":[[[131.3625,33.09166666666667],[131.3625,33.09583333333333],[131.36875,33.09583333333333],[131.36875,33.09166666666667],[131.3625,33.09166666666667]]]}},{"type":"Feature","id":"44208:493152192","properties":{"id":"44208:493152192","meshCode":"493152192","cityCode":"44208","city":"竹田市","lat":33.09375,"lon":131.371875,"areaKm2":0.2696239,"populated2020":true,"population2020":5.0039,"populationNote":"2020年基準人口（国交省調整値）"},"geometry":{"type":"Polygon","coordinates":[[[131.36875,33.09166666666667],[131.36875,33.09583333333333],[131.375,33.095833333333324],[131.375,33.09166666666667],[131.36875,33.09166666666667]]]}},{"type":"Feature","id":"44208:493153101","properties":{"id":"44208:493153101","meshCode":"493153101","cityCode":"44208","city":"竹田市","lat":33.09375,"lon":131.378125,"areaKm2":0.2696239,"populated2020":false,"population2020":null,"populationNote":"境界またぎ・収録外等のため自治体内人口は未集計"},"geometry":{"type":"Polygon","coordinates":[[[131.375,33.09166666666667],[131.375,33.095833333333324],[131.38125,33.095833333333324],[131.38125,33.09166666666667],[131.375,33.09166666666667]]]}},{"type":"Feature","id":"44208:493153102","properties":{"id":"44208:493153102","meshCode":"493153102","cityCode":"44208","city":"竹田市","lat":33.09375,"lon":131.384375,"areaKm2":0.2696239,"populated2020":false,"population2020":null,"populationNote":"境界またぎ・収録外等のため自治体内人口は未集計"},"geometry":{"type":"Polygon","coordinates":[[[131.38125,33.09166666666667],[131.38125,33.095833333333324],[131.3875,33.095833333333324],[131.3875,33.09166666666667],[131.38125,33.09166666666667]]]}},{"type":"Feature","id":"44208:493153111","properties":{"id":"44208:493153111","meshCode":"493153111","cityCode":"44208","city":"竹田市","lat":33.09375,"lon":131.390625,"areaKm2":0.2696239,"populated2020":false,"population2020":null,"populationNote":"境界またぎ・収録外等のため自治体内人口は未集計"},"geometry":{"type":"Polygon","coordinates":[[[131.3875,33.09166666666667],[131.3875,33.095833333333324],[131.39375,33.09583333333333],[131.39375,33.091666666666676],[131.3875,33.09166666666667]]]}},{"type":"Feature","id":"44208:493153112","properties":{"id":"44208:493153112","meshCode":"493153112","cityCode":"44208","city":"竹田市","lat":33.09375,"lon":131.396875,"areaKm2":0.2696239,"populated2020":true,"population2020":10.0378,"populationNote":"2020年基準人口（国交省調整値）"},"geometry":{"type":"Polygon","coordinates":[[[131.39375,33.091666666666676],[131.39375,33.09583333333333],[131.4,33.09583333333333],[131.4,33.09166666666667],[131.39375,33.091666666666676]]]}},{"type":"Feature","id":"44208:493153121","properties":{"id":"44208:493153121","meshCode":"493153121","cityCode":"44208","city":"竹田市","lat":33.09375,"lon":131.403125,"areaKm2":0.2696239,"populated2020":false,"population2020":null,"populationNote":"境界またぎ・収録外等のため自治体内人口は未集計"},"geometry":{"type":"Polygon","coordinates":[[[131.4,33.09166666666667],[131.4,33.09583333333333],[131.40625,33.09583333333333],[131.40625,33.09166666666667],[131.4,33.09166666666667]]]}},{"type":"Feature","id":"44208:493153122","properties":{"id":"44208:493153122","meshCode":"493153122","cityCode":"44208","city":"竹田市","lat":33.09375,"lon":131.409375,"areaKm2":0.2696239,"populated2020":true,"population2020":31.0616,"populationNote":"2020年基準人口（国交省調整値）"},"geometry":{"type":"Polygon","coordinates":[[[131.40625,33.09166666666667],[131.40625,33.09583333333333],[131.4125,33.09583333333333],[131.4125,33.09166666666667],[131.40625,33.09166666666667]]]}},{"type":"Feature","id":"44208:493153131","properties":{"id":"44208:493153131","meshCode":"493153131","cityCode":"44208","city":"竹田市","lat":33.09375,"lon":131.415625,"areaKm2":0.2656857,"populated2020":false,"population2020":null,"populationNote":"境界またぎ・収録外等のため自治体内人口は未集計"},"geometry":{"type":"Polygon","coordinates":[[[131.41873417600016,33.09205879299992],[131.418486122,33.09193713500002],[131.41759444900003,33.09189768500011],[131.4173555640001,33.091828243000066],[131.41716832673163,33.09166666666667],[131.4125,33.09166666666667],[131.4125,33.09583333333333],[131.41875,33.09583333333333],[131.41873417600016,33.09205879299992]]]}},{"type":"Feature","id":"44208:493153132","properties":{"id":"44208:493153132","meshCode":"493153132","cityCode":"44208","city":"竹田市","lat":33.0940077,"lon":131.4190709,"areaKm2":0.0160733,"populated2020":false,"population2020":null,"populationNote":"境界またぎ・収録外等のため自治体内人口は未集計"},"geometry":{"type":"Polygon","coordinates":[[[131.41885337200006,33.09573655899993],[131.4188616990001,33.09553822500005],[131.419311699,33.09448906299997],[131.41940224400014,33.09383906299996],[131.419127237,33.09271628800008],[131.41875,33.092080459705734],[131.41875,33.09583333333333],[131.4189899566726,33.09583333333333],[131.41885337200006,33.09573655899993]]]}},{"type":"Feature","id":"44208:493151193","properties":{"id":"44208:493151193","meshCode":"493151193","cityCode":"44208","city":"竹田市","lat":33.097897,"lon":131.2430381,"areaKm2":0.0615308,"populated2020":false,"population2020":null,"populationNote":"境界またぎ・収録外等のため自治体内人口は未集計"},"geometry":{"type":"Polygon","coordinates":[[[131.2407387535584,33.09583333333333],[131.24133699100014,33.096028296999926],[131.24163726300014,33.09617274800007],[131.241797549,33.09635301800006],[131.24211671900002,33.09705691000005],[131.24219754900014,33.09758273900014],[131.24281643300003,33.099256072000124],[131.243161492,33.1],[131.24375,33.1],[131.24375,33.095833333333324],[131.2407387535584,33.09583333333333]]]}},{"type":"Feature","id":"44208:493151194","properties":{"id":"44208:493151194","meshCode":"493151194","cityCode":"44208","city":"竹田市","lat":33.0979167,"lon":131.246875,"areaKm2":0.2696114,"populated2020":false,"population2020":null,"populationNote":"境界またぎ・収録外等のため自治体内人口は未集計"},"geometry":{"type":"Polygon","coordinates":[[[131.24375,33.095833333333324],[131.24375,33.1],[131.25,33.1],[131.25,33.095833333333324],[131.24375,33.095833333333324]]]}},{"type":"Feature","id":"44208:493152103","properties":{"id":"44208:493152103","meshCode":"493152103","cityCode":"44208","city":"竹田市","lat":33.0979167,"lon":131.253125,"areaKm2":0.2696114,"populated2020":false,"population2020":null,"populationNote":"境界またぎ・収録外等のため自治体内人口は未集計"},"geometry":{"type":"Polygon","coordinates":[[[131.25,33.095833333333324],[131.25,33.1],[131.25625,33.099999999999994],[131.25625,33.09583333333333],[131.25,33.095833333333324]]]}},{"type":"Feature","id":"44208:493152104","properties":{"id":"44208:493152104","meshCode":"493152104","cityCode":"44208","city":"竹田市","lat":33.0979167,"lon":131.259375,"areaKm2":0.2696114,"populated2020":false,"population2020":null,"populationNote":"境界またぎ・収録外等のため自治体内人口は未集計"},"geometry":{"type":"Polygon","coordinates":[[[131.25625,33.09583333333333],[131.25625,33.099999999999994],[131.2625,33.1],[131.2625,33.095833333333324],[131.25625,33.09583333333333]]]}},{"type":"Feature","id":"44208:493152113","properties":{"id":"44208:493152113","meshCode":"493152113","cityCode":"44208","city":"竹田市","lat":33.0979167,"lon":131.265625,"areaKm2":0.2696114,"populated2020":false,"population2020":null,"populationNote":"境界またぎ・収録外等のため自治体内人口は未集計"},"geometry":{"type":"Polygon","coordinates":[[[131.2625,33.095833333333324],[131.2625,33.1],[131.26875,33.099999999999994],[131.26875,33.095833333333324],[131.2625,33.095833333333324]]]}},{"type":"Feature","id":"44208:493152114","properties":{"id":"44208:493152114","meshCode":"493152114","cityCode":"44208","city":"竹田市","lat":33.0979167,"lon":131.271875,"areaKm2":0.2696114,"populated2020":false,"population2020":null,"populationNote":"境界またぎ・収録外等のため自治体内人口は未集計"},"geometry":{"type":"Polygon","coordinates":[[[131.26875,33.095833333333324],[131.26875,33.099999999999994],[131.275,33.099999999999994],[131.275,33.09583333333333],[131.26875,33.095833333333324]]]}},{"type":"Feature","id":"44208:493152123","properties":{"id":"44208:493152123","meshCode":"493152123","cityCode":"44208","city":"竹田市","lat":33.0979167,"lon":131.278125,"areaKm2":0.2696114,"populated2020":false,"population2020":null,"populationNote":"境界またぎ・収録外等のため自治体内人口は未集計"},"geometry":{"type":"Polygon","coordinates":[[[131.275,33.09583333333333],[131.275,33.099999999999994],[131.28125,33.1],[131.28125,33.09583333333333],[131.275,33.09583333333333]]]}},{"type":"Feature","id":"44208:493152124","properties":{"id":"44208:493152124","meshCode":"493152124","cityCode":"44208","city":"竹田市","lat":33.0979167,"lon":131.284375,"areaKm2":0.2696114,"populated2020":false,"population2020":null,"populationNote":"境界またぎ・収録外等のため自治体内人口は未集計"},"geometry":{"type":"Polygon","coordinates":[[[131.28125,33.09583333333333],[131.28125,33.1],[131.2875,33.099999999999994],[131.2875,33.095833333333324],[131.28125,33.09583333333333]]]}},{"type":"Feature","id":"44208:493152133","properties":{"id":"44208:493152133","meshCode":"493152133","cityCode":"44208","city":"竹田市","lat":33.0979167,"lon":131.290625,"areaKm2":0.2696114,"populated2020":false,"population2020":null,"populationNote":"境界またぎ・収録外等のため自治体内人口は未集計"},"geometry":{"type":"Polygon","coordinates":[[[131.2875,33.095833333333324],[131.2875,33.099999999999994],[131.29375,33.1],[131.29375,33.09583333333333],[131.2875,33.095833333333324]]]}},{"type":"Feature","id":"44208:493152134","properties":{"id":"44208:493152134","meshCode":"493152134","cityCode":"44208","city":"竹田市","lat":33.0979167,"lon":131.296875,"areaKm2":0.2696114,"populated2020":false,"population2020":null,"populationNote":"境界またぎ・収録外等のため自治体内人口は未集計"},"geometry":{"type":"Polygon","coordinates":[[[131.29375,33.09583333333333],[131.29375,33.1],[131.30000000000004,33.1],[131.30000000000004,33.095833333333324],[131.29375,33.09583333333333]]]}},{"type":"Feature","id":"44208:493152143","properties":{"id":"44208:493152143","meshCode":"493152143","cityCode":"44208","city":"竹田市","lat":33.0979167,"lon":131.303125,"areaKm2":0.2696114,"populated2020":false,"population2020":null,"populationNote":"境界またぎ・収録外等のため自治体内人口は未集計"},"geometry":{"type":"Polygon","coordinates":[[[131.30000000000004,33.095833333333324],[131.30000000000004,33.1],[131.30625,33.1],[131.30625,33.095833333333324],[131.30000000000004,33.095833333333324]]]}},{"type":"Feature","id":"44208:493152144","properties":{"id":"44208:493152144","meshCode":"493152144","cityCode":"44208","city":"竹田市","lat":33.0979167,"lon":131.309375,"areaKm2":0.2696114,"populated2020":false,"population2020":null,"populationNote":"境界またぎ・収録外等のため自治体内人口は未集計"},"geometry":{"type":"Polygon","coordinates":[[[131.30625,33.095833333333324],[131.30625,33.1],[131.3125,33.099999999999994],[131.3125,33.095833333333324],[131.30625,33.095833333333324]]]}},{"type":"Feature","id":"44208:493152153","properties":{"id":"44208:493152153","meshCode":"493152153","cityCode":"44208","city":"竹田市","lat":33.0979167,"lon":131.315625,"areaKm2":0.2696114,"populated2020":false,"population2020":null,"populationNote":"境界またぎ・収録外等のため自治体内人口は未集計"},"geometry":{"type":"Polygon","coordinates":[[[131.3125,33.095833333333324],[131.3125,33.099999999999994],[131.31875,33.1],[131.31875,33.095833333333324],[131.3125,33.095833333333324]]]}},{"type":"Feature","id":"44208:493152154","properties":{"id":"44208:493152154","meshCode":"493152154","cityCode":"44208","city":"竹田市","lat":33.0979167,"lon":131.321875,"areaKm2":0.2696114,"populated2020":false,"population2020":null,"populationNote":"境界またぎ・収録外等のため自治体内人口は未集計"},"geometry":{"type":"Polygon","coordinates":[[[131.31875,33.095833333333324],[131.31875,33.1],[131.325,33.099999999999994],[131.325,33.09583333333333],[131.31875,33.095833333333324]]]}},{"type":"Feature","id":"44208:493152163","properties":{"id":"44208:493152163","meshCode":"493152163","cityCode":"44208","city":"竹田市","lat":33.0979167,"lon":131.328125,"areaKm2":0.2696114,"populated2020":false,"population2020":null,"populationNote":"境界またぎ・収録外等のため自治体内人口は未集計"},"geometry":{"type":"Polygon","coordinates":[[[131.325,33.09583333333333],[131.325,33.099999999999994],[131.33125,33.099999999999994],[131.33125,33.095833333333324],[131.325,33.09583333333333]]]}},{"type":"Feature","id":"44208:493152164","properties":{"id":"44208:493152164","meshCode":"493152164","cityCode":"44208","city":"竹田市","lat":33.0979167,"lon":131.334375,"areaKm2":0.2696114,"populated2020":false,"population2020":null,"populationNote":"境界またぎ・収録外等のため自治体内人口は未集計"},"geometry":{"type":"Polygon","coordinates":[[[131.33125,33.095833333333324],[131.33125,33.099999999999994],[131.3375,33.1],[131.3375,33.09583333333333],[131.33125,33.095833333333324]]]}},{"type":"Feature","id":"44208:493152173","properties":{"id":"44208:493152173","meshCode":"493152173","cityCode":"44208","city":"竹田市","lat":33.0979167,"lon":131.340625,"areaKm2":0.2696114,"populated2020":false,"population2020":null,"populationNote":"境界またぎ・収録外等のため自治体内人口は未集計"},"geometry":{"type":"Polygon","coordinates":[[[131.3375,33.09583333333333],[131.3375,33.1],[131.34375,33.1],[131.34375,33.09583333333333],[131.3375,33.09583333333333]]]}},{"type":"Feature","id":"44208:493152174","properties":{"id":"44208:493152174","meshCode":"493152174","cityCode":"44208","city":"竹田市","lat":33.0979167,"lon":131.346875,"areaKm2":0.2696114,"populated2020":false,"population2020":null,"populationNote":"境界またぎ・収録外等のため自治体内人口は未集計"},"geometry":{"type":"Polygon","coordinates":[[[131.34375,33.09583333333333],[131.34375,33.1],[131.35,33.099999999999994],[131.35,33.09583333333333],[131.34375,33.09583333333333]]]}},{"type":"Feature","id":"44208:493152183","properties":{"id":"44208:493152183","meshCode":"493152183","cityCode":"44208","city":"竹田市","lat":33.0979167,"lon":131.353125,"areaKm2":0.2696114,"populated2020":false,"population2020":null,"populationNote":"境界またぎ・収録外等のため自治体内人口は未集計"},"geometry":{"type":"Polygon","coordinates":[[[131.35,33.09583333333333],[131.35,33.099999999999994],[131.35625000000002,33.09999999999999],[131.35625000000002,33.09583333333333],[131.35,33.09583333333333]]]}},{"type":"Feature","id":"44208:493152184","properties":{"id":"44208:493152184","meshCode":"493152184","cityCode":"44208","city":"竹田市","lat":33.0979167,"lon":131.359375,"areaKm2":0.2696114,"populated2020":false,"population2020":null,"populationNote":"境界またぎ・収録外等のため自治体内人口は未集計"},"geometry":{"type":"Polygon","coordinates":[[[131.35625000000002,33.09583333333333],[131.35625000000002,33.09999999999999],[131.3625,33.1],[131.3625,33.09583333333333],[131.35625000000002,33.09583333333333]]]}},{"type":"Feature","id":"44208:493152193","properties":{"id":"44208:493152193","meshCode":"493152193","cityCode":"44208","city":"竹田市","lat":33.0979167,"lon":131.365625,"areaKm2":0.2696114,"populated2020":true,"population2020":3.9926,"populationNote":"2020年基準人口（国交省調整値）"},"geometry":{"type":"Polygon","coordinates":[[[131.3625,33.09583333333333],[131.3625,33.1],[131.36875,33.1],[131.36875,33.09583333333333],[131.3625,33.09583333333333]]]}},{"type":"Feature","id":"44208:493152194","properties":{"id":"44208:493152194","meshCode":"493152194","cityCode":"44208","city":"竹田市","lat":33.0979167,"lon":131.371875,"areaKm2":0.2696114,"populated2020":false,"population2020":null,"populationNote":"境界またぎ・収録外等のため自治体内人口は未集計"},"geometry":{"type":"Polygon","coordinates":[[[131.36875,33.09583333333333],[131.36875,33.1],[131.375,33.099999999999994],[131.375,33.095833333333324],[131.36875,33.09583333333333]]]}},{"type":"Feature","id":"44208:493153103","properties":{"id":"44208:493153103","meshCode":"493153103","cityCode":"44208","city":"竹田市","lat":33.0979167,"lon":131.378125,"areaKm2":0.2696114,"populated2020":false,"population2020":null,"populationNote":"境界またぎ・収録外等のため自治体内人口は未集計"},"geometry":{"type":"Polygon","coordinates":[[[131.375,33.095833333333324],[131.375,33.099999999999994],[131.38125,33.099999999999994],[131.38125,33.095833333333324],[131.375,33.095833333333324]]]}},{"type":"Feature","id":"44208:493153104","properties":{"id":"44208:493153104","meshCode":"493153104","cityCode":"44208","city":"竹田市","lat":33.0979167,"lon":131.384375,"areaKm2":0.2696114,"populated2020":true,"population2020":2.0007,"populationNote":"2020年基準人口（国交省調整値）"},"geometry":{"type":"Polygon","coordinates":[[[131.38125,33.095833333333324],[131.38125,33.099999999999994],[131.3875,33.1],[131.3875,33.095833333333324],[131.38125,33.095833333333324]]]}},{"type":"Feature","id":"44208:493153113","properties":{"id":"44208:493153113","meshCode":"493153113","cityCode":"44208","city":"竹田市","lat":33.0979167,"lon":131.390625,"areaKm2":0.2696114,"populated2020":false,"population2020":null,"populationNote":"境界またぎ・収録外等のため自治体内人口は未集計"},"geometry":{"type":"Polygon","coordinates":[[[131.3875,33.095833333333324],[131.3875,33.1],[131.39375,33.099999999999994],[131.39375,33.09583333333333],[131.3875,33.095833333333324]]]}},{"type":"Feature","id":"44208:493153114","properties":{"id":"44208:493153114","meshCode":"493153114","cityCode":"44208","city":"竹田市","lat":33.0979167,"lon":131.396875,"areaKm2":0.2696114,"populated2020":true,"population2020":24.0384,"populationNote":"2020年基準人口（国交省調整値）"},"geometry":{"type":"Polygon","coordinates":[[[131.39375,33.09583333333333],[131.39375,33.099999999999994],[131.4,33.1],[131.4,33.09583333333333],[131.39375,33.09583333333333]]]}},{"type":"Feature","id":"44208:493153123","properties":{"id":"44208:493153123","meshCode":"493153123","cityCode":"44208","city":"竹田市","lat":33.0979167,"lon":131.403125,"areaKm2":0.2696114,"populated2020":true,"population2020":8.0122,"populationNote":"2020年基準人口（国交省調整値）"},"geometry":{"type":"Polygon","coordinates":[[[131.4,33.09583333333333],[131.4,33.1],[131.40625,33.1],[131.40625,33.09583333333333],[131.4,33.09583333333333]]]}},{"type":"Feature","id":"44208:493153124","properties":{"id":"44208:493153124","meshCode":"493153124","cityCode":"44208","city":"竹田市","lat":33.0979167,"lon":131.409375,"areaKm2":0.2696114,"populated2020":true,"population2020":8.0155,"populationNote":"2020年基準人口（国交省調整値）"},"geometry":{"type":"Polygon","coordinates":[[[131.40625,33.09583333333333],[131.40625,33.1],[131.4125,33.099999999999994],[131.4125,33.09583333333333],[131.40625,33.09583333333333]]]}},{"type":"Feature","id":"44208:493153133","properties":{"id":"44208:493153133","meshCode":"493153133","cityCode":"44208","city":"竹田市","lat":33.0979167,"lon":131.415625,"areaKm2":0.2696114,"populated2020":false,"population2020":null,"populationNote":"境界またぎ・収録外等のため自治体内人口は未集計"},"geometry":{"type":"Polygon","coordinates":[[[131.4125,33.09583333333333],[131.4125,33.099999999999994],[131.41875,33.1],[131.41875,33.09583333333333],[131.4125,33.09583333333333]]]}},{"type":"Feature","id":"44208:493153134","properties":{"id":"44208:493153134","meshCode":"493153134","cityCode":"44208","city":"竹田市","lat":33.0979167,"lon":131.421875,"areaKm2":0.1745809,"populated2020":false,"population2020":null,"populationNote":"境界またぎ・収録外等のため自治体内人口は未集計"},"geometry":{"type":"Polygon","coordinates":[[[131.424999792,33.099578559000065],[131.42414256799998,33.09941930600013],[131.42375701700007,33.09904903600006],[131.42351005199998,33.09753931500007],[131.4233883920001,33.09717848599997],[131.42322088200012,33.09703960400003],[131.42295365799998,33.09695876600012],[131.4220239430001,33.097107099000034],[131.42161310000006,33.097040991000085],[131.42049810600008,33.09660821600006],[131.4189899566726,33.09583333333333],[131.41875,33.09583333333333],[131.41875,33.1],[131.425,33.099999999999994],[131.424999792,33.099578559000065]]]}},{"type":"Feature","id":"44208:493153143","properties":{"id":"44208:493153143","meshCode":"493153143","cityCode":"44208","city":"竹田市","lat":33.0997629,"lon":131.4255191,"areaKm2":0.0047589,"populated2020":false,"population2020":null,"populationNote":"境界またぎ・収録外等のため自治体内人口は未集計"},"geometry":{"type":"Polygon","coordinates":[[[131.42680718500003,33.09999958599997],[131.42560229599997,33.09965041400006],[131.425,33.09957858599996],[131.425,33.099999999999994],[131.42680718500003,33.09999958599997]]]}},{"type":"Feature","id":"44208:493151291","properties":{"id":"44208:493151291","meshCode":"493151291","cityCode":"44208","city":"竹田市","lat":33.1007877,"lon":131.2435679,"areaKm2":0.0063485,"populated2020":false,"population2020":null,"populationNote":"境界またぎ・収録外等のため自治体内人口は未集計"},"geometry":{"type":"Polygon","coordinates":[[[131.24316171200007,33.10000052299995],[131.24333587499996,33.10044273900012],[131.24355976700008,33.10157801799999],[131.24375,33.101864532329955],[131.24375,33.1],[131.24316171200007,33.10000052299995]]]}},{"type":"Feature","id":"44208:493151292","properties":{"id":"44208:493151292","meshCode":"493151292","cityCode":"44208","city":"竹田市","lat":33.1020833,"lon":131.246875,"areaKm2":0.2263847,"populated2020":false,"population2020":null,"populationNote":"境界またぎ・収録外等のため自治体内人口は未集計"},"geometry":{"type":"Polygon","coordinates":[[[131.24375,33.101864532329955],[131.24422115400012,33.10233801800002],[131.24474394300012,33.10236190099994],[131.2457761610001,33.102898288],[131.24633837900012,33.10346384699999],[131.24650504500005,33.10376356800004],[131.24652753370862,33.104166666666664],[131.25,33.10416666666666],[131.25,33.1],[131.24375,33.1],[131.24375,33.101864532329955]]]}},{"type":"Feature","id":"44208:493152201","properties":{"id":"44208:493152201","meshCode":"493152201","cityCode":"44208","city":"竹田市","lat":33.1020833,"lon":131.253125,"areaKm2":0.2695988,"populated2020":false,"population2020":null,"populationNote":"境界またぎ・収録外等のため自治体内人口は未集計"},"geometry":{"type":"Polygon","coordinates":[[[131.25,33.1],[131.25,33.10416666666666],[131.25625,33.104166666666664],[131.25625,33.099999999999994],[131.25,33.1]]]}},{"type":"Feature","id":"44208:493152202","properties":{"id":"44208:493152202","meshCode":"493152202","cityCode":"44208","city":"竹田市","lat":33.1020833,"lon":131.259375,"areaKm2":0.2695988,"populated2020":false,"population2020":null,"populationNote":"境界またぎ・収録外等のため自治体内人口は未集計"},"geometry":{"type":"Polygon","coordinates":[[[131.25625,33.099999999999994],[131.25625,33.104166666666664],[131.2625,33.104166666666664],[131.2625,33.1],[131.25625,33.099999999999994]]]}},{"type":"Feature","id":"44208:493152211","properties":{"id":"44208:493152211","meshCode":"493152211","cityCode":"44208","city":"竹田市","lat":33.1020833,"lon":131.265625,"areaKm2":0.2695988,"populated2020":false,"population2020":null,"populationNote":"境界またぎ・収録外等のため自治体内人口は未集計"},"geometry":{"type":"Polygon","coordinates":[[[131.2625,33.1],[131.2625,33.104166666666664],[131.26875,33.104166666666664],[131.26875,33.099999999999994],[131.2625,33.1]]]}},{"type":"Feature","id":"44208:493152212","properties":{"id":"44208:493152212","meshCode":"493152212","cityCode":"44208","city":"竹田市","lat":33.1020833,"lon":131.271875,"areaKm2":0.2695988,"populated2020":false,"population2020":null,"populationNote":"境界またぎ・収録外等のため自治体内人口は未集計"},"geometry":{"type":"Polygon","coordinates":[[[131.26875,33.099999999999994],[131.26875,33.104166666666664],[131.275,33.104166666666664],[131.275,33.099999999999994],[131.26875,33.099999999999994]]]}},{"type":"Feature","id":"44208:493152221","properties":{"id":"44208:493152221","meshCode":"493152221","cityCode":"44208","city":"竹田市","lat":33.1020833,"lon":131.278125,"areaKm2":0.2695988,"populated2020":false,"population2020":null,"populationNote":"境界またぎ・収録外等のため自治体内人口は未集計"},"geometry":{"type":"Polygon","coordinates":[[[131.275,33.099999999999994],[131.275,33.104166666666664],[131.28125,33.104166666666664],[131.28125,33.1],[131.275,33.099999999999994]]]}},{"type":"Feature","id":"44208:493152222","properties":{"id":"44208:493152222","meshCode":"493152222","cityCode":"44208","city":"竹田市","lat":33.1020833,"lon":131.284375,"areaKm2":0.2695988,"populated2020":false,"population2020":null,"populationNote":"境界またぎ・収録外等のため自治体内人口は未集計"},"geometry":{"type":"Polygon","coordinates":[[[131.28125,33.1],[131.28125,33.104166666666664],[131.2875,33.10416666666666],[131.2875,33.099999999999994],[131.28125,33.1]]]}},{"type":"Feature","id":"44208:493152231","properties":{"id":"44208:493152231","meshCode":"493152231","cityCode":"44208","city":"竹田市","lat":33.1020833,"lon":131.290625,"areaKm2":0.2695988,"populated2020":false,"population2020":null,"populationNote":"境界またぎ・収録外等のため自治体内人口は未集計"},"geometry":{"type":"Polygon","coordinates":[[[131.2875,33.099999999999994],[131.2875,33.10416666666666],[131.29375,33.10416666666666],[131.29375,33.1],[131.2875,33.099999999999994]]]}},{"type":"Feature","id":"44208:493152232","properties":{"id":"44208:493152232","meshCode":"493152232","cityCode":"44208","city":"竹田市","lat":33.1020833,"lon":131.296875,"areaKm2":0.2695988,"populated2020":false,"population2020":null,"populationNote":"境界またぎ・収録外等のため自治体内人口は未集計"},"geometry":{"type":"Polygon","coordinates":[[[131.29375,33.1],[131.29375,33.10416666666666],[131.30000000000004,33.104166666666664],[131.30000000000004,33.1],[131.29375,33.1]]]}},{"type":"Feature","id":"44208:493152241","properties":{"id":"44208:493152241","meshCode":"493152241","cityCode":"44208","city":"竹田市","lat":33.1020833,"lon":131.303125,"areaKm2":0.2695988,"populated2020":false,"population2020":null,"populationNote":"境界またぎ・収録外等のため自治体内人口は未集計"},"geometry":{"type":"Polygon","coordinates":[[[131.30000000000004,33.1],[131.30000000000004,33.104166666666664],[131.30625,33.10416666666666],[131.30625,33.1],[131.30000000000004,33.1]]]}},{"type":"Feature","id":"44208:493152242","properties":{"id":"44208:493152242","meshCode":"493152242","cityCode":"44208","city":"竹田市","lat":33.1020833,"lon":131.309375,"areaKm2":0.2695988,"populated2020":false,"population2020":null,"populationNote":"境界またぎ・収録外等のため自治体内人口は未集計"},"geometry":{"type":"Polygon","coordinates":[[[131.30625,33.1],[131.30625,33.10416666666666],[131.3125,33.104166666666664],[131.3125,33.099999999999994],[131.30625,33.1]]]}},{"type":"Feature","id":"44208:493152251","properties":{"id":"44208:493152251","meshCode":"493152251","cityCode":"44208","city":"竹田市","lat":33.1020833,"lon":131.315625,"areaKm2":0.2695988,"populated2020":false,"population2020":null,"populationNote":"境界またぎ・収録外等のため自治体内人口は未集計"},"geometry":{"type":"Polygon","coordinates":[[[131.3125,33.099999999999994],[131.3125,33.104166666666664],[131.31875,33.104166666666664],[131.31875,33.1],[131.3125,33.099999999999994]]]}},{"type":"Feature","id":"44208:493152252","properties":{"id":"44208:493152252","meshCode":"493152252","cityCode":"44208","city":"竹田市","lat":33.1020833,"lon":131.321875,"areaKm2":0.2695988,"populated2020":false,"population2020":null,"populationNote":"境界またぎ・収録外等のため自治体内人口は未集計"},"geometry":{"type":"Polygon","coordinates":[[[131.31875,33.1],[131.31875,33.104166666666664],[131.325,33.104166666666664],[131.325,33.099999999999994],[131.31875,33.1]]]}},{"type":"Feature","id":"44208:493152261","properties":{"id":"44208:493152261","meshCode":"493152261","cityCode":"44208","city":"竹田市","lat":33.1020833,"lon":131.328125,"areaKm2":0.2695988,"populated2020":false,"population2020":null,"populationNote":"境界またぎ・収録外等のため自治体内人口は未集計"},"geometry":{"type":"Polygon","coordinates":[[[131.325,33.099999999999994],[131.325,33.104166666666664],[131.33125,33.10416666666666],[131.33125,33.099999999999994],[131.325,33.099999999999994]]]}},{"type":"Feature","id":"44208:493152262","properties":{"id":"44208:493152262","meshCode":"493152262","cityCode":"44208","city":"竹田市","lat":33.1020833,"lon":131.334375,"areaKm2":0.2695988,"populated2020":false,"population2020":null,"populationNote":"境界またぎ・収録外等のため自治体内人口は未集計"},"geometry":{"type":"Polygon","coordinates":[[[131.33125,33.099999999999994],[131.33125,33.10416666666666],[131.3375,33.104166666666664],[131.3375,33.1],[131.33125,33.099999999999994]]]}},{"type":"Feature","id":"44208:493152271","properties":{"id":"44208:493152271","meshCode":"493152271","cityCode":"44208","city":"竹田市","lat":33.1020833,"lon":131.340625,"areaKm2":0.2695988,"populated2020":false,"population2020":null,"populationNote":"境界またぎ・収録外等のため自治体内人口は未集計"},"geometry":{"type":"Polygon","coordinates":[[[131.3375,33.1],[131.3375,33.104166666666664],[131.34375,33.104166666666664],[131.34375,33.1],[131.3375,33.1]]]}},{"type":"Feature","id":"44208:493152272","properties":{"id":"44208:493152272","meshCode":"493152272","cityCode":"44208","city":"竹田市","lat":33.1020833,"lon":131.346875,"areaKm2":0.2695988,"populated2020":false,"population2020":null,"populationNote":"境界またぎ・収録外等のため自治体内人口は未集計"},"geometry":{"type":"Polygon","coordinates":[[[131.34375,33.1],[131.34375,33.104166666666664],[131.35,33.10416666666666],[131.35,33.099999999999994],[131.34375,33.1]]]}},{"type":"Feature","id":"44208:493152281","properties":{"id":"44208:493152281","meshCode":"493152281","cityCode":"44208","city":"竹田市","lat":33.1020833,"lon":131.353125,"areaKm2":0.2695988,"populated2020":false,"population2020":null,"populationNote":"境界またぎ・収録外等のため自治体内人口は未集計"},"geometry":{"type":"Polygon","coordinates":[[[131.35,33.099999999999994],[131.35,33.10416666666666],[131.35625000000002,33.10416666666666],[131.35625000000002,33.09999999999999],[131.35,33.099999999999994]]]}},{"type":"Feature","id":"44208:493152282","properties":{"id":"44208:493152282","meshCode":"493152282","cityCode":"44208","city":"竹田市","lat":33.1020833,"lon":131.359375,"areaKm2":0.2695988,"populated2020":false,"population2020":null,"populationNote":"境界またぎ・収録外等のため自治体内人口は未集計"},"geometry":{"type":"Polygon","coordinates":[[[131.35625000000002,33.09999999999999],[131.35625000000002,33.10416666666666],[131.3625,33.104166666666664],[131.3625,33.1],[131.35625000000002,33.09999999999999]]]}},{"type":"Feature","id":"44208:493152291","properties":{"id":"44208:493152291","meshCode":"493152291","cityCode":"44208","city":"竹田市","lat":33.1020833,"lon":131.365625,"areaKm2":0.2695988,"populated2020":false,"population2020":null,"populationNote":"境界またぎ・収録外等のため自治体内人口は未集計"},"geometry":{"type":"Polygon","coordinates":[[[131.3625,33.1],[131.3625,33.104166666666664],[131.36875,33.10416666666666],[131.36875,33.1],[131.3625,33.1]]]}},{"type":"Feature","id":"44208:493152292","properties":{"id":"44208:493152292","meshCode":"493152292","cityCode":"44208","city":"竹田市","lat":33.1020833,"lon":131.371875,"areaKm2":0.2695988,"populated2020":false,"population2020":null,"populationNote":"境界またぎ・収録外等のため自治体内人口は未集計"},"geometry":{"type":"Polygon","coordinates":[[[131.36875,33.1],[131.36875,33.10416666666666],[131.375,33.104166666666664],[131.375,33.099999999999994],[131.36875,33.1]]]}},{"type":"Feature","id":"44208:493153201","properties":{"id":"44208:493153201","meshCode":"493153201","cityCode":"44208","city":"竹田市","lat":33.1020833,"lon":131.378125,"areaKm2":0.2695988,"populated2020":true,"population2020":4.0055,"populationNote":"2020年基準人口（国交省調整値）"},"geometry":{"type":"Polygon","coordinates":[[[131.375,33.099999999999994],[131.375,33.104166666666664],[131.38125,33.104166666666664],[131.38125,33.099999999999994],[131.375,33.099999999999994]]]}},{"type":"Feature","id":"44208:493153202","properties":{"id":"44208:493153202","meshCode":"493153202","cityCode":"44208","city":"竹田市","lat":33.1020833,"lon":131.384375,"areaKm2":0.2695988,"populated2020":true,"population2020":25.0268,"populationNote":"2020年基準人口（国交省調整値）"},"geometry":{"type":"Polygon","coordinates":[[[131.38125,33.099999999999994],[131.38125,33.104166666666664],[131.3875,33.10416666666666],[131.3875,33.1],[131.38125,33.099999999999994]]]}},{"type":"Feature","id":"44208:493153211","properties":{"id":"44208:493153211","meshCode":"493153211","cityCode":"44208","city":"竹田市","lat":33.1020833,"lon":131.390625,"areaKm2":0.2695988,"populated2020":true,"population2020":7.9967,"populationNote":"2020年基準人口（国交省調整値）"},"geometry":{"type":"Polygon","coordinates":[[[131.3875,33.1],[131.3875,33.10416666666666],[131.39375,33.104166666666664],[131.39375,33.099999999999994],[131.3875,33.1]]]}},{"type":"Feature","id":"44208:493153212","properties":{"id":"44208:493153212","meshCode":"493153212","cityCode":"44208","city":"竹田市","lat":33.1020833,"lon":131.396875,"areaKm2":0.2695988,"populated2020":false,"population2020":null,"populationNote":"境界またぎ・収録外等のため自治体内人口は未集計"},"geometry":{"type":"Polygon","coordinates":[[[131.39375,33.099999999999994],[131.39375,33.104166666666664],[131.4,33.104166666666664],[131.4,33.1],[131.39375,33.099999999999994]]]}},{"type":"Feature","id":"44208:493153221","properties":{"id":"44208:493153221","meshCode":"493153221","cityCode":"44208","city":"竹田市","lat":33.1020833,"lon":131.403125,"areaKm2":0.2695988,"populated2020":false,"population2020":null,"populationNote":"境界またぎ・収録外等のため自治体内人口は未集計"},"geometry":{"type":"Polygon","coordinates":[[[131.4,33.1],[131.4,33.104166666666664],[131.40625,33.104166666666664],[131.40625,33.1],[131.4,33.1]]]}},{"type":"Feature","id":"44208:493153222","properties":{"id":"44208:493153222","meshCode":"493153222","cityCode":"44208","city":"竹田市","lat":33.1020833,"lon":131.409375,"areaKm2":0.2695988,"populated2020":false,"population2020":null,"populationNote":"境界またぎ・収録外等のため自治体内人口は未集計"},"geometry":{"type":"Polygon","coordinates":[[[131.40625,33.1],[131.40625,33.104166666666664],[131.4125,33.104166666666664],[131.4125,33.099999999999994],[131.40625,33.1]]]}},{"type":"Feature","id":"44208:493153231","properties":{"id":"44208:493153231","meshCode":"493153231","cityCode":"44208","city":"竹田市","lat":33.1020833,"lon":131.415625,"areaKm2":0.2695988,"populated2020":true,"population2020":4.0065,"populationNote":"2020年基準人口（国交省調整値）"},"geometry":{"type":"Polygon","coordinates":[[[131.4125,33.099999999999994],[131.4125,33.104166666666664],[131.41875,33.10416666666666],[131.41875,33.1],[131.4125,33.099999999999994]]]}},{"type":"Feature","id":"44208:493153232","properties":{"id":"44208:493153232","meshCode":"493153232","cityCode":"44208","city":"竹田市","lat":33.1020833,"lon":131.421875,"areaKm2":0.2695988,"populated2020":false,"population2020":null,"populationNote":"境界またぎ・収録外等のため自治体内人口は未集計"},"geometry":{"type":"Polygon","coordinates":[[[131.41875,33.1],[131.41875,33.10416666666666],[131.425,33.104166666666664],[131.425,33.099999999999994],[131.41875,33.1]]]}},{"type":"Feature","id":"44208:493153241","properties":{"id":"44208:493153241","meshCode":"493153241","cityCode":"44208","city":"竹田市","lat":33.1020833,"lon":131.428125,"areaKm2":0.1839169,"populated2020":false,"population2020":null,"populationNote":"境界またぎ・収録外等のため自治体内人口は未集計"},"geometry":{"type":"Polygon","coordinates":[[[131.43077287899996,33.104157062999995],[131.430827873,33.10328179300006],[131.42952230900005,33.10267818000011],[131.42899425400014,33.102019847000065],[131.42847258100005,33.100910414000055],[131.42814396899996,33.10052624299993],[131.42680830099997,33.1],[131.425,33.099999999999994],[131.425,33.104166666666664],[131.43077287899996,33.104157062999995]]]}},{"type":"Feature","id":"44208:493151294","properties":{"id":"44208:493151294","meshCode":"493151294","cityCode":"44208","city":"竹田市","lat":33.1059094,"lon":131.2484239,"areaKm2":0.0865584,"populated2020":false,"population2020":null,"populationNote":"境界またぎ・収録外等のため自治体内人口は未集計"},"geometry":{"type":"Polygon","coordinates":[[[131.24652753370862,33.104166666666664],[131.246785875,33.105823009],[131.24690976700015,33.10599578399995],[131.24729088200013,33.10625245000005],[131.2485700520001,33.10668717100008],[131.25,33.10766490100005],[131.25,33.10416666666666],[131.24652753370862,33.104166666666664]]]}},{"type":"Feature","id":"44208:493152203","properties":{"id":"44208:493152203","meshCode":"493152203","cityCode":"44208","city":"竹田市","lat":33.10625,"lon":131.253125,"areaKm2":0.2671575,"populated2020":false,"population2020":null,"populationNote":"境界またぎ・収録外等のため自治体内人口は未集計"},"geometry":{"type":"Polygon","coordinates":[[[131.2500000000001,33.107664901000135],[131.25066252928775,33.108333333333334],[131.25625,33.108333333333334],[131.25625,33.104166666666664],[131.25,33.10416666666666],[131.2500000000001,33.107664901000135]]]}},{"type":"Feature","id":"44208:493152204","properties":{"id":"44208:493152204","meshCode":"493152204","cityCode":"44208","city":"竹田市","lat":33.10625,"lon":131.259375,"areaKm2":0.2695863,"populated2020":false,"population2020":null,"populationNote":"境界またぎ・収録外等のため自治体内人口は未集計"},"geometry":{"type":"Polygon","coordinates":[[[131.25625,33.104166666666664],[131.25625,33.108333333333334],[131.2625,33.10833333333333],[131.2625,33.104166666666664],[131.25625,33.104166666666664]]]}},{"type":"Feature","id":"44208:493152213","properties":{"id":"44208:493152213","meshCode":"493152213","cityCode":"44208","city":"竹田市","lat":33.10625,"lon":131.265625,"areaKm2":0.2695863,"populated2020":false,"population2020":null,"populationNote":"境界またぎ・収録外等のため自治体内人口は未集計"},"geometry":{"type":"Polygon","coordinates":[[[131.2625,33.104166666666664],[131.2625,33.10833333333333],[131.26875,33.108333333333334],[131.26875,33.104166666666664],[131.2625,33.104166666666664]]]}},{"type":"Feature","id":"44208:493152214","properties":{"id":"44208:493152214","meshCode":"493152214","cityCode":"44208","city":"竹田市","lat":33.10625,"lon":131.271875,"areaKm2":0.2695863,"populated2020":false,"population2020":null,"populationNote":"境界またぎ・収録外等のため自治体内人口は未集計"},"geometry":{"type":"Polygon","coordinates":[[[131.26875,33.104166666666664],[131.26875,33.108333333333334],[131.275,33.10833333333333],[131.275,33.104166666666664],[131.26875,33.104166666666664]]]}},{"type":"Feature","id":"44208:493152223","properties":{"id":"44208:493152223","meshCode":"493152223","cityCode":"44208","city":"竹田市","lat":33.10625,"lon":131.278125,"areaKm2":0.2695863,"populated2020":false,"population2020":null,"populationNote":"境界またぎ・収録外等のため自治体内人口は未集計"},"geometry":{"type":"Polygon","coordinates":[[[131.275,33.104166666666664],[131.275,33.10833333333333],[131.28125,33.108333333333334],[131.28125,33.104166666666664],[131.275,33.104166666666664]]]}},{"type":"Feature","id":"44208:493152224","properties":{"id":"44208:493152224","meshCode":"493152224","cityCode":"44208","city":"竹田市","lat":33.10625,"lon":131.284375,"areaKm2":0.2695863,"populated2020":false,"population2020":null,"populationNote":"境界またぎ・収録外等のため自治体内人口は未集計"},"geometry":{"type":"Polygon","coordinates":[[[131.28125,33.104166666666664],[131.28125,33.108333333333334],[131.2875,33.108333333333334],[131.2875,33.10416666666666],[131.28125,33.104166666666664]]]}},{"type":"Feature","id":"44208:493152233","properties":{"id":"44208:493152233","meshCode":"493152233","cityCode":"44208","city":"竹田市","lat":33.10625,"lon":131.290625,"areaKm2":0.2695863,"populated2020":false,"population2020":null,"populationNote":"境界またぎ・収録外等のため自治体内人口は未集計"},"geometry":{"type":"Polygon","coordinates":[[[131.2875,33.10416666666666],[131.2875,33.108333333333334],[131.29375,33.108333333333334],[131.29375,33.10416666666666],[131.2875,33.10416666666666]]]}},{"type":"Feature","id":"44208:493152234","properties":{"id":"44208:493152234","meshCode":"493152234","cityCode":"44208","city":"竹田市","lat":33.10625,"lon":131.296875,"areaKm2":0.2695863,"populated2020":false,"population2020":null,"populationNote":"境界またぎ・収録外等のため自治体内人口は未集計"},"geometry":{"type":"Polygon","coordinates":[[[131.29375,33.10416666666666],[131.29375,33.108333333333334],[131.30000000000004,33.108333333333334],[131.30000000000004,33.104166666666664],[131.29375,33.10416666666666]]]}},{"type":"Feature","id":"44208:493152243","properties":{"id":"44208:493152243","meshCode":"493152243","cityCode":"44208","city":"竹田市","lat":33.10625,"lon":131.303125,"areaKm2":0.2695863,"populated2020":false,"population2020":null,"populationNote":"境界またぎ・収録外等のため自治体内人口は未集計"},"geometry":{"type":"Polygon","coordinates":[[[131.30000000000004,33.104166666666664],[131.30000000000004,33.108333333333334],[131.30625,33.108333333333334],[131.30625,33.10416666666666],[131.30000000000004,33.104166666666664]]]}},{"type":"Feature","id":"44208:493152244","properties":{"id":"44208:493152244","meshCode":"493152244","cityCode":"44208","city":"竹田市","lat":33.10625,"lon":131.309375,"areaKm2":0.1694474,"populated2020":false,"population2020":null,"populationNote":"境界またぎ・収録外等のため自治体内人口は未集計"},"geometry":{"type":"Polygon","coordinates":[[[131.30823406000002,33.10833333300002],[131.30864568100003,33.10752810800011],[131.30954121900004,33.10622281999991],[131.30985900099995,33.10587420700011],[131.31026566800006,33.10572420699999],[131.31063287899997,33.10532391900006],[131.31087732800006,33.10522364000001],[131.31181149200006,33.105336414000135],[131.31208704300002,33.105491694000015],[131.31225871599997,33.105945865000024],[131.3125,33.10590703320149],[131.3125,33.104166666666664],[131.30625,33.10416666666666],[131.30625,33.108333333333334],[131.30823406000002,33.10833333300002]]]}},{"type":"Feature","id":"44208:493152253","properties":{"id":"44208:493152253","meshCode":"493152253","cityCode":"44208","city":"竹田市","lat":33.1056565,"lon":131.317886,"areaKm2":0.0939336,"populated2020":false,"population2020":null,"populationNote":"境界またぎ・収録外等のため自治体内人口は未集計"},"geometry":{"type":"Polygon","coordinates":[[[131.31250954600011,33.105900586000075],[131.31276370900014,33.105358910000064],[131.31319454000015,33.105041396000054],[131.31476565499997,33.105048883000045],[131.31501677000006,33.10525971200002],[131.3152070430001,33.105856378],[131.31541370900015,33.105828874],[131.315578716,33.10552026099998],[131.31586149200018,33.105482757000054],[131.3161253830001,33.10556302700013],[131.3168770430001,33.10559052300011],[131.3170642670001,33.10567579300004],[131.31755649799993,33.10599690100013],[131.318282049,33.106622450000145],[131.318440947,33.10699355900005],[131.31859038900006,33.10712133300012],[131.31875,33.10706364528998],[131.31875,33.104166666666664],[131.3125,33.104166666666664],[131.31250954600011,33.105900586000075]]]}},{"type":"Feature","id":"44208:493152254","properties":{"id":"44208:493152254","meshCode":"493152254","cityCode":"44208","city":"竹田市","lat":33.10625,"lon":131.321875,"areaKm2":0.1929932,"populated2020":false,"population2020":null,"populationNote":"境界またぎ・収録外等のため自治体内人口は未集計"},"geometry":{"type":"Polygon","coordinates":[[[131.31875,33.10706364528998],[131.31928289200005,33.10675771199994],[131.31964817100004,33.106629928000025],[131.320566783,33.10651963999999],[131.32080844400002,33.106745467999986],[131.32145317800007,33.10699129700003],[131.32160206200012,33.10720101800007],[131.32254568100018,33.107469332999926],[131.325,33.10766590999997],[131.325,33.104166666666664],[131.31875,33.104166666666664],[131.31875,33.10706364528998]]]}},{"type":"Feature","id":"44208:493152263","properties":{"id":"44208:493152263","meshCode":"493152263","cityCode":"44208","city":"竹田市","lat":33.10625,"lon":131.328125,"areaKm2":0.2604465,"populated2020":false,"population2020":null,"populationNote":"境界またぎ・収録外等のため自治体内人口は未集計"},"geometry":{"type":"Polygon","coordinates":[[[131.325,33.10766590999997],[131.32549068699996,33.10781457700011],[131.32629762600018,33.107827072000134],[131.3265993000001,33.1081106850001],[131.32700400865488,33.10833333333333],[131.33125,33.10833333333333],[131.33125,33.10416666666666],[131.325,33.104166666666664],[131.325,33.10766590999997]]]}},{"type":"Feature","id":"44208:493152264","properties":{"id":"44208:493152264","meshCode":"493152264","cityCode":"44208","city":"竹田市","lat":33.10626,"lon":131.332345,"areaKm2":0.1379711,"populated2020":false,"population2020":null,"populationNote":"境界またぎ・収録外等のため自治体内人口は未集計"},"geometry":{"type":"Polygon","coordinates":[[[131.33321036300003,33.10833333300002],[131.3329812190001,33.106851775],[131.33300649800017,33.10641927],[131.33370871600016,33.106176215999994],[131.33421399500014,33.10587009900013],[131.33460120600012,33.10584759500006],[131.334799546,33.10575371200002],[131.33518704300002,33.10520176599999],[131.33564787299997,33.10496092799997],[131.33628315199996,33.105171757000114],[131.33648953299996,33.10511898200008],[131.33680564200006,33.104876198000056],[131.33710758799998,33.10485619799999],[131.33748564200005,33.105222315],[131.3375,33.10548677700669],[131.3375,33.104166666666664],[131.33125,33.10416666666666],[131.33125,33.10833333333333],[131.33321036300003,33.10833333300002]]]}},{"type":"Feature","id":"44208:493152273","properties":{"id":"44208:493152273","meshCode":"493152273","cityCode":"44208","city":"竹田市","lat":33.10625,"lon":131.340625,"areaKm2":0.1582314,"populated2020":false,"population2020":null,"populationNote":"境界またぎ・収録外等のため自治体内人口は未集計"},"geometry":{"type":"Polygon","coordinates":[[[131.3375,33.104166666666664],[131.33750787300016,33.10575898200012],[131.33765398200012,33.10596981100003],[131.33831342400015,33.10623369400013],[131.33841815800008,33.10640175700007],[131.33878981800012,33.10660508100005],[131.33944010400012,33.10659758600002],[131.33996453999998,33.10676036000001],[131.34073009100018,33.106602577000004],[131.34100787300008,33.10662257700006],[131.34120149199998,33.106717577000104],[131.3422087030001,33.10690840500007],[131.34245010400014,33.10690591000014],[131.34336315199994,33.10661812600011],[131.34375,33.10664472871494],[131.34375,33.104166666666664],[131.3375,33.104166666666664]]]}},{"type":"Feature","id":"44208:493152274","properties":{"id":"44208:493152274","meshCode":"493152274","cityCode":"44208","city":"竹田市","lat":33.1053792,"lon":131.3462428,"areaKm2":0.1078458,"populated2020":false,"population2020":null,"populationNote":"境界またぎ・収録外等のため自治体内人口は未集計"},"geometry":{"type":"Polygon","coordinates":[[[131.34380147900004,33.106635622000006],[131.34443009100005,33.1061917390001],[131.34470009100016,33.10572007200005],[131.34520841800008,33.105459233999966],[131.34581342399997,33.105424513999935],[131.34636620000015,33.10575062200013],[131.34674730200004,33.10576311699998],[131.3471570300002,33.10601894600012],[131.347550921,33.106137000000096],[131.34818758799997,33.10613922500004],[131.34843868999997,33.10587589200002],[131.34876258100007,33.105333946000094],[131.34891841800004,33.10525866699998],[131.34918508400006,33.10567005400003],[131.34946481199995,33.105790613000124],[131.35,33.105862333000054],[131.35,33.10416666666666],[131.34375,33.104166666666664],[131.34380147900004,33.106635622000006]]]}},{"type":"Feature","id":"44208:493152283","properties":{"id":"44208:493152283","meshCode":"493152283","cityCode":"44208","city":"竹田市","lat":33.10625,"lon":131.353125,"areaKm2":0.1791024,"populated2020":false,"population2020":null,"populationNote":"境界またぎ・収録外等のため自治体内人口は未集計"},"geometry":{"type":"Polygon","coordinates":[[[131.35,33.105862333000054],[131.35078481200014,33.106176721000104],[131.3511181450001,33.1061967120001],[131.35139452700002,33.10605144100004],[131.35163286600016,33.106061432000104],[131.35239675699995,33.10619643200005],[131.35280009100018,33.106442269999945],[131.35320369600004,33.10651254100003],[131.35362814500013,33.107328369000015],[131.35448898799996,33.10754920699998],[131.35512648500014,33.107965036],[131.35522678305358,33.108333333333334],[131.35625000000002,33.10833333333333],[131.35625000000002,33.10416666666666],[131.35,33.10416666666666],[131.35,33.105862333000054]]]}},{"type":"Feature","id":"44208:493152284","properties":{"id":"44208:493152284","meshCode":"493152284","cityCode":"44208","city":"竹田市","lat":33.10625,"lon":131.359375,"areaKm2":0.2695863,"populated2020":false,"population2020":null,"populationNote":"境界またぎ・収録外等のため自治体内人口は未集計"},"geometry":{"type":"Polygon","coordinates":[[[131.35625000000002,33.10416666666666],[131.35625000000002,33.10833333333333],[131.3625,33.108333333333334],[131.3625,33.104166666666664],[131.35625000000002,33.10416666666666]]]}},{"type":"Feature","id":"44208:493152293","properties":{"id":"44208:493152293","meshCode":"493152293","cityCode":"44208","city":"竹田市","lat":33.10625,"lon":131.365625,"areaKm2":0.2695863,"populated2020":false,"population2020":null,"populationNote":"境界またぎ・収録外等のため自治体内人口は未集計"},"geometry":{"type":"Polygon","coordinates":[[[131.3625,33.104166666666664],[131.3625,33.108333333333334],[131.36875,33.10833333333333],[131.36875,33.10416666666666],[131.3625,33.104166666666664]]]}},{"type":"Feature","id":"44208:493152294","properties":{"id":"44208:493152294","meshCode":"493152294","cityCode":"44208","city":"竹田市","lat":33.10625,"lon":131.371875,"areaKm2":0.2695863,"populated2020":true,"population2020":9.0021,"populationNote":"2020年基準人口（国交省調整値）"},"geometry":{"type":"Polygon","coordinates":[[[131.36875,33.10416666666666],[131.36875,33.10833333333333],[131.375,33.10833333333334],[131.375,33.104166666666664],[131.36875,33.10416666666666]]]}},{"type":"Feature","id":"44208:493153203","properties":{"id":"44208:493153203","meshCode":"493153203","cityCode":"44208","city":"竹田市","lat":33.10625,"lon":131.378125,"areaKm2":0.2695863,"populated2020":true,"population2020":28.0294,"populationNote":"2020年基準人口（国交省調整値）"},"geometry":{"type":"Polygon","coordinates":[[[131.375,33.104166666666664],[131.375,33.10833333333334],[131.38125,33.108333333333334],[131.38125,33.104166666666664],[131.375,33.104166666666664]]]}},{"type":"Feature","id":"44208:493153204","properties":{"id":"44208:493153204","meshCode":"493153204","cityCode":"44208","city":"竹田市","lat":33.10625,"lon":131.384375,"areaKm2":0.2695863,"populated2020":true,"population2020":13.034,"populationNote":"2020年基準人口（国交省調整値）"},"geometry":{"type":"Polygon","coordinates":[[[131.38125,33.104166666666664],[131.38125,33.108333333333334],[131.3875,33.108333333333334],[131.3875,33.10416666666666],[131.38125,33.104166666666664]]]}},{"type":"Feature","id":"44208:493153213","properties":{"id":"44208:493153213","meshCode":"493153213","cityCode":"44208","city":"竹田市","lat":33.10625,"lon":131.390625,"areaKm2":0.2695863,"populated2020":true,"population2020":11.0156,"populationNote":"2020年基準人口（国交省調整値）"},"geometry":{"type":"Polygon","coordinates":[[[131.3875,33.10416666666666],[131.3875,33.108333333333334],[131.39375,33.108333333333334],[131.39375,33.104166666666664],[131.3875,33.10416666666666]]]}},{"type":"Feature","id":"44208:493153214","properties":{"id":"44208:493153214","meshCode":"493153214","cityCode":"44208","city":"竹田市","lat":33.10625,"lon":131.396875,"areaKm2":0.2695863,"populated2020":false,"population2020":null,"populationNote":"境界またぎ・収録外等のため自治体内人口は未集計"},"geometry":{"type":"Polygon","coordinates":[[[131.39375,33.104166666666664],[131.39375,33.108333333333334],[131.4,33.108333333333334],[131.4,33.104166666666664],[131.39375,33.104166666666664]]]}},{"type":"Feature","id":"44208:493153223","properties":{"id":"44208:493153223","meshCode":"493153223","cityCode":"44208","city":"竹田市","lat":33.10625,"lon":131.403125,"areaKm2":0.2695863,"populated2020":false,"population2020":null,"populationNote":"境界またぎ・収録外等のため自治体内人口は未集計"},"geometry":{"type":"Polygon","coordinates":[[[131.4,33.104166666666664],[131.4,33.108333333333334],[131.40625,33.108333333333334],[131.40625,33.104166666666664],[131.4,33.104166666666664]]]}},{"type":"Feature","id":"44208:493153224","properties":{"id":"44208:493153224","meshCode":"493153224","cityCode":"44208","city":"竹田市","lat":33.10625,"lon":131.409375,"areaKm2":0.2695863,"populated2020":true,"population2020":1.0088,"populationNote":"2020年基準人口（国交省調整値）"},"geometry":{"type":"Polygon","coordinates":[[[131.40625,33.104166666666664],[131.40625,33.108333333333334],[131.4125,33.108333333333334],[131.4125,33.104166666666664],[131.40625,33.104166666666664]]]}},{"type":"Feature","id":"44208:493153233","properties":{"id":"44208:493153233","meshCode":"493153233","cityCode":"44208","city":"竹田市","lat":33.10625,"lon":131.415625,"areaKm2":0.2695863,"populated2020":false,"population2020":null,"populationNote":"境界またぎ・収録外等のため自治体内人口は未集計"},"geometry":{"type":"Polygon","coordinates":[[[131.4125,33.104166666666664],[131.4125,33.108333333333334],[131.41875,33.108333333333334],[131.41875,33.10416666666666],[131.4125,33.104166666666664]]]}},{"type":"Feature","id":"44208:493153234","properties":{"id":"44208:493153234","meshCode":"493153234","cityCode":"44208","city":"竹田市","lat":33.10625,"lon":131.421875,"areaKm2":0.2695863,"populated2020":true,"population2020":5.0115,"populationNote":"2020年基準人口（国交省調整値）"},"geometry":{"type":"Polygon","coordinates":[[[131.41875,33.10416666666666],[131.41875,33.108333333333334],[131.425,33.108333333333334],[131.425,33.104166666666664],[131.41875,33.10416666666666]]]}},{"type":"Feature","id":"44208:493153243","properties":{"id":"44208:493153243","meshCode":"493153243","cityCode":"44208","city":"竹田市","lat":33.10625,"lon":131.428125,"areaKm2":0.2647269,"populated2020":false,"population2020":null,"populationNote":"境界またぎ・収録外等のため自治体内人口は未集計"},"geometry":{"type":"Polygon","coordinates":[[[131.43125,33.105442912160804],[131.4307692740001,33.104757063000086],[131.43077208594335,33.10416666666666],[131.425,33.104166666666664],[131.425,33.108333333333334],[131.43125,33.108333333333334],[131.43125,33.105442912160804]]]}},{"type":"Feature","id":"44208:493153244","properties":{"id":"44208:493153244","meshCode":"493153244","cityCode":"44208","city":"竹田市","lat":33.1067498,"lon":131.4317549,"areaKm2":0.0321816,"populated2020":true,"population2020":null,"populationNote":"境界またぎ・収録外等のため自治体内人口は未集計"},"geometry":{"type":"Polygon","coordinates":[[[131.43335953299993,33.10833333300001],[131.43218011700003,33.1066026040001],[131.43125,33.105442912160804],[131.43125,33.108333333333334],[131.43335953299993,33.10833333300001]]]}},{"type":"Feature","id":"44208:493152301","properties":{"id":"44208:493152301","meshCode":"493152301","cityCode":"44208","city":"竹田市","lat":33.1104167,"lon":131.253125,"areaKm2":0.1578729,"populated2020":false,"population2020":null,"populationNote":"境界またぎ・収録外等のため自治体内人口は未集計"},"geometry":{"type":"Polygon","coordinates":[[[131.25066295700015,33.10833382900006],[131.2515664330001,33.10929020699996],[131.25256865100005,33.110148532000046],[131.25303587500002,33.11074297300007],[131.253623372,33.111264639999995],[131.25372169900007,33.111616585999975],[131.25360250361214,33.1125],[131.25625,33.1125],[131.25625,33.108333333333334],[131.25066295700015,33.10833382900006]]]}},{"type":"Feature","id":"44208:493152302","properties":{"id":"44208:493152302","meshCode":"493152302","cityCode":"44208","city":"竹田市","lat":33.1104167,"lon":131.259375,"areaKm2":0.2695738,"populated2020":false,"population2020":null,"populationNote":"境界またぎ・収録外等のため自治体内人口は未集計"},"geometry":{"type":"Polygon","coordinates":[[[131.25625,33.108333333333334],[131.25625,33.1125],[131.2625,33.1125],[131.2625,33.10833333333333],[131.25625,33.108333333333334]]]}},{"type":"Feature","id":"44208:493152311","properties":{"id":"44208:493152311","meshCode":"493152311","cityCode":"44208","city":"竹田市","lat":33.1104167,"lon":131.265625,"areaKm2":0.2695738,"populated2020":false,"population2020":null,"populationNote":"境界またぎ・収録外等のため自治体内人口は未集計"},"geometry":{"type":"Polygon","coordinates":[[[131.2625,33.10833333333333],[131.2625,33.1125],[131.26875,33.1125],[131.26875,33.108333333333334],[131.2625,33.10833333333333]]]}},{"type":"Feature","id":"44208:493152312","properties":{"id":"44208:493152312","meshCode":"493152312","cityCode":"44208","city":"竹田市","lat":33.1104167,"lon":131.271875,"areaKm2":0.2695738,"populated2020":false,"population2020":null,"populationNote":"境界またぎ・収録外等のため自治体内人口は未集計"},"geometry":{"type":"Polygon","coordinates":[[[131.26875,33.108333333333334],[131.26875,33.1125],[131.275,33.11249999999999],[131.275,33.10833333333333],[131.26875,33.108333333333334]]]}},{"type":"Feature","id":"44208:493152321","properties":{"id":"44208:493152321","meshCode":"493152321","cityCode":"44208","city":"竹田市","lat":33.1104167,"lon":131.278125,"areaKm2":0.2695738,"populated2020":false,"population2020":null,"populationNote":"境界またぎ・収録外等のため自治体内人口は未集計"},"geometry":{"type":"Polygon","coordinates":[[[131.275,33.10833333333333],[131.275,33.11249999999999],[131.28125,33.11249999999999],[131.28125,33.108333333333334],[131.275,33.10833333333333]]]}},{"type":"Feature","id":"44208:493152322","properties":{"id":"44208:493152322","meshCode":"493152322","cityCode":"44208","city":"竹田市","lat":33.1104167,"lon":131.284375,"areaKm2":0.2695738,"populated2020":false,"population2020":null,"populationNote":"境界またぎ・収録外等のため自治体内人口は未集計"},"geometry":{"type":"Polygon","coordinates":[[[131.28125,33.108333333333334],[131.28125,33.11249999999999],[131.2875,33.1125],[131.2875,33.108333333333334],[131.28125,33.108333333333334]]]}},{"type":"Feature","id":"44208:493152331","properties":{"id":"44208:493152331","meshCode":"493152331","cityCode":"44208","city":"竹田市","lat":33.1104167,"lon":131.290625,"areaKm2":0.2695738,"populated2020":false,"population2020":null,"populationNote":"境界またぎ・収録外等のため自治体内人口は未集計"},"geometry":{"type":"Polygon","coordinates":[[[131.2875,33.108333333333334],[131.2875,33.1125],[131.29375,33.1125],[131.29375,33.108333333333334],[131.2875,33.108333333333334]]]}},{"type":"Feature","id":"44208:493152332","properties":{"id":"44208:493152332","meshCode":"493152332","cityCode":"44208","city":"竹田市","lat":33.1104167,"lon":131.296875,"areaKm2":0.2695738,"populated2020":false,"population2020":null,"populationNote":"境界またぎ・収録外等のため自治体内人口は未集計"},"geometry":{"type":"Polygon","coordinates":[[[131.29375,33.108333333333334],[131.29375,33.1125],[131.30000000000004,33.1125],[131.30000000000004,33.108333333333334],[131.29375,33.108333333333334]]]}},{"type":"Feature","id":"44208:493152341","properties":{"id":"44208:493152341","meshCode":"493152341","cityCode":"44208","city":"竹田市","lat":33.1104167,"lon":131.303125,"areaKm2":0.2058604,"populated2020":false,"population2020":null,"populationNote":"境界またぎ・収録外等のため自治体内人口は未集計"},"geometry":{"type":"Polygon","coordinates":[[[131.3023967669761,33.1125],[131.303332672,33.11147538699992],[131.30426543500005,33.11075455000008],[131.30567903999997,33.1100825860001],[131.30625,33.109915486678645],[131.30625,33.108333333333334],[131.30000000000004,33.108333333333334],[131.30000000000004,33.1125],[131.3023967669761,33.1125]]]}},{"type":"Feature","id":"44208:493152342","properties":{"id":"44208:493152342","meshCode":"493152342","cityCode":"44208","city":"竹田市","lat":33.1090919,"lon":131.3070452,"areaKm2":0.0228973,"populated2020":false,"population2020":null,"populationNote":"境界またぎ・収録外等のため自治体内人口は未集計"},"geometry":{"type":"Polygon","coordinates":[[[131.3062532040001,33.109914811000124],[131.3071704150001,33.10965229700009],[131.30763430599995,33.109368964],[131.30823405979368,33.10833333333335],[131.30625,33.108333333333334],[131.3062532040001,33.109914811000124]]]}},{"type":"Feature","id":"44208:493152361","properties":{"id":"44208:493152361","meshCode":"493152361","cityCode":"44208","city":"竹田市","lat":33.1087708,"lon":131.3298742,"areaKm2":0.0264493,"populated2020":false,"population2020":null,"populationNote":"境界またぎ・収録外等のため自治体内人口は未集計"},"geometry":{"type":"Polygon","coordinates":[[[131.32703317800008,33.10834818000013],[131.32745540899998,33.10869179300005],[131.327935123,33.10863151400007],[131.32839261999993,33.10867928800013],[131.32872207499997,33.10897735100002],[131.32927485100004,33.109107901000016],[131.32957984400014,33.10931595500001],[131.33020734100012,33.10909067600005],[131.33125,33.109077422747966],[131.33125,33.10833333333333],[131.32703317800008,33.10834818000013]]]}},{"type":"Feature","id":"44208:493152362","properties":{"id":"44208:493152362","meshCode":"493152362","cityCode":"44208","city":"竹田市","lat":33.1089862,"lon":131.3322582,"areaKm2":0.0178035,"populated2020":false,"population2020":null,"populationNote":"境界またぎ・収録外等のため自治体内人口は未集計"},"geometry":{"type":"Polygon","coordinates":[[[131.33125,33.109077422747966],[131.33231179000006,33.10904789200009],[131.33299705600007,33.109433721000116],[131.33323512300012,33.10964678400006],[131.33335900100008,33.10961178400003],[131.33321036303715,33.108333333333334],[131.33125,33.10833333333333],[131.33125,33.109077422747966]]]}},{"type":"Feature","id":"44208:493152381","properties":{"id":"44208:493152381","meshCode":"493152381","cityCode":"44208","city":"竹田市","lat":33.108825,"lon":131.3560604,"areaKm2":0.005727,"populated2020":false,"population2020":null,"populationNote":"境界またぎ・収録外等のため自治体内人口は未集計"},"geometry":{"type":"Polygon","coordinates":[[[131.35522678305358,33.108333333333334],[131.35535538300007,33.10866225199999],[131.35585010399996,33.108793639999995],[131.3560153830001,33.109134757000106],[131.35625000000002,33.10936907761884],[131.35625000000002,33.10833333333333],[131.35522678305358,33.108333333333334]]]}},{"type":"Feature","id":"44208:493152382","properties":{"id":"44208:493152382","meshCode":"493152382","cityCode":"44208","city":"竹田市","lat":33.1104167,"lon":131.359375,"areaKm2":0.2336151,"populated2020":false,"population2020":null,"populationNote":"境界またぎ・収録外等のため自治体内人口は未集計"},"geometry":{"type":"Polygon","coordinates":[[[131.35625000000002,33.10936907761884],[131.35666010400007,33.10943308100008],[131.35672343700003,33.109904748000126],[131.35682705600004,33.110048640000116],[131.35746233500004,33.110349747999976],[131.3578659530001,33.11066308100004],[131.35805622600014,33.11136391000002],[131.35663673771532,33.11249999999999],[131.3625,33.112500000000004],[131.3625,33.108333333333334],[131.35625000000002,33.10833333333333],[131.35625000000002,33.10936907761884]]]}},{"type":"Feature","id":"44208:493152391","properties":{"id":"44208:493152391","meshCode":"493152391","cityCode":"44208","city":"竹田市","lat":33.1104167,"lon":131.365625,"areaKm2":0.2695738,"populated2020":false,"population2020":null,"populationNote":"境界またぎ・収録外等のため自治体内人口は未集計"},"geometry":{"type":"Polygon","coordinates":[[[131.3625,33.108333333333334],[131.3625,33.112500000000004],[131.36875,33.11249999999999],[131.36875,33.10833333333333],[131.3625,33.108333333333334]]]}},{"type":"Feature","id":"44208:493152392","properties":{"id":"44208:493152392","meshCode":"493152392","cityCode":"44208","city":"竹田市","lat":33.1104167,"lon":131.371875,"areaKm2":0.2695738,"populated2020":false,"population2020":null,"populationNote":"境界またぎ・収録外等のため自治体内人口は未集計"},"geometry":{"type":"Polygon","coordinates":[[[131.36875,33.10833333333333],[131.36875,33.11249999999999],[131.375,33.1125],[131.375,33.10833333333334],[131.36875,33.10833333333333]]]}},{"type":"Feature","id":"44208:493153301","properties":{"id":"44208:493153301","meshCode":"493153301","cityCode":"44208","city":"竹田市","lat":33.1104167,"lon":131.378125,"areaKm2":0.2695738,"populated2020":false,"population2020":null,"populationNote":"境界またぎ・収録外等のため自治体内人口は未集計"},"geometry":{"type":"Polygon","coordinates":[[[131.375,33.10833333333334],[131.375,33.1125],[131.38125,33.1125],[131.38125,33.108333333333334],[131.375,33.10833333333334]]]}},{"type":"Feature","id":"44208:493153302","properties":{"id":"44208:493153302","meshCode":"493153302","cityCode":"44208","city":"竹田市","lat":33.1104167,"lon":131.384375,"areaKm2":0.2695738,"populated2020":true,"population2020":10.9975,"populationNote":"2020年基準人口（国交省調整値）"},"geometry":{"type":"Polygon","coordinates":[[[131.38125,33.108333333333334],[131.38125,33.1125],[131.3875,33.11249999999999],[131.3875,33.108333333333334],[131.38125,33.108333333333334]]]}},{"type":"Feature","id":"44208:493153311","properties":{"id":"44208:493153311","meshCode":"493153311","cityCode":"44208","city":"竹田市","lat":33.1104167,"lon":131.390625,"areaKm2":0.2695738,"populated2020":true,"population2020":16.0234,"populationNote":"2020年基準人口（国交省調整値）"},"geometry":{"type":"Polygon","coordinates":[[[131.3875,33.108333333333334],[131.3875,33.11249999999999],[131.39375,33.1125],[131.39375,33.108333333333334],[131.3875,33.108333333333334]]]}},{"type":"Feature","id":"44208:493153312","properties":{"id":"44208:493153312","meshCode":"493153312","cityCode":"44208","city":"竹田市","lat":33.1104167,"lon":131.396875,"areaKm2":0.2695738,"populated2020":true,"population2020":27.0826,"populationNote":"2020年基準人口（国交省調整値）"},"geometry":{"type":"Polygon","coordinates":[[[131.39375,33.108333333333334],[131.39375,33.1125],[131.4,33.1125],[131.4,33.108333333333334],[131.39375,33.108333333333334]]]}},{"type":"Feature","id":"44208:493153321","properties":{"id":"44208:493153321","meshCode":"493153321","cityCode":"44208","city":"竹田市","lat":33.1104167,"lon":131.403125,"areaKm2":0.2695738,"populated2020":false,"population2020":null,"populationNote":"境界またぎ・収録外等のため自治体内人口は未集計"},"geometry":{"type":"Polygon","coordinates":[[[131.4,33.108333333333334],[131.4,33.1125],[131.40625,33.11249999999999],[131.40625,33.108333333333334],[131.4,33.108333333333334]]]}},{"type":"Feature","id":"44208:493153322","properties":{"id":"44208:493153322","meshCode":"493153322","cityCode":"44208","city":"竹田市","lat":33.1104167,"lon":131.409375,"areaKm2":0.2695738,"populated2020":true,"population2020":2.0033,"populationNote":"2020年基準人口（国交省調整値）"},"geometry":{"type":"Polygon","coordinates":[[[131.40625,33.108333333333334],[131.40625,33.11249999999999],[131.4125,33.1125],[131.4125,33.108333333333334],[131.40625,33.108333333333334]]]}},{"type":"Feature","id":"44208:493153331","properties":{"id":"44208:493153331","meshCode":"493153331","cityCode":"44208","city":"竹田市","lat":33.1104167,"lon":131.415625,"areaKm2":0.2695738,"populated2020":false,"population2020":null,"populationNote":"境界またぎ・収録外等のため自治体内人口は未集計"},"geometry":{"type":"Polygon","coordinates":[[[131.4125,33.108333333333334],[131.4125,33.1125],[131.41875,33.1125],[131.41875,33.108333333333334],[131.4125,33.108333333333334]]]}},{"type":"Feature","id":"44208:493153332","properties":{"id":"44208:493153332","meshCode":"493153332","cityCode":"44208","city":"竹田市","lat":33.1104167,"lon":131.421875,"areaKm2":0.2695738,"populated2020":false,"population2020":null,"populationNote":"境界またぎ・収録外等のため自治体内人口は未集計"},"geometry":{"type":"Polygon","coordinates":[[[131.41875,33.108333333333334],[131.41875,33.1125],[131.425,33.11249999999999],[131.425,33.108333333333334],[131.41875,33.108333333333334]]]}},{"type":"Feature","id":"44208:493153341","properties":{"id":"44208:493153341","meshCode":"493153341","cityCode":"44208","city":"竹田市","lat":33.1104167,"lon":131.428125,"areaKm2":0.2689491,"populated2020":true,"population2020":null,"populationNote":"境界またぎ・収録外等のため自治体内人口は未集計"},"geometry":{"type":"Polygon","coordinates":[[[131.43120793799994,33.111966468],[131.43125,33.108333333333334],[131.425,33.108333333333334],[131.425,33.11249999999999],[131.43107479096037,33.11249999999999],[131.43120793799994,33.111966468]]]}},{"type":"Feature","id":"44208:493153342","properties":{"id":"44208:493153342","meshCode":"493153342","cityCode":"44208","city":"竹田市","lat":33.1102169,"lon":131.4323143,"areaKm2":0.0697667,"populated2020":false,"population2020":null,"populationNote":"境界またぎ・収録外等のため自治体内人口は未集計"},"geometry":{"type":"Polygon","coordinates":[[[131.43125,33.11185386913647],[131.43142516199998,33.111580640000064],[131.43161988300005,33.111512865],[131.43232404700018,33.111516198000054],[131.43279042799998,33.11136564000003],[131.43289514900005,33.111248423],[131.433257367,33.11055675699999],[131.43369097300013,33.10937787400002],[131.43364735399996,33.10882537799994],[131.43335953325192,33.108333333333334],[131.43125,33.108333333333334],[131.43125,33.11185386913647]]]}},{"type":"Feature","id":"44208:493152303","properties":{"id":"44208:493152303","meshCode":"493152303","cityCode":"44208","city":"竹田市","lat":33.114349,"lon":131.2548859,"areaKm2":0.1183557,"populated2020":false,"population2020":null,"populationNote":"境界またぎ・収録外等のため自治体内人口は未集計"},"geometry":{"type":"Polygon","coordinates":[[[131.25360250361214,33.1125],[131.25339802901476,33.116666666666674],[131.25625,33.11666666666667],[131.25625,33.1125],[131.25360250361214,33.1125]]]}},{"type":"Feature","id":"44208:493152304","properties":{"id":"44208:493152304","meshCode":"493152304","cityCode":"44208","city":"竹田市","lat":33.1145833,"lon":131.259375,"areaKm2":0.2695612,"populated2020":false,"population2020":null,"populationNote":"境界またぎ・収録外等のため自治体内人口は未集計"},"geometry":{"type":"Polygon","coordinates":[[[131.25625,33.1125],[131.25625,33.11666666666667],[131.2625,33.116666666666674],[131.2625,33.1125],[131.25625,33.1125]]]}},{"type":"Feature","id":"44208:493152313","properties":{"id":"44208:493152313","meshCode":"493152313","cityCode":"44208","city":"竹田市","lat":33.1145833,"lon":131.265625,"areaKm2":0.2695612,"populated2020":false,"population2020":null,"populationNote":"境界またぎ・収録外等のため自治体内人口は未集計"},"geometry":{"type":"Polygon","coordinates":[[[131.2625,33.1125],[131.2625,33.116666666666674],[131.26875,33.11666666666667],[131.26875,33.1125],[131.2625,33.1125]]]}},{"type":"Feature","id":"44208:493152314","properties":{"id":"44208:493152314","meshCode":"493152314","cityCode":"44208","city":"竹田市","lat":33.1145833,"lon":131.271875,"areaKm2":0.2695612,"populated2020":false,"population2020":null,"populationNote":"境界またぎ・収録外等のため自治体内人口は未集計"},"geometry":{"type":"Polygon","coordinates":[[[131.26875,33.1125],[131.26875,33.11666666666667],[131.275,33.11666666666667],[131.275,33.11249999999999],[131.26875,33.1125]]]}},{"type":"Feature","id":"44208:493152323","properties":{"id":"44208:493152323","meshCode":"493152323","cityCode":"44208","city":"竹田市","lat":33.1145833,"lon":131.278125,"areaKm2":0.2695612,"populated2020":false,"population2020":null,"populationNote":"境界またぎ・収録外等のため自治体内人口は未集計"},"geometry":{"type":"Polygon","coordinates":[[[131.275,33.11249999999999],[131.275,33.11666666666667],[131.28125,33.11666666666667],[131.28125,33.11249999999999],[131.275,33.11249999999999]]]}},{"type":"Feature","id":"44208:493152324","properties":{"id":"44208:493152324","meshCode":"493152324","cityCode":"44208","city":"竹田市","lat":33.1145833,"lon":131.284375,"areaKm2":0.2695612,"populated2020":false,"population2020":null,"populationNote":"境界またぎ・収録外等のため自治体内人口は未集計"},"geometry":{"type":"Polygon","coordinates":[[[131.28125,33.11249999999999],[131.28125,33.11666666666667],[131.2875,33.116666666666674],[131.2875,33.1125],[131.28125,33.11249999999999]]]}},{"type":"Feature","id":"44208:493152333","properties":{"id":"44208:493152333","meshCode":"493152333","cityCode":"44208","city":"竹田市","lat":33.1145833,"lon":131.290625,"areaKm2":0.2695612,"populated2020":false,"population2020":null,"populationNote":"境界またぎ・収録外等のため自治体内人口は未集計"},"geometry":{"type":"Polygon","coordinates":[[[131.2875,33.1125],[131.2875,33.116666666666674],[131.29375,33.116666666666674],[131.29375,33.1125],[131.2875,33.1125]]]}},{"type":"Feature","id":"44208:493152334","properties":{"id":"44208:493152334","meshCode":"493152334","cityCode":"44208","city":"竹田市","lat":33.1145833,"lon":131.296875,"areaKm2":0.218418,"populated2020":false,"population2020":null,"populationNote":"境界またぎ・収録外等のため自治体内人口は未集計"},"geometry":{"type":"Polygon","coordinates":[[[131.296487990484,33.11666666666667],[131.29772856,33.1156257300001],[131.30000000000004,33.11390802699999],[131.30000000000004,33.1125],[131.29375,33.1125],[131.29375,33.116666666666674],[131.296487990484,33.11666666666667]]]}},{"type":"Feature","id":"44208:493152343","properties":{"id":"44208:493152343","meshCode":"493152343","cityCode":"44208","city":"竹田市","lat":33.1131914,"lon":131.3008443,"areaKm2":0.021507,"populated2020":false,"population2020":null,"populationNote":"境界またぎ・収録外等のため自治体内人口は未集計"},"geometry":{"type":"Polygon","coordinates":[[[131.30000000000004,33.11390802699999],[131.30154018200005,33.11330124300002],[131.3023967669761,33.1125],[131.30000000000004,33.1125],[131.30000000000004,33.11390802699999]]]}},{"type":"Feature","id":"44208:493152383","properties":{"id":"44208:493152383","meshCode":"493152383","cityCode":"44208","city":"竹田市","lat":33.1147324,"lon":131.3549286,"areaKm2":0.1009355,"populated2020":false,"population2020":null,"populationNote":"境界またぎ・収録外等のため自治体内人口は未集計"},"geometry":{"type":"Polygon","coordinates":[[[131.35625000000002,33.11280287377938],[131.35583040200015,33.11314558600002],[131.35485569399998,33.11354364000011],[131.3542204150001,33.113980027000075],[131.3530832040001,33.11533919799995],[131.3517818421244,33.11666666666667],[131.35625000000002,33.116666666666674],[131.35625000000002,33.11280287377938]]]}},{"type":"Feature","id":"44208:493152384","properties":{"id":"44208:493152384","meshCode":"493152384","cityCode":"44208","city":"竹田市","lat":33.1145833,"lon":131.359375,"areaKm2":0.2689554,"populated2020":false,"population2020":null,"populationNote":"境界またぎ・収録外等のため自治体内人口は未集計"},"geometry":{"type":"Polygon","coordinates":[[[131.35663673771532,33.11249999999999],[131.35625000000002,33.11280287377938],[131.35625000000002,33.116666666666674],[131.3625,33.116666666666674],[131.3625,33.112500000000004],[131.35663673771532,33.11249999999999]]]}},{"type":"Feature","id":"44208:493152393","properties":{"id":"44208:493152393","meshCode":"493152393","cityCode":"44208","city":"竹田市","lat":33.1145833,"lon":131.365625,"areaKm2":0.2695612,"populated2020":false,"population2020":null,"populationNote":"境界またぎ・収録外等のため自治体内人口は未集計"},"geometry":{"type":"Polygon","coordinates":[[[131.3625,33.112500000000004],[131.3625,33.116666666666674],[131.36875,33.11666666666667],[131.36875,33.11249999999999],[131.3625,33.112500000000004]]]}},{"type":"Feature","id":"44208:493152394","properties":{"id":"44208:493152394","meshCode":"493152394","cityCode":"44208","city":"竹田市","lat":33.1145833,"lon":131.371875,"areaKm2":0.2695612,"populated2020":false,"population2020":null,"populationNote":"境界またぎ・収録外等のため自治体内人口は未集計"},"geometry":{"type":"Polygon","coordinates":[[[131.36875,33.11249999999999],[131.36875,33.11666666666667],[131.375,33.11666666666667],[131.375,33.1125],[131.36875,33.11249999999999]]]}},{"type":"Feature","id":"44208:493153303","properties":{"id":"44208:493153303","meshCode":"493153303","cityCode":"44208","city":"竹田市","lat":33.1145833,"lon":131.378125,"areaKm2":0.2695612,"populated2020":false,"population2020":null,"populationNote":"境界またぎ・収録外等のため自治体内人口は未集計"},"geometry":{"type":"Polygon","coordinates":[[[131.375,33.1125],[131.375,33.11666666666667],[131.38125,33.11666666666667],[131.38125,33.1125],[131.375,33.1125]]]}},{"type":"Feature","id":"44208:493153304","properties":{"id":"44208:493153304","meshCode":"493153304","cityCode":"44208","city":"竹田市","lat":33.1145833,"lon":131.384375,"areaKm2":0.2695612,"populated2020":true,"population2020":15.0041,"populationNote":"2020年基準人口（国交省調整値）"},"geometry":{"type":"Polygon","coordinates":[[[131.38125,33.1125],[131.38125,33.11666666666667],[131.3875,33.11666666666667],[131.3875,33.11249999999999],[131.38125,33.1125]]]}},{"type":"Feature","id":"44208:493153313","properties":{"id":"44208:493153313","meshCode":"493153313","cityCode":"44208","city":"竹田市","lat":33.1145833,"lon":131.390625,"areaKm2":0.2695612,"populated2020":true,"population2020":16.0187,"populationNote":"2020年基準人口（国交省調整値）"},"geometry":{"type":"Polygon","coordinates":[[[131.3875,33.11249999999999],[131.3875,33.11666666666667],[131.39375,33.11666666666667],[131.39375,33.1125],[131.3875,33.11249999999999]]]}},{"type":"Feature","id":"44208:493153314","properties":{"id":"44208:493153314","meshCode":"493153314","cityCode":"44208","city":"竹田市","lat":33.1145833,"lon":131.396875,"areaKm2":0.2695612,"populated2020":false,"population2020":null,"populationNote":"境界またぎ・収録外等のため自治体内人口は未集計"},"geometry":{"type":"Polygon","coordinates":[[[131.39375,33.1125],[131.39375,33.11666666666667],[131.4,33.11666666666667],[131.4,33.1125],[131.39375,33.1125]]]}},{"type":"Feature","id":"44208:493153323","properties":{"id":"44208:493153323","meshCode":"493153323","cityCode":"44208","city":"竹田市","lat":33.1145833,"lon":131.403125,"areaKm2":0.2695612,"populated2020":false,"population2020":null,"populationNote":"境界またぎ・収録外等のため自治体内人口は未集計"},"geometry":{"type":"Polygon","coordinates":[[[131.4,33.1125],[131.4,33.11666666666667],[131.40625,33.11666666666667],[131.40625,33.11249999999999],[131.4,33.1125]]]}},{"type":"Feature","id":"44208:493153324","properties":{"id":"44208:493153324","meshCode":"493153324","cityCode":"44208","city":"竹田市","lat":33.1145833,"lon":131.409375,"areaKm2":0.2695612,"populated2020":true,"population2020":8.9867,"populationNote":"2020年基準人口（国交省調整値）"},"geometry":{"type":"Polygon","coordinates":[[[131.40625,33.11249999999999],[131.40625,33.11666666666667],[131.4125,33.11666666666667],[131.4125,33.1125],[131.40625,33.11249999999999]]]}},{"type":"Feature","id":"44208:493153333","properties":{"id":"44208:493153333","meshCode":"493153333","cityCode":"44208","city":"竹田市","lat":33.1145833,"lon":131.415625,"areaKm2":0.2695612,"populated2020":true,"population2020":8.9956,"populationNote":"2020年基準人口（国交省調整値）"},"geometry":{"type":"Polygon","coordinates":[[[131.4125,33.1125],[131.4125,33.11666666666667],[131.41875,33.11666666666667],[131.41875,33.1125],[131.4125,33.1125]]]}},{"type":"Feature","id":"44208:493153334","properties":{"id":"44208:493153334","meshCode":"493153334","cityCode":"44208","city":"竹田市","lat":33.1145833,"lon":131.421875,"areaKm2":0.2695612,"populated2020":true,"population2020":2.0029,"populationNote":"2020年基準人口（国交省調整値）"},"geometry":{"type":"Polygon","coordinates":[[[131.41875,33.1125],[131.41875,33.11666666666667],[131.425,33.11666666666667],[131.425,33.11249999999999],[131.41875,33.1125]]]}},{"type":"Feature","id":"44208:493153343","properties":{"id":"44208:493153343","meshCode":"493153343","cityCode":"44208","city":"竹田市","lat":33.1145833,"lon":131.428125,"areaKm2":0.2657721,"populated2020":true,"population2020":null,"populationNote":"境界またぎ・収録外等のため自治体内人口は未集計"},"geometry":{"type":"Polygon","coordinates":[[[131.43120739300002,33.11399979300012],[131.4308476650001,33.113295631000085],[131.43102988300006,33.11292035100013],[131.43107479096037,33.11249999999999],[131.425,33.11249999999999],[131.425,33.11666666666667],[131.43125,33.11666666666667],[131.43120739300002,33.11399979300012]]]}},{"type":"Feature","id":"44208:493153344","properties":{"id":"44208:493153344","meshCode":"493153344","cityCode":"44208","city":"竹田市","lat":33.1154927,"lon":131.431495,"areaKm2":0.0115806,"populated2020":true,"population2020":null,"populationNote":"境界またぎ・収録外等のため自治体内人口は未集計"},"geometry":{"type":"Polygon","coordinates":[[[131.43202107699994,33.11666617100008],[131.4318301820001,33.11578172999997],[131.43125,33.11408323952324],[131.43125,33.11666666666667],[131.43202107699994,33.11666617100008]]]}},{"type":"Feature","id":"44208:493152401","properties":{"id":"44208:493152401","meshCode":"493152401","cityCode":"44208","city":"竹田市","lat":33.1185244,"lon":131.2547955,"areaKm2":0.1266223,"populated2020":false,"population2020":null,"populationNote":"境界またぎ・収録外等のため自治体内人口は未集計"},"geometry":{"type":"Polygon","coordinates":[[[131.25339802899998,33.11666666700012],[131.25332476000005,33.119051874000036],[131.25317217098035,33.12083333333333],[131.25625,33.12083333333333],[131.25625,33.11666666666667],[131.25339802899998,33.11666666700012]]]}},{"type":"Feature","id":"44208:493152402","properties":{"id":"44208:493152402","meshCode":"493152402","cityCode":"44208","city":"竹田市","lat":33.11875,"lon":131.259375,"areaKm2":0.2695487,"populated2020":false,"population2020":null,"populationNote":"境界またぎ・収録外等のため自治体内人口は未集計"},"geometry":{"type":"Polygon","coordinates":[[[131.25625,33.11666666666667],[131.25625,33.12083333333333],[131.2625,33.12083333333334],[131.2625,33.116666666666674],[131.25625,33.11666666666667]]]}},{"type":"Feature","id":"44208:493152411","properties":{"id":"44208:493152411","meshCode":"493152411","cityCode":"44208","city":"竹田市","lat":33.11875,"lon":131.265625,"areaKm2":0.2695487,"populated2020":false,"population2020":null,"populationNote":"境界またぎ・収録外等のため自治体内人口は未集計"},"geometry":{"type":"Polygon","coordinates":[[[131.2625,33.116666666666674],[131.2625,33.12083333333334],[131.26875,33.12083333333332],[131.26875,33.11666666666667],[131.2625,33.116666666666674]]]}},{"type":"Feature","id":"44208:493152412","properties":{"id":"44208:493152412","meshCode":"493152412","cityCode":"44208","city":"竹田市","lat":33.11875,"lon":131.271875,"areaKm2":0.2695487,"populated2020":false,"population2020":null,"populationNote":"境界またぎ・収録外等のため自治体内人口は未集計"},"geometry":{"type":"Polygon","coordinates":[[[131.26875,33.11666666666667],[131.26875,33.12083333333332],[131.275,33.12083333333333],[131.275,33.11666666666667],[131.26875,33.11666666666667]]]}},{"type":"Feature","id":"44208:493152421","properties":{"id":"44208:493152421","meshCode":"493152421","cityCode":"44208","city":"竹田市","lat":33.11875,"lon":131.278125,"areaKm2":0.204085,"populated2020":false,"population2020":null,"populationNote":"境界またぎ・収録外等のため自治体内人口は未集計"},"geometry":{"type":"Polygon","coordinates":[[[131.27677337199998,33.1206806310001],[131.276881141,33.12055784700004],[131.27812197100013,33.12002173000002],[131.27883335900003,33.1195981080001],[131.27911919600012,33.11964338700005],[131.27969918300005,33.11922060400013],[131.28050556400012,33.11815114400013],[131.28092779500014,33.118048359999996],[131.28125,33.11815161544555],[131.28125,33.11666666666667],[131.275,33.11666666666667],[131.275,33.12083333333333],[131.2768334750293,33.12083333333333],[131.27677337199998,33.1206806310001]]]}},{"type":"Feature","id":"44208:493152422","properties":{"id":"44208:493152422","meshCode":"493152422","cityCode":"44208","city":"竹田市","lat":33.11875,"lon":131.284375,"areaKm2":0.1549682,"populated2020":false,"population2020":null,"populationNote":"境界またぎ・収録外等のため自治体内人口は未集計"},"geometry":{"type":"Polygon","coordinates":[[[131.28125,33.11815161544555],[131.28204529200013,33.11872280199997],[131.28223889800017,33.118777802000125],[131.28381945499996,33.11907862200014],[131.28477749700016,33.1189036130001],[131.28588,33.11910666700004],[131.28666027200006,33.11967500000001],[131.2875,33.120149403967964],[131.2875,33.116666666666674],[131.28125,33.11666666666667],[131.28125,33.11815161544555]]]}},{"type":"Feature","id":"44208:493152431","properties":{"id":"44208:493152431","meshCode":"493152431","cityCode":"44208","city":"竹田市","lat":33.11875,"lon":131.290625,"areaKm2":0.2370904,"populated2020":false,"population2020":null,"populationNote":"境界またぎ・収録外等のため自治体内人口は未集計"},"geometry":{"type":"Polygon","coordinates":[[[131.28755083,33.12017860399999],[131.28861527899994,33.120238874],[131.28894249000007,33.1204419280001],[131.28967832700016,33.12066748600011],[131.29063951128018,33.12083333333333],[131.2914362175053,33.12083333333333],[131.2917855380001,33.12066163999998],[131.29375,33.11898660551636],[131.29375,33.116666666666674],[131.2875,33.116666666666674],[131.28755083,33.12017860399999]]]}},{"type":"Feature","id":"44208:493152432","properties":{"id":"44208:493152432","meshCode":"493152432","cityCode":"44208","city":"竹田市","lat":33.1180535,"lon":131.2942798,"areaKm2":0.0319358,"populated2020":false,"population2020":null,"populationNote":"境界またぎ・収録外等のため自治体内人口は未集計"},"geometry":{"type":"Polygon","coordinates":[[[131.29375,33.11898660551636],[131.29549357999997,33.11745520699998],[131.296487990484,33.11666666666667],[131.29375,33.116666666666674],[131.29375,33.11898660551636]]]}},{"type":"Feature","id":"44208:493152481","properties":{"id":"44208:493152481","meshCode":"493152481","cityCode":"44208","city":"竹田市","lat":33.11875,"lon":131.353125,"areaKm2":0.1026245,"populated2020":false,"population2020":null,"populationNote":"境界またぎ・収録外等のため自治体内人口は未集計"},"geometry":{"type":"Polygon","coordinates":[[[131.35178184200004,33.116666667000125],[131.35184626499995,33.116921982],[131.35226570700002,33.117463648999994],[131.35276071299995,33.118353378],[131.35311015599996,33.1190806040001],[131.35317348900014,33.11944171200014],[131.35385320399996,33.11956199100007],[131.3550223740001,33.11944670300011],[131.35557514900006,33.11917087400014],[131.35576570700005,33.1188197570001],[131.35588653700006,33.11874947700001],[131.35625000000002,33.11876705509814],[131.35625000000002,33.116666666666674],[131.35178184200004,33.116666667000125]]]}},{"type":"Feature","id":"44208:493152482","properties":{"id":"44208:493152482","meshCode":"493152482","cityCode":"44208","city":"竹田市","lat":33.11875,"lon":131.359375,"areaKm2":0.1868457,"populated2020":false,"population2020":null,"populationNote":"境界またぎ・収録外等のため自治体内人口は未集計"},"geometry":{"type":"Polygon","coordinates":[[[131.35625000000002,33.11876705509814],[131.35703127099998,33.11900530600007],[131.35775570700002,33.11904530600003],[131.35805431900008,33.11920585600001],[131.35876599200003,33.119035296999975],[131.359204319,33.11909557700001],[131.35952821,33.11922085599997],[131.36004293099995,33.119577243000094],[131.36075431899997,33.119772793000095],[131.36117376100003,33.120168910000075],[131.3616823460399,33.12083333333333],[131.3625,33.12083333333333],[131.3625,33.116666666666674],[131.35625000000002,33.116666666666674],[131.35625000000002,33.11876705509814]]]}},{"type":"Feature","id":"44208:493152491","properties":{"id":"44208:493152491","meshCode":"493152491","cityCode":"44208","city":"竹田市","lat":33.11875,"lon":131.365625,"areaKm2":0.2695487,"populated2020":false,"population2020":null,"populationNote":"境界またぎ・収録外等のため自治体内人口は未集計"},"geometry":{"type":"Polygon","coordinates":[[[131.3625,33.116666666666674],[131.3625,33.12083333333333],[131.36875,33.12083333333333],[131.36875,33.11666666666667],[131.3625,33.116666666666674]]]}},{"type":"Feature","id":"44208:493152492","properties":{"id":"44208:493152492","meshCode":"493152492","cityCode":"44208","city":"竹田市","lat":33.11875,"lon":131.371875,"areaKm2":0.2695487,"populated2020":false,"population2020":null,"populationNote":"境界またぎ・収録外等のため自治体内人口は未集計"},"geometry":{"type":"Polygon","coordinates":[[[131.36875,33.11666666666667],[131.36875,33.12083333333333],[131.375,33.12083333333333],[131.375,33.11666666666667],[131.36875,33.11666666666667]]]}},{"type":"Feature","id":"44208:493153401","properties":{"id":"44208:493153401","meshCode":"493153401","cityCode":"44208","city":"竹田市","lat":33.11875,"lon":131.378125,"areaKm2":0.2695487,"populated2020":false,"population2020":null,"populationNote":"境界またぎ・収録外等のため自治体内人口は未集計"},"geometry":{"type":"Polygon","coordinates":[[[131.375,33.11666666666667],[131.375,33.12083333333333],[131.38125,33.12083333333334],[131.38125,33.11666666666667],[131.375,33.11666666666667]]]}},{"type":"Feature","id":"44208:493153402","properties":{"id":"44208:493153402","meshCode":"493153402","cityCode":"44208","city":"竹田市","lat":33.11875,"lon":131.384375,"areaKm2":0.2695487,"populated2020":true,"population2020":10.0253,"populationNote":"2020年基準人口（国交省調整値）"},"geometry":{"type":"Polygon","coordinates":[[[131.38125,33.11666666666667],[131.38125,33.12083333333334],[131.3875,33.12083333333334],[131.3875,33.11666666666667],[131.38125,33.11666666666667]]]}},{"type":"Feature","id":"44208:493153411","properties":{"id":"44208:493153411","meshCode":"493153411","cityCode":"44208","city":"竹田市","lat":33.11875,"lon":131.390625,"areaKm2":0.2695487,"populated2020":false,"population2020":null,"populationNote":"境界またぎ・収録外等のため自治体内人口は未集計"},"geometry":{"type":"Polygon","coordinates":[[[131.3875,33.11666666666667],[131.3875,33.12083333333334],[131.39375,33.12083333333333],[131.39375,33.11666666666667],[131.3875,33.11666666666667]]]}},{"type":"Feature","id":"44208:493153412","properties":{"id":"44208:493153412","meshCode":"493153412","cityCode":"44208","city":"竹田市","lat":33.11875,"lon":131.396875,"areaKm2":0.2695487,"populated2020":true,"population2020":6.0065,"populationNote":"2020年基準人口（国交省調整値）"},"geometry":{"type":"Polygon","coordinates":[[[131.39375,33.11666666666667],[131.39375,33.12083333333333],[131.4,33.12083333333333],[131.4,33.11666666666667],[131.39375,33.11666666666667]]]}},{"type":"Feature","id":"44208:493153421","properties":{"id":"44208:493153421","meshCode":"493153421","cityCode":"44208","city":"竹田市","lat":33.11875,"lon":131.403125,"areaKm2":0.2695487,"populated2020":true,"population2020":16.0411,"populationNote":"2020年基準人口（国交省調整値）"},"geometry":{"type":"Polygon","coordinates":[[[131.4,33.11666666666667],[131.4,33.12083333333333],[131.40625,33.12083333333334],[131.40625,33.11666666666667],[131.4,33.11666666666667]]]}},{"type":"Feature","id":"44208:493153422","properties":{"id":"44208:493153422","meshCode":"493153422","cityCode":"44208","city":"竹田市","lat":33.11875,"lon":131.409375,"areaKm2":0.2695487,"populated2020":true,"population2020":10.014,"populationNote":"2020年基準人口（国交省調整値）"},"geometry":{"type":"Polygon","coordinates":[[[131.40625,33.11666666666667],[131.40625,33.12083333333334],[131.4125,33.12083333333333],[131.4125,33.11666666666667],[131.40625,33.11666666666667]]]}},{"type":"Feature","id":"44208:493153431","properties":{"id":"44208:493153431","meshCode":"493153431","cityCode":"44208","city":"竹田市","lat":33.11875,"lon":131.415625,"areaKm2":0.2695487,"populated2020":true,"population2020":7.0065,"populationNote":"2020年基準人口（国交省調整値）"},"geometry":{"type":"Polygon","coordinates":[[[131.4125,33.11666666666667],[131.4125,33.12083333333333],[131.41875,33.12083333333333],[131.41875,33.11666666666667],[131.4125,33.11666666666667]]]}},{"type":"Feature","id":"44208:493153432","properties":{"id":"44208:493153432","meshCode":"493153432","cityCode":"44208","city":"竹田市","lat":33.11875,"lon":131.421875,"areaKm2":0.2695487,"populated2020":false,"population2020":null,"populationNote":"境界またぎ・収録外等のため自治体内人口は未集計"},"geometry":{"type":"Polygon","coordinates":[[[131.41875,33.11666666666667],[131.41875,33.12083333333333],[131.425,33.12083333333333],[131.425,33.11666666666667],[131.41875,33.11666666666667]]]}},{"type":"Feature","id":"44208:493153441","properties":{"id":"44208:493153441","meshCode":"493153441","cityCode":"44208","city":"竹田市","lat":33.11875,"lon":131.428125,"areaKm2":0.2695487,"populated2020":false,"population2020":null,"populationNote":"境界またぎ・収録外等のため自治体内人口は未集計"},"geometry":{"type":"Polygon","coordinates":[[[131.425,33.11666666666667],[131.425,33.12083333333333],[131.43125,33.12083333333333],[131.43125,33.11666666666667],[131.425,33.11666666666667]]]}},{"type":"Feature","id":"44208:493153442","properties":{"id":"44208:493153442","meshCode":"493153442","cityCode":"44208","city":"竹田市","lat":33.1188434,"lon":131.4327368,"areaKm2":0.1053765,"populated2020":true,"population2020":null,"populationNote":"境界またぎ・収録外等のため自治体内人口は未集計"},"geometry":{"type":"Polygon","coordinates":[[[131.43334098591615,33.12083333333334],[131.43398354099998,33.119929495000065],[131.4347527110001,33.11955755000014],[131.4342863160001,33.119030333000126],[131.433813256,33.11795394599995],[131.43354102500018,33.11762311700005],[131.43307797700004,33.117370613000105],[131.43243102500003,33.11723339600002],[131.43202136180852,33.11666666666667],[131.43125,33.11666666666667],[131.43125,33.12083333333333],[131.43334098591615,33.12083333333334]]]}},{"type":"Feature","id":"44208:493152403","properties":{"id":"44208:493152403","meshCode":"493152403","cityCode":"44208","city":"竹田市","lat":33.1218131,"lon":131.2547025,"areaKm2":0.0505935,"populated2020":false,"population2020":null,"populationNote":"境界またぎ・収録外等のため自治体内人口は未集計"},"geometry":{"type":"Polygon","coordinates":[[[131.25317217098035,33.12083333333333],[131.25312169899996,33.12168521599994],[131.25326420199997,33.12201493699995],[131.25557225700004,33.12262409000004],[131.25625,33.12293236471243],[131.25625,33.12083333333333],[131.25317217098035,33.12083333333333]]]}},{"type":"Feature","id":"44208:493152404","properties":{"id":"44208:493152404","meshCode":"493152404","cityCode":"44208","city":"竹田市","lat":33.1229167,"lon":131.259375,"areaKm2":0.1903911,"populated2020":false,"population2020":null,"populationNote":"境界またぎ・収録外等のため自治体内人口は未集計"},"geometry":{"type":"Polygon","coordinates":[[[131.25625,33.12293236471243],[131.2570847600001,33.12323797300007],[131.25785725000003,33.123271306000106],[131.25804780800001,33.12308324300011],[131.25853058400014,33.12316352299996],[131.25869281500002,33.12325129700014],[131.25881670600006,33.1235146310001],[131.25923281500013,33.12372796400007],[131.25943169900006,33.12374768500001],[131.25985697800013,33.123614622000105],[131.25996836600007,33.123732405000005],[131.25970780800003,33.123852964000086],[131.2601494810001,33.124046018000065],[131.2602447600001,33.12431435100002],[131.26051780800015,33.12432184700009],[131.26112670600003,33.124602396000114],[131.26138726299996,33.12445711700008],[131.261943087,33.124429341999985],[131.26208948099998,33.12459739600008],[131.2625,33.12455911050191],[131.2625,33.12083333333334],[131.25625,33.12083333333333],[131.25625,33.12293236471243]]]}},{"type":"Feature","id":"44208:493152413","properties":{"id":"44208:493152413","meshCode":"493152413","cityCode":"44208","city":"竹田市","lat":33.1229167,"lon":131.265625,"areaKm2":0.2285775,"populated2020":false,"population2020":null,"populationNote":"境界またぎ・収録外等のため自治体内人口は未集計"},"geometry":{"type":"Polygon","coordinates":[[[131.2625,33.12455911050191],[131.26378086900002,33.12441905400004],[131.264104202,33.12383293699992],[131.26492753600007,33.12360932400003],[131.26569614800007,33.123739874000144],[131.26612059700017,33.12413542300009],[131.26636504499993,33.124235703000075],[131.2667844880001,33.12469987399998],[131.26724237400015,33.125],[131.26875,33.125],[131.26875,33.12083333333332],[131.2625,33.12083333333334],[131.2625,33.12455911050191]]]}},{"type":"Feature","id":"44208:493152414","properties":{"id":"44208:493152414","meshCode":"493152414","cityCode":"44208","city":"竹田市","lat":33.1229167,"lon":131.271875,"areaKm2":0.2132321,"populated2020":false,"population2020":null,"populationNote":"境界またぎ・収録外等のため自治体内人口は未集計"},"geometry":{"type":"Polygon","coordinates":[[[131.269134021,33.125],[131.26917726300007,33.12452818900011],[131.26935837899998,33.124422910000014],[131.26972254199995,33.12440346799996],[131.27003392999995,33.12422291000013],[131.270215045,33.12457652300003],[131.27051365800003,33.124709576999976],[131.270837821,33.124707072000035],[131.2709764330001,33.125],[131.27138230900005,33.12499999999999],[131.27228199699994,33.12454178400009],[131.272660052,33.12388233299992],[131.27337005200002,33.123401775],[131.27422144000013,33.123065657999966],[131.275,33.122952928000075],[131.275,33.12083333333333],[131.26875,33.12083333333332],[131.26875,33.125],[131.269134021,33.125]]]}},{"type":"Feature","id":"44208:493152423","properties":{"id":"44208:493152423","meshCode":"493152423","cityCode":"44208","city":"竹田市","lat":33.1218581,"lon":131.275289,"areaKm2":0.0246588,"populated2020":false,"population2020":null,"populationNote":"境界またぎ・収録外等のため自治体内人口は未集計"},"geometry":{"type":"Polygon","coordinates":[[[131.27500005200002,33.122952928000075],[131.275865318,33.122895369],[131.27587171200003,33.12280481099999],[131.275366706,33.12210898200004],[131.27541448800002,33.12198091900001],[131.27577976700013,33.12173036000012],[131.27570670600005,33.12150481100002],[131.27668420200007,33.12171036000007],[131.27691614800017,33.121695351000035],[131.27708142699998,33.12159257700001],[131.2768334750293,33.12083333333333],[131.275,33.12083333333333],[131.27500005200002,33.122952928000075]]]}},{"type":"Feature","id":"44208:493152433","properties":{"id":"44208:493152433","meshCode":"493152433","cityCode":"44208","city":"竹田市","lat":33.1208716,"lon":131.2910529,"areaKm2":0.0005064,"populated2020":false,"population2020":null,"populationNote":"境界またぎ・収録外等のため自治体内人口は未集計"},"geometry":{"type":"Polygon","coordinates":[[[131.29063951128018,33.12083333333333],[131.29104526599997,33.12095025200005],[131.2914362175053,33.12083333333333],[131.29063951128018,33.12083333333333]]]}},{"type":"Feature","id":"44208:493152484","properties":{"id":"44208:493152484","meshCode":"493152484","cityCode":"44208","city":"竹田市","lat":33.122611,"lon":131.361712,"areaKm2":0.0522208,"populated2020":false,"population2020":null,"populationNote":"境界またぎ・収録外等のため自治体内人口は未集計"},"geometry":{"type":"Polygon","coordinates":[[[131.3619340470001,33.12130418899994],[131.36148293100007,33.12222224300006],[131.361279598,33.1224330810001],[131.361012931,33.12254836],[131.360118768,33.12321142300004],[131.36000460399998,33.123376982000146],[131.35971210100013,33.12423976600013],[131.35987737999994,33.12447559499998],[131.36128154300013,33.12402919800013],[131.3625,33.123893260449954],[131.3625,33.12083333333333],[131.3616823460399,33.12083333333333],[131.3619340470001,33.12130418899994]]]}},{"type":"Feature","id":"44208:493152493","properties":{"id":"44208:493152493","meshCode":"493152493","cityCode":"44208","city":"竹田市","lat":33.1229167,"lon":131.365625,"areaKm2":0.2122997,"populated2020":false,"population2020":null,"populationNote":"境界またぎ・収録外等のため自治体内人口は未集計"},"geometry":{"type":"Polygon","coordinates":[[[131.3625,33.123893260449954],[131.365533217,33.12341721600012],[131.36639739300006,33.123883604000135],[131.3667340600001,33.124169712000025],[131.36675323000009,33.1243702700001],[131.36643230899995,33.12499999999999],[131.36875,33.12499999999999],[131.36875,33.12083333333333],[131.3625,33.12083333333333],[131.3625,33.123893260449954]]]}},{"type":"Feature","id":"44208:493152494","properties":{"id":"44208:493152494","meshCode":"493152494","cityCode":"44208","city":"竹田市","lat":33.1229167,"lon":131.371875,"areaKm2":0.2599265,"populated2020":false,"population2020":null,"populationNote":"境界またぎ・収録外等のため自治体内人口は未集計"},"geometry":{"type":"Polygon","coordinates":[[[131.3692805710001,33.124999685000034],[131.37033378699994,33.12453023400003],[131.37128018200008,33.12435966700002],[131.371534345,33.124379667000085],[131.371540739,33.124595494999994],[131.37138814499997,33.125],[131.375,33.125],[131.375,33.12083333333333],[131.36875,33.12083333333333],[131.36875,33.12499999999999],[131.3692805710001,33.124999685000034]]]}},{"type":"Feature","id":"44208:493153403","properties":{"id":"44208:493153403","meshCode":"493153403","cityCode":"44208","city":"竹田市","lat":33.1229167,"lon":131.378125,"areaKm2":0.2695361,"populated2020":false,"population2020":null,"populationNote":"境界またぎ・収録外等のため自治体内人口は未集計"},"geometry":{"type":"Polygon","coordinates":[[[131.375,33.12083333333333],[131.375,33.125],[131.38125,33.12499999999999],[131.38125,33.12083333333334],[131.375,33.12083333333333]]]}},{"type":"Feature","id":"44208:493153404","properties":{"id":"44208:493153404","meshCode":"493153404","cityCode":"44208","city":"竹田市","lat":33.1229167,"lon":131.384375,"areaKm2":0.2695361,"populated2020":false,"population2020":null,"populationNote":"境界またぎ・収録外等のため自治体内人口は未集計"},"geometry":{"type":"Polygon","coordinates":[[[131.38125,33.12083333333334],[131.38125,33.12499999999999],[131.3875,33.125],[131.3875,33.12083333333334],[131.38125,33.12083333333334]]]}},{"type":"Feature","id":"44208:493153413","properties":{"id":"44208:493153413","meshCode":"493153413","cityCode":"44208","city":"竹田市","lat":33.1229167,"lon":131.390625,"areaKm2":0.2695361,"populated2020":true,"population2020":32.0891,"populationNote":"2020年基準人口（国交省調整値）"},"geometry":{"type":"Polygon","coordinates":[[[131.3875,33.12083333333334],[131.3875,33.125],[131.39375,33.125],[131.39375,33.12083333333333],[131.3875,33.12083333333334]]]}},{"type":"Feature","id":"44208:493153414","properties":{"id":"44208:493153414","meshCode":"493153414","cityCode":"44208","city":"竹田市","lat":33.1229167,"lon":131.396875,"areaKm2":0.2695361,"populated2020":true,"population2020":28.0405,"populationNote":"2020年基準人口（国交省調整値）"},"geometry":{"type":"Polygon","coordinates":[[[131.39375,33.12083333333333],[131.39375,33.125],[131.4,33.125],[131.4,33.12083333333333],[131.39375,33.12083333333333]]]}},{"type":"Feature","id":"44208:493153423","properties":{"id":"44208:493153423","meshCode":"493153423","cityCode":"44208","city":"竹田市","lat":33.1229167,"lon":131.403125,"areaKm2":0.2695361,"populated2020":true,"population2020":18.023,"populationNote":"2020年基準人口（国交省調整値）"},"geometry":{"type":"Polygon","coordinates":[[[131.4,33.12083333333333],[131.4,33.125],[131.40625,33.125],[131.40625,33.12083333333334],[131.4,33.12083333333333]]]}},{"type":"Feature","id":"44208:493153424","properties":{"id":"44208:493153424","meshCode":"493153424","cityCode":"44208","city":"竹田市","lat":33.1229167,"lon":131.409375,"areaKm2":0.2695361,"populated2020":false,"population2020":null,"populationNote":"境界またぎ・収録外等のため自治体内人口は未集計"},"geometry":{"type":"Polygon","coordinates":[[[131.40625,33.12083333333334],[131.40625,33.125],[131.4125,33.12499999999999],[131.4125,33.12083333333333],[131.40625,33.12083333333334]]]}},{"type":"Feature","id":"44208:493153433","properties":{"id":"44208:493153433","meshCode":"493153433","cityCode":"44208","city":"竹田市","lat":33.1229167,"lon":131.415625,"areaKm2":0.2695361,"populated2020":true,"population2020":4.0122,"populationNote":"2020年基準人口（国交省調整値）"},"geometry":{"type":"Polygon","coordinates":[[[131.4125,33.12083333333333],[131.4125,33.12499999999999],[131.41875,33.125],[131.41875,33.12083333333333],[131.4125,33.12083333333333]]]}},{"type":"Feature","id":"44208:493153434","properties":{"id":"44208:493153434","meshCode":"493153434","cityCode":"44208","city":"竹田市","lat":33.1229167,"lon":131.421875,"areaKm2":0.2695361,"populated2020":false,"population2020":null,"populationNote":"境界またぎ・収録外等のため自治体内人口は未集計"},"geometry":{"type":"Polygon","coordinates":[[[131.41875,33.12083333333333],[131.41875,33.125],[131.425,33.125],[131.425,33.12083333333333],[131.41875,33.12083333333333]]]}},{"type":"Feature","id":"44208:493153443","properties":{"id":"44208:493153443","meshCode":"493153443","cityCode":"44208","city":"竹田市","lat":33.1229167,"lon":131.428125,"areaKm2":0.2039869,"populated2020":false,"population2020":null,"populationNote":"境界またぎ・収録外等のため自治体内人口は未集計"},"geometry":{"type":"Polygon","coordinates":[[[131.42823465599997,33.12499945899998],[131.428860246,33.12341169399998],[131.42917469500003,33.12303308100001],[131.43069023300006,33.122288919000084],[131.43125,33.12156986215343],[131.43125,33.12083333333333],[131.425,33.12083333333333],[131.425,33.125],[131.42823465599997,33.12499945899998]]]}},{"type":"Feature","id":"44208:493153444","properties":{"id":"44208:493153444","meshCode":"493153444","cityCode":"44208","city":"竹田市","lat":33.1211937,"lon":131.4315831,"areaKm2":0.0084275,"populated2020":false,"population2020":null,"populationNote":"境界またぎ・収録外等のため自治体内人口は未集計"},"geometry":{"type":"Polygon","coordinates":[[[131.43125,33.12156986215343],[131.43158189400015,33.121318099000064],[131.432047173,33.121156152999966],[131.43277466899997,33.12124699100002],[131.43320382600007,33.12103087399998],[131.43334098591615,33.12083333333334],[131.43125,33.12083333333333],[131.43125,33.12156986215343]]]}},{"type":"Feature","id":"44208:493152511","properties":{"id":"44208:493152511","meshCode":"493152511","cityCode":"44208","city":"竹田市","lat":33.1252343,"lon":131.268241,"areaKm2":0.0048901,"populated2020":false,"population2020":null,"populationNote":"境界またぎ・収録外等のため自治体内人口は未集計"},"geometry":{"type":"Polygon","coordinates":[[[131.267243152,33.12500042300008],[131.26837670600003,33.12547625200011],[131.26875,33.12546667545607],[131.26875,33.125],[131.267243152,33.12500042300008]]]}},{"type":"Feature","id":"44208:493152512","properties":{"id":"44208:493152512","meshCode":"493152512","cityCode":"44208","city":"竹田市","lat":33.1252079,"lon":131.2688952,"areaKm2":0.0016593,"populated2020":false,"population2020":null,"populationNote":"境界またぎ・収録外等のため自治体内人口は未集計"},"geometry":{"type":"MultiPolygon","coordinates":[[[[131.26875,33.12546667545607],[131.269138936,33.12509513500009],[131.269134021,33.125],[131.26875,33.125],[131.26875,33.12546667545607]]],[[[131.2709764330001,33.125],[131.27102837899997,33.125175963999936],[131.27138230900005,33.12499999999999],[131.2709764330001,33.125]]]]}},{"type":"Feature","id":"44208:493152591","properties":{"id":"44208:493152591","meshCode":"493152591","cityCode":"44208","city":"竹田市","lat":33.1257422,"lon":131.3671178,"areaKm2":0.024323,"populated2020":false,"population2020":null,"populationNote":"境界またぎ・収録外等のため自治体内人口は未集計"},"geometry":{"type":"Polygon","coordinates":[[[131.36643230899995,33.12499999999999],[131.36627016900002,33.12542360399999],[131.36632739300012,33.12585999099997],[131.3667715690001,33.12651944100003],[131.36700045399994,33.1265494320001],[131.36807406000014,33.125616369000056],[131.36875,33.125266686168395],[131.36875,33.12499999999999],[131.36643230899995,33.12499999999999]]]}},{"type":"Feature","id":"44208:493152592","properties":{"id":"44208:493152592","meshCode":"493152592","cityCode":"44208","city":"竹田市","lat":33.1270833,"lon":131.371875,"areaKm2":0.1418644,"populated2020":false,"population2020":null,"populationNote":"境界またぎ・収録外等のため自治体内人口は未集計"},"geometry":{"type":"MultiPolygon","coordinates":[[[[131.3692799480001,33.12499999999999],[131.36875,33.12499999999999],[131.36875,33.125266686168395],[131.3692799480001,33.12499999999999]]],[[[131.37138814499997,33.125],[131.37084601800018,33.125931342000115],[131.3707571340001,33.126352729999944],[131.37082073900012,33.12655828800013],[131.37143046699998,33.12676883799992],[131.37167214,33.12692439600005],[131.3717674190001,33.12707494600005],[131.37176102500007,33.127737171000035],[131.37204686099994,33.12800772999998],[131.37260019500013,33.12818522499998],[131.372813813,33.12836245],[131.37309709298202,33.12916666666667],[131.375,33.12916666666667],[131.375,33.125],[131.37138814499997,33.125]]]]}},{"type":"Feature","id":"44208:493153501","properties":{"id":"44208:493153501","meshCode":"493153501","cityCode":"44208","city":"竹田市","lat":33.1270833,"lon":131.378125,"areaKm2":0.2695236,"populated2020":false,"population2020":null,"populationNote":"境界またぎ・収録外等のため自治体内人口は未集計"},"geometry":{"type":"Polygon","coordinates":[[[131.375,33.125],[131.375,33.12916666666667],[131.38125,33.12916666666667],[131.38125,33.12499999999999],[131.375,33.125]]]}},{"type":"Feature","id":"44208:493153502","properties":{"id":"44208:493153502","meshCode":"493153502","cityCode":"44208","city":"竹田市","lat":33.1270833,"lon":131.384375,"areaKm2":0.2695236,"populated2020":false,"population2020":null,"populationNote":"境界またぎ・収録外等のため自治体内人口は未集計"},"geometry":{"type":"Polygon","coordinates":[[[131.38125,33.12499999999999],[131.38125,33.12916666666667],[131.3875,33.12916666666667],[131.3875,33.125],[131.38125,33.12499999999999]]]}},{"type":"Feature","id":"44208:493153511","properties":{"id":"44208:493153511","meshCode":"493153511","cityCode":"44208","city":"竹田市","lat":33.1270833,"lon":131.390625,"areaKm2":0.2695236,"populated2020":true,"population2020":14.0209,"populationNote":"2020年基準人口（国交省調整値）"},"geometry":{"type":"Polygon","coordinates":[[[131.3875,33.125],[131.3875,33.12916666666667],[131.39375,33.12916666666667],[131.39375,33.125],[131.3875,33.125]]]}},{"type":"Feature","id":"44208:493153512","properties":{"id":"44208:493153512","meshCode":"493153512","cityCode":"44208","city":"竹田市","lat":33.1270833,"lon":131.396875,"areaKm2":0.2695236,"populated2020":false,"population2020":null,"populationNote":"境界またぎ・収録外等のため自治体内人口は未集計"},"geometry":{"type":"Polygon","coordinates":[[[131.39375,33.125],[131.39375,33.12916666666667],[131.4,33.12916666666666],[131.4,33.125],[131.39375,33.125]]]}},{"type":"Feature","id":"44208:493153521","properties":{"id":"44208:493153521","meshCode":"493153521","cityCode":"44208","city":"竹田市","lat":33.1270833,"lon":131.403125,"areaKm2":0.2695236,"populated2020":false,"population2020":null,"populationNote":"境界またぎ・収録外等のため自治体内人口は未集計"},"geometry":{"type":"Polygon","coordinates":[[[131.4,33.125],[131.4,33.12916666666666],[131.40625,33.12916666666667],[131.40625,33.125],[131.4,33.125]]]}},{"type":"Feature","id":"44208:493153522","properties":{"id":"44208:493153522","meshCode":"493153522","cityCode":"44208","city":"竹田市","lat":33.1270833,"lon":131.409375,"areaKm2":0.2695236,"populated2020":true,"population2020":2.0016,"populationNote":"2020年基準人口（国交省調整値）"},"geometry":{"type":"Polygon","coordinates":[[[131.40625,33.125],[131.40625,33.12916666666667],[131.4125,33.12916666666667],[131.4125,33.12499999999999],[131.40625,33.125]]]}},{"type":"Feature","id":"44208:493153531","properties":{"id":"44208:493153531","meshCode":"493153531","cityCode":"44208","city":"竹田市","lat":33.1270833,"lon":131.415625,"areaKm2":0.2695236,"populated2020":true,"population2020":4.0043,"populationNote":"2020年基準人口（国交省調整値）"},"geometry":{"type":"Polygon","coordinates":[[[131.4125,33.12499999999999],[131.4125,33.12916666666667],[131.41875,33.12916666666668],[131.41875,33.125],[131.4125,33.12499999999999]]]}},{"type":"Feature","id":"44208:493153532","properties":{"id":"44208:493153532","meshCode":"493153532","cityCode":"44208","city":"竹田市","lat":33.1270833,"lon":131.421875,"areaKm2":0.2695236,"populated2020":true,"population2020":7.0089,"populationNote":"2020年基準人口（国交省調整値）"},"geometry":{"type":"Polygon","coordinates":[[[131.41875,33.125],[131.41875,33.12916666666668],[131.425,33.12916666666667],[131.425,33.125],[131.41875,33.125]]]}},{"type":"Feature","id":"44208:493153541","properties":{"id":"44208:493153541","meshCode":"493153541","cityCode":"44208","city":"竹田市","lat":33.1272167,"lon":131.4261955,"areaKm2":0.1213636,"populated2020":false,"population2020":null,"populationNote":"境界またぎ・収録外等のため自治体内人口は未集計"},"geometry":{"type":"Polygon","coordinates":[[[131.42841148892626,33.12916666666667],[131.42747472100007,33.127665278999935],[131.42738666700006,33.127403612999956],[131.42739527900005,33.12702973000006],[131.428234449,33.12499999999999],[131.425,33.125],[131.425,33.12916666666667],[131.42841148892626,33.12916666666667]]]}},{"type":"Feature","id":"44208:493152594","properties":{"id":"44208:493152594","meshCode":"493152594","cityCode":"44208","city":"竹田市","lat":33.1312865,"lon":131.3740205,"areaKm2":0.0624971,"populated2020":false,"population2020":null,"populationNote":"境界またぎ・収録外等のため自治体内人口は未集計"},"geometry":{"type":"Polygon","coordinates":[[[131.37309709298202,33.12916666666667],[131.37317797700007,33.1296477300001],[131.37294242500002,33.130201062999966],[131.37289631600015,33.13102107200007],[131.37318577199994,33.13155190100002],[131.37334854699998,33.13169607200012],[131.37437105100003,33.13223856800004],[131.3746538260001,33.132461901],[131.374505214,33.133257459000106],[131.37455931323757,33.13333333333334],[131.375,33.13333333333333],[131.375,33.12916666666667],[131.37309709298202,33.12916666666667]]]}},{"type":"Feature","id":"44208:493153503","properties":{"id":"44208:493153503","meshCode":"493153503","cityCode":"44208","city":"竹田市","lat":33.13125,"lon":131.378125,"areaKm2":0.269511,"populated2020":false,"population2020":null,"populationNote":"境界またぎ・収録外等のため自治体内人口は未集計"},"geometry":{"type":"Polygon","coordinates":[[[131.375,33.12916666666667],[131.375,33.13333333333333],[131.38125,33.13333333333333],[131.38125,33.12916666666667],[131.375,33.12916666666667]]]}},{"type":"Feature","id":"44208:493153504","properties":{"id":"44208:493153504","meshCode":"493153504","cityCode":"44208","city":"竹田市","lat":33.13125,"lon":131.384375,"areaKm2":0.269511,"populated2020":false,"population2020":null,"populationNote":"境界またぎ・収録外等のため自治体内人口は未集計"},"geometry":{"type":"Polygon","coordinates":[[[131.38125,33.12916666666667],[131.38125,33.13333333333333],[131.3875,33.13333333333333],[131.3875,33.12916666666667],[131.38125,33.12916666666667]]]}},{"type":"Feature","id":"44208:493153513","properties":{"id":"44208:493153513","meshCode":"493153513","cityCode":"44208","city":"竹田市","lat":33.13125,"lon":131.390625,"areaKm2":0.269511,"populated2020":false,"population2020":null,"populationNote":"境界またぎ・収録外等のため自治体内人口は未集計"},"geometry":{"type":"Polygon","coordinates":[[[131.3875,33.12916666666667],[131.3875,33.13333333333333],[131.39375,33.13333333333333],[131.39375,33.12916666666667],[131.3875,33.12916666666667]]]}},{"type":"Feature","id":"44208:493153514","properties":{"id":"44208:493153514","meshCode":"493153514","cityCode":"44208","city":"竹田市","lat":33.13125,"lon":131.396875,"areaKm2":0.269511,"populated2020":false,"population2020":null,"populationNote":"境界またぎ・収録外等のため自治体内人口は未集計"},"geometry":{"type":"Polygon","coordinates":[[[131.39375,33.12916666666667],[131.39375,33.13333333333333],[131.4,33.13333333333333],[131.4,33.12916666666666],[131.39375,33.12916666666667]]]}},{"type":"Feature","id":"44208:493153523","properties":{"id":"44208:493153523","meshCode":"493153523","cityCode":"44208","city":"竹田市","lat":33.13125,"lon":131.403125,"areaKm2":0.269511,"populated2020":true,"population2020":10.997,"populationNote":"2020年基準人口（国交省調整値）"},"geometry":{"type":"Polygon","coordinates":[[[131.4,33.12916666666666],[131.4,33.13333333333333],[131.40625,33.13333333333333],[131.40625,33.12916666666667],[131.4,33.12916666666666]]]}},{"type":"Feature","id":"44208:493153524","properties":{"id":"44208:493153524","meshCode":"493153524","cityCode":"44208","city":"竹田市","lat":33.13125,"lon":131.409375,"areaKm2":0.269511,"populated2020":true,"population2020":5.0019,"populationNote":"2020年基準人口（国交省調整値）"},"geometry":{"type":"Polygon","coordinates":[[[131.40625,33.12916666666667],[131.40625,33.13333333333333],[131.4125,33.13333333333333],[131.4125,33.12916666666667],[131.40625,33.12916666666667]]]}},{"type":"Feature","id":"44208:493153533","properties":{"id":"44208:493153533","meshCode":"493153533","cityCode":"44208","city":"竹田市","lat":33.13125,"lon":131.415625,"areaKm2":0.269511,"populated2020":true,"population2020":14.0133,"populationNote":"2020年基準人口（国交省調整値）"},"geometry":{"type":"Polygon","coordinates":[[[131.4125,33.12916666666667],[131.4125,33.13333333333333],[131.41875,33.13333333333333],[131.41875,33.12916666666668],[131.4125,33.12916666666667]]]}},{"type":"Feature","id":"44208:493153534","properties":{"id":"44208:493153534","meshCode":"493153534","cityCode":"44208","city":"竹田市","lat":33.13125,"lon":131.421875,"areaKm2":0.269511,"populated2020":true,"population2020":5.003,"populationNote":"2020年基準人口（国交省調整値）"},"geometry":{"type":"Polygon","coordinates":[[[131.41875,33.12916666666668],[131.41875,33.13333333333333],[131.425,33.13333333333333],[131.425,33.12916666666667],[131.41875,33.12916666666668]]]}},{"type":"Feature","id":"44208:493153543","properties":{"id":"44208:493153543","meshCode":"493153543","cityCode":"44208","city":"竹田市","lat":33.13125,"lon":131.428125,"areaKm2":0.2106815,"populated2020":false,"population2020":null,"populationNote":"境界またぎ・収録外等のため自治体内人口は未集計"},"geometry":{"type":"Polygon","coordinates":[[[131.42987750999998,33.13156944100007],[131.42936334599995,33.13106472100003],[131.42918334599995,33.13077694599991],[131.4290700130001,33.13041666700008],[131.42841148892626,33.12916666666667],[131.425,33.12916666666667],[131.425,33.13333333333333],[131.43125,33.13333333333333],[131.43125,33.132141000482655],[131.42987750999998,33.13156944100007]]]}},{"type":"Feature","id":"44208:493153544","properties":{"id":"44208:493153544","meshCode":"493153544","cityCode":"44208","city":"竹田市","lat":33.1325748,"lon":131.4317708,"areaKm2":0.017665,"populated2020":false,"population2020":null,"populationNote":"境界またぎ・収録外等のため自治体内人口は未集計"},"geometry":{"type":"Polygon","coordinates":[[[131.4341131650001,33.133333332999996],[131.4333333395001,33.13300858600002],[131.43125,33.132141000482655],[131.43125,33.13333333333333],[131.4341131650001,33.133333332999996]]]}},{"type":"Feature","id":"44208:493152692","properties":{"id":"44208:493152692","meshCode":"493152692","cityCode":"44208","city":"竹田市","lat":33.1336424,"lon":131.3748898,"areaKm2":0.0014098,"populated2020":false,"population2020":null,"populationNote":"境界またぎ・収録外等のため自治体内人口は未集計"},"geometry":{"type":"Polygon","coordinates":[[[131.37499994799998,33.13395148600006],[131.375,33.13333333333333],[131.37455931323757,33.13333333333334],[131.37499994799998,33.13395148600006]]]}},{"type":"Feature","id":"44208:493153601","properties":{"id":"44208:493153601","meshCode":"493153601","cityCode":"44208","city":"竹田市","lat":33.1354167,"lon":131.378125,"areaKm2":0.2449452,"populated2020":false,"population2020":null,"populationNote":"境界またぎ・収録外等のため自治体内人口は未集計"},"geometry":{"type":"Polygon","coordinates":[[[131.37510856000006,33.13410384700012],[131.37505827500016,33.13438190100004],[131.37537661500016,33.13559911700003],[131.375544397,33.13598300900003],[131.3761474580001,33.13636661300012],[131.37632329400003,33.13661383800007],[131.37654878514442,33.13750000000001],[131.38125,33.1375],[131.38125,33.13333333333333],[131.375,33.13333333333333],[131.375,33.13395155900014],[131.37510856000006,33.13410384700012]]]}},{"type":"Feature","id":"44208:493153602","properties":{"id":"44208:493153602","meshCode":"493153602","cityCode":"44208","city":"竹田市","lat":33.1354167,"lon":131.384375,"areaKm2":0.2694985,"populated2020":false,"population2020":null,"populationNote":"境界またぎ・収録外等のため自治体内人口は未集計"},"geometry":{"type":"Polygon","coordinates":[[[131.38125,33.13333333333333],[131.38125,33.1375],[131.3875,33.1375],[131.3875,33.13333333333333],[131.38125,33.13333333333333]]]}},{"type":"Feature","id":"44208:493153611","properties":{"id":"44208:493153611","meshCode":"493153611","cityCode":"44208","city":"竹田市","lat":33.1354167,"lon":131.390625,"areaKm2":0.2694985,"populated2020":false,"population2020":null,"populationNote":"境界またぎ・収録外等のため自治体内人口は未集計"},"geometry":{"type":"Polygon","coordinates":[[[131.3875,33.13333333333333],[131.3875,33.1375],[131.39375,33.1375],[131.39375,33.13333333333333],[131.3875,33.13333333333333]]]}},{"type":"Feature","id":"44208:493153612","properties":{"id":"44208:493153612","meshCode":"493153612","cityCode":"44208","city":"竹田市","lat":33.1354167,"lon":131.396875,"areaKm2":0.2694985,"populated2020":false,"population2020":null,"populationNote":"境界またぎ・収録外等のため自治体内人口は未集計"},"geometry":{"type":"Polygon","coordinates":[[[131.39375,33.13333333333333],[131.39375,33.1375],[131.4,33.1375],[131.4,33.13333333333333],[131.39375,33.13333333333333]]]}},{"type":"Feature","id":"44208:493153621","properties":{"id":"44208:493153621","meshCode":"493153621","cityCode":"44208","city":"竹田市","lat":33.1354167,"lon":131.403125,"areaKm2":0.2694985,"populated2020":true,"population2020":6.9971,"populationNote":"2020年基準人口（国交省調整値）"},"geometry":{"type":"Polygon","coordinates":[[[131.4,33.13333333333333],[131.4,33.1375],[131.40625,33.1375],[131.40625,33.13333333333333],[131.4,33.13333333333333]]]}},{"type":"Feature","id":"44208:493153622","properties":{"id":"44208:493153622","meshCode":"493153622","cityCode":"44208","city":"竹田市","lat":33.1354167,"lon":131.409375,"areaKm2":0.2694985,"populated2020":true,"population2020":3.0019,"populationNote":"2020年基準人口（国交省調整値）"},"geometry":{"type":"Polygon","coordinates":[[[131.40625,33.13333333333333],[131.40625,33.1375],[131.4125,33.13750000000001],[131.4125,33.13333333333333],[131.40625,33.13333333333333]]]}},{"type":"Feature","id":"44208:493153631","properties":{"id":"44208:493153631","meshCode":"493153631","cityCode":"44208","city":"竹田市","lat":33.1354167,"lon":131.415625,"areaKm2":0.2694985,"populated2020":false,"population2020":null,"populationNote":"境界またぎ・収録外等のため自治体内人口は未集計"},"geometry":{"type":"Polygon","coordinates":[[[131.4125,33.13333333333333],[131.4125,33.13750000000001],[131.41875,33.13750000000002],[131.41875,33.13333333333333],[131.4125,33.13333333333333]]]}},{"type":"Feature","id":"44208:493153632","properties":{"id":"44208:493153632","meshCode":"493153632","cityCode":"44208","city":"竹田市","lat":33.1354167,"lon":131.421875,"areaKm2":0.2694985,"populated2020":true,"population2020":13.0247,"populationNote":"2020年基準人口（国交省調整値）"},"geometry":{"type":"Polygon","coordinates":[[[131.41875,33.13333333333333],[131.41875,33.13750000000002],[131.425,33.1375],[131.425,33.13333333333333],[131.41875,33.13333333333333]]]}},{"type":"Feature","id":"44208:493153641","properties":{"id":"44208:493153641","meshCode":"493153641","cityCode":"44208","city":"竹田市","lat":33.1354167,"lon":131.428125,"areaKm2":0.2694985,"populated2020":false,"population2020":null,"populationNote":"境界またぎ・収録外等のため自治体内人口は未集計"},"geometry":{"type":"Polygon","coordinates":[[[131.425,33.13333333333333],[131.425,33.1375],[131.43125,33.137500000000024],[131.43125,33.13333333333333],[131.425,33.13333333333333]]]}},{"type":"Feature","id":"44208:493153642","properties":{"id":"44208:493153642","meshCode":"493153642","cityCode":"44208","city":"竹田市","lat":33.1354167,"lon":131.434375,"areaKm2":0.2435083,"populated2020":false,"population2020":null,"populationNote":"境界またぎ・収録外等のため自治体内人口は未集計"},"geometry":{"type":"Polygon","coordinates":[[[131.4375,33.134829733188916],[131.43411316580062,33.13333333333333],[131.43125,33.13333333333333],[131.43125,33.137500000000024],[131.4375,33.1375],[131.4375,33.134829733188916]]]}},{"type":"Feature","id":"44208:493153651","properties":{"id":"44208:493153651","meshCode":"493153651","cityCode":"44208","city":"竹田市","lat":33.1362865,"lon":131.438559,"areaKm2":0.050163,"populated2020":false,"population2020":null,"populationNote":"境界またぎ・収録外等のため自治体内人口は未集計"},"geometry":{"type":"Polygon","coordinates":[[[131.44010178374444,33.1375],[131.43981249000012,33.13665807199998],[131.4394236060001,33.13591501799999],[131.43908110200016,33.13559196400007],[131.43864110200002,33.135340577000136],[131.4375,33.134829733188916],[131.4375,33.1375],[131.44010178374444,33.1375]]]}},{"type":"Feature","id":"44208:493153603","properties":{"id":"44208:493153603","meshCode":"493153603","cityCode":"44208","city":"竹田市","lat":33.1395833,"lon":131.378125,"areaKm2":0.1715159,"populated2020":false,"population2020":null,"populationNote":"境界またぎ・収録外等のため自治体内人口は未集計"},"geometry":{"type":"Polygon","coordinates":[[[131.37660357999994,33.137694117000024],[131.37653247700007,33.13861883800006],[131.37664164700016,33.13950522500011],[131.37740442300003,33.1402457750001],[131.37843499400014,33.14079493700007],[131.37869304800017,33.14135493700002],[131.3789422437346,33.14166666666666],[131.38125,33.141666666666666],[131.38125,33.1375],[131.37654878514442,33.13750000000001],[131.37660357999994,33.137694117000024]]]}},{"type":"Feature","id":"44208:493153604","properties":{"id":"44208:493153604","meshCode":"493153604","cityCode":"44208","city":"竹田市","lat":33.1395833,"lon":131.384375,"areaKm2":0.2694859,"populated2020":false,"population2020":null,"populationNote":"境界またぎ・収録外等のため自治体内人口は未集計"},"geometry":{"type":"Polygon","coordinates":[[[131.38125,33.1375],[131.38125,33.141666666666666],[131.3875,33.141666666666666],[131.3875,33.1375],[131.38125,33.1375]]]}},{"type":"Feature","id":"44208:493153613","properties":{"id":"44208:493153613","meshCode":"493153613","cityCode":"44208","city":"竹田市","lat":33.1395833,"lon":131.390625,"areaKm2":0.2694859,"populated2020":false,"population2020":null,"populationNote":"境界またぎ・収録外等のため自治体内人口は未集計"},"geometry":{"type":"Polygon","coordinates":[[[131.3875,33.1375],[131.3875,33.141666666666666],[131.39375,33.141666666666666],[131.39375,33.1375],[131.3875,33.1375]]]}},{"type":"Feature","id":"44208:493153614","properties":{"id":"44208:493153614","meshCode":"493153614","cityCode":"44208","city":"竹田市","lat":33.1395833,"lon":131.396875,"areaKm2":0.2694859,"populated2020":false,"population2020":null,"populationNote":"境界またぎ・収録外等のため自治体内人口は未集計"},"geometry":{"type":"Polygon","coordinates":[[[131.39375,33.1375],[131.39375,33.141666666666666],[131.4,33.14166666666666],[131.4,33.1375],[131.39375,33.1375]]]}},{"type":"Feature","id":"44208:493153623","properties":{"id":"44208:493153623","meshCode":"493153623","cityCode":"44208","city":"竹田市","lat":33.1395833,"lon":131.403125,"areaKm2":0.2694859,"populated2020":false,"population2020":null,"populationNote":"境界またぎ・収録外等のため自治体内人口は未集計"},"geometry":{"type":"Polygon","coordinates":[[[131.4,33.1375],[131.4,33.14166666666666],[131.40625,33.141666666666666],[131.40625,33.1375],[131.4,33.1375]]]}},{"type":"Feature","id":"44208:493153624","properties":{"id":"44208:493153624","meshCode":"493153624","cityCode":"44208","city":"竹田市","lat":33.1395833,"lon":131.409375,"areaKm2":0.2694859,"populated2020":false,"population2020":null,"populationNote":"境界またぎ・収録外等のため自治体内人口は未集計"},"geometry":{"type":"Polygon","coordinates":[[[131.40625,33.1375],[131.40625,33.141666666666666],[131.4125,33.141666666666666],[131.4125,33.13750000000001],[131.40625,33.1375]]]}},{"type":"Feature","id":"44208:493153633","properties":{"id":"44208:493153633","meshCode":"493153633","cityCode":"44208","city":"竹田市","lat":33.1395833,"lon":131.415625,"areaKm2":0.2694859,"populated2020":false,"population2020":null,"populationNote":"境界またぎ・収録外等のため自治体内人口は未集計"},"geometry":{"type":"Polygon","coordinates":[[[131.4125,33.13750000000001],[131.4125,33.141666666666666],[131.41875,33.141666666666666],[131.41875,33.13750000000002],[131.4125,33.13750000000001]]]}},{"type":"Feature","id":"44208:493153634","properties":{"id":"44208:493153634","meshCode":"493153634","cityCode":"44208","city":"竹田市","lat":33.1395833,"lon":131.421875,"areaKm2":0.2694859,"populated2020":false,"population2020":null,"populationNote":"境界またぎ・収録外等のため自治体内人口は未集計"},"geometry":{"type":"Polygon","coordinates":[[[131.41875,33.13750000000002],[131.41875,33.141666666666666],[131.425,33.14166666666666],[131.425,33.1375],[131.41875,33.13750000000002]]]}},{"type":"Feature","id":"44208:493153643","properties":{"id":"44208:493153643","meshCode":"493153643","cityCode":"44208","city":"竹田市","lat":33.1395833,"lon":131.428125,"areaKm2":0.2694859,"populated2020":true,"population2020":6.002,"populationNote":"2020年基準人口（国交省調整値）"},"geometry":{"type":"Polygon","coordinates":[[[131.425,33.1375],[131.425,33.14166666666666],[131.43125,33.141666666666666],[131.43125,33.137500000000024],[131.425,33.1375]]]}},{"type":"Feature","id":"44208:493153644","properties":{"id":"44208:493153644","meshCode":"493153644","cityCode":"44208","city":"竹田市","lat":33.1395833,"lon":131.434375,"areaKm2":0.2694859,"populated2020":false,"population2020":null,"populationNote":"境界またぎ・収録外等のため自治体内人口は未集計"},"geometry":{"type":"Polygon","coordinates":[[[131.43125,33.137500000000024],[131.43125,33.141666666666666],[131.4375,33.141666666666666],[131.4375,33.1375],[131.43125,33.137500000000024]]]}},{"type":"Feature","id":"44208:493153653","properties":{"id":"44208:493153653","meshCode":"493153653","cityCode":"44208","city":"竹田市","lat":33.1395833,"lon":131.440625,"areaKm2":0.1692597,"populated2020":false,"population2020":null,"populationNote":"境界またぎ・収録外等のため自治体内人口は未集計"},"geometry":{"type":"Polygon","coordinates":[[[131.443139857,33.141666135000044],[131.44264776900013,33.140687801999995],[131.4422241630001,33.140345577000005],[131.44119360600018,33.13979307200003],[131.44023583700005,33.13800612600001],[131.44010178374444,33.1375],[131.4375,33.1375],[131.4375,33.141666666666666],[131.443139857,33.141666135000044]]]}},{"type":"Feature","id":"44208:493153654","properties":{"id":"44208:493153654","meshCode":"493153654","cityCode":"44208","city":"竹田市","lat":33.1416004,"lon":131.4494864,"areaKm2":0.0011764,"populated2020":false,"population2020":null,"populationNote":"境界またぎ・収録外等のため自治体内人口は未集計"},"geometry":{"type":"Polygon","coordinates":[[[131.44999997399998,33.141609685],[131.44939053200017,33.141536702999986],[131.44909219199997,33.14155726100006],[131.44888482563977,33.141666666666666],[131.45,33.141666666666666],[131.44999997399998,33.141609685]]]}},{"type":"Feature","id":"44208:493153663","properties":{"id":"44208:493153663","meshCode":"493153663","cityCode":"44208","city":"竹田市","lat":33.1412123,"lon":131.4560034,"areaKm2":0.0049566,"populated2020":false,"population2020":null,"populationNote":"境界またぎ・収録外等のため自治体内人口は未集計"},"geometry":{"type":"MultiPolygon","coordinates":[[[[131.45625,33.14046038177598],[131.45542739300004,33.14166617100006],[131.45542704323526,33.141666666666666],[131.45625,33.14166666666666],[131.45625,33.14046038177598]]],[[[131.4502271340001,33.14166615300002],[131.45004302200016,33.14162031500012],[131.45,33.141609685],[131.45,33.141666666666666],[131.4502271340001,33.14166615300002]]]]}},{"type":"Feature","id":"44208:493153664","properties":{"id":"44208:493153664","meshCode":"493153664","cityCode":"44208","city":"竹田市","lat":33.1403195,"lon":131.4568456,"areaKm2":0.0231397,"populated2020":false,"population2020":null,"populationNote":"境界またぎ・収録外等のため自治体内人口は未集計"},"geometry":{"type":"Polygon","coordinates":[[[131.45685106400003,33.14166617100006],[131.45697828800007,33.141547009000135],[131.45733022000002,33.14036923400011],[131.45750521399998,33.14011006300006],[131.45797465600003,33.13890617999999],[131.45769243799998,33.13891728800007],[131.45720688699998,33.13926395500005],[131.45625,33.14046038177598],[131.45625,33.14166666666666],[131.45685106400003,33.14166617100006]]]}},{"type":"Feature","id":"44208:493153701","properties":{"id":"44208:493153701","meshCode":"493153701","cityCode":"44208","city":"竹田市","lat":33.1429637,"lon":131.3807613,"areaKm2":0.028654,"populated2020":false,"population2020":null,"populationNote":"境界またぎ・収録外等のため自治体内人口は未集計"},"geometry":{"type":"Polygon","coordinates":[[[131.37894224399997,33.1416666670001],[131.37991,33.142303541],[131.38023306100013,33.14271854100008],[131.380346122,33.143537703],[131.3805136190001,33.14371964900011],[131.38089501900004,33.143984369],[131.38125,33.144089203753005],[131.38125,33.141666666666666],[131.37894224399997,33.1416666670001]]]}},{"type":"Feature","id":"44208:493153702","properties":{"id":"44208:493153702","meshCode":"493153702","cityCode":"44208","city":"竹田市","lat":33.14375,"lon":131.384375,"areaKm2":0.2009875,"populated2020":false,"population2020":null,"populationNote":"境界またぎ・収録外等のため自治体内人口は未集計"},"geometry":{"type":"Polygon","coordinates":[[[131.38125,33.144089203753005],[131.3875,33.14546042779118],[131.3875,33.141666666666666],[131.38125,33.141666666666666],[131.38125,33.144089203753005]]]}},{"type":"Feature","id":"44208:493153711","properties":{"id":"44208:493153711","meshCode":"493153711","cityCode":"44208","city":"竹田市","lat":33.14375,"lon":131.390625,"areaKm2":0.2678403,"populated2020":false,"population2020":null,"populationNote":"境界またぎ・収録外等のため自治体内人口は未集計"},"geometry":{"type":"Polygon","coordinates":[[[131.38754560300015,33.14547072100004],[131.387924215,33.14559460400012],[131.38815180821265,33.145833333333336],[131.39375,33.14583333333334],[131.39375,33.141666666666666],[131.3875,33.141666666666666],[131.38754560300015,33.14547072100004]]]}},{"type":"Feature","id":"44208:493153712","properties":{"id":"44208:493153712","meshCode":"493153712","cityCode":"44208","city":"竹田市","lat":33.14375,"lon":131.396875,"areaKm2":0.2694734,"populated2020":false,"population2020":null,"populationNote":"境界またぎ・収録外等のため自治体内人口は未集計"},"geometry":{"type":"Polygon","coordinates":[[[131.39375,33.141666666666666],[131.39375,33.14583333333334],[131.4,33.145833333333336],[131.4,33.14166666666666],[131.39375,33.141666666666666]]]}},{"type":"Feature","id":"44208:493153721","properties":{"id":"44208:493153721","meshCode":"493153721","cityCode":"44208","city":"竹田市","lat":33.14375,"lon":131.403125,"areaKm2":0.2694734,"populated2020":false,"population2020":null,"populationNote":"境界またぎ・収録外等のため自治体内人口は未集計"},"geometry":{"type":"Polygon","coordinates":[[[131.4,33.14166666666666],[131.4,33.145833333333336],[131.40625,33.145833333333336],[131.40625,33.141666666666666],[131.4,33.14166666666666]]]}},{"type":"Feature","id":"44208:493153722","properties":{"id":"44208:493153722","meshCode":"493153722","cityCode":"44208","city":"竹田市","lat":33.14375,"lon":131.409375,"areaKm2":0.2694734,"populated2020":false,"population2020":null,"populationNote":"境界またぎ・収録外等のため自治体内人口は未集計"},"geometry":{"type":"Polygon","coordinates":[[[131.40625,33.141666666666666],[131.40625,33.145833333333336],[131.4125,33.145833333333336],[131.4125,33.141666666666666],[131.40625,33.141666666666666]]]}},{"type":"Feature","id":"44208:493153731","properties":{"id":"44208:493153731","meshCode":"493153731","cityCode":"44208","city":"竹田市","lat":33.14375,"lon":131.415625,"areaKm2":0.2694734,"populated2020":false,"population2020":null,"populationNote":"境界またぎ・収録外等のため自治体内人口は未集計"},"geometry":{"type":"Polygon","coordinates":[[[131.4125,33.141666666666666],[131.4125,33.145833333333336],[131.41875,33.14583333333334],[131.41875,33.141666666666666],[131.4125,33.141666666666666]]]}},{"type":"Feature","id":"44208:493153732","properties":{"id":"44208:493153732","meshCode":"493153732","cityCode":"44208","city":"竹田市","lat":33.14375,"lon":131.421875,"areaKm2":0.2694734,"populated2020":false,"population2020":null,"populationNote":"境界またぎ・収録外等のため自治体内人口は未集計"},"geometry":{"type":"Polygon","coordinates":[[[131.41875,33.141666666666666],[131.41875,33.14583333333334],[131.425,33.145833333333336],[131.425,33.14166666666666],[131.41875,33.141666666666666]]]}},{"type":"Feature","id":"44208:493153741","properties":{"id":"44208:493153741","meshCode":"493153741","cityCode":"44208","city":"竹田市","lat":33.14375,"lon":131.428125,"areaKm2":0.2694734,"populated2020":true,"population2020":6.9939,"populationNote":"2020年基準人口（国交省調整値）"},"geometry":{"type":"Polygon","coordinates":[[[131.425,33.14166666666666],[131.425,33.145833333333336],[131.43125,33.145833333333336],[131.43125,33.141666666666666],[131.425,33.14166666666666]]]}},{"type":"Feature","id":"44208:493153742","properties":{"id":"44208:493153742","meshCode":"493153742","cityCode":"44208","city":"竹田市","lat":33.14375,"lon":131.434375,"areaKm2":0.2694734,"populated2020":false,"population2020":null,"populationNote":"境界またぎ・収録外等のため自治体内人口は未集計"},"geometry":{"type":"Polygon","coordinates":[[[131.43125,33.141666666666666],[131.43125,33.145833333333336],[131.4375,33.145833333333336],[131.4375,33.141666666666666],[131.43125,33.141666666666666]]]}},{"type":"Feature","id":"44208:493153751","properties":{"id":"44208:493153751","meshCode":"493153751","cityCode":"44208","city":"竹田市","lat":33.14375,"lon":131.440625,"areaKm2":0.2661227,"populated2020":false,"population2020":null,"populationNote":"境界またぎ・収録外等のため自治体内人口は未集計"},"geometry":{"type":"Polygon","coordinates":[[[131.44375,33.142518868707],[131.44345138800008,33.142285018],[131.44314007786144,33.141666666666666],[131.4375,33.141666666666666],[131.4375,33.145833333333336],[131.44375,33.14583333333333],[131.44375,33.142518868707]]]}},{"type":"Feature","id":"44208:493153752","properties":{"id":"44208:493153752","meshCode":"493153752","cityCode":"44208","city":"竹田市","lat":33.14375,"lon":131.446875,"areaKm2":0.216358,"populated2020":false,"population2020":null,"populationNote":"境界またぎ・収録外等のため自治体内人口は未集計"},"geometry":{"type":"Polygon","coordinates":[[[131.44888482500016,33.1416666670001],[131.44869414999994,33.14176726100004],[131.44772303499997,33.142923648999954],[131.44755359300018,33.143010315000026],[131.44708415000014,33.143034477000064],[131.44591915699993,33.14264725200014],[131.44523054499996,33.14275391900014],[131.44446971500008,33.14273363999996],[131.44392333299993,33.14262141400013],[131.44375,33.142518868707],[131.44375,33.14583333333333],[131.45,33.145833333333336],[131.45,33.141666666666666],[131.44888482500016,33.1416666670001]]]}},{"type":"Feature","id":"44208:493153761","properties":{"id":"44208:493153761","meshCode":"493153761","cityCode":"44208","city":"竹田市","lat":33.14375,"lon":131.453125,"areaKm2":0.181241,"populated2020":false,"population2020":null,"populationNote":"境界またぎ・収録外等のため自治体内人口は未集計"},"geometry":{"type":"Polygon","coordinates":[[[131.45367024600012,33.14540226999998],[131.4539310770001,33.14496921600005],[131.45489468200014,33.14436061300006],[131.45511968899996,33.14409477500004],[131.45539634200009,33.143393666999934],[131.45625,33.14251707815813],[131.45625,33.14166666666666],[131.45542704323526,33.141666666666666],[131.45510745799993,33.14200478400005],[131.45431190700015,33.14226561300006],[131.4536696890001,33.14271172100002],[131.45308385200008,33.14295838700002],[131.45229080399997,33.14281949500009],[131.45162051900002,33.14250171199996],[131.45098357999996,33.142002270000035],[131.45048635500018,33.141736712000075],[131.45,33.141666666666666],[131.45,33.145833333333336],[131.45357921240372,33.145833333333336],[131.45367024600012,33.14540226999998]]]}},{"type":"Feature","id":"44208:493153762","properties":{"id":"44208:493153762","meshCode":"493153762","cityCode":"44208","city":"竹田市","lat":33.1422155,"lon":131.4563485,"areaKm2":0.0024065,"populated2020":false,"population2020":null,"populationNote":"境界またぎ・収録外等のため自治体内人口は未集計"},"geometry":{"type":"Polygon","coordinates":[[[131.45636661499998,33.14242006300004],[131.4565274580001,33.14201089200003],[131.4568505323576,33.14166666666666],[131.45625,33.14166666666666],[131.45625,33.14251707815813],[131.45636661499998,33.14242006300004]]]}},{"type":"Feature","id":"44208:493153713","properties":{"id":"44208:493153713","meshCode":"493153713","cityCode":"44208","city":"竹田市","lat":33.1479167,"lon":131.390625,"areaKm2":0.1826801,"populated2020":false,"population2020":null,"populationNote":"境界またぎ・収録外等のため自治体内人口は未集計"},"geometry":{"type":"Polygon","coordinates":[[[131.38815180821265,33.145833333333336],[131.38859450099994,33.14644126100006],[131.3892650580001,33.14723514400009],[131.38946561600017,33.148477919000015],[131.39063061000002,33.14885484700011],[131.39074533100006,33.14912484700005],[131.39070588800007,33.14929151400008],[131.39047756200003,33.14963318900005],[131.3900466020001,33.15],[131.39375,33.150000000000006],[131.39375,33.14583333333334],[131.38815180821265,33.145833333333336]]]}},{"type":"Feature","id":"44208:493153714","properties":{"id":"44208:493153714","meshCode":"493153714","cityCode":"44208","city":"竹田市","lat":33.1479167,"lon":131.396875,"areaKm2":0.2694608,"populated2020":false,"population2020":null,"populationNote":"境界またぎ・収録外等のため自治体内人口は未集計"},"geometry":{"type":"Polygon","coordinates":[[[131.39375,33.14583333333334],[131.39375,33.150000000000006],[131.4,33.150000000000006],[131.4,33.145833333333336],[131.39375,33.14583333333334]]]}},{"type":"Feature","id":"44208:493153723","properties":{"id":"44208:493153723","meshCode":"493153723","cityCode":"44208","city":"竹田市","lat":33.1479167,"lon":131.403125,"areaKm2":0.2694608,"populated2020":false,"population2020":null,"populationNote":"境界またぎ・収録外等のため自治体内人口は未集計"},"geometry":{"type":"Polygon","coordinates":[[[131.4,33.145833333333336],[131.4,33.150000000000006],[131.40625,33.150000000000006],[131.40625,33.145833333333336],[131.4,33.145833333333336]]]}},{"type":"Feature","id":"44208:493153724","properties":{"id":"44208:493153724","meshCode":"493153724","cityCode":"44208","city":"竹田市","lat":33.1479167,"lon":131.409375,"areaKm2":0.2694608,"populated2020":false,"population2020":null,"populationNote":"境界またぎ・収録外等のため自治体内人口は未集計"},"geometry":{"type":"Polygon","coordinates":[[[131.40625,33.145833333333336],[131.40625,33.150000000000006],[131.4125,33.150000000000006],[131.4125,33.145833333333336],[131.40625,33.145833333333336]]]}},{"type":"Feature","id":"44208:493153733","properties":{"id":"44208:493153733","meshCode":"493153733","cityCode":"44208","city":"竹田市","lat":33.1479167,"lon":131.415625,"areaKm2":0.2694608,"populated2020":false,"population2020":null,"populationNote":"境界またぎ・収録外等のため自治体内人口は未集計"},"geometry":{"type":"Polygon","coordinates":[[[131.4125,33.145833333333336],[131.4125,33.150000000000006],[131.41875,33.15],[131.41875,33.14583333333334],[131.4125,33.145833333333336]]]}},{"type":"Feature","id":"44208:493153734","properties":{"id":"44208:493153734","meshCode":"493153734","cityCode":"44208","city":"竹田市","lat":33.1479167,"lon":131.421875,"areaKm2":0.2694608,"populated2020":false,"population2020":null,"populationNote":"境界またぎ・収録外等のため自治体内人口は未集計"},"geometry":{"type":"Polygon","coordinates":[[[131.41875,33.14583333333334],[131.41875,33.15],[131.425,33.15],[131.425,33.145833333333336],[131.41875,33.14583333333334]]]}},{"type":"Feature","id":"44208:493153743","properties":{"id":"44208:493153743","meshCode":"493153743","cityCode":"44208","city":"竹田市","lat":33.1479167,"lon":131.428125,"areaKm2":0.2544186,"populated2020":false,"population2020":null,"populationNote":"境界またぎ・収録外等のため自治体内人口は未集計"},"geometry":{"type":"Polygon","coordinates":[[[131.428319364,33.149999432000016],[131.42845839200004,33.149728315000054],[131.428773385,33.149502765999955],[131.429472283,33.14938443199998],[131.430030052,33.149416928],[131.43034394300014,33.14960943200009],[131.43057061000002,33.149608604000036],[131.4310478340001,33.149443883],[131.43125,33.149512962815066],[131.43125,33.145833333333336],[131.425,33.145833333333336],[131.425,33.15],[131.428319364,33.149999432000016]]]}},{"type":"Feature","id":"44208:493153744","properties":{"id":"44208:493153744","meshCode":"493153744","cityCode":"44208","city":"竹田市","lat":33.1479167,"lon":131.434375,"areaKm2":0.2390307,"populated2020":false,"population2020":null,"populationNote":"境界またぎ・収録外等のため自治体内人口は未集計"},"geometry":{"type":"Polygon","coordinates":[[[131.43166810599996,33.14965582900009],[131.43188587500003,33.149635829000026],[131.43318254199994,33.1491180540001],[131.43422059700006,33.14896582900002],[131.43497809300004,33.149020829],[131.43509558999995,33.14910027899998],[131.43502608300014,33.15],[131.4375,33.14999999999999],[131.4375,33.145833333333336],[131.43125,33.145833333333336],[131.43125,33.149512962815066],[131.43166810599996,33.14965582900009]]]}},{"type":"Feature","id":"44208:493153753","properties":{"id":"44208:493153753","meshCode":"493153753","cityCode":"44208","city":"竹田市","lat":33.1479167,"lon":131.440625,"areaKm2":0.2694608,"populated2020":false,"population2020":null,"populationNote":"境界またぎ・収録外等のため自治体内人口は未集計"},"geometry":{"type":"Polygon","coordinates":[[[131.4375,33.145833333333336],[131.4375,33.14999999999999],[131.44375,33.14999999999999],[131.44375,33.14583333333333],[131.4375,33.145833333333336]]]}},{"type":"Feature","id":"44208:493153754","properties":{"id":"44208:493153754","meshCode":"493153754","cityCode":"44208","city":"竹田市","lat":33.1479167,"lon":131.446875,"areaKm2":0.2469005,"populated2020":false,"population2020":null,"populationNote":"境界またぎ・収録外等のため自治体内人口は未集計"},"geometry":{"type":"Polygon","coordinates":[[[131.44796131000012,33.14999947700011],[131.44848333300004,33.149683640000035],[131.44868360600015,33.14890531500003],[131.44918027200006,33.14859892799995],[131.44973971499996,33.14838254100011],[131.45,33.147666847000394],[131.45,33.145833333333336],[131.44375,33.14583333333333],[131.44375,33.14999999999999],[131.44796131000012,33.14999947700011]]]}},{"type":"Feature","id":"44208:493153763","properties":{"id":"44208:493153763","meshCode":"493153763","cityCode":"44208","city":"竹田市","lat":33.1466541,"lon":131.4508992,"areaKm2":0.0297075,"populated2020":false,"population2020":null,"populationNote":"境界またぎ・収録外等のため自治体内人口は未集計"},"geometry":{"type":"Polygon","coordinates":[[[131.45000000000016,33.14766684700004],[131.45017081699996,33.14738503600006],[131.45119942899998,33.147188099000054],[131.45155997400013,33.14693671200013],[131.45222608300003,33.14609643200004],[131.45238885900005,33.14600115300004],[131.45261997400007,33.145940883000044],[131.45323442300014,33.1459642160001],[131.45357921240372,33.145833333333336],[131.45,33.145833333333336],[131.45000000000016,33.14766684700004]]]}},{"type":"Feature","id":"44208:493153811","properties":{"id":"44208:493153811","meshCode":"493153811","cityCode":"44208","city":"竹田市","lat":33.1510842,"lon":131.3920168,"areaKm2":0.0742667,"populated2020":false,"population2020":null,"populationNote":"境界またぎ・収録外等のため自治体内人口は未集計"},"geometry":{"type":"Polygon","coordinates":[[[131.3900466020001,33.15],[131.39016311299997,33.150826252000066],[131.39040422799997,33.151342081],[131.39092145300003,33.151937631000074],[131.39130089499997,33.152100405000056],[131.39245728900016,33.152215386999956],[131.39375,33.151983315858075],[131.39375,33.150000000000006],[131.3900466020001,33.15]]]}},{"type":"Feature","id":"44208:493153812","properties":{"id":"44208:493153812","meshCode":"493153812","cityCode":"44208","city":"竹田市","lat":33.1520833,"lon":131.396875,"areaKm2":0.1199064,"populated2020":false,"population2020":null,"populationNote":"境界またぎ・収録外等のため自治体内人口は未集計"},"geometry":{"type":"Polygon","coordinates":[[[131.39375,33.151983315858075],[131.39520201000016,33.151922567999975],[131.39639228300007,33.15225338700009],[131.39685700400014,33.15230143200006],[131.39749394299997,33.15217559500008],[131.39825644600012,33.151500865],[131.39863533100004,33.15139501800001],[131.4,33.15134764000005],[131.4,33.150000000000006],[131.39375,33.150000000000006],[131.39375,33.151983315858075]]]}},{"type":"Feature","id":"44208:493153821","properties":{"id":"44208:493153821","meshCode":"493153821","cityCode":"44208","city":"竹田市","lat":33.1520833,"lon":131.403125,"areaKm2":0.1602257,"populated2020":false,"population2020":null,"populationNote":"境界またぎ・収録外等のため自治体内人口は未集計"},"geometry":{"type":"Polygon","coordinates":[[[131.4000000520001,33.15134764000004],[131.40037671900006,33.15134194600011],[131.40144089500006,33.151593333],[131.40218533100017,33.15193527900004],[131.40311561600015,33.15216361299996],[131.40359478599999,33.15242000000012],[131.40479811900002,33.15355832399997],[131.40576033700006,33.15395860400008],[131.40586561600014,33.15396832399995],[131.40625,33.15354032487486],[131.40625,33.150000000000006],[131.4,33.150000000000006],[131.4000000520001,33.15134764000004]]]}},{"type":"Feature","id":"44208:493153822","properties":{"id":"44208:493153822","meshCode":"493153822","cityCode":"44208","city":"竹田市","lat":33.1520833,"lon":131.409375,"areaKm2":0.1999343,"populated2020":false,"population2020":null,"populationNote":"境界またぎ・収録外等のため自治体内人口は未集計"},"geometry":{"type":"Polygon","coordinates":[[[131.40625,33.15354032487486],[131.4066620100001,33.15309499100011],[131.40760422800008,33.153124991000084],[131.4094775750001,33.153022207000106],[131.40986312600012,33.15308164900005],[131.410307289,33.15326026100007],[131.41123867700014,33.15298914400012],[131.411782023,33.15296914400005],[131.41203341100004,33.15305526100001],[131.4125,33.15299079977421],[131.4125,33.150000000000006],[131.40625,33.150000000000006],[131.40625,33.15354032487486]]]}},{"type":"Feature","id":"44208:493153831","properties":{"id":"44208:493153831","meshCode":"493153831","cityCode":"44208","city":"竹田市","lat":33.1520833,"lon":131.415625,"areaKm2":0.2144038,"populated2020":false,"population2020":null,"populationNote":"境界またぎ・収録外等のため自治体内人口は未集計"},"geometry":{"type":"Polygon","coordinates":[[[131.413374514,33.152869982000034],[131.41495813200015,33.153233865000054],[131.41541256800008,33.153466369000114],[131.41599618700013,33.153598595000005],[131.4168853440001,33.15395498200012],[131.41714534400012,33.15391526100013],[131.417617575,33.1534963690001],[131.418285071,33.15308859500009],[131.41875,33.153050727774314],[131.41875,33.15],[131.4125,33.150000000000006],[131.4125,33.15299079977421],[131.413374514,33.152869982000034]]]}},{"type":"Feature","id":"44208:493153832","properties":{"id":"44208:493153832","meshCode":"493153832","cityCode":"44208","city":"竹田市","lat":33.1520833,"lon":131.421875,"areaKm2":0.1693712,"populated2020":false,"population2020":null,"populationNote":"境界またぎ・収録外等のため自治体内人口は未集計"},"geometry":{"type":"Polygon","coordinates":[[[131.41875,33.153050727774314],[131.42065645900004,33.15230164899997],[131.42112590099998,33.151858315000084],[131.42138562900004,33.151904703000014],[131.42234062299997,33.15248664900003],[131.42270284000006,33.15310026100003],[131.42301118,33.15330026100003],[131.4234697920001,33.15336803600002],[131.42371534400016,33.15333331500012],[131.42420979200006,33.15301609000005],[131.424385616,33.15277775700014],[131.424251453,33.15246026099999],[131.42434368400006,33.15222886500003],[131.42482145300005,33.1519377570001],[131.425,33.152003486000126],[131.425,33.15],[131.41875,33.15],[131.41875,33.153050727774314]]]}},{"type":"Feature","id":"44208:493153841","properties":{"id":"44208:493153841","meshCode":"493153841","cityCode":"44208","city":"竹田市","lat":33.1508048,"lon":131.4256167,"areaKm2":0.0295495,"populated2020":false,"population2020":null,"populationNote":"境界またぎ・収録外等のため自治体内人口は未集計"},"geometry":{"type":"Polygon","coordinates":[[[131.42500006499995,33.15200350500004],[131.42532395600017,33.15212275700015],[131.42554200999996,33.15212275700014],[131.42577673200003,33.15198387400011],[131.426095058,33.151081090000005],[131.42645534400003,33.150383036],[131.42689950700003,33.15044275699999],[131.42717311299998,33.150398315000075],[131.427838392,33.150045819999946],[131.42819033699993,33.15012526100003],[131.42831914400006,33.15],[131.425,33.15],[131.42500006499995,33.15200350500004]]]}},{"type":"Feature","id":"44208:493153842","properties":{"id":"44208:493153842","meshCode":"493153842","cityCode":"44208","city":"竹田市","lat":33.1510088,"lon":131.4363229,"areaKm2":0.0443526,"populated2020":false,"population2020":null,"populationNote":"境界またぎ・収録外等のため自治体内人口は未集計"},"geometry":{"type":"Polygon","coordinates":[[[131.43502608300014,33.15],[131.43506198399996,33.150813612999976],[131.43522948100008,33.15120389200002],[131.4358961480001,33.15172583800006],[131.4370628150001,33.15221083800004],[131.4371508690001,33.15218750500014],[131.43722198399996,33.15188666699992],[131.4375,33.151684892342395],[131.4375,33.14999999999999],[131.43502608300014,33.15]]]}},{"type":"Feature","id":"44208:493153851","properties":{"id":"44208:493153851","meshCode":"493153851","cityCode":"44208","city":"竹田市","lat":33.150855,"lon":131.4397404,"areaKm2":0.0707464,"populated2020":false,"population2020":null,"populationNote":"境界またぎ・収録外等のため自治体内人口は未集計"},"geometry":{"type":"Polygon","coordinates":[[[131.4375,33.151684892342395],[131.43812697800013,33.15130778400009],[131.43876613500015,33.15125028800015],[131.44101168600002,33.151270288000035],[131.44173474700005,33.15092279300012],[131.44222696500015,33.150787234],[131.44373168599998,33.15061529700012],[131.44375,33.14999999999999],[131.4375,33.14999999999999],[131.4375,33.151684892342395]]]}},{"type":"Feature","id":"44208:493153852","properties":{"id":"44208:493153852","meshCode":"493153852","cityCode":"44208","city":"竹田市","lat":33.1502772,"lon":131.4450446,"areaKm2":0.0124833,"populated2020":false,"population2020":null,"populationNote":"境界またぎ・収録外等のため自治体内人口は未集計"},"geometry":{"type":"Polygon","coordinates":[[[131.44388251600003,33.15046640500003],[131.44597111500013,33.15032502700007],[131.44795974099998,33.15],[131.44375,33.14999999999999],[131.44375,33.15057054079158],[131.44388251600003,33.15046640500003]]]}}]}