{"type":"FeatureCollection","metadata":{"cityCode":"44211","city":"宇佐市","resolution":500,"boundaryDate":"2026-01-01","populationLabel":"2020年基準人口（国交省調整値）","method":"標準地域メッシュ（2分の1地域メッシュ/第3次地域区画）を行政界で切り抜き。判定点は中心、境界外なら区域内代表点。面積は簡略化前の地理座標から計算。表示線は5m簡略化。"},"features":[{"type":"Feature","id":"44211:493172781","properties":{"id":"44211:493172781","meshCode":"493172781","cityCode":"44211","city":"宇佐市","lat":33.3104167,"lon":131.353125,"areaKm2":0.1040445,"populated2020":false,"population2020":null,"populationNote":"境界またぎ・収録外等のため自治体内人口は未集計"},"geometry":{"type":"Polygon","coordinates":[[[131.356196939,33.312498054],[131.355835279,33.312086387],[131.355086109,33.310223333],[131.35411,33.309649721],[131.353186109,33.309523054],[131.352730558,33.309385829],[131.352274994,33.310483612999995],[131.35210083,33.310631387],[131.351484994,33.31157861300001],[131.351498054,33.312190559],[131.35112524687565,33.3125],[131.356196939,33.312498054]]]}},{"type":"Feature","id":"44211:493172764","properties":{"id":"44211:493172764","meshCode":"493172764","cityCode":"44211","city":"宇佐市","lat":33.3160841,"lon":131.3366969,"areaKm2":0.0179184,"populated2020":false,"population2020":null,"populationNote":"境界またぎ・収録外等のため自治体内人口は未集計"},"geometry":{"type":"Polygon","coordinates":[[[131.3375,33.31564276437669],[131.335568586,33.316203404999996],[131.33453830158538,33.31666666666667],[131.3375,33.31666666666667],[131.3375,33.31564276437669]]]}},{"type":"Feature","id":"44211:493172773","properties":{"id":"44211:493172773","meshCode":"493172773","cityCode":"44211","city":"宇佐市","lat":33.3161547,"lon":131.340625,"areaKm2":0.0797627,"populated2020":false,"population2020":null,"populationNote":"境界またぎ・収録外等のため自治体内人口は未集計"},"geometry":{"type":"Polygon","coordinates":[[[131.34375,33.31524407315459],[131.343282361,33.31518864899999],[131.342340156,33.315188649],[131.341286835,33.31552643199999],[131.33953882,33.315628108000006],[131.338614955,33.315413396000004],[131.337906913,33.31554645000001],[131.3375,33.31564276437669],[131.3375,33.31666666666667],[131.34375,33.31666666666666],[131.34375,33.31524407315459]]]}},{"type":"Feature","id":"44211:493172774","properties":{"id":"44211:493172774","meshCode":"493172774","cityCode":"44211","city":"宇佐市","lat":33.3145833,"lon":131.346875,"areaKm2":0.1775118,"populated2020":false,"population2020":null,"populationNote":"境界またぎ・収録外等のため自治体内人口は未集計"},"geometry":{"type":"Polygon","coordinates":[[[131.349371958,33.313501667],[131.348166706,33.313192234],[131.347096719,33.313268351],[131.346422568,33.313490018],[131.345859805,33.31458391],[131.3455562,33.314692802],[131.344908716,33.314696414],[131.34419345,33.315121973],[131.34375,33.31524407315459],[131.34375,33.31666666666666],[131.35,33.31666666666667],[131.35,33.31356113500001],[131.349371958,33.313501667]]]}},{"type":"Feature","id":"44211:493172783","properties":{"id":"44211:493172783","meshCode":"493172783","cityCode":"44211","city":"宇佐市","lat":33.3145833,"lon":131.353125,"areaKm2":0.2611542,"populated2020":false,"population2020":null,"populationNote":"境界またぎ・収録外等のため自治体内人口は未集計"},"geometry":{"type":"Polygon","coordinates":[[[131.35619896213638,33.3125],[131.35112524687565,33.3125],[131.35033,33.313578891999995],[131.35,33.31356113500001],[131.35,33.31666666666667],[131.35625000000002,33.31666666666666],[131.35619896213638,33.3125]]]}},{"type":"Feature","id":"44211:493172784","properties":{"id":"44211:493172784","meshCode":"493172784","cityCode":"44211","city":"宇佐市","lat":33.314699,"lon":131.357437,"areaKm2":0.1150973,"populated2020":false,"population2020":null,"populationNote":"境界またぎ・収録外等のため自治体内人口は未集計"},"geometry":{"type":"Polygon","coordinates":[[[131.3625,33.316037921669356],[131.361549442,33.315761667000004],[131.360794721,33.315740559],[131.360257497,33.31561110799999],[131.359346667,33.315698892],[131.359123606,33.315793892],[131.35890917,33.315466667],[131.358690272,33.31481222499999],[131.35823166,33.314121387],[131.357267224,33.313477775],[131.35625000000002,33.31254909193681],[131.35625000000002,33.31666666666666],[131.3625,33.31666666666666],[131.3625,33.316037921669356]]]}},{"type":"Feature","id":"44211:493172793","properties":{"id":"44211:493172793","meshCode":"493172793","cityCode":"44211","city":"宇佐市","lat":33.3162681,"lon":131.3629479,"areaKm2":0.0188247,"populated2020":false,"population2020":null,"populationNote":"境界またぎ・収録外等のため自治体内人口は未集計"},"geometry":{"type":"Polygon","coordinates":[[[131.36850917,33.31647833299999],[131.36800917,33.31640082900001],[131.364287782,33.31643305400001],[131.36388917,33.316394721],[131.3625,33.316037921669356],[131.3625,33.31666666666666],[131.36875,33.31666666666666],[131.36875,33.31659869463631],[131.36850917,33.31647833299999]]]}},{"type":"Feature","id":"44211:493172794","properties":{"id":"44211:493172794","meshCode":"493172794","cityCode":"44211","city":"宇佐市","lat":33.3166327,"lon":131.368784,"areaKm2":4.77e-05,"populated2020":false,"population2020":null,"populationNote":"境界またぎ・収録外等のため自治体内人口は未集計"},"geometry":{"type":"Polygon","coordinates":[[[131.36875,33.31659869463631],[131.36875,33.31666666666666],[131.36888600433306,33.31666666666667],[131.36875,33.31659869463631]]]}},{"type":"Feature","id":"44211:493172852","properties":{"id":"44211:493172852","meshCode":"493172852","cityCode":"44211","city":"宇佐市","lat":33.3207992,"lon":131.3249531,"areaKm2":6.61e-05,"populated2020":false,"population2020":null,"populationNote":"境界またぎ・収録外等のため自治体内人口は未集計"},"geometry":{"type":"Polygon","coordinates":[[[131.3248124602071,33.32083333333333],[131.325,33.32083333333333],[131.325,33.32076509],[131.3248124602071,33.32083333333333]]]}},{"type":"Feature","id":"44211:493172861","properties":{"id":"44211:493172861","meshCode":"493172861","cityCode":"44211","city":"宇佐市","lat":33.3197562,"lon":131.329705,"areaKm2":0.0693652,"populated2020":false,"population2020":null,"populationNote":"境界またぎ・収録外等のため自治体内人口は未集計"},"geometry":{"type":"Polygon","coordinates":[[[131.331240804,33.318360919],[131.330645811,33.318929811],[131.329953593,33.318919252],[131.329505538,33.319076757],[131.328693307,33.319450928],[131.327009702,33.320491486],[131.326317756,33.32062427],[131.325509987,33.32056149499999],[131.325,33.32076509],[131.325,33.32083333333333],[131.33125,33.320833333333326],[131.331240804,33.318360919]]]}},{"type":"Feature","id":"44211:493172862","properties":{"id":"44211:493172862","meshCode":"493172862","cityCode":"44211","city":"宇佐市","lat":33.31875,"lon":131.334375,"areaKm2":0.2419061,"populated2020":false,"population2020":null,"populationNote":"境界またぎ・収録外等のため自治体内人口は未集計"},"geometry":{"type":"Polygon","coordinates":[[[131.334538301,33.31666666700001],[131.333434981,33.317297018],[131.332153035,33.317687027],[131.33125,33.31835243961019],[131.33125,33.320833333333326],[131.3375,33.32083333333333],[131.3375,33.31666666666667],[131.334538301,33.31666666700001]]]}},{"type":"Feature","id":"44211:493172871","properties":{"id":"44211:493172871","meshCode":"493172871","cityCode":"44211","city":"宇佐市","lat":33.31875,"lon":131.340625,"areaKm2":0.2689448,"populated2020":false,"population2020":null,"populationNote":"境界またぎ・収録外等のため自治体内人口は未集計"},"geometry":{"type":"Polygon","coordinates":[[[131.3375,33.31666666666667],[131.3375,33.32083333333333],[131.34375,33.32083333333333],[131.34375,33.31666666666666],[131.3375,33.31666666666667]]]}},{"type":"Feature","id":"44211:493172872","properties":{"id":"44211:493172872","meshCode":"493172872","cityCode":"44211","city":"宇佐市","lat":33.31875,"lon":131.346875,"areaKm2":0.2689448,"populated2020":false,"population2020":null,"populationNote":"境界またぎ・収録外等のため自治体内人口は未集計"},"geometry":{"type":"Polygon","coordinates":[[[131.34375,33.31666666666666],[131.34375,33.32083333333333],[131.35,33.320833333333326],[131.35,33.31666666666667],[131.34375,33.31666666666666]]]}},{"type":"Feature","id":"44211:493172881","properties":{"id":"44211:493172881","meshCode":"493172881","cityCode":"44211","city":"宇佐市","lat":33.31875,"lon":131.353125,"areaKm2":0.2689448,"populated2020":false,"population2020":null,"populationNote":"境界またぎ・収録外等のため自治体内人口は未集計"},"geometry":{"type":"Polygon","coordinates":[[[131.35,33.31666666666667],[131.35,33.320833333333326],[131.35625000000002,33.32083333333333],[131.35625000000002,33.31666666666666],[131.35,33.31666666666667]]]}},{"type":"Feature","id":"44211:493172882","properties":{"id":"44211:493172882","meshCode":"493172882","cityCode":"44211","city":"宇佐市","lat":33.31875,"lon":131.359375,"areaKm2":0.2689448,"populated2020":false,"population2020":null,"populationNote":"境界またぎ・収録外等のため自治体内人口は未集計"},"geometry":{"type":"Polygon","coordinates":[[[131.35625000000002,33.31666666666666],[131.35625000000002,33.32083333333333],[131.3625,33.32083333333334],[131.3625,33.31666666666666],[131.35625000000002,33.31666666666666]]]}},{"type":"Feature","id":"44211:493172891","properties":{"id":"44211:493172891","meshCode":"493172891","cityCode":"44211","city":"宇佐市","lat":33.31875,"lon":131.365625,"areaKm2":0.2689448,"populated2020":false,"population2020":null,"populationNote":"境界またぎ・収録外等のため自治体内人口は未集計"},"geometry":{"type":"Polygon","coordinates":[[[131.3625,33.31666666666666],[131.3625,33.32083333333334],[131.36875,33.32083333333333],[131.36875,33.31666666666666],[131.3625,33.31666666666666]]]}},{"type":"Feature","id":"44211:493172892","properties":{"id":"44211:493172892","meshCode":"493172892","cityCode":"44211","city":"宇佐市","lat":33.31875,"lon":131.371875,"areaKm2":0.1449856,"populated2020":true,"population2020":null,"populationNote":"境界またぎ・収録外等のため自治体内人口は未集計"},"geometry":{"type":"Polygon","coordinates":[[[131.37447815763946,33.32083333333333],[131.373664449,33.320146387],[131.373293061,33.319586666999996],[131.372873061,33.319238613],[131.372594721,33.31864194600001],[131.37240083,33.31847777500001],[131.371538885,33.31802389200001],[131.37048083,33.317647775],[131.369121115,33.316784162],[131.36875,33.31666666666666],[131.36875,33.32083333333333],[131.37447815763946,33.32083333333333]]]}},{"type":"Feature","id":"44211:493172844","properties":{"id":"44211:493172844","meshCode":"493172844","cityCode":"44211","city":"宇佐市","lat":33.3241533,"lon":131.3124721,"areaKm2":0.0044034,"populated2020":false,"population2020":null,"populationNote":"境界またぎ・収録外等のため自治体内人口は未集計"},"geometry":{"type":"Polygon","coordinates":[[[131.3125,33.32343038160025],[131.312444436,33.324490684999994],[131.312328885,33.324690135000004],[131.312058327,33.32482291],[131.310766667,33.324829856],[131.310555136,33.325],[131.3125,33.325],[131.3125,33.32343038160025]]]}},{"type":"Feature","id":"44211:493172853","properties":{"id":"44211:493172853","meshCode":"493172853","cityCode":"44211","city":"宇佐市","lat":33.3229167,"lon":131.315625,"areaKm2":0.1833083,"populated2020":false,"population2020":null,"populationNote":"境界またぎ・収録外等のため自治体内人口は未集計"},"geometry":{"type":"Polygon","coordinates":[[[131.31875,33.32163620190503],[131.317753048,33.321902225],[131.316479429,33.321821981999996],[131.315893606,33.32188144100001],[131.314117211,33.322475369],[131.312674721,33.32282845900001],[131.3125,33.32343038160025],[131.3125,33.325],[131.31875,33.325],[131.31875,33.32163620190503]]]}},{"type":"Feature","id":"44211:493172854","properties":{"id":"44211:493172854","meshCode":"493172854","cityCode":"44211","city":"宇佐市","lat":33.3229167,"lon":131.321875,"areaKm2":0.2512213,"populated2020":false,"population2020":null,"populationNote":"境界またぎ・収録外等のため自治体内人口は未集計"},"geometry":{"type":"Polygon","coordinates":[[[131.325,33.32083333333333],[131.324278872,33.320969568],[131.322935538,33.320972937],[131.322500545,33.32106738699999],[131.320075824,33.321171891999995],[131.31875,33.32163620190503],[131.31875,33.325],[131.325,33.325],[131.325,33.32083333333333]]]}},{"type":"Feature","id":"44211:493172863","properties":{"id":"44211:493172863","meshCode":"493172863","cityCode":"44211","city":"宇佐市","lat":33.3229167,"lon":131.328125,"areaKm2":0.2689322,"populated2020":false,"population2020":null,"populationNote":"境界またぎ・収録外等のため自治体内人口は未集計"},"geometry":{"type":"Polygon","coordinates":[[[131.325,33.32083333333333],[131.325,33.325],[131.33125,33.324999999999996],[131.33125,33.320833333333326],[131.325,33.32083333333333]]]}},{"type":"Feature","id":"44211:493172864","properties":{"id":"44211:493172864","meshCode":"493172864","cityCode":"44211","city":"宇佐市","lat":33.3229167,"lon":131.334375,"areaKm2":0.2689322,"populated2020":false,"population2020":null,"populationNote":"境界またぎ・収録外等のため自治体内人口は未集計"},"geometry":{"type":"Polygon","coordinates":[[[131.33125,33.320833333333326],[131.33125,33.324999999999996],[131.3375,33.324999999999996],[131.3375,33.32083333333333],[131.33125,33.320833333333326]]]}},{"type":"Feature","id":"44211:493172873","properties":{"id":"44211:493172873","meshCode":"493172873","cityCode":"44211","city":"宇佐市","lat":33.3229167,"lon":131.340625,"areaKm2":0.2689322,"populated2020":false,"population2020":null,"populationNote":"境界またぎ・収録外等のため自治体内人口は未集計"},"geometry":{"type":"Polygon","coordinates":[[[131.3375,33.32083333333333],[131.3375,33.324999999999996],[131.34375,33.324999999999996],[131.34375,33.32083333333333],[131.3375,33.32083333333333]]]}},{"type":"Feature","id":"44211:493172874","properties":{"id":"44211:493172874","meshCode":"493172874","cityCode":"44211","city":"宇佐市","lat":33.3229167,"lon":131.346875,"areaKm2":0.2689322,"populated2020":false,"population2020":null,"populationNote":"境界またぎ・収録外等のため自治体内人口は未集計"},"geometry":{"type":"Polygon","coordinates":[[[131.34375,33.32083333333333],[131.34375,33.324999999999996],[131.35,33.324999999999996],[131.35,33.320833333333326],[131.34375,33.32083333333333]]]}},{"type":"Feature","id":"44211:493172883","properties":{"id":"44211:493172883","meshCode":"493172883","cityCode":"44211","city":"宇佐市","lat":33.3229167,"lon":131.353125,"areaKm2":0.2689322,"populated2020":false,"population2020":null,"populationNote":"境界またぎ・収録外等のため自治体内人口は未集計"},"geometry":{"type":"Polygon","coordinates":[[[131.35,33.320833333333326],[131.35,33.324999999999996],[131.35625000000002,33.324999999999996],[131.35625000000002,33.32083333333333],[131.35,33.320833333333326]]]}},{"type":"Feature","id":"44211:493172884","properties":{"id":"44211:493172884","meshCode":"493172884","cityCode":"44211","city":"宇佐市","lat":33.3229167,"lon":131.359375,"areaKm2":0.2689322,"populated2020":false,"population2020":null,"populationNote":"境界またぎ・収録外等のため自治体内人口は未集計"},"geometry":{"type":"Polygon","coordinates":[[[131.35625000000002,33.32083333333333],[131.35625000000002,33.324999999999996],[131.3625,33.324999999999996],[131.3625,33.32083333333334],[131.35625000000002,33.32083333333333]]]}},{"type":"Feature","id":"44211:493172893","properties":{"id":"44211:493172893","meshCode":"493172893","cityCode":"44211","city":"宇佐市","lat":33.3229167,"lon":131.365625,"areaKm2":0.2689322,"populated2020":true,"population2020":6.0423,"populationNote":"2020年基準人口（国交省調整値）"},"geometry":{"type":"Polygon","coordinates":[[[131.3625,33.32083333333334],[131.3625,33.324999999999996],[131.36875,33.325],[131.36875,33.32083333333333],[131.3625,33.32083333333334]]]}},{"type":"Feature","id":"44211:493172894","properties":{"id":"44211:493172894","meshCode":"493172894","cityCode":"44211","city":"宇佐市","lat":33.3229167,"lon":131.371875,"areaKm2":0.2274323,"populated2020":true,"population2020":null,"populationNote":"境界またぎ・収録外等のため自治体内人口は未集計"},"geometry":{"type":"Polygon","coordinates":[[[131.373991855,33.324999999999996],[131.373104721,33.324431667],[131.37339027200002,33.323739999999994],[131.374988612,33.321511107999996],[131.37447815763946,33.32083333333333],[131.36875,33.32083333333333],[131.36875,33.325],[131.373991855,33.324999999999996]]]}},{"type":"Feature","id":"44211:493172942","properties":{"id":"44211:493172942","meshCode":"493172942","cityCode":"44211","city":"宇佐市","lat":33.3270833,"lon":131.309375,"areaKm2":0.1532686,"populated2020":false,"population2020":null,"populationNote":"境界またぎ・収録外等のため自治体内人口は未集計"},"geometry":{"type":"Polygon","coordinates":[[[131.310554773,33.325000405],[131.309008327,33.32684096399999],[131.308688885,33.327092631],[131.308294163,33.327578459],[131.308131115,33.328125685],[131.30807355330802,33.32916666666667],[131.3125,33.32916666666667],[131.3125,33.325],[131.310554773,33.325000405]]]}},{"type":"Feature","id":"44211:493172951","properties":{"id":"44211:493172951","meshCode":"493172951","cityCode":"44211","city":"宇佐市","lat":33.3270833,"lon":131.315625,"areaKm2":0.2689195,"populated2020":false,"population2020":null,"populationNote":"境界またぎ・収録外等のため自治体内人口は未集計"},"geometry":{"type":"Polygon","coordinates":[[[131.3125,33.325],[131.3125,33.32916666666667],[131.31875,33.32916666666667],[131.31875,33.325],[131.3125,33.325]]]}},{"type":"Feature","id":"44211:493172952","properties":{"id":"44211:493172952","meshCode":"493172952","cityCode":"44211","city":"宇佐市","lat":33.3270833,"lon":131.321875,"areaKm2":0.2689195,"populated2020":false,"population2020":null,"populationNote":"境界またぎ・収録外等のため自治体内人口は未集計"},"geometry":{"type":"Polygon","coordinates":[[[131.31875,33.325],[131.31875,33.32916666666667],[131.325,33.32916666666667],[131.325,33.325],[131.31875,33.325]]]}},{"type":"Feature","id":"44211:493172961","properties":{"id":"44211:493172961","meshCode":"493172961","cityCode":"44211","city":"宇佐市","lat":33.3270833,"lon":131.328125,"areaKm2":0.2689195,"populated2020":false,"population2020":null,"populationNote":"境界またぎ・収録外等のため自治体内人口は未集計"},"geometry":{"type":"Polygon","coordinates":[[[131.325,33.325],[131.325,33.32916666666667],[131.33125,33.32916666666667],[131.33125,33.324999999999996],[131.325,33.325]]]}},{"type":"Feature","id":"44211:493172962","properties":{"id":"44211:493172962","meshCode":"493172962","cityCode":"44211","city":"宇佐市","lat":33.3270833,"lon":131.334375,"areaKm2":0.2689195,"populated2020":false,"population2020":null,"populationNote":"境界またぎ・収録外等のため自治体内人口は未集計"},"geometry":{"type":"Polygon","coordinates":[[[131.33125,33.324999999999996],[131.33125,33.32916666666667],[131.3375,33.32916666666667],[131.3375,33.324999999999996],[131.33125,33.324999999999996]]]}},{"type":"Feature","id":"44211:493172971","properties":{"id":"44211:493172971","meshCode":"493172971","cityCode":"44211","city":"宇佐市","lat":33.3270833,"lon":131.340625,"areaKm2":0.2689195,"populated2020":false,"population2020":null,"populationNote":"境界またぎ・収録外等のため自治体内人口は未集計"},"geometry":{"type":"Polygon","coordinates":[[[131.3375,33.324999999999996],[131.3375,33.32916666666667],[131.34375,33.32916666666667],[131.34375,33.324999999999996],[131.3375,33.324999999999996]]]}},{"type":"Feature","id":"44211:493172972","properties":{"id":"44211:493172972","meshCode":"493172972","cityCode":"44211","city":"宇佐市","lat":33.3270833,"lon":131.346875,"areaKm2":0.2689195,"populated2020":false,"population2020":null,"populationNote":"境界またぎ・収録外等のため自治体内人口は未集計"},"geometry":{"type":"Polygon","coordinates":[[[131.34375,33.324999999999996],[131.34375,33.32916666666667],[131.35,33.32916666666667],[131.35,33.324999999999996],[131.34375,33.324999999999996]]]}},{"type":"Feature","id":"44211:493172981","properties":{"id":"44211:493172981","meshCode":"493172981","cityCode":"44211","city":"宇佐市","lat":33.3270833,"lon":131.353125,"areaKm2":0.2689195,"populated2020":false,"population2020":null,"populationNote":"境界またぎ・収録外等のため自治体内人口は未集計"},"geometry":{"type":"Polygon","coordinates":[[[131.35,33.324999999999996],[131.35,33.32916666666667],[131.35625000000002,33.32916666666667],[131.35625000000002,33.324999999999996],[131.35,33.324999999999996]]]}},{"type":"Feature","id":"44211:493172982","properties":{"id":"44211:493172982","meshCode":"493172982","cityCode":"44211","city":"宇佐市","lat":33.3270833,"lon":131.359375,"areaKm2":0.2689195,"populated2020":false,"population2020":null,"populationNote":"境界またぎ・収録外等のため自治体内人口は未集計"},"geometry":{"type":"Polygon","coordinates":[[[131.35625000000002,33.324999999999996],[131.35625000000002,33.32916666666667],[131.3625,33.32916666666667],[131.3625,33.324999999999996],[131.35625000000002,33.324999999999996]]]}},{"type":"Feature","id":"44211:493172991","properties":{"id":"44211:493172991","meshCode":"493172991","cityCode":"44211","city":"宇佐市","lat":33.3270833,"lon":131.365625,"areaKm2":0.2689195,"populated2020":false,"population2020":null,"populationNote":"境界またぎ・収録外等のため自治体内人口は未集計"},"geometry":{"type":"Polygon","coordinates":[[[131.3625,33.324999999999996],[131.3625,33.32916666666667],[131.36875,33.32916666666667],[131.36875,33.325],[131.3625,33.324999999999996]]]}},{"type":"Feature","id":"44211:493172992","properties":{"id":"44211:493172992","meshCode":"493172992","cityCode":"44211","city":"宇佐市","lat":33.3270833,"lon":131.371875,"areaKm2":0.2654297,"populated2020":false,"population2020":null,"populationNote":"境界またぎ・収録外等のため自治体内人口は未集計"},"geometry":{"type":"Polygon","coordinates":[[[131.374682218,33.325495559],[131.373991855,33.324999999999996],[131.36875,33.325],[131.36875,33.32916666666667],[131.375,33.32916666666667],[131.375,33.325488532],[131.374682218,33.325495559]]]}},{"type":"Feature","id":"44211:493173901","properties":{"id":"44211:493173901","meshCode":"493173901","cityCode":"44211","city":"宇佐市","lat":33.3270833,"lon":131.378125,"areaKm2":0.1966424,"populated2020":false,"population2020":null,"populationNote":"境界またぎ・収録外等のため自治体内人口は未集計"},"geometry":{"type":"Polygon","coordinates":[[[131.38125,33.326907175900295],[131.378552218,33.326516108],[131.377218612,33.325469721000005],[131.375,33.325488532],[131.375,33.32916666666667],[131.38125,33.32916666666667],[131.38125,33.326907175900295]]]}},{"type":"Feature","id":"44211:493173902","properties":{"id":"44211:493173902","meshCode":"493173902","cityCode":"44211","city":"宇佐市","lat":33.3270833,"lon":131.384375,"areaKm2":0.1647112,"populated2020":false,"population2020":null,"populationNote":"境界またぎ・収録外等のため自治体内人口は未集計"},"geometry":{"type":"Polygon","coordinates":[[[131.3875,33.3257999005261],[131.38569917,33.326603053999996],[131.384487497,33.326522225000005],[131.383582503,33.326887225],[131.38313,33.32681500000001],[131.38286610900002,33.32686610799999],[131.38264,33.327010279],[131.382042218,33.327090829],[131.38125,33.326907175900295],[131.38125,33.32916666666667],[131.3875,33.32916666666667],[131.3875,33.3257999005261]]]}},{"type":"Feature","id":"44211:493173911","properties":{"id":"44211:493173911","meshCode":"493173911","cityCode":"44211","city":"宇佐市","lat":33.3270833,"lon":131.390625,"areaKm2":0.2197306,"populated2020":false,"population2020":null,"populationNote":"境界またぎ・収録外等のため自治体内人口は未集計"},"geometry":{"type":"Polygon","coordinates":[[[131.393584449,33.32562],[131.392091115,33.325708613],[131.391837782,33.325874162],[131.391616939,33.325895279],[131.39056166,33.32557277499999],[131.389613891,33.326001387],[131.389247497,33.325717225],[131.388712218,33.325882225],[131.387807497,33.32575082900001],[131.3875,33.3257999005261],[131.3875,33.32916666666667],[131.39375,33.32916666666667],[131.39375,33.32554653202574],[131.393584449,33.32562]]]}},{"type":"Feature","id":"44211:493173912","properties":{"id":"44211:493173912","meshCode":"493173912","cityCode":"44211","city":"宇佐市","lat":33.3270833,"lon":131.396875,"areaKm2":0.203705,"populated2020":false,"population2020":null,"populationNote":"境界またぎ・収録外等のため自治体内人口は未集計"},"geometry":{"type":"Polygon","coordinates":[[[131.398217782,33.329151108],[131.398496667,33.328633054],[131.39899,33.328223892000004],[131.399149442,33.32797055899999],[131.398959442,33.32723805399999],[131.399089442,33.326417774999996],[131.399008612,33.32539444100001],[131.398481946,33.32538249499999],[131.397614994,33.32523389200001],[131.397128054,33.325250559],[131.396034721,33.325462775],[131.39500083,33.325297495],[131.394564721,33.325306108],[131.39409083,33.325395279],[131.39375,33.32554653202574],[131.39375,33.32916666666667],[131.398217782,33.329151108]]]}},{"type":"Feature","id":"44211:493172944","properties":{"id":"44211:493172944","meshCode":"493172944","cityCode":"44211","city":"宇佐市","lat":33.33125,"lon":131.309375,"areaKm2":0.2021753,"populated2020":false,"population2020":null,"populationNote":"境界またぎ・収録外等のため自治体内人口は未集計"},"geometry":{"type":"Polygon","coordinates":[[[131.30807355330802,33.32916666666667],[131.308006667,33.330294847],[131.308135551,33.33181318],[131.307505279,33.332278171],[131.307052776,33.332994838000005],[131.30692778187992,33.333333333333336],[131.3125,33.333333333333336],[131.3125,33.32916666666667],[131.30807355330802,33.32916666666667]]]}},{"type":"Feature","id":"44211:493172953","properties":{"id":"44211:493172953","meshCode":"493172953","cityCode":"44211","city":"宇佐市","lat":33.33125,"lon":131.315625,"areaKm2":0.2689069,"populated2020":false,"population2020":null,"populationNote":"境界またぎ・収録外等のため自治体内人口は未集計"},"geometry":{"type":"Polygon","coordinates":[[[131.3125,33.32916666666667],[131.3125,33.333333333333336],[131.31875,33.333333333333336],[131.31875,33.32916666666667],[131.3125,33.32916666666667]]]}},{"type":"Feature","id":"44211:493172954","properties":{"id":"44211:493172954","meshCode":"493172954","cityCode":"44211","city":"宇佐市","lat":33.33125,"lon":131.321875,"areaKm2":0.2689069,"populated2020":false,"population2020":null,"populationNote":"境界またぎ・収録外等のため自治体内人口は未集計"},"geometry":{"type":"Polygon","coordinates":[[[131.31875,33.32916666666667],[131.31875,33.333333333333336],[131.325,33.333333333333336],[131.325,33.32916666666667],[131.31875,33.32916666666667]]]}},{"type":"Feature","id":"44211:493172963","properties":{"id":"44211:493172963","meshCode":"493172963","cityCode":"44211","city":"宇佐市","lat":33.33125,"lon":131.328125,"areaKm2":0.2689069,"populated2020":false,"population2020":null,"populationNote":"境界またぎ・収録外等のため自治体内人口は未集計"},"geometry":{"type":"Polygon","coordinates":[[[131.325,33.32916666666667],[131.325,33.333333333333336],[131.33125,33.33333333333333],[131.33125,33.32916666666667],[131.325,33.32916666666667]]]}},{"type":"Feature","id":"44211:493172964","properties":{"id":"44211:493172964","meshCode":"493172964","cityCode":"44211","city":"宇佐市","lat":33.33125,"lon":131.334375,"areaKm2":0.2689069,"populated2020":false,"population2020":null,"populationNote":"境界またぎ・収録外等のため自治体内人口は未集計"},"geometry":{"type":"Polygon","coordinates":[[[131.33125,33.32916666666667],[131.33125,33.33333333333333],[131.3375,33.33333333333333],[131.3375,33.32916666666667],[131.33125,33.32916666666667]]]}},{"type":"Feature","id":"44211:493172973","properties":{"id":"44211:493172973","meshCode":"493172973","cityCode":"44211","city":"宇佐市","lat":33.33125,"lon":131.340625,"areaKm2":0.2689069,"populated2020":false,"population2020":null,"populationNote":"境界またぎ・収録外等のため自治体内人口は未集計"},"geometry":{"type":"Polygon","coordinates":[[[131.3375,33.32916666666667],[131.3375,33.33333333333333],[131.34375,33.333333333333336],[131.34375,33.32916666666667],[131.3375,33.32916666666667]]]}},{"type":"Feature","id":"44211:493172974","properties":{"id":"44211:493172974","meshCode":"493172974","cityCode":"44211","city":"宇佐市","lat":33.33125,"lon":131.346875,"areaKm2":0.2689069,"populated2020":false,"population2020":null,"populationNote":"境界またぎ・収録外等のため自治体内人口は未集計"},"geometry":{"type":"Polygon","coordinates":[[[131.34375,33.32916666666667],[131.34375,33.333333333333336],[131.35,33.33333333333333],[131.35,33.32916666666667],[131.34375,33.32916666666667]]]}},{"type":"Feature","id":"44211:493172983","properties":{"id":"44211:493172983","meshCode":"493172983","cityCode":"44211","city":"宇佐市","lat":33.33125,"lon":131.353125,"areaKm2":0.2689069,"populated2020":false,"population2020":null,"populationNote":"境界またぎ・収録外等のため自治体内人口は未集計"},"geometry":{"type":"Polygon","coordinates":[[[131.35,33.32916666666667],[131.35,33.33333333333333],[131.35625000000002,33.333333333333336],[131.35625000000002,33.32916666666667],[131.35,33.32916666666667]]]}},{"type":"Feature","id":"44211:493172984","properties":{"id":"44211:493172984","meshCode":"493172984","cityCode":"44211","city":"宇佐市","lat":33.33125,"lon":131.359375,"areaKm2":0.2689069,"populated2020":false,"population2020":null,"populationNote":"境界またぎ・収録外等のため自治体内人口は未集計"},"geometry":{"type":"Polygon","coordinates":[[[131.35625000000002,33.32916666666667],[131.35625000000002,33.333333333333336],[131.3625,33.333333333333336],[131.3625,33.32916666666667],[131.35625000000002,33.32916666666667]]]}},{"type":"Feature","id":"44211:493172993","properties":{"id":"44211:493172993","meshCode":"493172993","cityCode":"44211","city":"宇佐市","lat":33.33125,"lon":131.365625,"areaKm2":0.2689069,"populated2020":false,"population2020":null,"populationNote":"境界またぎ・収録外等のため自治体内人口は未集計"},"geometry":{"type":"Polygon","coordinates":[[[131.3625,33.32916666666667],[131.3625,33.333333333333336],[131.36875,33.333333333333336],[131.36875,33.32916666666667],[131.3625,33.32916666666667]]]}},{"type":"Feature","id":"44211:493172994","properties":{"id":"44211:493172994","meshCode":"493172994","cityCode":"44211","city":"宇佐市","lat":33.33125,"lon":131.371875,"areaKm2":0.2689069,"populated2020":false,"population2020":null,"populationNote":"境界またぎ・収録外等のため自治体内人口は未集計"},"geometry":{"type":"Polygon","coordinates":[[[131.36875,33.32916666666667],[131.36875,33.333333333333336],[131.375,33.33333333333334],[131.375,33.32916666666667],[131.36875,33.32916666666667]]]}},{"type":"Feature","id":"44211:493173903","properties":{"id":"44211:493173903","meshCode":"493173903","cityCode":"44211","city":"宇佐市","lat":33.33125,"lon":131.378125,"areaKm2":0.2689069,"populated2020":false,"population2020":null,"populationNote":"境界またぎ・収録外等のため自治体内人口は未集計"},"geometry":{"type":"Polygon","coordinates":[[[131.375,33.32916666666667],[131.375,33.33333333333334],[131.38125,33.333333333333336],[131.38125,33.32916666666667],[131.375,33.32916666666667]]]}},{"type":"Feature","id":"44211:493173904","properties":{"id":"44211:493173904","meshCode":"493173904","cityCode":"44211","city":"宇佐市","lat":33.33125,"lon":131.384375,"areaKm2":0.2689069,"populated2020":false,"population2020":null,"populationNote":"境界またぎ・収録外等のため自治体内人口は未集計"},"geometry":{"type":"Polygon","coordinates":[[[131.38125,33.32916666666667],[131.38125,33.333333333333336],[131.3875,33.333333333333336],[131.3875,33.32916666666667],[131.38125,33.32916666666667]]]}},{"type":"Feature","id":"44211:493173913","properties":{"id":"44211:493173913","meshCode":"493173913","cityCode":"44211","city":"宇佐市","lat":33.33125,"lon":131.390625,"areaKm2":0.2689069,"populated2020":false,"population2020":null,"populationNote":"境界またぎ・収録外等のため自治体内人口は未集計"},"geometry":{"type":"Polygon","coordinates":[[[131.3875,33.32916666666667],[131.3875,33.333333333333336],[131.39375,33.333333333333336],[131.39375,33.32916666666667],[131.3875,33.32916666666667]]]}},{"type":"Feature","id":"44211:493173914","properties":{"id":"44211:493173914","meshCode":"493173914","cityCode":"44211","city":"宇佐市","lat":33.33125,"lon":131.396875,"areaKm2":0.1585284,"populated2020":false,"population2020":null,"populationNote":"境界またぎ・収録外等のため自治体内人口は未集計"},"geometry":{"type":"Polygon","coordinates":[[[131.396901051,33.333333332999985],[131.39737,33.332356108],[131.397480272,33.331758613000005],[131.396997497,33.330676108],[131.39697083,33.330355829],[131.397134163,33.330227225],[131.397837224,33.330127495000006],[131.398110558,33.32997249500001],[131.398193606,33.32980277499999],[131.39821080245332,33.32916666666667],[131.39375,33.32916666666667],[131.39375,33.333333333333336],[131.396901051,33.333333332999985]]]}},{"type":"Feature","id":"44211:503102012","properties":{"id":"44211:503102012","meshCode":"503102012","cityCode":"44211","city":"宇佐市","lat":33.3372804,"lon":131.2749037,"areaKm2":0.0008827,"populated2020":false,"population2020":null,"populationNote":"境界またぎ・収録外等のため自治体内人口は未集計"},"geometry":{"type":"Polygon","coordinates":[[[131.275,33.33710619800001],[131.27457598798932,33.337500000000006],[131.275,33.3375],[131.275,33.33710619800001]]]}},{"type":"Feature","id":"44211:503102021","properties":{"id":"44211:503102021","meshCode":"503102021","cityCode":"44211","city":"宇佐市","lat":33.3354167,"lon":131.278125,"areaKm2":0.1442713,"populated2020":false,"population2020":null,"populationNote":"境界またぎ・収録外等のため自治体内人口は未集計"},"geometry":{"type":"Polygon","coordinates":[[[131.28125,33.33507645849394],[131.28069751,33.334965387],[131.280266122,33.33506038699999],[131.279514462,33.33476011700001],[131.279010298,33.334680667],[131.278603904,33.334804279],[131.277612516,33.33493678399999],[131.276090856,33.335754279],[131.275746407,33.33606845],[131.275471971,33.336669009000005],[131.275,33.33710619800001],[131.275,33.3375],[131.28125,33.33749999999999],[131.28125,33.33507645849394]]]}},{"type":"Feature","id":"44211:503102022","properties":{"id":"44211:503102022","meshCode":"503102022","cityCode":"44211","city":"宇佐市","lat":33.3365867,"lon":131.284375,"areaKm2":0.1328563,"populated2020":false,"population2020":null,"populationNote":"境界またぎ・収録外等のため自治体内人口は未集計"},"geometry":{"type":"Polygon","coordinates":[[[131.2875,33.33567336294875],[131.285129455,33.335428171],[131.283586952,33.33544845],[131.281716965,33.33526345],[131.28125,33.33507645849394],[131.28125,33.33749999999999],[131.2875,33.33749999999999],[131.2875,33.33567336294875]]]}},{"type":"Feature","id":"44211:503102031","properties":{"id":"44211:503102031","meshCode":"503102031","cityCode":"44211","city":"宇佐市","lat":33.3369481,"lon":131.290625,"areaKm2":0.0862773,"populated2020":false,"population2020":null,"populationNote":"境界またぎ・収録外等のため自治体内人口は未集計"},"geometry":{"type":"Polygon","coordinates":[[[131.293704449,33.336213892],[131.292692789,33.33639622500001],[131.291485006,33.336210945999994],[131.289863891,33.336261225],[131.2875,33.33567336294875],[131.2875,33.33749999999999],[131.29375,33.337500000000006],[131.293704449,33.336213892]]]}},{"type":"Feature","id":"44211:503102032","properties":{"id":"44211:503102032","meshCode":"503102032","cityCode":"44211","city":"宇佐市","lat":33.3354167,"lon":131.296875,"areaKm2":0.1174357,"populated2020":false,"population2020":null,"populationNote":"境界またぎ・収録外等のため自治体内人口は未集計"},"geometry":{"type":"Polygon","coordinates":[[[131.30000000000004,33.33593642300001],[131.299403333,33.33580845],[131.298714176,33.335430945999995],[131.29740472100002,33.335470117],[131.29670751,33.33523872999999],[131.296343333,33.335220667],[131.295830558,33.33549872099999],[131.29501834,33.336114559],[131.294614449,33.336190946],[131.29375,33.336211349257304],[131.29375,33.337500000000006],[131.30000000000004,33.3375],[131.30000000000004,33.33593642300001]]]}},{"type":"Feature","id":"44211:503102041","properties":{"id":"44211:503102041","meshCode":"503102041","cityCode":"44211","city":"宇佐市","lat":33.3361822,"lon":131.3054392,"areaKm2":0.0719468,"populated2020":false,"population2020":null,"populationNote":"境界またぎ・収録外等のため自治体内人口は未集計"},"geometry":{"type":"Polygon","coordinates":[[[131.30625,33.3349020171399],[131.30545834,33.335895396],[131.305214163,33.33603873],[131.304539728,33.33621706300001],[131.303647782,33.33688427900001],[131.303143891,33.337104838],[131.302541673,33.337097333],[131.300978898,33.336271505],[131.30000000000004,33.33593642300001],[131.30000000000004,33.3375],[131.30625,33.3375],[131.30625,33.3349020171399]]]}},{"type":"Feature","id":"44211:503102042","properties":{"id":"44211:503102042","meshCode":"503102042","cityCode":"44211","city":"宇佐市","lat":33.3354167,"lon":131.309375,"areaKm2":0.261477,"populated2020":false,"population2020":null,"populationNote":"境界またぎ・収録外等のため自治体内人口は未集計"},"geometry":{"type":"Polygon","coordinates":[[[131.306927639,33.33333372999999],[131.30671166,33.334328171],[131.30625,33.3349020171399],[131.30625,33.3375],[131.3125,33.3375],[131.3125,33.333333333333336],[131.306927639,33.33333372999999]]]}},{"type":"Feature","id":"44211:503102051","properties":{"id":"44211:503102051","meshCode":"503102051","cityCode":"44211","city":"宇佐市","lat":33.3354167,"lon":131.315625,"areaKm2":0.2688943,"populated2020":false,"population2020":null,"populationNote":"境界またぎ・収録外等のため自治体内人口は未集計"},"geometry":{"type":"Polygon","coordinates":[[[131.3125,33.333333333333336],[131.3125,33.3375],[131.31875,33.337500000000006],[131.31875,33.333333333333336],[131.3125,33.333333333333336]]]}},{"type":"Feature","id":"44211:503102052","properties":{"id":"44211:503102052","meshCode":"503102052","cityCode":"44211","city":"宇佐市","lat":33.3354167,"lon":131.321875,"areaKm2":0.2688943,"populated2020":false,"population2020":null,"populationNote":"境界またぎ・収録外等のため自治体内人口は未集計"},"geometry":{"type":"Polygon","coordinates":[[[131.31875,33.333333333333336],[131.31875,33.337500000000006],[131.325,33.3375],[131.325,33.333333333333336],[131.31875,33.333333333333336]]]}},{"type":"Feature","id":"44211:503102061","properties":{"id":"44211:503102061","meshCode":"503102061","cityCode":"44211","city":"宇佐市","lat":33.3354167,"lon":131.328125,"areaKm2":0.2688943,"populated2020":false,"population2020":null,"populationNote":"境界またぎ・収録外等のため自治体内人口は未集計"},"geometry":{"type":"Polygon","coordinates":[[[131.325,33.333333333333336],[131.325,33.3375],[131.33125,33.33749999999999],[131.33125,33.33333333333333],[131.325,33.333333333333336]]]}},{"type":"Feature","id":"44211:503102062","properties":{"id":"44211:503102062","meshCode":"503102062","cityCode":"44211","city":"宇佐市","lat":33.3354167,"lon":131.334375,"areaKm2":0.2688943,"populated2020":false,"population2020":null,"populationNote":"境界またぎ・収録外等のため自治体内人口は未集計"},"geometry":{"type":"Polygon","coordinates":[[[131.33125,33.33333333333333],[131.33125,33.33749999999999],[131.3375,33.337500000000006],[131.3375,33.33333333333333],[131.33125,33.33333333333333]]]}},{"type":"Feature","id":"44211:503102071","properties":{"id":"44211:503102071","meshCode":"503102071","cityCode":"44211","city":"宇佐市","lat":33.3354167,"lon":131.340625,"areaKm2":0.2688943,"populated2020":false,"population2020":null,"populationNote":"境界またぎ・収録外等のため自治体内人口は未集計"},"geometry":{"type":"Polygon","coordinates":[[[131.3375,33.33333333333333],[131.3375,33.337500000000006],[131.34375,33.3375],[131.34375,33.333333333333336],[131.3375,33.33333333333333]]]}},{"type":"Feature","id":"44211:503102072","properties":{"id":"44211:503102072","meshCode":"503102072","cityCode":"44211","city":"宇佐市","lat":33.3354167,"lon":131.346875,"areaKm2":0.2688943,"populated2020":false,"population2020":null,"populationNote":"境界またぎ・収録外等のため自治体内人口は未集計"},"geometry":{"type":"Polygon","coordinates":[[[131.34375,33.333333333333336],[131.34375,33.3375],[131.35,33.3375],[131.35,33.33333333333333],[131.34375,33.333333333333336]]]}},{"type":"Feature","id":"44211:503102081","properties":{"id":"44211:503102081","meshCode":"503102081","cityCode":"44211","city":"宇佐市","lat":33.3354167,"lon":131.353125,"areaKm2":0.2688943,"populated2020":false,"population2020":null,"populationNote":"境界またぎ・収録外等のため自治体内人口は未集計"},"geometry":{"type":"Polygon","coordinates":[[[131.35,33.33333333333333],[131.35,33.3375],[131.35625000000002,33.337500000000006],[131.35625000000002,33.333333333333336],[131.35,33.33333333333333]]]}},{"type":"Feature","id":"44211:503102082","properties":{"id":"44211:503102082","meshCode":"503102082","cityCode":"44211","city":"宇佐市","lat":33.3354167,"lon":131.359375,"areaKm2":0.2688943,"populated2020":false,"population2020":null,"populationNote":"境界またぎ・収録外等のため自治体内人口は未集計"},"geometry":{"type":"Polygon","coordinates":[[[131.35625000000002,33.333333333333336],[131.35625000000002,33.337500000000006],[131.3625,33.3375],[131.3625,33.333333333333336],[131.35625000000002,33.333333333333336]]]}},{"type":"Feature","id":"44211:503102091","properties":{"id":"44211:503102091","meshCode":"503102091","cityCode":"44211","city":"宇佐市","lat":33.3354167,"lon":131.365625,"areaKm2":0.2688943,"populated2020":true,"population2020":9.0711,"populationNote":"2020年基準人口（国交省調整値）"},"geometry":{"type":"Polygon","coordinates":[[[131.3625,33.333333333333336],[131.3625,33.3375],[131.36875,33.3375],[131.36875,33.333333333333336],[131.3625,33.333333333333336]]]}},{"type":"Feature","id":"44211:503102092","properties":{"id":"44211:503102092","meshCode":"503102092","cityCode":"44211","city":"宇佐市","lat":33.3354167,"lon":131.371875,"areaKm2":0.2688943,"populated2020":false,"population2020":null,"populationNote":"境界またぎ・収録外等のため自治体内人口は未集計"},"geometry":{"type":"Polygon","coordinates":[[[131.36875,33.333333333333336],[131.36875,33.3375],[131.375,33.3375],[131.375,33.33333333333334],[131.36875,33.333333333333336]]]}},{"type":"Feature","id":"44211:503103001","properties":{"id":"44211:503103001","meshCode":"503103001","cityCode":"44211","city":"宇佐市","lat":33.3354167,"lon":131.378125,"areaKm2":0.2688943,"populated2020":false,"population2020":null,"populationNote":"境界またぎ・収録外等のため自治体内人口は未集計"},"geometry":{"type":"Polygon","coordinates":[[[131.375,33.33333333333334],[131.375,33.3375],[131.38125,33.3375],[131.38125,33.333333333333336],[131.375,33.33333333333334]]]}},{"type":"Feature","id":"44211:503103002","properties":{"id":"44211:503103002","meshCode":"503103002","cityCode":"44211","city":"宇佐市","lat":33.3354167,"lon":131.384375,"areaKm2":0.2688943,"populated2020":false,"population2020":null,"populationNote":"境界またぎ・収録外等のため自治体内人口は未集計"},"geometry":{"type":"Polygon","coordinates":[[[131.38125,33.333333333333336],[131.38125,33.3375],[131.3875,33.3375],[131.3875,33.333333333333336],[131.38125,33.333333333333336]]]}},{"type":"Feature","id":"44211:503103011","properties":{"id":"44211:503103011","meshCode":"503103011","cityCode":"44211","city":"宇佐市","lat":33.3354167,"lon":131.390625,"areaKm2":0.2688943,"populated2020":false,"population2020":null,"populationNote":"境界またぎ・収録外等のため自治体内人口は未集計"},"geometry":{"type":"Polygon","coordinates":[[[131.3875,33.333333333333336],[131.3875,33.3375],[131.39375,33.3375],[131.39375,33.333333333333336],[131.3875,33.333333333333336]]]}},{"type":"Feature","id":"44211:503103012","properties":{"id":"44211:503103012","meshCode":"503103012","cityCode":"44211","city":"宇佐市","lat":33.3354167,"lon":131.396875,"areaKm2":0.1830466,"populated2020":false,"population2020":null,"populationNote":"境界またぎ・収録外等のため自治体内人口は未集計"},"geometry":{"type":"Polygon","coordinates":[[[131.399931946,33.337498333],[131.399563891,33.337371946],[131.399379728,33.33719000000001],[131.399176667,33.33675889199999],[131.399159728,33.336324999999995],[131.398991946,33.336190829],[131.398488885,33.336180279000004],[131.398108885,33.336033333],[131.397060272,33.334255559],[131.396853606,33.333659721],[131.39690105089946,33.333333333333336],[131.39375,33.333333333333336],[131.39375,33.3375],[131.399931946,33.337498333]]]}},{"type":"Feature","id":"44211:503102014","properties":{"id":"44211:503102014","meshCode":"503102014","cityCode":"44211","city":"宇佐市","lat":33.3396814,"lon":131.2740381,"areaKm2":0.0845754,"populated2020":false,"population2020":null,"populationNote":"境界またぎ・収録外等のため自治体内人口は未集計"},"geometry":{"type":"Polygon","coordinates":[[[131.27457598798932,33.337500000000006],[131.273785863,33.338594009000005],[131.27355725,33.339291514],[131.272261699,33.340310964],[131.271985318,33.340618459],[131.271842542,33.340978459],[131.271775317907,33.34166666666667],[131.275,33.34166666666666],[131.275,33.3375],[131.27457598798932,33.337500000000006]]]}},{"type":"Feature","id":"44211:503102023","properties":{"id":"44211:503102023","meshCode":"503102023","cityCode":"44211","city":"宇佐市","lat":33.3395833,"lon":131.278125,"areaKm2":0.2688817,"populated2020":false,"population2020":null,"populationNote":"境界またぎ・収録外等のため自治体内人口は未集計"},"geometry":{"type":"Polygon","coordinates":[[[131.275,33.3375],[131.275,33.34166666666666],[131.28125,33.34166666666667],[131.28125,33.33749999999999],[131.275,33.3375]]]}},{"type":"Feature","id":"44211:503102024","properties":{"id":"44211:503102024","meshCode":"503102024","cityCode":"44211","city":"宇佐市","lat":33.3395833,"lon":131.284375,"areaKm2":0.2688817,"populated2020":false,"population2020":null,"populationNote":"境界またぎ・収録外等のため自治体内人口は未集計"},"geometry":{"type":"Polygon","coordinates":[[[131.28125,33.33749999999999],[131.28125,33.34166666666667],[131.2875,33.34166666666666],[131.2875,33.33749999999999],[131.28125,33.33749999999999]]]}},{"type":"Feature","id":"44211:503102033","properties":{"id":"44211:503102033","meshCode":"503102033","cityCode":"44211","city":"宇佐市","lat":33.3395833,"lon":131.290625,"areaKm2":0.2688817,"populated2020":false,"population2020":null,"populationNote":"境界またぎ・収録外等のため自治体内人口は未集計"},"geometry":{"type":"Polygon","coordinates":[[[131.2875,33.33749999999999],[131.2875,33.34166666666666],[131.29375,33.34166666666667],[131.29375,33.337500000000006],[131.2875,33.33749999999999]]]}},{"type":"Feature","id":"44211:503102034","properties":{"id":"44211:503102034","meshCode":"503102034","cityCode":"44211","city":"宇佐市","lat":33.3395833,"lon":131.296875,"areaKm2":0.2688817,"populated2020":false,"population2020":null,"populationNote":"境界またぎ・収録外等のため自治体内人口は未集計"},"geometry":{"type":"Polygon","coordinates":[[[131.29375,33.337500000000006],[131.29375,33.34166666666667],[131.30000000000004,33.34166666666667],[131.30000000000004,33.3375],[131.29375,33.337500000000006]]]}},{"type":"Feature","id":"44211:503102043","properties":{"id":"44211:503102043","meshCode":"503102043","cityCode":"44211","city":"宇佐市","lat":33.3395833,"lon":131.303125,"areaKm2":0.2688817,"populated2020":false,"population2020":null,"populationNote":"境界またぎ・収録外等のため自治体内人口は未集計"},"geometry":{"type":"Polygon","coordinates":[[[131.30000000000004,33.3375],[131.30000000000004,33.34166666666667],[131.30625,33.34166666666666],[131.30625,33.3375],[131.30000000000004,33.3375]]]}},{"type":"Feature","id":"44211:503102044","properties":{"id":"44211:503102044","meshCode":"503102044","cityCode":"44211","city":"宇佐市","lat":33.3395833,"lon":131.309375,"areaKm2":0.2688817,"populated2020":false,"population2020":null,"populationNote":"境界またぎ・収録外等のため自治体内人口は未集計"},"geometry":{"type":"Polygon","coordinates":[[[131.30625,33.3375],[131.30625,33.34166666666666],[131.3125,33.34166666666667],[131.3125,33.3375],[131.30625,33.3375]]]}},{"type":"Feature","id":"44211:503102053","properties":{"id":"44211:503102053","meshCode":"503102053","cityCode":"44211","city":"宇佐市","lat":33.3395833,"lon":131.315625,"areaKm2":0.2688817,"populated2020":true,"population2020":5.0294,"populationNote":"2020年基準人口（国交省調整値）"},"geometry":{"type":"Polygon","coordinates":[[[131.3125,33.3375],[131.3125,33.34166666666667],[131.31875,33.34166666666667],[131.31875,33.337500000000006],[131.3125,33.3375]]]}},{"type":"Feature","id":"44211:503102054","properties":{"id":"44211:503102054","meshCode":"503102054","cityCode":"44211","city":"宇佐市","lat":33.3395833,"lon":131.321875,"areaKm2":0.2688817,"populated2020":true,"population2020":18.1511,"populationNote":"2020年基準人口（国交省調整値）"},"geometry":{"type":"Polygon","coordinates":[[[131.31875,33.337500000000006],[131.31875,33.34166666666667],[131.325,33.34166666666667],[131.325,33.3375],[131.31875,33.337500000000006]]]}},{"type":"Feature","id":"44211:503102063","properties":{"id":"44211:503102063","meshCode":"503102063","cityCode":"44211","city":"宇佐市","lat":33.3395833,"lon":131.328125,"areaKm2":0.2688817,"populated2020":false,"population2020":null,"populationNote":"境界またぎ・収録外等のため自治体内人口は未集計"},"geometry":{"type":"Polygon","coordinates":[[[131.325,33.3375],[131.325,33.34166666666667],[131.33125,33.34166666666666],[131.33125,33.33749999999999],[131.325,33.3375]]]}},{"type":"Feature","id":"44211:503102064","properties":{"id":"44211:503102064","meshCode":"503102064","cityCode":"44211","city":"宇佐市","lat":33.3395833,"lon":131.334375,"areaKm2":0.2688817,"populated2020":false,"population2020":null,"populationNote":"境界またぎ・収録外等のため自治体内人口は未集計"},"geometry":{"type":"Polygon","coordinates":[[[131.33125,33.33749999999999],[131.33125,33.34166666666666],[131.3375,33.34166666666666],[131.3375,33.337500000000006],[131.33125,33.33749999999999]]]}},{"type":"Feature","id":"44211:503102073","properties":{"id":"44211:503102073","meshCode":"503102073","cityCode":"44211","city":"宇佐市","lat":33.3395833,"lon":131.340625,"areaKm2":0.2688817,"populated2020":false,"population2020":null,"populationNote":"境界またぎ・収録外等のため自治体内人口は未集計"},"geometry":{"type":"Polygon","coordinates":[[[131.3375,33.337500000000006],[131.3375,33.34166666666666],[131.34375,33.34166666666666],[131.34375,33.3375],[131.3375,33.337500000000006]]]}},{"type":"Feature","id":"44211:503102074","properties":{"id":"44211:503102074","meshCode":"503102074","cityCode":"44211","city":"宇佐市","lat":33.3395833,"lon":131.346875,"areaKm2":0.2688817,"populated2020":false,"population2020":null,"populationNote":"境界またぎ・収録外等のため自治体内人口は未集計"},"geometry":{"type":"Polygon","coordinates":[[[131.34375,33.3375],[131.34375,33.34166666666666],[131.35,33.34166666666667],[131.35,33.3375],[131.34375,33.3375]]]}},{"type":"Feature","id":"44211:503102083","properties":{"id":"44211:503102083","meshCode":"503102083","cityCode":"44211","city":"宇佐市","lat":33.3395833,"lon":131.353125,"areaKm2":0.2688817,"populated2020":false,"population2020":null,"populationNote":"境界またぎ・収録外等のため自治体内人口は未集計"},"geometry":{"type":"Polygon","coordinates":[[[131.35,33.3375],[131.35,33.34166666666667],[131.35625000000002,33.34166666666666],[131.35625000000002,33.337500000000006],[131.35,33.3375]]]}},{"type":"Feature","id":"44211:503102084","properties":{"id":"44211:503102084","meshCode":"503102084","cityCode":"44211","city":"宇佐市","lat":33.3395833,"lon":131.359375,"areaKm2":0.2688817,"populated2020":false,"population2020":null,"populationNote":"境界またぎ・収録外等のため自治体内人口は未集計"},"geometry":{"type":"Polygon","coordinates":[[[131.35625000000002,33.337500000000006],[131.35625000000002,33.34166666666666],[131.3625,33.34166666666667],[131.3625,33.3375],[131.35625000000002,33.337500000000006]]]}},{"type":"Feature","id":"44211:503102093","properties":{"id":"44211:503102093","meshCode":"503102093","cityCode":"44211","city":"宇佐市","lat":33.3395833,"lon":131.365625,"areaKm2":0.2688817,"populated2020":false,"population2020":null,"populationNote":"境界またぎ・収録外等のため自治体内人口は未集計"},"geometry":{"type":"Polygon","coordinates":[[[131.3625,33.3375],[131.3625,33.34166666666667],[131.36875,33.34166666666667],[131.36875,33.3375],[131.3625,33.3375]]]}},{"type":"Feature","id":"44211:503102094","properties":{"id":"44211:503102094","meshCode":"503102094","cityCode":"44211","city":"宇佐市","lat":33.3395833,"lon":131.371875,"areaKm2":0.2688817,"populated2020":false,"population2020":null,"populationNote":"境界またぎ・収録外等のため自治体内人口は未集計"},"geometry":{"type":"Polygon","coordinates":[[[131.36875,33.3375],[131.36875,33.34166666666667],[131.375,33.34166666666667],[131.375,33.3375],[131.36875,33.3375]]]}},{"type":"Feature","id":"44211:503103003","properties":{"id":"44211:503103003","meshCode":"503103003","cityCode":"44211","city":"宇佐市","lat":33.3395833,"lon":131.378125,"areaKm2":0.2688817,"populated2020":true,"population2020":4.0173,"populationNote":"2020年基準人口（国交省調整値）"},"geometry":{"type":"Polygon","coordinates":[[[131.375,33.3375],[131.375,33.34166666666667],[131.38125,33.34166666666667],[131.38125,33.3375],[131.375,33.3375]]]}},{"type":"Feature","id":"44211:503103004","properties":{"id":"44211:503103004","meshCode":"503103004","cityCode":"44211","city":"宇佐市","lat":33.3395833,"lon":131.384375,"areaKm2":0.2688817,"populated2020":false,"population2020":null,"populationNote":"境界またぎ・収録外等のため自治体内人口は未集計"},"geometry":{"type":"Polygon","coordinates":[[[131.38125,33.3375],[131.38125,33.34166666666667],[131.3875,33.34166666666667],[131.3875,33.3375],[131.38125,33.3375]]]}},{"type":"Feature","id":"44211:503103013","properties":{"id":"44211:503103013","meshCode":"503103013","cityCode":"44211","city":"宇佐市","lat":33.3395833,"lon":131.390625,"areaKm2":0.2688817,"populated2020":false,"population2020":null,"populationNote":"境界またぎ・収録外等のため自治体内人口は未集計"},"geometry":{"type":"Polygon","coordinates":[[[131.3875,33.3375],[131.3875,33.34166666666667],[131.39375,33.34166666666667],[131.39375,33.3375],[131.3875,33.3375]]]}},{"type":"Feature","id":"44211:503103014","properties":{"id":"44211:503103014","meshCode":"503103014","cityCode":"44211","city":"宇佐市","lat":33.3395833,"lon":131.396875,"areaKm2":0.252365,"populated2020":false,"population2020":null,"populationNote":"境界またぎ・収録外等のため自治体内人口は未集計"},"geometry":{"type":"Polygon","coordinates":[[[131.4,33.34088819800001],[131.39919083,33.340631387],[131.399129442,33.340322775000004],[131.399261388,33.339434721],[131.399464721,33.338975559000005],[131.4,33.338255694],[131.4,33.337508306000004],[131.39375,33.3375],[131.39375,33.34166666666667],[131.4,33.34166666666667],[131.4,33.34088819800001]]]}},{"type":"Feature","id":"44211:503103023","properties":{"id":"44211:503103023","meshCode":"503103023","cityCode":"44211","city":"宇佐市","lat":33.341351,"lon":131.4002467,"areaKm2":0.0062212,"populated2020":true,"population2020":null,"populationNote":"境界またぎ・収録外等のため自治体内人口は未集計"},"geometry":{"type":"MultiPolygon","coordinates":[[[[131.400459728,33.341646946000004],[131.400479728,33.341211108],[131.400309728,33.341025279],[131.4,33.34088819800001],[131.4,33.34166666666667],[131.400459728,33.341646946000004]]],[[[131.4,33.338255694],[131.400569442,33.337873613],[131.400607224,33.33769138699999],[131.40048917,33.337602495],[131.4,33.337508306000004],[131.4,33.338255694]]]]}},{"type":"Feature","id":"44211:503102112","properties":{"id":"44211:503102112","meshCode":"503102112","cityCode":"44211","city":"宇佐市","lat":33.34375,"lon":131.271875,"areaKm2":0.153673,"populated2020":false,"population2020":null,"populationNote":"境界またぎ・収録外等のため自治体内人口は未集計"},"geometry":{"type":"Polygon","coordinates":[[[131.271775318,33.341666667000005],[131.271863658,33.34215929700001],[131.271787536,33.342668739],[131.271873372,33.34356124300001],[131.271806706,33.343763467999985],[131.27104476,33.344550964],[131.27056764668964,33.34583333333333],[131.275,33.34583333333333],[131.275,33.34166666666666],[131.271775318,33.341666667000005]]]}},{"type":"Feature","id":"44211:503102121","properties":{"id":"44211:503102121","meshCode":"503102121","cityCode":"44211","city":"宇佐市","lat":33.34375,"lon":131.278125,"areaKm2":0.2688691,"populated2020":false,"population2020":null,"populationNote":"境界またぎ・収録外等のため自治体内人口は未集計"},"geometry":{"type":"Polygon","coordinates":[[[131.275,33.34166666666666],[131.275,33.34583333333333],[131.28125,33.34583333333334],[131.28125,33.34166666666667],[131.275,33.34166666666666]]]}},{"type":"Feature","id":"44211:503102122","properties":{"id":"44211:503102122","meshCode":"503102122","cityCode":"44211","city":"宇佐市","lat":33.34375,"lon":131.284375,"areaKm2":0.2688691,"populated2020":false,"population2020":null,"populationNote":"境界またぎ・収録外等のため自治体内人口は未集計"},"geometry":{"type":"Polygon","coordinates":[[[131.28125,33.34166666666667],[131.28125,33.34583333333334],[131.2875,33.34583333333334],[131.2875,33.34166666666666],[131.28125,33.34166666666667]]]}},{"type":"Feature","id":"44211:503102131","properties":{"id":"44211:503102131","meshCode":"503102131","cityCode":"44211","city":"宇佐市","lat":33.34375,"lon":131.290625,"areaKm2":0.2688691,"populated2020":false,"population2020":null,"populationNote":"境界またぎ・収録外等のため自治体内人口は未集計"},"geometry":{"type":"Polygon","coordinates":[[[131.2875,33.34166666666666],[131.2875,33.34583333333334],[131.29375,33.34583333333334],[131.29375,33.34166666666667],[131.2875,33.34166666666666]]]}},{"type":"Feature","id":"44211:503102132","properties":{"id":"44211:503102132","meshCode":"503102132","cityCode":"44211","city":"宇佐市","lat":33.34375,"lon":131.296875,"areaKm2":0.2688691,"populated2020":false,"population2020":null,"populationNote":"境界またぎ・収録外等のため自治体内人口は未集計"},"geometry":{"type":"Polygon","coordinates":[[[131.29375,33.34166666666667],[131.29375,33.34583333333334],[131.30000000000004,33.34583333333334],[131.30000000000004,33.34166666666667],[131.29375,33.34166666666667]]]}},{"type":"Feature","id":"44211:503102141","properties":{"id":"44211:503102141","meshCode":"503102141","cityCode":"44211","city":"宇佐市","lat":33.34375,"lon":131.303125,"areaKm2":0.2688691,"populated2020":false,"population2020":null,"populationNote":"境界またぎ・収録外等のため自治体内人口は未集計"},"geometry":{"type":"Polygon","coordinates":[[[131.30000000000004,33.34166666666667],[131.30000000000004,33.34583333333334],[131.30625,33.34583333333333],[131.30625,33.34166666666666],[131.30000000000004,33.34166666666667]]]}},{"type":"Feature","id":"44211:503102142","properties":{"id":"44211:503102142","meshCode":"503102142","cityCode":"44211","city":"宇佐市","lat":33.34375,"lon":131.309375,"areaKm2":0.2688691,"populated2020":false,"population2020":null,"populationNote":"境界またぎ・収録外等のため自治体内人口は未集計"},"geometry":{"type":"Polygon","coordinates":[[[131.30625,33.34166666666666],[131.30625,33.34583333333333],[131.3125,33.34583333333334],[131.3125,33.34166666666667],[131.30625,33.34166666666666]]]}},{"type":"Feature","id":"44211:503102151","properties":{"id":"44211:503102151","meshCode":"503102151","cityCode":"44211","city":"宇佐市","lat":33.34375,"lon":131.315625,"areaKm2":0.2688691,"populated2020":false,"population2020":null,"populationNote":"境界またぎ・収録外等のため自治体内人口は未集計"},"geometry":{"type":"Polygon","coordinates":[[[131.3125,33.34166666666667],[131.3125,33.34583333333334],[131.31875,33.34583333333334],[131.31875,33.34166666666667],[131.3125,33.34166666666667]]]}},{"type":"Feature","id":"44211:503102152","properties":{"id":"44211:503102152","meshCode":"503102152","cityCode":"44211","city":"宇佐市","lat":33.34375,"lon":131.321875,"areaKm2":0.2688691,"populated2020":false,"population2020":null,"populationNote":"境界またぎ・収録外等のため自治体内人口は未集計"},"geometry":{"type":"Polygon","coordinates":[[[131.31875,33.34166666666667],[131.31875,33.34583333333334],[131.325,33.34583333333334],[131.325,33.34166666666667],[131.31875,33.34166666666667]]]}},{"type":"Feature","id":"44211:503102161","properties":{"id":"44211:503102161","meshCode":"503102161","cityCode":"44211","city":"宇佐市","lat":33.34375,"lon":131.328125,"areaKm2":0.2688691,"populated2020":false,"population2020":null,"populationNote":"境界またぎ・収録外等のため自治体内人口は未集計"},"geometry":{"type":"Polygon","coordinates":[[[131.325,33.34166666666667],[131.325,33.34583333333334],[131.33125,33.34583333333333],[131.33125,33.34166666666666],[131.325,33.34166666666667]]]}},{"type":"Feature","id":"44211:503102162","properties":{"id":"44211:503102162","meshCode":"503102162","cityCode":"44211","city":"宇佐市","lat":33.34375,"lon":131.334375,"areaKm2":0.2688691,"populated2020":false,"population2020":null,"populationNote":"境界またぎ・収録外等のため自治体内人口は未集計"},"geometry":{"type":"Polygon","coordinates":[[[131.33125,33.34166666666666],[131.33125,33.34583333333333],[131.3375,33.34583333333334],[131.3375,33.34166666666666],[131.33125,33.34166666666666]]]}},{"type":"Feature","id":"44211:503102171","properties":{"id":"44211:503102171","meshCode":"503102171","cityCode":"44211","city":"宇佐市","lat":33.34375,"lon":131.340625,"areaKm2":0.2688691,"populated2020":false,"population2020":null,"populationNote":"境界またぎ・収録外等のため自治体内人口は未集計"},"geometry":{"type":"Polygon","coordinates":[[[131.3375,33.34166666666666],[131.3375,33.34583333333334],[131.34375,33.34583333333334],[131.34375,33.34166666666666],[131.3375,33.34166666666666]]]}},{"type":"Feature","id":"44211:503102172","properties":{"id":"44211:503102172","meshCode":"503102172","cityCode":"44211","city":"宇佐市","lat":33.34375,"lon":131.346875,"areaKm2":0.2688691,"populated2020":true,"population2020":24.1191,"populationNote":"2020年基準人口（国交省調整値）"},"geometry":{"type":"Polygon","coordinates":[[[131.34375,33.34166666666666],[131.34375,33.34583333333334],[131.35,33.34583333333333],[131.35,33.34166666666667],[131.34375,33.34166666666666]]]}},{"type":"Feature","id":"44211:503102181","properties":{"id":"44211:503102181","meshCode":"503102181","cityCode":"44211","city":"宇佐市","lat":33.34375,"lon":131.353125,"areaKm2":0.2688691,"populated2020":false,"population2020":null,"populationNote":"境界またぎ・収録外等のため自治体内人口は未集計"},"geometry":{"type":"Polygon","coordinates":[[[131.35,33.34166666666667],[131.35,33.34583333333333],[131.35625000000002,33.34583333333333],[131.35625000000002,33.34166666666666],[131.35,33.34166666666667]]]}},{"type":"Feature","id":"44211:503102182","properties":{"id":"44211:503102182","meshCode":"503102182","cityCode":"44211","city":"宇佐市","lat":33.34375,"lon":131.359375,"areaKm2":0.2688691,"populated2020":false,"population2020":null,"populationNote":"境界またぎ・収録外等のため自治体内人口は未集計"},"geometry":{"type":"Polygon","coordinates":[[[131.35625000000002,33.34166666666666],[131.35625000000002,33.34583333333333],[131.3625,33.34583333333334],[131.3625,33.34166666666667],[131.35625000000002,33.34166666666666]]]}},{"type":"Feature","id":"44211:503102191","properties":{"id":"44211:503102191","meshCode":"503102191","cityCode":"44211","city":"宇佐市","lat":33.34375,"lon":131.365625,"areaKm2":0.2688691,"populated2020":false,"population2020":null,"populationNote":"境界またぎ・収録外等のため自治体内人口は未集計"},"geometry":{"type":"Polygon","coordinates":[[[131.3625,33.34166666666667],[131.3625,33.34583333333334],[131.36875,33.34583333333333],[131.36875,33.34166666666667],[131.3625,33.34166666666667]]]}},{"type":"Feature","id":"44211:503102192","properties":{"id":"44211:503102192","meshCode":"503102192","cityCode":"44211","city":"宇佐市","lat":33.34375,"lon":131.371875,"areaKm2":0.2688691,"populated2020":false,"population2020":null,"populationNote":"境界またぎ・収録外等のため自治体内人口は未集計"},"geometry":{"type":"Polygon","coordinates":[[[131.36875,33.34166666666667],[131.36875,33.34583333333333],[131.375,33.345833333333324],[131.375,33.34166666666667],[131.36875,33.34166666666667]]]}},{"type":"Feature","id":"44211:503103101","properties":{"id":"44211:503103101","meshCode":"503103101","cityCode":"44211","city":"宇佐市","lat":33.34375,"lon":131.378125,"areaKm2":0.2688691,"populated2020":true,"population2020":14.0722,"populationNote":"2020年基準人口（国交省調整値）"},"geometry":{"type":"Polygon","coordinates":[[[131.375,33.34166666666667],[131.375,33.345833333333324],[131.38125,33.34583333333333],[131.38125,33.34166666666667],[131.375,33.34166666666667]]]}},{"type":"Feature","id":"44211:503103102","properties":{"id":"44211:503103102","meshCode":"503103102","cityCode":"44211","city":"宇佐市","lat":33.34375,"lon":131.384375,"areaKm2":0.2688691,"populated2020":true,"population2020":2.0221,"populationNote":"2020年基準人口（国交省調整値）"},"geometry":{"type":"Polygon","coordinates":[[[131.38125,33.34166666666667],[131.38125,33.34583333333333],[131.3875,33.34583333333334],[131.3875,33.34166666666667],[131.38125,33.34166666666667]]]}},{"type":"Feature","id":"44211:503103111","properties":{"id":"44211:503103111","meshCode":"503103111","cityCode":"44211","city":"宇佐市","lat":33.34375,"lon":131.390625,"areaKm2":0.2688691,"populated2020":false,"population2020":null,"populationNote":"境界またぎ・収録外等のため自治体内人口は未集計"},"geometry":{"type":"Polygon","coordinates":[[[131.3875,33.34166666666667],[131.3875,33.34583333333334],[131.39375,33.34583333333333],[131.39375,33.34166666666667],[131.3875,33.34166666666667]]]}},{"type":"Feature","id":"44211:503103112","properties":{"id":"44211:503103112","meshCode":"503103112","cityCode":"44211","city":"宇佐市","lat":33.34375,"lon":131.396875,"areaKm2":0.2688691,"populated2020":true,"population2020":24.2073,"populationNote":"2020年基準人口（国交省調整値）"},"geometry":{"type":"Polygon","coordinates":[[[131.39375,33.34166666666667],[131.39375,33.34583333333333],[131.4,33.34583333333334],[131.4,33.34166666666667],[131.39375,33.34166666666667]]]}},{"type":"Feature","id":"44211:503103121","properties":{"id":"44211:503103121","meshCode":"503103121","cityCode":"44211","city":"宇佐市","lat":33.3437739,"lon":131.4013867,"areaKm2":0.0848331,"populated2020":false,"population2020":null,"populationNote":"境界またぎ・収録外等のため自治体内人口は未集計"},"geometry":{"type":"Polygon","coordinates":[[[131.4018632143575,33.34583333333333],[131.402626939,33.345274161999995],[131.402570272,33.344453892],[131.402768612,33.34383333299999],[131.402721388,33.343460559],[131.402301115,33.343096108],[131.400917497,33.34270999999999],[131.400686109,33.34249444100001],[131.40048333300004,33.341988892],[131.40046038898882,33.34166666666667],[131.4,33.34166666666667],[131.4,33.34583333333334],[131.4018632143575,33.34583333333333]]]}},{"type":"Feature","id":"44211:503102113","properties":{"id":"44211:503102113","meshCode":"503102113","cityCode":"44211","city":"宇佐市","lat":33.3492644,"lon":131.2684247,"areaKm2":0.0118589,"populated2020":false,"population2020":null,"populationNote":"境界またぎ・収録外等のため自治体内人口は未集計"},"geometry":{"type":"Polygon","coordinates":[[[131.268341712,33.348760135000006],[131.267859494,33.349833468],[131.2673131,33.34980208100001],[131.266392633,33.349999999999994],[131.26875,33.35],[131.26875,33.3483524885229],[131.268341712,33.348760135000006]]]}},{"type":"Feature","id":"44211:503102114","properties":{"id":"44211:503102114","meshCode":"503102114","cityCode":"44211","city":"宇佐市","lat":33.3479167,"lon":131.271875,"areaKm2":0.2395665,"populated2020":false,"population2020":null,"populationNote":"境界またぎ・収録外等のため自治体内人口は未集計"},"geometry":{"type":"Polygon","coordinates":[[[131.270418379,33.346443468],[131.269941984,33.347185414],[131.26875,33.3483524885229],[131.26875,33.35],[131.275,33.35],[131.275,33.34583333333333],[131.27056764668964,33.34583333333333],[131.270418379,33.346443468]]]}},{"type":"Feature","id":"44211:503102123","properties":{"id":"44211:503102123","meshCode":"503102123","cityCode":"44211","city":"宇佐市","lat":33.3479167,"lon":131.278125,"areaKm2":0.2688564,"populated2020":false,"population2020":null,"populationNote":"境界またぎ・収録外等のため自治体内人口は未集計"},"geometry":{"type":"Polygon","coordinates":[[[131.275,33.34583333333333],[131.275,33.35],[131.28125,33.35],[131.28125,33.34583333333334],[131.275,33.34583333333333]]]}},{"type":"Feature","id":"44211:503102124","properties":{"id":"44211:503102124","meshCode":"503102124","cityCode":"44211","city":"宇佐市","lat":33.3479167,"lon":131.284375,"areaKm2":0.2688564,"populated2020":false,"population2020":null,"populationNote":"境界またぎ・収録外等のため自治体内人口は未集計"},"geometry":{"type":"Polygon","coordinates":[[[131.28125,33.34583333333334],[131.28125,33.35],[131.2875,33.349999999999994],[131.2875,33.34583333333334],[131.28125,33.34583333333334]]]}},{"type":"Feature","id":"44211:503102133","properties":{"id":"44211:503102133","meshCode":"503102133","cityCode":"44211","city":"宇佐市","lat":33.3479167,"lon":131.290625,"areaKm2":0.2688564,"populated2020":false,"population2020":null,"populationNote":"境界またぎ・収録外等のため自治体内人口は未集計"},"geometry":{"type":"Polygon","coordinates":[[[131.2875,33.34583333333334],[131.2875,33.349999999999994],[131.29375,33.35],[131.29375,33.34583333333334],[131.2875,33.34583333333334]]]}},{"type":"Feature","id":"44211:503102134","properties":{"id":"44211:503102134","meshCode":"503102134","cityCode":"44211","city":"宇佐市","lat":33.3479167,"lon":131.296875,"areaKm2":0.2688564,"populated2020":false,"population2020":null,"populationNote":"境界またぎ・収録外等のため自治体内人口は未集計"},"geometry":{"type":"Polygon","coordinates":[[[131.29375,33.34583333333334],[131.29375,33.35],[131.30000000000004,33.35],[131.30000000000004,33.34583333333334],[131.29375,33.34583333333334]]]}},{"type":"Feature","id":"44211:503102143","properties":{"id":"44211:503102143","meshCode":"503102143","cityCode":"44211","city":"宇佐市","lat":33.3479167,"lon":131.303125,"areaKm2":0.2688564,"populated2020":false,"population2020":null,"populationNote":"境界またぎ・収録外等のため自治体内人口は未集計"},"geometry":{"type":"Polygon","coordinates":[[[131.30000000000004,33.34583333333334],[131.30000000000004,33.35],[131.30625,33.349999999999994],[131.30625,33.34583333333333],[131.30000000000004,33.34583333333334]]]}},{"type":"Feature","id":"44211:503102144","properties":{"id":"44211:503102144","meshCode":"503102144","cityCode":"44211","city":"宇佐市","lat":33.3479167,"lon":131.309375,"areaKm2":0.2688564,"populated2020":false,"population2020":null,"populationNote":"境界またぎ・収録外等のため自治体内人口は未集計"},"geometry":{"type":"Polygon","coordinates":[[[131.30625,33.34583333333333],[131.30625,33.349999999999994],[131.3125,33.35],[131.3125,33.34583333333334],[131.30625,33.34583333333333]]]}},{"type":"Feature","id":"44211:503102153","properties":{"id":"44211:503102153","meshCode":"503102153","cityCode":"44211","city":"宇佐市","lat":33.3479167,"lon":131.315625,"areaKm2":0.2688564,"populated2020":false,"population2020":null,"populationNote":"境界またぎ・収録外等のため自治体内人口は未集計"},"geometry":{"type":"Polygon","coordinates":[[[131.3125,33.34583333333334],[131.3125,33.35],[131.31875,33.349999999999994],[131.31875,33.34583333333334],[131.3125,33.34583333333334]]]}},{"type":"Feature","id":"44211:503102154","properties":{"id":"44211:503102154","meshCode":"503102154","cityCode":"44211","city":"宇佐市","lat":33.3479167,"lon":131.321875,"areaKm2":0.2688564,"populated2020":false,"population2020":null,"populationNote":"境界またぎ・収録外等のため自治体内人口は未集計"},"geometry":{"type":"Polygon","coordinates":[[[131.31875,33.34583333333334],[131.31875,33.349999999999994],[131.325,33.35],[131.325,33.34583333333334],[131.31875,33.34583333333334]]]}},{"type":"Feature","id":"44211:503102163","properties":{"id":"44211:503102163","meshCode":"503102163","cityCode":"44211","city":"宇佐市","lat":33.3479167,"lon":131.328125,"areaKm2":0.2688564,"populated2020":false,"population2020":null,"populationNote":"境界またぎ・収録外等のため自治体内人口は未集計"},"geometry":{"type":"Polygon","coordinates":[[[131.325,33.34583333333334],[131.325,33.35],[131.33125,33.349999999999994],[131.33125,33.34583333333333],[131.325,33.34583333333334]]]}},{"type":"Feature","id":"44211:503102164","properties":{"id":"44211:503102164","meshCode":"503102164","cityCode":"44211","city":"宇佐市","lat":33.3479167,"lon":131.334375,"areaKm2":0.2688564,"populated2020":true,"population2020":7.0774,"populationNote":"2020年基準人口（国交省調整値）"},"geometry":{"type":"Polygon","coordinates":[[[131.33125,33.34583333333333],[131.33125,33.349999999999994],[131.3375,33.35],[131.3375,33.34583333333334],[131.33125,33.34583333333333]]]}},{"type":"Feature","id":"44211:503102173","properties":{"id":"44211:503102173","meshCode":"503102173","cityCode":"44211","city":"宇佐市","lat":33.3479167,"lon":131.340625,"areaKm2":0.2688564,"populated2020":true,"population2020":33.2215,"populationNote":"2020年基準人口（国交省調整値）"},"geometry":{"type":"Polygon","coordinates":[[[131.3375,33.34583333333334],[131.3375,33.35],[131.34375,33.349999999999994],[131.34375,33.34583333333334],[131.3375,33.34583333333334]]]}},{"type":"Feature","id":"44211:503102174","properties":{"id":"44211:503102174","meshCode":"503102174","cityCode":"44211","city":"宇佐市","lat":33.3479167,"lon":131.346875,"areaKm2":0.2688564,"populated2020":true,"population2020":7.0424,"populationNote":"2020年基準人口（国交省調整値）"},"geometry":{"type":"Polygon","coordinates":[[[131.34375,33.34583333333334],[131.34375,33.349999999999994],[131.35,33.349999999999994],[131.35,33.34583333333333],[131.34375,33.34583333333334]]]}},{"type":"Feature","id":"44211:503102183","properties":{"id":"44211:503102183","meshCode":"503102183","cityCode":"44211","city":"宇佐市","lat":33.3479167,"lon":131.353125,"areaKm2":0.2688564,"populated2020":false,"population2020":null,"populationNote":"境界またぎ・収録外等のため自治体内人口は未集計"},"geometry":{"type":"Polygon","coordinates":[[[131.35,33.34583333333333],[131.35,33.349999999999994],[131.35625000000002,33.35],[131.35625000000002,33.34583333333333],[131.35,33.34583333333333]]]}},{"type":"Feature","id":"44211:503102184","properties":{"id":"44211:503102184","meshCode":"503102184","cityCode":"44211","city":"宇佐市","lat":33.3479167,"lon":131.359375,"areaKm2":0.2688564,"populated2020":false,"population2020":null,"populationNote":"境界またぎ・収録外等のため自治体内人口は未集計"},"geometry":{"type":"Polygon","coordinates":[[[131.35625000000002,33.34583333333333],[131.35625000000002,33.35],[131.3625,33.349999999999994],[131.3625,33.34583333333334],[131.35625000000002,33.34583333333333]]]}},{"type":"Feature","id":"44211:503102193","properties":{"id":"44211:503102193","meshCode":"503102193","cityCode":"44211","city":"宇佐市","lat":33.3479167,"lon":131.365625,"areaKm2":0.2688564,"populated2020":false,"population2020":null,"populationNote":"境界またぎ・収録外等のため自治体内人口は未集計"},"geometry":{"type":"Polygon","coordinates":[[[131.3625,33.34583333333334],[131.3625,33.349999999999994],[131.36875,33.349999999999994],[131.36875,33.34583333333333],[131.3625,33.34583333333334]]]}},{"type":"Feature","id":"44211:503102194","properties":{"id":"44211:503102194","meshCode":"503102194","cityCode":"44211","city":"宇佐市","lat":33.3479167,"lon":131.371875,"areaKm2":0.2688564,"populated2020":false,"population2020":null,"populationNote":"境界またぎ・収録外等のため自治体内人口は未集計"},"geometry":{"type":"Polygon","coordinates":[[[131.36875,33.34583333333333],[131.36875,33.349999999999994],[131.375,33.349999999999994],[131.375,33.345833333333324],[131.36875,33.34583333333333]]]}},{"type":"Feature","id":"44211:503103103","properties":{"id":"44211:503103103","meshCode":"503103103","cityCode":"44211","city":"宇佐市","lat":33.3479167,"lon":131.378125,"areaKm2":0.2688564,"populated2020":false,"population2020":null,"populationNote":"境界またぎ・収録外等のため自治体内人口は未集計"},"geometry":{"type":"Polygon","coordinates":[[[131.375,33.345833333333324],[131.375,33.349999999999994],[131.38125,33.349999999999994],[131.38125,33.34583333333333],[131.375,33.345833333333324]]]}},{"type":"Feature","id":"44211:503103104","properties":{"id":"44211:503103104","meshCode":"503103104","cityCode":"44211","city":"宇佐市","lat":33.3479167,"lon":131.384375,"areaKm2":0.2688564,"populated2020":true,"population2020":17.1141,"populationNote":"2020年基準人口（国交省調整値）"},"geometry":{"type":"Polygon","coordinates":[[[131.38125,33.34583333333333],[131.38125,33.349999999999994],[131.3875,33.349999999999994],[131.3875,33.34583333333334],[131.38125,33.34583333333333]]]}},{"type":"Feature","id":"44211:503103113","properties":{"id":"44211:503103113","meshCode":"503103113","cityCode":"44211","city":"宇佐市","lat":33.3479167,"lon":131.390625,"areaKm2":0.2688564,"populated2020":false,"population2020":null,"populationNote":"境界またぎ・収録外等のため自治体内人口は未集計"},"geometry":{"type":"Polygon","coordinates":[[[131.3875,33.34583333333334],[131.3875,33.349999999999994],[131.39375,33.35],[131.39375,33.34583333333333],[131.3875,33.34583333333334]]]}},{"type":"Feature","id":"44211:503103114","properties":{"id":"44211:503103114","meshCode":"503103114","cityCode":"44211","city":"宇佐市","lat":33.3479167,"lon":131.396875,"areaKm2":0.2688564,"populated2020":true,"population2020":7.0709,"populationNote":"2020年基準人口（国交省調整値）"},"geometry":{"type":"Polygon","coordinates":[[[131.39375,33.34583333333333],[131.39375,33.35],[131.4,33.35],[131.4,33.34583333333334],[131.39375,33.34583333333333]]]}},{"type":"Feature","id":"44211:503103123","properties":{"id":"44211:503103123","meshCode":"503103123","cityCode":"44211","city":"宇佐市","lat":33.3479625,"lon":131.4009274,"areaKm2":0.0642576,"populated2020":true,"population2020":null,"populationNote":"境界またぎ・収録外等のため自治体内人口は未集計"},"geometry":{"type":"Polygon","coordinates":[[[131.401158106,33.349999999999994],[131.400587224,33.34942833299999],[131.40046917,33.349011946],[131.400757224,33.348710829],[131.40190917,33.347916108],[131.402093333,33.347204162],[131.402258612,33.346903054],[131.40224917,33.34661333299999],[131.401828885,33.346043613],[131.4018632143575,33.34583333333333],[131.4,33.34583333333334],[131.4,33.35],[131.401158106,33.349999999999994]]]}},{"type":"Feature","id":"44211:503103124","properties":{"id":"44211:503103124","meshCode":"503103124","cityCode":"44211","city":"宇佐市","lat":33.3492692,"lon":131.4114095,"areaKm2":0.0362685,"populated2020":false,"population2020":null,"populationNote":"境界またぎ・収録外等のため自治体内人口は未集計"},"geometry":{"type":"Polygon","coordinates":[[[131.412466109,33.348559441000006],[131.411559442,33.34888638700001],[131.410832218,33.349012775],[131.410454449,33.349172225000004],[131.409807497,33.349610829],[131.409062503,33.34957749499999],[131.40867083,33.349369721],[131.408444163,33.349369721],[131.408222218,33.34954416200001],[131.408013385,33.35],[131.4125,33.35],[131.412466109,33.348559441000006]]]}},{"type":"Feature","id":"44211:503103133","properties":{"id":"44211:503103133","meshCode":"503103133","cityCode":"44211","city":"宇佐市","lat":33.3492269,"lon":131.4143326,"areaKm2":0.0511014,"populated2020":false,"population2020":null,"populationNote":"境界またぎ・収録外等のため自治体内人口は未集計"},"geometry":{"type":"Polygon","coordinates":[[[131.416834747,33.35],[131.416281388,33.349333333],[131.41576083,33.348926946],[131.414181115,33.348615279],[131.413387782,33.34867472100001],[131.41276,33.348540829],[131.4125,33.34855462218372],[131.4125,33.35],[131.416834747,33.35]]]}},{"type":"Feature","id":"44211:503102202","properties":{"id":"44211:503102202","meshCode":"503102202","cityCode":"44211","city":"宇佐市","lat":33.3530895,"lon":131.2615231,"areaKm2":0.0424684,"populated2020":true,"population2020":null,"populationNote":"境界またぎ・収録外等のため自治体内人口は未集計"},"geometry":{"type":"Polygon","coordinates":[[[131.2625,33.35188890075296],[131.262298936,33.352110423],[131.26204144,33.35193515299999],[131.261882827,33.351974036],[131.261729209,33.352090982],[131.26157061,33.352433757],[131.260956719,33.352699036],[131.260142542,33.353498757],[131.259840324,33.35363153200001],[131.25945586257535,33.354166666666664],[131.2625,33.354166666666664],[131.2625,33.35188890075296]]]}},{"type":"Feature","id":"44211:503102211","properties":{"id":"44211:503102211","meshCode":"503102211","cityCode":"44211","city":"宇佐市","lat":33.3520833,"lon":131.265625,"areaKm2":0.2345054,"populated2020":true,"population2020":null,"populationNote":"境界またぎ・収録外等のため自治体内人口は未集計"},"geometry":{"type":"Polygon","coordinates":[[[131.266391128,33.350000423],[131.264437549,33.35082570299999],[131.263373943,33.351412649000004],[131.262799209,33.351498207000006],[131.2625,33.35188890075296],[131.2625,33.354166666666664],[131.26875,33.354166666666664],[131.26875,33.35],[131.266391128,33.350000423]]]}},{"type":"Feature","id":"44211:503102212","properties":{"id":"44211:503102212","meshCode":"503102212","cityCode":"44211","city":"宇佐市","lat":33.3520833,"lon":131.271875,"areaKm2":0.2688438,"populated2020":true,"population2020":4.0326,"populationNote":"2020年基準人口（国交省調整値）"},"geometry":{"type":"Polygon","coordinates":[[[131.26875,33.35],[131.26875,33.354166666666664],[131.275,33.354166666666664],[131.275,33.35],[131.26875,33.35]]]}},{"type":"Feature","id":"44211:503102221","properties":{"id":"44211:503102221","meshCode":"503102221","cityCode":"44211","city":"宇佐市","lat":33.3520833,"lon":131.278125,"areaKm2":0.2688438,"populated2020":true,"population2020":16.044,"populationNote":"2020年基準人口（国交省調整値）"},"geometry":{"type":"Polygon","coordinates":[[[131.275,33.35],[131.275,33.354166666666664],[131.28125,33.354166666666664],[131.28125,33.35],[131.275,33.35]]]}},{"type":"Feature","id":"44211:503102222","properties":{"id":"44211:503102222","meshCode":"503102222","cityCode":"44211","city":"宇佐市","lat":33.3520833,"lon":131.284375,"areaKm2":0.2688438,"populated2020":false,"population2020":null,"populationNote":"境界またぎ・収録外等のため自治体内人口は未集計"},"geometry":{"type":"Polygon","coordinates":[[[131.28125,33.35],[131.28125,33.354166666666664],[131.2875,33.354166666666664],[131.2875,33.349999999999994],[131.28125,33.35]]]}},{"type":"Feature","id":"44211:503102231","properties":{"id":"44211:503102231","meshCode":"503102231","cityCode":"44211","city":"宇佐市","lat":33.3520833,"lon":131.290625,"areaKm2":0.2688438,"populated2020":false,"population2020":null,"populationNote":"境界またぎ・収録外等のため自治体内人口は未集計"},"geometry":{"type":"Polygon","coordinates":[[[131.2875,33.349999999999994],[131.2875,33.354166666666664],[131.29375,33.354166666666664],[131.29375,33.35],[131.2875,33.349999999999994]]]}},{"type":"Feature","id":"44211:503102232","properties":{"id":"44211:503102232","meshCode":"503102232","cityCode":"44211","city":"宇佐市","lat":33.3520833,"lon":131.296875,"areaKm2":0.2688438,"populated2020":false,"population2020":null,"populationNote":"境界またぎ・収録外等のため自治体内人口は未集計"},"geometry":{"type":"Polygon","coordinates":[[[131.29375,33.35],[131.29375,33.354166666666664],[131.30000000000004,33.354166666666664],[131.30000000000004,33.35],[131.29375,33.35]]]}},{"type":"Feature","id":"44211:503102241","properties":{"id":"44211:503102241","meshCode":"503102241","cityCode":"44211","city":"宇佐市","lat":33.3520833,"lon":131.303125,"areaKm2":0.2688438,"populated2020":false,"population2020":null,"populationNote":"境界またぎ・収録外等のため自治体内人口は未集計"},"geometry":{"type":"Polygon","coordinates":[[[131.30000000000004,33.35],[131.30000000000004,33.354166666666664],[131.30625,33.354166666666664],[131.30625,33.349999999999994],[131.30000000000004,33.35]]]}},{"type":"Feature","id":"44211:503102242","properties":{"id":"44211:503102242","meshCode":"503102242","cityCode":"44211","city":"宇佐市","lat":33.3520833,"lon":131.309375,"areaKm2":0.2688438,"populated2020":false,"population2020":null,"populationNote":"境界またぎ・収録外等のため自治体内人口は未集計"},"geometry":{"type":"Polygon","coordinates":[[[131.30625,33.349999999999994],[131.30625,33.354166666666664],[131.3125,33.354166666666664],[131.3125,33.35],[131.30625,33.349999999999994]]]}},{"type":"Feature","id":"44211:503102251","properties":{"id":"44211:503102251","meshCode":"503102251","cityCode":"44211","city":"宇佐市","lat":33.3520833,"lon":131.315625,"areaKm2":0.2688438,"populated2020":false,"population2020":null,"populationNote":"境界またぎ・収録外等のため自治体内人口は未集計"},"geometry":{"type":"Polygon","coordinates":[[[131.3125,33.35],[131.3125,33.354166666666664],[131.31875,33.354166666666664],[131.31875,33.349999999999994],[131.3125,33.35]]]}},{"type":"Feature","id":"44211:503102252","properties":{"id":"44211:503102252","meshCode":"503102252","cityCode":"44211","city":"宇佐市","lat":33.3520833,"lon":131.321875,"areaKm2":0.2688438,"populated2020":false,"population2020":null,"populationNote":"境界またぎ・収録外等のため自治体内人口は未集計"},"geometry":{"type":"Polygon","coordinates":[[[131.31875,33.349999999999994],[131.31875,33.354166666666664],[131.325,33.354166666666664],[131.325,33.35],[131.31875,33.349999999999994]]]}},{"type":"Feature","id":"44211:503102261","properties":{"id":"44211:503102261","meshCode":"503102261","cityCode":"44211","city":"宇佐市","lat":33.3520833,"lon":131.328125,"areaKm2":0.2688438,"populated2020":false,"population2020":null,"populationNote":"境界またぎ・収録外等のため自治体内人口は未集計"},"geometry":{"type":"Polygon","coordinates":[[[131.325,33.35],[131.325,33.354166666666664],[131.33125,33.354166666666664],[131.33125,33.349999999999994],[131.325,33.35]]]}},{"type":"Feature","id":"44211:503102262","properties":{"id":"44211:503102262","meshCode":"503102262","cityCode":"44211","city":"宇佐市","lat":33.3520833,"lon":131.334375,"areaKm2":0.2688438,"populated2020":true,"population2020":12.1106,"populationNote":"2020年基準人口（国交省調整値）"},"geometry":{"type":"Polygon","coordinates":[[[131.33125,33.349999999999994],[131.33125,33.354166666666664],[131.3375,33.35416666666667],[131.3375,33.35],[131.33125,33.349999999999994]]]}},{"type":"Feature","id":"44211:503102271","properties":{"id":"44211:503102271","meshCode":"503102271","cityCode":"44211","city":"宇佐市","lat":33.3520833,"lon":131.340625,"areaKm2":0.2688438,"populated2020":true,"population2020":11.084,"populationNote":"2020年基準人口（国交省調整値）"},"geometry":{"type":"Polygon","coordinates":[[[131.3375,33.35],[131.3375,33.35416666666667],[131.34375,33.354166666666664],[131.34375,33.349999999999994],[131.3375,33.35]]]}},{"type":"Feature","id":"44211:503102272","properties":{"id":"44211:503102272","meshCode":"503102272","cityCode":"44211","city":"宇佐市","lat":33.3520833,"lon":131.346875,"areaKm2":0.2688438,"populated2020":false,"population2020":null,"populationNote":"境界またぎ・収録外等のため自治体内人口は未集計"},"geometry":{"type":"Polygon","coordinates":[[[131.34375,33.349999999999994],[131.34375,33.354166666666664],[131.35,33.354166666666664],[131.35,33.349999999999994],[131.34375,33.349999999999994]]]}},{"type":"Feature","id":"44211:503102281","properties":{"id":"44211:503102281","meshCode":"503102281","cityCode":"44211","city":"宇佐市","lat":33.3520833,"lon":131.353125,"areaKm2":0.2688438,"populated2020":false,"population2020":null,"populationNote":"境界またぎ・収録外等のため自治体内人口は未集計"},"geometry":{"type":"Polygon","coordinates":[[[131.35,33.349999999999994],[131.35,33.354166666666664],[131.35625000000002,33.354166666666664],[131.35625000000002,33.35],[131.35,33.349999999999994]]]}},{"type":"Feature","id":"44211:503102282","properties":{"id":"44211:503102282","meshCode":"503102282","cityCode":"44211","city":"宇佐市","lat":33.3520833,"lon":131.359375,"areaKm2":0.2688438,"populated2020":true,"population2020":13.1067,"populationNote":"2020年基準人口（国交省調整値）"},"geometry":{"type":"Polygon","coordinates":[[[131.35625000000002,33.35],[131.35625000000002,33.354166666666664],[131.3625,33.35416666666667],[131.3625,33.349999999999994],[131.35625000000002,33.35]]]}},{"type":"Feature","id":"44211:503102291","properties":{"id":"44211:503102291","meshCode":"503102291","cityCode":"44211","city":"宇佐市","lat":33.3520833,"lon":131.365625,"areaKm2":0.2688438,"populated2020":false,"population2020":null,"populationNote":"境界またぎ・収録外等のため自治体内人口は未集計"},"geometry":{"type":"Polygon","coordinates":[[[131.3625,33.349999999999994],[131.3625,33.35416666666667],[131.36875,33.354166666666664],[131.36875,33.349999999999994],[131.3625,33.349999999999994]]]}},{"type":"Feature","id":"44211:503102292","properties":{"id":"44211:503102292","meshCode":"503102292","cityCode":"44211","city":"宇佐市","lat":33.3520833,"lon":131.371875,"areaKm2":0.2688438,"populated2020":false,"population2020":null,"populationNote":"境界またぎ・収録外等のため自治体内人口は未集計"},"geometry":{"type":"Polygon","coordinates":[[[131.36875,33.349999999999994],[131.36875,33.354166666666664],[131.375,33.354166666666664],[131.375,33.349999999999994],[131.36875,33.349999999999994]]]}},{"type":"Feature","id":"44211:503103201","properties":{"id":"44211:503103201","meshCode":"503103201","cityCode":"44211","city":"宇佐市","lat":33.3520833,"lon":131.378125,"areaKm2":0.2688438,"populated2020":false,"population2020":null,"populationNote":"境界またぎ・収録外等のため自治体内人口は未集計"},"geometry":{"type":"Polygon","coordinates":[[[131.375,33.349999999999994],[131.375,33.354166666666664],[131.38125,33.354166666666664],[131.38125,33.349999999999994],[131.375,33.349999999999994]]]}},{"type":"Feature","id":"44211:503103202","properties":{"id":"44211:503103202","meshCode":"503103202","cityCode":"44211","city":"宇佐市","lat":33.3520833,"lon":131.384375,"areaKm2":0.2688438,"populated2020":false,"population2020":null,"populationNote":"境界またぎ・収録外等のため自治体内人口は未集計"},"geometry":{"type":"Polygon","coordinates":[[[131.38125,33.349999999999994],[131.38125,33.354166666666664],[131.3875,33.354166666666664],[131.3875,33.349999999999994],[131.38125,33.349999999999994]]]}},{"type":"Feature","id":"44211:503103211","properties":{"id":"44211:503103211","meshCode":"503103211","cityCode":"44211","city":"宇佐市","lat":33.3520833,"lon":131.390625,"areaKm2":0.2688438,"populated2020":false,"population2020":null,"populationNote":"境界またぎ・収録外等のため自治体内人口は未集計"},"geometry":{"type":"Polygon","coordinates":[[[131.3875,33.349999999999994],[131.3875,33.354166666666664],[131.39375,33.35416666666667],[131.39375,33.35],[131.3875,33.349999999999994]]]}},{"type":"Feature","id":"44211:503103212","properties":{"id":"44211:503103212","meshCode":"503103212","cityCode":"44211","city":"宇佐市","lat":33.3520833,"lon":131.396875,"areaKm2":0.2688438,"populated2020":false,"population2020":null,"populationNote":"境界またぎ・収録外等のため自治体内人口は未集計"},"geometry":{"type":"Polygon","coordinates":[[[131.39375,33.35],[131.39375,33.35416666666667],[131.4,33.354166666666664],[131.4,33.35],[131.39375,33.35]]]}},{"type":"Feature","id":"44211:503103221","properties":{"id":"44211:503103221","meshCode":"503103221","cityCode":"44211","city":"宇佐市","lat":33.3520833,"lon":131.403125,"areaKm2":0.2376391,"populated2020":false,"population2020":null,"populationNote":"境界またぎ・収録外等のため自治体内人口は未集計"},"geometry":{"type":"Polygon","coordinates":[[[131.40625,33.351031991696324],[131.405046394,33.350950278999996],[131.404627782,33.350786946],[131.401158106,33.349999999999994],[131.4,33.35],[131.4,33.354166666666664],[131.40625,33.354166666666664],[131.40625,33.351031991696324]]]}},{"type":"Feature","id":"44211:503103222","properties":{"id":"44211:503103222","meshCode":"503103222","cityCode":"44211","city":"宇佐市","lat":33.3520833,"lon":131.409375,"areaKm2":0.2587954,"populated2020":false,"population2020":null,"populationNote":"境界またぎ・収録外等のため自治体内人口は未集計"},"geometry":{"type":"Polygon","coordinates":[[[131.408013385,33.35],[131.407736394,33.350304441],[131.406848885,33.350390279],[131.406556109,33.350524162],[131.406641115,33.350691108],[131.407084721,33.35103666700001],[131.407067497,33.351150829000005],[131.40625,33.351031991696324],[131.40625,33.354166666666664],[131.4125,33.354166666666664],[131.4125,33.35],[131.408013385,33.35]]]}},{"type":"Feature","id":"44211:503103231","properties":{"id":"44211:503103231","meshCode":"503103231","cityCode":"44211","city":"宇佐市","lat":33.3520833,"lon":131.415625,"areaKm2":0.2500798,"populated2020":false,"population2020":null,"populationNote":"境界またぎ・収録外等のため自治体内人口は未集計"},"geometry":{"type":"Polygon","coordinates":[[[131.418718612,33.351783892],[131.417831946,33.35103027900001],[131.416834747,33.35],[131.4125,33.35],[131.4125,33.354166666666664],[131.41875,33.354166666666664],[131.418718612,33.351783892]]]}},{"type":"Feature","id":"44211:503103232","properties":{"id":"44211:503103232","meshCode":"503103232","cityCode":"44211","city":"宇佐市","lat":33.3529887,"lon":131.4207117,"areaKm2":0.0918973,"populated2020":false,"population2020":null,"populationNote":"境界またぎ・収録外等のため自治体内人口は未集計"},"geometry":{"type":"Polygon","coordinates":[[[131.425,33.353716441],[131.422796109,33.353046387],[131.421714994,33.35246638700001],[131.419667782,33.352222225],[131.41902083,33.352006946],[131.41875,33.35180705812165],[131.41875,33.354166666666664],[131.425,33.354166666666664],[131.425,33.353716441]]]}},{"type":"Feature","id":"44211:503103241","properties":{"id":"44211:503103241","meshCode":"503103241","cityCode":"44211","city":"宇佐市","lat":33.3539608,"lon":131.4255285,"areaKm2":0.0044509,"populated2020":false,"population2020":null,"populationNote":"境界またぎ・収録外等のため自治体内人口は未集計"},"geometry":{"type":"Polygon","coordinates":[[[131.426800215027,33.354166666666664],[131.425695837,33.353866108],[131.425,33.353716441],[131.425,33.354166666666664],[131.426800215027,33.354166666666664]]]}},{"type":"Feature","id":"44211:503101283","properties":{"id":"44211:503101283","meshCode":"503101283","cityCode":"44211","city":"宇佐市","lat":33.357211,"lon":131.2303046,"areaKm2":0.0401813,"populated2020":false,"population2020":null,"populationNote":"境界またぎ・収録外等のため自治体内人口は未集計"},"geometry":{"type":"Polygon","coordinates":[[[131.23123670600003,33.356236802],[131.230981699,33.356490964],[131.230076148,33.356570135],[131.229583645,33.35672291],[131.229388638,33.356964297],[131.229341141,33.357437630999996],[131.229215863,33.35769013499999],[131.228578366,33.357814027],[131.228349754,33.358138748],[131.22840128415663,33.358333333333334],[131.23125,33.358333333333334],[131.23123670600003,33.356236802]]]}},{"type":"Feature","id":"44211:503101284","properties":{"id":"44211:503101284","meshCode":"503101284","cityCode":"44211","city":"宇佐市","lat":33.3572571,"lon":131.2329297,"areaKm2":0.08968,"populated2020":false,"population2020":null,"populationNote":"境界またぎ・収録外等のため自治体内人口は未集計"},"geometry":{"type":"Polygon","coordinates":[[[131.237468651,33.35682846800001],[131.236379209,33.35678680200001],[131.236014202,33.357357351],[131.234968093,33.357338748],[131.234569754,33.357242351],[131.234363372,33.357042631],[131.23408559,33.356988468],[131.23327476,33.35702790999999],[131.232954475,33.356977631],[131.232626706,33.356773747999995],[131.23187725,33.35661346799999],[131.231506978,33.35622791],[131.231336978,33.356181802],[131.23125,33.356229510133886],[131.23125,33.358333333333334],[131.2375,33.358333333333334],[131.237468651,33.35682846800001]]]}},{"type":"Feature","id":"44211:503101293","properties":{"id":"44211:503101293","meshCode":"503101293","cityCode":"44211","city":"宇佐市","lat":33.3575622,"lon":131.2391064,"areaKm2":0.0473891,"populated2020":false,"population2020":null,"populationNote":"境界またぎ・収録外等のため自治体内人口は未集計"},"geometry":{"type":"Polygon","coordinates":[[[131.240795538,33.35833333299999],[131.240700311,33.357511802],[131.240550311,33.35721263100001],[131.240126978,33.35686818899999],[131.239898651,33.356800135],[131.238776978,33.356822081],[131.238208366,33.35696874800001],[131.2375,33.35683448046643],[131.2375,33.358333333333334],[131.240795538,33.35833333299999]]]}},{"type":"Feature","id":"44211:503102203","properties":{"id":"44211:503102203","meshCode":"503102203","cityCode":"44211","city":"宇佐市","lat":33.357315,"lon":131.2548261,"areaKm2":0.0540112,"populated2020":false,"population2020":null,"populationNote":"境界またぎ・収録外等のため自治体内人口は未集計"},"geometry":{"type":"Polygon","coordinates":[[[131.25623476000004,33.356267919000004],[131.255866706,33.356240703],[131.255465318,33.356349865000006],[131.254266433,33.357016811],[131.253488936,33.35726236],[131.252785603,33.357714306],[131.252602542,33.358041532],[131.25260134895822,33.35833333333334],[131.25625,33.35833333333333],[131.25623476000004,33.356267919000004]]]}},{"type":"Feature","id":"44211:503102204","properties":{"id":"44211:503102204","meshCode":"503102204","cityCode":"44211","city":"宇佐市","lat":33.3562524,"lon":131.2609858,"areaKm2":0.2022274,"populated2020":true,"population2020":null,"populationNote":"境界またぎ・収録外等のため自治体内人口は未集計"},"geometry":{"type":"Polygon","coordinates":[[[131.259270597,33.354496811],[131.259235875,33.35505042300001],[131.259567821,33.35558070300001],[131.259622827,33.356115982],[131.259370324,33.356303198],[131.258012827,33.35626042300001],[131.257795045,33.356186252],[131.257269767,33.356267919],[131.256690597,33.355917090000005],[131.256507263,33.355956252],[131.256393372,33.356248477],[131.25625,33.356268417865245],[131.25625,33.35833333333333],[131.2625,33.358333333333334],[131.2625,33.354166666666664],[131.25945586257535,33.354166666666664],[131.259270597,33.354496811]]]}},{"type":"Feature","id":"44211:503102213","properties":{"id":"44211:503102213","meshCode":"503102213","cityCode":"44211","city":"宇佐市","lat":33.35625,"lon":131.265625,"areaKm2":0.2688312,"populated2020":true,"population2020":9.0972,"populationNote":"2020年基準人口（国交省調整値）"},"geometry":{"type":"Polygon","coordinates":[[[131.2625,33.354166666666664],[131.2625,33.358333333333334],[131.26875,33.35833333333334],[131.26875,33.354166666666664],[131.2625,33.354166666666664]]]}},{"type":"Feature","id":"44211:503102214","properties":{"id":"44211:503102214","meshCode":"503102214","cityCode":"44211","city":"宇佐市","lat":33.35625,"lon":131.271875,"areaKm2":0.2688312,"populated2020":false,"population2020":null,"populationNote":"境界またぎ・収録外等のため自治体内人口は未集計"},"geometry":{"type":"Polygon","coordinates":[[[131.26875,33.354166666666664],[131.26875,33.35833333333334],[131.275,33.358333333333334],[131.275,33.354166666666664],[131.26875,33.354166666666664]]]}},{"type":"Feature","id":"44211:503102223","properties":{"id":"44211:503102223","meshCode":"503102223","cityCode":"44211","city":"宇佐市","lat":33.35625,"lon":131.278125,"areaKm2":0.2688312,"populated2020":true,"population2020":10.0995,"populationNote":"2020年基準人口（国交省調整値）"},"geometry":{"type":"Polygon","coordinates":[[[131.275,33.354166666666664],[131.275,33.358333333333334],[131.28125,33.358333333333334],[131.28125,33.354166666666664],[131.275,33.354166666666664]]]}},{"type":"Feature","id":"44211:503102224","properties":{"id":"44211:503102224","meshCode":"503102224","cityCode":"44211","city":"宇佐市","lat":33.35625,"lon":131.284375,"areaKm2":0.2688312,"populated2020":false,"population2020":null,"populationNote":"境界またぎ・収録外等のため自治体内人口は未集計"},"geometry":{"type":"Polygon","coordinates":[[[131.28125,33.354166666666664],[131.28125,33.358333333333334],[131.2875,33.35833333333334],[131.2875,33.354166666666664],[131.28125,33.354166666666664]]]}},{"type":"Feature","id":"44211:503102233","properties":{"id":"44211:503102233","meshCode":"503102233","cityCode":"44211","city":"宇佐市","lat":33.35625,"lon":131.290625,"areaKm2":0.2688312,"populated2020":false,"population2020":null,"populationNote":"境界またぎ・収録外等のため自治体内人口は未集計"},"geometry":{"type":"Polygon","coordinates":[[[131.2875,33.354166666666664],[131.2875,33.35833333333334],[131.29375,33.358333333333334],[131.29375,33.354166666666664],[131.2875,33.354166666666664]]]}},{"type":"Feature","id":"44211:503102234","properties":{"id":"44211:503102234","meshCode":"503102234","cityCode":"44211","city":"宇佐市","lat":33.35625,"lon":131.296875,"areaKm2":0.2688312,"populated2020":false,"population2020":null,"populationNote":"境界またぎ・収録外等のため自治体内人口は未集計"},"geometry":{"type":"Polygon","coordinates":[[[131.29375,33.354166666666664],[131.29375,33.358333333333334],[131.30000000000004,33.35833333333334],[131.30000000000004,33.354166666666664],[131.29375,33.354166666666664]]]}},{"type":"Feature","id":"44211:503102243","properties":{"id":"44211:503102243","meshCode":"503102243","cityCode":"44211","city":"宇佐市","lat":33.35625,"lon":131.303125,"areaKm2":0.2688312,"populated2020":false,"population2020":null,"populationNote":"境界またぎ・収録外等のため自治体内人口は未集計"},"geometry":{"type":"Polygon","coordinates":[[[131.30000000000004,33.354166666666664],[131.30000000000004,33.35833333333334],[131.30625,33.358333333333334],[131.30625,33.354166666666664],[131.30000000000004,33.354166666666664]]]}},{"type":"Feature","id":"44211:503102244","properties":{"id":"44211:503102244","meshCode":"503102244","cityCode":"44211","city":"宇佐市","lat":33.35625,"lon":131.309375,"areaKm2":0.2688312,"populated2020":false,"population2020":null,"populationNote":"境界またぎ・収録外等のため自治体内人口は未集計"},"geometry":{"type":"Polygon","coordinates":[[[131.30625,33.354166666666664],[131.30625,33.358333333333334],[131.3125,33.35833333333334],[131.3125,33.354166666666664],[131.30625,33.354166666666664]]]}},{"type":"Feature","id":"44211:503102253","properties":{"id":"44211:503102253","meshCode":"503102253","cityCode":"44211","city":"宇佐市","lat":33.35625,"lon":131.315625,"areaKm2":0.2688312,"populated2020":false,"population2020":null,"populationNote":"境界またぎ・収録外等のため自治体内人口は未集計"},"geometry":{"type":"Polygon","coordinates":[[[131.3125,33.354166666666664],[131.3125,33.35833333333334],[131.31875,33.358333333333334],[131.31875,33.354166666666664],[131.3125,33.354166666666664]]]}},{"type":"Feature","id":"44211:503102254","properties":{"id":"44211:503102254","meshCode":"503102254","cityCode":"44211","city":"宇佐市","lat":33.35625,"lon":131.321875,"areaKm2":0.2688312,"populated2020":false,"population2020":null,"populationNote":"境界またぎ・収録外等のため自治体内人口は未集計"},"geometry":{"type":"Polygon","coordinates":[[[131.31875,33.354166666666664],[131.31875,33.358333333333334],[131.325,33.358333333333334],[131.325,33.354166666666664],[131.31875,33.354166666666664]]]}},{"type":"Feature","id":"44211:503102263","properties":{"id":"44211:503102263","meshCode":"503102263","cityCode":"44211","city":"宇佐市","lat":33.35625,"lon":131.328125,"areaKm2":0.2688312,"populated2020":false,"population2020":null,"populationNote":"境界またぎ・収録外等のため自治体内人口は未集計"},"geometry":{"type":"Polygon","coordinates":[[[131.325,33.354166666666664],[131.325,33.358333333333334],[131.33125,33.358333333333334],[131.33125,33.354166666666664],[131.325,33.354166666666664]]]}},{"type":"Feature","id":"44211:503102264","properties":{"id":"44211:503102264","meshCode":"503102264","cityCode":"44211","city":"宇佐市","lat":33.35625,"lon":131.334375,"areaKm2":0.2688312,"populated2020":false,"population2020":null,"populationNote":"境界またぎ・収録外等のため自治体内人口は未集計"},"geometry":{"type":"Polygon","coordinates":[[[131.33125,33.354166666666664],[131.33125,33.358333333333334],[131.3375,33.358333333333334],[131.3375,33.35416666666667],[131.33125,33.354166666666664]]]}},{"type":"Feature","id":"44211:503102273","properties":{"id":"44211:503102273","meshCode":"503102273","cityCode":"44211","city":"宇佐市","lat":33.35625,"lon":131.340625,"areaKm2":0.2688312,"populated2020":true,"population2020":20.1641,"populationNote":"2020年基準人口（国交省調整値）"},"geometry":{"type":"Polygon","coordinates":[[[131.3375,33.35416666666667],[131.3375,33.358333333333334],[131.34375,33.358333333333334],[131.34375,33.354166666666664],[131.3375,33.35416666666667]]]}},{"type":"Feature","id":"44211:503102274","properties":{"id":"44211:503102274","meshCode":"503102274","cityCode":"44211","city":"宇佐市","lat":33.35625,"lon":131.346875,"areaKm2":0.2688312,"populated2020":false,"population2020":null,"populationNote":"境界またぎ・収録外等のため自治体内人口は未集計"},"geometry":{"type":"Polygon","coordinates":[[[131.34375,33.354166666666664],[131.34375,33.358333333333334],[131.35,33.358333333333334],[131.35,33.354166666666664],[131.34375,33.354166666666664]]]}},{"type":"Feature","id":"44211:503102283","properties":{"id":"44211:503102283","meshCode":"503102283","cityCode":"44211","city":"宇佐市","lat":33.35625,"lon":131.353125,"areaKm2":0.2688312,"populated2020":false,"population2020":null,"populationNote":"境界またぎ・収録外等のため自治体内人口は未集計"},"geometry":{"type":"Polygon","coordinates":[[[131.35,33.354166666666664],[131.35,33.358333333333334],[131.35625000000002,33.358333333333334],[131.35625000000002,33.354166666666664],[131.35,33.354166666666664]]]}},{"type":"Feature","id":"44211:503102284","properties":{"id":"44211:503102284","meshCode":"503102284","cityCode":"44211","city":"宇佐市","lat":33.35625,"lon":131.359375,"areaKm2":0.2688312,"populated2020":true,"population2020":1.0017,"populationNote":"2020年基準人口（国交省調整値）"},"geometry":{"type":"Polygon","coordinates":[[[131.35625000000002,33.354166666666664],[131.35625000000002,33.358333333333334],[131.3625,33.358333333333334],[131.3625,33.35416666666667],[131.35625000000002,33.354166666666664]]]}},{"type":"Feature","id":"44211:503102293","properties":{"id":"44211:503102293","meshCode":"503102293","cityCode":"44211","city":"宇佐市","lat":33.35625,"lon":131.365625,"areaKm2":0.2688312,"populated2020":false,"population2020":null,"populationNote":"境界またぎ・収録外等のため自治体内人口は未集計"},"geometry":{"type":"Polygon","coordinates":[[[131.3625,33.35416666666667],[131.3625,33.358333333333334],[131.36875,33.358333333333334],[131.36875,33.354166666666664],[131.3625,33.35416666666667]]]}},{"type":"Feature","id":"44211:503102294","properties":{"id":"44211:503102294","meshCode":"503102294","cityCode":"44211","city":"宇佐市","lat":33.35625,"lon":131.371875,"areaKm2":0.2688312,"populated2020":false,"population2020":null,"populationNote":"境界またぎ・収録外等のため自治体内人口は未集計"},"geometry":{"type":"Polygon","coordinates":[[[131.36875,33.354166666666664],[131.36875,33.358333333333334],[131.375,33.35833333333334],[131.375,33.354166666666664],[131.36875,33.354166666666664]]]}},{"type":"Feature","id":"44211:503103203","properties":{"id":"44211:503103203","meshCode":"503103203","cityCode":"44211","city":"宇佐市","lat":33.35625,"lon":131.378125,"areaKm2":0.2688312,"populated2020":false,"population2020":null,"populationNote":"境界またぎ・収録外等のため自治体内人口は未集計"},"geometry":{"type":"Polygon","coordinates":[[[131.375,33.354166666666664],[131.375,33.35833333333334],[131.38125,33.358333333333334],[131.38125,33.354166666666664],[131.375,33.354166666666664]]]}},{"type":"Feature","id":"44211:503103204","properties":{"id":"44211:503103204","meshCode":"503103204","cityCode":"44211","city":"宇佐市","lat":33.35625,"lon":131.384375,"areaKm2":0.2688312,"populated2020":false,"population2020":null,"populationNote":"境界またぎ・収録外等のため自治体内人口は未集計"},"geometry":{"type":"Polygon","coordinates":[[[131.38125,33.354166666666664],[131.38125,33.358333333333334],[131.3875,33.358333333333334],[131.3875,33.354166666666664],[131.38125,33.354166666666664]]]}},{"type":"Feature","id":"44211:503103213","properties":{"id":"44211:503103213","meshCode":"503103213","cityCode":"44211","city":"宇佐市","lat":33.35625,"lon":131.390625,"areaKm2":0.2688312,"populated2020":false,"population2020":null,"populationNote":"境界またぎ・収録外等のため自治体内人口は未集計"},"geometry":{"type":"Polygon","coordinates":[[[131.3875,33.354166666666664],[131.3875,33.358333333333334],[131.39375,33.35833333333334],[131.39375,33.35416666666667],[131.3875,33.354166666666664]]]}},{"type":"Feature","id":"44211:503103214","properties":{"id":"44211:503103214","meshCode":"503103214","cityCode":"44211","city":"宇佐市","lat":33.35625,"lon":131.396875,"areaKm2":0.2688312,"populated2020":false,"population2020":null,"populationNote":"境界またぎ・収録外等のため自治体内人口は未集計"},"geometry":{"type":"Polygon","coordinates":[[[131.39375,33.35416666666667],[131.39375,33.35833333333334],[131.4,33.35833333333334],[131.4,33.354166666666664],[131.39375,33.35416666666667]]]}},{"type":"Feature","id":"44211:503103223","properties":{"id":"44211:503103223","meshCode":"503103223","cityCode":"44211","city":"宇佐市","lat":33.35625,"lon":131.403125,"areaKm2":0.2688312,"populated2020":false,"population2020":null,"populationNote":"境界またぎ・収録外等のため自治体内人口は未集計"},"geometry":{"type":"Polygon","coordinates":[[[131.4,33.354166666666664],[131.4,33.35833333333334],[131.40625,33.35833333333334],[131.40625,33.354166666666664],[131.4,33.354166666666664]]]}},{"type":"Feature","id":"44211:503103224","properties":{"id":"44211:503103224","meshCode":"503103224","cityCode":"44211","city":"宇佐市","lat":33.35625,"lon":131.409375,"areaKm2":0.2688312,"populated2020":false,"population2020":null,"populationNote":"境界またぎ・収録外等のため自治体内人口は未集計"},"geometry":{"type":"Polygon","coordinates":[[[131.40625,33.354166666666664],[131.40625,33.35833333333334],[131.4125,33.35833333333334],[131.4125,33.354166666666664],[131.40625,33.354166666666664]]]}},{"type":"Feature","id":"44211:503103233","properties":{"id":"44211:503103233","meshCode":"503103233","cityCode":"44211","city":"宇佐市","lat":33.35625,"lon":131.415625,"areaKm2":0.2688312,"populated2020":false,"population2020":null,"populationNote":"境界またぎ・収録外等のため自治体内人口は未集計"},"geometry":{"type":"Polygon","coordinates":[[[131.4125,33.354166666666664],[131.4125,33.35833333333334],[131.41875,33.358333333333334],[131.41875,33.354166666666664],[131.4125,33.354166666666664]]]}},{"type":"Feature","id":"44211:503103234","properties":{"id":"44211:503103234","meshCode":"503103234","cityCode":"44211","city":"宇佐市","lat":33.35625,"lon":131.421875,"areaKm2":0.2688312,"populated2020":false,"population2020":null,"populationNote":"境界またぎ・収録外等のため自治体内人口は未集計"},"geometry":{"type":"Polygon","coordinates":[[[131.41875,33.354166666666664],[131.41875,33.358333333333334],[131.425,33.358333333333334],[131.425,33.354166666666664],[131.41875,33.354166666666664]]]}},{"type":"Feature","id":"44211:503103243","properties":{"id":"44211:503103243","meshCode":"503103243","cityCode":"44211","city":"宇佐市","lat":33.35625,"lon":131.428125,"areaKm2":0.2327708,"populated2020":true,"population2020":null,"populationNote":"境界またぎ・収録外等のため自治体内人口は未集計"},"geometry":{"type":"Polygon","coordinates":[[[131.43125,33.356169968236756],[131.429319728,33.355172775],[131.428734449,33.354437774999994],[131.428418054,33.354225829],[131.427484163,33.354315279],[131.426800215027,33.354166666666664],[131.425,33.354166666666664],[131.425,33.358333333333334],[131.43125,33.358333333333334],[131.43125,33.356169968236756]]]}},{"type":"Feature","id":"44211:503103244","properties":{"id":"44211:503103244","meshCode":"503103244","cityCode":"44211","city":"宇佐市","lat":33.3571831,"lon":131.4320672,"areaKm2":0.0308861,"populated2020":false,"population2020":null,"populationNote":"境界またぎ・収録外等のため自治体内人口は未集計"},"geometry":{"type":"Polygon","coordinates":[[[131.432907004,33.358333333],[131.432957497,33.357361946],[131.432726109,33.35689222500001],[131.432513606,33.356725],[131.43125,33.356169968236756],[131.43125,33.358333333333334],[131.432907004,33.358333333]]]}},{"type":"Feature","id":"44211:503101371","properties":{"id":"44211:503101371","meshCode":"503101371","cityCode":"44211","city":"宇佐市","lat":33.361329,"lon":131.2173099,"areaKm2":0.0455505,"populated2020":false,"population2020":null,"populationNote":"境界またぎ・収録外等のため自治体内人口は未集計"},"geometry":{"type":"Polygon","coordinates":[[[131.218744189,33.361069865],[131.218574189,33.361060972999994],[131.218344189,33.36090735999999],[131.217917795,33.36039181099999],[131.217783917,33.36044236000001],[131.217438353,33.360806532000005],[131.21720725,33.360828477000005],[131.21677946800003,33.360381252],[131.216472802,33.360223198],[131.216288911,33.36031319799999],[131.215772244,33.36146319800001],[131.217001414,33.36203764],[131.21715585,33.362217918999995],[131.2171942045424,33.3625],[131.21875,33.3625],[131.218744189,33.361069865]]]}},{"type":"Feature","id":"44211:503101372","properties":{"id":"44211:503101372","meshCode":"503101372","cityCode":"44211","city":"宇佐市","lat":33.3619776,"lon":131.221875,"areaKm2":0.101819,"populated2020":false,"population2020":null,"populationNote":"境界またぎ・収録外等のため自治体内人口は未集計"},"geometry":{"type":"Polygon","coordinates":[[[131.225,33.361201685],[131.224755032,33.361080414],[131.224218366,33.361369586],[131.223822802,33.361439865],[131.223677808,33.361288468],[131.223711414,33.361121802],[131.224081971,33.360719306],[131.223683632,33.360583198],[131.223273917,33.36075430600001],[131.222879196,33.361135414],[131.222416693,33.361284586],[131.222291141,33.361148477],[131.222269196,33.360699306],[131.222149196,33.360506532],[131.222010026,33.360471532],[131.221851141,33.360548198000004],[131.221383917,33.36111125200001],[131.221216693,33.361185694],[131.220771971,33.360738477000005],[131.220593359,33.360696811000004],[131.219454747,33.360914027],[131.219270856,33.360789027],[131.219022802,33.36044014400001],[131.21875,33.36106592079369],[131.21875,33.3625],[131.225,33.3625],[131.225,33.361201685]]]}},{"type":"Feature","id":"44211:503101381","properties":{"id":"44211:503101381","meshCode":"503101381","cityCode":"44211","city":"宇佐市","lat":33.3604167,"lon":131.228125,"areaKm2":0.1857933,"populated2020":false,"population2020":null,"populationNote":"境界またぎ・収録外等のため自治体内人口は未集計"},"geometry":{"type":"Polygon","coordinates":[[[131.228401479,33.358333748],[131.228617808,33.35867513499999],[131.22864559,33.358903189],[131.228500869,33.359008189],[131.22778753600002,33.359093748],[131.228130311,33.35977124299999],[131.228032802,33.360027081000005],[131.227720856,33.360261802],[131.226550856,33.360582919],[131.226425305,33.36071458600001],[131.226346135,33.36142264],[131.226178911,33.361549585999995],[131.225945032,33.361573748000005],[131.225253917,33.36140264],[131.225,33.361201685],[131.225,33.3625],[131.23125,33.362500000000004],[131.23125,33.358333333333334],[131.228401479,33.358333748]]]}},{"type":"Feature","id":"44211:503101382","properties":{"id":"44211:503101382","meshCode":"503101382","cityCode":"44211","city":"宇佐市","lat":33.3604167,"lon":131.234375,"areaKm2":0.2688185,"populated2020":false,"population2020":null,"populationNote":"境界またぎ・収録外等のため自治体内人口は未集計"},"geometry":{"type":"Polygon","coordinates":[[[131.23125,33.358333333333334],[131.23125,33.362500000000004],[131.2375,33.3625],[131.2375,33.358333333333334],[131.23125,33.358333333333334]]]}},{"type":"Feature","id":"44211:503101391","properties":{"id":"44211:503101391","meshCode":"503101391","cityCode":"44211","city":"宇佐市","lat":33.3604167,"lon":131.240625,"areaKm2":0.1706241,"populated2020":false,"population2020":null,"populationNote":"境界またぎ・収録外等のため自治体内人口は未集計"},"geometry":{"type":"Polygon","coordinates":[[[131.24375,33.362385901062574],[131.242602542,33.362461523],[131.241711141,33.362240135],[131.241764202,33.36067541399999],[131.241583372,33.36052736],[131.241324202,33.360055693999996],[131.24079553811484,33.358333333333334],[131.2375,33.358333333333334],[131.2375,33.3625],[131.24375,33.3625],[131.24375,33.362385901062574]]]}},{"type":"Feature","id":"44211:503101392","properties":{"id":"44211:503101392","meshCode":"503101392","cityCode":"44211","city":"宇佐市","lat":33.3617074,"lon":131.247967,"areaKm2":0.0623624,"populated2020":false,"population2020":null,"populationNote":"境界またぎ・収録外等のため自治体内人口は未集計"},"geometry":{"type":"Polygon","coordinates":[[[131.25,33.361422639999994],[131.249391427,33.361241811000006],[131.248881154,33.360863748],[131.248648379,33.360859865],[131.248227263,33.361436532],[131.247979481,33.361631532000004],[131.247302257,33.361631251999995],[131.246984488,33.361486531999994],[131.246739209,33.36102819799999],[131.246550039,33.360973198],[131.24603169900004,33.361260693999995],[131.2459231,33.361754306],[131.245731984,33.361913197999996],[131.244809767,33.36174874799999],[131.244222815,33.362279586],[131.24375,33.362385901062574],[131.24375,33.3625],[131.25,33.3625],[131.25,33.361422639999994]]]}},{"type":"Feature","id":"44211:503102301","properties":{"id":"44211:503102301","meshCode":"503102301","cityCode":"44211","city":"宇佐市","lat":33.3604167,"lon":131.253125,"areaKm2":0.2063909,"populated2020":false,"population2020":null,"populationNote":"境界またぎ・収録外等のため自治体内人口は未集計"},"geometry":{"type":"Polygon","coordinates":[[[131.252601297,33.358333748],[131.252375875,33.35920625199999],[131.251847263,33.360315144],[131.251411427,33.360584027],[131.251158936,33.361087081],[131.250708651,33.361541811],[131.250456148,33.361596532],[131.25,33.361422639999994],[131.25,33.3625],[131.25625,33.3625],[131.25625,33.35833333333333],[131.252601297,33.358333748]]]}},{"type":"Feature","id":"44211:503102302","properties":{"id":"44211:503102302","meshCode":"503102302","cityCode":"44211","city":"宇佐市","lat":33.3604167,"lon":131.259375,"areaKm2":0.2688185,"populated2020":false,"population2020":null,"populationNote":"境界またぎ・収録外等のため自治体内人口は未集計"},"geometry":{"type":"Polygon","coordinates":[[[131.25625,33.35833333333333],[131.25625,33.3625],[131.2625,33.3625],[131.2625,33.358333333333334],[131.25625,33.35833333333333]]]}},{"type":"Feature","id":"44211:503102311","properties":{"id":"44211:503102311","meshCode":"503102311","cityCode":"44211","city":"宇佐市","lat":33.3604167,"lon":131.265625,"areaKm2":0.2688185,"populated2020":false,"population2020":null,"populationNote":"境界またぎ・収録外等のため自治体内人口は未集計"},"geometry":{"type":"Polygon","coordinates":[[[131.2625,33.358333333333334],[131.2625,33.3625],[131.26875,33.3625],[131.26875,33.35833333333334],[131.2625,33.358333333333334]]]}},{"type":"Feature","id":"44211:503102312","properties":{"id":"44211:503102312","meshCode":"503102312","cityCode":"44211","city":"宇佐市","lat":33.3604167,"lon":131.271875,"areaKm2":0.2688185,"populated2020":false,"population2020":null,"populationNote":"境界またぎ・収録外等のため自治体内人口は未集計"},"geometry":{"type":"Polygon","coordinates":[[[131.26875,33.35833333333334],[131.26875,33.3625],[131.275,33.3625],[131.275,33.358333333333334],[131.26875,33.35833333333334]]]}},{"type":"Feature","id":"44211:503102321","properties":{"id":"44211:503102321","meshCode":"503102321","cityCode":"44211","city":"宇佐市","lat":33.3604167,"lon":131.278125,"areaKm2":0.2688185,"populated2020":false,"population2020":null,"populationNote":"境界またぎ・収録外等のため自治体内人口は未集計"},"geometry":{"type":"Polygon","coordinates":[[[131.275,33.358333333333334],[131.275,33.3625],[131.28125,33.36249999999999],[131.28125,33.358333333333334],[131.275,33.358333333333334]]]}},{"type":"Feature","id":"44211:503102322","properties":{"id":"44211:503102322","meshCode":"503102322","cityCode":"44211","city":"宇佐市","lat":33.3604167,"lon":131.284375,"areaKm2":0.2688185,"populated2020":false,"population2020":null,"populationNote":"境界またぎ・収録外等のため自治体内人口は未集計"},"geometry":{"type":"Polygon","coordinates":[[[131.28125,33.358333333333334],[131.28125,33.36249999999999],[131.2875,33.3625],[131.2875,33.35833333333334],[131.28125,33.358333333333334]]]}},{"type":"Feature","id":"44211:503102331","properties":{"id":"44211:503102331","meshCode":"503102331","cityCode":"44211","city":"宇佐市","lat":33.3604167,"lon":131.290625,"areaKm2":0.2688185,"populated2020":false,"population2020":null,"populationNote":"境界またぎ・収録外等のため自治体内人口は未集計"},"geometry":{"type":"Polygon","coordinates":[[[131.2875,33.35833333333334],[131.2875,33.3625],[131.29375,33.3625],[131.29375,33.358333333333334],[131.2875,33.35833333333334]]]}},{"type":"Feature","id":"44211:503102332","properties":{"id":"44211:503102332","meshCode":"503102332","cityCode":"44211","city":"宇佐市","lat":33.3604167,"lon":131.296875,"areaKm2":0.2688185,"populated2020":false,"population2020":null,"populationNote":"境界またぎ・収録外等のため自治体内人口は未集計"},"geometry":{"type":"Polygon","coordinates":[[[131.29375,33.358333333333334],[131.29375,33.3625],[131.30000000000004,33.362500000000004],[131.30000000000004,33.35833333333334],[131.29375,33.358333333333334]]]}},{"type":"Feature","id":"44211:503102341","properties":{"id":"44211:503102341","meshCode":"503102341","cityCode":"44211","city":"宇佐市","lat":33.3604167,"lon":131.303125,"areaKm2":0.2688185,"populated2020":false,"population2020":null,"populationNote":"境界またぎ・収録外等のため自治体内人口は未集計"},"geometry":{"type":"Polygon","coordinates":[[[131.30000000000004,33.35833333333334],[131.30000000000004,33.362500000000004],[131.30625,33.3625],[131.30625,33.358333333333334],[131.30000000000004,33.35833333333334]]]}},{"type":"Feature","id":"44211:503102342","properties":{"id":"44211:503102342","meshCode":"503102342","cityCode":"44211","city":"宇佐市","lat":33.3604167,"lon":131.309375,"areaKm2":0.2688185,"populated2020":false,"population2020":null,"populationNote":"境界またぎ・収録外等のため自治体内人口は未集計"},"geometry":{"type":"Polygon","coordinates":[[[131.30625,33.358333333333334],[131.30625,33.3625],[131.3125,33.3625],[131.3125,33.35833333333334],[131.30625,33.358333333333334]]]}},{"type":"Feature","id":"44211:503102351","properties":{"id":"44211:503102351","meshCode":"503102351","cityCode":"44211","city":"宇佐市","lat":33.3604167,"lon":131.315625,"areaKm2":0.2688185,"populated2020":false,"population2020":null,"populationNote":"境界またぎ・収録外等のため自治体内人口は未集計"},"geometry":{"type":"Polygon","coordinates":[[[131.3125,33.35833333333334],[131.3125,33.3625],[131.31875,33.3625],[131.31875,33.358333333333334],[131.3125,33.35833333333334]]]}},{"type":"Feature","id":"44211:503102352","properties":{"id":"44211:503102352","meshCode":"503102352","cityCode":"44211","city":"宇佐市","lat":33.3604167,"lon":131.321875,"areaKm2":0.2688185,"populated2020":false,"population2020":null,"populationNote":"境界またぎ・収録外等のため自治体内人口は未集計"},"geometry":{"type":"Polygon","coordinates":[[[131.31875,33.358333333333334],[131.31875,33.3625],[131.325,33.3625],[131.325,33.358333333333334],[131.31875,33.358333333333334]]]}},{"type":"Feature","id":"44211:503102361","properties":{"id":"44211:503102361","meshCode":"503102361","cityCode":"44211","city":"宇佐市","lat":33.3604167,"lon":131.328125,"areaKm2":0.2688185,"populated2020":false,"population2020":null,"populationNote":"境界またぎ・収録外等のため自治体内人口は未集計"},"geometry":{"type":"Polygon","coordinates":[[[131.325,33.358333333333334],[131.325,33.3625],[131.33125,33.3625],[131.33125,33.358333333333334],[131.325,33.358333333333334]]]}},{"type":"Feature","id":"44211:503102362","properties":{"id":"44211:503102362","meshCode":"503102362","cityCode":"44211","city":"宇佐市","lat":33.3604167,"lon":131.334375,"areaKm2":0.2688185,"populated2020":false,"population2020":null,"populationNote":"境界またぎ・収録外等のため自治体内人口は未集計"},"geometry":{"type":"Polygon","coordinates":[[[131.33125,33.358333333333334],[131.33125,33.3625],[131.3375,33.3625],[131.3375,33.358333333333334],[131.33125,33.358333333333334]]]}},{"type":"Feature","id":"44211:503102371","properties":{"id":"44211:503102371","meshCode":"503102371","cityCode":"44211","city":"宇佐市","lat":33.3604167,"lon":131.340625,"areaKm2":0.2688185,"populated2020":true,"population2020":1.0217,"populationNote":"2020年基準人口（国交省調整値）"},"geometry":{"type":"Polygon","coordinates":[[[131.3375,33.358333333333334],[131.3375,33.3625],[131.34375,33.3625],[131.34375,33.358333333333334],[131.3375,33.358333333333334]]]}},{"type":"Feature","id":"44211:503102372","properties":{"id":"44211:503102372","meshCode":"503102372","cityCode":"44211","city":"宇佐市","lat":33.3604167,"lon":131.346875,"areaKm2":0.2688185,"populated2020":true,"population2020":18.1358,"populationNote":"2020年基準人口（国交省調整値）"},"geometry":{"type":"Polygon","coordinates":[[[131.34375,33.358333333333334],[131.34375,33.3625],[131.35,33.36249999999999],[131.35,33.358333333333334],[131.34375,33.358333333333334]]]}},{"type":"Feature","id":"44211:503102381","properties":{"id":"44211:503102381","meshCode":"503102381","cityCode":"44211","city":"宇佐市","lat":33.3604167,"lon":131.353125,"areaKm2":0.2688185,"populated2020":false,"population2020":null,"populationNote":"境界またぎ・収録外等のため自治体内人口は未集計"},"geometry":{"type":"Polygon","coordinates":[[[131.35,33.358333333333334],[131.35,33.36249999999999],[131.35625000000002,33.3625],[131.35625000000002,33.358333333333334],[131.35,33.358333333333334]]]}},{"type":"Feature","id":"44211:503102382","properties":{"id":"44211:503102382","meshCode":"503102382","cityCode":"44211","city":"宇佐市","lat":33.3604167,"lon":131.359375,"areaKm2":0.2688185,"populated2020":false,"population2020":null,"populationNote":"境界またぎ・収録外等のため自治体内人口は未集計"},"geometry":{"type":"Polygon","coordinates":[[[131.35625000000002,33.358333333333334],[131.35625000000002,33.3625],[131.3625,33.362500000000004],[131.3625,33.358333333333334],[131.35625000000002,33.358333333333334]]]}},{"type":"Feature","id":"44211:503102391","properties":{"id":"44211:503102391","meshCode":"503102391","cityCode":"44211","city":"宇佐市","lat":33.3604167,"lon":131.365625,"areaKm2":0.2688185,"populated2020":false,"population2020":null,"populationNote":"境界またぎ・収録外等のため自治体内人口は未集計"},"geometry":{"type":"Polygon","coordinates":[[[131.3625,33.358333333333334],[131.3625,33.362500000000004],[131.36875,33.362500000000004],[131.36875,33.358333333333334],[131.3625,33.358333333333334]]]}},{"type":"Feature","id":"44211:503102392","properties":{"id":"44211:503102392","meshCode":"503102392","cityCode":"44211","city":"宇佐市","lat":33.3604167,"lon":131.371875,"areaKm2":0.2688185,"populated2020":false,"population2020":null,"populationNote":"境界またぎ・収録外等のため自治体内人口は未集計"},"geometry":{"type":"Polygon","coordinates":[[[131.36875,33.358333333333334],[131.36875,33.362500000000004],[131.375,33.3625],[131.375,33.35833333333334],[131.36875,33.358333333333334]]]}},{"type":"Feature","id":"44211:503103301","properties":{"id":"44211:503103301","meshCode":"503103301","cityCode":"44211","city":"宇佐市","lat":33.3604167,"lon":131.378125,"areaKm2":0.2688185,"populated2020":false,"population2020":null,"populationNote":"境界またぎ・収録外等のため自治体内人口は未集計"},"geometry":{"type":"Polygon","coordinates":[[[131.375,33.35833333333334],[131.375,33.3625],[131.38125,33.3625],[131.38125,33.358333333333334],[131.375,33.35833333333334]]]}},{"type":"Feature","id":"44211:503103302","properties":{"id":"44211:503103302","meshCode":"503103302","cityCode":"44211","city":"宇佐市","lat":33.3604167,"lon":131.384375,"areaKm2":0.2688185,"populated2020":false,"population2020":null,"populationNote":"境界またぎ・収録外等のため自治体内人口は未集計"},"geometry":{"type":"Polygon","coordinates":[[[131.38125,33.358333333333334],[131.38125,33.3625],[131.3875,33.3625],[131.3875,33.358333333333334],[131.38125,33.358333333333334]]]}},{"type":"Feature","id":"44211:503103311","properties":{"id":"44211:503103311","meshCode":"503103311","cityCode":"44211","city":"宇佐市","lat":33.3604167,"lon":131.390625,"areaKm2":0.2688185,"populated2020":false,"population2020":null,"populationNote":"境界またぎ・収録外等のため自治体内人口は未集計"},"geometry":{"type":"Polygon","coordinates":[[[131.3875,33.358333333333334],[131.3875,33.3625],[131.39375,33.362500000000004],[131.39375,33.35833333333334],[131.3875,33.358333333333334]]]}},{"type":"Feature","id":"44211:503103312","properties":{"id":"44211:503103312","meshCode":"503103312","cityCode":"44211","city":"宇佐市","lat":33.3604167,"lon":131.396875,"areaKm2":0.2688185,"populated2020":true,"population2020":13.0834,"populationNote":"2020年基準人口（国交省調整値）"},"geometry":{"type":"Polygon","coordinates":[[[131.39375,33.35833333333334],[131.39375,33.362500000000004],[131.4,33.362500000000004],[131.4,33.35833333333334],[131.39375,33.35833333333334]]]}},{"type":"Feature","id":"44211:503103321","properties":{"id":"44211:503103321","meshCode":"503103321","cityCode":"44211","city":"宇佐市","lat":33.3604167,"lon":131.403125,"areaKm2":0.2688185,"populated2020":false,"population2020":null,"populationNote":"境界またぎ・収録外等のため自治体内人口は未集計"},"geometry":{"type":"Polygon","coordinates":[[[131.4,33.35833333333334],[131.4,33.362500000000004],[131.40625,33.3625],[131.40625,33.35833333333334],[131.4,33.35833333333334]]]}},{"type":"Feature","id":"44211:503103322","properties":{"id":"44211:503103322","meshCode":"503103322","cityCode":"44211","city":"宇佐市","lat":33.3604167,"lon":131.409375,"areaKm2":0.2688185,"populated2020":false,"population2020":null,"populationNote":"境界またぎ・収録外等のため自治体内人口は未集計"},"geometry":{"type":"Polygon","coordinates":[[[131.40625,33.35833333333334],[131.40625,33.3625],[131.4125,33.3625],[131.4125,33.35833333333334],[131.40625,33.35833333333334]]]}},{"type":"Feature","id":"44211:503103331","properties":{"id":"44211:503103331","meshCode":"503103331","cityCode":"44211","city":"宇佐市","lat":33.3604167,"lon":131.415625,"areaKm2":0.2688185,"populated2020":false,"population2020":null,"populationNote":"境界またぎ・収録外等のため自治体内人口は未集計"},"geometry":{"type":"Polygon","coordinates":[[[131.4125,33.35833333333334],[131.4125,33.3625],[131.41875,33.3625],[131.41875,33.358333333333334],[131.4125,33.35833333333334]]]}},{"type":"Feature","id":"44211:503103332","properties":{"id":"44211:503103332","meshCode":"503103332","cityCode":"44211","city":"宇佐市","lat":33.3604167,"lon":131.421875,"areaKm2":0.2688185,"populated2020":false,"population2020":null,"populationNote":"境界またぎ・収録外等のため自治体内人口は未集計"},"geometry":{"type":"Polygon","coordinates":[[[131.41875,33.358333333333334],[131.41875,33.3625],[131.425,33.362500000000004],[131.425,33.358333333333334],[131.41875,33.358333333333334]]]}},{"type":"Feature","id":"44211:503103341","properties":{"id":"44211:503103341","meshCode":"503103341","cityCode":"44211","city":"宇佐市","lat":33.3604167,"lon":131.428125,"areaKm2":0.2688185,"populated2020":false,"population2020":null,"populationNote":"境界またぎ・収録外等のため自治体内人口は未集計"},"geometry":{"type":"Polygon","coordinates":[[[131.425,33.358333333333334],[131.425,33.362500000000004],[131.43125,33.3625],[131.43125,33.358333333333334],[131.425,33.358333333333334]]]}},{"type":"Feature","id":"44211:503103342","properties":{"id":"44211:503103342","meshCode":"503103342","cityCode":"44211","city":"宇佐市","lat":33.3602233,"lon":131.4319186,"areaKm2":0.0513769,"populated2020":false,"population2020":null,"populationNote":"境界またぎ・収録外等のため自治体内人口は未集計"},"geometry":{"type":"Polygon","coordinates":[[[131.43175838487207,33.3625],[131.431962218,33.361761666999996],[131.432372503,33.361112495],[131.432533061,33.360581108],[131.4329070039702,33.358333333333334],[131.43125,33.358333333333334],[131.43125,33.3625],[131.43175838487207,33.3625]]]}},{"type":"Feature","id":"44211:503101373","properties":{"id":"44211:503101373","meshCode":"503101373","cityCode":"44211","city":"宇佐市","lat":33.3636506,"lon":131.2180184,"areaKm2":0.0311271,"populated2020":false,"population2020":null,"populationNote":"境界またぎ・収録外等のため自治体内人口は未集計"},"geometry":{"type":"Polygon","coordinates":[[[131.217244462,33.362789315],[131.217140026,33.363428756999994],[131.217737237,33.364094586],[131.217712244,33.364506252],[131.217781971,33.364667090000005],[131.218040571,33.36477653200001],[131.21875,33.36483382363073],[131.21875,33.3625],[131.2171942045424,33.3625],[131.217244462,33.362789315]]]}},{"type":"Feature","id":"44211:503101374","properties":{"id":"44211:503101374","meshCode":"503101374","cityCode":"44211","city":"宇佐市","lat":33.3645833,"lon":131.221875,"areaKm2":0.2206817,"populated2020":false,"population2020":null,"populationNote":"境界またぎ・収録外等のため自治体内人口は未集計"},"geometry":{"type":"Polygon","coordinates":[[[131.21875,33.36483382363073],[131.220047523,33.365113756999996],[131.221093074,33.365677919],[131.221840584,33.365858476999996],[131.222224189,33.36610181099999],[131.22283568054903,33.36666666666667],[131.225,33.36666666666667],[131.225,33.3625],[131.21875,33.3625],[131.21875,33.36483382363073]]]}},{"type":"Feature","id":"44211:503101383","properties":{"id":"44211:503101383","meshCode":"503101383","cityCode":"44211","city":"宇佐市","lat":33.3645833,"lon":131.228125,"areaKm2":0.2688059,"populated2020":false,"population2020":null,"populationNote":"境界またぎ・収録外等のため自治体内人口は未集計"},"geometry":{"type":"Polygon","coordinates":[[[131.225,33.3625],[131.225,33.36666666666667],[131.23125,33.36666666666667],[131.23125,33.362500000000004],[131.225,33.3625]]]}},{"type":"Feature","id":"44211:503101384","properties":{"id":"44211:503101384","meshCode":"503101384","cityCode":"44211","city":"宇佐市","lat":33.3645833,"lon":131.234375,"areaKm2":0.2688059,"populated2020":false,"population2020":null,"populationNote":"境界またぎ・収録外等のため自治体内人口は未集計"},"geometry":{"type":"Polygon","coordinates":[[[131.23125,33.362500000000004],[131.23125,33.36666666666667],[131.2375,33.36666666666667],[131.2375,33.3625],[131.23125,33.362500000000004]]]}},{"type":"Feature","id":"44211:503101393","properties":{"id":"44211:503101393","meshCode":"503101393","cityCode":"44211","city":"宇佐市","lat":33.3645833,"lon":131.240625,"areaKm2":0.2688059,"populated2020":true,"population2020":20.1194,"populationNote":"2020年基準人口（国交省調整値）"},"geometry":{"type":"Polygon","coordinates":[[[131.2375,33.3625],[131.2375,33.36666666666667],[131.24375,33.36666666666666],[131.24375,33.3625],[131.2375,33.3625]]]}},{"type":"Feature","id":"44211:503101394","properties":{"id":"44211:503101394","meshCode":"503101394","cityCode":"44211","city":"宇佐市","lat":33.3645833,"lon":131.246875,"areaKm2":0.2688059,"populated2020":false,"population2020":null,"populationNote":"境界またぎ・収録外等のため自治体内人口は未集計"},"geometry":{"type":"Polygon","coordinates":[[[131.24375,33.3625],[131.24375,33.36666666666666],[131.25,33.36666666666667],[131.25,33.3625],[131.24375,33.3625]]]}},{"type":"Feature","id":"44211:503102303","properties":{"id":"44211:503102303","meshCode":"503102303","cityCode":"44211","city":"宇佐市","lat":33.3645833,"lon":131.253125,"areaKm2":0.2688059,"populated2020":false,"population2020":null,"populationNote":"境界またぎ・収録外等のため自治体内人口は未集計"},"geometry":{"type":"Polygon","coordinates":[[[131.25,33.3625],[131.25,33.36666666666667],[131.25625,33.36666666666666],[131.25625,33.3625],[131.25,33.3625]]]}},{"type":"Feature","id":"44211:503102304","properties":{"id":"44211:503102304","meshCode":"503102304","cityCode":"44211","city":"宇佐市","lat":33.3645833,"lon":131.259375,"areaKm2":0.2688059,"populated2020":false,"population2020":null,"populationNote":"境界またぎ・収録外等のため自治体内人口は未集計"},"geometry":{"type":"Polygon","coordinates":[[[131.25625,33.3625],[131.25625,33.36666666666666],[131.2625,33.36666666666667],[131.2625,33.3625],[131.25625,33.3625]]]}},{"type":"Feature","id":"44211:503102313","properties":{"id":"44211:503102313","meshCode":"503102313","cityCode":"44211","city":"宇佐市","lat":33.3645833,"lon":131.265625,"areaKm2":0.2688059,"populated2020":false,"population2020":null,"populationNote":"境界またぎ・収録外等のため自治体内人口は未集計"},"geometry":{"type":"Polygon","coordinates":[[[131.2625,33.3625],[131.2625,33.36666666666667],[131.26875,33.36666666666666],[131.26875,33.3625],[131.2625,33.3625]]]}},{"type":"Feature","id":"44211:503102314","properties":{"id":"44211:503102314","meshCode":"503102314","cityCode":"44211","city":"宇佐市","lat":33.3645833,"lon":131.271875,"areaKm2":0.2688059,"populated2020":false,"population2020":null,"populationNote":"境界またぎ・収録外等のため自治体内人口は未集計"},"geometry":{"type":"Polygon","coordinates":[[[131.26875,33.3625],[131.26875,33.36666666666666],[131.275,33.36666666666667],[131.275,33.3625],[131.26875,33.3625]]]}},{"type":"Feature","id":"44211:503102323","properties":{"id":"44211:503102323","meshCode":"503102323","cityCode":"44211","city":"宇佐市","lat":33.3645833,"lon":131.278125,"areaKm2":0.2688059,"populated2020":false,"population2020":null,"populationNote":"境界またぎ・収録外等のため自治体内人口は未集計"},"geometry":{"type":"Polygon","coordinates":[[[131.275,33.3625],[131.275,33.36666666666667],[131.28125,33.36666666666666],[131.28125,33.36249999999999],[131.275,33.3625]]]}},{"type":"Feature","id":"44211:503102324","properties":{"id":"44211:503102324","meshCode":"503102324","cityCode":"44211","city":"宇佐市","lat":33.3645833,"lon":131.284375,"areaKm2":0.2688059,"populated2020":true,"population2020":2.0386,"populationNote":"2020年基準人口（国交省調整値）"},"geometry":{"type":"Polygon","coordinates":[[[131.28125,33.36249999999999],[131.28125,33.36666666666666],[131.2875,33.36666666666667],[131.2875,33.3625],[131.28125,33.36249999999999]]]}},{"type":"Feature","id":"44211:503102333","properties":{"id":"44211:503102333","meshCode":"503102333","cityCode":"44211","city":"宇佐市","lat":33.3645833,"lon":131.290625,"areaKm2":0.2688059,"populated2020":true,"population2020":1.0217,"populationNote":"2020年基準人口（国交省調整値）"},"geometry":{"type":"Polygon","coordinates":[[[131.2875,33.3625],[131.2875,33.36666666666667],[131.29375,33.36666666666667],[131.29375,33.3625],[131.2875,33.3625]]]}},{"type":"Feature","id":"44211:503102334","properties":{"id":"44211:503102334","meshCode":"503102334","cityCode":"44211","city":"宇佐市","lat":33.3645833,"lon":131.296875,"areaKm2":0.2688059,"populated2020":false,"population2020":null,"populationNote":"境界またぎ・収録外等のため自治体内人口は未集計"},"geometry":{"type":"Polygon","coordinates":[[[131.29375,33.3625],[131.29375,33.36666666666667],[131.30000000000004,33.36666666666666],[131.30000000000004,33.362500000000004],[131.29375,33.3625]]]}},{"type":"Feature","id":"44211:503102343","properties":{"id":"44211:503102343","meshCode":"503102343","cityCode":"44211","city":"宇佐市","lat":33.3645833,"lon":131.303125,"areaKm2":0.2688059,"populated2020":false,"population2020":null,"populationNote":"境界またぎ・収録外等のため自治体内人口は未集計"},"geometry":{"type":"Polygon","coordinates":[[[131.30000000000004,33.362500000000004],[131.30000000000004,33.36666666666666],[131.30625,33.36666666666667],[131.30625,33.3625],[131.30000000000004,33.362500000000004]]]}},{"type":"Feature","id":"44211:503102344","properties":{"id":"44211:503102344","meshCode":"503102344","cityCode":"44211","city":"宇佐市","lat":33.3645833,"lon":131.309375,"areaKm2":0.2688059,"populated2020":true,"population2020":14.0989,"populationNote":"2020年基準人口（国交省調整値）"},"geometry":{"type":"Polygon","coordinates":[[[131.30625,33.3625],[131.30625,33.36666666666667],[131.3125,33.36666666666667],[131.3125,33.3625],[131.30625,33.3625]]]}},{"type":"Feature","id":"44211:503102353","properties":{"id":"44211:503102353","meshCode":"503102353","cityCode":"44211","city":"宇佐市","lat":33.3645833,"lon":131.315625,"areaKm2":0.2688059,"populated2020":true,"population2020":12.1211,"populationNote":"2020年基準人口（国交省調整値）"},"geometry":{"type":"Polygon","coordinates":[[[131.3125,33.3625],[131.3125,33.36666666666667],[131.31875,33.366666666666674],[131.31875,33.3625],[131.3125,33.3625]]]}},{"type":"Feature","id":"44211:503102354","properties":{"id":"44211:503102354","meshCode":"503102354","cityCode":"44211","city":"宇佐市","lat":33.3645833,"lon":131.321875,"areaKm2":0.2688059,"populated2020":false,"population2020":null,"populationNote":"境界またぎ・収録外等のため自治体内人口は未集計"},"geometry":{"type":"Polygon","coordinates":[[[131.31875,33.3625],[131.31875,33.366666666666674],[131.325,33.36666666666666],[131.325,33.3625],[131.31875,33.3625]]]}},{"type":"Feature","id":"44211:503102363","properties":{"id":"44211:503102363","meshCode":"503102363","cityCode":"44211","city":"宇佐市","lat":33.3645833,"lon":131.328125,"areaKm2":0.2688059,"populated2020":false,"population2020":null,"populationNote":"境界またぎ・収録外等のため自治体内人口は未集計"},"geometry":{"type":"Polygon","coordinates":[[[131.325,33.3625],[131.325,33.36666666666666],[131.33125,33.36666666666666],[131.33125,33.3625],[131.325,33.3625]]]}},{"type":"Feature","id":"44211:503102364","properties":{"id":"44211:503102364","meshCode":"503102364","cityCode":"44211","city":"宇佐市","lat":33.3645833,"lon":131.334375,"areaKm2":0.2688059,"populated2020":false,"population2020":null,"populationNote":"境界またぎ・収録外等のため自治体内人口は未集計"},"geometry":{"type":"Polygon","coordinates":[[[131.33125,33.3625],[131.33125,33.36666666666666],[131.3375,33.36666666666667],[131.3375,33.3625],[131.33125,33.3625]]]}},{"type":"Feature","id":"44211:503102373","properties":{"id":"44211:503102373","meshCode":"503102373","cityCode":"44211","city":"宇佐市","lat":33.3645833,"lon":131.340625,"areaKm2":0.2688059,"populated2020":true,"population2020":2.0094,"populationNote":"2020年基準人口（国交省調整値）"},"geometry":{"type":"Polygon","coordinates":[[[131.3375,33.3625],[131.3375,33.36666666666667],[131.34375,33.36666666666667],[131.34375,33.3625],[131.3375,33.3625]]]}},{"type":"Feature","id":"44211:503102374","properties":{"id":"44211:503102374","meshCode":"503102374","cityCode":"44211","city":"宇佐市","lat":33.3645833,"lon":131.346875,"areaKm2":0.2688059,"populated2020":true,"population2020":36.3403,"populationNote":"2020年基準人口（国交省調整値）"},"geometry":{"type":"Polygon","coordinates":[[[131.34375,33.3625],[131.34375,33.36666666666667],[131.35,33.36666666666666],[131.35,33.36249999999999],[131.34375,33.3625]]]}},{"type":"Feature","id":"44211:503102383","properties":{"id":"44211:503102383","meshCode":"503102383","cityCode":"44211","city":"宇佐市","lat":33.3645833,"lon":131.353125,"areaKm2":0.2688059,"populated2020":false,"population2020":null,"populationNote":"境界またぎ・収録外等のため自治体内人口は未集計"},"geometry":{"type":"Polygon","coordinates":[[[131.35,33.36249999999999],[131.35,33.36666666666666],[131.35625000000002,33.36666666666666],[131.35625000000002,33.3625],[131.35,33.36249999999999]]]}},{"type":"Feature","id":"44211:503102384","properties":{"id":"44211:503102384","meshCode":"503102384","cityCode":"44211","city":"宇佐市","lat":33.3645833,"lon":131.359375,"areaKm2":0.2688059,"populated2020":false,"population2020":null,"populationNote":"境界またぎ・収録外等のため自治体内人口は未集計"},"geometry":{"type":"Polygon","coordinates":[[[131.35625000000002,33.3625],[131.35625000000002,33.36666666666666],[131.3625,33.36666666666666],[131.3625,33.362500000000004],[131.35625000000002,33.3625]]]}},{"type":"Feature","id":"44211:503102393","properties":{"id":"44211:503102393","meshCode":"503102393","cityCode":"44211","city":"宇佐市","lat":33.3645833,"lon":131.365625,"areaKm2":0.2688059,"populated2020":false,"population2020":null,"populationNote":"境界またぎ・収録外等のため自治体内人口は未集計"},"geometry":{"type":"Polygon","coordinates":[[[131.3625,33.362500000000004],[131.3625,33.36666666666666],[131.36875,33.36666666666666],[131.36875,33.362500000000004],[131.3625,33.362500000000004]]]}},{"type":"Feature","id":"44211:503102394","properties":{"id":"44211:503102394","meshCode":"503102394","cityCode":"44211","city":"宇佐市","lat":33.3645833,"lon":131.371875,"areaKm2":0.2688059,"populated2020":false,"population2020":null,"populationNote":"境界またぎ・収録外等のため自治体内人口は未集計"},"geometry":{"type":"Polygon","coordinates":[[[131.36875,33.362500000000004],[131.36875,33.36666666666666],[131.375,33.36666666666666],[131.375,33.3625],[131.36875,33.362500000000004]]]}},{"type":"Feature","id":"44211:503103303","properties":{"id":"44211:503103303","meshCode":"503103303","cityCode":"44211","city":"宇佐市","lat":33.3645833,"lon":131.378125,"areaKm2":0.2688059,"populated2020":false,"population2020":null,"populationNote":"境界またぎ・収録外等のため自治体内人口は未集計"},"geometry":{"type":"Polygon","coordinates":[[[131.375,33.3625],[131.375,33.36666666666666],[131.38125,33.36666666666667],[131.38125,33.3625],[131.375,33.3625]]]}},{"type":"Feature","id":"44211:503103304","properties":{"id":"44211:503103304","meshCode":"503103304","cityCode":"44211","city":"宇佐市","lat":33.3645833,"lon":131.384375,"areaKm2":0.2688059,"populated2020":false,"population2020":null,"populationNote":"境界またぎ・収録外等のため自治体内人口は未集計"},"geometry":{"type":"Polygon","coordinates":[[[131.38125,33.3625],[131.38125,33.36666666666667],[131.3875,33.36666666666666],[131.3875,33.3625],[131.38125,33.3625]]]}},{"type":"Feature","id":"44211:503103313","properties":{"id":"44211:503103313","meshCode":"503103313","cityCode":"44211","city":"宇佐市","lat":33.3645833,"lon":131.390625,"areaKm2":0.2688059,"populated2020":true,"population2020":7.0726,"populationNote":"2020年基準人口（国交省調整値）"},"geometry":{"type":"Polygon","coordinates":[[[131.3875,33.3625],[131.3875,33.36666666666666],[131.39375,33.366666666666674],[131.39375,33.362500000000004],[131.3875,33.3625]]]}},{"type":"Feature","id":"44211:503103314","properties":{"id":"44211:503103314","meshCode":"503103314","cityCode":"44211","city":"宇佐市","lat":33.3645833,"lon":131.396875,"areaKm2":0.2688059,"populated2020":true,"population2020":16.1023,"populationNote":"2020年基準人口（国交省調整値）"},"geometry":{"type":"Polygon","coordinates":[[[131.39375,33.362500000000004],[131.39375,33.366666666666674],[131.4,33.36666666666667],[131.4,33.362500000000004],[131.39375,33.362500000000004]]]}},{"type":"Feature","id":"44211:503103323","properties":{"id":"44211:503103323","meshCode":"503103323","cityCode":"44211","city":"宇佐市","lat":33.3645833,"lon":131.403125,"areaKm2":0.2688059,"populated2020":false,"population2020":null,"populationNote":"境界またぎ・収録外等のため自治体内人口は未集計"},"geometry":{"type":"Polygon","coordinates":[[[131.4,33.362500000000004],[131.4,33.36666666666667],[131.40625,33.36666666666667],[131.40625,33.3625],[131.4,33.362500000000004]]]}},{"type":"Feature","id":"44211:503103324","properties":{"id":"44211:503103324","meshCode":"503103324","cityCode":"44211","city":"宇佐市","lat":33.3645833,"lon":131.409375,"areaKm2":0.2688059,"populated2020":false,"population2020":null,"populationNote":"境界またぎ・収録外等のため自治体内人口は未集計"},"geometry":{"type":"Polygon","coordinates":[[[131.40625,33.3625],[131.40625,33.36666666666667],[131.4125,33.366666666666674],[131.4125,33.3625],[131.40625,33.3625]]]}},{"type":"Feature","id":"44211:503103333","properties":{"id":"44211:503103333","meshCode":"503103333","cityCode":"44211","city":"宇佐市","lat":33.3645833,"lon":131.415625,"areaKm2":0.2688059,"populated2020":false,"population2020":null,"populationNote":"境界またぎ・収録外等のため自治体内人口は未集計"},"geometry":{"type":"Polygon","coordinates":[[[131.4125,33.3625],[131.4125,33.366666666666674],[131.41875,33.36666666666667],[131.41875,33.3625],[131.4125,33.3625]]]}},{"type":"Feature","id":"44211:503103334","properties":{"id":"44211:503103334","meshCode":"503103334","cityCode":"44211","city":"宇佐市","lat":33.3645833,"lon":131.421875,"areaKm2":0.2688059,"populated2020":true,"population2020":15.1005,"populationNote":"2020年基準人口（国交省調整値）"},"geometry":{"type":"Polygon","coordinates":[[[131.41875,33.3625],[131.41875,33.36666666666667],[131.425,33.36666666666667],[131.425,33.362500000000004],[131.41875,33.3625]]]}},{"type":"Feature","id":"44211:503103343","properties":{"id":"44211:503103343","meshCode":"503103343","cityCode":"44211","city":"宇佐市","lat":33.3645833,"lon":131.428125,"areaKm2":0.240771,"populated2020":false,"population2020":null,"populationNote":"境界またぎ・収録外等のため自治体内人口は未集計"},"geometry":{"type":"Polygon","coordinates":[[[131.429221115,33.366291108],[131.429485551,33.365938054],[131.430868054,33.364913054000006],[131.43125,33.36399665813389],[131.43125,33.3625],[131.425,33.362500000000004],[131.425,33.36666666666667],[131.42906758813626,33.36666666666666],[131.429221115,33.366291108]]]}},{"type":"Feature","id":"44211:503103344","properties":{"id":"44211:503103344","meshCode":"503103344","cityCode":"44211","city":"宇佐市","lat":33.3631428,"lon":131.4314126,"areaKm2":0.0043018,"populated2020":false,"population2020":null,"populationNote":"境界またぎ・収録外等のため自治体内人口は未集計"},"geometry":{"type":"Polygon","coordinates":[[[131.43125,33.36399665813389],[131.431650558,33.36289110799999],[131.43175838487207,33.3625],[131.43125,33.3625],[131.43125,33.36399665813389]]]}},{"type":"Feature","id":"44211:503101472","properties":{"id":"44211:503101472","meshCode":"503101472","cityCode":"44211","city":"宇佐市","lat":33.3673761,"lon":131.2243252,"areaKm2":0.0207554,"populated2020":false,"population2020":null,"populationNote":"境界またぎ・収録外等のため自治体内人口は未集計"},"geometry":{"type":"Polygon","coordinates":[[[131.22283568100002,33.366666667],[131.223558067,33.367150396],[131.223727484,33.367715368999995],[131.223882205,33.36789564],[131.224096368,33.367993685],[131.22483275,33.36811007199999],[131.225,33.368239505],[131.225,33.36666666666667],[131.22283568100002,33.366666667]]]}},{"type":"Feature","id":"44211:503101481","properties":{"id":"44211:503101481","meshCode":"503101481","cityCode":"44211","city":"宇佐市","lat":33.36875,"lon":131.228125,"areaKm2":0.251723,"populated2020":false,"population2020":null,"populationNote":"境界またぎ・収録外等のため自治体内人口は未集計"},"geometry":{"type":"Polygon","coordinates":[[[131.225000246,33.368239811],[131.225684371,33.369250287999996],[131.225848794,33.36992109],[131.225788495,33.370429396000006],[131.22600164634557,33.37083333333333],[131.23125,33.37083333333333],[131.23125,33.36666666666667],[131.225,33.36666666666667],[131.225000246,33.368239811]]]}},{"type":"Feature","id":"44211:503101482","properties":{"id":"44211:503101482","meshCode":"503101482","cityCode":"44211","city":"宇佐市","lat":33.36875,"lon":131.234375,"areaKm2":0.2687933,"populated2020":false,"population2020":null,"populationNote":"境界またぎ・収録外等のため自治体内人口は未集計"},"geometry":{"type":"Polygon","coordinates":[[[131.23125,33.36666666666667],[131.23125,33.37083333333333],[131.2375,33.37083333333332],[131.2375,33.36666666666667],[131.23125,33.36666666666667]]]}},{"type":"Feature","id":"44211:503101491","properties":{"id":"44211:503101491","meshCode":"503101491","cityCode":"44211","city":"宇佐市","lat":33.36875,"lon":131.240625,"areaKm2":0.2687933,"populated2020":true,"population2020":12.1053,"populationNote":"2020年基準人口（国交省調整値）"},"geometry":{"type":"Polygon","coordinates":[[[131.2375,33.36666666666667],[131.2375,33.37083333333332],[131.24375,33.37083333333332],[131.24375,33.36666666666666],[131.2375,33.36666666666667]]]}},{"type":"Feature","id":"44211:503101492","properties":{"id":"44211:503101492","meshCode":"503101492","cityCode":"44211","city":"宇佐市","lat":33.36875,"lon":131.246875,"areaKm2":0.2687933,"populated2020":true,"population2020":11.1051,"populationNote":"2020年基準人口（国交省調整値）"},"geometry":{"type":"Polygon","coordinates":[[[131.24375,33.36666666666666],[131.24375,33.37083333333332],[131.25,33.37083333333332],[131.25,33.36666666666667],[131.24375,33.36666666666666]]]}},{"type":"Feature","id":"44211:503102401","properties":{"id":"44211:503102401","meshCode":"503102401","cityCode":"44211","city":"宇佐市","lat":33.36875,"lon":131.253125,"areaKm2":0.2687933,"populated2020":true,"population2020":8.0654,"populationNote":"2020年基準人口（国交省調整値）"},"geometry":{"type":"Polygon","coordinates":[[[131.25,33.36666666666667],[131.25,33.37083333333332],[131.25625,33.37083333333333],[131.25625,33.36666666666666],[131.25,33.36666666666667]]]}},{"type":"Feature","id":"44211:503102402","properties":{"id":"44211:503102402","meshCode":"503102402","cityCode":"44211","city":"宇佐市","lat":33.36875,"lon":131.259375,"areaKm2":0.2687933,"populated2020":false,"population2020":null,"populationNote":"境界またぎ・収録外等のため自治体内人口は未集計"},"geometry":{"type":"Polygon","coordinates":[[[131.25625,33.36666666666666],[131.25625,33.37083333333333],[131.2625,33.37083333333332],[131.2625,33.36666666666667],[131.25625,33.36666666666666]]]}},{"type":"Feature","id":"44211:503102411","properties":{"id":"44211:503102411","meshCode":"503102411","cityCode":"44211","city":"宇佐市","lat":33.36875,"lon":131.265625,"areaKm2":0.2687933,"populated2020":true,"population2020":14.11,"populationNote":"2020年基準人口（国交省調整値）"},"geometry":{"type":"Polygon","coordinates":[[[131.2625,33.36666666666667],[131.2625,33.37083333333332],[131.26875,33.37083333333333],[131.26875,33.36666666666666],[131.2625,33.36666666666667]]]}},{"type":"Feature","id":"44211:503102412","properties":{"id":"44211:503102412","meshCode":"503102412","cityCode":"44211","city":"宇佐市","lat":33.36875,"lon":131.271875,"areaKm2":0.2687933,"populated2020":true,"population2020":13.1282,"populationNote":"2020年基準人口（国交省調整値）"},"geometry":{"type":"Polygon","coordinates":[[[131.26875,33.36666666666666],[131.26875,33.37083333333333],[131.275,33.37083333333333],[131.275,33.36666666666667],[131.26875,33.36666666666666]]]}},{"type":"Feature","id":"44211:503102421","properties":{"id":"44211:503102421","meshCode":"503102421","cityCode":"44211","city":"宇佐市","lat":33.36875,"lon":131.278125,"areaKm2":0.2687933,"populated2020":true,"population2020":14.1312,"populationNote":"2020年基準人口（国交省調整値）"},"geometry":{"type":"Polygon","coordinates":[[[131.275,33.36666666666667],[131.275,33.37083333333333],[131.28125,33.37083333333333],[131.28125,33.36666666666666],[131.275,33.36666666666667]]]}},{"type":"Feature","id":"44211:503102422","properties":{"id":"44211:503102422","meshCode":"503102422","cityCode":"44211","city":"宇佐市","lat":33.36875,"lon":131.284375,"areaKm2":0.2687933,"populated2020":true,"population2020":6.0636,"populationNote":"2020年基準人口（国交省調整値）"},"geometry":{"type":"Polygon","coordinates":[[[131.28125,33.36666666666666],[131.28125,33.37083333333333],[131.2875,33.37083333333332],[131.2875,33.36666666666667],[131.28125,33.36666666666666]]]}},{"type":"Feature","id":"44211:503102431","properties":{"id":"44211:503102431","meshCode":"503102431","cityCode":"44211","city":"宇佐市","lat":33.36875,"lon":131.290625,"areaKm2":0.2687933,"populated2020":false,"population2020":null,"populationNote":"境界またぎ・収録外等のため自治体内人口は未集計"},"geometry":{"type":"Polygon","coordinates":[[[131.2875,33.36666666666667],[131.2875,33.37083333333332],[131.29375,33.37083333333333],[131.29375,33.36666666666667],[131.2875,33.36666666666667]]]}},{"type":"Feature","id":"44211:503102432","properties":{"id":"44211:503102432","meshCode":"503102432","cityCode":"44211","city":"宇佐市","lat":33.36875,"lon":131.296875,"areaKm2":0.2687933,"populated2020":true,"population2020":16.1496,"populationNote":"2020年基準人口（国交省調整値）"},"geometry":{"type":"Polygon","coordinates":[[[131.29375,33.36666666666667],[131.29375,33.37083333333333],[131.30000000000004,33.37083333333334],[131.30000000000004,33.36666666666666],[131.29375,33.36666666666667]]]}},{"type":"Feature","id":"44211:503102441","properties":{"id":"44211:503102441","meshCode":"503102441","cityCode":"44211","city":"宇佐市","lat":33.36875,"lon":131.303125,"areaKm2":0.2687933,"populated2020":true,"population2020":2.0057,"populationNote":"2020年基準人口（国交省調整値）"},"geometry":{"type":"Polygon","coordinates":[[[131.30000000000004,33.36666666666666],[131.30000000000004,33.37083333333334],[131.30625,33.37083333333333],[131.30625,33.36666666666667],[131.30000000000004,33.36666666666666]]]}},{"type":"Feature","id":"44211:503102442","properties":{"id":"44211:503102442","meshCode":"503102442","cityCode":"44211","city":"宇佐市","lat":33.36875,"lon":131.309375,"areaKm2":0.2687933,"populated2020":false,"population2020":null,"populationNote":"境界またぎ・収録外等のため自治体内人口は未集計"},"geometry":{"type":"Polygon","coordinates":[[[131.30625,33.36666666666667],[131.30625,33.37083333333333],[131.3125,33.37083333333333],[131.3125,33.36666666666667],[131.30625,33.36666666666667]]]}},{"type":"Feature","id":"44211:503102451","properties":{"id":"44211:503102451","meshCode":"503102451","cityCode":"44211","city":"宇佐市","lat":33.36875,"lon":131.315625,"areaKm2":0.2687933,"populated2020":false,"population2020":null,"populationNote":"境界またぎ・収録外等のため自治体内人口は未集計"},"geometry":{"type":"Polygon","coordinates":[[[131.3125,33.36666666666667],[131.3125,33.37083333333333],[131.31875,33.37083333333333],[131.31875,33.366666666666674],[131.3125,33.36666666666667]]]}},{"type":"Feature","id":"44211:503102452","properties":{"id":"44211:503102452","meshCode":"503102452","cityCode":"44211","city":"宇佐市","lat":33.36875,"lon":131.321875,"areaKm2":0.2687933,"populated2020":false,"population2020":null,"populationNote":"境界またぎ・収録外等のため自治体内人口は未集計"},"geometry":{"type":"Polygon","coordinates":[[[131.31875,33.366666666666674],[131.31875,33.37083333333333],[131.325,33.37083333333333],[131.325,33.36666666666666],[131.31875,33.366666666666674]]]}},{"type":"Feature","id":"44211:503102461","properties":{"id":"44211:503102461","meshCode":"503102461","cityCode":"44211","city":"宇佐市","lat":33.36875,"lon":131.328125,"areaKm2":0.2687933,"populated2020":false,"population2020":null,"populationNote":"境界またぎ・収録外等のため自治体内人口は未集計"},"geometry":{"type":"Polygon","coordinates":[[[131.325,33.36666666666666],[131.325,33.37083333333333],[131.33125,33.37083333333332],[131.33125,33.36666666666666],[131.325,33.36666666666666]]]}},{"type":"Feature","id":"44211:503102462","properties":{"id":"44211:503102462","meshCode":"503102462","cityCode":"44211","city":"宇佐市","lat":33.36875,"lon":131.334375,"areaKm2":0.2687933,"populated2020":false,"population2020":null,"populationNote":"境界またぎ・収録外等のため自治体内人口は未集計"},"geometry":{"type":"Polygon","coordinates":[[[131.33125,33.36666666666666],[131.33125,33.37083333333332],[131.3375,33.37083333333332],[131.3375,33.36666666666667],[131.33125,33.36666666666666]]]}},{"type":"Feature","id":"44211:503102471","properties":{"id":"44211:503102471","meshCode":"503102471","cityCode":"44211","city":"宇佐市","lat":33.36875,"lon":131.340625,"areaKm2":0.2687933,"populated2020":false,"population2020":null,"populationNote":"境界またぎ・収録外等のため自治体内人口は未集計"},"geometry":{"type":"Polygon","coordinates":[[[131.3375,33.36666666666667],[131.3375,33.37083333333332],[131.34375,33.37083333333332],[131.34375,33.36666666666667],[131.3375,33.36666666666667]]]}},{"type":"Feature","id":"44211:503102472","properties":{"id":"44211:503102472","meshCode":"503102472","cityCode":"44211","city":"宇佐市","lat":33.36875,"lon":131.346875,"areaKm2":0.2687933,"populated2020":true,"population2020":20.166,"populationNote":"2020年基準人口（国交省調整値）"},"geometry":{"type":"Polygon","coordinates":[[[131.34375,33.36666666666667],[131.34375,33.37083333333332],[131.35,33.37083333333333],[131.35,33.36666666666666],[131.34375,33.36666666666667]]]}},{"type":"Feature","id":"44211:503102481","properties":{"id":"44211:503102481","meshCode":"503102481","cityCode":"44211","city":"宇佐市","lat":33.36875,"lon":131.353125,"areaKm2":0.2687933,"populated2020":false,"population2020":null,"populationNote":"境界またぎ・収録外等のため自治体内人口は未集計"},"geometry":{"type":"Polygon","coordinates":[[[131.35,33.36666666666666],[131.35,33.37083333333333],[131.35625000000002,33.37083333333333],[131.35625000000002,33.36666666666666],[131.35,33.36666666666666]]]}},{"type":"Feature","id":"44211:503102482","properties":{"id":"44211:503102482","meshCode":"503102482","cityCode":"44211","city":"宇佐市","lat":33.36875,"lon":131.359375,"areaKm2":0.2687933,"populated2020":false,"population2020":null,"populationNote":"境界またぎ・収録外等のため自治体内人口は未集計"},"geometry":{"type":"Polygon","coordinates":[[[131.35625000000002,33.36666666666666],[131.35625000000002,33.37083333333333],[131.3625,33.37083333333333],[131.3625,33.36666666666666],[131.35625000000002,33.36666666666666]]]}},{"type":"Feature","id":"44211:503102491","properties":{"id":"44211:503102491","meshCode":"503102491","cityCode":"44211","city":"宇佐市","lat":33.36875,"lon":131.365625,"areaKm2":0.2687933,"populated2020":false,"population2020":null,"populationNote":"境界またぎ・収録外等のため自治体内人口は未集計"},"geometry":{"type":"Polygon","coordinates":[[[131.3625,33.36666666666666],[131.3625,33.37083333333333],[131.36875,33.37083333333332],[131.36875,33.36666666666666],[131.3625,33.36666666666666]]]}},{"type":"Feature","id":"44211:503102492","properties":{"id":"44211:503102492","meshCode":"503102492","cityCode":"44211","city":"宇佐市","lat":33.36875,"lon":131.371875,"areaKm2":0.2687933,"populated2020":false,"population2020":null,"populationNote":"境界またぎ・収録外等のため自治体内人口は未集計"},"geometry":{"type":"Polygon","coordinates":[[[131.36875,33.36666666666666],[131.36875,33.37083333333332],[131.375,33.37083333333332],[131.375,33.36666666666666],[131.36875,33.36666666666666]]]}},{"type":"Feature","id":"44211:503103401","properties":{"id":"44211:503103401","meshCode":"503103401","cityCode":"44211","city":"宇佐市","lat":33.36875,"lon":131.378125,"areaKm2":0.2687933,"populated2020":false,"population2020":null,"populationNote":"境界またぎ・収録外等のため自治体内人口は未集計"},"geometry":{"type":"Polygon","coordinates":[[[131.375,33.36666666666666],[131.375,33.37083333333332],[131.38125,33.37083333333332],[131.38125,33.36666666666667],[131.375,33.36666666666666]]]}},{"type":"Feature","id":"44211:503103402","properties":{"id":"44211:503103402","meshCode":"503103402","cityCode":"44211","city":"宇佐市","lat":33.36875,"lon":131.384375,"areaKm2":0.2687933,"populated2020":false,"population2020":null,"populationNote":"境界またぎ・収録外等のため自治体内人口は未集計"},"geometry":{"type":"Polygon","coordinates":[[[131.38125,33.36666666666667],[131.38125,33.37083333333332],[131.3875,33.37083333333332],[131.3875,33.36666666666666],[131.38125,33.36666666666667]]]}},{"type":"Feature","id":"44211:503103411","properties":{"id":"44211:503103411","meshCode":"503103411","cityCode":"44211","city":"宇佐市","lat":33.36875,"lon":131.390625,"areaKm2":0.2687933,"populated2020":true,"population2020":16.1284,"populationNote":"2020年基準人口（国交省調整値）"},"geometry":{"type":"Polygon","coordinates":[[[131.3875,33.36666666666666],[131.3875,33.37083333333332],[131.39375,33.37083333333332],[131.39375,33.366666666666674],[131.3875,33.36666666666666]]]}},{"type":"Feature","id":"44211:503103412","properties":{"id":"44211:503103412","meshCode":"503103412","cityCode":"44211","city":"宇佐市","lat":33.36875,"lon":131.396875,"areaKm2":0.2687933,"populated2020":true,"population2020":13.0862,"populationNote":"2020年基準人口（国交省調整値）"},"geometry":{"type":"Polygon","coordinates":[[[131.39375,33.366666666666674],[131.39375,33.37083333333332],[131.4,33.37083333333334],[131.4,33.36666666666667],[131.39375,33.366666666666674]]]}},{"type":"Feature","id":"44211:503103421","properties":{"id":"44211:503103421","meshCode":"503103421","cityCode":"44211","city":"宇佐市","lat":33.36875,"lon":131.403125,"areaKm2":0.2687933,"populated2020":false,"population2020":null,"populationNote":"境界またぎ・収録外等のため自治体内人口は未集計"},"geometry":{"type":"Polygon","coordinates":[[[131.4,33.36666666666667],[131.4,33.37083333333334],[131.40625,33.37083333333332],[131.40625,33.36666666666667],[131.4,33.36666666666667]]]}},{"type":"Feature","id":"44211:503103422","properties":{"id":"44211:503103422","meshCode":"503103422","cityCode":"44211","city":"宇佐市","lat":33.36875,"lon":131.409375,"areaKm2":0.2687933,"populated2020":false,"population2020":null,"populationNote":"境界またぎ・収録外等のため自治体内人口は未集計"},"geometry":{"type":"Polygon","coordinates":[[[131.40625,33.36666666666667],[131.40625,33.37083333333332],[131.4125,33.37083333333333],[131.4125,33.366666666666674],[131.40625,33.36666666666667]]]}},{"type":"Feature","id":"44211:503103431","properties":{"id":"44211:503103431","meshCode":"503103431","cityCode":"44211","city":"宇佐市","lat":33.36875,"lon":131.415625,"areaKm2":0.2687933,"populated2020":false,"population2020":null,"populationNote":"境界またぎ・収録外等のため自治体内人口は未集計"},"geometry":{"type":"Polygon","coordinates":[[[131.4125,33.366666666666674],[131.4125,33.37083333333333],[131.41875,33.37083333333333],[131.41875,33.36666666666667],[131.4125,33.366666666666674]]]}},{"type":"Feature","id":"44211:503103432","properties":{"id":"44211:503103432","meshCode":"503103432","cityCode":"44211","city":"宇佐市","lat":33.36875,"lon":131.421875,"areaKm2":0.2687933,"populated2020":false,"population2020":null,"populationNote":"境界またぎ・収録外等のため自治体内人口は未集計"},"geometry":{"type":"Polygon","coordinates":[[[131.41875,33.36666666666667],[131.41875,33.37083333333333],[131.425,33.37083333333332],[131.425,33.36666666666667],[131.41875,33.36666666666667]]]}},{"type":"Feature","id":"44211:503103441","properties":{"id":"44211:503103441","meshCode":"503103441","cityCode":"44211","city":"宇佐市","lat":33.3688267,"lon":131.4263981,"areaKm2":0.1076524,"populated2020":false,"population2020":null,"populationNote":"境界またぎ・収録外等のため自治体内人口は未集計"},"geometry":{"type":"Polygon","coordinates":[[[131.42568281586603,33.37083333333333],[131.425976109,33.37019500000001],[131.426654721,33.36934527900001],[131.427537782,33.369021946],[131.427876394,33.368745],[131.428937782,33.367264721],[131.42906758813626,33.36666666666666],[131.425,33.36666666666667],[131.425,33.37083333333332],[131.42568281586603,33.37083333333333]]]}},{"type":"Feature","id":"44211:503101483","properties":{"id":"44211:503101483","meshCode":"503101483","cityCode":"44211","city":"宇佐市","lat":33.3729167,"lon":131.228125,"areaKm2":0.1819833,"populated2020":false,"population2020":null,"populationNote":"境界またぎ・収録外等のため自治体内人口は未集計"},"geometry":{"type":"Polygon","coordinates":[[[131.226007652,33.37084882],[131.22620179,33.371590171],[131.226525123,33.371788775000006],[131.226624838,33.371961261],[131.22648537,33.372432072],[131.22666952,33.372760946],[131.226778949,33.373407027],[131.227057821,33.37365423399999],[131.228707237,33.37454808100001],[131.22875195800003,33.37468918],[131.228362776,33.37500000000001],[131.23125,33.375],[131.23125,33.37083333333333],[131.226007652,33.37084882]]]}},{"type":"Feature","id":"44211:503101484","properties":{"id":"44211:503101484","meshCode":"503101484","cityCode":"44211","city":"宇佐市","lat":33.3729167,"lon":131.234375,"areaKm2":0.2687806,"populated2020":false,"population2020":null,"populationNote":"境界またぎ・収録外等のため自治体内人口は未集計"},"geometry":{"type":"Polygon","coordinates":[[[131.23125,33.37083333333333],[131.23125,33.375],[131.2375,33.375],[131.2375,33.37083333333332],[131.23125,33.37083333333333]]]}},{"type":"Feature","id":"44211:503101493","properties":{"id":"44211:503101493","meshCode":"503101493","cityCode":"44211","city":"宇佐市","lat":33.3729167,"lon":131.240625,"areaKm2":0.2687806,"populated2020":false,"population2020":null,"populationNote":"境界またぎ・収録外等のため自治体内人口は未集計"},"geometry":{"type":"Polygon","coordinates":[[[131.2375,33.37083333333332],[131.2375,33.375],[131.24375,33.375],[131.24375,33.37083333333332],[131.2375,33.37083333333332]]]}},{"type":"Feature","id":"44211:503101494","properties":{"id":"44211:503101494","meshCode":"503101494","cityCode":"44211","city":"宇佐市","lat":33.3729167,"lon":131.246875,"areaKm2":0.2687806,"populated2020":false,"population2020":null,"populationNote":"境界またぎ・収録外等のため自治体内人口は未集計"},"geometry":{"type":"Polygon","coordinates":[[[131.24375,33.37083333333332],[131.24375,33.375],[131.25,33.37499999999999],[131.25,33.37083333333332],[131.24375,33.37083333333332]]]}},{"type":"Feature","id":"44211:503102403","properties":{"id":"44211:503102403","meshCode":"503102403","cityCode":"44211","city":"宇佐市","lat":33.3729167,"lon":131.253125,"areaKm2":0.2687806,"populated2020":false,"population2020":null,"populationNote":"境界またぎ・収録外等のため自治体内人口は未集計"},"geometry":{"type":"Polygon","coordinates":[[[131.25,33.37083333333332],[131.25,33.37499999999999],[131.25625,33.375],[131.25625,33.37083333333333],[131.25,33.37083333333332]]]}},{"type":"Feature","id":"44211:503102404","properties":{"id":"44211:503102404","meshCode":"503102404","cityCode":"44211","city":"宇佐市","lat":33.3729167,"lon":131.259375,"areaKm2":0.2687806,"populated2020":false,"population2020":null,"populationNote":"境界またぎ・収録外等のため自治体内人口は未集計"},"geometry":{"type":"Polygon","coordinates":[[[131.25625,33.37083333333333],[131.25625,33.375],[131.2625,33.375],[131.2625,33.37083333333332],[131.25625,33.37083333333333]]]}},{"type":"Feature","id":"44211:503102413","properties":{"id":"44211:503102413","meshCode":"503102413","cityCode":"44211","city":"宇佐市","lat":33.3729167,"lon":131.265625,"areaKm2":0.2687806,"populated2020":true,"population2020":3.033,"populationNote":"2020年基準人口（国交省調整値）"},"geometry":{"type":"Polygon","coordinates":[[[131.2625,33.37083333333332],[131.2625,33.375],[131.26875,33.37500000000001],[131.26875,33.37083333333333],[131.2625,33.37083333333332]]]}},{"type":"Feature","id":"44211:503102414","properties":{"id":"44211:503102414","meshCode":"503102414","cityCode":"44211","city":"宇佐市","lat":33.3729167,"lon":131.271875,"areaKm2":0.2687806,"populated2020":true,"population2020":1.0098,"populationNote":"2020年基準人口（国交省調整値）"},"geometry":{"type":"Polygon","coordinates":[[[131.26875,33.37083333333333],[131.26875,33.37500000000001],[131.275,33.37500000000001],[131.275,33.37083333333333],[131.26875,33.37083333333333]]]}},{"type":"Feature","id":"44211:503102423","properties":{"id":"44211:503102423","meshCode":"503102423","cityCode":"44211","city":"宇佐市","lat":33.3729167,"lon":131.278125,"areaKm2":0.2687806,"populated2020":true,"population2020":31.273,"populationNote":"2020年基準人口（国交省調整値）"},"geometry":{"type":"Polygon","coordinates":[[[131.275,33.37083333333333],[131.275,33.37500000000001],[131.28125,33.375],[131.28125,33.37083333333333],[131.275,33.37083333333333]]]}},{"type":"Feature","id":"44211:503102424","properties":{"id":"44211:503102424","meshCode":"503102424","cityCode":"44211","city":"宇佐市","lat":33.3729167,"lon":131.284375,"areaKm2":0.2687806,"populated2020":false,"population2020":null,"populationNote":"境界またぎ・収録外等のため自治体内人口は未集計"},"geometry":{"type":"Polygon","coordinates":[[[131.28125,33.37083333333333],[131.28125,33.375],[131.2875,33.37499999999999],[131.2875,33.37083333333332],[131.28125,33.37083333333333]]]}},{"type":"Feature","id":"44211:503102433","properties":{"id":"44211:503102433","meshCode":"503102433","cityCode":"44211","city":"宇佐市","lat":33.3729167,"lon":131.290625,"areaKm2":0.2687806,"populated2020":true,"population2020":2.0221,"populationNote":"2020年基準人口（国交省調整値）"},"geometry":{"type":"Polygon","coordinates":[[[131.2875,33.37083333333332],[131.2875,33.37499999999999],[131.29375,33.37500000000001],[131.29375,33.37083333333333],[131.2875,33.37083333333332]]]}},{"type":"Feature","id":"44211:503102434","properties":{"id":"44211:503102434","meshCode":"503102434","cityCode":"44211","city":"宇佐市","lat":33.3729167,"lon":131.296875,"areaKm2":0.2687806,"populated2020":false,"population2020":null,"populationNote":"境界またぎ・収録外等のため自治体内人口は未集計"},"geometry":{"type":"Polygon","coordinates":[[[131.29375,33.37083333333333],[131.29375,33.37500000000001],[131.30000000000004,33.375],[131.30000000000004,33.37083333333334],[131.29375,33.37083333333333]]]}},{"type":"Feature","id":"44211:503102443","properties":{"id":"44211:503102443","meshCode":"503102443","cityCode":"44211","city":"宇佐市","lat":33.3729167,"lon":131.303125,"areaKm2":0.2687806,"populated2020":true,"population2020":27.2234,"populationNote":"2020年基準人口（国交省調整値）"},"geometry":{"type":"Polygon","coordinates":[[[131.30000000000004,33.37083333333334],[131.30000000000004,33.375],[131.30625,33.37500000000001],[131.30625,33.37083333333333],[131.30000000000004,33.37083333333334]]]}},{"type":"Feature","id":"44211:503102444","properties":{"id":"44211:503102444","meshCode":"503102444","cityCode":"44211","city":"宇佐市","lat":33.3729167,"lon":131.309375,"areaKm2":0.2687806,"populated2020":true,"population2020":3.0087,"populationNote":"2020年基準人口（国交省調整値）"},"geometry":{"type":"Polygon","coordinates":[[[131.30625,33.37083333333333],[131.30625,33.37500000000001],[131.3125,33.375],[131.3125,33.37083333333333],[131.30625,33.37083333333333]]]}},{"type":"Feature","id":"44211:503102453","properties":{"id":"44211:503102453","meshCode":"503102453","cityCode":"44211","city":"宇佐市","lat":33.3729167,"lon":131.315625,"areaKm2":0.2687806,"populated2020":false,"population2020":null,"populationNote":"境界またぎ・収録外等のため自治体内人口は未集計"},"geometry":{"type":"Polygon","coordinates":[[[131.3125,33.37083333333333],[131.3125,33.375],[131.31875,33.375],[131.31875,33.37083333333333],[131.3125,33.37083333333333]]]}},{"type":"Feature","id":"44211:503102454","properties":{"id":"44211:503102454","meshCode":"503102454","cityCode":"44211","city":"宇佐市","lat":33.3729167,"lon":131.321875,"areaKm2":0.2687806,"populated2020":false,"population2020":null,"populationNote":"境界またぎ・収録外等のため自治体内人口は未集計"},"geometry":{"type":"Polygon","coordinates":[[[131.31875,33.37083333333333],[131.31875,33.375],[131.325,33.375],[131.325,33.37083333333333],[131.31875,33.37083333333333]]]}},{"type":"Feature","id":"44211:503102463","properties":{"id":"44211:503102463","meshCode":"503102463","cityCode":"44211","city":"宇佐市","lat":33.3729167,"lon":131.328125,"areaKm2":0.2687806,"populated2020":false,"population2020":null,"populationNote":"境界またぎ・収録外等のため自治体内人口は未集計"},"geometry":{"type":"Polygon","coordinates":[[[131.325,33.37083333333333],[131.325,33.375],[131.33125,33.37500000000001],[131.33125,33.37083333333332],[131.325,33.37083333333333]]]}},{"type":"Feature","id":"44211:503102464","properties":{"id":"44211:503102464","meshCode":"503102464","cityCode":"44211","city":"宇佐市","lat":33.3729167,"lon":131.334375,"areaKm2":0.2687806,"populated2020":false,"population2020":null,"populationNote":"境界またぎ・収録外等のため自治体内人口は未集計"},"geometry":{"type":"Polygon","coordinates":[[[131.33125,33.37083333333332],[131.33125,33.37500000000001],[131.3375,33.37500000000001],[131.3375,33.37083333333332],[131.33125,33.37083333333332]]]}},{"type":"Feature","id":"44211:503102473","properties":{"id":"44211:503102473","meshCode":"503102473","cityCode":"44211","city":"宇佐市","lat":33.3729167,"lon":131.340625,"areaKm2":0.2687806,"populated2020":true,"population2020":2.0124,"populationNote":"2020年基準人口（国交省調整値）"},"geometry":{"type":"Polygon","coordinates":[[[131.3375,33.37083333333332],[131.3375,33.37500000000001],[131.34375,33.375],[131.34375,33.37083333333332],[131.3375,33.37083333333332]]]}},{"type":"Feature","id":"44211:503102474","properties":{"id":"44211:503102474","meshCode":"503102474","cityCode":"44211","city":"宇佐市","lat":33.3729167,"lon":131.346875,"areaKm2":0.2687806,"populated2020":true,"population2020":18.1544,"populationNote":"2020年基準人口（国交省調整値）"},"geometry":{"type":"Polygon","coordinates":[[[131.34375,33.37083333333332],[131.34375,33.375],[131.35,33.375],[131.35,33.37083333333333],[131.34375,33.37083333333332]]]}},{"type":"Feature","id":"44211:503102483","properties":{"id":"44211:503102483","meshCode":"503102483","cityCode":"44211","city":"宇佐市","lat":33.3729167,"lon":131.353125,"areaKm2":0.2687806,"populated2020":false,"population2020":null,"populationNote":"境界またぎ・収録外等のため自治体内人口は未集計"},"geometry":{"type":"Polygon","coordinates":[[[131.35,33.37083333333333],[131.35,33.375],[131.35625000000002,33.375],[131.35625000000002,33.37083333333333],[131.35,33.37083333333333]]]}},{"type":"Feature","id":"44211:503102484","properties":{"id":"44211:503102484","meshCode":"503102484","cityCode":"44211","city":"宇佐市","lat":33.3729167,"lon":131.359375,"areaKm2":0.2687806,"populated2020":true,"population2020":10.0792,"populationNote":"2020年基準人口（国交省調整値）"},"geometry":{"type":"Polygon","coordinates":[[[131.35625000000002,33.37083333333333],[131.35625000000002,33.375],[131.3625,33.37500000000001],[131.3625,33.37083333333333],[131.35625000000002,33.37083333333333]]]}},{"type":"Feature","id":"44211:503102493","properties":{"id":"44211:503102493","meshCode":"503102493","cityCode":"44211","city":"宇佐市","lat":33.3729167,"lon":131.365625,"areaKm2":0.2687806,"populated2020":false,"population2020":null,"populationNote":"境界またぎ・収録外等のため自治体内人口は未集計"},"geometry":{"type":"Polygon","coordinates":[[[131.3625,33.37083333333333],[131.3625,33.37500000000001],[131.36875,33.37500000000001],[131.36875,33.37083333333332],[131.3625,33.37083333333333]]]}},{"type":"Feature","id":"44211:503102494","properties":{"id":"44211:503102494","meshCode":"503102494","cityCode":"44211","city":"宇佐市","lat":33.3729167,"lon":131.371875,"areaKm2":0.2687806,"populated2020":false,"population2020":null,"populationNote":"境界またぎ・収録外等のため自治体内人口は未集計"},"geometry":{"type":"Polygon","coordinates":[[[131.36875,33.37083333333332],[131.36875,33.37500000000001],[131.375,33.375],[131.375,33.37083333333332],[131.36875,33.37083333333332]]]}},{"type":"Feature","id":"44211:503103403","properties":{"id":"44211:503103403","meshCode":"503103403","cityCode":"44211","city":"宇佐市","lat":33.3729167,"lon":131.378125,"areaKm2":0.2687806,"populated2020":false,"population2020":null,"populationNote":"境界またぎ・収録外等のため自治体内人口は未集計"},"geometry":{"type":"Polygon","coordinates":[[[131.375,33.37083333333332],[131.375,33.375],[131.38125,33.375],[131.38125,33.37083333333332],[131.375,33.37083333333332]]]}},{"type":"Feature","id":"44211:503103404","properties":{"id":"44211:503103404","meshCode":"503103404","cityCode":"44211","city":"宇佐市","lat":33.3729167,"lon":131.384375,"areaKm2":0.2687806,"populated2020":false,"population2020":null,"populationNote":"境界またぎ・収録外等のため自治体内人口は未集計"},"geometry":{"type":"Polygon","coordinates":[[[131.38125,33.37083333333332],[131.38125,33.375],[131.3875,33.375],[131.3875,33.37083333333332],[131.38125,33.37083333333332]]]}},{"type":"Feature","id":"44211:503103413","properties":{"id":"44211:503103413","meshCode":"503103413","cityCode":"44211","city":"宇佐市","lat":33.3729167,"lon":131.390625,"areaKm2":0.2687806,"populated2020":false,"population2020":null,"populationNote":"境界またぎ・収録外等のため自治体内人口は未集計"},"geometry":{"type":"Polygon","coordinates":[[[131.3875,33.37083333333332],[131.3875,33.375],[131.39375,33.37500000000001],[131.39375,33.37083333333332],[131.3875,33.37083333333332]]]}},{"type":"Feature","id":"44211:503103414","properties":{"id":"44211:503103414","meshCode":"503103414","cityCode":"44211","city":"宇佐市","lat":33.3729167,"lon":131.396875,"areaKm2":0.2687806,"populated2020":true,"population2020":30.2393,"populationNote":"2020年基準人口（国交省調整値）"},"geometry":{"type":"Polygon","coordinates":[[[131.39375,33.37083333333332],[131.39375,33.37500000000001],[131.4,33.375],[131.4,33.37083333333334],[131.39375,33.37083333333332]]]}},{"type":"Feature","id":"44211:503103423","properties":{"id":"44211:503103423","meshCode":"503103423","cityCode":"44211","city":"宇佐市","lat":33.3729167,"lon":131.403125,"areaKm2":0.2687806,"populated2020":false,"population2020":null,"populationNote":"境界またぎ・収録外等のため自治体内人口は未集計"},"geometry":{"type":"Polygon","coordinates":[[[131.4,33.37083333333334],[131.4,33.375],[131.40625,33.37500000000001],[131.40625,33.37083333333332],[131.4,33.37083333333334]]]}},{"type":"Feature","id":"44211:503103424","properties":{"id":"44211:503103424","meshCode":"503103424","cityCode":"44211","city":"宇佐市","lat":33.3729167,"lon":131.409375,"areaKm2":0.2686812,"populated2020":false,"population2020":null,"populationNote":"境界またぎ・収録外等のため自治体内人口は未集計"},"geometry":{"type":"Polygon","coordinates":[[[131.40625,33.37500000000001],[131.4125,33.375],[131.4125,33.37083333333333],[131.40625,33.37083333333332],[131.40625,33.37500000000001]]]}},{"type":"Feature","id":"44211:503103433","properties":{"id":"44211:503103433","meshCode":"503103433","cityCode":"44211","city":"宇佐市","lat":33.3729167,"lon":131.415625,"areaKm2":0.2355453,"populated2020":false,"population2020":null,"populationNote":"境界またぎ・収録外等のため自治体内人口は未集計"},"geometry":{"type":"Polygon","coordinates":[[[131.414090558,33.37498472099999],[131.414350272,33.374583333],[131.417106109,33.374375829],[131.417733891,33.374201108],[131.417913333,33.374078613],[131.41875,33.37325982299346],[131.41875,33.37083333333333],[131.4125,33.37083333333333],[131.4125,33.375],[131.414090558,33.37498472099999]]]}},{"type":"Feature","id":"44211:503103434","properties":{"id":"44211:503103434","meshCode":"503103434","cityCode":"44211","city":"宇佐市","lat":33.3720858,"lon":131.4196986,"areaKm2":0.0921719,"populated2020":false,"population2020":null,"populationNote":"境界またぎ・収録外等のため自治体内人口は未集計"},"geometry":{"type":"Polygon","coordinates":[[[131.41875,33.37325982299346],[131.419171946,33.373021667],[131.419502503,33.372597775],[131.419880272,33.372426946],[131.420059728,33.37217416199999],[131.420522503,33.372189162],[131.420824721,33.371899162],[131.421086394,33.371989162000006],[131.421364994,33.371855278999995],[131.421978885,33.371885000000006],[131.422238612,33.371688054],[131.422521946,33.37186277499999],[131.423367224,33.372037495],[131.423876939,33.372505829],[131.425,33.372747495000006],[131.425,33.37083333333332],[131.41875,33.37083333333333],[131.41875,33.37325982299346]]]}},{"type":"Feature","id":"44211:503103443","properties":{"id":"44211:503103443","meshCode":"503103443","cityCode":"44211","city":"宇佐市","lat":33.3718004,"lon":131.4252567,"areaKm2":0.0088055,"populated2020":false,"population2020":null,"populationNote":"境界またぎ・収録外等のため自治体内人口は未集計"},"geometry":{"type":"Polygon","coordinates":[[[131.42525,33.372747495],[131.425141388,33.372457495],[131.425174449,33.372279162000005],[131.425442503,33.371993612999994],[131.425584163,33.371607225],[131.42568281586603,33.37083333333333],[131.425,33.37083333333332],[131.425,33.372747495000006],[131.42525,33.372747495]]]}},{"type":"Feature","id":"44211:503101581","properties":{"id":"44211:503101581","meshCode":"503101581","cityCode":"44211","city":"宇佐市","lat":33.379046,"lon":131.2303814,"areaKm2":0.0451848,"populated2020":false,"population2020":null,"populationNote":"境界またぎ・収録外等のため自治体内人口は未集計"},"geometry":{"type":"MultiPolygon","coordinates":[[[[131.228203333,33.375158892],[131.228228327,33.37531582900001],[131.228392776,33.37539416199999],[131.229577782,33.375651946000005],[131.229687497,33.375832495000004],[131.229647497,33.376244162],[131.229707497,33.37640889199999],[131.229955837,33.37649389199999],[131.23046917,33.376505559],[131.230763061,33.37665472100001],[131.230788054,33.376815559],[131.230578885,33.377046946],[131.230543891,33.377235279],[131.23125,33.378549842923576],[131.23125,33.375],[131.228362776,33.37500000000001],[131.228203333,33.375158892]]],[[[131.23125,33.378950516484956],[131.229766939,33.378966667],[131.22925070737645,33.37916666666666],[131.23125,33.37916666666667],[131.23125,33.378950516484956]]]]}},{"type":"Feature","id":"44211:503101582","properties":{"id":"44211:503101582","meshCode":"503101582","cityCode":"44211","city":"宇佐市","lat":33.3770833,"lon":131.234375,"areaKm2":0.2677241,"populated2020":false,"population2020":null,"populationNote":"境界またぎ・収録外等のため自治体内人口は未集計"},"geometry":{"type":"Polygon","coordinates":[[[131.23125,33.378549842923576],[131.231620272,33.37884889200001],[131.231650272,33.378962775],[131.23125,33.378950516484956],[131.23125,33.37916666666667],[131.2375,33.37916666666667],[131.2375,33.375],[131.23125,33.375],[131.23125,33.378549842923576]]]}},{"type":"Feature","id":"44211:503101591","properties":{"id":"44211:503101591","meshCode":"503101591","cityCode":"44211","city":"宇佐市","lat":33.3770833,"lon":131.240625,"areaKm2":0.268768,"populated2020":false,"population2020":null,"populationNote":"境界またぎ・収録外等のため自治体内人口は未集計"},"geometry":{"type":"Polygon","coordinates":[[[131.2375,33.375],[131.2375,33.37916666666667],[131.24375,33.37916666666666],[131.24375,33.375],[131.2375,33.375]]]}},{"type":"Feature","id":"44211:503101592","properties":{"id":"44211:503101592","meshCode":"503101592","cityCode":"44211","city":"宇佐市","lat":33.3770833,"lon":131.246875,"areaKm2":0.268768,"populated2020":false,"population2020":null,"populationNote":"境界またぎ・収録外等のため自治体内人口は未集計"},"geometry":{"type":"Polygon","coordinates":[[[131.24375,33.375],[131.24375,33.37916666666666],[131.25,33.37916666666667],[131.25,33.37499999999999],[131.24375,33.375]]]}},{"type":"Feature","id":"44211:503102501","properties":{"id":"44211:503102501","meshCode":"503102501","cityCode":"44211","city":"宇佐市","lat":33.3770833,"lon":131.253125,"areaKm2":0.268768,"populated2020":false,"population2020":null,"populationNote":"境界またぎ・収録外等のため自治体内人口は未集計"},"geometry":{"type":"Polygon","coordinates":[[[131.25,33.37499999999999],[131.25,33.37916666666667],[131.25625,33.37916666666666],[131.25625,33.375],[131.25,33.37499999999999]]]}},{"type":"Feature","id":"44211:503102502","properties":{"id":"44211:503102502","meshCode":"503102502","cityCode":"44211","city":"宇佐市","lat":33.3770833,"lon":131.259375,"areaKm2":0.268768,"populated2020":false,"population2020":null,"populationNote":"境界またぎ・収録外等のため自治体内人口は未集計"},"geometry":{"type":"Polygon","coordinates":[[[131.25625,33.375],[131.25625,33.37916666666666],[131.2625,33.37916666666667],[131.2625,33.375],[131.25625,33.375]]]}},{"type":"Feature","id":"44211:503102511","properties":{"id":"44211:503102511","meshCode":"503102511","cityCode":"44211","city":"宇佐市","lat":33.3770833,"lon":131.265625,"areaKm2":0.268768,"populated2020":true,"population2020":13.0865,"populationNote":"2020年基準人口（国交省調整値）"},"geometry":{"type":"Polygon","coordinates":[[[131.2625,33.375],[131.2625,33.37916666666667],[131.26875,33.37916666666667],[131.26875,33.37500000000001],[131.2625,33.375]]]}},{"type":"Feature","id":"44211:503102512","properties":{"id":"44211:503102512","meshCode":"503102512","cityCode":"44211","city":"宇佐市","lat":33.3770833,"lon":131.271875,"areaKm2":0.268768,"populated2020":false,"population2020":null,"populationNote":"境界またぎ・収録外等のため自治体内人口は未集計"},"geometry":{"type":"Polygon","coordinates":[[[131.26875,33.37500000000001],[131.26875,33.37916666666667],[131.275,33.37916666666667],[131.275,33.37500000000001],[131.26875,33.37500000000001]]]}},{"type":"Feature","id":"44211:503102521","properties":{"id":"44211:503102521","meshCode":"503102521","cityCode":"44211","city":"宇佐市","lat":33.3770833,"lon":131.278125,"areaKm2":0.268768,"populated2020":false,"population2020":null,"populationNote":"境界またぎ・収録外等のため自治体内人口は未集計"},"geometry":{"type":"Polygon","coordinates":[[[131.275,33.37500000000001],[131.275,33.37916666666667],[131.28125,33.37916666666667],[131.28125,33.375],[131.275,33.37500000000001]]]}},{"type":"Feature","id":"44211:503102522","properties":{"id":"44211:503102522","meshCode":"503102522","cityCode":"44211","city":"宇佐市","lat":33.3770833,"lon":131.284375,"areaKm2":0.268768,"populated2020":true,"population2020":33.3274,"populationNote":"2020年基準人口（国交省調整値）"},"geometry":{"type":"Polygon","coordinates":[[[131.28125,33.375],[131.28125,33.37916666666667],[131.2875,33.37916666666666],[131.2875,33.37499999999999],[131.28125,33.375]]]}},{"type":"Feature","id":"44211:503102531","properties":{"id":"44211:503102531","meshCode":"503102531","cityCode":"44211","city":"宇佐市","lat":33.3770833,"lon":131.290625,"areaKm2":0.268768,"populated2020":true,"population2020":4.0263,"populationNote":"2020年基準人口（国交省調整値）"},"geometry":{"type":"Polygon","coordinates":[[[131.2875,33.37499999999999],[131.2875,33.37916666666666],[131.29375,33.37916666666666],[131.29375,33.37500000000001],[131.2875,33.37499999999999]]]}},{"type":"Feature","id":"44211:503102532","properties":{"id":"44211:503102532","meshCode":"503102532","cityCode":"44211","city":"宇佐市","lat":33.3770833,"lon":131.296875,"areaKm2":0.268768,"populated2020":false,"population2020":null,"populationNote":"境界またぎ・収録外等のため自治体内人口は未集計"},"geometry":{"type":"Polygon","coordinates":[[[131.29375,33.37500000000001],[131.29375,33.37916666666666],[131.30000000000004,33.37916666666666],[131.30000000000004,33.375],[131.29375,33.37500000000001]]]}},{"type":"Feature","id":"44211:503102541","properties":{"id":"44211:503102541","meshCode":"503102541","cityCode":"44211","city":"宇佐市","lat":33.3770833,"lon":131.303125,"areaKm2":0.268768,"populated2020":true,"population2020":8.0943,"populationNote":"2020年基準人口（国交省調整値）"},"geometry":{"type":"Polygon","coordinates":[[[131.30000000000004,33.375],[131.30000000000004,33.37916666666666],[131.30625,33.37916666666666],[131.30625,33.37500000000001],[131.30000000000004,33.375]]]}},{"type":"Feature","id":"44211:503102542","properties":{"id":"44211:503102542","meshCode":"503102542","cityCode":"44211","city":"宇佐市","lat":33.3770833,"lon":131.309375,"areaKm2":0.268768,"populated2020":true,"population2020":19.1375,"populationNote":"2020年基準人口（国交省調整値）"},"geometry":{"type":"Polygon","coordinates":[[[131.30625,33.37500000000001],[131.30625,33.37916666666666],[131.3125,33.37916666666666],[131.3125,33.375],[131.30625,33.37500000000001]]]}},{"type":"Feature","id":"44211:503102551","properties":{"id":"44211:503102551","meshCode":"503102551","cityCode":"44211","city":"宇佐市","lat":33.3770833,"lon":131.315625,"areaKm2":0.268768,"populated2020":false,"population2020":null,"populationNote":"境界またぎ・収録外等のため自治体内人口は未集計"},"geometry":{"type":"Polygon","coordinates":[[[131.3125,33.375],[131.3125,33.37916666666666],[131.31875,33.37916666666667],[131.31875,33.375],[131.3125,33.375]]]}},{"type":"Feature","id":"44211:503102552","properties":{"id":"44211:503102552","meshCode":"503102552","cityCode":"44211","city":"宇佐市","lat":33.3770833,"lon":131.321875,"areaKm2":0.268768,"populated2020":false,"population2020":null,"populationNote":"境界またぎ・収録外等のため自治体内人口は未集計"},"geometry":{"type":"Polygon","coordinates":[[[131.31875,33.375],[131.31875,33.37916666666667],[131.325,33.37916666666667],[131.325,33.375],[131.31875,33.375]]]}},{"type":"Feature","id":"44211:503102561","properties":{"id":"44211:503102561","meshCode":"503102561","cityCode":"44211","city":"宇佐市","lat":33.3770833,"lon":131.328125,"areaKm2":0.268768,"populated2020":true,"population2020":7.0809,"populationNote":"2020年基準人口（国交省調整値）"},"geometry":{"type":"Polygon","coordinates":[[[131.325,33.375],[131.325,33.37916666666667],[131.33125,33.37916666666666],[131.33125,33.37500000000001],[131.325,33.375]]]}},{"type":"Feature","id":"44211:503102562","properties":{"id":"44211:503102562","meshCode":"503102562","cityCode":"44211","city":"宇佐市","lat":33.3770833,"lon":131.334375,"areaKm2":0.268768,"populated2020":false,"population2020":null,"populationNote":"境界またぎ・収録外等のため自治体内人口は未集計"},"geometry":{"type":"Polygon","coordinates":[[[131.33125,33.37500000000001],[131.33125,33.37916666666666],[131.3375,33.37916666666667],[131.3375,33.37500000000001],[131.33125,33.37500000000001]]]}},{"type":"Feature","id":"44211:503102571","properties":{"id":"44211:503102571","meshCode":"503102571","cityCode":"44211","city":"宇佐市","lat":33.3770833,"lon":131.340625,"areaKm2":0.268768,"populated2020":true,"population2020":5.0317,"populationNote":"2020年基準人口（国交省調整値）"},"geometry":{"type":"Polygon","coordinates":[[[131.3375,33.37500000000001],[131.3375,33.37916666666667],[131.34375,33.37916666666667],[131.34375,33.375],[131.3375,33.37500000000001]]]}},{"type":"Feature","id":"44211:503102572","properties":{"id":"44211:503102572","meshCode":"503102572","cityCode":"44211","city":"宇佐市","lat":33.3770833,"lon":131.346875,"areaKm2":0.268768,"populated2020":true,"population2020":23.1396,"populationNote":"2020年基準人口（国交省調整値）"},"geometry":{"type":"Polygon","coordinates":[[[131.34375,33.375],[131.34375,33.37916666666667],[131.35,33.37916666666667],[131.35,33.375],[131.34375,33.375]]]}},{"type":"Feature","id":"44211:503102581","properties":{"id":"44211:503102581","meshCode":"503102581","cityCode":"44211","city":"宇佐市","lat":33.3770833,"lon":131.353125,"areaKm2":0.268768,"populated2020":false,"population2020":null,"populationNote":"境界またぎ・収録外等のため自治体内人口は未集計"},"geometry":{"type":"Polygon","coordinates":[[[131.35,33.375],[131.35,33.37916666666667],[131.35625000000002,33.37916666666666],[131.35625000000002,33.375],[131.35,33.375]]]}},{"type":"Feature","id":"44211:503102582","properties":{"id":"44211:503102582","meshCode":"503102582","cityCode":"44211","city":"宇佐市","lat":33.3770833,"lon":131.359375,"areaKm2":0.268768,"populated2020":true,"population2020":7.0488,"populationNote":"2020年基準人口（国交省調整値）"},"geometry":{"type":"Polygon","coordinates":[[[131.35625000000002,33.375],[131.35625000000002,33.37916666666666],[131.3625,33.37916666666666],[131.3625,33.37500000000001],[131.35625000000002,33.375]]]}},{"type":"Feature","id":"44211:503102591","properties":{"id":"44211:503102591","meshCode":"503102591","cityCode":"44211","city":"宇佐市","lat":33.3770833,"lon":131.365625,"areaKm2":0.268768,"populated2020":false,"population2020":null,"populationNote":"境界またぎ・収録外等のため自治体内人口は未集計"},"geometry":{"type":"Polygon","coordinates":[[[131.3625,33.37500000000001],[131.3625,33.37916666666666],[131.36875,33.37916666666667],[131.36875,33.37500000000001],[131.3625,33.37500000000001]]]}},{"type":"Feature","id":"44211:503102592","properties":{"id":"44211:503102592","meshCode":"503102592","cityCode":"44211","city":"宇佐市","lat":33.3770833,"lon":131.371875,"areaKm2":0.268768,"populated2020":false,"population2020":null,"populationNote":"境界またぎ・収録外等のため自治体内人口は未集計"},"geometry":{"type":"Polygon","coordinates":[[[131.36875,33.37500000000001],[131.36875,33.37916666666667],[131.375,33.37916666666666],[131.375,33.375],[131.36875,33.37500000000001]]]}},{"type":"Feature","id":"44211:503103501","properties":{"id":"44211:503103501","meshCode":"503103501","cityCode":"44211","city":"宇佐市","lat":33.3770833,"lon":131.378125,"areaKm2":0.268768,"populated2020":false,"population2020":null,"populationNote":"境界またぎ・収録外等のため自治体内人口は未集計"},"geometry":{"type":"Polygon","coordinates":[[[131.375,33.375],[131.375,33.37916666666666],[131.38125,33.37916666666666],[131.38125,33.375],[131.375,33.375]]]}},{"type":"Feature","id":"44211:503103502","properties":{"id":"44211:503103502","meshCode":"503103502","cityCode":"44211","city":"宇佐市","lat":33.3770833,"lon":131.384375,"areaKm2":0.268768,"populated2020":false,"population2020":null,"populationNote":"境界またぎ・収録外等のため自治体内人口は未集計"},"geometry":{"type":"Polygon","coordinates":[[[131.38125,33.375],[131.38125,33.37916666666666],[131.3875,33.37916666666667],[131.3875,33.375],[131.38125,33.375]]]}},{"type":"Feature","id":"44211:503103511","properties":{"id":"44211:503103511","meshCode":"503103511","cityCode":"44211","city":"宇佐市","lat":33.3770833,"lon":131.390625,"areaKm2":0.268768,"populated2020":false,"population2020":null,"populationNote":"境界またぎ・収録外等のため自治体内人口は未集計"},"geometry":{"type":"Polygon","coordinates":[[[131.3875,33.375],[131.3875,33.37916666666667],[131.39375,33.37916666666667],[131.39375,33.37500000000001],[131.3875,33.375]]]}},{"type":"Feature","id":"44211:503103512","properties":{"id":"44211:503103512","meshCode":"503103512","cityCode":"44211","city":"宇佐市","lat":33.3770833,"lon":131.396875,"areaKm2":0.268768,"populated2020":true,"population2020":53.4135,"populationNote":"2020年基準人口（国交省調整値）"},"geometry":{"type":"Polygon","coordinates":[[[131.39375,33.37500000000001],[131.39375,33.37916666666667],[131.4,33.37916666666667],[131.4,33.375],[131.39375,33.37500000000001]]]}},{"type":"Feature","id":"44211:503103521","properties":{"id":"44211:503103521","meshCode":"503103521","cityCode":"44211","city":"宇佐市","lat":33.3770833,"lon":131.403125,"areaKm2":0.268768,"populated2020":true,"population2020":4.0373,"populationNote":"2020年基準人口（国交省調整値）"},"geometry":{"type":"Polygon","coordinates":[[[131.4,33.375],[131.4,33.37916666666667],[131.40625,33.37916666666667],[131.40625,33.37500000000001],[131.4,33.375]]]}},{"type":"Feature","id":"44211:503103522","properties":{"id":"44211:503103522","meshCode":"503103522","cityCode":"44211","city":"宇佐市","lat":33.376946,"lon":131.4069601,"areaKm2":0.0590787,"populated2020":false,"population2020":null,"populationNote":"境界またぎ・収録外等のため自治体内人口は未集計"},"geometry":{"type":"MultiPolygon","coordinates":[[[[131.40645666700001,33.379164441],[131.40665499400004,33.378926667],[131.40673083,33.378399720999994],[131.406839442,33.378291946],[131.407231115,33.378199162],[131.407330272,33.378102495],[131.40773138800003,33.376662225],[131.407542503,33.37640222500001],[131.407585279,33.375868054],[131.407684449,33.375671108],[131.407944163,33.375507494999994],[131.40857083,33.375470829],[131.409653865,33.375],[131.40625,33.37500000000001],[131.40625,33.37916666666667],[131.40645666700001,33.379164441]]],[[[131.41036917,33.37509916199999],[131.411086939,33.375065829],[131.411826939,33.37524416200001],[131.4125,33.37513659236108],[131.4125,33.375],[131.41008316500003,33.375],[131.41036917,33.37509916199999]]]]}},{"type":"Feature","id":"44211:503103531","properties":{"id":"44211:503103531","meshCode":"503103531","cityCode":"44211","city":"宇佐市","lat":33.3751327,"lon":131.4131328,"areaKm2":0.0027512,"populated2020":false,"population2020":null,"populationNote":"境界またぎ・収録外等のため自治体内人口は未集計"},"geometry":{"type":"Polygon","coordinates":[[[131.412544721,33.375128892],[131.41309610900004,33.375270279],[131.414061414,33.375],[131.4125,33.375],[131.412544721,33.375128892]]]}},{"type":"Feature","id":"44211:503101583","properties":{"id":"44211:503101583","meshCode":"503101583","cityCode":"44211","city":"宇佐市","lat":33.38125,"lon":131.228125,"areaKm2":0.2057239,"populated2020":false,"population2020":null,"populationNote":"境界またぎ・収録外等のため自治体内人口は未集計"},"geometry":{"type":"Polygon","coordinates":[[[131.22925070737645,33.37916666666666],[131.227531388,33.380181946],[131.226091946,33.380733892],[131.225788885,33.381618613],[131.225549728,33.381908892],[131.225485279,33.38262499999999],[131.22519605683826,33.383333333333326],[131.23125,33.38333333333333],[131.23125,33.37916666666667],[131.22925070737645,33.37916666666666]]]}},{"type":"Feature","id":"44211:503101584","properties":{"id":"44211:503101584","meshCode":"503101584","cityCode":"44211","city":"宇佐市","lat":33.38125,"lon":131.234375,"areaKm2":0.2687554,"populated2020":false,"population2020":null,"populationNote":"境界またぎ・収録外等のため自治体内人口は未集計"},"geometry":{"type":"Polygon","coordinates":[[[131.23125,33.37916666666667],[131.23125,33.38333333333333],[131.2375,33.38333333333333],[131.2375,33.37916666666667],[131.23125,33.37916666666667]]]}},{"type":"Feature","id":"44211:503101593","properties":{"id":"44211:503101593","meshCode":"503101593","cityCode":"44211","city":"宇佐市","lat":33.38125,"lon":131.240625,"areaKm2":0.2687554,"populated2020":false,"population2020":null,"populationNote":"境界またぎ・収録外等のため自治体内人口は未集計"},"geometry":{"type":"Polygon","coordinates":[[[131.2375,33.37916666666667],[131.2375,33.38333333333333],[131.24375,33.38333333333333],[131.24375,33.37916666666666],[131.2375,33.37916666666667]]]}},{"type":"Feature","id":"44211:503101594","properties":{"id":"44211:503101594","meshCode":"503101594","cityCode":"44211","city":"宇佐市","lat":33.38125,"lon":131.246875,"areaKm2":0.2687554,"populated2020":false,"population2020":null,"populationNote":"境界またぎ・収録外等のため自治体内人口は未集計"},"geometry":{"type":"Polygon","coordinates":[[[131.24375,33.37916666666666],[131.24375,33.38333333333333],[131.25,33.38333333333333],[131.25,33.37916666666667],[131.24375,33.37916666666666]]]}},{"type":"Feature","id":"44211:503102503","properties":{"id":"44211:503102503","meshCode":"503102503","cityCode":"44211","city":"宇佐市","lat":33.38125,"lon":131.253125,"areaKm2":0.2687554,"populated2020":false,"population2020":null,"populationNote":"境界またぎ・収録外等のため自治体内人口は未集計"},"geometry":{"type":"Polygon","coordinates":[[[131.25,33.37916666666667],[131.25,33.38333333333333],[131.25625,33.38333333333333],[131.25625,33.37916666666666],[131.25,33.37916666666667]]]}},{"type":"Feature","id":"44211:503102504","properties":{"id":"44211:503102504","meshCode":"503102504","cityCode":"44211","city":"宇佐市","lat":33.38125,"lon":131.259375,"areaKm2":0.2687554,"populated2020":false,"population2020":null,"populationNote":"境界またぎ・収録外等のため自治体内人口は未集計"},"geometry":{"type":"Polygon","coordinates":[[[131.25625,33.37916666666666],[131.25625,33.38333333333333],[131.2625,33.383333333333326],[131.2625,33.37916666666667],[131.25625,33.37916666666666]]]}},{"type":"Feature","id":"44211:503102513","properties":{"id":"44211:503102513","meshCode":"503102513","cityCode":"44211","city":"宇佐市","lat":33.38125,"lon":131.265625,"areaKm2":0.2687554,"populated2020":true,"population2020":13.0852,"populationNote":"2020年基準人口（国交省調整値）"},"geometry":{"type":"Polygon","coordinates":[[[131.2625,33.37916666666667],[131.2625,33.383333333333326],[131.26875,33.383333333333326],[131.26875,33.37916666666667],[131.2625,33.37916666666667]]]}},{"type":"Feature","id":"44211:503102514","properties":{"id":"44211:503102514","meshCode":"503102514","cityCode":"44211","city":"宇佐市","lat":33.38125,"lon":131.271875,"areaKm2":0.2687554,"populated2020":true,"population2020":8.0672,"populationNote":"2020年基準人口（国交省調整値）"},"geometry":{"type":"Polygon","coordinates":[[[131.26875,33.37916666666667],[131.26875,33.383333333333326],[131.275,33.38333333333334],[131.275,33.37916666666667],[131.26875,33.37916666666667]]]}},{"type":"Feature","id":"44211:503102523","properties":{"id":"44211:503102523","meshCode":"503102523","cityCode":"44211","city":"宇佐市","lat":33.38125,"lon":131.278125,"areaKm2":0.2687554,"populated2020":false,"population2020":null,"populationNote":"境界またぎ・収録外等のため自治体内人口は未集計"},"geometry":{"type":"Polygon","coordinates":[[[131.275,33.37916666666667],[131.275,33.38333333333334],[131.28125,33.383333333333326],[131.28125,33.37916666666667],[131.275,33.37916666666667]]]}},{"type":"Feature","id":"44211:503102524","properties":{"id":"44211:503102524","meshCode":"503102524","cityCode":"44211","city":"宇佐市","lat":33.38125,"lon":131.284375,"areaKm2":0.2687554,"populated2020":true,"population2020":12.0625,"populationNote":"2020年基準人口（国交省調整値）"},"geometry":{"type":"Polygon","coordinates":[[[131.28125,33.37916666666667],[131.28125,33.383333333333326],[131.2875,33.383333333333326],[131.2875,33.37916666666666],[131.28125,33.37916666666667]]]}},{"type":"Feature","id":"44211:503102533","properties":{"id":"44211:503102533","meshCode":"503102533","cityCode":"44211","city":"宇佐市","lat":33.38125,"lon":131.290625,"areaKm2":0.2687554,"populated2020":true,"population2020":35.2946,"populationNote":"2020年基準人口（国交省調整値）"},"geometry":{"type":"Polygon","coordinates":[[[131.2875,33.37916666666666],[131.2875,33.383333333333326],[131.29375,33.38333333333334],[131.29375,33.37916666666666],[131.2875,33.37916666666666]]]}},{"type":"Feature","id":"44211:503102534","properties":{"id":"44211:503102534","meshCode":"503102534","cityCode":"44211","city":"宇佐市","lat":33.38125,"lon":131.296875,"areaKm2":0.2687554,"populated2020":false,"population2020":null,"populationNote":"境界またぎ・収録外等のため自治体内人口は未集計"},"geometry":{"type":"Polygon","coordinates":[[[131.29375,33.37916666666666],[131.29375,33.38333333333334],[131.30000000000004,33.38333333333333],[131.30000000000004,33.37916666666666],[131.29375,33.37916666666666]]]}},{"type":"Feature","id":"44211:503102543","properties":{"id":"44211:503102543","meshCode":"503102543","cityCode":"44211","city":"宇佐市","lat":33.38125,"lon":131.303125,"areaKm2":0.2687554,"populated2020":true,"population2020":3.0092,"populationNote":"2020年基準人口（国交省調整値）"},"geometry":{"type":"Polygon","coordinates":[[[131.30000000000004,33.37916666666666],[131.30000000000004,33.38333333333333],[131.30625,33.38333333333334],[131.30625,33.37916666666666],[131.30000000000004,33.37916666666666]]]}},{"type":"Feature","id":"44211:503102544","properties":{"id":"44211:503102544","meshCode":"503102544","cityCode":"44211","city":"宇佐市","lat":33.38125,"lon":131.309375,"areaKm2":0.2687554,"populated2020":true,"population2020":31.1845,"populationNote":"2020年基準人口（国交省調整値）"},"geometry":{"type":"Polygon","coordinates":[[[131.30625,33.37916666666666],[131.30625,33.38333333333334],[131.3125,33.38333333333333],[131.3125,33.37916666666666],[131.30625,33.37916666666666]]]}},{"type":"Feature","id":"44211:503102553","properties":{"id":"44211:503102553","meshCode":"503102553","cityCode":"44211","city":"宇佐市","lat":33.38125,"lon":131.315625,"areaKm2":0.2687554,"populated2020":true,"population2020":4.0214,"populationNote":"2020年基準人口（国交省調整値）"},"geometry":{"type":"Polygon","coordinates":[[[131.3125,33.37916666666666],[131.3125,33.38333333333333],[131.31875,33.38333333333333],[131.31875,33.37916666666667],[131.3125,33.37916666666666]]]}},{"type":"Feature","id":"44211:503102554","properties":{"id":"44211:503102554","meshCode":"503102554","cityCode":"44211","city":"宇佐市","lat":33.38125,"lon":131.321875,"areaKm2":0.2687554,"populated2020":true,"population2020":9.0765,"populationNote":"2020年基準人口（国交省調整値）"},"geometry":{"type":"Polygon","coordinates":[[[131.31875,33.37916666666667],[131.31875,33.38333333333333],[131.325,33.383333333333326],[131.325,33.37916666666667],[131.31875,33.37916666666667]]]}},{"type":"Feature","id":"44211:503102563","properties":{"id":"44211:503102563","meshCode":"503102563","cityCode":"44211","city":"宇佐市","lat":33.38125,"lon":131.328125,"areaKm2":0.2687554,"populated2020":false,"population2020":null,"populationNote":"境界またぎ・収録外等のため自治体内人口は未集計"},"geometry":{"type":"Polygon","coordinates":[[[131.325,33.37916666666667],[131.325,33.383333333333326],[131.33125,33.38333333333333],[131.33125,33.37916666666666],[131.325,33.37916666666667]]]}},{"type":"Feature","id":"44211:503102564","properties":{"id":"44211:503102564","meshCode":"503102564","cityCode":"44211","city":"宇佐市","lat":33.38125,"lon":131.334375,"areaKm2":0.2687554,"populated2020":false,"population2020":null,"populationNote":"境界またぎ・収録外等のため自治体内人口は未集計"},"geometry":{"type":"Polygon","coordinates":[[[131.33125,33.37916666666666],[131.33125,33.38333333333333],[131.3375,33.38333333333333],[131.3375,33.37916666666667],[131.33125,33.37916666666666]]]}},{"type":"Feature","id":"44211:503102573","properties":{"id":"44211:503102573","meshCode":"503102573","cityCode":"44211","city":"宇佐市","lat":33.38125,"lon":131.340625,"areaKm2":0.2687554,"populated2020":true,"population2020":8.0972,"populationNote":"2020年基準人口（国交省調整値）"},"geometry":{"type":"Polygon","coordinates":[[[131.3375,33.37916666666667],[131.3375,33.38333333333333],[131.34375,33.383333333333326],[131.34375,33.37916666666667],[131.3375,33.37916666666667]]]}},{"type":"Feature","id":"44211:503102574","properties":{"id":"44211:503102574","meshCode":"503102574","cityCode":"44211","city":"宇佐市","lat":33.38125,"lon":131.346875,"areaKm2":0.2687554,"populated2020":true,"population2020":6.0416,"populationNote":"2020年基準人口（国交省調整値）"},"geometry":{"type":"Polygon","coordinates":[[[131.34375,33.37916666666667],[131.34375,33.383333333333326],[131.35,33.383333333333326],[131.35,33.37916666666667],[131.34375,33.37916666666667]]]}},{"type":"Feature","id":"44211:503102583","properties":{"id":"44211:503102583","meshCode":"503102583","cityCode":"44211","city":"宇佐市","lat":33.38125,"lon":131.353125,"areaKm2":0.2687554,"populated2020":false,"population2020":null,"populationNote":"境界またぎ・収録外等のため自治体内人口は未集計"},"geometry":{"type":"Polygon","coordinates":[[[131.35,33.37916666666667],[131.35,33.383333333333326],[131.35625000000002,33.38333333333333],[131.35625000000002,33.37916666666666],[131.35,33.37916666666667]]]}},{"type":"Feature","id":"44211:503102584","properties":{"id":"44211:503102584","meshCode":"503102584","cityCode":"44211","city":"宇佐市","lat":33.38125,"lon":131.359375,"areaKm2":0.2687554,"populated2020":true,"population2020":6.0204,"populationNote":"2020年基準人口（国交省調整値）"},"geometry":{"type":"Polygon","coordinates":[[[131.35625000000002,33.37916666666666],[131.35625000000002,33.38333333333333],[131.3625,33.383333333333326],[131.3625,33.37916666666666],[131.35625000000002,33.37916666666666]]]}},{"type":"Feature","id":"44211:503102593","properties":{"id":"44211:503102593","meshCode":"503102593","cityCode":"44211","city":"宇佐市","lat":33.38125,"lon":131.365625,"areaKm2":0.2687554,"populated2020":false,"population2020":null,"populationNote":"境界またぎ・収録外等のため自治体内人口は未集計"},"geometry":{"type":"Polygon","coordinates":[[[131.3625,33.37916666666666],[131.3625,33.383333333333326],[131.36875,33.38333333333333],[131.36875,33.37916666666667],[131.3625,33.37916666666666]]]}},{"type":"Feature","id":"44211:503102594","properties":{"id":"44211:503102594","meshCode":"503102594","cityCode":"44211","city":"宇佐市","lat":33.38125,"lon":131.371875,"areaKm2":0.2687554,"populated2020":false,"population2020":null,"populationNote":"境界またぎ・収録外等のため自治体内人口は未集計"},"geometry":{"type":"Polygon","coordinates":[[[131.36875,33.37916666666667],[131.36875,33.38333333333333],[131.375,33.38333333333333],[131.375,33.37916666666666],[131.36875,33.37916666666667]]]}},{"type":"Feature","id":"44211:503103503","properties":{"id":"44211:503103503","meshCode":"503103503","cityCode":"44211","city":"宇佐市","lat":33.38125,"lon":131.378125,"areaKm2":0.2687554,"populated2020":false,"population2020":null,"populationNote":"境界またぎ・収録外等のため自治体内人口は未集計"},"geometry":{"type":"Polygon","coordinates":[[[131.375,33.37916666666666],[131.375,33.38333333333333],[131.38125,33.38333333333334],[131.38125,33.37916666666666],[131.375,33.37916666666666]]]}},{"type":"Feature","id":"44211:503103504","properties":{"id":"44211:503103504","meshCode":"503103504","cityCode":"44211","city":"宇佐市","lat":33.38125,"lon":131.384375,"areaKm2":0.2687554,"populated2020":false,"population2020":null,"populationNote":"境界またぎ・収録外等のため自治体内人口は未集計"},"geometry":{"type":"Polygon","coordinates":[[[131.38125,33.37916666666666],[131.38125,33.38333333333334],[131.3875,33.38333333333333],[131.3875,33.37916666666667],[131.38125,33.37916666666666]]]}},{"type":"Feature","id":"44211:503103513","properties":{"id":"44211:503103513","meshCode":"503103513","cityCode":"44211","city":"宇佐市","lat":33.38125,"lon":131.390625,"areaKm2":0.2687554,"populated2020":false,"population2020":null,"populationNote":"境界またぎ・収録外等のため自治体内人口は未集計"},"geometry":{"type":"Polygon","coordinates":[[[131.3875,33.37916666666667],[131.3875,33.38333333333333],[131.39375,33.383333333333326],[131.39375,33.37916666666667],[131.3875,33.37916666666667]]]}},{"type":"Feature","id":"44211:503103514","properties":{"id":"44211:503103514","meshCode":"503103514","cityCode":"44211","city":"宇佐市","lat":33.38125,"lon":131.396875,"areaKm2":0.2687554,"populated2020":true,"population2020":11.0905,"populationNote":"2020年基準人口（国交省調整値）"},"geometry":{"type":"Polygon","coordinates":[[[131.39375,33.37916666666667],[131.39375,33.383333333333326],[131.4,33.38333333333333],[131.4,33.37916666666667],[131.39375,33.37916666666667]]]}},{"type":"Feature","id":"44211:503103523","properties":{"id":"44211:503103523","meshCode":"503103523","cityCode":"44211","city":"宇佐市","lat":33.38125,"lon":131.403125,"areaKm2":0.2646271,"populated2020":false,"population2020":null,"populationNote":"境界またぎ・収録外等のため自治体内人口は未集計"},"geometry":{"type":"Polygon","coordinates":[[[131.40625,33.381866919317794],[131.405954721,33.380500279],[131.406001946,33.380104441],[131.40625,33.379764732036385],[131.40625,33.37916666666667],[131.4,33.37916666666667],[131.4,33.38333333333333],[131.40625,33.38333333333333],[131.40625,33.381866919317794]]]}},{"type":"Feature","id":"44211:503103524","properties":{"id":"44211:503103524","meshCode":"503103524","cityCode":"44211","city":"宇佐市","lat":33.3824331,"lon":131.4063718,"areaKm2":0.0063907,"populated2020":false,"population2020":null,"populationNote":"境界またぎ・収録外等のため自治体内人口は未集計"},"geometry":{"type":"MultiPolygon","coordinates":[[[[131.407213606,33.383333333],[131.406630272,33.38269027900001],[131.40625,33.381866919317794],[131.40625,33.38333333333333],[131.407213606,33.383333333]]],[[[131.40625,33.379764732036385],[131.406386109,33.379349441],[131.40645581814275,33.37916666666667],[131.40625,33.37916666666667],[131.40625,33.379764732036385]]]]}},{"type":"Feature","id":"44211:503101672","properties":{"id":"44211:503101672","meshCode":"503101672","cityCode":"44211","city":"宇佐市","lat":33.3856943,"lon":131.2240573,"areaKm2":0.0761933,"populated2020":false,"population2020":null,"populationNote":"境界またぎ・収録外等のため自治体内人口は未集計"},"geometry":{"type":"Polygon","coordinates":[[[131.225,33.383738306],[131.224620558,33.384628613],[131.223725837,33.385102495],[131.222897497,33.385887225],[131.22230917,33.385995],[131.22177166,33.385896667000004],[131.221487782,33.386021946],[131.221326394,33.38633527900001],[131.22143138800004,33.386888333],[131.22220877624662,33.3875],[131.225,33.3875],[131.225,33.383738306]]]}},{"type":"Feature","id":"44211:503101681","properties":{"id":"44211:503101681","meshCode":"503101681","cityCode":"44211","city":"宇佐市","lat":33.3854167,"lon":131.228125,"areaKm2":0.2683333,"populated2020":false,"population2020":null,"populationNote":"境界またぎ・収録外等のため自治体内人口は未集計"},"geometry":{"type":"Polygon","coordinates":[[[131.225176109,33.383374441],[131.225,33.383738306],[131.225,33.3875],[131.23125,33.3875],[131.23125,33.38333333333333],[131.225176109,33.383374441]]]}},{"type":"Feature","id":"44211:503101682","properties":{"id":"44211:503101682","meshCode":"503101682","cityCode":"44211","city":"宇佐市","lat":33.3854167,"lon":131.234375,"areaKm2":0.2687427,"populated2020":false,"population2020":null,"populationNote":"境界またぎ・収録外等のため自治体内人口は未集計"},"geometry":{"type":"Polygon","coordinates":[[[131.23125,33.38333333333333],[131.23125,33.3875],[131.2375,33.387499999999996],[131.2375,33.38333333333333],[131.23125,33.38333333333333]]]}},{"type":"Feature","id":"44211:503101691","properties":{"id":"44211:503101691","meshCode":"503101691","cityCode":"44211","city":"宇佐市","lat":33.3854167,"lon":131.240625,"areaKm2":0.2687427,"populated2020":false,"population2020":null,"populationNote":"境界またぎ・収録外等のため自治体内人口は未集計"},"geometry":{"type":"Polygon","coordinates":[[[131.2375,33.38333333333333],[131.2375,33.387499999999996],[131.24375,33.387499999999996],[131.24375,33.38333333333333],[131.2375,33.38333333333333]]]}},{"type":"Feature","id":"44211:503101692","properties":{"id":"44211:503101692","meshCode":"503101692","cityCode":"44211","city":"宇佐市","lat":33.3854167,"lon":131.246875,"areaKm2":0.2687427,"populated2020":false,"population2020":null,"populationNote":"境界またぎ・収録外等のため自治体内人口は未集計"},"geometry":{"type":"Polygon","coordinates":[[[131.24375,33.38333333333333],[131.24375,33.387499999999996],[131.25,33.387499999999996],[131.25,33.38333333333333],[131.24375,33.38333333333333]]]}},{"type":"Feature","id":"44211:503102601","properties":{"id":"44211:503102601","meshCode":"503102601","cityCode":"44211","city":"宇佐市","lat":33.3854167,"lon":131.253125,"areaKm2":0.2687427,"populated2020":false,"population2020":null,"populationNote":"境界またぎ・収録外等のため自治体内人口は未集計"},"geometry":{"type":"Polygon","coordinates":[[[131.25,33.38333333333333],[131.25,33.387499999999996],[131.25625,33.3875],[131.25625,33.38333333333333],[131.25,33.38333333333333]]]}},{"type":"Feature","id":"44211:503102602","properties":{"id":"44211:503102602","meshCode":"503102602","cityCode":"44211","city":"宇佐市","lat":33.3854167,"lon":131.259375,"areaKm2":0.2687427,"populated2020":false,"population2020":null,"populationNote":"境界またぎ・収録外等のため自治体内人口は未集計"},"geometry":{"type":"Polygon","coordinates":[[[131.25625,33.38333333333333],[131.25625,33.3875],[131.2625,33.3875],[131.2625,33.383333333333326],[131.25625,33.38333333333333]]]}},{"type":"Feature","id":"44211:503102611","properties":{"id":"44211:503102611","meshCode":"503102611","cityCode":"44211","city":"宇佐市","lat":33.3854167,"lon":131.265625,"areaKm2":0.2687427,"populated2020":true,"population2020":8.0624,"populationNote":"2020年基準人口（国交省調整値）"},"geometry":{"type":"Polygon","coordinates":[[[131.2625,33.383333333333326],[131.2625,33.3875],[131.26875,33.38750000000001],[131.26875,33.383333333333326],[131.2625,33.383333333333326]]]}},{"type":"Feature","id":"44211:503102612","properties":{"id":"44211:503102612","meshCode":"503102612","cityCode":"44211","city":"宇佐市","lat":33.3854167,"lon":131.271875,"areaKm2":0.2687427,"populated2020":true,"population2020":18.1803,"populationNote":"2020年基準人口（国交省調整値）"},"geometry":{"type":"Polygon","coordinates":[[[131.26875,33.383333333333326],[131.26875,33.38750000000001],[131.275,33.3875],[131.275,33.38333333333334],[131.26875,33.383333333333326]]]}},{"type":"Feature","id":"44211:503102621","properties":{"id":"44211:503102621","meshCode":"503102621","cityCode":"44211","city":"宇佐市","lat":33.3854167,"lon":131.278125,"areaKm2":0.2687427,"populated2020":true,"population2020":14.0796,"populationNote":"2020年基準人口（国交省調整値）"},"geometry":{"type":"Polygon","coordinates":[[[131.275,33.38333333333334],[131.275,33.3875],[131.28125,33.3875],[131.28125,33.383333333333326],[131.275,33.38333333333334]]]}},{"type":"Feature","id":"44211:503102622","properties":{"id":"44211:503102622","meshCode":"503102622","cityCode":"44211","city":"宇佐市","lat":33.3854167,"lon":131.284375,"areaKm2":0.2687427,"populated2020":true,"population2020":8.0484,"populationNote":"2020年基準人口（国交省調整値）"},"geometry":{"type":"Polygon","coordinates":[[[131.28125,33.383333333333326],[131.28125,33.3875],[131.2875,33.387499999999996],[131.2875,33.383333333333326],[131.28125,33.383333333333326]]]}},{"type":"Feature","id":"44211:503102631","properties":{"id":"44211:503102631","meshCode":"503102631","cityCode":"44211","city":"宇佐市","lat":33.3854167,"lon":131.290625,"areaKm2":0.2687427,"populated2020":true,"population2020":25.2079,"populationNote":"2020年基準人口（国交省調整値）"},"geometry":{"type":"Polygon","coordinates":[[[131.2875,33.383333333333326],[131.2875,33.387499999999996],[131.29375,33.3875],[131.29375,33.38333333333334],[131.2875,33.383333333333326]]]}},{"type":"Feature","id":"44211:503102632","properties":{"id":"44211:503102632","meshCode":"503102632","cityCode":"44211","city":"宇佐市","lat":33.3854167,"lon":131.296875,"areaKm2":0.2687427,"populated2020":true,"population2020":53.2612,"populationNote":"2020年基準人口（国交省調整値）"},"geometry":{"type":"Polygon","coordinates":[[[131.29375,33.38333333333334],[131.29375,33.3875],[131.30000000000004,33.3875],[131.30000000000004,33.38333333333333],[131.29375,33.38333333333334]]]}},{"type":"Feature","id":"44211:503102641","properties":{"id":"44211:503102641","meshCode":"503102641","cityCode":"44211","city":"宇佐市","lat":33.3854167,"lon":131.303125,"areaKm2":0.2687427,"populated2020":false,"population2020":null,"populationNote":"境界またぎ・収録外等のため自治体内人口は未集計"},"geometry":{"type":"Polygon","coordinates":[[[131.30000000000004,33.38333333333333],[131.30000000000004,33.3875],[131.30625,33.38750000000001],[131.30625,33.38333333333334],[131.30000000000004,33.38333333333333]]]}},{"type":"Feature","id":"44211:503102642","properties":{"id":"44211:503102642","meshCode":"503102642","cityCode":"44211","city":"宇佐市","lat":33.3854167,"lon":131.309375,"areaKm2":0.2687427,"populated2020":true,"population2020":26.2221,"populationNote":"2020年基準人口（国交省調整値）"},"geometry":{"type":"Polygon","coordinates":[[[131.30625,33.38333333333334],[131.30625,33.38750000000001],[131.3125,33.387499999999996],[131.3125,33.38333333333333],[131.30625,33.38333333333334]]]}},{"type":"Feature","id":"44211:503102651","properties":{"id":"44211:503102651","meshCode":"503102651","cityCode":"44211","city":"宇佐市","lat":33.3854167,"lon":131.315625,"areaKm2":0.2687427,"populated2020":true,"population2020":5.0425,"populationNote":"2020年基準人口（国交省調整値）"},"geometry":{"type":"Polygon","coordinates":[[[131.3125,33.38333333333333],[131.3125,33.387499999999996],[131.31875,33.3875],[131.31875,33.38333333333333],[131.3125,33.38333333333333]]]}},{"type":"Feature","id":"44211:503102652","properties":{"id":"44211:503102652","meshCode":"503102652","cityCode":"44211","city":"宇佐市","lat":33.3854167,"lon":131.321875,"areaKm2":0.2687427,"populated2020":false,"population2020":null,"populationNote":"境界またぎ・収録外等のため自治体内人口は未集計"},"geometry":{"type":"Polygon","coordinates":[[[131.31875,33.38333333333333],[131.31875,33.3875],[131.325,33.387499999999996],[131.325,33.383333333333326],[131.31875,33.38333333333333]]]}},{"type":"Feature","id":"44211:503102661","properties":{"id":"44211:503102661","meshCode":"503102661","cityCode":"44211","city":"宇佐市","lat":33.3854167,"lon":131.328125,"areaKm2":0.2687427,"populated2020":true,"population2020":11.0269,"populationNote":"2020年基準人口（国交省調整値）"},"geometry":{"type":"Polygon","coordinates":[[[131.325,33.383333333333326],[131.325,33.387499999999996],[131.33125,33.387499999999996],[131.33125,33.38333333333333],[131.325,33.383333333333326]]]}},{"type":"Feature","id":"44211:503102662","properties":{"id":"44211:503102662","meshCode":"503102662","cityCode":"44211","city":"宇佐市","lat":33.3854167,"lon":131.334375,"areaKm2":0.2687427,"populated2020":true,"population2020":11.1,"populationNote":"2020年基準人口（国交省調整値）"},"geometry":{"type":"Polygon","coordinates":[[[131.33125,33.38333333333333],[131.33125,33.387499999999996],[131.3375,33.3875],[131.3375,33.38333333333333],[131.33125,33.38333333333333]]]}},{"type":"Feature","id":"44211:503102671","properties":{"id":"44211:503102671","meshCode":"503102671","cityCode":"44211","city":"宇佐市","lat":33.3854167,"lon":131.340625,"areaKm2":0.2687427,"populated2020":true,"population2020":23.1586,"populationNote":"2020年基準人口（国交省調整値）"},"geometry":{"type":"Polygon","coordinates":[[[131.3375,33.38333333333333],[131.3375,33.3875],[131.34375,33.3875],[131.34375,33.383333333333326],[131.3375,33.38333333333333]]]}},{"type":"Feature","id":"44211:503102672","properties":{"id":"44211:503102672","meshCode":"503102672","cityCode":"44211","city":"宇佐市","lat":33.3854167,"lon":131.346875,"areaKm2":0.2687427,"populated2020":true,"population2020":1.0098,"populationNote":"2020年基準人口（国交省調整値）"},"geometry":{"type":"Polygon","coordinates":[[[131.34375,33.383333333333326],[131.34375,33.3875],[131.35,33.3875],[131.35,33.383333333333326],[131.34375,33.383333333333326]]]}},{"type":"Feature","id":"44211:503102681","properties":{"id":"44211:503102681","meshCode":"503102681","cityCode":"44211","city":"宇佐市","lat":33.3854167,"lon":131.353125,"areaKm2":0.2687427,"populated2020":true,"population2020":2.0115,"populationNote":"2020年基準人口（国交省調整値）"},"geometry":{"type":"Polygon","coordinates":[[[131.35,33.383333333333326],[131.35,33.3875],[131.35625000000002,33.3875],[131.35625000000002,33.38333333333333],[131.35,33.383333333333326]]]}},{"type":"Feature","id":"44211:503102682","properties":{"id":"44211:503102682","meshCode":"503102682","cityCode":"44211","city":"宇佐市","lat":33.3854167,"lon":131.359375,"areaKm2":0.2687427,"populated2020":true,"population2020":16.1063,"populationNote":"2020年基準人口（国交省調整値）"},"geometry":{"type":"Polygon","coordinates":[[[131.35625000000002,33.38333333333333],[131.35625000000002,33.3875],[131.3625,33.3875],[131.3625,33.383333333333326],[131.35625000000002,33.38333333333333]]]}},{"type":"Feature","id":"44211:503102691","properties":{"id":"44211:503102691","meshCode":"503102691","cityCode":"44211","city":"宇佐市","lat":33.3854167,"lon":131.365625,"areaKm2":0.2687427,"populated2020":false,"population2020":null,"populationNote":"境界またぎ・収録外等のため自治体内人口は未集計"},"geometry":{"type":"Polygon","coordinates":[[[131.3625,33.383333333333326],[131.3625,33.3875],[131.36875,33.3875],[131.36875,33.38333333333333],[131.3625,33.383333333333326]]]}},{"type":"Feature","id":"44211:503102692","properties":{"id":"44211:503102692","meshCode":"503102692","cityCode":"44211","city":"宇佐市","lat":33.3854167,"lon":131.371875,"areaKm2":0.2687427,"populated2020":false,"population2020":null,"populationNote":"境界またぎ・収録外等のため自治体内人口は未集計"},"geometry":{"type":"Polygon","coordinates":[[[131.36875,33.38333333333333],[131.36875,33.3875],[131.375,33.3875],[131.375,33.38333333333333],[131.36875,33.38333333333333]]]}},{"type":"Feature","id":"44211:503103601","properties":{"id":"44211:503103601","meshCode":"503103601","cityCode":"44211","city":"宇佐市","lat":33.3854167,"lon":131.378125,"areaKm2":0.2687427,"populated2020":false,"population2020":null,"populationNote":"境界またぎ・収録外等のため自治体内人口は未集計"},"geometry":{"type":"Polygon","coordinates":[[[131.375,33.38333333333333],[131.375,33.3875],[131.38125,33.3875],[131.38125,33.38333333333334],[131.375,33.38333333333333]]]}},{"type":"Feature","id":"44211:503103602","properties":{"id":"44211:503103602","meshCode":"503103602","cityCode":"44211","city":"宇佐市","lat":33.3854167,"lon":131.384375,"areaKm2":0.2687427,"populated2020":true,"population2020":9.0643,"populationNote":"2020年基準人口（国交省調整値）"},"geometry":{"type":"Polygon","coordinates":[[[131.38125,33.38333333333334],[131.38125,33.3875],[131.3875,33.3875],[131.3875,33.38333333333333],[131.38125,33.38333333333334]]]}},{"type":"Feature","id":"44211:503103611","properties":{"id":"44211:503103611","meshCode":"503103611","cityCode":"44211","city":"宇佐市","lat":33.3854167,"lon":131.390625,"areaKm2":0.2687427,"populated2020":false,"population2020":null,"populationNote":"境界またぎ・収録外等のため自治体内人口は未集計"},"geometry":{"type":"Polygon","coordinates":[[[131.3875,33.38333333333333],[131.3875,33.3875],[131.39375,33.387499999999996],[131.39375,33.383333333333326],[131.3875,33.38333333333333]]]}},{"type":"Feature","id":"44211:503103612","properties":{"id":"44211:503103612","meshCode":"503103612","cityCode":"44211","city":"宇佐市","lat":33.3854167,"lon":131.396875,"areaKm2":0.2687427,"populated2020":true,"population2020":35.3383,"populationNote":"2020年基準人口（国交省調整値）"},"geometry":{"type":"Polygon","coordinates":[[[131.39375,33.383333333333326],[131.39375,33.387499999999996],[131.4,33.3875],[131.4,33.38333333333333],[131.39375,33.383333333333326]]]}},{"type":"Feature","id":"44211:503103621","properties":{"id":"44211:503103621","meshCode":"503103621","cityCode":"44211","city":"宇佐市","lat":33.3854167,"lon":131.403125,"areaKm2":0.2687427,"populated2020":true,"population2020":2.0109,"populationNote":"2020年基準人口（国交省調整値）"},"geometry":{"type":"Polygon","coordinates":[[[131.4,33.38333333333333],[131.4,33.3875],[131.40625,33.3875],[131.40625,33.38333333333333],[131.4,33.38333333333333]]]}},{"type":"Feature","id":"44211:503103622","properties":{"id":"44211:503103622","meshCode":"503103622","cityCode":"44211","city":"宇佐市","lat":33.3855945,"lon":131.4072319,"areaKm2":0.0823049,"populated2020":false,"population2020":null,"populationNote":"境界またぎ・収録外等のため自治体内人口は未集計"},"geometry":{"type":"Polygon","coordinates":[[[131.40901173474145,33.3875],[131.408766109,33.38722416200001],[131.407527497,33.38357],[131.40721360638892,33.383333333333326],[131.40625,33.38333333333333],[131.40625,33.3875],[131.40901173474145,33.3875]]]}},{"type":"Feature","id":"44211:503101674","properties":{"id":"44211:503101674","meshCode":"503101674","cityCode":"44211","city":"宇佐市","lat":33.3895821,"lon":131.2246649,"areaKm2":0.0513385,"populated2020":false,"population2020":null,"populationNote":"境界またぎ・収録外等のため自治体内人口は未集計"},"geometry":{"type":"Polygon","coordinates":[[[131.22220877624662,33.3875],[131.22279083,33.387918891999995],[131.223692503,33.389091108],[131.224459442,33.389721387],[131.224633891,33.390170829],[131.224583891,33.39074361299999],[131.224464449,33.39092027900001],[131.224309728,33.39108499999999],[131.223786667,33.391343892],[131.2234856942059,33.39166666666666],[131.225,33.391666666666666],[131.225,33.3875],[131.22220877624662,33.3875]]]}},{"type":"Feature","id":"44211:503101683","properties":{"id":"44211:503101683","meshCode":"503101683","cityCode":"44211","city":"宇佐市","lat":33.3895833,"lon":131.228125,"areaKm2":0.2687301,"populated2020":true,"population2020":6.0172,"populationNote":"2020年基準人口（国交省調整値）"},"geometry":{"type":"Polygon","coordinates":[[[131.225,33.3875],[131.225,33.391666666666666],[131.23125,33.391666666666666],[131.23125,33.3875],[131.225,33.3875]]]}},{"type":"Feature","id":"44211:503101684","properties":{"id":"44211:503101684","meshCode":"503101684","cityCode":"44211","city":"宇佐市","lat":33.3895833,"lon":131.234375,"areaKm2":0.2687301,"populated2020":true,"population2020":5.0452,"populationNote":"2020年基準人口（国交省調整値）"},"geometry":{"type":"Polygon","coordinates":[[[131.23125,33.3875],[131.23125,33.391666666666666],[131.2375,33.391666666666666],[131.2375,33.387499999999996],[131.23125,33.3875]]]}},{"type":"Feature","id":"44211:503101693","properties":{"id":"44211:503101693","meshCode":"503101693","cityCode":"44211","city":"宇佐市","lat":33.3895833,"lon":131.240625,"areaKm2":0.2687301,"populated2020":false,"population2020":null,"populationNote":"境界またぎ・収録外等のため自治体内人口は未集計"},"geometry":{"type":"Polygon","coordinates":[[[131.2375,33.387499999999996],[131.2375,33.391666666666666],[131.24375,33.391666666666666],[131.24375,33.387499999999996],[131.2375,33.387499999999996]]]}},{"type":"Feature","id":"44211:503101694","properties":{"id":"44211:503101694","meshCode":"503101694","cityCode":"44211","city":"宇佐市","lat":33.3895833,"lon":131.246875,"areaKm2":0.2687301,"populated2020":false,"population2020":null,"populationNote":"境界またぎ・収録外等のため自治体内人口は未集計"},"geometry":{"type":"Polygon","coordinates":[[[131.24375,33.387499999999996],[131.24375,33.391666666666666],[131.25,33.391666666666666],[131.25,33.387499999999996],[131.24375,33.387499999999996]]]}},{"type":"Feature","id":"44211:503102603","properties":{"id":"44211:503102603","meshCode":"503102603","cityCode":"44211","city":"宇佐市","lat":33.3895833,"lon":131.253125,"areaKm2":0.2687301,"populated2020":true,"population2020":1.0017,"populationNote":"2020年基準人口（国交省調整値）"},"geometry":{"type":"Polygon","coordinates":[[[131.25,33.387499999999996],[131.25,33.391666666666666],[131.25625,33.391666666666666],[131.25625,33.3875],[131.25,33.387499999999996]]]}},{"type":"Feature","id":"44211:503102604","properties":{"id":"44211:503102604","meshCode":"503102604","cityCode":"44211","city":"宇佐市","lat":33.3895833,"lon":131.259375,"areaKm2":0.2687301,"populated2020":true,"population2020":2.0259,"populationNote":"2020年基準人口（国交省調整値）"},"geometry":{"type":"Polygon","coordinates":[[[131.25625,33.3875],[131.25625,33.391666666666666],[131.2625,33.39166666666667],[131.2625,33.3875],[131.25625,33.3875]]]}},{"type":"Feature","id":"44211:503102613","properties":{"id":"44211:503102613","meshCode":"503102613","cityCode":"44211","city":"宇佐市","lat":33.3895833,"lon":131.265625,"areaKm2":0.2687301,"populated2020":false,"population2020":null,"populationNote":"境界またぎ・収録外等のため自治体内人口は未集計"},"geometry":{"type":"Polygon","coordinates":[[[131.2625,33.3875],[131.2625,33.39166666666667],[131.26875,33.391666666666666],[131.26875,33.38750000000001],[131.2625,33.3875]]]}},{"type":"Feature","id":"44211:503102614","properties":{"id":"44211:503102614","meshCode":"503102614","cityCode":"44211","city":"宇佐市","lat":33.3895833,"lon":131.271875,"areaKm2":0.2687301,"populated2020":false,"population2020":null,"populationNote":"境界またぎ・収録外等のため自治体内人口は未集計"},"geometry":{"type":"Polygon","coordinates":[[[131.26875,33.38750000000001],[131.26875,33.391666666666666],[131.275,33.39166666666666],[131.275,33.3875],[131.26875,33.38750000000001]]]}},{"type":"Feature","id":"44211:503102623","properties":{"id":"44211:503102623","meshCode":"503102623","cityCode":"44211","city":"宇佐市","lat":33.3895833,"lon":131.278125,"areaKm2":0.2687301,"populated2020":true,"population2020":20.1702,"populationNote":"2020年基準人口（国交省調整値）"},"geometry":{"type":"Polygon","coordinates":[[[131.275,33.3875],[131.275,33.39166666666666],[131.28125,33.39166666666667],[131.28125,33.3875],[131.275,33.3875]]]}},{"type":"Feature","id":"44211:503102624","properties":{"id":"44211:503102624","meshCode":"503102624","cityCode":"44211","city":"宇佐市","lat":33.3895833,"lon":131.284375,"areaKm2":0.2687301,"populated2020":true,"population2020":2.0058,"populationNote":"2020年基準人口（国交省調整値）"},"geometry":{"type":"Polygon","coordinates":[[[131.28125,33.3875],[131.28125,33.39166666666667],[131.2875,33.39166666666666],[131.2875,33.387499999999996],[131.28125,33.3875]]]}},{"type":"Feature","id":"44211:503102633","properties":{"id":"44211:503102633","meshCode":"503102633","cityCode":"44211","city":"宇佐市","lat":33.3895833,"lon":131.290625,"areaKm2":0.2687301,"populated2020":true,"population2020":13.1165,"populationNote":"2020年基準人口（国交省調整値）"},"geometry":{"type":"Polygon","coordinates":[[[131.2875,33.387499999999996],[131.2875,33.39166666666666],[131.29375,33.391666666666666],[131.29375,33.3875],[131.2875,33.387499999999996]]]}},{"type":"Feature","id":"44211:503102634","properties":{"id":"44211:503102634","meshCode":"503102634","cityCode":"44211","city":"宇佐市","lat":33.3895833,"lon":131.296875,"areaKm2":0.2687301,"populated2020":true,"population2020":11.0863,"populationNote":"2020年基準人口（国交省調整値）"},"geometry":{"type":"Polygon","coordinates":[[[131.29375,33.3875],[131.29375,33.391666666666666],[131.30000000000004,33.391666666666666],[131.30000000000004,33.3875],[131.29375,33.3875]]]}},{"type":"Feature","id":"44211:503102643","properties":{"id":"44211:503102643","meshCode":"503102643","cityCode":"44211","city":"宇佐市","lat":33.3895833,"lon":131.303125,"areaKm2":0.2687301,"populated2020":true,"population2020":33.2474,"populationNote":"2020年基準人口（国交省調整値）"},"geometry":{"type":"Polygon","coordinates":[[[131.30000000000004,33.3875],[131.30000000000004,33.391666666666666],[131.30625,33.391666666666666],[131.30625,33.38750000000001],[131.30000000000004,33.3875]]]}},{"type":"Feature","id":"44211:503102644","properties":{"id":"44211:503102644","meshCode":"503102644","cityCode":"44211","city":"宇佐市","lat":33.3895833,"lon":131.309375,"areaKm2":0.2687301,"populated2020":true,"population2020":28.2369,"populationNote":"2020年基準人口（国交省調整値）"},"geometry":{"type":"Polygon","coordinates":[[[131.30625,33.38750000000001],[131.30625,33.391666666666666],[131.3125,33.391666666666666],[131.3125,33.387499999999996],[131.30625,33.38750000000001]]]}},{"type":"Feature","id":"44211:503102653","properties":{"id":"44211:503102653","meshCode":"503102653","cityCode":"44211","city":"宇佐市","lat":33.3895833,"lon":131.315625,"areaKm2":0.2687301,"populated2020":false,"population2020":null,"populationNote":"境界またぎ・収録外等のため自治体内人口は未集計"},"geometry":{"type":"Polygon","coordinates":[[[131.3125,33.387499999999996],[131.3125,33.391666666666666],[131.31875,33.391666666666666],[131.31875,33.3875],[131.3125,33.387499999999996]]]}},{"type":"Feature","id":"44211:503102654","properties":{"id":"44211:503102654","meshCode":"503102654","cityCode":"44211","city":"宇佐市","lat":33.3895833,"lon":131.321875,"areaKm2":0.2687301,"populated2020":true,"population2020":1.0098,"populationNote":"2020年基準人口（国交省調整値）"},"geometry":{"type":"Polygon","coordinates":[[[131.31875,33.3875],[131.31875,33.391666666666666],[131.325,33.391666666666666],[131.325,33.387499999999996],[131.31875,33.3875]]]}},{"type":"Feature","id":"44211:503102663","properties":{"id":"44211:503102663","meshCode":"503102663","cityCode":"44211","city":"宇佐市","lat":33.3895833,"lon":131.328125,"areaKm2":0.2687301,"populated2020":true,"population2020":16.1677,"populationNote":"2020年基準人口（国交省調整値）"},"geometry":{"type":"Polygon","coordinates":[[[131.325,33.387499999999996],[131.325,33.391666666666666],[131.33125,33.391666666666666],[131.33125,33.387499999999996],[131.325,33.387499999999996]]]}},{"type":"Feature","id":"44211:503102664","properties":{"id":"44211:503102664","meshCode":"503102664","cityCode":"44211","city":"宇佐市","lat":33.3895833,"lon":131.334375,"areaKm2":0.2687301,"populated2020":true,"population2020":5.038,"populationNote":"2020年基準人口（国交省調整値）"},"geometry":{"type":"Polygon","coordinates":[[[131.33125,33.387499999999996],[131.33125,33.391666666666666],[131.3375,33.39166666666666],[131.3375,33.3875],[131.33125,33.387499999999996]]]}},{"type":"Feature","id":"44211:503102673","properties":{"id":"44211:503102673","meshCode":"503102673","cityCode":"44211","city":"宇佐市","lat":33.3895833,"lon":131.340625,"areaKm2":0.2687301,"populated2020":true,"population2020":83.5977,"populationNote":"2020年基準人口（国交省調整値）"},"geometry":{"type":"Polygon","coordinates":[[[131.3375,33.3875],[131.3375,33.39166666666666],[131.34375,33.39166666666666],[131.34375,33.3875],[131.3375,33.3875]]]}},{"type":"Feature","id":"44211:503102674","properties":{"id":"44211:503102674","meshCode":"503102674","cityCode":"44211","city":"宇佐市","lat":33.3895833,"lon":131.346875,"areaKm2":0.2687301,"populated2020":true,"population2020":15.1611,"populationNote":"2020年基準人口（国交省調整値）"},"geometry":{"type":"Polygon","coordinates":[[[131.34375,33.3875],[131.34375,33.39166666666666],[131.35,33.391666666666666],[131.35,33.3875],[131.34375,33.3875]]]}},{"type":"Feature","id":"44211:503102683","properties":{"id":"44211:503102683","meshCode":"503102683","cityCode":"44211","city":"宇佐市","lat":33.3895833,"lon":131.353125,"areaKm2":0.2687301,"populated2020":true,"population2020":19.1526,"populationNote":"2020年基準人口（国交省調整値）"},"geometry":{"type":"Polygon","coordinates":[[[131.35,33.3875],[131.35,33.391666666666666],[131.35625000000002,33.391666666666666],[131.35625000000002,33.3875],[131.35,33.3875]]]}},{"type":"Feature","id":"44211:503102684","properties":{"id":"44211:503102684","meshCode":"503102684","cityCode":"44211","city":"宇佐市","lat":33.3895833,"lon":131.359375,"areaKm2":0.2687301,"populated2020":true,"population2020":15.0569,"populationNote":"2020年基準人口（国交省調整値）"},"geometry":{"type":"Polygon","coordinates":[[[131.35625000000002,33.3875],[131.35625000000002,33.391666666666666],[131.3625,33.391666666666666],[131.3625,33.3875],[131.35625000000002,33.3875]]]}},{"type":"Feature","id":"44211:503102693","properties":{"id":"44211:503102693","meshCode":"503102693","cityCode":"44211","city":"宇佐市","lat":33.3895833,"lon":131.365625,"areaKm2":0.2687301,"populated2020":false,"population2020":null,"populationNote":"境界またぎ・収録外等のため自治体内人口は未集計"},"geometry":{"type":"Polygon","coordinates":[[[131.3625,33.3875],[131.3625,33.391666666666666],[131.36875,33.39166666666667],[131.36875,33.3875],[131.3625,33.3875]]]}},{"type":"Feature","id":"44211:503102694","properties":{"id":"44211:503102694","meshCode":"503102694","cityCode":"44211","city":"宇佐市","lat":33.3895833,"lon":131.371875,"areaKm2":0.2687301,"populated2020":false,"population2020":null,"populationNote":"境界またぎ・収録外等のため自治体内人口は未集計"},"geometry":{"type":"Polygon","coordinates":[[[131.36875,33.3875],[131.36875,33.39166666666667],[131.375,33.39166666666666],[131.375,33.3875],[131.36875,33.3875]]]}},{"type":"Feature","id":"44211:503103603","properties":{"id":"44211:503103603","meshCode":"503103603","cityCode":"44211","city":"宇佐市","lat":33.3895833,"lon":131.378125,"areaKm2":0.2687301,"populated2020":true,"population2020":10.0994,"populationNote":"2020年基準人口（国交省調整値）"},"geometry":{"type":"Polygon","coordinates":[[[131.375,33.3875],[131.375,33.39166666666666],[131.38125,33.39166666666667],[131.38125,33.3875],[131.375,33.3875]]]}},{"type":"Feature","id":"44211:503103604","properties":{"id":"44211:503103604","meshCode":"503103604","cityCode":"44211","city":"宇佐市","lat":33.3895833,"lon":131.384375,"areaKm2":0.2687301,"populated2020":true,"population2020":20.1582,"populationNote":"2020年基準人口（国交省調整値）"},"geometry":{"type":"Polygon","coordinates":[[[131.38125,33.3875],[131.38125,33.39166666666667],[131.3875,33.39166666666666],[131.3875,33.3875],[131.38125,33.3875]]]}},{"type":"Feature","id":"44211:503103613","properties":{"id":"44211:503103613","meshCode":"503103613","cityCode":"44211","city":"宇佐市","lat":33.3895833,"lon":131.390625,"areaKm2":0.2687301,"populated2020":true,"population2020":81.4067,"populationNote":"2020年基準人口（国交省調整値）"},"geometry":{"type":"Polygon","coordinates":[[[131.3875,33.3875],[131.3875,33.39166666666666],[131.39375,33.39166666666667],[131.39375,33.387499999999996],[131.3875,33.3875]]]}},{"type":"Feature","id":"44211:503103614","properties":{"id":"44211:503103614","meshCode":"503103614","cityCode":"44211","city":"宇佐市","lat":33.3895833,"lon":131.396875,"areaKm2":0.2687301,"populated2020":true,"population2020":36.3114,"populationNote":"2020年基準人口（国交省調整値）"},"geometry":{"type":"Polygon","coordinates":[[[131.39375,33.387499999999996],[131.39375,33.39166666666667],[131.4,33.391666666666666],[131.4,33.3875],[131.39375,33.387499999999996]]]}},{"type":"Feature","id":"44211:503103623","properties":{"id":"44211:503103623","meshCode":"503103623","cityCode":"44211","city":"宇佐市","lat":33.3895833,"lon":131.403125,"areaKm2":0.2687301,"populated2020":true,"population2020":2.016,"populationNote":"2020年基準人口（国交省調整値）"},"geometry":{"type":"Polygon","coordinates":[[[131.4,33.3875],[131.4,33.391666666666666],[131.40625,33.39166666666666],[131.40625,33.3875],[131.4,33.3875]]]}},{"type":"Feature","id":"44211:503103624","properties":{"id":"44211:503103624","meshCode":"503103624","cityCode":"44211","city":"宇佐市","lat":33.3895833,"lon":131.409375,"areaKm2":0.1865626,"populated2020":false,"population2020":null,"populationNote":"境界またぎ・収録外等のため自治体内人口は未集計"},"geometry":{"type":"Polygon","coordinates":[[[131.41173063597986,33.391666666666666],[131.411694721,33.3911],[131.411478054,33.390598333],[131.410468327,33.38950222500001],[131.410062218,33.388959441],[131.409646939,33.38815],[131.40901173474145,33.3875],[131.40625,33.3875],[131.40625,33.39166666666666],[131.41173063597986,33.391666666666666]]]}},{"type":"Feature","id":"44211:503101772","properties":{"id":"44211:503101772","meshCode":"503101772","cityCode":"44211","city":"宇佐市","lat":33.3931486,"lon":131.2244433,"areaKm2":0.0340334,"populated2020":false,"population2020":null,"populationNote":"境界またぎ・収録外等のため自治体内人口は未集計"},"geometry":{"type":"Polygon","coordinates":[[[131.223485694,33.391666667],[131.222660558,33.39244055899999],[131.222655551,33.392554162],[131.223483061,33.393009441000004],[131.223956394,33.393181946000006],[131.224618327,33.393246387],[131.224688054,33.393364162],[131.224688054,33.394293892],[131.224738054,33.394450829],[131.225,33.39459961299999],[131.225,33.391666666666666],[131.223485694,33.391666667]]]}},{"type":"Feature","id":"44211:503101781","properties":{"id":"44211:503101781","meshCode":"503101781","cityCode":"44211","city":"宇佐市","lat":33.39375,"lon":131.228125,"areaKm2":0.2573053,"populated2020":false,"population2020":null,"populationNote":"境界またぎ・収録外等のため自治体内人口は未集計"},"geometry":{"type":"Polygon","coordinates":[[[131.225,33.39459961299999],[131.22682695232075,33.395833333333336],[131.23125,33.395833333333336],[131.23125,33.391666666666666],[131.225,33.391666666666666],[131.225,33.39459961299999]]]}},{"type":"Feature","id":"44211:503101782","properties":{"id":"44211:503101782","meshCode":"503101782","cityCode":"44211","city":"宇佐市","lat":33.39375,"lon":131.234375,"areaKm2":0.2687175,"populated2020":true,"population2020":2.0223,"populationNote":"2020年基準人口（国交省調整値）"},"geometry":{"type":"Polygon","coordinates":[[[131.23125,33.391666666666666],[131.23125,33.395833333333336],[131.2375,33.395833333333336],[131.2375,33.391666666666666],[131.23125,33.391666666666666]]]}},{"type":"Feature","id":"44211:503101791","properties":{"id":"44211:503101791","meshCode":"503101791","cityCode":"44211","city":"宇佐市","lat":33.39375,"lon":131.240625,"areaKm2":0.2687175,"populated2020":true,"population2020":11.125,"populationNote":"2020年基準人口（国交省調整値）"},"geometry":{"type":"Polygon","coordinates":[[[131.2375,33.391666666666666],[131.2375,33.395833333333336],[131.24375,33.395833333333336],[131.24375,33.391666666666666],[131.2375,33.391666666666666]]]}},{"type":"Feature","id":"44211:503101792","properties":{"id":"44211:503101792","meshCode":"503101792","cityCode":"44211","city":"宇佐市","lat":33.39375,"lon":131.246875,"areaKm2":0.2687175,"populated2020":true,"population2020":4.0347,"populationNote":"2020年基準人口（国交省調整値）"},"geometry":{"type":"Polygon","coordinates":[[[131.24375,33.391666666666666],[131.24375,33.395833333333336],[131.25,33.395833333333336],[131.25,33.391666666666666],[131.24375,33.391666666666666]]]}},{"type":"Feature","id":"44211:503102701","properties":{"id":"44211:503102701","meshCode":"503102701","cityCode":"44211","city":"宇佐市","lat":33.39375,"lon":131.253125,"areaKm2":0.2687175,"populated2020":true,"population2020":8.0795,"populationNote":"2020年基準人口（国交省調整値）"},"geometry":{"type":"Polygon","coordinates":[[[131.25,33.391666666666666],[131.25,33.395833333333336],[131.25625,33.395833333333336],[131.25625,33.391666666666666],[131.25,33.391666666666666]]]}},{"type":"Feature","id":"44211:503102702","properties":{"id":"44211:503102702","meshCode":"503102702","cityCode":"44211","city":"宇佐市","lat":33.39375,"lon":131.259375,"areaKm2":0.2687175,"populated2020":true,"population2020":20.1715,"populationNote":"2020年基準人口（国交省調整値）"},"geometry":{"type":"Polygon","coordinates":[[[131.25625,33.391666666666666],[131.25625,33.395833333333336],[131.2625,33.39583333333333],[131.2625,33.39166666666667],[131.25625,33.391666666666666]]]}},{"type":"Feature","id":"44211:503102711","properties":{"id":"44211:503102711","meshCode":"503102711","cityCode":"44211","city":"宇佐市","lat":33.39375,"lon":131.265625,"areaKm2":0.2687175,"populated2020":true,"population2020":5.0317,"populationNote":"2020年基準人口（国交省調整値）"},"geometry":{"type":"Polygon","coordinates":[[[131.2625,33.39166666666667],[131.2625,33.39583333333333],[131.26875,33.395833333333336],[131.26875,33.391666666666666],[131.2625,33.39166666666667]]]}},{"type":"Feature","id":"44211:503102712","properties":{"id":"44211:503102712","meshCode":"503102712","cityCode":"44211","city":"宇佐市","lat":33.39375,"lon":131.271875,"areaKm2":0.2687175,"populated2020":false,"population2020":null,"populationNote":"境界またぎ・収録外等のため自治体内人口は未集計"},"geometry":{"type":"Polygon","coordinates":[[[131.26875,33.391666666666666],[131.26875,33.395833333333336],[131.275,33.39583333333333],[131.275,33.39166666666666],[131.26875,33.391666666666666]]]}},{"type":"Feature","id":"44211:503102721","properties":{"id":"44211:503102721","meshCode":"503102721","cityCode":"44211","city":"宇佐市","lat":33.39375,"lon":131.278125,"areaKm2":0.2687175,"populated2020":false,"population2020":null,"populationNote":"境界またぎ・収録外等のため自治体内人口は未集計"},"geometry":{"type":"Polygon","coordinates":[[[131.275,33.39166666666666],[131.275,33.39583333333333],[131.28125,33.39583333333333],[131.28125,33.39166666666667],[131.275,33.39166666666666]]]}},{"type":"Feature","id":"44211:503102722","properties":{"id":"44211:503102722","meshCode":"503102722","cityCode":"44211","city":"宇佐市","lat":33.39375,"lon":131.284375,"areaKm2":0.2687175,"populated2020":false,"population2020":null,"populationNote":"境界またぎ・収録外等のため自治体内人口は未集計"},"geometry":{"type":"Polygon","coordinates":[[[131.28125,33.39166666666667],[131.28125,33.39583333333333],[131.2875,33.39583333333333],[131.2875,33.39166666666666],[131.28125,33.39166666666667]]]}},{"type":"Feature","id":"44211:503102731","properties":{"id":"44211:503102731","meshCode":"503102731","cityCode":"44211","city":"宇佐市","lat":33.39375,"lon":131.290625,"areaKm2":0.2687175,"populated2020":false,"population2020":null,"populationNote":"境界またぎ・収録外等のため自治体内人口は未集計"},"geometry":{"type":"Polygon","coordinates":[[[131.2875,33.39166666666666],[131.2875,33.39583333333333],[131.29375,33.395833333333336],[131.29375,33.391666666666666],[131.2875,33.39166666666666]]]}},{"type":"Feature","id":"44211:503102732","properties":{"id":"44211:503102732","meshCode":"503102732","cityCode":"44211","city":"宇佐市","lat":33.39375,"lon":131.296875,"areaKm2":0.2687175,"populated2020":false,"population2020":null,"populationNote":"境界またぎ・収録外等のため自治体内人口は未集計"},"geometry":{"type":"Polygon","coordinates":[[[131.29375,33.391666666666666],[131.29375,33.395833333333336],[131.30000000000004,33.395833333333336],[131.30000000000004,33.391666666666666],[131.29375,33.391666666666666]]]}},{"type":"Feature","id":"44211:503102741","properties":{"id":"44211:503102741","meshCode":"503102741","cityCode":"44211","city":"宇佐市","lat":33.39375,"lon":131.303125,"areaKm2":0.2687175,"populated2020":true,"population2020":1.0017,"populationNote":"2020年基準人口（国交省調整値）"},"geometry":{"type":"Polygon","coordinates":[[[131.30000000000004,33.391666666666666],[131.30000000000004,33.395833333333336],[131.30625,33.395833333333336],[131.30625,33.391666666666666],[131.30000000000004,33.391666666666666]]]}},{"type":"Feature","id":"44211:503102742","properties":{"id":"44211:503102742","meshCode":"503102742","cityCode":"44211","city":"宇佐市","lat":33.39375,"lon":131.309375,"areaKm2":0.2687175,"populated2020":true,"population2020":35.2238,"populationNote":"2020年基準人口（国交省調整値）"},"geometry":{"type":"Polygon","coordinates":[[[131.30625,33.391666666666666],[131.30625,33.395833333333336],[131.3125,33.395833333333336],[131.3125,33.391666666666666],[131.30625,33.391666666666666]]]}},{"type":"Feature","id":"44211:503102751","properties":{"id":"44211:503102751","meshCode":"503102751","cityCode":"44211","city":"宇佐市","lat":33.39375,"lon":131.315625,"areaKm2":0.2687175,"populated2020":true,"population2020":9.0645,"populationNote":"2020年基準人口（国交省調整値）"},"geometry":{"type":"Polygon","coordinates":[[[131.3125,33.391666666666666],[131.3125,33.395833333333336],[131.31875,33.395833333333336],[131.31875,33.391666666666666],[131.3125,33.391666666666666]]]}},{"type":"Feature","id":"44211:503102752","properties":{"id":"44211:503102752","meshCode":"503102752","cityCode":"44211","city":"宇佐市","lat":33.39375,"lon":131.321875,"areaKm2":0.2687175,"populated2020":true,"population2020":8.0559,"populationNote":"2020年基準人口（国交省調整値）"},"geometry":{"type":"Polygon","coordinates":[[[131.31875,33.391666666666666],[131.31875,33.395833333333336],[131.325,33.39583333333333],[131.325,33.391666666666666],[131.31875,33.391666666666666]]]}},{"type":"Feature","id":"44211:503102761","properties":{"id":"44211:503102761","meshCode":"503102761","cityCode":"44211","city":"宇佐市","lat":33.39375,"lon":131.328125,"areaKm2":0.2687175,"populated2020":true,"population2020":16.1228,"populationNote":"2020年基準人口（国交省調整値）"},"geometry":{"type":"Polygon","coordinates":[[[131.325,33.391666666666666],[131.325,33.39583333333333],[131.33125,33.395833333333336],[131.33125,33.391666666666666],[131.325,33.391666666666666]]]}},{"type":"Feature","id":"44211:503102762","properties":{"id":"44211:503102762","meshCode":"503102762","cityCode":"44211","city":"宇佐市","lat":33.39375,"lon":131.334375,"areaKm2":0.2687175,"populated2020":true,"population2020":5.0449,"populationNote":"2020年基準人口（国交省調整値）"},"geometry":{"type":"Polygon","coordinates":[[[131.33125,33.391666666666666],[131.33125,33.395833333333336],[131.3375,33.395833333333336],[131.3375,33.39166666666666],[131.33125,33.391666666666666]]]}},{"type":"Feature","id":"44211:503102771","properties":{"id":"44211:503102771","meshCode":"503102771","cityCode":"44211","city":"宇佐市","lat":33.39375,"lon":131.340625,"areaKm2":0.2687175,"populated2020":true,"population2020":41.233,"populationNote":"2020年基準人口（国交省調整値）"},"geometry":{"type":"Polygon","coordinates":[[[131.3375,33.39166666666666],[131.3375,33.395833333333336],[131.34375,33.39583333333334],[131.34375,33.39166666666666],[131.3375,33.39166666666666]]]}},{"type":"Feature","id":"44211:503102772","properties":{"id":"44211:503102772","meshCode":"503102772","cityCode":"44211","city":"宇佐市","lat":33.39375,"lon":131.346875,"areaKm2":0.2687175,"populated2020":true,"population2020":15.0861,"populationNote":"2020年基準人口（国交省調整値）"},"geometry":{"type":"Polygon","coordinates":[[[131.34375,33.39166666666666],[131.34375,33.39583333333334],[131.35,33.39583333333333],[131.35,33.391666666666666],[131.34375,33.39166666666666]]]}},{"type":"Feature","id":"44211:503102781","properties":{"id":"44211:503102781","meshCode":"503102781","cityCode":"44211","city":"宇佐市","lat":33.39375,"lon":131.353125,"areaKm2":0.2687175,"populated2020":true,"population2020":2.0178,"populationNote":"2020年基準人口（国交省調整値）"},"geometry":{"type":"Polygon","coordinates":[[[131.35,33.391666666666666],[131.35,33.39583333333333],[131.35625000000002,33.395833333333336],[131.35625000000002,33.391666666666666],[131.35,33.391666666666666]]]}},{"type":"Feature","id":"44211:503102782","properties":{"id":"44211:503102782","meshCode":"503102782","cityCode":"44211","city":"宇佐市","lat":33.39375,"lon":131.359375,"areaKm2":0.2687175,"populated2020":true,"population2020":10.045,"populationNote":"2020年基準人口（国交省調整値）"},"geometry":{"type":"Polygon","coordinates":[[[131.35625000000002,33.391666666666666],[131.35625000000002,33.395833333333336],[131.3625,33.395833333333336],[131.3625,33.391666666666666],[131.35625000000002,33.391666666666666]]]}},{"type":"Feature","id":"44211:503102791","properties":{"id":"44211:503102791","meshCode":"503102791","cityCode":"44211","city":"宇佐市","lat":33.39375,"lon":131.365625,"areaKm2":0.2687175,"populated2020":true,"population2020":9.0531,"populationNote":"2020年基準人口（国交省調整値）"},"geometry":{"type":"Polygon","coordinates":[[[131.3625,33.391666666666666],[131.3625,33.395833333333336],[131.36875,33.395833333333336],[131.36875,33.39166666666667],[131.3625,33.391666666666666]]]}},{"type":"Feature","id":"44211:503102792","properties":{"id":"44211:503102792","meshCode":"503102792","cityCode":"44211","city":"宇佐市","lat":33.39375,"lon":131.371875,"areaKm2":0.2687175,"populated2020":true,"population2020":14.1593,"populationNote":"2020年基準人口（国交省調整値）"},"geometry":{"type":"Polygon","coordinates":[[[131.36875,33.39166666666667],[131.36875,33.395833333333336],[131.375,33.395833333333336],[131.375,33.39166666666666],[131.36875,33.39166666666667]]]}},{"type":"Feature","id":"44211:503103701","properties":{"id":"44211:503103701","meshCode":"503103701","cityCode":"44211","city":"宇佐市","lat":33.39375,"lon":131.378125,"areaKm2":0.2687175,"populated2020":true,"population2020":20.0682,"populationNote":"2020年基準人口（国交省調整値）"},"geometry":{"type":"Polygon","coordinates":[[[131.375,33.39166666666666],[131.375,33.395833333333336],[131.38125,33.395833333333336],[131.38125,33.39166666666667],[131.375,33.39166666666666]]]}},{"type":"Feature","id":"44211:503103702","properties":{"id":"44211:503103702","meshCode":"503103702","cityCode":"44211","city":"宇佐市","lat":33.39375,"lon":131.384375,"areaKm2":0.2687175,"populated2020":true,"population2020":37.2837,"populationNote":"2020年基準人口（国交省調整値）"},"geometry":{"type":"Polygon","coordinates":[[[131.38125,33.39166666666667],[131.38125,33.395833333333336],[131.3875,33.395833333333336],[131.3875,33.39166666666666],[131.38125,33.39166666666667]]]}},{"type":"Feature","id":"44211:503103711","properties":{"id":"44211:503103711","meshCode":"503103711","cityCode":"44211","city":"宇佐市","lat":33.39375,"lon":131.390625,"areaKm2":0.2687175,"populated2020":true,"population2020":49.3903,"populationNote":"2020年基準人口（国交省調整値）"},"geometry":{"type":"Polygon","coordinates":[[[131.3875,33.39166666666666],[131.3875,33.395833333333336],[131.39375,33.39583333333334],[131.39375,33.39166666666667],[131.3875,33.39166666666666]]]}},{"type":"Feature","id":"44211:503103712","properties":{"id":"44211:503103712","meshCode":"503103712","cityCode":"44211","city":"宇佐市","lat":33.39375,"lon":131.396875,"areaKm2":0.2687175,"populated2020":true,"population2020":31.1316,"populationNote":"2020年基準人口（国交省調整値）"},"geometry":{"type":"Polygon","coordinates":[[[131.39375,33.39166666666667],[131.39375,33.39583333333334],[131.4,33.395833333333336],[131.4,33.391666666666666],[131.39375,33.39166666666667]]]}},{"type":"Feature","id":"44211:503103721","properties":{"id":"44211:503103721","meshCode":"503103721","cityCode":"44211","city":"宇佐市","lat":33.39375,"lon":131.403125,"areaKm2":0.2687175,"populated2020":false,"population2020":null,"populationNote":"境界またぎ・収録外等のため自治体内人口は未集計"},"geometry":{"type":"Polygon","coordinates":[[[131.4,33.391666666666666],[131.4,33.395833333333336],[131.40625,33.395833333333336],[131.40625,33.39166666666666],[131.4,33.391666666666666]]]}},{"type":"Feature","id":"44211:503103722","properties":{"id":"44211:503103722","meshCode":"503103722","cityCode":"44211","city":"宇佐市","lat":33.39375,"lon":131.409375,"areaKm2":0.2513914,"populated2020":true,"population2020":null,"populationNote":"境界またぎ・収録外等のため自治体内人口は未集計"},"geometry":{"type":"Polygon","coordinates":[[[131.4125,33.39558022645098],[131.412223333,33.395256108],[131.412201115,33.394790279],[131.412050272,33.394589721],[131.412078885,33.394159162],[131.412239442,33.393809721],[131.41193083,33.39321389199999],[131.412066394,33.392653892],[131.41173063597986,33.391666666666666],[131.40625,33.39166666666666],[131.40625,33.395833333333336],[131.4125,33.395833333333336],[131.4125,33.39558022645098]]]}},{"type":"Feature","id":"44211:503103731","properties":{"id":"44211:503103731","meshCode":"503103731","cityCode":"44211","city":"宇佐市","lat":33.3956686,"lon":131.4125588,"areaKm2":0.0004353,"populated2020":true,"population2020":null,"populationNote":"境界またぎ・収録外等のため自治体内人口は未集計"},"geometry":{"type":"Polygon","coordinates":[[[131.4128245590609,33.39583333333333],[131.412511388,33.395590559],[131.4125,33.39558022645098],[131.4125,33.395833333333336],[131.4128245590609,33.39583333333333]]]}},{"type":"Feature","id":"44211:503101783","properties":{"id":"44211:503101783","meshCode":"503101783","cityCode":"44211","city":"宇佐市","lat":33.3979072,"lon":131.2303018,"areaKm2":0.1204171,"populated2020":false,"population2020":null,"populationNote":"境界またぎ・収録外等のため自治体内人口は未集計"},"geometry":{"type":"Polygon","coordinates":[[[131.22682695232075,33.395833333333336],[131.227062776,33.396067495],[131.227132503,33.39664416200001],[131.227406109,33.39711],[131.228391946,33.397807224999994],[131.229159442,33.397721108],[131.229353606,33.397862225],[131.229303891,33.39872416200001],[131.229473333,33.39953249500001],[131.229396783,33.4],[131.23125,33.4],[131.23125,33.395833333333336],[131.22682695232075,33.395833333333336]]]}},{"type":"Feature","id":"44211:503101784","properties":{"id":"44211:503101784","meshCode":"503101784","cityCode":"44211","city":"宇佐市","lat":33.3979167,"lon":131.234375,"areaKm2":0.2687048,"populated2020":false,"population2020":null,"populationNote":"境界またぎ・収録外等のため自治体内人口は未集計"},"geometry":{"type":"Polygon","coordinates":[[[131.23125,33.395833333333336],[131.23125,33.4],[131.2375,33.39999999999999],[131.2375,33.395833333333336],[131.23125,33.395833333333336]]]}},{"type":"Feature","id":"44211:503101793","properties":{"id":"44211:503101793","meshCode":"503101793","cityCode":"44211","city":"宇佐市","lat":33.3979167,"lon":131.240625,"areaKm2":0.2687048,"populated2020":true,"population2020":8.0767,"populationNote":"2020年基準人口（国交省調整値）"},"geometry":{"type":"Polygon","coordinates":[[[131.2375,33.395833333333336],[131.2375,33.39999999999999],[131.24375,33.400000000000006],[131.24375,33.395833333333336],[131.2375,33.395833333333336]]]}},{"type":"Feature","id":"44211:503101794","properties":{"id":"44211:503101794","meshCode":"503101794","cityCode":"44211","city":"宇佐市","lat":33.3979167,"lon":131.246875,"areaKm2":0.2687048,"populated2020":false,"population2020":null,"populationNote":"境界またぎ・収録外等のため自治体内人口は未集計"},"geometry":{"type":"Polygon","coordinates":[[[131.24375,33.395833333333336],[131.24375,33.400000000000006],[131.25,33.4],[131.25,33.395833333333336],[131.24375,33.395833333333336]]]}},{"type":"Feature","id":"44211:503102703","properties":{"id":"44211:503102703","meshCode":"503102703","cityCode":"44211","city":"宇佐市","lat":33.3979167,"lon":131.253125,"areaKm2":0.2687048,"populated2020":false,"population2020":null,"populationNote":"境界またぎ・収録外等のため自治体内人口は未集計"},"geometry":{"type":"Polygon","coordinates":[[[131.25,33.395833333333336],[131.25,33.4],[131.25625,33.4],[131.25625,33.395833333333336],[131.25,33.395833333333336]]]}},{"type":"Feature","id":"44211:503102704","properties":{"id":"44211:503102704","meshCode":"503102704","cityCode":"44211","city":"宇佐市","lat":33.3979167,"lon":131.259375,"areaKm2":0.2687048,"populated2020":true,"population2020":9.0456,"populationNote":"2020年基準人口（国交省調整値）"},"geometry":{"type":"Polygon","coordinates":[[[131.25625,33.395833333333336],[131.25625,33.4],[131.2625,33.400000000000006],[131.2625,33.39583333333333],[131.25625,33.395833333333336]]]}},{"type":"Feature","id":"44211:503102713","properties":{"id":"44211:503102713","meshCode":"503102713","cityCode":"44211","city":"宇佐市","lat":33.3979167,"lon":131.265625,"areaKm2":0.2687048,"populated2020":true,"population2020":10.0617,"populationNote":"2020年基準人口（国交省調整値）"},"geometry":{"type":"Polygon","coordinates":[[[131.2625,33.39583333333333],[131.2625,33.400000000000006],[131.26875,33.4],[131.26875,33.395833333333336],[131.2625,33.39583333333333]]]}},{"type":"Feature","id":"44211:503102714","properties":{"id":"44211:503102714","meshCode":"503102714","cityCode":"44211","city":"宇佐市","lat":33.3979167,"lon":131.271875,"areaKm2":0.2687048,"populated2020":true,"population2020":4.0303,"populationNote":"2020年基準人口（国交省調整値）"},"geometry":{"type":"Polygon","coordinates":[[[131.26875,33.395833333333336],[131.26875,33.4],[131.275,33.4],[131.275,33.39583333333333],[131.26875,33.395833333333336]]]}},{"type":"Feature","id":"44211:503102723","properties":{"id":"44211:503102723","meshCode":"503102723","cityCode":"44211","city":"宇佐市","lat":33.3979167,"lon":131.278125,"areaKm2":0.2687048,"populated2020":false,"population2020":null,"populationNote":"境界またぎ・収録外等のため自治体内人口は未集計"},"geometry":{"type":"Polygon","coordinates":[[[131.275,33.39583333333333],[131.275,33.4],[131.28125,33.4],[131.28125,33.39583333333333],[131.275,33.39583333333333]]]}},{"type":"Feature","id":"44211:503102724","properties":{"id":"44211:503102724","meshCode":"503102724","cityCode":"44211","city":"宇佐市","lat":33.3979167,"lon":131.284375,"areaKm2":0.2687048,"populated2020":false,"population2020":null,"populationNote":"境界またぎ・収録外等のため自治体内人口は未集計"},"geometry":{"type":"Polygon","coordinates":[[[131.28125,33.39583333333333],[131.28125,33.4],[131.2875,33.4],[131.2875,33.39583333333333],[131.28125,33.39583333333333]]]}},{"type":"Feature","id":"44211:503102733","properties":{"id":"44211:503102733","meshCode":"503102733","cityCode":"44211","city":"宇佐市","lat":33.3979167,"lon":131.290625,"areaKm2":0.2687048,"populated2020":false,"population2020":null,"populationNote":"境界またぎ・収録外等のため自治体内人口は未集計"},"geometry":{"type":"Polygon","coordinates":[[[131.2875,33.39583333333333],[131.2875,33.4],[131.29375,33.4],[131.29375,33.395833333333336],[131.2875,33.39583333333333]]]}},{"type":"Feature","id":"44211:503102734","properties":{"id":"44211:503102734","meshCode":"503102734","cityCode":"44211","city":"宇佐市","lat":33.3979167,"lon":131.296875,"areaKm2":0.2687048,"populated2020":true,"population2020":9.081,"populationNote":"2020年基準人口（国交省調整値）"},"geometry":{"type":"Polygon","coordinates":[[[131.29375,33.395833333333336],[131.29375,33.4],[131.30000000000004,33.4],[131.30000000000004,33.395833333333336],[131.29375,33.395833333333336]]]}},{"type":"Feature","id":"44211:503102743","properties":{"id":"44211:503102743","meshCode":"503102743","cityCode":"44211","city":"宇佐市","lat":33.3979167,"lon":131.303125,"areaKm2":0.2687048,"populated2020":false,"population2020":null,"populationNote":"境界またぎ・収録外等のため自治体内人口は未集計"},"geometry":{"type":"Polygon","coordinates":[[[131.30000000000004,33.395833333333336],[131.30000000000004,33.4],[131.30625,33.4],[131.30625,33.395833333333336],[131.30000000000004,33.395833333333336]]]}},{"type":"Feature","id":"44211:503102744","properties":{"id":"44211:503102744","meshCode":"503102744","cityCode":"44211","city":"宇佐市","lat":33.3979167,"lon":131.309375,"areaKm2":0.2687048,"populated2020":true,"population2020":15.1036,"populationNote":"2020年基準人口（国交省調整値）"},"geometry":{"type":"Polygon","coordinates":[[[131.30625,33.395833333333336],[131.30625,33.4],[131.3125,33.4],[131.3125,33.395833333333336],[131.30625,33.395833333333336]]]}},{"type":"Feature","id":"44211:503102753","properties":{"id":"44211:503102753","meshCode":"503102753","cityCode":"44211","city":"宇佐市","lat":33.3979167,"lon":131.315625,"areaKm2":0.2687048,"populated2020":true,"population2020":7.0559,"populationNote":"2020年基準人口（国交省調整値）"},"geometry":{"type":"Polygon","coordinates":[[[131.3125,33.395833333333336],[131.3125,33.4],[131.31875,33.400000000000006],[131.31875,33.395833333333336],[131.3125,33.395833333333336]]]}},{"type":"Feature","id":"44211:503102754","properties":{"id":"44211:503102754","meshCode":"503102754","cityCode":"44211","city":"宇佐市","lat":33.3979167,"lon":131.321875,"areaKm2":0.2687048,"populated2020":false,"population2020":null,"populationNote":"境界またぎ・収録外等のため自治体内人口は未集計"},"geometry":{"type":"Polygon","coordinates":[[[131.31875,33.395833333333336],[131.31875,33.400000000000006],[131.325,33.39999999999999],[131.325,33.39583333333333],[131.31875,33.395833333333336]]]}},{"type":"Feature","id":"44211:503102763","properties":{"id":"44211:503102763","meshCode":"503102763","cityCode":"44211","city":"宇佐市","lat":33.3979167,"lon":131.328125,"areaKm2":0.2687048,"populated2020":true,"population2020":25.1823,"populationNote":"2020年基準人口（国交省調整値）"},"geometry":{"type":"Polygon","coordinates":[[[131.325,33.39583333333333],[131.325,33.39999999999999],[131.33125,33.4],[131.33125,33.395833333333336],[131.325,33.39583333333333]]]}},{"type":"Feature","id":"44211:503102764","properties":{"id":"44211:503102764","meshCode":"503102764","cityCode":"44211","city":"宇佐市","lat":33.3979167,"lon":131.334375,"areaKm2":0.2687048,"populated2020":true,"population2020":8.0632,"populationNote":"2020年基準人口（国交省調整値）"},"geometry":{"type":"Polygon","coordinates":[[[131.33125,33.395833333333336],[131.33125,33.4],[131.3375,33.4],[131.3375,33.395833333333336],[131.33125,33.395833333333336]]]}},{"type":"Feature","id":"44211:503102773","properties":{"id":"44211:503102773","meshCode":"503102773","cityCode":"44211","city":"宇佐市","lat":33.3979167,"lon":131.340625,"areaKm2":0.2687048,"populated2020":true,"population2020":77.7908,"populationNote":"2020年基準人口（国交省調整値）"},"geometry":{"type":"Polygon","coordinates":[[[131.3375,33.395833333333336],[131.3375,33.4],[131.34375,33.4],[131.34375,33.39583333333334],[131.3375,33.395833333333336]]]}},{"type":"Feature","id":"44211:503102774","properties":{"id":"44211:503102774","meshCode":"503102774","cityCode":"44211","city":"宇佐市","lat":33.3979167,"lon":131.346875,"areaKm2":0.2687048,"populated2020":true,"population2020":9.0796,"populationNote":"2020年基準人口（国交省調整値）"},"geometry":{"type":"Polygon","coordinates":[[[131.34375,33.39583333333334],[131.34375,33.4],[131.35,33.39999999999999],[131.35,33.39583333333333],[131.34375,33.39583333333334]]]}},{"type":"Feature","id":"44211:503102783","properties":{"id":"44211:503102783","meshCode":"503102783","cityCode":"44211","city":"宇佐市","lat":33.3979167,"lon":131.353125,"areaKm2":0.2687048,"populated2020":false,"population2020":null,"populationNote":"境界またぎ・収録外等のため自治体内人口は未集計"},"geometry":{"type":"Polygon","coordinates":[[[131.35,33.39583333333333],[131.35,33.39999999999999],[131.35625000000002,33.400000000000006],[131.35625000000002,33.395833333333336],[131.35,33.39583333333333]]]}},{"type":"Feature","id":"44211:503102784","properties":{"id":"44211:503102784","meshCode":"503102784","cityCode":"44211","city":"宇佐市","lat":33.3979167,"lon":131.359375,"areaKm2":0.2687048,"populated2020":true,"population2020":9.0539,"populationNote":"2020年基準人口（国交省調整値）"},"geometry":{"type":"Polygon","coordinates":[[[131.35625000000002,33.395833333333336],[131.35625000000002,33.400000000000006],[131.3625,33.39999999999999],[131.3625,33.395833333333336],[131.35625000000002,33.395833333333336]]]}},{"type":"Feature","id":"44211:503102793","properties":{"id":"44211:503102793","meshCode":"503102793","cityCode":"44211","city":"宇佐市","lat":33.3979167,"lon":131.365625,"areaKm2":0.2687048,"populated2020":true,"population2020":14.0937,"populationNote":"2020年基準人口（国交省調整値）"},"geometry":{"type":"Polygon","coordinates":[[[131.3625,33.395833333333336],[131.3625,33.39999999999999],[131.36875,33.4],[131.36875,33.395833333333336],[131.3625,33.395833333333336]]]}},{"type":"Feature","id":"44211:503102794","properties":{"id":"44211:503102794","meshCode":"503102794","cityCode":"44211","city":"宇佐市","lat":33.3979167,"lon":131.371875,"areaKm2":0.2687048,"populated2020":true,"population2020":26.1806,"populationNote":"2020年基準人口（国交省調整値）"},"geometry":{"type":"Polygon","coordinates":[[[131.36875,33.395833333333336],[131.36875,33.4],[131.375,33.4],[131.375,33.395833333333336],[131.36875,33.395833333333336]]]}},{"type":"Feature","id":"44211:503103703","properties":{"id":"44211:503103703","meshCode":"503103703","cityCode":"44211","city":"宇佐市","lat":33.3979167,"lon":131.378125,"areaKm2":0.2687048,"populated2020":true,"population2020":4.0253,"populationNote":"2020年基準人口（国交省調整値）"},"geometry":{"type":"Polygon","coordinates":[[[131.375,33.395833333333336],[131.375,33.4],[131.38125,33.4],[131.38125,33.395833333333336],[131.375,33.395833333333336]]]}},{"type":"Feature","id":"44211:503103704","properties":{"id":"44211:503103704","meshCode":"503103704","cityCode":"44211","city":"宇佐市","lat":33.3979167,"lon":131.384375,"areaKm2":0.2687048,"populated2020":true,"population2020":27.1931,"populationNote":"2020年基準人口（国交省調整値）"},"geometry":{"type":"Polygon","coordinates":[[[131.38125,33.395833333333336],[131.38125,33.4],[131.3875,33.39999999999999],[131.3875,33.395833333333336],[131.38125,33.395833333333336]]]}},{"type":"Feature","id":"44211:503103713","properties":{"id":"44211:503103713","meshCode":"503103713","cityCode":"44211","city":"宇佐市","lat":33.3979167,"lon":131.390625,"areaKm2":0.2687048,"populated2020":true,"population2020":10.0608,"populationNote":"2020年基準人口（国交省調整値）"},"geometry":{"type":"Polygon","coordinates":[[[131.3875,33.395833333333336],[131.3875,33.39999999999999],[131.39375,33.4],[131.39375,33.39583333333334],[131.3875,33.395833333333336]]]}},{"type":"Feature","id":"44211:503103714","properties":{"id":"44211:503103714","meshCode":"503103714","cityCode":"44211","city":"宇佐市","lat":33.3979167,"lon":131.396875,"areaKm2":0.2687048,"populated2020":false,"population2020":null,"populationNote":"境界またぎ・収録外等のため自治体内人口は未集計"},"geometry":{"type":"Polygon","coordinates":[[[131.39375,33.39583333333334],[131.39375,33.4],[131.4,33.4],[131.4,33.395833333333336],[131.39375,33.39583333333334]]]}},{"type":"Feature","id":"44211:503103723","properties":{"id":"44211:503103723","meshCode":"503103723","cityCode":"44211","city":"宇佐市","lat":33.3979167,"lon":131.403125,"areaKm2":0.2687048,"populated2020":false,"population2020":null,"populationNote":"境界またぎ・収録外等のため自治体内人口は未集計"},"geometry":{"type":"Polygon","coordinates":[[[131.4,33.395833333333336],[131.4,33.4],[131.40625,33.4],[131.40625,33.395833333333336],[131.4,33.395833333333336]]]}},{"type":"Feature","id":"44211:503103724","properties":{"id":"44211:503103724","meshCode":"503103724","cityCode":"44211","city":"宇佐市","lat":33.3979167,"lon":131.409375,"areaKm2":0.2687048,"populated2020":true,"population2020":21.1133,"populationNote":"2020年基準人口（国交省調整値）"},"geometry":{"type":"Polygon","coordinates":[[[131.40625,33.395833333333336],[131.40625,33.4],[131.4125,33.4],[131.4125,33.395833333333336],[131.40625,33.395833333333336]]]}},{"type":"Feature","id":"44211:503103733","properties":{"id":"44211:503103733","meshCode":"503103733","cityCode":"44211","city":"宇佐市","lat":33.3978686,"lon":131.4129871,"areaKm2":0.0743641,"populated2020":true,"population2020":null,"populationNote":"境界またぎ・収録外等のため自治体内人口は未集計"},"geometry":{"type":"Polygon","coordinates":[[[131.416981946,33.399973054],[131.415355551,33.399044440999994],[131.413554449,33.398186387],[131.413436394,33.397978333],[131.413526109,33.39766222499999],[131.413200272,33.397361387],[131.41319083,33.397208892],[131.413209728,33.397057495],[131.413445837,33.39680110799999],[131.413478885,33.396403333],[131.4128245590609,33.39583333333333],[131.4125,33.395833333333336],[131.4125,33.4],[131.416981946,33.399973054]]]}},{"type":"Feature","id":"44211:503101881","properties":{"id":"44211:503101881","meshCode":"503101881","cityCode":"44211","city":"宇佐市","lat":33.4020768,"lon":131.2306558,"areaKm2":0.0832608,"populated2020":false,"population2020":null,"populationNote":"境界またぎ・収録外等のため自治体内人口は未集計"},"geometry":{"type":"Polygon","coordinates":[[[131.229396783,33.4],[131.229343606,33.400942775],[131.230071115,33.401737775],[131.230085551,33.401986945999994],[131.230000558,33.40225861300001],[131.22942221800002,33.402484162],[131.229135551,33.402764162],[131.228648612,33.403501946],[131.228563606,33.40386972099999],[131.22862047841954,33.40416666666667],[131.23125,33.40416666666667],[131.23125,33.4],[131.229396783,33.4]]]}},{"type":"Feature","id":"44211:503101882","properties":{"id":"44211:503101882","meshCode":"503101882","cityCode":"44211","city":"宇佐市","lat":33.4020833,"lon":131.234375,"areaKm2":0.2686922,"populated2020":false,"population2020":null,"populationNote":"境界またぎ・収録外等のため自治体内人口は未集計"},"geometry":{"type":"Polygon","coordinates":[[[131.23125,33.4],[131.23125,33.40416666666667],[131.2375,33.40416666666666],[131.2375,33.39999999999999],[131.23125,33.4]]]}},{"type":"Feature","id":"44211:503101891","properties":{"id":"44211:503101891","meshCode":"503101891","cityCode":"44211","city":"宇佐市","lat":33.4020833,"lon":131.240625,"areaKm2":0.2686922,"populated2020":true,"population2020":12.108,"populationNote":"2020年基準人口（国交省調整値）"},"geometry":{"type":"Polygon","coordinates":[[[131.2375,33.39999999999999],[131.2375,33.40416666666666],[131.24375,33.40416666666666],[131.24375,33.400000000000006],[131.2375,33.39999999999999]]]}},{"type":"Feature","id":"44211:503101892","properties":{"id":"44211:503101892","meshCode":"503101892","cityCode":"44211","city":"宇佐市","lat":33.4020833,"lon":131.246875,"areaKm2":0.2686922,"populated2020":false,"population2020":null,"populationNote":"境界またぎ・収録外等のため自治体内人口は未集計"},"geometry":{"type":"Polygon","coordinates":[[[131.24375,33.400000000000006],[131.24375,33.40416666666666],[131.25,33.40416666666666],[131.25,33.4],[131.24375,33.400000000000006]]]}},{"type":"Feature","id":"44211:503102801","properties":{"id":"44211:503102801","meshCode":"503102801","cityCode":"44211","city":"宇佐市","lat":33.4020833,"lon":131.253125,"areaKm2":0.2686922,"populated2020":false,"population2020":null,"populationNote":"境界またぎ・収録外等のため自治体内人口は未集計"},"geometry":{"type":"Polygon","coordinates":[[[131.25,33.4],[131.25,33.40416666666666],[131.25625,33.40416666666667],[131.25625,33.4],[131.25,33.4]]]}},{"type":"Feature","id":"44211:503102802","properties":{"id":"44211:503102802","meshCode":"503102802","cityCode":"44211","city":"宇佐市","lat":33.4020833,"lon":131.259375,"areaKm2":0.2686922,"populated2020":false,"population2020":null,"populationNote":"境界またぎ・収録外等のため自治体内人口は未集計"},"geometry":{"type":"Polygon","coordinates":[[[131.25625,33.4],[131.25625,33.40416666666667],[131.2625,33.40416666666666],[131.2625,33.400000000000006],[131.25625,33.4]]]}},{"type":"Feature","id":"44211:503102811","properties":{"id":"44211:503102811","meshCode":"503102811","cityCode":"44211","city":"宇佐市","lat":33.4020833,"lon":131.265625,"areaKm2":0.2686922,"populated2020":false,"population2020":null,"populationNote":"境界またぎ・収録外等のため自治体内人口は未集計"},"geometry":{"type":"Polygon","coordinates":[[[131.2625,33.400000000000006],[131.2625,33.40416666666666],[131.26875,33.40416666666667],[131.26875,33.4],[131.2625,33.400000000000006]]]}},{"type":"Feature","id":"44211:503102812","properties":{"id":"44211:503102812","meshCode":"503102812","cityCode":"44211","city":"宇佐市","lat":33.4020833,"lon":131.271875,"areaKm2":0.2686922,"populated2020":true,"population2020":6.0655,"populationNote":"2020年基準人口（国交省調整値）"},"geometry":{"type":"Polygon","coordinates":[[[131.26875,33.4],[131.26875,33.40416666666667],[131.275,33.40416666666667],[131.275,33.4],[131.26875,33.4]]]}},{"type":"Feature","id":"44211:503102821","properties":{"id":"44211:503102821","meshCode":"503102821","cityCode":"44211","city":"宇佐市","lat":33.4020833,"lon":131.278125,"areaKm2":0.2686922,"populated2020":true,"population2020":10.0717,"populationNote":"2020年基準人口（国交省調整値）"},"geometry":{"type":"Polygon","coordinates":[[[131.275,33.4],[131.275,33.40416666666667],[131.28125,33.40416666666667],[131.28125,33.4],[131.275,33.4]]]}},{"type":"Feature","id":"44211:503102822","properties":{"id":"44211:503102822","meshCode":"503102822","cityCode":"44211","city":"宇佐市","lat":33.4020833,"lon":131.284375,"areaKm2":0.2686922,"populated2020":true,"population2020":17.1173,"populationNote":"2020年基準人口（国交省調整値）"},"geometry":{"type":"Polygon","coordinates":[[[131.28125,33.4],[131.28125,33.40416666666667],[131.2875,33.40416666666666],[131.2875,33.4],[131.28125,33.4]]]}},{"type":"Feature","id":"44211:503102831","properties":{"id":"44211:503102831","meshCode":"503102831","cityCode":"44211","city":"宇佐市","lat":33.4020833,"lon":131.290625,"areaKm2":0.2686922,"populated2020":true,"population2020":12.1238,"populationNote":"2020年基準人口（国交省調整値）"},"geometry":{"type":"Polygon","coordinates":[[[131.2875,33.4],[131.2875,33.40416666666666],[131.29375,33.40416666666667],[131.29375,33.4],[131.2875,33.4]]]}},{"type":"Feature","id":"44211:503102832","properties":{"id":"44211:503102832","meshCode":"503102832","cityCode":"44211","city":"宇佐市","lat":33.4020833,"lon":131.296875,"areaKm2":0.2686922,"populated2020":true,"population2020":9.111,"populationNote":"2020年基準人口（国交省調整値）"},"geometry":{"type":"Polygon","coordinates":[[[131.29375,33.4],[131.29375,33.40416666666667],[131.30000000000004,33.40416666666667],[131.30000000000004,33.4],[131.29375,33.4]]]}},{"type":"Feature","id":"44211:503102841","properties":{"id":"44211:503102841","meshCode":"503102841","cityCode":"44211","city":"宇佐市","lat":33.4020833,"lon":131.303125,"areaKm2":0.2686922,"populated2020":true,"population2020":6.0498,"populationNote":"2020年基準人口（国交省調整値）"},"geometry":{"type":"Polygon","coordinates":[[[131.30000000000004,33.4],[131.30000000000004,33.40416666666667],[131.30625,33.40416666666666],[131.30625,33.4],[131.30000000000004,33.4]]]}},{"type":"Feature","id":"44211:503102842","properties":{"id":"44211:503102842","meshCode":"503102842","cityCode":"44211","city":"宇佐市","lat":33.4020833,"lon":131.309375,"areaKm2":0.2686922,"populated2020":true,"population2020":41.3725,"populationNote":"2020年基準人口（国交省調整値）"},"geometry":{"type":"Polygon","coordinates":[[[131.30625,33.4],[131.30625,33.40416666666666],[131.3125,33.40416666666666],[131.3125,33.4],[131.30625,33.4]]]}},{"type":"Feature","id":"44211:503102851","properties":{"id":"44211:503102851","meshCode":"503102851","cityCode":"44211","city":"宇佐市","lat":33.4020833,"lon":131.315625,"areaKm2":0.2686922,"populated2020":true,"population2020":18.1881,"populationNote":"2020年基準人口（国交省調整値）"},"geometry":{"type":"Polygon","coordinates":[[[131.3125,33.4],[131.3125,33.40416666666666],[131.31875,33.40416666666667],[131.31875,33.400000000000006],[131.3125,33.4]]]}},{"type":"Feature","id":"44211:503102852","properties":{"id":"44211:503102852","meshCode":"503102852","cityCode":"44211","city":"宇佐市","lat":33.4020833,"lon":131.321875,"areaKm2":0.2686922,"populated2020":false,"population2020":null,"populationNote":"境界またぎ・収録外等のため自治体内人口は未集計"},"geometry":{"type":"Polygon","coordinates":[[[131.31875,33.400000000000006],[131.31875,33.40416666666667],[131.325,33.40416666666667],[131.325,33.39999999999999],[131.31875,33.400000000000006]]]}},{"type":"Feature","id":"44211:503102861","properties":{"id":"44211:503102861","meshCode":"503102861","cityCode":"44211","city":"宇佐市","lat":33.4020833,"lon":131.328125,"areaKm2":0.2686922,"populated2020":true,"population2020":9.0811,"populationNote":"2020年基準人口（国交省調整値）"},"geometry":{"type":"Polygon","coordinates":[[[131.325,33.39999999999999],[131.325,33.40416666666667],[131.33125,33.40416666666667],[131.33125,33.4],[131.325,33.39999999999999]]]}},{"type":"Feature","id":"44211:503102862","properties":{"id":"44211:503102862","meshCode":"503102862","cityCode":"44211","city":"宇佐市","lat":33.4020833,"lon":131.334375,"areaKm2":0.2686922,"populated2020":true,"population2020":3.0252,"populationNote":"2020年基準人口（国交省調整値）"},"geometry":{"type":"Polygon","coordinates":[[[131.33125,33.4],[131.33125,33.40416666666667],[131.3375,33.40416666666667],[131.3375,33.4],[131.33125,33.4]]]}},{"type":"Feature","id":"44211:503102871","properties":{"id":"44211:503102871","meshCode":"503102871","cityCode":"44211","city":"宇佐市","lat":33.4020833,"lon":131.340625,"areaKm2":0.2686922,"populated2020":true,"population2020":48.3087,"populationNote":"2020年基準人口（国交省調整値）"},"geometry":{"type":"Polygon","coordinates":[[[131.3375,33.4],[131.3375,33.40416666666667],[131.34375,33.40416666666667],[131.34375,33.4],[131.3375,33.4]]]}},{"type":"Feature","id":"44211:503102872","properties":{"id":"44211:503102872","meshCode":"503102872","cityCode":"44211","city":"宇佐市","lat":33.4020833,"lon":131.346875,"areaKm2":0.2686922,"populated2020":true,"population2020":15.1404,"populationNote":"2020年基準人口（国交省調整値）"},"geometry":{"type":"Polygon","coordinates":[[[131.34375,33.4],[131.34375,33.40416666666667],[131.35,33.40416666666666],[131.35,33.39999999999999],[131.34375,33.4]]]}},{"type":"Feature","id":"44211:503102881","properties":{"id":"44211:503102881","meshCode":"503102881","cityCode":"44211","city":"宇佐市","lat":33.4020833,"lon":131.353125,"areaKm2":0.2686922,"populated2020":true,"population2020":26.2191,"populationNote":"2020年基準人口（国交省調整値）"},"geometry":{"type":"Polygon","coordinates":[[[131.35,33.39999999999999],[131.35,33.40416666666666],[131.35625000000002,33.40416666666667],[131.35625000000002,33.400000000000006],[131.35,33.39999999999999]]]}},{"type":"Feature","id":"44211:503102882","properties":{"id":"44211:503102882","meshCode":"503102882","cityCode":"44211","city":"宇佐市","lat":33.4020833,"lon":131.359375,"areaKm2":0.2686922,"populated2020":false,"population2020":null,"populationNote":"境界またぎ・収録外等のため自治体内人口は未集計"},"geometry":{"type":"Polygon","coordinates":[[[131.35625000000002,33.400000000000006],[131.35625000000002,33.40416666666667],[131.3625,33.40416666666667],[131.3625,33.39999999999999],[131.35625000000002,33.400000000000006]]]}},{"type":"Feature","id":"44211:503102891","properties":{"id":"44211:503102891","meshCode":"503102891","cityCode":"44211","city":"宇佐市","lat":33.4020833,"lon":131.365625,"areaKm2":0.2686922,"populated2020":true,"population2020":18.1209,"populationNote":"2020年基準人口（国交省調整値）"},"geometry":{"type":"Polygon","coordinates":[[[131.3625,33.39999999999999],[131.3625,33.40416666666667],[131.36875,33.40416666666666],[131.36875,33.4],[131.3625,33.39999999999999]]]}},{"type":"Feature","id":"44211:503102892","properties":{"id":"44211:503102892","meshCode":"503102892","cityCode":"44211","city":"宇佐市","lat":33.4020833,"lon":131.371875,"areaKm2":0.2686922,"populated2020":false,"population2020":null,"populationNote":"境界またぎ・収録外等のため自治体内人口は未集計"},"geometry":{"type":"Polygon","coordinates":[[[131.36875,33.4],[131.36875,33.40416666666666],[131.375,33.40416666666667],[131.375,33.4],[131.36875,33.4]]]}},{"type":"Feature","id":"44211:503103801","properties":{"id":"44211:503103801","meshCode":"503103801","cityCode":"44211","city":"宇佐市","lat":33.4020833,"lon":131.378125,"areaKm2":0.2686922,"populated2020":false,"population2020":null,"populationNote":"境界またぎ・収録外等のため自治体内人口は未集計"},"geometry":{"type":"Polygon","coordinates":[[[131.375,33.4],[131.375,33.40416666666667],[131.38125,33.40416666666666],[131.38125,33.4],[131.375,33.4]]]}},{"type":"Feature","id":"44211:503103802","properties":{"id":"44211:503103802","meshCode":"503103802","cityCode":"44211","city":"宇佐市","lat":33.4020833,"lon":131.384375,"areaKm2":0.2686922,"populated2020":true,"population2020":7.045,"populationNote":"2020年基準人口（国交省調整値）"},"geometry":{"type":"Polygon","coordinates":[[[131.38125,33.4],[131.38125,33.40416666666666],[131.3875,33.40416666666667],[131.3875,33.39999999999999],[131.38125,33.4]]]}},{"type":"Feature","id":"44211:503103811","properties":{"id":"44211:503103811","meshCode":"503103811","cityCode":"44211","city":"宇佐市","lat":33.4020833,"lon":131.390625,"areaKm2":0.2686922,"populated2020":true,"population2020":57.4404,"populationNote":"2020年基準人口（国交省調整値）"},"geometry":{"type":"Polygon","coordinates":[[[131.3875,33.39999999999999],[131.3875,33.40416666666667],[131.39375,33.40416666666667],[131.39375,33.4],[131.3875,33.39999999999999]]]}},{"type":"Feature","id":"44211:503103812","properties":{"id":"44211:503103812","meshCode":"503103812","cityCode":"44211","city":"宇佐市","lat":33.4020833,"lon":131.396875,"areaKm2":0.2686922,"populated2020":true,"population2020":1.0027,"populationNote":"2020年基準人口（国交省調整値）"},"geometry":{"type":"Polygon","coordinates":[[[131.39375,33.4],[131.39375,33.40416666666667],[131.4,33.40416666666667],[131.4,33.4],[131.39375,33.4]]]}},{"type":"Feature","id":"44211:503103821","properties":{"id":"44211:503103821","meshCode":"503103821","cityCode":"44211","city":"宇佐市","lat":33.4020833,"lon":131.403125,"areaKm2":0.2686922,"populated2020":false,"population2020":null,"populationNote":"境界またぎ・収録外等のため自治体内人口は未集計"},"geometry":{"type":"Polygon","coordinates":[[[131.4,33.4],[131.4,33.40416666666667],[131.40625,33.40416666666666],[131.40625,33.4],[131.4,33.4]]]}},{"type":"Feature","id":"44211:503103822","properties":{"id":"44211:503103822","meshCode":"503103822","cityCode":"44211","city":"宇佐市","lat":33.4020833,"lon":131.409375,"areaKm2":0.2686922,"populated2020":true,"population2020":18.1473,"populationNote":"2020年基準人口（国交省調整値）"},"geometry":{"type":"Polygon","coordinates":[[[131.40625,33.4],[131.40625,33.40416666666666],[131.4125,33.404166666666676],[131.4125,33.4],[131.40625,33.4]]]}},{"type":"Feature","id":"44211:503103831","properties":{"id":"44211:503103831","meshCode":"503103831","cityCode":"44211","city":"宇佐市","lat":33.4020833,"lon":131.415625,"areaKm2":0.2548304,"populated2020":true,"population2020":null,"populationNote":"境界またぎ・収録外等のため自治体内人口は未集計"},"geometry":{"type":"Polygon","coordinates":[[[131.418459442,33.401135],[131.417793061,33.400863892000004],[131.417010143,33.39999999999999],[131.4125,33.4],[131.4125,33.404166666666676],[131.41875,33.40416666666667],[131.41875,33.40117560104622],[131.418459442,33.401135]]]}},{"type":"Feature","id":"44211:503103832","properties":{"id":"44211:503103832","meshCode":"503103832","cityCode":"44211","city":"宇佐市","lat":33.4027614,"lon":131.4189706,"areaKm2":0.0175737,"populated2020":true,"population2020":null,"populationNote":"境界またぎ・収録外等のため自治体内人口は未集計"},"geometry":{"type":"Polygon","coordinates":[[[131.41909915760482,33.40416666666666],[131.418887497,33.40354555900001],[131.418956667,33.403038892],[131.41969917,33.402140829],[131.419944721,33.401464162],[131.419853333,33.401352775],[131.41875,33.40117560104622],[131.41875,33.40416666666667],[131.41909915760482,33.40416666666666]]]}},{"type":"Feature","id":"44211:503101883","properties":{"id":"44211:503101883","meshCode":"503101883","cityCode":"44211","city":"宇佐市","lat":33.40625,"lon":131.228125,"areaKm2":0.1744015,"populated2020":false,"population2020":null,"populationNote":"境界またぎ・収録外等のため自治体内人口は未集計"},"geometry":{"type":"Polygon","coordinates":[[[131.228621946,33.404170559],[131.229094994,33.405130279000005],[131.229063333,33.40541861300001],[131.228808885,33.405650829],[131.228288885,33.405913891999994],[131.227901388,33.406210558999994],[131.22737083,33.406118613],[131.227052218,33.40623582900001],[131.226262218,33.406187775],[131.225911946,33.406317224999995],[131.225890558,33.406918892],[131.225556109,33.407695559],[131.22542075187496,33.408333333333324],[131.23125,33.40833333333333],[131.23125,33.40416666666667],[131.228621946,33.404170559]]]}},{"type":"Feature","id":"44211:503101884","properties":{"id":"44211:503101884","meshCode":"503101884","cityCode":"44211","city":"宇佐市","lat":33.40625,"lon":131.234375,"areaKm2":0.2686795,"populated2020":false,"population2020":null,"populationNote":"境界またぎ・収録外等のため自治体内人口は未集計"},"geometry":{"type":"Polygon","coordinates":[[[131.23125,33.40416666666667],[131.23125,33.40833333333333],[131.2375,33.40833333333333],[131.2375,33.40416666666666],[131.23125,33.40416666666667]]]}},{"type":"Feature","id":"44211:503101893","properties":{"id":"44211:503101893","meshCode":"503101893","cityCode":"44211","city":"宇佐市","lat":33.40625,"lon":131.240625,"areaKm2":0.2686795,"populated2020":false,"population2020":null,"populationNote":"境界またぎ・収録外等のため自治体内人口は未集計"},"geometry":{"type":"Polygon","coordinates":[[[131.2375,33.40416666666666],[131.2375,33.40833333333333],[131.24375,33.40833333333333],[131.24375,33.40416666666666],[131.2375,33.40416666666666]]]}},{"type":"Feature","id":"44211:503101894","properties":{"id":"44211:503101894","meshCode":"503101894","cityCode":"44211","city":"宇佐市","lat":33.40625,"lon":131.246875,"areaKm2":0.2686795,"populated2020":false,"population2020":null,"populationNote":"境界またぎ・収録外等のため自治体内人口は未集計"},"geometry":{"type":"Polygon","coordinates":[[[131.24375,33.40416666666666],[131.24375,33.40833333333333],[131.25,33.40833333333333],[131.25,33.40416666666666],[131.24375,33.40416666666666]]]}},{"type":"Feature","id":"44211:503102803","properties":{"id":"44211:503102803","meshCode":"503102803","cityCode":"44211","city":"宇佐市","lat":33.40625,"lon":131.253125,"areaKm2":0.2686795,"populated2020":false,"population2020":null,"populationNote":"境界またぎ・収録外等のため自治体内人口は未集計"},"geometry":{"type":"Polygon","coordinates":[[[131.25,33.40416666666666],[131.25,33.40833333333333],[131.25625,33.408333333333324],[131.25625,33.40416666666667],[131.25,33.40416666666666]]]}},{"type":"Feature","id":"44211:503102804","properties":{"id":"44211:503102804","meshCode":"503102804","cityCode":"44211","city":"宇佐市","lat":33.40625,"lon":131.259375,"areaKm2":0.2686795,"populated2020":true,"population2020":2.02,"populationNote":"2020年基準人口（国交省調整値）"},"geometry":{"type":"Polygon","coordinates":[[[131.25625,33.40416666666667],[131.25625,33.408333333333324],[131.2625,33.40833333333333],[131.2625,33.40416666666666],[131.25625,33.40416666666667]]]}},{"type":"Feature","id":"44211:503102813","properties":{"id":"44211:503102813","meshCode":"503102813","cityCode":"44211","city":"宇佐市","lat":33.40625,"lon":131.265625,"areaKm2":0.2686795,"populated2020":true,"population2020":6.0431,"populationNote":"2020年基準人口（国交省調整値）"},"geometry":{"type":"Polygon","coordinates":[[[131.2625,33.40416666666666],[131.2625,33.40833333333333],[131.26875,33.40833333333333],[131.26875,33.40416666666667],[131.2625,33.40416666666666]]]}},{"type":"Feature","id":"44211:503102814","properties":{"id":"44211:503102814","meshCode":"503102814","cityCode":"44211","city":"宇佐市","lat":33.40625,"lon":131.271875,"areaKm2":0.2686795,"populated2020":true,"population2020":4.013,"populationNote":"2020年基準人口（国交省調整値）"},"geometry":{"type":"Polygon","coordinates":[[[131.26875,33.40416666666667],[131.26875,33.40833333333333],[131.275,33.40833333333333],[131.275,33.40416666666667],[131.26875,33.40416666666667]]]}},{"type":"Feature","id":"44211:503102823","properties":{"id":"44211:503102823","meshCode":"503102823","cityCode":"44211","city":"宇佐市","lat":33.40625,"lon":131.278125,"areaKm2":0.2686795,"populated2020":false,"population2020":null,"populationNote":"境界またぎ・収録外等のため自治体内人口は未集計"},"geometry":{"type":"Polygon","coordinates":[[[131.275,33.40416666666667],[131.275,33.40833333333333],[131.28125,33.408333333333324],[131.28125,33.40416666666667],[131.275,33.40416666666667]]]}},{"type":"Feature","id":"44211:503102824","properties":{"id":"44211:503102824","meshCode":"503102824","cityCode":"44211","city":"宇佐市","lat":33.40625,"lon":131.284375,"areaKm2":0.2686795,"populated2020":false,"population2020":null,"populationNote":"境界またぎ・収録外等のため自治体内人口は未集計"},"geometry":{"type":"Polygon","coordinates":[[[131.28125,33.40416666666667],[131.28125,33.408333333333324],[131.2875,33.408333333333324],[131.2875,33.40416666666666],[131.28125,33.40416666666667]]]}},{"type":"Feature","id":"44211:503102833","properties":{"id":"44211:503102833","meshCode":"503102833","cityCode":"44211","city":"宇佐市","lat":33.40625,"lon":131.290625,"areaKm2":0.2686795,"populated2020":false,"population2020":null,"populationNote":"境界またぎ・収録外等のため自治体内人口は未集計"},"geometry":{"type":"Polygon","coordinates":[[[131.2875,33.40416666666666],[131.2875,33.408333333333324],[131.29375,33.408333333333324],[131.29375,33.40416666666667],[131.2875,33.40416666666666]]]}},{"type":"Feature","id":"44211:503102834","properties":{"id":"44211:503102834","meshCode":"503102834","cityCode":"44211","city":"宇佐市","lat":33.40625,"lon":131.296875,"areaKm2":0.2686795,"populated2020":false,"population2020":null,"populationNote":"境界またぎ・収録外等のため自治体内人口は未集計"},"geometry":{"type":"Polygon","coordinates":[[[131.29375,33.40416666666667],[131.29375,33.408333333333324],[131.30000000000004,33.40833333333333],[131.30000000000004,33.40416666666667],[131.29375,33.40416666666667]]]}},{"type":"Feature","id":"44211:503102843","properties":{"id":"44211:503102843","meshCode":"503102843","cityCode":"44211","city":"宇佐市","lat":33.40625,"lon":131.303125,"areaKm2":0.2686795,"populated2020":false,"population2020":null,"populationNote":"境界またぎ・収録外等のため自治体内人口は未集計"},"geometry":{"type":"Polygon","coordinates":[[[131.30000000000004,33.40416666666667],[131.30000000000004,33.40833333333333],[131.30625,33.40833333333333],[131.30625,33.40416666666666],[131.30000000000004,33.40416666666667]]]}},{"type":"Feature","id":"44211:503102844","properties":{"id":"44211:503102844","meshCode":"503102844","cityCode":"44211","city":"宇佐市","lat":33.40625,"lon":131.309375,"areaKm2":0.2686795,"populated2020":true,"population2020":13.1027,"populationNote":"2020年基準人口（国交省調整値）"},"geometry":{"type":"Polygon","coordinates":[[[131.30625,33.40416666666666],[131.30625,33.40833333333333],[131.3125,33.40833333333333],[131.3125,33.40416666666666],[131.30625,33.40416666666666]]]}},{"type":"Feature","id":"44211:503102853","properties":{"id":"44211:503102853","meshCode":"503102853","cityCode":"44211","city":"宇佐市","lat":33.40625,"lon":131.315625,"areaKm2":0.2686795,"populated2020":true,"population2020":4.036,"populationNote":"2020年基準人口（国交省調整値）"},"geometry":{"type":"Polygon","coordinates":[[[131.3125,33.40416666666666],[131.3125,33.40833333333333],[131.31875,33.408333333333324],[131.31875,33.40416666666667],[131.3125,33.40416666666666]]]}},{"type":"Feature","id":"44211:503102854","properties":{"id":"44211:503102854","meshCode":"503102854","cityCode":"44211","city":"宇佐市","lat":33.40625,"lon":131.321875,"areaKm2":0.2686795,"populated2020":false,"population2020":null,"populationNote":"境界またぎ・収録外等のため自治体内人口は未集計"},"geometry":{"type":"Polygon","coordinates":[[[131.31875,33.40416666666667],[131.31875,33.408333333333324],[131.325,33.408333333333324],[131.325,33.40416666666667],[131.31875,33.40416666666667]]]}},{"type":"Feature","id":"44211:503102863","properties":{"id":"44211:503102863","meshCode":"503102863","cityCode":"44211","city":"宇佐市","lat":33.40625,"lon":131.328125,"areaKm2":0.2686795,"populated2020":true,"population2020":36.2002,"populationNote":"2020年基準人口（国交省調整値）"},"geometry":{"type":"Polygon","coordinates":[[[131.325,33.40416666666667],[131.325,33.408333333333324],[131.33125,33.40833333333333],[131.33125,33.40416666666667],[131.325,33.40416666666667]]]}},{"type":"Feature","id":"44211:503102864","properties":{"id":"44211:503102864","meshCode":"503102864","cityCode":"44211","city":"宇佐市","lat":33.40625,"lon":131.334375,"areaKm2":0.2686795,"populated2020":true,"population2020":18.1743,"populationNote":"2020年基準人口（国交省調整値）"},"geometry":{"type":"Polygon","coordinates":[[[131.33125,33.40416666666667],[131.33125,33.40833333333333],[131.3375,33.408333333333324],[131.3375,33.40416666666667],[131.33125,33.40416666666667]]]}},{"type":"Feature","id":"44211:503102873","properties":{"id":"44211:503102873","meshCode":"503102873","cityCode":"44211","city":"宇佐市","lat":33.40625,"lon":131.340625,"areaKm2":0.2686795,"populated2020":true,"population2020":24.2353,"populationNote":"2020年基準人口（国交省調整値）"},"geometry":{"type":"Polygon","coordinates":[[[131.3375,33.40416666666667],[131.3375,33.408333333333324],[131.34375,33.408333333333324],[131.34375,33.40416666666667],[131.3375,33.40416666666667]]]}},{"type":"Feature","id":"44211:503102874","properties":{"id":"44211:503102874","meshCode":"503102874","cityCode":"44211","city":"宇佐市","lat":33.40625,"lon":131.346875,"areaKm2":0.2686795,"populated2020":true,"population2020":29.2224,"populationNote":"2020年基準人口（国交省調整値）"},"geometry":{"type":"Polygon","coordinates":[[[131.34375,33.40416666666667],[131.34375,33.408333333333324],[131.35,33.40833333333333],[131.35,33.40416666666666],[131.34375,33.40416666666667]]]}},{"type":"Feature","id":"44211:503102883","properties":{"id":"44211:503102883","meshCode":"503102883","cityCode":"44211","city":"宇佐市","lat":33.40625,"lon":131.353125,"areaKm2":0.2686795,"populated2020":true,"population2020":13.1198,"populationNote":"2020年基準人口（国交省調整値）"},"geometry":{"type":"Polygon","coordinates":[[[131.35,33.40416666666666],[131.35,33.40833333333333],[131.35625000000002,33.40833333333333],[131.35625000000002,33.40416666666667],[131.35,33.40416666666666]]]}},{"type":"Feature","id":"44211:503102884","properties":{"id":"44211:503102884","meshCode":"503102884","cityCode":"44211","city":"宇佐市","lat":33.40625,"lon":131.359375,"areaKm2":0.2686795,"populated2020":true,"population2020":10.1099,"populationNote":"2020年基準人口（国交省調整値）"},"geometry":{"type":"Polygon","coordinates":[[[131.35625000000002,33.40416666666667],[131.35625000000002,33.40833333333333],[131.3625,33.40833333333333],[131.3625,33.40416666666667],[131.35625000000002,33.40416666666667]]]}},{"type":"Feature","id":"44211:503102893","properties":{"id":"44211:503102893","meshCode":"503102893","cityCode":"44211","city":"宇佐市","lat":33.40625,"lon":131.365625,"areaKm2":0.2686795,"populated2020":false,"population2020":null,"populationNote":"境界またぎ・収録外等のため自治体内人口は未集計"},"geometry":{"type":"Polygon","coordinates":[[[131.3625,33.40416666666667],[131.3625,33.40833333333333],[131.36875,33.40833333333333],[131.36875,33.40416666666666],[131.3625,33.40416666666667]]]}},{"type":"Feature","id":"44211:503102894","properties":{"id":"44211:503102894","meshCode":"503102894","cityCode":"44211","city":"宇佐市","lat":33.40625,"lon":131.371875,"areaKm2":0.2686795,"populated2020":true,"population2020":3.0318,"populationNote":"2020年基準人口（国交省調整値）"},"geometry":{"type":"Polygon","coordinates":[[[131.36875,33.40416666666666],[131.36875,33.40833333333333],[131.375,33.40833333333333],[131.375,33.40416666666667],[131.36875,33.40416666666666]]]}},{"type":"Feature","id":"44211:503103803","properties":{"id":"44211:503103803","meshCode":"503103803","cityCode":"44211","city":"宇佐市","lat":33.40625,"lon":131.378125,"areaKm2":0.2686795,"populated2020":false,"population2020":null,"populationNote":"境界またぎ・収録外等のため自治体内人口は未集計"},"geometry":{"type":"Polygon","coordinates":[[[131.375,33.40416666666667],[131.375,33.40833333333333],[131.38125,33.408333333333324],[131.38125,33.40416666666666],[131.375,33.40416666666667]]]}},{"type":"Feature","id":"44211:503103804","properties":{"id":"44211:503103804","meshCode":"503103804","cityCode":"44211","city":"宇佐市","lat":33.40625,"lon":131.384375,"areaKm2":0.2686795,"populated2020":true,"population2020":46.389,"populationNote":"2020年基準人口（国交省調整値）"},"geometry":{"type":"Polygon","coordinates":[[[131.38125,33.40416666666666],[131.38125,33.408333333333324],[131.3875,33.40833333333333],[131.3875,33.40416666666667],[131.38125,33.40416666666666]]]}},{"type":"Feature","id":"44211:503103813","properties":{"id":"44211:503103813","meshCode":"503103813","cityCode":"44211","city":"宇佐市","lat":33.40625,"lon":131.390625,"areaKm2":0.2686795,"populated2020":true,"population2020":17.1369,"populationNote":"2020年基準人口（国交省調整値）"},"geometry":{"type":"Polygon","coordinates":[[[131.3875,33.40416666666667],[131.3875,33.40833333333333],[131.39375,33.40833333333333],[131.39375,33.40416666666667],[131.3875,33.40416666666667]]]}},{"type":"Feature","id":"44211:503103814","properties":{"id":"44211:503103814","meshCode":"503103814","cityCode":"44211","city":"宇佐市","lat":33.40625,"lon":131.396875,"areaKm2":0.2686795,"populated2020":true,"population2020":2.0094,"populationNote":"2020年基準人口（国交省調整値）"},"geometry":{"type":"Polygon","coordinates":[[[131.39375,33.40416666666667],[131.39375,33.40833333333333],[131.4,33.40833333333333],[131.4,33.40416666666667],[131.39375,33.40416666666667]]]}},{"type":"Feature","id":"44211:503103823","properties":{"id":"44211:503103823","meshCode":"503103823","cityCode":"44211","city":"宇佐市","lat":33.40625,"lon":131.403125,"areaKm2":0.2686795,"populated2020":true,"population2020":4.0278,"populationNote":"2020年基準人口（国交省調整値）"},"geometry":{"type":"Polygon","coordinates":[[[131.4,33.40416666666667],[131.4,33.40833333333333],[131.40625,33.40833333333333],[131.40625,33.40416666666666],[131.4,33.40416666666667]]]}},{"type":"Feature","id":"44211:503103824","properties":{"id":"44211:503103824","meshCode":"503103824","cityCode":"44211","city":"宇佐市","lat":33.40625,"lon":131.409375,"areaKm2":0.2686795,"populated2020":true,"population2020":20.1141,"populationNote":"2020年基準人口（国交省調整値）"},"geometry":{"type":"Polygon","coordinates":[[[131.40625,33.40416666666666],[131.40625,33.40833333333333],[131.4125,33.40833333333333],[131.4125,33.404166666666676],[131.40625,33.40416666666666]]]}},{"type":"Feature","id":"44211:503103833","properties":{"id":"44211:503103833","meshCode":"503103833","cityCode":"44211","city":"宇佐市","lat":33.40625,"lon":131.415625,"areaKm2":0.26856,"populated2020":true,"population2020":null,"populationNote":"境界またぎ・収録外等のため自治体内人口は未集計"},"geometry":{"type":"Polygon","coordinates":[[[131.41875,33.40833333333333],[131.41875,33.40416666666667],[131.4125,33.404166666666676],[131.4125,33.40833333333333],[131.41875,33.40833333333333]]]}},{"type":"Feature","id":"44211:503103834","properties":{"id":"44211:503103834","meshCode":"503103834","cityCode":"44211","city":"宇佐市","lat":33.4069922,"lon":131.4189008,"areaKm2":0.0104302,"populated2020":false,"population2020":null,"populationNote":"境界またぎ・収録外等のため自治体内人口は未集計"},"geometry":{"type":"MultiPolygon","coordinates":[[[[131.41896725,33.408333333],[131.41911778200003,33.407366945999996],[131.41875,33.40578703202053],[131.41875,33.40833333333333],[131.41896725,33.408333333]]],[[[131.41875,33.40537656370302],[131.419205279,33.404617495],[131.419186394,33.40429555899999],[131.41909915760482,33.40416666666666],[131.41875,33.40416666666667],[131.41875,33.40537656370302]]]]}},{"type":"Feature","id":"44211:503101981","properties":{"id":"44211:503101981","meshCode":"503101981","cityCode":"44211","city":"宇佐市","lat":33.4104167,"lon":131.228125,"areaKm2":0.2083915,"populated2020":false,"population2020":null,"populationNote":"境界またぎ・収録外等のため自治体内人口は未集計"},"geometry":{"type":"Polygon","coordinates":[[[131.22542075187496,33.408333333333324],[131.225089442,33.409231387],[131.225137224,33.409532225],[131.2258,33.409960559],[131.226118612,33.41042000000001],[131.226701115,33.410777495],[131.226892218,33.411061667],[131.227071946,33.411746386999994],[131.227634449,33.41201389199999],[131.22904,33.41215],[131.229342503,33.412329721],[131.22940904476272,33.4125],[131.23125,33.4125],[131.23125,33.40833333333333],[131.22542075187496,33.408333333333324]]]}},{"type":"Feature","id":"44211:503101982","properties":{"id":"44211:503101982","meshCode":"503101982","cityCode":"44211","city":"宇佐市","lat":33.4104167,"lon":131.234375,"areaKm2":0.2427944,"populated2020":false,"population2020":null,"populationNote":"境界またぎ・収録外等のため自治体内人口は未集計"},"geometry":{"type":"Polygon","coordinates":[[[131.23147917,33.412471667],[131.232041115,33.412150559],[131.232232218,33.412213054],[131.23258103153293,33.4125],[131.23493317876594,33.4125],[131.236060272,33.41124582900001],[131.23642111500004,33.411279162],[131.237206667,33.41150472099999],[131.2375,33.411667985731626],[131.2375,33.40833333333333],[131.23125,33.40833333333333],[131.23125,33.4125],[131.23147917,33.412471667]]]}},{"type":"Feature","id":"44211:503101991","properties":{"id":"44211:503101991","meshCode":"503101991","cityCode":"44211","city":"宇佐市","lat":33.4104167,"lon":131.240625,"areaKm2":0.2605827,"populated2020":false,"population2020":null,"populationNote":"境界またぎ・収録外等のため自治体内人口は未集計"},"geometry":{"type":"Polygon","coordinates":[[[131.2375,33.411667985731626],[131.237980558,33.41207666700001],[131.238887782,33.412168613],[131.23965919292715,33.4125],[131.24375,33.4125],[131.24375,33.40833333333333],[131.2375,33.40833333333333],[131.2375,33.411667985731626]]]}},{"type":"Feature","id":"44211:503101992","properties":{"id":"44211:503101992","meshCode":"503101992","cityCode":"44211","city":"宇佐市","lat":33.4104167,"lon":131.246875,"areaKm2":0.207959,"populated2020":false,"population2020":null,"populationNote":"境界またぎ・収録外等のため自治体内人口は未集計"},"geometry":{"type":"Polygon","coordinates":[[[131.2472338367489,33.412499999999994],[131.247266109,33.41228944099999],[131.246868054,33.411767225],[131.247313891,33.411391387],[131.247921946,33.410549721],[131.248927782,33.410328613],[131.24955083,33.409960829000006],[131.249816667,33.409907775],[131.25,33.409961161999995],[131.25,33.40833333333333],[131.24375,33.40833333333333],[131.24375,33.4125],[131.2472338367489,33.412499999999994]]]}},{"type":"Feature","id":"44211:503102901","properties":{"id":"44211:503102901","meshCode":"503102901","cityCode":"44211","city":"宇佐市","lat":33.4104167,"lon":131.253125,"areaKm2":0.2426247,"populated2020":false,"population2020":null,"populationNote":"境界またぎ・収録外等のため自治体内人口は未集計"},"geometry":{"type":"Polygon","coordinates":[[[131.25,33.409961161999995],[131.250764449,33.410768613],[131.251332218,33.411779441],[131.251667497,33.412187225],[131.2515820617449,33.4125],[131.25625,33.4125],[131.25625,33.408333333333324],[131.25,33.40833333333333],[131.25,33.409961161999995]]]}},{"type":"Feature","id":"44211:503102902","properties":{"id":"44211:503102902","meshCode":"503102902","cityCode":"44211","city":"宇佐市","lat":33.4104167,"lon":131.259375,"areaKm2":0.2686669,"populated2020":false,"population2020":null,"populationNote":"境界またぎ・収録外等のため自治体内人口は未集計"},"geometry":{"type":"Polygon","coordinates":[[[131.25625,33.408333333333324],[131.25625,33.4125],[131.2625,33.4125],[131.2625,33.40833333333333],[131.25625,33.408333333333324]]]}},{"type":"Feature","id":"44211:503102911","properties":{"id":"44211:503102911","meshCode":"503102911","cityCode":"44211","city":"宇佐市","lat":33.4104167,"lon":131.265625,"areaKm2":0.2686669,"populated2020":true,"population2020":4.0335,"populationNote":"2020年基準人口（国交省調整値）"},"geometry":{"type":"Polygon","coordinates":[[[131.2625,33.40833333333333],[131.2625,33.4125],[131.26875,33.4125],[131.26875,33.40833333333333],[131.2625,33.40833333333333]]]}},{"type":"Feature","id":"44211:503102912","properties":{"id":"44211:503102912","meshCode":"503102912","cityCode":"44211","city":"宇佐市","lat":33.4104167,"lon":131.271875,"areaKm2":0.2686669,"populated2020":false,"population2020":null,"populationNote":"境界またぎ・収録外等のため自治体内人口は未集計"},"geometry":{"type":"Polygon","coordinates":[[[131.26875,33.40833333333333],[131.26875,33.4125],[131.275,33.412499999999994],[131.275,33.40833333333333],[131.26875,33.40833333333333]]]}},{"type":"Feature","id":"44211:503102921","properties":{"id":"44211:503102921","meshCode":"503102921","cityCode":"44211","city":"宇佐市","lat":33.4104167,"lon":131.278125,"areaKm2":0.2686669,"populated2020":true,"population2020":9.0439,"populationNote":"2020年基準人口（国交省調整値）"},"geometry":{"type":"Polygon","coordinates":[[[131.275,33.40833333333333],[131.275,33.412499999999994],[131.28125,33.4125],[131.28125,33.408333333333324],[131.275,33.40833333333333]]]}},{"type":"Feature","id":"44211:503102922","properties":{"id":"44211:503102922","meshCode":"503102922","cityCode":"44211","city":"宇佐市","lat":33.4104167,"lon":131.284375,"areaKm2":0.2686669,"populated2020":false,"population2020":null,"populationNote":"境界またぎ・収録外等のため自治体内人口は未集計"},"geometry":{"type":"Polygon","coordinates":[[[131.28125,33.408333333333324],[131.28125,33.4125],[131.2875,33.412499999999994],[131.2875,33.408333333333324],[131.28125,33.408333333333324]]]}},{"type":"Feature","id":"44211:503102931","properties":{"id":"44211:503102931","meshCode":"503102931","cityCode":"44211","city":"宇佐市","lat":33.4104167,"lon":131.290625,"areaKm2":0.2686669,"populated2020":true,"population2020":9.0665,"populationNote":"2020年基準人口（国交省調整値）"},"geometry":{"type":"Polygon","coordinates":[[[131.2875,33.408333333333324],[131.2875,33.412499999999994],[131.29375,33.41250000000001],[131.29375,33.408333333333324],[131.2875,33.408333333333324]]]}},{"type":"Feature","id":"44211:503102932","properties":{"id":"44211:503102932","meshCode":"503102932","cityCode":"44211","city":"宇佐市","lat":33.4104167,"lon":131.296875,"areaKm2":0.2686669,"populated2020":true,"population2020":10.1301,"populationNote":"2020年基準人口（国交省調整値）"},"geometry":{"type":"Polygon","coordinates":[[[131.29375,33.408333333333324],[131.29375,33.41250000000001],[131.30000000000004,33.4125],[131.30000000000004,33.40833333333333],[131.29375,33.408333333333324]]]}},{"type":"Feature","id":"44211:503102941","properties":{"id":"44211:503102941","meshCode":"503102941","cityCode":"44211","city":"宇佐市","lat":33.4104167,"lon":131.303125,"areaKm2":0.2686669,"populated2020":true,"population2020":13.0859,"populationNote":"2020年基準人口（国交省調整値）"},"geometry":{"type":"Polygon","coordinates":[[[131.30000000000004,33.40833333333333],[131.30000000000004,33.4125],[131.30625,33.41250000000001],[131.30625,33.40833333333333],[131.30000000000004,33.40833333333333]]]}},{"type":"Feature","id":"44211:503102942","properties":{"id":"44211:503102942","meshCode":"503102942","cityCode":"44211","city":"宇佐市","lat":33.4104167,"lon":131.309375,"areaKm2":0.2686669,"populated2020":false,"population2020":null,"populationNote":"境界またぎ・収録外等のため自治体内人口は未集計"},"geometry":{"type":"Polygon","coordinates":[[[131.30625,33.40833333333333],[131.30625,33.41250000000001],[131.3125,33.412499999999994],[131.3125,33.40833333333333],[131.30625,33.40833333333333]]]}},{"type":"Feature","id":"44211:503102951","properties":{"id":"44211:503102951","meshCode":"503102951","cityCode":"44211","city":"宇佐市","lat":33.4104167,"lon":131.315625,"areaKm2":0.2686669,"populated2020":true,"population2020":12.1235,"populationNote":"2020年基準人口（国交省調整値）"},"geometry":{"type":"Polygon","coordinates":[[[131.3125,33.40833333333333],[131.3125,33.412499999999994],[131.31875,33.4125],[131.31875,33.408333333333324],[131.3125,33.40833333333333]]]}},{"type":"Feature","id":"44211:503102952","properties":{"id":"44211:503102952","meshCode":"503102952","cityCode":"44211","city":"宇佐市","lat":33.4104167,"lon":131.321875,"areaKm2":0.2686669,"populated2020":false,"population2020":null,"populationNote":"境界またぎ・収録外等のため自治体内人口は未集計"},"geometry":{"type":"Polygon","coordinates":[[[131.31875,33.408333333333324],[131.31875,33.4125],[131.325,33.4125],[131.325,33.408333333333324],[131.31875,33.408333333333324]]]}},{"type":"Feature","id":"44211:503102961","properties":{"id":"44211:503102961","meshCode":"503102961","cityCode":"44211","city":"宇佐市","lat":33.4104167,"lon":131.328125,"areaKm2":0.2686669,"populated2020":false,"population2020":null,"populationNote":"境界またぎ・収録外等のため自治体内人口は未集計"},"geometry":{"type":"Polygon","coordinates":[[[131.325,33.408333333333324],[131.325,33.4125],[131.33125,33.4125],[131.33125,33.40833333333333],[131.325,33.408333333333324]]]}},{"type":"Feature","id":"44211:503102962","properties":{"id":"44211:503102962","meshCode":"503102962","cityCode":"44211","city":"宇佐市","lat":33.4104167,"lon":131.334375,"areaKm2":0.2686669,"populated2020":true,"population2020":46.3892,"populationNote":"2020年基準人口（国交省調整値）"},"geometry":{"type":"Polygon","coordinates":[[[131.33125,33.40833333333333],[131.33125,33.4125],[131.3375,33.412499999999994],[131.3375,33.408333333333324],[131.33125,33.40833333333333]]]}},{"type":"Feature","id":"44211:503102971","properties":{"id":"44211:503102971","meshCode":"503102971","cityCode":"44211","city":"宇佐市","lat":33.4104167,"lon":131.340625,"areaKm2":0.2686669,"populated2020":true,"population2020":12.0925,"populationNote":"2020年基準人口（国交省調整値）"},"geometry":{"type":"Polygon","coordinates":[[[131.3375,33.408333333333324],[131.3375,33.412499999999994],[131.34375,33.4125],[131.34375,33.408333333333324],[131.3375,33.408333333333324]]]}},{"type":"Feature","id":"44211:503102972","properties":{"id":"44211:503102972","meshCode":"503102972","cityCode":"44211","city":"宇佐市","lat":33.4104167,"lon":131.346875,"areaKm2":0.2686669,"populated2020":true,"population2020":73.5571,"populationNote":"2020年基準人口（国交省調整値）"},"geometry":{"type":"Polygon","coordinates":[[[131.34375,33.408333333333324],[131.34375,33.4125],[131.35,33.4125],[131.35,33.40833333333333],[131.34375,33.408333333333324]]]}},{"type":"Feature","id":"44211:503102981","properties":{"id":"44211:503102981","meshCode":"503102981","cityCode":"44211","city":"宇佐市","lat":33.4104167,"lon":131.353125,"areaKm2":0.2686669,"populated2020":true,"population2020":5.0233,"populationNote":"2020年基準人口（国交省調整値）"},"geometry":{"type":"Polygon","coordinates":[[[131.35,33.40833333333333],[131.35,33.4125],[131.35625000000002,33.412499999999994],[131.35625000000002,33.40833333333333],[131.35,33.40833333333333]]]}},{"type":"Feature","id":"44211:503102982","properties":{"id":"44211:503102982","meshCode":"503102982","cityCode":"44211","city":"宇佐市","lat":33.4104167,"lon":131.359375,"areaKm2":0.2686669,"populated2020":true,"population2020":1.0158,"populationNote":"2020年基準人口（国交省調整値）"},"geometry":{"type":"Polygon","coordinates":[[[131.35625000000002,33.40833333333333],[131.35625000000002,33.412499999999994],[131.3625,33.4125],[131.3625,33.40833333333333],[131.35625000000002,33.40833333333333]]]}},{"type":"Feature","id":"44211:503102991","properties":{"id":"44211:503102991","meshCode":"503102991","cityCode":"44211","city":"宇佐市","lat":33.4104167,"lon":131.365625,"areaKm2":0.2686669,"populated2020":false,"population2020":null,"populationNote":"境界またぎ・収録外等のため自治体内人口は未集計"},"geometry":{"type":"Polygon","coordinates":[[[131.3625,33.40833333333333],[131.3625,33.4125],[131.36875,33.4125],[131.36875,33.40833333333333],[131.3625,33.40833333333333]]]}},{"type":"Feature","id":"44211:503102992","properties":{"id":"44211:503102992","meshCode":"503102992","cityCode":"44211","city":"宇佐市","lat":33.4104167,"lon":131.371875,"areaKm2":0.2686669,"populated2020":true,"population2020":16.1139,"populationNote":"2020年基準人口（国交省調整値）"},"geometry":{"type":"Polygon","coordinates":[[[131.36875,33.40833333333333],[131.36875,33.4125],[131.375,33.4125],[131.375,33.40833333333333],[131.36875,33.40833333333333]]]}},{"type":"Feature","id":"44211:503103901","properties":{"id":"44211:503103901","meshCode":"503103901","cityCode":"44211","city":"宇佐市","lat":33.4104167,"lon":131.378125,"areaKm2":0.2686669,"populated2020":false,"population2020":null,"populationNote":"境界またぎ・収録外等のため自治体内人口は未集計"},"geometry":{"type":"Polygon","coordinates":[[[131.375,33.40833333333333],[131.375,33.4125],[131.38125,33.4125],[131.38125,33.408333333333324],[131.375,33.40833333333333]]]}},{"type":"Feature","id":"44211:503103902","properties":{"id":"44211:503103902","meshCode":"503103902","cityCode":"44211","city":"宇佐市","lat":33.4104167,"lon":131.384375,"areaKm2":0.2686669,"populated2020":true,"population2020":80.6298,"populationNote":"2020年基準人口（国交省調整値）"},"geometry":{"type":"Polygon","coordinates":[[[131.38125,33.408333333333324],[131.38125,33.4125],[131.3875,33.41250000000001],[131.3875,33.40833333333333],[131.38125,33.408333333333324]]]}},{"type":"Feature","id":"44211:503103911","properties":{"id":"44211:503103911","meshCode":"503103911","cityCode":"44211","city":"宇佐市","lat":33.4104167,"lon":131.390625,"areaKm2":0.2686669,"populated2020":true,"population2020":16.1477,"populationNote":"2020年基準人口（国交省調整値）"},"geometry":{"type":"Polygon","coordinates":[[[131.3875,33.40833333333333],[131.3875,33.41250000000001],[131.39375,33.41250000000001],[131.39375,33.40833333333333],[131.3875,33.40833333333333]]]}},{"type":"Feature","id":"44211:503103912","properties":{"id":"44211:503103912","meshCode":"503103912","cityCode":"44211","city":"宇佐市","lat":33.4104167,"lon":131.396875,"areaKm2":0.2686669,"populated2020":true,"population2020":2.0063,"populationNote":"2020年基準人口（国交省調整値）"},"geometry":{"type":"Polygon","coordinates":[[[131.39375,33.40833333333333],[131.39375,33.41250000000001],[131.4,33.4125],[131.4,33.40833333333333],[131.39375,33.40833333333333]]]}},{"type":"Feature","id":"44211:503103921","properties":{"id":"44211:503103921","meshCode":"503103921","cityCode":"44211","city":"宇佐市","lat":33.4104167,"lon":131.403125,"areaKm2":0.2686669,"populated2020":true,"population2020":3.0298,"populationNote":"2020年基準人口（国交省調整値）"},"geometry":{"type":"Polygon","coordinates":[[[131.4,33.40833333333333],[131.4,33.4125],[131.40625,33.4125],[131.40625,33.40833333333333],[131.4,33.40833333333333]]]}},{"type":"Feature","id":"44211:503103922","properties":{"id":"44211:503103922","meshCode":"503103922","cityCode":"44211","city":"宇佐市","lat":33.4104167,"lon":131.409375,"areaKm2":0.2686669,"populated2020":true,"population2020":7.0818,"populationNote":"2020年基準人口（国交省調整値）"},"geometry":{"type":"Polygon","coordinates":[[[131.40625,33.40833333333333],[131.40625,33.4125],[131.4125,33.4125],[131.4125,33.40833333333333],[131.40625,33.40833333333333]]]}},{"type":"Feature","id":"44211:503103931","properties":{"id":"44211:503103931","meshCode":"503103931","cityCode":"44211","city":"宇佐市","lat":33.4104167,"lon":131.415625,"areaKm2":0.2247112,"populated2020":false,"population2020":null,"populationNote":"境界またぎ・収録外等のため自治体内人口は未集計"},"geometry":{"type":"Polygon","coordinates":[[[131.41747205872406,33.4125],[131.417811115,33.411579162],[131.417483891,33.410715],[131.41758166,33.40944055899999],[131.417808327,33.408982775],[131.41875,33.40849833286647],[131.41875,33.40833333333333],[131.4125,33.40833333333333],[131.4125,33.4125],[131.41747205872406,33.4125]]]}},{"type":"Feature","id":"44211:503103932","properties":{"id":"44211:503103932","meshCode":"503103932","cityCode":"44211","city":"宇佐市","lat":33.4084451,"lon":131.4187915,"areaKm2":0.0002068,"populated2020":false,"population2020":null,"populationNote":"境界またぎ・収録外等のため自治体内人口は未集計"},"geometry":{"type":"Polygon","coordinates":[[[131.41875,33.40849833286647],[131.41896724970763,33.408333333333324],[131.41875,33.40833333333333],[131.41875,33.40849833286647]]]}},{"type":"Feature","id":"44211:503101983","properties":{"id":"44211:503101983","meshCode":"503101983","cityCode":"44211","city":"宇佐市","lat":33.4130922,"lon":131.2302054,"areaKm2":0.019835,"populated2020":false,"population2020":null,"populationNote":"境界またぎ・収録外等のため自治体内人口は未集計"},"geometry":{"type":"Polygon","coordinates":[[[131.22940904476272,33.4125],[131.229310558,33.413248892],[131.229495837,33.41344055900001],[131.230424449,33.413804162],[131.230842218,33.413595559],[131.231043891,33.413390829],[131.231081115,33.412776667],[131.23125,33.4125],[131.22940904476272,33.4125]]]}},{"type":"Feature","id":"44211:503101984","properties":{"id":"44211:503101984","meshCode":"503101984","cityCode":"44211","city":"宇佐市","lat":33.4129381,"lon":131.2337672,"areaKm2":0.0149631,"populated2020":false,"population2020":null,"populationNote":"境界またぎ・収録外等のため自治体内人口は未集計"},"geometry":{"type":"MultiPolygon","coordinates":[[[[131.23125,33.412589970000646],[131.2314185083639,33.41250000000001],[131.23125,33.4125],[131.23125,33.412589970000646]]],[[[131.23258103153293,33.4125],[131.233091115,33.413199162],[131.233255551,33.41330361299999],[131.23374917,33.413382775],[131.234168612,33.413341108],[131.234358327,33.413240828999996],[131.23493317876594,33.4125],[131.23258103153293,33.4125]]]]}},{"type":"Feature","id":"44211:503101993","properties":{"id":"44211:503101993","meshCode":"503101993","cityCode":"44211","city":"宇佐市","lat":33.4130867,"lon":131.2425659,"areaKm2":0.0269721,"populated2020":false,"population2020":null,"populationNote":"境界またぎ・収録外等のため自治体内人口は未集計"},"geometry":{"type":"Polygon","coordinates":[[[131.239781946,33.412568891999996],[131.240413606,33.412635829],[131.24277917,33.41364582899999],[131.243384163,33.413511946],[131.24375,33.41332775697357],[131.24375,33.4125],[131.23965919292715,33.4125],[131.239781946,33.412568891999996]]]}},{"type":"Feature","id":"44211:503101994","properties":{"id":"44211:503101994","meshCode":"503101994","cityCode":"44211","city":"宇佐市","lat":33.4128136,"lon":131.2453529,"areaKm2":0.0213038,"populated2020":false,"population2020":null,"populationNote":"境界またぎ・収録外等のため自治体内人口は未集計"},"geometry":{"type":"Polygon","coordinates":[[[131.24375,33.41332775697357],[131.244253891,33.413136386999994],[131.244916109,33.413361667],[131.245615837,33.413061946],[131.246576394,33.413015829],[131.246815279,33.412949162],[131.2472338367489,33.412499999999994],[131.24375,33.4125],[131.24375,33.41332775697357]]]}},{"type":"Feature","id":"44211:503102903","properties":{"id":"44211:503102903","meshCode":"503102903","cityCode":"44211","city":"宇佐市","lat":33.4147564,"lon":131.255941,"areaKm2":0.0432817,"populated2020":false,"population2020":null,"populationNote":"境界またぎ・収録外等のため自治体内人口は未集計"},"geometry":{"type":"Polygon","coordinates":[[[131.25156917,33.412519721],[131.251660558,33.412751667],[131.253783333,33.412589721],[131.254306667,33.412749721],[131.254667224,33.412653892],[131.25529166,33.412941667],[131.255390558,33.41351277500001],[131.255588612,33.413864721],[131.255548054,33.414282494999995],[131.255690272,33.415013892000005],[131.255527782,33.41554166700001],[131.254964721,33.416319441],[131.25523477278477,33.416666666666664],[131.25625,33.416666666666664],[131.25625,33.4125],[131.25156917,33.412519721]]]}},{"type":"Feature","id":"44211:503102904","properties":{"id":"44211:503102904","meshCode":"503102904","cityCode":"44211","city":"宇佐市","lat":33.4145833,"lon":131.259375,"areaKm2":0.2686542,"populated2020":false,"population2020":null,"populationNote":"境界またぎ・収録外等のため自治体内人口は未集計"},"geometry":{"type":"Polygon","coordinates":[[[131.25625,33.4125],[131.25625,33.416666666666664],[131.2625,33.41666666666667],[131.2625,33.4125],[131.25625,33.4125]]]}},{"type":"Feature","id":"44211:503102913","properties":{"id":"44211:503102913","meshCode":"503102913","cityCode":"44211","city":"宇佐市","lat":33.4145833,"lon":131.265625,"areaKm2":0.2686542,"populated2020":true,"population2020":11.0574,"populationNote":"2020年基準人口（国交省調整値）"},"geometry":{"type":"Polygon","coordinates":[[[131.2625,33.4125],[131.2625,33.41666666666667],[131.26875,33.41666666666666],[131.26875,33.4125],[131.2625,33.4125]]]}},{"type":"Feature","id":"44211:503102914","properties":{"id":"44211:503102914","meshCode":"503102914","cityCode":"44211","city":"宇佐市","lat":33.4145833,"lon":131.271875,"areaKm2":0.2686542,"populated2020":false,"population2020":null,"populationNote":"境界またぎ・収録外等のため自治体内人口は未集計"},"geometry":{"type":"Polygon","coordinates":[[[131.26875,33.4125],[131.26875,33.41666666666666],[131.275,33.41666666666667],[131.275,33.412499999999994],[131.26875,33.4125]]]}},{"type":"Feature","id":"44211:503102923","properties":{"id":"44211:503102923","meshCode":"503102923","cityCode":"44211","city":"宇佐市","lat":33.4145833,"lon":131.278125,"areaKm2":0.2686542,"populated2020":true,"population2020":1.0063,"populationNote":"2020年基準人口（国交省調整値）"},"geometry":{"type":"Polygon","coordinates":[[[131.275,33.412499999999994],[131.275,33.41666666666667],[131.28125,33.41666666666666],[131.28125,33.4125],[131.275,33.412499999999994]]]}},{"type":"Feature","id":"44211:503102924","properties":{"id":"44211:503102924","meshCode":"503102924","cityCode":"44211","city":"宇佐市","lat":33.4145833,"lon":131.284375,"areaKm2":0.2686542,"populated2020":true,"population2020":23.2318,"populationNote":"2020年基準人口（国交省調整値）"},"geometry":{"type":"Polygon","coordinates":[[[131.28125,33.4125],[131.28125,33.41666666666666],[131.2875,33.416666666666664],[131.2875,33.412499999999994],[131.28125,33.4125]]]}},{"type":"Feature","id":"44211:503102933","properties":{"id":"44211:503102933","meshCode":"503102933","cityCode":"44211","city":"宇佐市","lat":33.4145833,"lon":131.290625,"areaKm2":0.2686542,"populated2020":false,"population2020":null,"populationNote":"境界またぎ・収録外等のため自治体内人口は未集計"},"geometry":{"type":"Polygon","coordinates":[[[131.2875,33.412499999999994],[131.2875,33.416666666666664],[131.29375,33.416666666666664],[131.29375,33.41250000000001],[131.2875,33.412499999999994]]]}},{"type":"Feature","id":"44211:503102934","properties":{"id":"44211:503102934","meshCode":"503102934","cityCode":"44211","city":"宇佐市","lat":33.4145833,"lon":131.296875,"areaKm2":0.2686542,"populated2020":false,"population2020":null,"populationNote":"境界またぎ・収録外等のため自治体内人口は未集計"},"geometry":{"type":"Polygon","coordinates":[[[131.29375,33.41250000000001],[131.29375,33.416666666666664],[131.30000000000004,33.416666666666664],[131.30000000000004,33.4125],[131.29375,33.41250000000001]]]}},{"type":"Feature","id":"44211:503102943","properties":{"id":"44211:503102943","meshCode":"503102943","cityCode":"44211","city":"宇佐市","lat":33.4145833,"lon":131.303125,"areaKm2":0.2686542,"populated2020":true,"population2020":7.0765,"populationNote":"2020年基準人口（国交省調整値）"},"geometry":{"type":"Polygon","coordinates":[[[131.30000000000004,33.4125],[131.30000000000004,33.416666666666664],[131.30625,33.416666666666664],[131.30625,33.41250000000001],[131.30000000000004,33.4125]]]}},{"type":"Feature","id":"44211:503102944","properties":{"id":"44211:503102944","meshCode":"503102944","cityCode":"44211","city":"宇佐市","lat":33.4145833,"lon":131.309375,"areaKm2":0.2686542,"populated2020":true,"population2020":7.054,"populationNote":"2020年基準人口（国交省調整値）"},"geometry":{"type":"Polygon","coordinates":[[[131.30625,33.41250000000001],[131.30625,33.416666666666664],[131.3125,33.416666666666664],[131.3125,33.412499999999994],[131.30625,33.41250000000001]]]}},{"type":"Feature","id":"44211:503102953","properties":{"id":"44211:503102953","meshCode":"503102953","cityCode":"44211","city":"宇佐市","lat":33.4145833,"lon":131.315625,"areaKm2":0.2686542,"populated2020":true,"population2020":88.9677,"populationNote":"2020年基準人口（国交省調整値）"},"geometry":{"type":"Polygon","coordinates":[[[131.3125,33.412499999999994],[131.3125,33.416666666666664],[131.31875,33.416666666666664],[131.31875,33.4125],[131.3125,33.412499999999994]]]}},{"type":"Feature","id":"44211:503102954","properties":{"id":"44211:503102954","meshCode":"503102954","cityCode":"44211","city":"宇佐市","lat":33.4145833,"lon":131.321875,"areaKm2":0.2686542,"populated2020":false,"population2020":null,"populationNote":"境界またぎ・収録外等のため自治体内人口は未集計"},"geometry":{"type":"Polygon","coordinates":[[[131.31875,33.4125],[131.31875,33.416666666666664],[131.325,33.41666666666666],[131.325,33.4125],[131.31875,33.4125]]]}},{"type":"Feature","id":"44211:503102963","properties":{"id":"44211:503102963","meshCode":"503102963","cityCode":"44211","city":"宇佐市","lat":33.4145833,"lon":131.328125,"areaKm2":0.2686542,"populated2020":false,"population2020":null,"populationNote":"境界またぎ・収録外等のため自治体内人口は未集計"},"geometry":{"type":"Polygon","coordinates":[[[131.325,33.4125],[131.325,33.41666666666666],[131.33125,33.41666666666666],[131.33125,33.4125],[131.325,33.4125]]]}},{"type":"Feature","id":"44211:503102964","properties":{"id":"44211:503102964","meshCode":"503102964","cityCode":"44211","city":"宇佐市","lat":33.4145833,"lon":131.334375,"areaKm2":0.2686542,"populated2020":true,"population2020":7.0872,"populationNote":"2020年基準人口（国交省調整値）"},"geometry":{"type":"Polygon","coordinates":[[[131.33125,33.4125],[131.33125,33.41666666666666],[131.3375,33.416666666666664],[131.3375,33.412499999999994],[131.33125,33.4125]]]}},{"type":"Feature","id":"44211:503102973","properties":{"id":"44211:503102973","meshCode":"503102973","cityCode":"44211","city":"宇佐市","lat":33.4145833,"lon":131.340625,"areaKm2":0.2686542,"populated2020":false,"population2020":null,"populationNote":"境界またぎ・収録外等のため自治体内人口は未集計"},"geometry":{"type":"Polygon","coordinates":[[[131.3375,33.412499999999994],[131.3375,33.416666666666664],[131.34375,33.416666666666664],[131.34375,33.4125],[131.3375,33.412499999999994]]]}},{"type":"Feature","id":"44211:503102974","properties":{"id":"44211:503102974","meshCode":"503102974","cityCode":"44211","city":"宇佐市","lat":33.4145833,"lon":131.346875,"areaKm2":0.2686542,"populated2020":true,"population2020":19.1665,"populationNote":"2020年基準人口（国交省調整値）"},"geometry":{"type":"Polygon","coordinates":[[[131.34375,33.4125],[131.34375,33.416666666666664],[131.35,33.416666666666664],[131.35,33.4125],[131.34375,33.4125]]]}},{"type":"Feature","id":"44211:503102983","properties":{"id":"44211:503102983","meshCode":"503102983","cityCode":"44211","city":"宇佐市","lat":33.4145833,"lon":131.353125,"areaKm2":0.2686542,"populated2020":true,"population2020":2.007,"populationNote":"2020年基準人口（国交省調整値）"},"geometry":{"type":"Polygon","coordinates":[[[131.35,33.4125],[131.35,33.416666666666664],[131.35625000000002,33.416666666666664],[131.35625000000002,33.412499999999994],[131.35,33.4125]]]}},{"type":"Feature","id":"44211:503102984","properties":{"id":"44211:503102984","meshCode":"503102984","cityCode":"44211","city":"宇佐市","lat":33.4145833,"lon":131.359375,"areaKm2":0.2686542,"populated2020":true,"population2020":10.0737,"populationNote":"2020年基準人口（国交省調整値）"},"geometry":{"type":"Polygon","coordinates":[[[131.35625000000002,33.412499999999994],[131.35625000000002,33.416666666666664],[131.3625,33.416666666666664],[131.3625,33.4125],[131.35625000000002,33.412499999999994]]]}},{"type":"Feature","id":"44211:503102993","properties":{"id":"44211:503102993","meshCode":"503102993","cityCode":"44211","city":"宇佐市","lat":33.4145833,"lon":131.365625,"areaKm2":0.2686542,"populated2020":true,"population2020":21.201,"populationNote":"2020年基準人口（国交省調整値）"},"geometry":{"type":"Polygon","coordinates":[[[131.3625,33.4125],[131.3625,33.416666666666664],[131.36875,33.41666666666666],[131.36875,33.4125],[131.3625,33.4125]]]}},{"type":"Feature","id":"44211:503102994","properties":{"id":"44211:503102994","meshCode":"503102994","cityCode":"44211","city":"宇佐市","lat":33.4145833,"lon":131.371875,"areaKm2":0.2686542,"populated2020":true,"population2020":38.2782,"populationNote":"2020年基準人口（国交省調整値）"},"geometry":{"type":"Polygon","coordinates":[[[131.36875,33.4125],[131.36875,33.41666666666666],[131.375,33.416666666666664],[131.375,33.4125],[131.36875,33.4125]]]}},{"type":"Feature","id":"44211:503103903","properties":{"id":"44211:503103903","meshCode":"503103903","cityCode":"44211","city":"宇佐市","lat":33.4145833,"lon":131.378125,"areaKm2":0.2686542,"populated2020":true,"population2020":30.2578,"populationNote":"2020年基準人口（国交省調整値）"},"geometry":{"type":"Polygon","coordinates":[[[131.375,33.4125],[131.375,33.416666666666664],[131.38125,33.416666666666664],[131.38125,33.4125],[131.375,33.4125]]]}},{"type":"Feature","id":"44211:503103904","properties":{"id":"44211:503103904","meshCode":"503103904","cityCode":"44211","city":"宇佐市","lat":33.4145833,"lon":131.384375,"areaKm2":0.2686542,"populated2020":true,"population2020":11.0969,"populationNote":"2020年基準人口（国交省調整値）"},"geometry":{"type":"Polygon","coordinates":[[[131.38125,33.4125],[131.38125,33.416666666666664],[131.3875,33.416666666666664],[131.3875,33.41250000000001],[131.38125,33.4125]]]}},{"type":"Feature","id":"44211:503103913","properties":{"id":"44211:503103913","meshCode":"503103913","cityCode":"44211","city":"宇佐市","lat":33.4145833,"lon":131.390625,"areaKm2":0.2686542,"populated2020":false,"population2020":null,"populationNote":"境界またぎ・収録外等のため自治体内人口は未集計"},"geometry":{"type":"Polygon","coordinates":[[[131.3875,33.41250000000001],[131.3875,33.416666666666664],[131.39375,33.416666666666664],[131.39375,33.41250000000001],[131.3875,33.41250000000001]]]}},{"type":"Feature","id":"44211:503103914","properties":{"id":"44211:503103914","meshCode":"503103914","cityCode":"44211","city":"宇佐市","lat":33.4145833,"lon":131.396875,"areaKm2":0.2686542,"populated2020":false,"population2020":null,"populationNote":"境界またぎ・収録外等のため自治体内人口は未集計"},"geometry":{"type":"Polygon","coordinates":[[[131.39375,33.41250000000001],[131.39375,33.416666666666664],[131.4,33.416666666666664],[131.4,33.4125],[131.39375,33.41250000000001]]]}},{"type":"Feature","id":"44211:503103923","properties":{"id":"44211:503103923","meshCode":"503103923","cityCode":"44211","city":"宇佐市","lat":33.4145833,"lon":131.403125,"areaKm2":0.2686542,"populated2020":true,"population2020":18.1404,"populationNote":"2020年基準人口（国交省調整値）"},"geometry":{"type":"Polygon","coordinates":[[[131.4,33.4125],[131.4,33.416666666666664],[131.40625,33.416666666666664],[131.40625,33.4125],[131.4,33.4125]]]}},{"type":"Feature","id":"44211:503103924","properties":{"id":"44211:503103924","meshCode":"503103924","cityCode":"44211","city":"宇佐市","lat":33.4145833,"lon":131.409375,"areaKm2":0.2686542,"populated2020":true,"population2020":4.0339,"populationNote":"2020年基準人口（国交省調整値）"},"geometry":{"type":"Polygon","coordinates":[[[131.40625,33.4125],[131.40625,33.416666666666664],[131.4125,33.41666666666667],[131.4125,33.4125],[131.40625,33.4125]]]}},{"type":"Feature","id":"44211:503103933","properties":{"id":"44211:503103933","meshCode":"503103933","cityCode":"44211","city":"宇佐市","lat":33.4145833,"lon":131.415625,"areaKm2":0.2486951,"populated2020":false,"population2020":null,"populationNote":"境界またぎ・収録外等のため自治体内人口は未集計"},"geometry":{"type":"Polygon","coordinates":[[[131.41875,33.41431920619571],[131.41802444900003,33.413990279],[131.41763749700002,33.41368082900001],[131.41740166,33.413106387000006],[131.41747205872406,33.4125],[131.4125,33.4125],[131.4125,33.41666666666667],[131.41875,33.41666666666666],[131.41875,33.41431920619571]]]}},{"type":"Feature","id":"44211:503103934","properties":{"id":"44211:503103934","meshCode":"503103934","cityCode":"44211","city":"宇佐市","lat":33.4153872,"lon":131.4211998,"areaKm2":0.1172255,"populated2020":false,"population2020":null,"populationNote":"境界またぎ・収録外等のため自治体内人口は未集計"},"geometry":{"type":"Polygon","coordinates":[[[131.4249311930945,33.416666666666664],[131.424648885,33.41600999999999],[131.424731946,33.415716108],[131.424577782,33.41561361299999],[131.422478327,33.41507666700001],[131.422052503,33.414871946],[131.421429728,33.414418892],[131.420182776,33.41402],[131.41914083,33.414569721],[131.41875,33.41431920619571],[131.41875,33.41666666666666],[131.4249311930945,33.416666666666664]]]}},{"type":"Feature","id":"44211:503112001","properties":{"id":"44211:503112001","meshCode":"503112001","cityCode":"44211","city":"宇佐市","lat":33.4188156,"lon":131.255742,"areaKm2":0.0440953,"populated2020":false,"population2020":null,"populationNote":"境界またぎ・収録外等のため自治体内人口は未集計"},"geometry":{"type":"Polygon","coordinates":[[[131.255234773,33.41666666700001],[131.25552861200003,33.41736277500001],[131.255442218,33.418107775],[131.25523917,33.418731667],[131.255365837,33.419371108],[131.254877497,33.420080559],[131.25480583700002,33.420361946],[131.25449678241765,33.420833333333334],[131.25625,33.420833333333334],[131.25625,33.416666666666664],[131.255234773,33.41666666700001]]]}},{"type":"Feature","id":"44211:503112002","properties":{"id":"44211:503112002","meshCode":"503112002","cityCode":"44211","city":"宇佐市","lat":33.41875,"lon":131.259375,"areaKm2":0.2686416,"populated2020":false,"population2020":null,"populationNote":"境界またぎ・収録外等のため自治体内人口は未集計"},"geometry":{"type":"Polygon","coordinates":[[[131.25625,33.416666666666664],[131.25625,33.420833333333334],[131.2625,33.420833333333334],[131.2625,33.41666666666667],[131.25625,33.416666666666664]]]}},{"type":"Feature","id":"44211:503112011","properties":{"id":"44211:503112011","meshCode":"503112011","cityCode":"44211","city":"宇佐市","lat":33.41875,"lon":131.265625,"areaKm2":0.2686416,"populated2020":false,"population2020":null,"populationNote":"境界またぎ・収録外等のため自治体内人口は未集計"},"geometry":{"type":"Polygon","coordinates":[[[131.2625,33.41666666666667],[131.2625,33.420833333333334],[131.26875,33.42083333333333],[131.26875,33.41666666666666],[131.2625,33.41666666666667]]]}},{"type":"Feature","id":"44211:503112012","properties":{"id":"44211:503112012","meshCode":"503112012","cityCode":"44211","city":"宇佐市","lat":33.41875,"lon":131.271875,"areaKm2":0.2686416,"populated2020":true,"population2020":10.0918,"populationNote":"2020年基準人口（国交省調整値）"},"geometry":{"type":"Polygon","coordinates":[[[131.26875,33.41666666666666],[131.26875,33.42083333333333],[131.275,33.42083333333334],[131.275,33.41666666666667],[131.26875,33.41666666666666]]]}},{"type":"Feature","id":"44211:503112021","properties":{"id":"44211:503112021","meshCode":"503112021","cityCode":"44211","city":"宇佐市","lat":33.41875,"lon":131.278125,"areaKm2":0.2686416,"populated2020":true,"population2020":29.2924,"populationNote":"2020年基準人口（国交省調整値）"},"geometry":{"type":"Polygon","coordinates":[[[131.275,33.41666666666667],[131.275,33.42083333333334],[131.28125,33.420833333333334],[131.28125,33.41666666666666],[131.275,33.41666666666667]]]}},{"type":"Feature","id":"44211:503112022","properties":{"id":"44211:503112022","meshCode":"503112022","cityCode":"44211","city":"宇佐市","lat":33.41875,"lon":131.284375,"areaKm2":0.2686416,"populated2020":false,"population2020":null,"populationNote":"境界またぎ・収録外等のため自治体内人口は未集計"},"geometry":{"type":"Polygon","coordinates":[[[131.28125,33.41666666666666],[131.28125,33.420833333333334],[131.2875,33.420833333333334],[131.2875,33.416666666666664],[131.28125,33.41666666666666]]]}},{"type":"Feature","id":"44211:503112031","properties":{"id":"44211:503112031","meshCode":"503112031","cityCode":"44211","city":"宇佐市","lat":33.41875,"lon":131.290625,"areaKm2":0.2686416,"populated2020":false,"population2020":null,"populationNote":"境界またぎ・収録外等のため自治体内人口は未集計"},"geometry":{"type":"Polygon","coordinates":[[[131.2875,33.416666666666664],[131.2875,33.420833333333334],[131.29375,33.42083333333334],[131.29375,33.416666666666664],[131.2875,33.416666666666664]]]}},{"type":"Feature","id":"44211:503112032","properties":{"id":"44211:503112032","meshCode":"503112032","cityCode":"44211","city":"宇佐市","lat":33.41875,"lon":131.296875,"areaKm2":0.2686416,"populated2020":false,"population2020":null,"populationNote":"境界またぎ・収録外等のため自治体内人口は未集計"},"geometry":{"type":"Polygon","coordinates":[[[131.29375,33.416666666666664],[131.29375,33.42083333333334],[131.30000000000004,33.420833333333334],[131.30000000000004,33.416666666666664],[131.29375,33.416666666666664]]]}},{"type":"Feature","id":"44211:503112041","properties":{"id":"44211:503112041","meshCode":"503112041","cityCode":"44211","city":"宇佐市","lat":33.41875,"lon":131.303125,"areaKm2":0.2686416,"populated2020":false,"population2020":null,"populationNote":"境界またぎ・収録外等のため自治体内人口は未集計"},"geometry":{"type":"Polygon","coordinates":[[[131.30000000000004,33.416666666666664],[131.30000000000004,33.420833333333334],[131.30625,33.42083333333334],[131.30625,33.416666666666664],[131.30000000000004,33.416666666666664]]]}},{"type":"Feature","id":"44211:503112042","properties":{"id":"44211:503112042","meshCode":"503112042","cityCode":"44211","city":"宇佐市","lat":33.41875,"lon":131.309375,"areaKm2":0.2686416,"populated2020":false,"population2020":null,"populationNote":"境界またぎ・収録外等のため自治体内人口は未集計"},"geometry":{"type":"Polygon","coordinates":[[[131.30625,33.416666666666664],[131.30625,33.42083333333334],[131.3125,33.420833333333334],[131.3125,33.416666666666664],[131.30625,33.416666666666664]]]}},{"type":"Feature","id":"44211:503112051","properties":{"id":"44211:503112051","meshCode":"503112051","cityCode":"44211","city":"宇佐市","lat":33.41875,"lon":131.315625,"areaKm2":0.2686416,"populated2020":true,"population2020":91.6441,"populationNote":"2020年基準人口（国交省調整値）"},"geometry":{"type":"Polygon","coordinates":[[[131.3125,33.416666666666664],[131.3125,33.420833333333334],[131.31875,33.420833333333334],[131.31875,33.416666666666664],[131.3125,33.416666666666664]]]}},{"type":"Feature","id":"44211:503112052","properties":{"id":"44211:503112052","meshCode":"503112052","cityCode":"44211","city":"宇佐市","lat":33.41875,"lon":131.321875,"areaKm2":0.2686416,"populated2020":false,"population2020":null,"populationNote":"境界またぎ・収録外等のため自治体内人口は未集計"},"geometry":{"type":"Polygon","coordinates":[[[131.31875,33.416666666666664],[131.31875,33.420833333333334],[131.325,33.420833333333334],[131.325,33.41666666666666],[131.31875,33.416666666666664]]]}},{"type":"Feature","id":"44211:503112061","properties":{"id":"44211:503112061","meshCode":"503112061","cityCode":"44211","city":"宇佐市","lat":33.41875,"lon":131.328125,"areaKm2":0.2686416,"populated2020":false,"population2020":null,"populationNote":"境界またぎ・収録外等のため自治体内人口は未集計"},"geometry":{"type":"Polygon","coordinates":[[[131.325,33.41666666666666],[131.325,33.420833333333334],[131.33125,33.420833333333334],[131.33125,33.41666666666666],[131.325,33.41666666666666]]]}},{"type":"Feature","id":"44211:503112062","properties":{"id":"44211:503112062","meshCode":"503112062","cityCode":"44211","city":"宇佐市","lat":33.41875,"lon":131.334375,"areaKm2":0.2686416,"populated2020":true,"population2020":14.1203,"populationNote":"2020年基準人口（国交省調整値）"},"geometry":{"type":"Polygon","coordinates":[[[131.33125,33.41666666666666],[131.33125,33.420833333333334],[131.3375,33.42083333333334],[131.3375,33.416666666666664],[131.33125,33.41666666666666]]]}},{"type":"Feature","id":"44211:503112071","properties":{"id":"44211:503112071","meshCode":"503112071","cityCode":"44211","city":"宇佐市","lat":33.41875,"lon":131.340625,"areaKm2":0.2686416,"populated2020":true,"population2020":4.0542,"populationNote":"2020年基準人口（国交省調整値）"},"geometry":{"type":"Polygon","coordinates":[[[131.3375,33.416666666666664],[131.3375,33.42083333333334],[131.34375,33.420833333333334],[131.34375,33.416666666666664],[131.3375,33.416666666666664]]]}},{"type":"Feature","id":"44211:503112072","properties":{"id":"44211:503112072","meshCode":"503112072","cityCode":"44211","city":"宇佐市","lat":33.41875,"lon":131.346875,"areaKm2":0.2686416,"populated2020":false,"population2020":null,"populationNote":"境界またぎ・収録外等のため自治体内人口は未集計"},"geometry":{"type":"Polygon","coordinates":[[[131.34375,33.416666666666664],[131.34375,33.420833333333334],[131.35,33.420833333333334],[131.35,33.416666666666664],[131.34375,33.416666666666664]]]}},{"type":"Feature","id":"44211:503112081","properties":{"id":"44211:503112081","meshCode":"503112081","cityCode":"44211","city":"宇佐市","lat":33.41875,"lon":131.353125,"areaKm2":0.2686416,"populated2020":true,"population2020":4.025,"populationNote":"2020年基準人口（国交省調整値）"},"geometry":{"type":"Polygon","coordinates":[[[131.35,33.416666666666664],[131.35,33.420833333333334],[131.35625000000002,33.420833333333334],[131.35625000000002,33.416666666666664],[131.35,33.416666666666664]]]}},{"type":"Feature","id":"44211:503112082","properties":{"id":"44211:503112082","meshCode":"503112082","cityCode":"44211","city":"宇佐市","lat":33.41875,"lon":131.359375,"areaKm2":0.2686416,"populated2020":true,"population2020":20.1157,"populationNote":"2020年基準人口（国交省調整値）"},"geometry":{"type":"Polygon","coordinates":[[[131.35625000000002,33.416666666666664],[131.35625000000002,33.420833333333334],[131.3625,33.420833333333334],[131.3625,33.416666666666664],[131.35625000000002,33.416666666666664]]]}},{"type":"Feature","id":"44211:503112091","properties":{"id":"44211:503112091","meshCode":"503112091","cityCode":"44211","city":"宇佐市","lat":33.41875,"lon":131.365625,"areaKm2":0.2686416,"populated2020":true,"population2020":20.0936,"populationNote":"2020年基準人口（国交省調整値）"},"geometry":{"type":"Polygon","coordinates":[[[131.3625,33.416666666666664],[131.3625,33.420833333333334],[131.36875,33.42083333333334],[131.36875,33.41666666666666],[131.3625,33.416666666666664]]]}},{"type":"Feature","id":"44211:503112092","properties":{"id":"44211:503112092","meshCode":"503112092","cityCode":"44211","city":"宇佐市","lat":33.41875,"lon":131.371875,"areaKm2":0.2686416,"populated2020":true,"population2020":3.027,"populationNote":"2020年基準人口（国交省調整値）"},"geometry":{"type":"Polygon","coordinates":[[[131.36875,33.41666666666666],[131.36875,33.42083333333334],[131.375,33.420833333333334],[131.375,33.416666666666664],[131.36875,33.41666666666666]]]}},{"type":"Feature","id":"44211:503113001","properties":{"id":"44211:503113001","meshCode":"503113001","cityCode":"44211","city":"宇佐市","lat":33.41875,"lon":131.378125,"areaKm2":0.2686416,"populated2020":true,"population2020":49.3699,"populationNote":"2020年基準人口（国交省調整値）"},"geometry":{"type":"Polygon","coordinates":[[[131.375,33.416666666666664],[131.375,33.420833333333334],[131.38125,33.42083333333334],[131.38125,33.416666666666664],[131.375,33.416666666666664]]]}},{"type":"Feature","id":"44211:503113002","properties":{"id":"44211:503113002","meshCode":"503113002","cityCode":"44211","city":"宇佐市","lat":33.41875,"lon":131.384375,"areaKm2":0.2686416,"populated2020":true,"population2020":5.0529,"populationNote":"2020年基準人口（国交省調整値）"},"geometry":{"type":"Polygon","coordinates":[[[131.38125,33.416666666666664],[131.38125,33.42083333333334],[131.3875,33.42083333333333],[131.3875,33.416666666666664],[131.38125,33.416666666666664]]]}},{"type":"Feature","id":"44211:503113011","properties":{"id":"44211:503113011","meshCode":"503113011","cityCode":"44211","city":"宇佐市","lat":33.41875,"lon":131.390625,"areaKm2":0.2686416,"populated2020":true,"population2020":2.0064,"populationNote":"2020年基準人口（国交省調整値）"},"geometry":{"type":"Polygon","coordinates":[[[131.3875,33.416666666666664],[131.3875,33.42083333333333],[131.39375,33.420833333333334],[131.39375,33.416666666666664],[131.3875,33.416666666666664]]]}},{"type":"Feature","id":"44211:503113012","properties":{"id":"44211:503113012","meshCode":"503113012","cityCode":"44211","city":"宇佐市","lat":33.41875,"lon":131.396875,"areaKm2":0.2686416,"populated2020":true,"population2020":5.0337,"populationNote":"2020年基準人口（国交省調整値）"},"geometry":{"type":"Polygon","coordinates":[[[131.39375,33.416666666666664],[131.39375,33.420833333333334],[131.4,33.420833333333334],[131.4,33.416666666666664],[131.39375,33.416666666666664]]]}},{"type":"Feature","id":"44211:503113021","properties":{"id":"44211:503113021","meshCode":"503113021","cityCode":"44211","city":"宇佐市","lat":33.41875,"lon":131.403125,"areaKm2":0.2686416,"populated2020":false,"population2020":null,"populationNote":"境界またぎ・収録外等のため自治体内人口は未集計"},"geometry":{"type":"Polygon","coordinates":[[[131.4,33.416666666666664],[131.4,33.420833333333334],[131.40625,33.42083333333334],[131.40625,33.416666666666664],[131.4,33.416666666666664]]]}},{"type":"Feature","id":"44211:503113022","properties":{"id":"44211:503113022","meshCode":"503113022","cityCode":"44211","city":"宇佐市","lat":33.41875,"lon":131.409375,"areaKm2":0.2686416,"populated2020":false,"population2020":null,"populationNote":"境界またぎ・収録外等のため自治体内人口は未集計"},"geometry":{"type":"Polygon","coordinates":[[[131.40625,33.416666666666664],[131.40625,33.42083333333334],[131.4125,33.420833333333334],[131.4125,33.41666666666667],[131.40625,33.416666666666664]]]}},{"type":"Feature","id":"44211:503113031","properties":{"id":"44211:503113031","meshCode":"503113031","cityCode":"44211","city":"宇佐市","lat":33.41875,"lon":131.415625,"areaKm2":0.2686416,"populated2020":true,"population2020":1.0049,"populationNote":"2020年基準人口（国交省調整値）"},"geometry":{"type":"Polygon","coordinates":[[[131.4125,33.41666666666667],[131.4125,33.420833333333334],[131.41875,33.420833333333334],[131.41875,33.41666666666666],[131.4125,33.41666666666667]]]}},{"type":"Feature","id":"44211:503113032","properties":{"id":"44211:503113032","meshCode":"503113032","cityCode":"44211","city":"宇佐市","lat":33.41875,"lon":131.421875,"areaKm2":0.2550811,"populated2020":true,"population2020":null,"populationNote":"境界またぎ・収録外等のため自治体内人口は未集計"},"geometry":{"type":"Polygon","coordinates":[[[131.425,33.420833333333334],[131.424864449,33.42011389200001],[131.424583891,33.419953332999995],[131.424530272,33.419067775],[131.42457166,33.41812527900001],[131.4249311930945,33.416666666666664],[131.41875,33.41666666666666],[131.41875,33.420833333333334],[131.425,33.420833333333334]]]}},{"type":"Feature","id":"44211:503113041","properties":{"id":"44211:503113041","meshCode":"503113041","cityCode":"44211","city":"宇佐市","lat":33.4208161,"lon":131.4250027,"areaKm2":1.9e-06,"populated2020":true,"population2020":null,"populationNote":"境界またぎ・収録外等のため自治体内人口は未集計"},"geometry":{"type":"Polygon","coordinates":[[[131.425,33.420798829],[131.425,33.420833333333334],[131.4250106696907,33.420833333333334],[131.425,33.420798829]]]}},{"type":"Feature","id":"44211:503112003","properties":{"id":"44211:503112003","meshCode":"503112003","cityCode":"44211","city":"宇佐市","lat":33.4228565,"lon":131.2553217,"areaKm2":0.0867549,"populated2020":false,"population2020":null,"populationNote":"境界またぎ・収録外等のため自治体内人口は未集計"},"geometry":{"type":"Polygon","coordinates":[[[131.25449678241765,33.420833333333334],[131.254387782,33.421282775],[131.254483061,33.422598054000005],[131.254100558,33.42347194600001],[131.25379,33.42499999999999],[131.25625,33.425],[131.25625,33.420833333333334],[131.25449678241765,33.420833333333334]]]}},{"type":"Feature","id":"44211:503112004","properties":{"id":"44211:503112004","meshCode":"503112004","cityCode":"44211","city":"宇佐市","lat":33.4229167,"lon":131.259375,"areaKm2":0.2686289,"populated2020":false,"population2020":null,"populationNote":"境界またぎ・収録外等のため自治体内人口は未集計"},"geometry":{"type":"Polygon","coordinates":[[[131.25625,33.420833333333334],[131.25625,33.425],[131.2625,33.425],[131.2625,33.420833333333334],[131.25625,33.420833333333334]]]}},{"type":"Feature","id":"44211:503112013","properties":{"id":"44211:503112013","meshCode":"503112013","cityCode":"44211","city":"宇佐市","lat":33.4229167,"lon":131.265625,"areaKm2":0.2686289,"populated2020":false,"population2020":null,"populationNote":"境界またぎ・収録外等のため自治体内人口は未集計"},"geometry":{"type":"Polygon","coordinates":[[[131.2625,33.420833333333334],[131.2625,33.425],[131.26875,33.425],[131.26875,33.42083333333333],[131.2625,33.420833333333334]]]}},{"type":"Feature","id":"44211:503112014","properties":{"id":"44211:503112014","meshCode":"503112014","cityCode":"44211","city":"宇佐市","lat":33.4229167,"lon":131.271875,"areaKm2":0.2686289,"populated2020":true,"population2020":18.1587,"populationNote":"2020年基準人口（国交省調整値）"},"geometry":{"type":"Polygon","coordinates":[[[131.26875,33.42083333333333],[131.26875,33.425],[131.275,33.42499999999999],[131.275,33.42083333333334],[131.26875,33.42083333333333]]]}},{"type":"Feature","id":"44211:503112023","properties":{"id":"44211:503112023","meshCode":"503112023","cityCode":"44211","city":"宇佐市","lat":33.4229167,"lon":131.278125,"areaKm2":0.2686289,"populated2020":false,"population2020":null,"populationNote":"境界またぎ・収録外等のため自治体内人口は未集計"},"geometry":{"type":"Polygon","coordinates":[[[131.275,33.42083333333334],[131.275,33.42499999999999],[131.28125,33.425],[131.28125,33.420833333333334],[131.275,33.42083333333334]]]}},{"type":"Feature","id":"44211:503112024","properties":{"id":"44211:503112024","meshCode":"503112024","cityCode":"44211","city":"宇佐市","lat":33.4229167,"lon":131.284375,"areaKm2":0.2686289,"populated2020":false,"population2020":null,"populationNote":"境界またぎ・収録外等のため自治体内人口は未集計"},"geometry":{"type":"Polygon","coordinates":[[[131.28125,33.420833333333334],[131.28125,33.425],[131.2875,33.425],[131.2875,33.420833333333334],[131.28125,33.420833333333334]]]}},{"type":"Feature","id":"44211:503112033","properties":{"id":"44211:503112033","meshCode":"503112033","cityCode":"44211","city":"宇佐市","lat":33.4229167,"lon":131.290625,"areaKm2":0.2686289,"populated2020":false,"population2020":null,"populationNote":"境界またぎ・収録外等のため自治体内人口は未集計"},"geometry":{"type":"Polygon","coordinates":[[[131.2875,33.420833333333334],[131.2875,33.425],[131.29375,33.425],[131.29375,33.42083333333334],[131.2875,33.420833333333334]]]}},{"type":"Feature","id":"44211:503112034","properties":{"id":"44211:503112034","meshCode":"503112034","cityCode":"44211","city":"宇佐市","lat":33.4229167,"lon":131.296875,"areaKm2":0.2686289,"populated2020":false,"population2020":null,"populationNote":"境界またぎ・収録外等のため自治体内人口は未集計"},"geometry":{"type":"Polygon","coordinates":[[[131.29375,33.42083333333334],[131.29375,33.425],[131.30000000000004,33.425],[131.30000000000004,33.420833333333334],[131.29375,33.42083333333334]]]}},{"type":"Feature","id":"44211:503112043","properties":{"id":"44211:503112043","meshCode":"503112043","cityCode":"44211","city":"宇佐市","lat":33.4229167,"lon":131.303125,"areaKm2":0.2686289,"populated2020":false,"population2020":null,"populationNote":"境界またぎ・収録外等のため自治体内人口は未集計"},"geometry":{"type":"Polygon","coordinates":[[[131.30000000000004,33.420833333333334],[131.30000000000004,33.425],[131.30625,33.425],[131.30625,33.42083333333334],[131.30000000000004,33.420833333333334]]]}},{"type":"Feature","id":"44211:503112044","properties":{"id":"44211:503112044","meshCode":"503112044","cityCode":"44211","city":"宇佐市","lat":33.4229167,"lon":131.309375,"areaKm2":0.2686289,"populated2020":true,"population2020":6.031,"populationNote":"2020年基準人口（国交省調整値）"},"geometry":{"type":"Polygon","coordinates":[[[131.30625,33.42083333333334],[131.30625,33.425],[131.3125,33.42499999999999],[131.3125,33.420833333333334],[131.30625,33.42083333333334]]]}},{"type":"Feature","id":"44211:503112053","properties":{"id":"44211:503112053","meshCode":"503112053","cityCode":"44211","city":"宇佐市","lat":33.4229167,"lon":131.315625,"areaKm2":0.2686289,"populated2020":true,"population2020":129.8814,"populationNote":"2020年基準人口（国交省調整値）"},"geometry":{"type":"Polygon","coordinates":[[[131.3125,33.420833333333334],[131.3125,33.42499999999999],[131.31875,33.425000000000004],[131.31875,33.420833333333334],[131.3125,33.420833333333334]]]}},{"type":"Feature","id":"44211:503112054","properties":{"id":"44211:503112054","meshCode":"503112054","cityCode":"44211","city":"宇佐市","lat":33.4229167,"lon":131.321875,"areaKm2":0.2686289,"populated2020":true,"population2020":85.5286,"populationNote":"2020年基準人口（国交省調整値）"},"geometry":{"type":"Polygon","coordinates":[[[131.31875,33.420833333333334],[131.31875,33.425000000000004],[131.325,33.425],[131.325,33.420833333333334],[131.31875,33.420833333333334]]]}},{"type":"Feature","id":"44211:503112063","properties":{"id":"44211:503112063","meshCode":"503112063","cityCode":"44211","city":"宇佐市","lat":33.4229167,"lon":131.328125,"areaKm2":0.2686289,"populated2020":false,"population2020":null,"populationNote":"境界またぎ・収録外等のため自治体内人口は未集計"},"geometry":{"type":"Polygon","coordinates":[[[131.325,33.420833333333334],[131.325,33.425],[131.33125,33.425],[131.33125,33.420833333333334],[131.325,33.420833333333334]]]}},{"type":"Feature","id":"44211:503112064","properties":{"id":"44211:503112064","meshCode":"503112064","cityCode":"44211","city":"宇佐市","lat":33.4229167,"lon":131.334375,"areaKm2":0.2686289,"populated2020":true,"population2020":10.0562,"populationNote":"2020年基準人口（国交省調整値）"},"geometry":{"type":"Polygon","coordinates":[[[131.33125,33.420833333333334],[131.33125,33.425],[131.3375,33.42499999999999],[131.3375,33.42083333333334],[131.33125,33.420833333333334]]]}},{"type":"Feature","id":"44211:503112073","properties":{"id":"44211:503112073","meshCode":"503112073","cityCode":"44211","city":"宇佐市","lat":33.4229167,"lon":131.340625,"areaKm2":0.2686289,"populated2020":true,"population2020":16.1222,"populationNote":"2020年基準人口（国交省調整値）"},"geometry":{"type":"Polygon","coordinates":[[[131.3375,33.42083333333334],[131.3375,33.42499999999999],[131.34375,33.425000000000004],[131.34375,33.420833333333334],[131.3375,33.42083333333334]]]}},{"type":"Feature","id":"44211:503112074","properties":{"id":"44211:503112074","meshCode":"503112074","cityCode":"44211","city":"宇佐市","lat":33.4229167,"lon":131.346875,"areaKm2":0.2686289,"populated2020":true,"population2020":12.0991,"populationNote":"2020年基準人口（国交省調整値）"},"geometry":{"type":"Polygon","coordinates":[[[131.34375,33.420833333333334],[131.34375,33.425000000000004],[131.35,33.425],[131.35,33.420833333333334],[131.34375,33.420833333333334]]]}},{"type":"Feature","id":"44211:503112083","properties":{"id":"44211:503112083","meshCode":"503112083","cityCode":"44211","city":"宇佐市","lat":33.4229167,"lon":131.353125,"areaKm2":0.2686289,"populated2020":true,"population2020":49.3074,"populationNote":"2020年基準人口（国交省調整値）"},"geometry":{"type":"Polygon","coordinates":[[[131.35,33.420833333333334],[131.35,33.425],[131.35625000000002,33.42499999999999],[131.35625000000002,33.420833333333334],[131.35,33.420833333333334]]]}},{"type":"Feature","id":"44211:503112084","properties":{"id":"44211:503112084","meshCode":"503112084","cityCode":"44211","city":"宇佐市","lat":33.4229167,"lon":131.359375,"areaKm2":0.2686289,"populated2020":true,"population2020":3.0162,"populationNote":"2020年基準人口（国交省調整値）"},"geometry":{"type":"Polygon","coordinates":[[[131.35625000000002,33.420833333333334],[131.35625000000002,33.42499999999999],[131.3625,33.42499999999999],[131.3625,33.420833333333334],[131.35625000000002,33.420833333333334]]]}},{"type":"Feature","id":"44211:503112093","properties":{"id":"44211:503112093","meshCode":"503112093","cityCode":"44211","city":"宇佐市","lat":33.4229167,"lon":131.365625,"areaKm2":0.2686289,"populated2020":true,"population2020":1.0097,"populationNote":"2020年基準人口（国交省調整値）"},"geometry":{"type":"Polygon","coordinates":[[[131.3625,33.420833333333334],[131.3625,33.42499999999999],[131.36875,33.425],[131.36875,33.42083333333334],[131.3625,33.420833333333334]]]}},{"type":"Feature","id":"44211:503112094","properties":{"id":"44211:503112094","meshCode":"503112094","cityCode":"44211","city":"宇佐市","lat":33.4229167,"lon":131.371875,"areaKm2":0.2686289,"populated2020":false,"population2020":null,"populationNote":"境界またぎ・収録外等のため自治体内人口は未集計"},"geometry":{"type":"Polygon","coordinates":[[[131.36875,33.42083333333334],[131.36875,33.425],[131.375,33.425],[131.375,33.420833333333334],[131.36875,33.42083333333334]]]}},{"type":"Feature","id":"44211:503113003","properties":{"id":"44211:503113003","meshCode":"503113003","cityCode":"44211","city":"宇佐市","lat":33.4229167,"lon":131.378125,"areaKm2":0.2686289,"populated2020":true,"population2020":14.0939,"populationNote":"2020年基準人口（国交省調整値）"},"geometry":{"type":"Polygon","coordinates":[[[131.375,33.420833333333334],[131.375,33.425],[131.38125,33.425],[131.38125,33.42083333333334],[131.375,33.420833333333334]]]}},{"type":"Feature","id":"44211:503113004","properties":{"id":"44211:503113004","meshCode":"503113004","cityCode":"44211","city":"宇佐市","lat":33.4229167,"lon":131.384375,"areaKm2":0.2686289,"populated2020":true,"population2020":3.0194,"populationNote":"2020年基準人口（国交省調整値）"},"geometry":{"type":"Polygon","coordinates":[[[131.38125,33.42083333333334],[131.38125,33.425],[131.3875,33.42499999999999],[131.3875,33.42083333333333],[131.38125,33.42083333333334]]]}},{"type":"Feature","id":"44211:503113013","properties":{"id":"44211:503113013","meshCode":"503113013","cityCode":"44211","city":"宇佐市","lat":33.4229167,"lon":131.390625,"areaKm2":0.2686289,"populated2020":true,"population2020":17.1376,"populationNote":"2020年基準人口（国交省調整値）"},"geometry":{"type":"Polygon","coordinates":[[[131.3875,33.42083333333333],[131.3875,33.42499999999999],[131.39375,33.425],[131.39375,33.420833333333334],[131.3875,33.42083333333333]]]}},{"type":"Feature","id":"44211:503113014","properties":{"id":"44211:503113014","meshCode":"503113014","cityCode":"44211","city":"宇佐市","lat":33.4229167,"lon":131.396875,"areaKm2":0.2686289,"populated2020":false,"population2020":null,"populationNote":"境界またぎ・収録外等のため自治体内人口は未集計"},"geometry":{"type":"Polygon","coordinates":[[[131.39375,33.420833333333334],[131.39375,33.425],[131.4,33.425],[131.4,33.420833333333334],[131.39375,33.420833333333334]]]}},{"type":"Feature","id":"44211:503113023","properties":{"id":"44211:503113023","meshCode":"503113023","cityCode":"44211","city":"宇佐市","lat":33.4229167,"lon":131.403125,"areaKm2":0.2686289,"populated2020":false,"population2020":null,"populationNote":"境界またぎ・収録外等のため自治体内人口は未集計"},"geometry":{"type":"Polygon","coordinates":[[[131.4,33.420833333333334],[131.4,33.425],[131.40625,33.425],[131.40625,33.42083333333334],[131.4,33.420833333333334]]]}},{"type":"Feature","id":"44211:503113024","properties":{"id":"44211:503113024","meshCode":"503113024","cityCode":"44211","city":"宇佐市","lat":33.4229167,"lon":131.409375,"areaKm2":0.2686289,"populated2020":false,"population2020":null,"populationNote":"境界またぎ・収録外等のため自治体内人口は未集計"},"geometry":{"type":"Polygon","coordinates":[[[131.40625,33.42083333333334],[131.40625,33.425],[131.4125,33.425],[131.4125,33.420833333333334],[131.40625,33.42083333333334]]]}},{"type":"Feature","id":"44211:503113033","properties":{"id":"44211:503113033","meshCode":"503113033","cityCode":"44211","city":"宇佐市","lat":33.4229167,"lon":131.415625,"areaKm2":0.2686289,"populated2020":true,"population2020":14.1995,"populationNote":"2020年基準人口（国交省調整値）"},"geometry":{"type":"Polygon","coordinates":[[[131.4125,33.420833333333334],[131.4125,33.425],[131.41875,33.425],[131.41875,33.420833333333334],[131.4125,33.420833333333334]]]}},{"type":"Feature","id":"44211:503113034","properties":{"id":"44211:503113034","meshCode":"503113034","cityCode":"44211","city":"宇佐市","lat":33.4229167,"lon":131.421875,"areaKm2":0.2686289,"populated2020":false,"population2020":null,"populationNote":"境界またぎ・収録外等のため自治体内人口は未集計"},"geometry":{"type":"Polygon","coordinates":[[[131.41875,33.420833333333334],[131.41875,33.425],[131.425,33.425],[131.425,33.420833333333334],[131.41875,33.420833333333334]]]}},{"type":"Feature","id":"44211:503113043","properties":{"id":"44211:503113043","meshCode":"503113043","cityCode":"44211","city":"宇佐市","lat":33.4229167,"lon":131.428125,"areaKm2":0.1269018,"populated2020":false,"population2020":null,"populationNote":"境界またぎ・収録外等のため自治体内人口は未集計"},"geometry":{"type":"Polygon","coordinates":[[[131.429294163,33.425],[131.429448885,33.424440559000004],[131.429327224,33.42416249499999],[131.428841115,33.423782775],[131.427896939,33.422025],[131.427636394,33.421851667],[131.426865551,33.421655559],[131.42526,33.421491667],[131.425105551,33.421366108],[131.425,33.420833333333334],[131.425,33.425],[131.429294163,33.425]]]}},{"type":"Feature","id":"44211:503112101","properties":{"id":"44211:503112101","meshCode":"503112101","cityCode":"44211","city":"宇佐市","lat":33.4272544,"lon":131.2549612,"areaKm2":0.1044438,"populated2020":false,"population2020":null,"populationNote":"境界またぎ・収録外等のため自治体内人口は未集計"},"geometry":{"type":"Polygon","coordinates":[[[131.25379,33.42502194600001],[131.253909442,33.425641946],[131.253849728,33.425820558999995],[131.253407782,33.426318613],[131.253276109,33.426619162],[131.253516939,33.426892775],[131.253935279,33.427681667],[131.25395917,33.42813277500001],[131.25428166,33.42878110800001],[131.25424628180733,33.42916666666667],[131.25625,33.42916666666667],[131.25625,33.425],[131.25379,33.42502194600001]]]}},{"type":"Feature","id":"44211:503112102","properties":{"id":"44211:503112102","meshCode":"503112102","cityCode":"44211","city":"宇佐市","lat":33.4270833,"lon":131.259375,"areaKm2":0.2686163,"populated2020":false,"population2020":null,"populationNote":"境界またぎ・収録外等のため自治体内人口は未集計"},"geometry":{"type":"Polygon","coordinates":[[[131.25625,33.425],[131.25625,33.42916666666667],[131.2625,33.42916666666667],[131.2625,33.425],[131.25625,33.425]]]}},{"type":"Feature","id":"44211:503112111","properties":{"id":"44211:503112111","meshCode":"503112111","cityCode":"44211","city":"宇佐市","lat":33.4270833,"lon":131.265625,"areaKm2":0.2686163,"populated2020":false,"population2020":null,"populationNote":"境界またぎ・収録外等のため自治体内人口は未集計"},"geometry":{"type":"Polygon","coordinates":[[[131.2625,33.425],[131.2625,33.42916666666667],[131.26875,33.42916666666667],[131.26875,33.425],[131.2625,33.425]]]}},{"type":"Feature","id":"44211:503112112","properties":{"id":"44211:503112112","meshCode":"503112112","cityCode":"44211","city":"宇佐市","lat":33.4270833,"lon":131.271875,"areaKm2":0.2686163,"populated2020":false,"population2020":null,"populationNote":"境界またぎ・収録外等のため自治体内人口は未集計"},"geometry":{"type":"Polygon","coordinates":[[[131.26875,33.425],[131.26875,33.42916666666667],[131.275,33.42916666666667],[131.275,33.42499999999999],[131.26875,33.425]]]}},{"type":"Feature","id":"44211:503112121","properties":{"id":"44211:503112121","meshCode":"503112121","cityCode":"44211","city":"宇佐市","lat":33.4270833,"lon":131.278125,"areaKm2":0.2686163,"populated2020":false,"population2020":null,"populationNote":"境界またぎ・収録外等のため自治体内人口は未集計"},"geometry":{"type":"Polygon","coordinates":[[[131.275,33.42499999999999],[131.275,33.42916666666667],[131.28125,33.42916666666667],[131.28125,33.425],[131.275,33.42499999999999]]]}},{"type":"Feature","id":"44211:503112122","properties":{"id":"44211:503112122","meshCode":"503112122","cityCode":"44211","city":"宇佐市","lat":33.4270833,"lon":131.284375,"areaKm2":0.2686163,"populated2020":false,"population2020":null,"populationNote":"境界またぎ・収録外等のため自治体内人口は未集計"},"geometry":{"type":"Polygon","coordinates":[[[131.28125,33.425],[131.28125,33.42916666666667],[131.2875,33.42916666666667],[131.2875,33.425],[131.28125,33.425]]]}},{"type":"Feature","id":"44211:503112131","properties":{"id":"44211:503112131","meshCode":"503112131","cityCode":"44211","city":"宇佐市","lat":33.4270833,"lon":131.290625,"areaKm2":0.2686163,"populated2020":false,"population2020":null,"populationNote":"境界またぎ・収録外等のため自治体内人口は未集計"},"geometry":{"type":"Polygon","coordinates":[[[131.2875,33.425],[131.2875,33.42916666666667],[131.29375,33.429166666666674],[131.29375,33.425],[131.2875,33.425]]]}},{"type":"Feature","id":"44211:503112132","properties":{"id":"44211:503112132","meshCode":"503112132","cityCode":"44211","city":"宇佐市","lat":33.4270833,"lon":131.296875,"areaKm2":0.2686163,"populated2020":true,"population2020":16.0957,"populationNote":"2020年基準人口（国交省調整値）"},"geometry":{"type":"Polygon","coordinates":[[[131.29375,33.425],[131.29375,33.429166666666674],[131.30000000000004,33.42916666666667],[131.30000000000004,33.425],[131.29375,33.425]]]}},{"type":"Feature","id":"44211:503112141","properties":{"id":"44211:503112141","meshCode":"503112141","cityCode":"44211","city":"宇佐市","lat":33.4270833,"lon":131.303125,"areaKm2":0.2686163,"populated2020":true,"population2020":16.1094,"populationNote":"2020年基準人口（国交省調整値）"},"geometry":{"type":"Polygon","coordinates":[[[131.30000000000004,33.425],[131.30000000000004,33.42916666666667],[131.30625,33.42916666666667],[131.30625,33.425],[131.30000000000004,33.425]]]}},{"type":"Feature","id":"44211:503112142","properties":{"id":"44211:503112142","meshCode":"503112142","cityCode":"44211","city":"宇佐市","lat":33.4270833,"lon":131.309375,"areaKm2":0.2686163,"populated2020":false,"population2020":null,"populationNote":"境界またぎ・収録外等のため自治体内人口は未集計"},"geometry":{"type":"Polygon","coordinates":[[[131.30625,33.425],[131.30625,33.42916666666667],[131.3125,33.42916666666667],[131.3125,33.42499999999999],[131.30625,33.425]]]}},{"type":"Feature","id":"44211:503112151","properties":{"id":"44211:503112151","meshCode":"503112151","cityCode":"44211","city":"宇佐市","lat":33.4270833,"lon":131.315625,"areaKm2":0.2686163,"populated2020":true,"population2020":92.6427,"populationNote":"2020年基準人口（国交省調整値）"},"geometry":{"type":"Polygon","coordinates":[[[131.3125,33.42499999999999],[131.3125,33.42916666666667],[131.31875,33.42916666666667],[131.31875,33.425000000000004],[131.3125,33.42499999999999]]]}},{"type":"Feature","id":"44211:503112152","properties":{"id":"44211:503112152","meshCode":"503112152","cityCode":"44211","city":"宇佐市","lat":33.4270833,"lon":131.321875,"areaKm2":0.2686163,"populated2020":true,"population2020":89.6077,"populationNote":"2020年基準人口（国交省調整値）"},"geometry":{"type":"Polygon","coordinates":[[[131.31875,33.425000000000004],[131.31875,33.42916666666667],[131.325,33.42916666666667],[131.325,33.425],[131.31875,33.425000000000004]]]}},{"type":"Feature","id":"44211:503112161","properties":{"id":"44211:503112161","meshCode":"503112161","cityCode":"44211","city":"宇佐市","lat":33.4270833,"lon":131.328125,"areaKm2":0.2686163,"populated2020":true,"population2020":31.153,"populationNote":"2020年基準人口（国交省調整値）"},"geometry":{"type":"Polygon","coordinates":[[[131.325,33.425],[131.325,33.42916666666667],[131.33125,33.42916666666667],[131.33125,33.425],[131.325,33.425]]]}},{"type":"Feature","id":"44211:503112162","properties":{"id":"44211:503112162","meshCode":"503112162","cityCode":"44211","city":"宇佐市","lat":33.4270833,"lon":131.334375,"areaKm2":0.2686163,"populated2020":false,"population2020":null,"populationNote":"境界またぎ・収録外等のため自治体内人口は未集計"},"geometry":{"type":"Polygon","coordinates":[[[131.33125,33.425],[131.33125,33.42916666666667],[131.3375,33.42916666666667],[131.3375,33.42499999999999],[131.33125,33.425]]]}},{"type":"Feature","id":"44211:503112171","properties":{"id":"44211:503112171","meshCode":"503112171","cityCode":"44211","city":"宇佐市","lat":33.4270833,"lon":131.340625,"areaKm2":0.2686163,"populated2020":true,"population2020":46.2409,"populationNote":"2020年基準人口（国交省調整値）"},"geometry":{"type":"Polygon","coordinates":[[[131.3375,33.42499999999999],[131.3375,33.42916666666667],[131.34375,33.429166666666674],[131.34375,33.425000000000004],[131.3375,33.42499999999999]]]}},{"type":"Feature","id":"44211:503112172","properties":{"id":"44211:503112172","meshCode":"503112172","cityCode":"44211","city":"宇佐市","lat":33.4270833,"lon":131.346875,"areaKm2":0.2686163,"populated2020":false,"population2020":null,"populationNote":"境界またぎ・収録外等のため自治体内人口は未集計"},"geometry":{"type":"Polygon","coordinates":[[[131.34375,33.425000000000004],[131.34375,33.429166666666674],[131.35,33.429166666666674],[131.35,33.425],[131.34375,33.425000000000004]]]}},{"type":"Feature","id":"44211:503112181","properties":{"id":"44211:503112181","meshCode":"503112181","cityCode":"44211","city":"宇佐市","lat":33.4270833,"lon":131.353125,"areaKm2":0.2686163,"populated2020":true,"population2020":54.3682,"populationNote":"2020年基準人口（国交省調整値）"},"geometry":{"type":"Polygon","coordinates":[[[131.35,33.425],[131.35,33.429166666666674],[131.35625000000002,33.42916666666667],[131.35625000000002,33.42499999999999],[131.35,33.425]]]}},{"type":"Feature","id":"44211:503112182","properties":{"id":"44211:503112182","meshCode":"503112182","cityCode":"44211","city":"宇佐市","lat":33.4270833,"lon":131.359375,"areaKm2":0.2686163,"populated2020":true,"population2020":17.1339,"populationNote":"2020年基準人口（国交省調整値）"},"geometry":{"type":"Polygon","coordinates":[[[131.35625000000002,33.42499999999999],[131.35625000000002,33.42916666666667],[131.3625,33.42916666666667],[131.3625,33.42499999999999],[131.35625000000002,33.42499999999999]]]}},{"type":"Feature","id":"44211:503112191","properties":{"id":"44211:503112191","meshCode":"503112191","cityCode":"44211","city":"宇佐市","lat":33.4270833,"lon":131.365625,"areaKm2":0.2686163,"populated2020":true,"population2020":85.6402,"populationNote":"2020年基準人口（国交省調整値）"},"geometry":{"type":"Polygon","coordinates":[[[131.3625,33.42499999999999],[131.3625,33.42916666666667],[131.36875,33.42916666666667],[131.36875,33.425],[131.3625,33.42499999999999]]]}},{"type":"Feature","id":"44211:503112192","properties":{"id":"44211:503112192","meshCode":"503112192","cityCode":"44211","city":"宇佐市","lat":33.4270833,"lon":131.371875,"areaKm2":0.2686163,"populated2020":false,"population2020":null,"populationNote":"境界またぎ・収録外等のため自治体内人口は未集計"},"geometry":{"type":"Polygon","coordinates":[[[131.36875,33.425],[131.36875,33.42916666666667],[131.375,33.42916666666666],[131.375,33.425],[131.36875,33.425]]]}},{"type":"Feature","id":"44211:503113101","properties":{"id":"44211:503113101","meshCode":"503113101","cityCode":"44211","city":"宇佐市","lat":33.4270833,"lon":131.378125,"areaKm2":0.2686163,"populated2020":true,"population2020":10.0792,"populationNote":"2020年基準人口（国交省調整値）"},"geometry":{"type":"Polygon","coordinates":[[[131.375,33.425],[131.375,33.42916666666666],[131.38125,33.42916666666667],[131.38125,33.425],[131.375,33.425]]]}},{"type":"Feature","id":"44211:503113102","properties":{"id":"44211:503113102","meshCode":"503113102","cityCode":"44211","city":"宇佐市","lat":33.4270833,"lon":131.384375,"areaKm2":0.2686163,"populated2020":true,"population2020":5.0347,"populationNote":"2020年基準人口（国交省調整値）"},"geometry":{"type":"Polygon","coordinates":[[[131.38125,33.425],[131.38125,33.42916666666667],[131.3875,33.42916666666666],[131.3875,33.42499999999999],[131.38125,33.425]]]}},{"type":"Feature","id":"44211:503113111","properties":{"id":"44211:503113111","meshCode":"503113111","cityCode":"44211","city":"宇佐市","lat":33.4270833,"lon":131.390625,"areaKm2":0.2686163,"populated2020":true,"population2020":4.024,"populationNote":"2020年基準人口（国交省調整値）"},"geometry":{"type":"Polygon","coordinates":[[[131.3875,33.42499999999999],[131.3875,33.42916666666666],[131.39375,33.42916666666666],[131.39375,33.425],[131.3875,33.42499999999999]]]}},{"type":"Feature","id":"44211:503113112","properties":{"id":"44211:503113112","meshCode":"503113112","cityCode":"44211","city":"宇佐市","lat":33.4270833,"lon":131.396875,"areaKm2":0.2686163,"populated2020":false,"population2020":null,"populationNote":"境界またぎ・収録外等のため自治体内人口は未集計"},"geometry":{"type":"Polygon","coordinates":[[[131.39375,33.425],[131.39375,33.42916666666666],[131.4,33.42916666666667],[131.4,33.425],[131.39375,33.425]]]}},{"type":"Feature","id":"44211:503113121","properties":{"id":"44211:503113121","meshCode":"503113121","cityCode":"44211","city":"宇佐市","lat":33.4270833,"lon":131.403125,"areaKm2":0.2686163,"populated2020":false,"population2020":null,"populationNote":"境界またぎ・収録外等のため自治体内人口は未集計"},"geometry":{"type":"Polygon","coordinates":[[[131.4,33.425],[131.4,33.42916666666667],[131.40625,33.42916666666666],[131.40625,33.425],[131.4,33.425]]]}},{"type":"Feature","id":"44211:503113122","properties":{"id":"44211:503113122","meshCode":"503113122","cityCode":"44211","city":"宇佐市","lat":33.4270833,"lon":131.409375,"areaKm2":0.2686163,"populated2020":false,"population2020":null,"populationNote":"境界またぎ・収録外等のため自治体内人口は未集計"},"geometry":{"type":"Polygon","coordinates":[[[131.40625,33.425],[131.40625,33.42916666666666],[131.4125,33.429166666666674],[131.4125,33.425],[131.40625,33.425]]]}},{"type":"Feature","id":"44211:503113131","properties":{"id":"44211:503113131","meshCode":"503113131","cityCode":"44211","city":"宇佐市","lat":33.4270833,"lon":131.415625,"areaKm2":0.2686163,"populated2020":false,"population2020":null,"populationNote":"境界またぎ・収録外等のため自治体内人口は未集計"},"geometry":{"type":"Polygon","coordinates":[[[131.4125,33.425],[131.4125,33.429166666666674],[131.41875,33.42916666666667],[131.41875,33.425],[131.4125,33.425]]]}},{"type":"Feature","id":"44211:503113132","properties":{"id":"44211:503113132","meshCode":"503113132","cityCode":"44211","city":"宇佐市","lat":33.4270833,"lon":131.421875,"areaKm2":0.2686163,"populated2020":false,"population2020":null,"populationNote":"境界またぎ・収録外等のため自治体内人口は未集計"},"geometry":{"type":"Polygon","coordinates":[[[131.41875,33.425],[131.41875,33.42916666666667],[131.425,33.42916666666666],[131.425,33.425],[131.41875,33.425]]]}},{"type":"Feature","id":"44211:503113141","properties":{"id":"44211:503113141","meshCode":"503113141","cityCode":"44211","city":"宇佐市","lat":33.4270833,"lon":131.428125,"areaKm2":0.1748772,"populated2020":false,"population2020":null,"populationNote":"境界またぎ・収録外等のため自治体内人口は未集計"},"geometry":{"type":"Polygon","coordinates":[[[131.42882796165026,33.42916666666667],[131.429123606,33.428101946],[131.429361388,33.427664441],[131.429123606,33.426843891999994],[131.428863061,33.42655082900001],[131.428793606,33.426263892],[131.429294163,33.425],[131.425,33.425],[131.425,33.42916666666666],[131.42882796165026,33.42916666666667]]]}},{"type":"Feature","id":"44211:503112103","properties":{"id":"44211:503112103","meshCode":"503112103","cityCode":"44211","city":"宇佐市","lat":33.43125,"lon":131.253125,"areaKm2":0.1371741,"populated2020":false,"population2020":null,"populationNote":"境界またぎ・収録外等のため自治体内人口は未集計"},"geometry":{"type":"Polygon","coordinates":[[[131.25424628180733,33.42916666666667],[131.253552776,33.430556667000005],[131.253122776,33.431111108],[131.2517291437792,33.43333333333333],[131.25625,33.43333333333332],[131.25625,33.42916666666667],[131.25424628180733,33.42916666666667]]]}},{"type":"Feature","id":"44211:503112104","properties":{"id":"44211:503112104","meshCode":"503112104","cityCode":"44211","city":"宇佐市","lat":33.43125,"lon":131.259375,"areaKm2":0.2686036,"populated2020":false,"population2020":null,"populationNote":"境界またぎ・収録外等のため自治体内人口は未集計"},"geometry":{"type":"Polygon","coordinates":[[[131.25625,33.42916666666667],[131.25625,33.43333333333332],[131.2625,33.43333333333334],[131.2625,33.42916666666667],[131.25625,33.42916666666667]]]}},{"type":"Feature","id":"44211:503112113","properties":{"id":"44211:503112113","meshCode":"503112113","cityCode":"44211","city":"宇佐市","lat":33.43125,"lon":131.265625,"areaKm2":0.2686036,"populated2020":false,"population2020":null,"populationNote":"境界またぎ・収録外等のため自治体内人口は未集計"},"geometry":{"type":"Polygon","coordinates":[[[131.2625,33.42916666666667],[131.2625,33.43333333333334],[131.26875,33.43333333333333],[131.26875,33.42916666666667],[131.2625,33.42916666666667]]]}},{"type":"Feature","id":"44211:503112114","properties":{"id":"44211:503112114","meshCode":"503112114","cityCode":"44211","city":"宇佐市","lat":33.43125,"lon":131.271875,"areaKm2":0.2686036,"populated2020":false,"population2020":null,"populationNote":"境界またぎ・収録外等のため自治体内人口は未集計"},"geometry":{"type":"Polygon","coordinates":[[[131.26875,33.42916666666667],[131.26875,33.43333333333333],[131.275,33.43333333333332],[131.275,33.42916666666667],[131.26875,33.42916666666667]]]}},{"type":"Feature","id":"44211:503112123","properties":{"id":"44211:503112123","meshCode":"503112123","cityCode":"44211","city":"宇佐市","lat":33.43125,"lon":131.278125,"areaKm2":0.2686036,"populated2020":false,"population2020":null,"populationNote":"境界またぎ・収録外等のため自治体内人口は未集計"},"geometry":{"type":"Polygon","coordinates":[[[131.275,33.42916666666667],[131.275,33.43333333333332],[131.28125,33.43333333333333],[131.28125,33.42916666666667],[131.275,33.42916666666667]]]}},{"type":"Feature","id":"44211:503112124","properties":{"id":"44211:503112124","meshCode":"503112124","cityCode":"44211","city":"宇佐市","lat":33.43125,"lon":131.284375,"areaKm2":0.2686036,"populated2020":false,"population2020":null,"populationNote":"境界またぎ・収録外等のため自治体内人口は未集計"},"geometry":{"type":"Polygon","coordinates":[[[131.28125,33.42916666666667],[131.28125,33.43333333333333],[131.2875,33.43333333333333],[131.2875,33.42916666666667],[131.28125,33.42916666666667]]]}},{"type":"Feature","id":"44211:503112133","properties":{"id":"44211:503112133","meshCode":"503112133","cityCode":"44211","city":"宇佐市","lat":33.43125,"lon":131.290625,"areaKm2":0.2686036,"populated2020":false,"population2020":null,"populationNote":"境界またぎ・収録外等のため自治体内人口は未集計"},"geometry":{"type":"Polygon","coordinates":[[[131.2875,33.42916666666667],[131.2875,33.43333333333333],[131.29375,33.43333333333333],[131.29375,33.429166666666674],[131.2875,33.42916666666667]]]}},{"type":"Feature","id":"44211:503112134","properties":{"id":"44211:503112134","meshCode":"503112134","cityCode":"44211","city":"宇佐市","lat":33.43125,"lon":131.296875,"areaKm2":0.2686036,"populated2020":false,"population2020":null,"populationNote":"境界またぎ・収録外等のため自治体内人口は未集計"},"geometry":{"type":"Polygon","coordinates":[[[131.29375,33.429166666666674],[131.29375,33.43333333333333],[131.30000000000004,33.43333333333333],[131.30000000000004,33.42916666666667],[131.29375,33.429166666666674]]]}},{"type":"Feature","id":"44211:503112143","properties":{"id":"44211:503112143","meshCode":"503112143","cityCode":"44211","city":"宇佐市","lat":33.43125,"lon":131.303125,"areaKm2":0.2686036,"populated2020":true,"population2020":5.0397,"populationNote":"2020年基準人口（国交省調整値）"},"geometry":{"type":"Polygon","coordinates":[[[131.30000000000004,33.42916666666667],[131.30000000000004,33.43333333333333],[131.30625,33.43333333333332],[131.30625,33.42916666666667],[131.30000000000004,33.42916666666667]]]}},{"type":"Feature","id":"44211:503112144","properties":{"id":"44211:503112144","meshCode":"503112144","cityCode":"44211","city":"宇佐市","lat":33.43125,"lon":131.309375,"areaKm2":0.2686036,"populated2020":false,"population2020":null,"populationNote":"境界またぎ・収録外等のため自治体内人口は未集計"},"geometry":{"type":"Polygon","coordinates":[[[131.30625,33.42916666666667],[131.30625,33.43333333333332],[131.3125,33.43333333333332],[131.3125,33.42916666666667],[131.30625,33.42916666666667]]]}},{"type":"Feature","id":"44211:503112153","properties":{"id":"44211:503112153","meshCode":"503112153","cityCode":"44211","city":"宇佐市","lat":33.43125,"lon":131.315625,"areaKm2":0.2686036,"populated2020":false,"population2020":null,"populationNote":"境界またぎ・収録外等のため自治体内人口は未集計"},"geometry":{"type":"Polygon","coordinates":[[[131.3125,33.42916666666667],[131.3125,33.43333333333332],[131.31875,33.43333333333334],[131.31875,33.42916666666667],[131.3125,33.42916666666667]]]}},{"type":"Feature","id":"44211:503112154","properties":{"id":"44211:503112154","meshCode":"503112154","cityCode":"44211","city":"宇佐市","lat":33.43125,"lon":131.321875,"areaKm2":0.2686036,"populated2020":true,"population2020":85.6256,"populationNote":"2020年基準人口（国交省調整値）"},"geometry":{"type":"Polygon","coordinates":[[[131.31875,33.42916666666667],[131.31875,33.43333333333334],[131.325,33.43333333333333],[131.325,33.42916666666667],[131.31875,33.42916666666667]]]}},{"type":"Feature","id":"44211:503112163","properties":{"id":"44211:503112163","meshCode":"503112163","cityCode":"44211","city":"宇佐市","lat":33.43125,"lon":131.328125,"areaKm2":0.2686036,"populated2020":true,"population2020":14.0868,"populationNote":"2020年基準人口（国交省調整値）"},"geometry":{"type":"Polygon","coordinates":[[[131.325,33.42916666666667],[131.325,33.43333333333333],[131.33125,33.43333333333333],[131.33125,33.42916666666667],[131.325,33.42916666666667]]]}},{"type":"Feature","id":"44211:503112164","properties":{"id":"44211:503112164","meshCode":"503112164","cityCode":"44211","city":"宇佐市","lat":33.43125,"lon":131.334375,"areaKm2":0.2686036,"populated2020":false,"population2020":null,"populationNote":"境界またぎ・収録外等のため自治体内人口は未集計"},"geometry":{"type":"Polygon","coordinates":[[[131.33125,33.42916666666667],[131.33125,33.43333333333333],[131.3375,33.43333333333332],[131.3375,33.42916666666667],[131.33125,33.42916666666667]]]}},{"type":"Feature","id":"44211:503112173","properties":{"id":"44211:503112173","meshCode":"503112173","cityCode":"44211","city":"宇佐市","lat":33.43125,"lon":131.340625,"areaKm2":0.2686036,"populated2020":false,"population2020":null,"populationNote":"境界またぎ・収録外等のため自治体内人口は未集計"},"geometry":{"type":"Polygon","coordinates":[[[131.3375,33.42916666666667],[131.3375,33.43333333333332],[131.34375,33.43333333333333],[131.34375,33.429166666666674],[131.3375,33.42916666666667]]]}},{"type":"Feature","id":"44211:503112174","properties":{"id":"44211:503112174","meshCode":"503112174","cityCode":"44211","city":"宇佐市","lat":33.43125,"lon":131.346875,"areaKm2":0.2686036,"populated2020":true,"population2020":133.8045,"populationNote":"2020年基準人口（国交省調整値）"},"geometry":{"type":"Polygon","coordinates":[[[131.34375,33.429166666666674],[131.34375,33.43333333333333],[131.35,33.43333333333332],[131.35,33.429166666666674],[131.34375,33.429166666666674]]]}},{"type":"Feature","id":"44211:503112183","properties":{"id":"44211:503112183","meshCode":"503112183","cityCode":"44211","city":"宇佐市","lat":33.43125,"lon":131.353125,"areaKm2":0.2686036,"populated2020":true,"population2020":94.5764,"populationNote":"2020年基準人口（国交省調整値）"},"geometry":{"type":"Polygon","coordinates":[[[131.35,33.429166666666674],[131.35,33.43333333333332],[131.35625000000002,33.43333333333333],[131.35625000000002,33.42916666666667],[131.35,33.429166666666674]]]}},{"type":"Feature","id":"44211:503112184","properties":{"id":"44211:503112184","meshCode":"503112184","cityCode":"44211","city":"宇佐市","lat":33.43125,"lon":131.359375,"areaKm2":0.2686036,"populated2020":true,"population2020":31.236,"populationNote":"2020年基準人口（国交省調整値）"},"geometry":{"type":"Polygon","coordinates":[[[131.35625000000002,33.42916666666667],[131.35625000000002,33.43333333333333],[131.3625,33.43333333333333],[131.3625,33.42916666666667],[131.35625000000002,33.42916666666667]]]}},{"type":"Feature","id":"44211:503112193","properties":{"id":"44211:503112193","meshCode":"503112193","cityCode":"44211","city":"宇佐市","lat":33.43125,"lon":131.365625,"areaKm2":0.2686036,"populated2020":true,"population2020":63.4573,"populationNote":"2020年基準人口（国交省調整値）"},"geometry":{"type":"Polygon","coordinates":[[[131.3625,33.42916666666667],[131.3625,33.43333333333333],[131.36875,33.43333333333333],[131.36875,33.42916666666667],[131.3625,33.42916666666667]]]}},{"type":"Feature","id":"44211:503112194","properties":{"id":"44211:503112194","meshCode":"503112194","cityCode":"44211","city":"宇佐市","lat":33.43125,"lon":131.371875,"areaKm2":0.2686036,"populated2020":true,"population2020":29.2492,"populationNote":"2020年基準人口（国交省調整値）"},"geometry":{"type":"Polygon","coordinates":[[[131.36875,33.42916666666667],[131.36875,33.43333333333333],[131.375,33.43333333333333],[131.375,33.42916666666666],[131.36875,33.42916666666667]]]}},{"type":"Feature","id":"44211:503113103","properties":{"id":"44211:503113103","meshCode":"503113103","cityCode":"44211","city":"宇佐市","lat":33.43125,"lon":131.378125,"areaKm2":0.2686036,"populated2020":true,"population2020":19.1516,"populationNote":"2020年基準人口（国交省調整値）"},"geometry":{"type":"Polygon","coordinates":[[[131.375,33.42916666666666],[131.375,33.43333333333333],[131.38125,33.43333333333333],[131.38125,33.42916666666667],[131.375,33.42916666666666]]]}},{"type":"Feature","id":"44211:503113104","properties":{"id":"44211:503113104","meshCode":"503113104","cityCode":"44211","city":"宇佐市","lat":33.43125,"lon":131.384375,"areaKm2":0.2686036,"populated2020":true,"population2020":3.012,"populationNote":"2020年基準人口（国交省調整値）"},"geometry":{"type":"Polygon","coordinates":[[[131.38125,33.42916666666667],[131.38125,33.43333333333333],[131.3875,33.43333333333334],[131.3875,33.42916666666666],[131.38125,33.42916666666667]]]}},{"type":"Feature","id":"44211:503113113","properties":{"id":"44211:503113113","meshCode":"503113113","cityCode":"44211","city":"宇佐市","lat":33.43125,"lon":131.390625,"areaKm2":0.2686036,"populated2020":true,"population2020":15.1445,"populationNote":"2020年基準人口（国交省調整値）"},"geometry":{"type":"Polygon","coordinates":[[[131.3875,33.42916666666666],[131.3875,33.43333333333334],[131.39375,33.43333333333333],[131.39375,33.42916666666666],[131.3875,33.42916666666666]]]}},{"type":"Feature","id":"44211:503113114","properties":{"id":"44211:503113114","meshCode":"503113114","cityCode":"44211","city":"宇佐市","lat":33.43125,"lon":131.396875,"areaKm2":0.2686036,"populated2020":true,"population2020":21.2234,"populationNote":"2020年基準人口（国交省調整値）"},"geometry":{"type":"Polygon","coordinates":[[[131.39375,33.42916666666666],[131.39375,33.43333333333333],[131.4,33.43333333333334],[131.4,33.42916666666667],[131.39375,33.42916666666666]]]}},{"type":"Feature","id":"44211:503113123","properties":{"id":"44211:503113123","meshCode":"503113123","cityCode":"44211","city":"宇佐市","lat":33.43125,"lon":131.403125,"areaKm2":0.2686036,"populated2020":false,"population2020":null,"populationNote":"境界またぎ・収録外等のため自治体内人口は未集計"},"geometry":{"type":"Polygon","coordinates":[[[131.4,33.42916666666667],[131.4,33.43333333333334],[131.40625,33.43333333333333],[131.40625,33.42916666666666],[131.4,33.42916666666667]]]}},{"type":"Feature","id":"44211:503113124","properties":{"id":"44211:503113124","meshCode":"503113124","cityCode":"44211","city":"宇佐市","lat":33.43125,"lon":131.409375,"areaKm2":0.2686036,"populated2020":true,"population2020":32.2635,"populationNote":"2020年基準人口（国交省調整値）"},"geometry":{"type":"Polygon","coordinates":[[[131.40625,33.42916666666666],[131.40625,33.43333333333333],[131.4125,33.43333333333334],[131.4125,33.429166666666674],[131.40625,33.42916666666666]]]}},{"type":"Feature","id":"44211:503113133","properties":{"id":"44211:503113133","meshCode":"503113133","cityCode":"44211","city":"宇佐市","lat":33.43125,"lon":131.415625,"areaKm2":0.2686036,"populated2020":false,"population2020":null,"populationNote":"境界またぎ・収録外等のため自治体内人口は未集計"},"geometry":{"type":"Polygon","coordinates":[[[131.4125,33.429166666666674],[131.4125,33.43333333333334],[131.41875,33.43333333333333],[131.41875,33.42916666666667],[131.4125,33.429166666666674]]]}},{"type":"Feature","id":"44211:503113134","properties":{"id":"44211:503113134","meshCode":"503113134","cityCode":"44211","city":"宇佐市","lat":33.43125,"lon":131.421875,"areaKm2":0.2686036,"populated2020":false,"population2020":null,"populationNote":"境界またぎ・収録外等のため自治体内人口は未集計"},"geometry":{"type":"Polygon","coordinates":[[[131.41875,33.42916666666667],[131.41875,33.43333333333333],[131.425,33.43333333333333],[131.425,33.42916666666666],[131.41875,33.42916666666667]]]}},{"type":"Feature","id":"44211:503113143","properties":{"id":"44211:503113143","meshCode":"503113143","cityCode":"44211","city":"宇佐市","lat":33.4311532,"lon":131.4265388,"areaKm2":0.154652,"populated2020":false,"population2020":null,"populationNote":"境界またぎ・収録外等のため自治体内人口は未集計"},"geometry":{"type":"Polygon","coordinates":[[[131.430276226,33.433333333],[131.429829442,33.432945279],[131.428920558,33.432604721],[131.428404994,33.43205749500001],[131.428132776,33.431629162],[131.42806306100002,33.431260279],[131.428161946,33.430633333],[131.428388054,33.429967774999994],[131.42882796165026,33.42916666666667],[131.425,33.42916666666666],[131.425,33.43333333333333],[131.430276226,33.433333333]]]}},{"type":"Feature","id":"44211:503111292","properties":{"id":"44211:503111292","meshCode":"503111292","cityCode":"44211","city":"宇佐市","lat":33.4373521,"lon":131.2499168,"areaKm2":0.0005179,"populated2020":false,"population2020":null,"populationNote":"境界またぎ・収録外等のため自治体内人口は未集計"},"geometry":{"type":"Polygon","coordinates":[[[131.25,33.437157559],[131.24970814537696,33.4375],[131.25,33.4375],[131.25,33.437157559]]]}},{"type":"Feature","id":"44211:503112201","properties":{"id":"44211:503112201","meshCode":"503112201","cityCode":"44211","city":"宇佐市","lat":33.4354167,"lon":131.253125,"areaKm2":0.2202412,"populated2020":false,"population2020":null,"populationNote":"境界またぎ・収録外等のため自治体内人口は未集計"},"geometry":{"type":"Polygon","coordinates":[[[131.2517291437792,33.43333333333333],[131.251498885,33.433705558999996],[131.251463061,33.434466667],[131.251701946,33.435086667],[131.251618327,33.43552833300001],[131.250566939,33.436514721],[131.25,33.437157559],[131.25,33.4375],[131.25625,33.4375],[131.25625,33.43333333333332],[131.2517291437792,33.43333333333333]]]}},{"type":"Feature","id":"44211:503112202","properties":{"id":"44211:503112202","meshCode":"503112202","cityCode":"44211","city":"宇佐市","lat":33.4354167,"lon":131.259375,"areaKm2":0.268591,"populated2020":false,"population2020":null,"populationNote":"境界またぎ・収録外等のため自治体内人口は未集計"},"geometry":{"type":"Polygon","coordinates":[[[131.25625,33.43333333333332],[131.25625,33.4375],[131.2625,33.43750000000001],[131.2625,33.43333333333334],[131.25625,33.43333333333332]]]}},{"type":"Feature","id":"44211:503112211","properties":{"id":"44211:503112211","meshCode":"503112211","cityCode":"44211","city":"宇佐市","lat":33.4354167,"lon":131.265625,"areaKm2":0.268591,"populated2020":false,"population2020":null,"populationNote":"境界またぎ・収録外等のため自治体内人口は未集計"},"geometry":{"type":"Polygon","coordinates":[[[131.2625,33.43333333333334],[131.2625,33.43750000000001],[131.26875,33.4375],[131.26875,33.43333333333333],[131.2625,33.43333333333334]]]}},{"type":"Feature","id":"44211:503112212","properties":{"id":"44211:503112212","meshCode":"503112212","cityCode":"44211","city":"宇佐市","lat":33.4354167,"lon":131.271875,"areaKm2":0.268591,"populated2020":false,"population2020":null,"populationNote":"境界またぎ・収録外等のため自治体内人口は未集計"},"geometry":{"type":"Polygon","coordinates":[[[131.26875,33.43333333333333],[131.26875,33.4375],[131.275,33.4375],[131.275,33.43333333333332],[131.26875,33.43333333333333]]]}},{"type":"Feature","id":"44211:503112221","properties":{"id":"44211:503112221","meshCode":"503112221","cityCode":"44211","city":"宇佐市","lat":33.4354167,"lon":131.278125,"areaKm2":0.268591,"populated2020":true,"population2020":6.0486,"populationNote":"2020年基準人口（国交省調整値）"},"geometry":{"type":"Polygon","coordinates":[[[131.275,33.43333333333332],[131.275,33.4375],[131.28125,33.43749999999999],[131.28125,33.43333333333333],[131.275,33.43333333333332]]]}},{"type":"Feature","id":"44211:503112222","properties":{"id":"44211:503112222","meshCode":"503112222","cityCode":"44211","city":"宇佐市","lat":33.4354167,"lon":131.284375,"areaKm2":0.268591,"populated2020":true,"population2020":17.1472,"populationNote":"2020年基準人口（国交省調整値）"},"geometry":{"type":"Polygon","coordinates":[[[131.28125,33.43333333333333],[131.28125,33.43749999999999],[131.2875,33.4375],[131.2875,33.43333333333333],[131.28125,33.43333333333333]]]}},{"type":"Feature","id":"44211:503112231","properties":{"id":"44211:503112231","meshCode":"503112231","cityCode":"44211","city":"宇佐市","lat":33.4354167,"lon":131.290625,"areaKm2":0.268591,"populated2020":false,"population2020":null,"populationNote":"境界またぎ・収録外等のため自治体内人口は未集計"},"geometry":{"type":"Polygon","coordinates":[[[131.2875,33.43333333333333],[131.2875,33.4375],[131.29375,33.4375],[131.29375,33.43333333333333],[131.2875,33.43333333333333]]]}},{"type":"Feature","id":"44211:503112232","properties":{"id":"44211:503112232","meshCode":"503112232","cityCode":"44211","city":"宇佐市","lat":33.4354167,"lon":131.296875,"areaKm2":0.268591,"populated2020":true,"population2020":9.0549,"populationNote":"2020年基準人口（国交省調整値）"},"geometry":{"type":"Polygon","coordinates":[[[131.29375,33.43333333333333],[131.29375,33.4375],[131.30000000000004,33.4375],[131.30000000000004,33.43333333333333],[131.29375,33.43333333333333]]]}},{"type":"Feature","id":"44211:503112241","properties":{"id":"44211:503112241","meshCode":"503112241","cityCode":"44211","city":"宇佐市","lat":33.4354167,"lon":131.303125,"areaKm2":0.268591,"populated2020":true,"population2020":22.1877,"populationNote":"2020年基準人口（国交省調整値）"},"geometry":{"type":"Polygon","coordinates":[[[131.30000000000004,33.43333333333333],[131.30000000000004,33.4375],[131.30625,33.4375],[131.30625,33.43333333333332],[131.30000000000004,33.43333333333333]]]}},{"type":"Feature","id":"44211:503112242","properties":{"id":"44211:503112242","meshCode":"503112242","cityCode":"44211","city":"宇佐市","lat":33.4354167,"lon":131.309375,"areaKm2":0.268591,"populated2020":true,"population2020":2.0058,"populationNote":"2020年基準人口（国交省調整値）"},"geometry":{"type":"Polygon","coordinates":[[[131.30625,33.43333333333332],[131.30625,33.4375],[131.3125,33.43749999999999],[131.3125,33.43333333333332],[131.30625,33.43333333333332]]]}},{"type":"Feature","id":"44211:503112251","properties":{"id":"44211:503112251","meshCode":"503112251","cityCode":"44211","city":"宇佐市","lat":33.4354167,"lon":131.315625,"areaKm2":0.268591,"populated2020":false,"population2020":null,"populationNote":"境界またぎ・収録外等のため自治体内人口は未集計"},"geometry":{"type":"Polygon","coordinates":[[[131.3125,33.43333333333332],[131.3125,33.43749999999999],[131.31875,33.43750000000001],[131.31875,33.43333333333334],[131.3125,33.43333333333332]]]}},{"type":"Feature","id":"44211:503112252","properties":{"id":"44211:503112252","meshCode":"503112252","cityCode":"44211","city":"宇佐市","lat":33.4354167,"lon":131.321875,"areaKm2":0.268591,"populated2020":true,"population2020":19.0545,"populationNote":"2020年基準人口（国交省調整値）"},"geometry":{"type":"Polygon","coordinates":[[[131.31875,33.43333333333334],[131.31875,33.43750000000001],[131.325,33.43750000000001],[131.325,33.43333333333333],[131.31875,33.43333333333334]]]}},{"type":"Feature","id":"44211:503112261","properties":{"id":"44211:503112261","meshCode":"503112261","cityCode":"44211","city":"宇佐市","lat":33.4354167,"lon":131.328125,"areaKm2":0.268591,"populated2020":true,"population2020":26.2051,"populationNote":"2020年基準人口（国交省調整値）"},"geometry":{"type":"Polygon","coordinates":[[[131.325,33.43333333333333],[131.325,33.43750000000001],[131.33125,33.43749999999999],[131.33125,33.43333333333333],[131.325,33.43333333333333]]]}},{"type":"Feature","id":"44211:503112262","properties":{"id":"44211:503112262","meshCode":"503112262","cityCode":"44211","city":"宇佐市","lat":33.4354167,"lon":131.334375,"areaKm2":0.268591,"populated2020":false,"population2020":null,"populationNote":"境界またぎ・収録外等のため自治体内人口は未集計"},"geometry":{"type":"Polygon","coordinates":[[[131.33125,33.43333333333333],[131.33125,33.43749999999999],[131.3375,33.43750000000001],[131.3375,33.43333333333332],[131.33125,33.43333333333333]]]}},{"type":"Feature","id":"44211:503112271","properties":{"id":"44211:503112271","meshCode":"503112271","cityCode":"44211","city":"宇佐市","lat":33.4354167,"lon":131.340625,"areaKm2":0.268591,"populated2020":false,"population2020":null,"populationNote":"境界またぎ・収録外等のため自治体内人口は未集計"},"geometry":{"type":"Polygon","coordinates":[[[131.3375,33.43333333333332],[131.3375,33.43750000000001],[131.34375,33.4375],[131.34375,33.43333333333333],[131.3375,33.43333333333332]]]}},{"type":"Feature","id":"44211:503112272","properties":{"id":"44211:503112272","meshCode":"503112272","cityCode":"44211","city":"宇佐市","lat":33.4354167,"lon":131.346875,"areaKm2":0.268591,"populated2020":true,"population2020":79.6148,"populationNote":"2020年基準人口（国交省調整値）"},"geometry":{"type":"Polygon","coordinates":[[[131.34375,33.43333333333333],[131.34375,33.4375],[131.35,33.43749999999999],[131.35,33.43333333333332],[131.34375,33.43333333333333]]]}},{"type":"Feature","id":"44211:503112281","properties":{"id":"44211:503112281","meshCode":"503112281","cityCode":"44211","city":"宇佐市","lat":33.4354167,"lon":131.353125,"areaKm2":0.268591,"populated2020":true,"population2020":163.2536,"populationNote":"2020年基準人口（国交省調整値）"},"geometry":{"type":"Polygon","coordinates":[[[131.35,33.43333333333332],[131.35,33.43749999999999],[131.35625000000002,33.4375],[131.35625000000002,33.43333333333333],[131.35,33.43333333333332]]]}},{"type":"Feature","id":"44211:503112282","properties":{"id":"44211:503112282","meshCode":"503112282","cityCode":"44211","city":"宇佐市","lat":33.4354167,"lon":131.359375,"areaKm2":0.268591,"populated2020":true,"population2020":145.9698,"populationNote":"2020年基準人口（国交省調整値）"},"geometry":{"type":"Polygon","coordinates":[[[131.35625000000002,33.43333333333333],[131.35625000000002,33.4375],[131.3625,33.43749999999999],[131.3625,33.43333333333333],[131.35625000000002,33.43333333333333]]]}},{"type":"Feature","id":"44211:503112291","properties":{"id":"44211:503112291","meshCode":"503112291","cityCode":"44211","city":"宇佐市","lat":33.4354167,"lon":131.365625,"areaKm2":0.268591,"populated2020":true,"population2020":99.7859,"populationNote":"2020年基準人口（国交省調整値）"},"geometry":{"type":"Polygon","coordinates":[[[131.3625,33.43333333333333],[131.3625,33.43749999999999],[131.36875,33.4375],[131.36875,33.43333333333333],[131.3625,33.43333333333333]]]}},{"type":"Feature","id":"44211:503112292","properties":{"id":"44211:503112292","meshCode":"503112292","cityCode":"44211","city":"宇佐市","lat":33.4354167,"lon":131.371875,"areaKm2":0.268591,"populated2020":true,"population2020":10.0603,"populationNote":"2020年基準人口（国交省調整値）"},"geometry":{"type":"Polygon","coordinates":[[[131.36875,33.43333333333333],[131.36875,33.4375],[131.375,33.4375],[131.375,33.43333333333333],[131.36875,33.43333333333333]]]}},{"type":"Feature","id":"44211:503113201","properties":{"id":"44211:503113201","meshCode":"503113201","cityCode":"44211","city":"宇佐市","lat":33.4354167,"lon":131.378125,"areaKm2":0.268591,"populated2020":true,"population2020":6.0371,"populationNote":"2020年基準人口（国交省調整値）"},"geometry":{"type":"Polygon","coordinates":[[[131.375,33.43333333333333],[131.375,33.4375],[131.38125,33.4375],[131.38125,33.43333333333333],[131.375,33.43333333333333]]]}},{"type":"Feature","id":"44211:503113202","properties":{"id":"44211:503113202","meshCode":"503113202","cityCode":"44211","city":"宇佐市","lat":33.4354167,"lon":131.384375,"areaKm2":0.268591,"populated2020":true,"population2020":76.3878,"populationNote":"2020年基準人口（国交省調整値）"},"geometry":{"type":"Polygon","coordinates":[[[131.38125,33.43333333333333],[131.38125,33.4375],[131.3875,33.4375],[131.3875,33.43333333333334],[131.38125,33.43333333333333]]]}},{"type":"Feature","id":"44211:503113211","properties":{"id":"44211:503113211","meshCode":"503113211","cityCode":"44211","city":"宇佐市","lat":33.4354167,"lon":131.390625,"areaKm2":0.268591,"populated2020":false,"population2020":null,"populationNote":"境界またぎ・収録外等のため自治体内人口は未集計"},"geometry":{"type":"Polygon","coordinates":[[[131.3875,33.43333333333334],[131.3875,33.4375],[131.39375,33.4375],[131.39375,33.43333333333333],[131.3875,33.43333333333334]]]}},{"type":"Feature","id":"44211:503113212","properties":{"id":"44211:503113212","meshCode":"503113212","cityCode":"44211","city":"宇佐市","lat":33.4354167,"lon":131.396875,"areaKm2":0.268591,"populated2020":true,"population2020":24.1666,"populationNote":"2020年基準人口（国交省調整値）"},"geometry":{"type":"Polygon","coordinates":[[[131.39375,33.43333333333333],[131.39375,33.4375],[131.4,33.4375],[131.4,33.43333333333334],[131.39375,33.43333333333333]]]}},{"type":"Feature","id":"44211:503113221","properties":{"id":"44211:503113221","meshCode":"503113221","cityCode":"44211","city":"宇佐市","lat":33.4354167,"lon":131.403125,"areaKm2":0.268591,"populated2020":false,"population2020":null,"populationNote":"境界またぎ・収録外等のため自治体内人口は未集計"},"geometry":{"type":"Polygon","coordinates":[[[131.4,33.43333333333334],[131.4,33.4375],[131.40625,33.4375],[131.40625,33.43333333333333],[131.4,33.43333333333334]]]}},{"type":"Feature","id":"44211:503113222","properties":{"id":"44211:503113222","meshCode":"503113222","cityCode":"44211","city":"宇佐市","lat":33.4354167,"lon":131.409375,"areaKm2":0.268591,"populated2020":false,"population2020":null,"populationNote":"境界またぎ・収録外等のため自治体内人口は未集計"},"geometry":{"type":"Polygon","coordinates":[[[131.40625,33.43333333333333],[131.40625,33.4375],[131.4125,33.4375],[131.4125,33.43333333333334],[131.40625,33.43333333333333]]]}},{"type":"Feature","id":"44211:503113231","properties":{"id":"44211:503113231","meshCode":"503113231","cityCode":"44211","city":"宇佐市","lat":33.4354167,"lon":131.415625,"areaKm2":0.268591,"populated2020":false,"population2020":null,"populationNote":"境界またぎ・収録外等のため自治体内人口は未集計"},"geometry":{"type":"Polygon","coordinates":[[[131.4125,33.43333333333334],[131.4125,33.4375],[131.41875,33.4375],[131.41875,33.43333333333333],[131.4125,33.43333333333334]]]}},{"type":"Feature","id":"44211:503113232","properties":{"id":"44211:503113232","meshCode":"503113232","cityCode":"44211","city":"宇佐市","lat":33.4354167,"lon":131.421875,"areaKm2":0.268591,"populated2020":false,"population2020":null,"populationNote":"境界またぎ・収録外等のため自治体内人口は未集計"},"geometry":{"type":"Polygon","coordinates":[[[131.41875,33.43333333333333],[131.41875,33.4375],[131.425,33.4375],[131.425,33.43333333333333],[131.41875,33.43333333333333]]]}},{"type":"Feature","id":"44211:503113241","properties":{"id":"44211:503113241","meshCode":"503113241","cityCode":"44211","city":"宇佐市","lat":33.4354167,"lon":131.428125,"areaKm2":0.2664033,"populated2020":false,"population2020":null,"populationNote":"境界またぎ・収録外等のため自治体内人口は未集計"},"geometry":{"type":"Polygon","coordinates":[[[131.43125,33.43373230073554],[131.430693061,33.433556108],[131.43027622635617,33.43333333333333],[131.425,33.43333333333333],[131.425,33.4375],[131.43125,33.4375],[131.43125,33.43373230073554]]]}},{"type":"Feature","id":"44211:503113242","properties":{"id":"44211:503113242","meshCode":"503113242","cityCode":"44211","city":"宇佐市","lat":33.4355924,"lon":131.4322715,"areaKm2":0.0604702,"populated2020":false,"population2020":null,"populationNote":"境界またぎ・収録外等のため自治体内人口は未集計"},"geometry":{"type":"Polygon","coordinates":[[[131.4327376169489,33.4375],[131.433073061,33.436869721],[131.433344994,33.436141667],[131.433316109,33.435685829],[131.433130558,33.43512082899999],[131.432586394,33.434620828999996],[131.431821388,33.434201387],[131.43125,33.43373230073554],[131.43125,33.4375],[131.4327376169489,33.4375]]]}},{"type":"Feature","id":"44211:503111294","properties":{"id":"44211:503111294","meshCode":"503111294","cityCode":"44211","city":"宇佐市","lat":33.4395711,"lon":131.2490161,"areaKm2":0.0837144,"populated2020":false,"population2020":null,"populationNote":"境界またぎ・収録外等のため自治体内人口は未集計"},"geometry":{"type":"Polygon","coordinates":[[[131.24970814537696,33.4375],[131.24895,33.438348613],[131.248635837,33.438920829],[131.248123061,33.439428054000004],[131.247808885,33.439986946000005],[131.24715,33.440707495],[131.24643658916318,33.44166666666666],[131.25,33.44166666666667],[131.25,33.4375],[131.24970814537696,33.4375]]]}},{"type":"Feature","id":"44211:503112203","properties":{"id":"44211:503112203","meshCode":"503112203","cityCode":"44211","city":"宇佐市","lat":33.4395833,"lon":131.253125,"areaKm2":0.2685783,"populated2020":false,"population2020":null,"populationNote":"境界またぎ・収録外等のため自治体内人口は未集計"},"geometry":{"type":"Polygon","coordinates":[[[131.25,33.4375],[131.25,33.44166666666667],[131.25625,33.44166666666666],[131.25625,33.4375],[131.25,33.4375]]]}},{"type":"Feature","id":"44211:503112204","properties":{"id":"44211:503112204","meshCode":"503112204","cityCode":"44211","city":"宇佐市","lat":33.4395833,"lon":131.259375,"areaKm2":0.2685783,"populated2020":true,"population2020":8.0777,"populationNote":"2020年基準人口（国交省調整値）"},"geometry":{"type":"Polygon","coordinates":[[[131.25625,33.4375],[131.25625,33.44166666666666],[131.2625,33.44166666666667],[131.2625,33.43750000000001],[131.25625,33.4375]]]}},{"type":"Feature","id":"44211:503112213","properties":{"id":"44211:503112213","meshCode":"503112213","cityCode":"44211","city":"宇佐市","lat":33.4395833,"lon":131.265625,"areaKm2":0.2685783,"populated2020":true,"population2020":4.0459,"populationNote":"2020年基準人口（国交省調整値）"},"geometry":{"type":"Polygon","coordinates":[[[131.2625,33.43750000000001],[131.2625,33.44166666666667],[131.26875,33.44166666666667],[131.26875,33.4375],[131.2625,33.43750000000001]]]}},{"type":"Feature","id":"44211:503112214","properties":{"id":"44211:503112214","meshCode":"503112214","cityCode":"44211","city":"宇佐市","lat":33.4395833,"lon":131.271875,"areaKm2":0.2685783,"populated2020":true,"population2020":3.0238,"populationNote":"2020年基準人口（国交省調整値）"},"geometry":{"type":"Polygon","coordinates":[[[131.26875,33.4375],[131.26875,33.44166666666667],[131.275,33.44166666666667],[131.275,33.4375],[131.26875,33.4375]]]}},{"type":"Feature","id":"44211:503112223","properties":{"id":"44211:503112223","meshCode":"503112223","cityCode":"44211","city":"宇佐市","lat":33.4395833,"lon":131.278125,"areaKm2":0.2685783,"populated2020":false,"population2020":null,"populationNote":"境界またぎ・収録外等のため自治体内人口は未集計"},"geometry":{"type":"Polygon","coordinates":[[[131.275,33.4375],[131.275,33.44166666666667],[131.28125,33.44166666666666],[131.28125,33.43749999999999],[131.275,33.4375]]]}},{"type":"Feature","id":"44211:503112224","properties":{"id":"44211:503112224","meshCode":"503112224","cityCode":"44211","city":"宇佐市","lat":33.4395833,"lon":131.284375,"areaKm2":0.2685783,"populated2020":false,"population2020":null,"populationNote":"境界またぎ・収録外等のため自治体内人口は未集計"},"geometry":{"type":"Polygon","coordinates":[[[131.28125,33.43749999999999],[131.28125,33.44166666666666],[131.2875,33.44166666666666],[131.2875,33.4375],[131.28125,33.43749999999999]]]}},{"type":"Feature","id":"44211:503112233","properties":{"id":"44211:503112233","meshCode":"503112233","cityCode":"44211","city":"宇佐市","lat":33.4395833,"lon":131.290625,"areaKm2":0.2685783,"populated2020":true,"population2020":1.0031,"populationNote":"2020年基準人口（国交省調整値）"},"geometry":{"type":"Polygon","coordinates":[[[131.2875,33.4375],[131.2875,33.44166666666666],[131.29375,33.44166666666666],[131.29375,33.4375],[131.2875,33.4375]]]}},{"type":"Feature","id":"44211:503112234","properties":{"id":"44211:503112234","meshCode":"503112234","cityCode":"44211","city":"宇佐市","lat":33.4395833,"lon":131.296875,"areaKm2":0.2685783,"populated2020":true,"population2020":4.0327,"populationNote":"2020年基準人口（国交省調整値）"},"geometry":{"type":"Polygon","coordinates":[[[131.29375,33.4375],[131.29375,33.44166666666666],[131.30000000000004,33.44166666666667],[131.30000000000004,33.4375],[131.29375,33.4375]]]}},{"type":"Feature","id":"44211:503112243","properties":{"id":"44211:503112243","meshCode":"503112243","cityCode":"44211","city":"宇佐市","lat":33.4395833,"lon":131.303125,"areaKm2":0.2685783,"populated2020":true,"population2020":1.0063,"populationNote":"2020年基準人口（国交省調整値）"},"geometry":{"type":"Polygon","coordinates":[[[131.30000000000004,33.4375],[131.30000000000004,33.44166666666667],[131.30625,33.44166666666666],[131.30625,33.4375],[131.30000000000004,33.4375]]]}},{"type":"Feature","id":"44211:503112244","properties":{"id":"44211:503112244","meshCode":"503112244","cityCode":"44211","city":"宇佐市","lat":33.4395833,"lon":131.309375,"areaKm2":0.2685783,"populated2020":true,"population2020":4.0457,"populationNote":"2020年基準人口（国交省調整値）"},"geometry":{"type":"Polygon","coordinates":[[[131.30625,33.4375],[131.30625,33.44166666666666],[131.3125,33.44166666666666],[131.3125,33.43749999999999],[131.30625,33.4375]]]}},{"type":"Feature","id":"44211:503112253","properties":{"id":"44211:503112253","meshCode":"503112253","cityCode":"44211","city":"宇佐市","lat":33.4395833,"lon":131.315625,"areaKm2":0.2685783,"populated2020":false,"population2020":null,"populationNote":"境界またぎ・収録外等のため自治体内人口は未集計"},"geometry":{"type":"Polygon","coordinates":[[[131.3125,33.43749999999999],[131.3125,33.44166666666666],[131.31875,33.44166666666666],[131.31875,33.43750000000001],[131.3125,33.43749999999999]]]}},{"type":"Feature","id":"44211:503112254","properties":{"id":"44211:503112254","meshCode":"503112254","cityCode":"44211","city":"宇佐市","lat":33.4395833,"lon":131.321875,"areaKm2":0.2685783,"populated2020":false,"population2020":null,"populationNote":"境界またぎ・収録外等のため自治体内人口は未集計"},"geometry":{"type":"Polygon","coordinates":[[[131.31875,33.43750000000001],[131.31875,33.44166666666666],[131.325,33.44166666666667],[131.325,33.43750000000001],[131.31875,33.43750000000001]]]}},{"type":"Feature","id":"44211:503112263","properties":{"id":"44211:503112263","meshCode":"503112263","cityCode":"44211","city":"宇佐市","lat":33.4395833,"lon":131.328125,"areaKm2":0.2685783,"populated2020":true,"population2020":9.0327,"populationNote":"2020年基準人口（国交省調整値）"},"geometry":{"type":"Polygon","coordinates":[[[131.325,33.43750000000001],[131.325,33.44166666666667],[131.33125,33.44166666666667],[131.33125,33.43749999999999],[131.325,33.43750000000001]]]}},{"type":"Feature","id":"44211:503112264","properties":{"id":"44211:503112264","meshCode":"503112264","cityCode":"44211","city":"宇佐市","lat":33.4395833,"lon":131.334375,"areaKm2":0.2685783,"populated2020":true,"population2020":3.0116,"populationNote":"2020年基準人口（国交省調整値）"},"geometry":{"type":"Polygon","coordinates":[[[131.33125,33.43749999999999],[131.33125,33.44166666666667],[131.3375,33.44166666666667],[131.3375,33.43750000000001],[131.33125,33.43749999999999]]]}},{"type":"Feature","id":"44211:503112273","properties":{"id":"44211:503112273","meshCode":"503112273","cityCode":"44211","city":"宇佐市","lat":33.4395833,"lon":131.340625,"areaKm2":0.2685783,"populated2020":false,"population2020":null,"populationNote":"境界またぎ・収録外等のため自治体内人口は未集計"},"geometry":{"type":"Polygon","coordinates":[[[131.3375,33.43750000000001],[131.3375,33.44166666666667],[131.34375,33.44166666666666],[131.34375,33.4375],[131.3375,33.43750000000001]]]}},{"type":"Feature","id":"44211:503112274","properties":{"id":"44211:503112274","meshCode":"503112274","cityCode":"44211","city":"宇佐市","lat":33.4395833,"lon":131.346875,"areaKm2":0.2685783,"populated2020":true,"population2020":107.7632,"populationNote":"2020年基準人口（国交省調整値）"},"geometry":{"type":"Polygon","coordinates":[[[131.34375,33.4375],[131.34375,33.44166666666666],[131.35,33.44166666666666],[131.35,33.43749999999999],[131.34375,33.4375]]]}},{"type":"Feature","id":"44211:503112283","properties":{"id":"44211:503112283","meshCode":"503112283","cityCode":"44211","city":"宇佐市","lat":33.4395833,"lon":131.353125,"areaKm2":0.2685783,"populated2020":true,"population2020":296.9195,"populationNote":"2020年基準人口（国交省調整値）"},"geometry":{"type":"Polygon","coordinates":[[[131.35,33.43749999999999],[131.35,33.44166666666666],[131.35625000000002,33.44166666666667],[131.35625000000002,33.4375],[131.35,33.43749999999999]]]}},{"type":"Feature","id":"44211:503112284","properties":{"id":"44211:503112284","meshCode":"503112284","cityCode":"44211","city":"宇佐市","lat":33.4395833,"lon":131.359375,"areaKm2":0.2685783,"populated2020":true,"population2020":293.1616,"populationNote":"2020年基準人口（国交省調整値）"},"geometry":{"type":"Polygon","coordinates":[[[131.35625000000002,33.4375],[131.35625000000002,33.44166666666667],[131.3625,33.44166666666666],[131.3625,33.43749999999999],[131.35625000000002,33.4375]]]}},{"type":"Feature","id":"44211:503112293","properties":{"id":"44211:503112293","meshCode":"503112293","cityCode":"44211","city":"宇佐市","lat":33.4395833,"lon":131.365625,"areaKm2":0.2685783,"populated2020":true,"population2020":17.0852,"populationNote":"2020年基準人口（国交省調整値）"},"geometry":{"type":"Polygon","coordinates":[[[131.3625,33.43749999999999],[131.3625,33.44166666666666],[131.36875,33.44166666666667],[131.36875,33.4375],[131.3625,33.43749999999999]]]}},{"type":"Feature","id":"44211:503112294","properties":{"id":"44211:503112294","meshCode":"503112294","cityCode":"44211","city":"宇佐市","lat":33.4395833,"lon":131.371875,"areaKm2":0.2685783,"populated2020":true,"population2020":4.0138,"populationNote":"2020年基準人口（国交省調整値）"},"geometry":{"type":"Polygon","coordinates":[[[131.36875,33.4375],[131.36875,33.44166666666667],[131.375,33.44166666666666],[131.375,33.4375],[131.36875,33.4375]]]}},{"type":"Feature","id":"44211:503113203","properties":{"id":"44211:503113203","meshCode":"503113203","cityCode":"44211","city":"宇佐市","lat":33.4395833,"lon":131.378125,"areaKm2":0.2685783,"populated2020":true,"population2020":13.0867,"populationNote":"2020年基準人口（国交省調整値）"},"geometry":{"type":"Polygon","coordinates":[[[131.375,33.4375],[131.375,33.44166666666666],[131.38125,33.44166666666666],[131.38125,33.4375],[131.375,33.4375]]]}},{"type":"Feature","id":"44211:503113204","properties":{"id":"44211:503113204","meshCode":"503113204","cityCode":"44211","city":"宇佐市","lat":33.4395833,"lon":131.384375,"areaKm2":0.2685783,"populated2020":true,"population2020":10.1002,"populationNote":"2020年基準人口（国交省調整値）"},"geometry":{"type":"Polygon","coordinates":[[[131.38125,33.4375],[131.38125,33.44166666666666],[131.3875,33.44166666666667],[131.3875,33.4375],[131.38125,33.4375]]]}},{"type":"Feature","id":"44211:503113213","properties":{"id":"44211:503113213","meshCode":"503113213","cityCode":"44211","city":"宇佐市","lat":33.4395833,"lon":131.390625,"areaKm2":0.2685783,"populated2020":false,"population2020":null,"populationNote":"境界またぎ・収録外等のため自治体内人口は未集計"},"geometry":{"type":"Polygon","coordinates":[[[131.3875,33.4375],[131.3875,33.44166666666667],[131.39375,33.44166666666666],[131.39375,33.4375],[131.3875,33.4375]]]}},{"type":"Feature","id":"44211:503113214","properties":{"id":"44211:503113214","meshCode":"503113214","cityCode":"44211","city":"宇佐市","lat":33.4395833,"lon":131.396875,"areaKm2":0.2685783,"populated2020":true,"population2020":33.2982,"populationNote":"2020年基準人口（国交省調整値）"},"geometry":{"type":"Polygon","coordinates":[[[131.39375,33.4375],[131.39375,33.44166666666666],[131.4,33.441666666666656],[131.4,33.4375],[131.39375,33.4375]]]}},{"type":"Feature","id":"44211:503113223","properties":{"id":"44211:503113223","meshCode":"503113223","cityCode":"44211","city":"宇佐市","lat":33.4395833,"lon":131.403125,"areaKm2":0.2685783,"populated2020":true,"population2020":1.0097,"populationNote":"2020年基準人口（国交省調整値）"},"geometry":{"type":"Polygon","coordinates":[[[131.4,33.4375],[131.4,33.441666666666656],[131.40625,33.44166666666666],[131.40625,33.4375],[131.4,33.4375]]]}},{"type":"Feature","id":"44211:503113224","properties":{"id":"44211:503113224","meshCode":"503113224","cityCode":"44211","city":"宇佐市","lat":33.4395833,"lon":131.409375,"areaKm2":0.2685783,"populated2020":true,"population2020":17.1457,"populationNote":"2020年基準人口（国交省調整値）"},"geometry":{"type":"Polygon","coordinates":[[[131.40625,33.4375],[131.40625,33.44166666666666],[131.4125,33.44166666666667],[131.4125,33.4375],[131.40625,33.4375]]]}},{"type":"Feature","id":"44211:503113233","properties":{"id":"44211:503113233","meshCode":"503113233","cityCode":"44211","city":"宇佐市","lat":33.4395833,"lon":131.415625,"areaKm2":0.2685783,"populated2020":false,"population2020":null,"populationNote":"境界またぎ・収録外等のため自治体内人口は未集計"},"geometry":{"type":"Polygon","coordinates":[[[131.4125,33.4375],[131.4125,33.44166666666667],[131.41875,33.44166666666666],[131.41875,33.4375],[131.4125,33.4375]]]}},{"type":"Feature","id":"44211:503113234","properties":{"id":"44211:503113234","meshCode":"503113234","cityCode":"44211","city":"宇佐市","lat":33.4395833,"lon":131.421875,"areaKm2":0.2685783,"populated2020":true,"population2020":25.1617,"populationNote":"2020年基準人口（国交省調整値）"},"geometry":{"type":"Polygon","coordinates":[[[131.41875,33.4375],[131.41875,33.44166666666666],[131.425,33.44166666666666],[131.425,33.4375],[131.41875,33.4375]]]}},{"type":"Feature","id":"44211:503113243","properties":{"id":"44211:503113243","meshCode":"503113243","cityCode":"44211","city":"宇佐市","lat":33.4395833,"lon":131.428125,"areaKm2":0.2685783,"populated2020":true,"population2020":11.0698,"populationNote":"2020年基準人口（国交省調整値）"},"geometry":{"type":"Polygon","coordinates":[[[131.425,33.4375],[131.425,33.44166666666666],[131.43125,33.44166666666667],[131.43125,33.4375],[131.425,33.4375]]]}},{"type":"Feature","id":"44211:503113244","properties":{"id":"44211:503113244","meshCode":"503113244","cityCode":"44211","city":"宇佐市","lat":33.4395744,"lon":131.4317051,"areaKm2":0.0415028,"populated2020":true,"population2020":null,"populationNote":"境界またぎ・収録外等のため自治体内人口は未集計"},"geometry":{"type":"Polygon","coordinates":[[[131.43154992211444,33.44166666666666],[131.431827497,33.44094916200001],[131.431937224,33.439733892],[131.43254,33.439323613000006],[131.432731388,33.43903194600001],[131.432580558,33.438225279],[131.4327376169489,33.4375],[131.43125,33.4375],[131.43125,33.44166666666667],[131.43154992211444,33.44166666666666]]]}},{"type":"Feature","id":"44211:503111392","properties":{"id":"44211:503111392","meshCode":"503111392","cityCode":"44211","city":"宇佐市","lat":33.4437543,"lon":131.2485609,"areaKm2":0.1393765,"populated2020":false,"population2020":null,"populationNote":"境界またぎ・収録外等のため自治体内人口は未集計"},"geometry":{"type":"Polygon","coordinates":[[[131.246436589,33.441666667],[131.246504994,33.441896667],[131.247099728,33.442741946],[131.246927782,33.443215279],[131.247186939,33.443904721],[131.247172503,33.444344162],[131.246785551,33.444817775000004],[131.245796939,33.44569666700001],[131.24524658713005,33.44583333333334],[131.25,33.44583333333333],[131.25,33.44166666666667],[131.246436589,33.441666667]]]}},{"type":"Feature","id":"44211:503112301","properties":{"id":"44211:503112301","meshCode":"503112301","cityCode":"44211","city":"宇佐市","lat":33.44375,"lon":131.253125,"areaKm2":0.2685657,"populated2020":false,"population2020":null,"populationNote":"境界またぎ・収録外等のため自治体内人口は未集計"},"geometry":{"type":"Polygon","coordinates":[[[131.25,33.44166666666667],[131.25,33.44583333333333],[131.25625,33.44583333333333],[131.25625,33.44166666666666],[131.25,33.44166666666667]]]}},{"type":"Feature","id":"44211:503112302","properties":{"id":"44211:503112302","meshCode":"503112302","cityCode":"44211","city":"宇佐市","lat":33.44375,"lon":131.259375,"areaKm2":0.2685657,"populated2020":false,"population2020":null,"populationNote":"境界またぎ・収録外等のため自治体内人口は未集計"},"geometry":{"type":"Polygon","coordinates":[[[131.25625,33.44166666666666],[131.25625,33.44583333333333],[131.2625,33.44583333333333],[131.2625,33.44166666666667],[131.25625,33.44166666666666]]]}},{"type":"Feature","id":"44211:503112311","properties":{"id":"44211:503112311","meshCode":"503112311","cityCode":"44211","city":"宇佐市","lat":33.44375,"lon":131.265625,"areaKm2":0.2685657,"populated2020":false,"population2020":null,"populationNote":"境界またぎ・収録外等のため自治体内人口は未集計"},"geometry":{"type":"Polygon","coordinates":[[[131.2625,33.44166666666667],[131.2625,33.44583333333333],[131.26875,33.44583333333333],[131.26875,33.44166666666667],[131.2625,33.44166666666667]]]}},{"type":"Feature","id":"44211:503112312","properties":{"id":"44211:503112312","meshCode":"503112312","cityCode":"44211","city":"宇佐市","lat":33.44375,"lon":131.271875,"areaKm2":0.2685657,"populated2020":false,"population2020":null,"populationNote":"境界またぎ・収録外等のため自治体内人口は未集計"},"geometry":{"type":"Polygon","coordinates":[[[131.26875,33.44166666666667],[131.26875,33.44583333333333],[131.275,33.44583333333333],[131.275,33.44166666666667],[131.26875,33.44166666666667]]]}},{"type":"Feature","id":"44211:503112321","properties":{"id":"44211:503112321","meshCode":"503112321","cityCode":"44211","city":"宇佐市","lat":33.44375,"lon":131.278125,"areaKm2":0.2685657,"populated2020":false,"population2020":null,"populationNote":"境界またぎ・収録外等のため自治体内人口は未集計"},"geometry":{"type":"Polygon","coordinates":[[[131.275,33.44166666666667],[131.275,33.44583333333333],[131.28125,33.44583333333333],[131.28125,33.44166666666666],[131.275,33.44166666666667]]]}},{"type":"Feature","id":"44211:503112322","properties":{"id":"44211:503112322","meshCode":"503112322","cityCode":"44211","city":"宇佐市","lat":33.44375,"lon":131.284375,"areaKm2":0.2685657,"populated2020":false,"population2020":null,"populationNote":"境界またぎ・収録外等のため自治体内人口は未集計"},"geometry":{"type":"Polygon","coordinates":[[[131.28125,33.44166666666666],[131.28125,33.44583333333333],[131.2875,33.445833333333326],[131.2875,33.44166666666666],[131.28125,33.44166666666666]]]}},{"type":"Feature","id":"44211:503112331","properties":{"id":"44211:503112331","meshCode":"503112331","cityCode":"44211","city":"宇佐市","lat":33.44375,"lon":131.290625,"areaKm2":0.2685657,"populated2020":true,"population2020":28.1639,"populationNote":"2020年基準人口（国交省調整値）"},"geometry":{"type":"Polygon","coordinates":[[[131.2875,33.44166666666666],[131.2875,33.445833333333326],[131.29375,33.44583333333333],[131.29375,33.44166666666666],[131.2875,33.44166666666666]]]}},{"type":"Feature","id":"44211:503112332","properties":{"id":"44211:503112332","meshCode":"503112332","cityCode":"44211","city":"宇佐市","lat":33.44375,"lon":131.296875,"areaKm2":0.2685657,"populated2020":true,"population2020":10.0438,"populationNote":"2020年基準人口（国交省調整値）"},"geometry":{"type":"Polygon","coordinates":[[[131.29375,33.44166666666666],[131.29375,33.44583333333333],[131.30000000000004,33.44583333333333],[131.30000000000004,33.44166666666667],[131.29375,33.44166666666666]]]}},{"type":"Feature","id":"44211:503112341","properties":{"id":"44211:503112341","meshCode":"503112341","cityCode":"44211","city":"宇佐市","lat":33.44375,"lon":131.303125,"areaKm2":0.2685657,"populated2020":true,"population2020":6.0512,"populationNote":"2020年基準人口（国交省調整値）"},"geometry":{"type":"Polygon","coordinates":[[[131.30000000000004,33.44166666666667],[131.30000000000004,33.44583333333333],[131.30625,33.44583333333333],[131.30625,33.44166666666666],[131.30000000000004,33.44166666666667]]]}},{"type":"Feature","id":"44211:503112342","properties":{"id":"44211:503112342","meshCode":"503112342","cityCode":"44211","city":"宇佐市","lat":33.44375,"lon":131.309375,"areaKm2":0.2685657,"populated2020":true,"population2020":20.1412,"populationNote":"2020年基準人口（国交省調整値）"},"geometry":{"type":"Polygon","coordinates":[[[131.30625,33.44166666666666],[131.30625,33.44583333333333],[131.3125,33.44583333333333],[131.3125,33.44166666666666],[131.30625,33.44166666666666]]]}},{"type":"Feature","id":"44211:503112351","properties":{"id":"44211:503112351","meshCode":"503112351","cityCode":"44211","city":"宇佐市","lat":33.44375,"lon":131.315625,"areaKm2":0.2685657,"populated2020":false,"population2020":null,"populationNote":"境界またぎ・収録外等のため自治体内人口は未集計"},"geometry":{"type":"Polygon","coordinates":[[[131.3125,33.44166666666666],[131.3125,33.44583333333333],[131.31875,33.44583333333333],[131.31875,33.44166666666666],[131.3125,33.44166666666666]]]}},{"type":"Feature","id":"44211:503112352","properties":{"id":"44211:503112352","meshCode":"503112352","cityCode":"44211","city":"宇佐市","lat":33.44375,"lon":131.321875,"areaKm2":0.2685657,"populated2020":false,"population2020":null,"populationNote":"境界またぎ・収録外等のため自治体内人口は未集計"},"geometry":{"type":"Polygon","coordinates":[[[131.31875,33.44166666666666],[131.31875,33.44583333333333],[131.325,33.44583333333333],[131.325,33.44166666666667],[131.31875,33.44166666666666]]]}},{"type":"Feature","id":"44211:503112361","properties":{"id":"44211:503112361","meshCode":"503112361","cityCode":"44211","city":"宇佐市","lat":33.44375,"lon":131.328125,"areaKm2":0.2685657,"populated2020":true,"population2020":12.1191,"populationNote":"2020年基準人口（国交省調整値）"},"geometry":{"type":"Polygon","coordinates":[[[131.325,33.44166666666667],[131.325,33.44583333333333],[131.33125,33.445833333333326],[131.33125,33.44166666666667],[131.325,33.44166666666667]]]}},{"type":"Feature","id":"44211:503112362","properties":{"id":"44211:503112362","meshCode":"503112362","cityCode":"44211","city":"宇佐市","lat":33.44375,"lon":131.334375,"areaKm2":0.2685657,"populated2020":true,"population2020":69.5195,"populationNote":"2020年基準人口（国交省調整値）"},"geometry":{"type":"Polygon","coordinates":[[[131.33125,33.44166666666667],[131.33125,33.445833333333326],[131.3375,33.44583333333333],[131.3375,33.44166666666667],[131.33125,33.44166666666667]]]}},{"type":"Feature","id":"44211:503112371","properties":{"id":"44211:503112371","meshCode":"503112371","cityCode":"44211","city":"宇佐市","lat":33.44375,"lon":131.340625,"areaKm2":0.2685657,"populated2020":true,"population2020":3.0296,"populationNote":"2020年基準人口（国交省調整値）"},"geometry":{"type":"Polygon","coordinates":[[[131.3375,33.44166666666667],[131.3375,33.44583333333333],[131.34375,33.44583333333333],[131.34375,33.44166666666666],[131.3375,33.44166666666667]]]}},{"type":"Feature","id":"44211:503112372","properties":{"id":"44211:503112372","meshCode":"503112372","cityCode":"44211","city":"宇佐市","lat":33.44375,"lon":131.346875,"areaKm2":0.2685657,"populated2020":true,"population2020":31.2384,"populationNote":"2020年基準人口（国交省調整値）"},"geometry":{"type":"Polygon","coordinates":[[[131.34375,33.44166666666666],[131.34375,33.44583333333333],[131.35,33.445833333333326],[131.35,33.44166666666666],[131.34375,33.44166666666666]]]}},{"type":"Feature","id":"44211:503112381","properties":{"id":"44211:503112381","meshCode":"503112381","cityCode":"44211","city":"宇佐市","lat":33.44375,"lon":131.353125,"areaKm2":0.2685657,"populated2020":true,"population2020":5.0402,"populationNote":"2020年基準人口（国交省調整値）"},"geometry":{"type":"Polygon","coordinates":[[[131.35,33.44166666666666],[131.35,33.445833333333326],[131.35625000000002,33.44583333333333],[131.35625000000002,33.44166666666667],[131.35,33.44166666666666]]]}},{"type":"Feature","id":"44211:503112382","properties":{"id":"44211:503112382","meshCode":"503112382","cityCode":"44211","city":"宇佐市","lat":33.44375,"lon":131.359375,"areaKm2":0.2685657,"populated2020":true,"population2020":114.8404,"populationNote":"2020年基準人口（国交省調整値）"},"geometry":{"type":"Polygon","coordinates":[[[131.35625000000002,33.44166666666667],[131.35625000000002,33.44583333333333],[131.3625,33.44583333333334],[131.3625,33.44166666666666],[131.35625000000002,33.44166666666667]]]}},{"type":"Feature","id":"44211:503112391","properties":{"id":"44211:503112391","meshCode":"503112391","cityCode":"44211","city":"宇佐市","lat":33.44375,"lon":131.365625,"areaKm2":0.2685657,"populated2020":true,"population2020":45.3417,"populationNote":"2020年基準人口（国交省調整値）"},"geometry":{"type":"Polygon","coordinates":[[[131.3625,33.44166666666666],[131.3625,33.44583333333334],[131.36875,33.44583333333333],[131.36875,33.44166666666667],[131.3625,33.44166666666666]]]}},{"type":"Feature","id":"44211:503112392","properties":{"id":"44211:503112392","meshCode":"503112392","cityCode":"44211","city":"宇佐市","lat":33.44375,"lon":131.371875,"areaKm2":0.2685657,"populated2020":false,"population2020":null,"populationNote":"境界またぎ・収録外等のため自治体内人口は未集計"},"geometry":{"type":"Polygon","coordinates":[[[131.36875,33.44166666666667],[131.36875,33.44583333333333],[131.375,33.44583333333334],[131.375,33.44166666666666],[131.36875,33.44166666666667]]]}},{"type":"Feature","id":"44211:503113301","properties":{"id":"44211:503113301","meshCode":"503113301","cityCode":"44211","city":"宇佐市","lat":33.44375,"lon":131.378125,"areaKm2":0.2685657,"populated2020":false,"population2020":null,"populationNote":"境界またぎ・収録外等のため自治体内人口は未集計"},"geometry":{"type":"Polygon","coordinates":[[[131.375,33.44166666666666],[131.375,33.44583333333334],[131.38125,33.44583333333334],[131.38125,33.44166666666666],[131.375,33.44166666666666]]]}},{"type":"Feature","id":"44211:503113302","properties":{"id":"44211:503113302","meshCode":"503113302","cityCode":"44211","city":"宇佐市","lat":33.44375,"lon":131.384375,"areaKm2":0.2685657,"populated2020":false,"population2020":null,"populationNote":"境界またぎ・収録外等のため自治体内人口は未集計"},"geometry":{"type":"Polygon","coordinates":[[[131.38125,33.44166666666666],[131.38125,33.44583333333334],[131.3875,33.445833333333326],[131.3875,33.44166666666667],[131.38125,33.44166666666666]]]}},{"type":"Feature","id":"44211:503113311","properties":{"id":"44211:503113311","meshCode":"503113311","cityCode":"44211","city":"宇佐市","lat":33.44375,"lon":131.390625,"areaKm2":0.2685657,"populated2020":false,"population2020":null,"populationNote":"境界またぎ・収録外等のため自治体内人口は未集計"},"geometry":{"type":"Polygon","coordinates":[[[131.3875,33.44166666666667],[131.3875,33.445833333333326],[131.39375,33.44583333333334],[131.39375,33.44166666666666],[131.3875,33.44166666666667]]]}},{"type":"Feature","id":"44211:503113312","properties":{"id":"44211:503113312","meshCode":"503113312","cityCode":"44211","city":"宇佐市","lat":33.44375,"lon":131.396875,"areaKm2":0.2685657,"populated2020":true,"population2020":21.1527,"populationNote":"2020年基準人口（国交省調整値）"},"geometry":{"type":"Polygon","coordinates":[[[131.39375,33.44166666666666],[131.39375,33.44583333333334],[131.4,33.44583333333333],[131.4,33.441666666666656],[131.39375,33.44166666666666]]]}},{"type":"Feature","id":"44211:503113321","properties":{"id":"44211:503113321","meshCode":"503113321","cityCode":"44211","city":"宇佐市","lat":33.44375,"lon":131.403125,"areaKm2":0.2685657,"populated2020":true,"population2020":10.0703,"populationNote":"2020年基準人口（国交省調整値）"},"geometry":{"type":"Polygon","coordinates":[[[131.4,33.441666666666656],[131.4,33.44583333333333],[131.40625,33.44583333333333],[131.40625,33.44166666666666],[131.4,33.441666666666656]]]}},{"type":"Feature","id":"44211:503113322","properties":{"id":"44211:503113322","meshCode":"503113322","cityCode":"44211","city":"宇佐市","lat":33.44375,"lon":131.409375,"areaKm2":0.2685657,"populated2020":true,"population2020":7.0481,"populationNote":"2020年基準人口（国交省調整値）"},"geometry":{"type":"Polygon","coordinates":[[[131.40625,33.44166666666666],[131.40625,33.44583333333333],[131.4125,33.44583333333333],[131.4125,33.44166666666667],[131.40625,33.44166666666666]]]}},{"type":"Feature","id":"44211:503113331","properties":{"id":"44211:503113331","meshCode":"503113331","cityCode":"44211","city":"宇佐市","lat":33.44375,"lon":131.415625,"areaKm2":0.2685657,"populated2020":true,"population2020":4.0426,"populationNote":"2020年基準人口（国交省調整値）"},"geometry":{"type":"Polygon","coordinates":[[[131.4125,33.44166666666667],[131.4125,33.44583333333333],[131.41875,33.44583333333333],[131.41875,33.44166666666666],[131.4125,33.44166666666667]]]}},{"type":"Feature","id":"44211:503113332","properties":{"id":"44211:503113332","meshCode":"503113332","cityCode":"44211","city":"宇佐市","lat":33.44375,"lon":131.421875,"areaKm2":0.2685657,"populated2020":true,"population2020":26.1466,"populationNote":"2020年基準人口（国交省調整値）"},"geometry":{"type":"Polygon","coordinates":[[[131.41875,33.44166666666666],[131.41875,33.44583333333333],[131.425,33.44583333333333],[131.425,33.44166666666666],[131.41875,33.44166666666666]]]}},{"type":"Feature","id":"44211:503113341","properties":{"id":"44211:503113341","meshCode":"503113341","cityCode":"44211","city":"宇佐市","lat":33.44375,"lon":131.428125,"areaKm2":0.2618534,"populated2020":false,"population2020":null,"populationNote":"境界またぎ・収録外等のため自治体内人口は未集計"},"geometry":{"type":"Polygon","coordinates":[[[131.43026166,33.445748613],[131.430807782,33.445228892],[131.430993333,33.444828054000006],[131.43125,33.44462973266034],[131.43125,33.44166666666667],[131.425,33.44166666666666],[131.425,33.44583333333333],[131.43007845892666,33.44583333333334],[131.43026166,33.445748613]]]}},{"type":"Feature","id":"44211:503113342","properties":{"id":"44211:503113342","meshCode":"503113342","cityCode":"44211","city":"宇佐市","lat":33.4437956,"lon":131.4315476,"areaKm2":0.0083614,"populated2020":false,"population2020":null,"populationNote":"境界またぎ・収録外等のため自治体内人口は未集計"},"geometry":{"type":"MultiPolygon","coordinates":[[[[131.43125,33.44462973266034],[131.431734994,33.444331108],[131.431868327,33.443902775],[131.43174083,33.443474162],[131.43125,33.4429171884447],[131.43125,33.44462973266034]]],[[[131.43125,33.44236178287383],[131.431485551,33.441854162000006],[131.43154992211444,33.44166666666666],[131.43125,33.44166666666667],[131.43125,33.44236178287383]]]]}},{"type":"Feature","id":"44211:503111394","properties":{"id":"44211:503111394","meshCode":"503111394","cityCode":"44211","city":"宇佐市","lat":33.4479167,"lon":131.246875,"areaKm2":0.2280917,"populated2020":false,"population2020":null,"populationNote":"境界またぎ・収録外等のため自治体内人口は未集計"},"geometry":{"type":"Polygon","coordinates":[[[131.24524658713005,33.44583333333334],[131.244413891,33.44606861300001],[131.244227497,33.446237775],[131.244400558,33.446584162],[131.24485917,33.447000829],[131.244930558,33.44802082900001],[131.244880558,33.448477225000005],[131.244372918,33.45],[131.25,33.45],[131.25,33.44583333333333],[131.24524658713005,33.44583333333334]]]}},{"type":"Feature","id":"44211:503112303","properties":{"id":"44211:503112303","meshCode":"503112303","cityCode":"44211","city":"宇佐市","lat":33.4479167,"lon":131.253125,"areaKm2":0.268553,"populated2020":false,"population2020":null,"populationNote":"境界またぎ・収録外等のため自治体内人口は未集計"},"geometry":{"type":"Polygon","coordinates":[[[131.25,33.44583333333333],[131.25,33.45],[131.25625,33.45],[131.25625,33.44583333333333],[131.25,33.44583333333333]]]}},{"type":"Feature","id":"44211:503112304","properties":{"id":"44211:503112304","meshCode":"503112304","cityCode":"44211","city":"宇佐市","lat":33.4479167,"lon":131.259375,"areaKm2":0.268553,"populated2020":false,"population2020":null,"populationNote":"境界またぎ・収録外等のため自治体内人口は未集計"},"geometry":{"type":"Polygon","coordinates":[[[131.25625,33.44583333333333],[131.25625,33.45],[131.2625,33.45],[131.2625,33.44583333333333],[131.25625,33.44583333333333]]]}},{"type":"Feature","id":"44211:503112313","properties":{"id":"44211:503112313","meshCode":"503112313","cityCode":"44211","city":"宇佐市","lat":33.4479167,"lon":131.265625,"areaKm2":0.268553,"populated2020":false,"population2020":null,"populationNote":"境界またぎ・収録外等のため自治体内人口は未集計"},"geometry":{"type":"Polygon","coordinates":[[[131.2625,33.44583333333333],[131.2625,33.45],[131.26875,33.45],[131.26875,33.44583333333333],[131.2625,33.44583333333333]]]}},{"type":"Feature","id":"44211:503112314","properties":{"id":"44211:503112314","meshCode":"503112314","cityCode":"44211","city":"宇佐市","lat":33.4479167,"lon":131.271875,"areaKm2":0.268553,"populated2020":false,"population2020":null,"populationNote":"境界またぎ・収録外等のため自治体内人口は未集計"},"geometry":{"type":"Polygon","coordinates":[[[131.26875,33.44583333333333],[131.26875,33.45],[131.275,33.45000000000001],[131.275,33.44583333333333],[131.26875,33.44583333333333]]]}},{"type":"Feature","id":"44211:503112323","properties":{"id":"44211:503112323","meshCode":"503112323","cityCode":"44211","city":"宇佐市","lat":33.4479167,"lon":131.278125,"areaKm2":0.268553,"populated2020":true,"population2020":2.0058,"populationNote":"2020年基準人口（国交省調整値）"},"geometry":{"type":"Polygon","coordinates":[[[131.275,33.44583333333333],[131.275,33.45000000000001],[131.28125,33.45],[131.28125,33.44583333333333],[131.275,33.44583333333333]]]}},{"type":"Feature","id":"44211:503112324","properties":{"id":"44211:503112324","meshCode":"503112324","cityCode":"44211","city":"宇佐市","lat":33.4479167,"lon":131.284375,"areaKm2":0.268553,"populated2020":false,"population2020":null,"populationNote":"境界またぎ・収録外等のため自治体内人口は未集計"},"geometry":{"type":"Polygon","coordinates":[[[131.28125,33.44583333333333],[131.28125,33.45],[131.2875,33.45],[131.2875,33.445833333333326],[131.28125,33.44583333333333]]]}},{"type":"Feature","id":"44211:503112333","properties":{"id":"44211:503112333","meshCode":"503112333","cityCode":"44211","city":"宇佐市","lat":33.4479167,"lon":131.290625,"areaKm2":0.268553,"populated2020":false,"population2020":null,"populationNote":"境界またぎ・収録外等のため自治体内人口は未集計"},"geometry":{"type":"Polygon","coordinates":[[[131.2875,33.445833333333326],[131.2875,33.45],[131.29375,33.45000000000001],[131.29375,33.44583333333333],[131.2875,33.445833333333326]]]}},{"type":"Feature","id":"44211:503112334","properties":{"id":"44211:503112334","meshCode":"503112334","cityCode":"44211","city":"宇佐市","lat":33.4479167,"lon":131.296875,"areaKm2":0.268553,"populated2020":false,"population2020":null,"populationNote":"境界またぎ・収録外等のため自治体内人口は未集計"},"geometry":{"type":"Polygon","coordinates":[[[131.29375,33.44583333333333],[131.29375,33.45000000000001],[131.30000000000004,33.45000000000001],[131.30000000000004,33.44583333333333],[131.29375,33.44583333333333]]]}},{"type":"Feature","id":"44211:503112343","properties":{"id":"44211:503112343","meshCode":"503112343","cityCode":"44211","city":"宇佐市","lat":33.4479167,"lon":131.303125,"areaKm2":0.268553,"populated2020":false,"population2020":null,"populationNote":"境界またぎ・収録外等のため自治体内人口は未集計"},"geometry":{"type":"Polygon","coordinates":[[[131.30000000000004,33.44583333333333],[131.30000000000004,33.45000000000001],[131.30625,33.45000000000001],[131.30625,33.44583333333333],[131.30000000000004,33.44583333333333]]]}},{"type":"Feature","id":"44211:503112344","properties":{"id":"44211:503112344","meshCode":"503112344","cityCode":"44211","city":"宇佐市","lat":33.4479167,"lon":131.309375,"areaKm2":0.268553,"populated2020":true,"population2020":49.2937,"populationNote":"2020年基準人口（国交省調整値）"},"geometry":{"type":"Polygon","coordinates":[[[131.30625,33.44583333333333],[131.30625,33.45000000000001],[131.3125,33.45000000000001],[131.3125,33.44583333333333],[131.30625,33.44583333333333]]]}},{"type":"Feature","id":"44211:503112353","properties":{"id":"44211:503112353","meshCode":"503112353","cityCode":"44211","city":"宇佐市","lat":33.4479167,"lon":131.315625,"areaKm2":0.268553,"populated2020":true,"population2020":58.3507,"populationNote":"2020年基準人口（国交省調整値）"},"geometry":{"type":"Polygon","coordinates":[[[131.3125,33.44583333333333],[131.3125,33.45000000000001],[131.31875,33.45000000000001],[131.31875,33.44583333333333],[131.3125,33.44583333333333]]]}},{"type":"Feature","id":"44211:503112354","properties":{"id":"44211:503112354","meshCode":"503112354","cityCode":"44211","city":"宇佐市","lat":33.4479167,"lon":131.321875,"areaKm2":0.268553,"populated2020":false,"population2020":null,"populationNote":"境界またぎ・収録外等のため自治体内人口は未集計"},"geometry":{"type":"Polygon","coordinates":[[[131.31875,33.44583333333333],[131.31875,33.45000000000001],[131.325,33.45000000000001],[131.325,33.44583333333333],[131.31875,33.44583333333333]]]}},{"type":"Feature","id":"44211:503112363","properties":{"id":"44211:503112363","meshCode":"503112363","cityCode":"44211","city":"宇佐市","lat":33.4479167,"lon":131.328125,"areaKm2":0.268553,"populated2020":true,"population2020":93.5858,"populationNote":"2020年基準人口（国交省調整値）"},"geometry":{"type":"Polygon","coordinates":[[[131.325,33.44583333333333],[131.325,33.45000000000001],[131.33125,33.45],[131.33125,33.445833333333326],[131.325,33.44583333333333]]]}},{"type":"Feature","id":"44211:503112364","properties":{"id":"44211:503112364","meshCode":"503112364","cityCode":"44211","city":"宇佐市","lat":33.4479167,"lon":131.334375,"areaKm2":0.268553,"populated2020":true,"population2020":20.1851,"populationNote":"2020年基準人口（国交省調整値）"},"geometry":{"type":"Polygon","coordinates":[[[131.33125,33.445833333333326],[131.33125,33.45],[131.3375,33.45],[131.3375,33.44583333333333],[131.33125,33.445833333333326]]]}},{"type":"Feature","id":"44211:503112373","properties":{"id":"44211:503112373","meshCode":"503112373","cityCode":"44211","city":"宇佐市","lat":33.4479167,"lon":131.340625,"areaKm2":0.268553,"populated2020":false,"population2020":null,"populationNote":"境界またぎ・収録外等のため自治体内人口は未集計"},"geometry":{"type":"Polygon","coordinates":[[[131.3375,33.44583333333333],[131.3375,33.45],[131.34375,33.45000000000001],[131.34375,33.44583333333333],[131.3375,33.44583333333333]]]}},{"type":"Feature","id":"44211:503112374","properties":{"id":"44211:503112374","meshCode":"503112374","cityCode":"44211","city":"宇佐市","lat":33.4479167,"lon":131.346875,"areaKm2":0.268553,"populated2020":true,"population2020":5.0379,"populationNote":"2020年基準人口（国交省調整値）"},"geometry":{"type":"Polygon","coordinates":[[[131.34375,33.44583333333333],[131.34375,33.45000000000001],[131.35,33.45],[131.35,33.445833333333326],[131.34375,33.44583333333333]]]}},{"type":"Feature","id":"44211:503112383","properties":{"id":"44211:503112383","meshCode":"503112383","cityCode":"44211","city":"宇佐市","lat":33.4479167,"lon":131.353125,"areaKm2":0.268553,"populated2020":false,"population2020":null,"populationNote":"境界またぎ・収録外等のため自治体内人口は未集計"},"geometry":{"type":"Polygon","coordinates":[[[131.35,33.445833333333326],[131.35,33.45],[131.35625000000002,33.45],[131.35625000000002,33.44583333333333],[131.35,33.445833333333326]]]}},{"type":"Feature","id":"44211:503112384","properties":{"id":"44211:503112384","meshCode":"503112384","cityCode":"44211","city":"宇佐市","lat":33.4479167,"lon":131.359375,"areaKm2":0.268553,"populated2020":false,"population2020":null,"populationNote":"境界またぎ・収録外等のため自治体内人口は未集計"},"geometry":{"type":"Polygon","coordinates":[[[131.35625000000002,33.44583333333333],[131.35625000000002,33.45],[131.3625,33.45],[131.3625,33.44583333333334],[131.35625000000002,33.44583333333333]]]}},{"type":"Feature","id":"44211:503112393","properties":{"id":"44211:503112393","meshCode":"503112393","cityCode":"44211","city":"宇佐市","lat":33.4479167,"lon":131.365625,"areaKm2":0.268553,"populated2020":true,"population2020":17.1364,"populationNote":"2020年基準人口（国交省調整値）"},"geometry":{"type":"Polygon","coordinates":[[[131.3625,33.44583333333334],[131.3625,33.45],[131.36875,33.45],[131.36875,33.44583333333333],[131.3625,33.44583333333334]]]}},{"type":"Feature","id":"44211:503112394","properties":{"id":"44211:503112394","meshCode":"503112394","cityCode":"44211","city":"宇佐市","lat":33.4479167,"lon":131.371875,"areaKm2":0.268553,"populated2020":true,"population2020":31.2568,"populationNote":"2020年基準人口（国交省調整値）"},"geometry":{"type":"Polygon","coordinates":[[[131.36875,33.44583333333333],[131.36875,33.45],[131.375,33.45],[131.375,33.44583333333334],[131.36875,33.44583333333333]]]}},{"type":"Feature","id":"44211:503113303","properties":{"id":"44211:503113303","meshCode":"503113303","cityCode":"44211","city":"宇佐市","lat":33.4479167,"lon":131.378125,"areaKm2":0.268553,"populated2020":true,"population2020":23.1777,"populationNote":"2020年基準人口（国交省調整値）"},"geometry":{"type":"Polygon","coordinates":[[[131.375,33.44583333333334],[131.375,33.45],[131.38125,33.45],[131.38125,33.44583333333334],[131.375,33.44583333333334]]]}},{"type":"Feature","id":"44211:503113304","properties":{"id":"44211:503113304","meshCode":"503113304","cityCode":"44211","city":"宇佐市","lat":33.4479167,"lon":131.384375,"areaKm2":0.268553,"populated2020":true,"population2020":4.006,"populationNote":"2020年基準人口（国交省調整値）"},"geometry":{"type":"Polygon","coordinates":[[[131.38125,33.44583333333334],[131.38125,33.45],[131.3875,33.45],[131.3875,33.445833333333326],[131.38125,33.44583333333334]]]}},{"type":"Feature","id":"44211:503113313","properties":{"id":"44211:503113313","meshCode":"503113313","cityCode":"44211","city":"宇佐市","lat":33.4479167,"lon":131.390625,"areaKm2":0.268553,"populated2020":true,"population2020":96.7355,"populationNote":"2020年基準人口（国交省調整値）"},"geometry":{"type":"Polygon","coordinates":[[[131.3875,33.445833333333326],[131.3875,33.45],[131.39375,33.45],[131.39375,33.44583333333334],[131.3875,33.445833333333326]]]}},{"type":"Feature","id":"44211:503113314","properties":{"id":"44211:503113314","meshCode":"503113314","cityCode":"44211","city":"宇佐市","lat":33.4479167,"lon":131.396875,"areaKm2":0.268553,"populated2020":true,"population2020":7.0335,"populationNote":"2020年基準人口（国交省調整値）"},"geometry":{"type":"Polygon","coordinates":[[[131.39375,33.44583333333334],[131.39375,33.45],[131.4,33.45],[131.4,33.44583333333333],[131.39375,33.44583333333334]]]}},{"type":"Feature","id":"44211:503113323","properties":{"id":"44211:503113323","meshCode":"503113323","cityCode":"44211","city":"宇佐市","lat":33.4479167,"lon":131.403125,"areaKm2":0.268553,"populated2020":false,"population2020":null,"populationNote":"境界またぎ・収録外等のため自治体内人口は未集計"},"geometry":{"type":"Polygon","coordinates":[[[131.4,33.44583333333333],[131.4,33.45],[131.40625,33.45000000000001],[131.40625,33.44583333333333],[131.4,33.44583333333333]]]}},{"type":"Feature","id":"44211:503113324","properties":{"id":"44211:503113324","meshCode":"503113324","cityCode":"44211","city":"宇佐市","lat":33.4479167,"lon":131.409375,"areaKm2":0.268553,"populated2020":false,"population2020":null,"populationNote":"境界またぎ・収録外等のため自治体内人口は未集計"},"geometry":{"type":"Polygon","coordinates":[[[131.40625,33.44583333333333],[131.40625,33.45000000000001],[131.4125,33.45],[131.4125,33.44583333333333],[131.40625,33.44583333333333]]]}},{"type":"Feature","id":"44211:503113333","properties":{"id":"44211:503113333","meshCode":"503113333","cityCode":"44211","city":"宇佐市","lat":33.4479167,"lon":131.415625,"areaKm2":0.268553,"populated2020":true,"population2020":11.0789,"populationNote":"2020年基準人口（国交省調整値）"},"geometry":{"type":"Polygon","coordinates":[[[131.4125,33.44583333333333],[131.4125,33.45],[131.41875,33.45000000000001],[131.41875,33.44583333333333],[131.4125,33.44583333333333]]]}},{"type":"Feature","id":"44211:503113334","properties":{"id":"44211:503113334","meshCode":"503113334","cityCode":"44211","city":"宇佐市","lat":33.4479167,"lon":131.421875,"areaKm2":0.268553,"populated2020":false,"population2020":null,"populationNote":"境界またぎ・収録外等のため自治体内人口は未集計"},"geometry":{"type":"Polygon","coordinates":[[[131.41875,33.44583333333333],[131.41875,33.45000000000001],[131.425,33.45000000000001],[131.425,33.44583333333333],[131.41875,33.44583333333333]]]}},{"type":"Feature","id":"44211:503113343","properties":{"id":"44211:503113343","meshCode":"503113343","cityCode":"44211","city":"宇佐市","lat":33.4478172,"lon":131.4260697,"areaKm2":0.1396807,"populated2020":false,"population2020":null,"populationNote":"境界またぎ・収録外等のため自治体内人口は未集計"},"geometry":{"type":"Polygon","coordinates":[[[131.428923606,33.449956108],[131.428673061,33.449108892],[131.428316394,33.448589440999996],[131.42807166,33.448404721],[131.427114163,33.448038053999994],[131.427209728,33.44747582899999],[131.427382218,33.447244721000004],[131.428141946,33.446993613],[131.428467497,33.44653194600001],[131.42895917,33.446230829],[131.429221115,33.445974721],[131.43007845892666,33.44583333333334],[131.425,33.44583333333333],[131.425,33.45000000000001],[131.428923606,33.449956108]]]}},{"type":"Feature","id":"44211:503111492","properties":{"id":"44211:503111492","meshCode":"503111492","cityCode":"44211","city":"宇佐市","lat":33.4520833,"lon":131.246875,"areaKm2":0.1858843,"populated2020":false,"population2020":null,"populationNote":"境界またぎ・収録外等のため自治体内人口は未集計"},"geometry":{"type":"Polygon","coordinates":[[[131.244372918,33.45],[131.244142776,33.450186946],[131.244235837,33.450406387],[131.244687497,33.45090805400001],[131.245841115,33.451719441],[131.246034449,33.451978613],[131.246469728,33.452927775000006],[131.246491115,33.45306889199999],[131.246326394,33.453508333],[131.24654059038392,33.454166666666666],[131.25,33.454166666666666],[131.25,33.45],[131.244372918,33.45]]]}},{"type":"Feature","id":"44211:503112401","properties":{"id":"44211:503112401","meshCode":"503112401","cityCode":"44211","city":"宇佐市","lat":33.4520833,"lon":131.253125,"areaKm2":0.2685403,"populated2020":false,"population2020":null,"populationNote":"境界またぎ・収録外等のため自治体内人口は未集計"},"geometry":{"type":"Polygon","coordinates":[[[131.25,33.45],[131.25,33.454166666666666],[131.25625,33.454166666666666],[131.25625,33.45],[131.25,33.45]]]}},{"type":"Feature","id":"44211:503112402","properties":{"id":"44211:503112402","meshCode":"503112402","cityCode":"44211","city":"宇佐市","lat":33.4520833,"lon":131.259375,"areaKm2":0.2685403,"populated2020":false,"population2020":null,"populationNote":"境界またぎ・収録外等のため自治体内人口は未集計"},"geometry":{"type":"Polygon","coordinates":[[[131.25625,33.45],[131.25625,33.454166666666666],[131.2625,33.454166666666666],[131.2625,33.45],[131.25625,33.45]]]}},{"type":"Feature","id":"44211:503112411","properties":{"id":"44211:503112411","meshCode":"503112411","cityCode":"44211","city":"宇佐市","lat":33.4520833,"lon":131.265625,"areaKm2":0.2685403,"populated2020":false,"population2020":null,"populationNote":"境界またぎ・収録外等のため自治体内人口は未集計"},"geometry":{"type":"Polygon","coordinates":[[[131.2625,33.45],[131.2625,33.454166666666666],[131.26875,33.454166666666666],[131.26875,33.45],[131.2625,33.45]]]}},{"type":"Feature","id":"44211:503112412","properties":{"id":"44211:503112412","meshCode":"503112412","cityCode":"44211","city":"宇佐市","lat":33.4520833,"lon":131.271875,"areaKm2":0.2685403,"populated2020":true,"population2020":7.0481,"populationNote":"2020年基準人口（国交省調整値）"},"geometry":{"type":"Polygon","coordinates":[[[131.26875,33.45],[131.26875,33.454166666666666],[131.275,33.454166666666666],[131.275,33.45000000000001],[131.26875,33.45]]]}},{"type":"Feature","id":"44211:503112421","properties":{"id":"44211:503112421","meshCode":"503112421","cityCode":"44211","city":"宇佐市","lat":33.4520833,"lon":131.278125,"areaKm2":0.2685403,"populated2020":true,"population2020":8.0583,"populationNote":"2020年基準人口（国交省調整値）"},"geometry":{"type":"Polygon","coordinates":[[[131.275,33.45000000000001],[131.275,33.454166666666666],[131.28125,33.454166666666666],[131.28125,33.45],[131.275,33.45000000000001]]]}},{"type":"Feature","id":"44211:503112422","properties":{"id":"44211:503112422","meshCode":"503112422","cityCode":"44211","city":"宇佐市","lat":33.4520833,"lon":131.284375,"areaKm2":0.2685403,"populated2020":true,"population2020":11.1002,"populationNote":"2020年基準人口（国交省調整値）"},"geometry":{"type":"Polygon","coordinates":[[[131.28125,33.45],[131.28125,33.454166666666666],[131.2875,33.454166666666666],[131.2875,33.45],[131.28125,33.45]]]}},{"type":"Feature","id":"44211:503112431","properties":{"id":"44211:503112431","meshCode":"503112431","cityCode":"44211","city":"宇佐市","lat":33.4520833,"lon":131.290625,"areaKm2":0.2685403,"populated2020":false,"population2020":null,"populationNote":"境界またぎ・収録外等のため自治体内人口は未集計"},"geometry":{"type":"Polygon","coordinates":[[[131.2875,33.45],[131.2875,33.454166666666666],[131.29375,33.454166666666666],[131.29375,33.45000000000001],[131.2875,33.45]]]}},{"type":"Feature","id":"44211:503112432","properties":{"id":"44211:503112432","meshCode":"503112432","cityCode":"44211","city":"宇佐市","lat":33.4520833,"lon":131.296875,"areaKm2":0.2685403,"populated2020":false,"population2020":null,"populationNote":"境界またぎ・収録外等のため自治体内人口は未集計"},"geometry":{"type":"Polygon","coordinates":[[[131.29375,33.45000000000001],[131.29375,33.454166666666666],[131.30000000000004,33.45416666666667],[131.30000000000004,33.45000000000001],[131.29375,33.45000000000001]]]}},{"type":"Feature","id":"44211:503112441","properties":{"id":"44211:503112441","meshCode":"503112441","cityCode":"44211","city":"宇佐市","lat":33.4520833,"lon":131.303125,"areaKm2":0.2685403,"populated2020":false,"population2020":null,"populationNote":"境界またぎ・収録外等のため自治体内人口は未集計"},"geometry":{"type":"Polygon","coordinates":[[[131.30000000000004,33.45000000000001],[131.30000000000004,33.45416666666667],[131.30625,33.45416666666667],[131.30625,33.45000000000001],[131.30000000000004,33.45000000000001]]]}},{"type":"Feature","id":"44211:503112442","properties":{"id":"44211:503112442","meshCode":"503112442","cityCode":"44211","city":"宇佐市","lat":33.4520833,"lon":131.309375,"areaKm2":0.2685403,"populated2020":false,"population2020":null,"populationNote":"境界またぎ・収録外等のため自治体内人口は未集計"},"geometry":{"type":"Polygon","coordinates":[[[131.30625,33.45000000000001],[131.30625,33.45416666666667],[131.3125,33.454166666666666],[131.3125,33.45000000000001],[131.30625,33.45000000000001]]]}},{"type":"Feature","id":"44211:503112451","properties":{"id":"44211:503112451","meshCode":"503112451","cityCode":"44211","city":"宇佐市","lat":33.4520833,"lon":131.315625,"areaKm2":0.2685403,"populated2020":true,"population2020":14.0694,"populationNote":"2020年基準人口（国交省調整値）"},"geometry":{"type":"Polygon","coordinates":[[[131.3125,33.45000000000001],[131.3125,33.454166666666666],[131.31875,33.454166666666666],[131.31875,33.45000000000001],[131.3125,33.45000000000001]]]}},{"type":"Feature","id":"44211:503112452","properties":{"id":"44211:503112452","meshCode":"503112452","cityCode":"44211","city":"宇佐市","lat":33.4520833,"lon":131.321875,"areaKm2":0.2685403,"populated2020":true,"population2020":129.7475,"populationNote":"2020年基準人口（国交省調整値）"},"geometry":{"type":"Polygon","coordinates":[[[131.31875,33.45000000000001],[131.31875,33.454166666666666],[131.325,33.454166666666666],[131.325,33.45000000000001],[131.31875,33.45000000000001]]]}},{"type":"Feature","id":"44211:503112461","properties":{"id":"44211:503112461","meshCode":"503112461","cityCode":"44211","city":"宇佐市","lat":33.4520833,"lon":131.328125,"areaKm2":0.2685403,"populated2020":true,"population2020":188.516,"populationNote":"2020年基準人口（国交省調整値）"},"geometry":{"type":"Polygon","coordinates":[[[131.325,33.45000000000001],[131.325,33.454166666666666],[131.33125,33.454166666666666],[131.33125,33.45],[131.325,33.45000000000001]]]}},{"type":"Feature","id":"44211:503112462","properties":{"id":"44211:503112462","meshCode":"503112462","cityCode":"44211","city":"宇佐市","lat":33.4520833,"lon":131.334375,"areaKm2":0.2685403,"populated2020":false,"population2020":null,"populationNote":"境界またぎ・収録外等のため自治体内人口は未集計"},"geometry":{"type":"Polygon","coordinates":[[[131.33125,33.45],[131.33125,33.454166666666666],[131.3375,33.45416666666667],[131.3375,33.45],[131.33125,33.45]]]}},{"type":"Feature","id":"44211:503112471","properties":{"id":"44211:503112471","meshCode":"503112471","cityCode":"44211","city":"宇佐市","lat":33.4520833,"lon":131.340625,"areaKm2":0.2685403,"populated2020":false,"population2020":null,"populationNote":"境界またぎ・収録外等のため自治体内人口は未集計"},"geometry":{"type":"Polygon","coordinates":[[[131.3375,33.45],[131.3375,33.45416666666667],[131.34375,33.454166666666666],[131.34375,33.45000000000001],[131.3375,33.45]]]}},{"type":"Feature","id":"44211:503112472","properties":{"id":"44211:503112472","meshCode":"503112472","cityCode":"44211","city":"宇佐市","lat":33.4520833,"lon":131.346875,"areaKm2":0.2685403,"populated2020":false,"population2020":null,"populationNote":"境界またぎ・収録外等のため自治体内人口は未集計"},"geometry":{"type":"Polygon","coordinates":[[[131.34375,33.45000000000001],[131.34375,33.454166666666666],[131.35,33.45416666666667],[131.35,33.45],[131.34375,33.45000000000001]]]}},{"type":"Feature","id":"44211:503112481","properties":{"id":"44211:503112481","meshCode":"503112481","cityCode":"44211","city":"宇佐市","lat":33.4520833,"lon":131.353125,"areaKm2":0.2685403,"populated2020":false,"population2020":null,"populationNote":"境界またぎ・収録外等のため自治体内人口は未集計"},"geometry":{"type":"Polygon","coordinates":[[[131.35,33.45],[131.35,33.45416666666667],[131.35625000000002,33.454166666666666],[131.35625000000002,33.45],[131.35,33.45]]]}},{"type":"Feature","id":"44211:503112482","properties":{"id":"44211:503112482","meshCode":"503112482","cityCode":"44211","city":"宇佐市","lat":33.4520833,"lon":131.359375,"areaKm2":0.2685403,"populated2020":true,"population2020":2.02,"populationNote":"2020年基準人口（国交省調整値）"},"geometry":{"type":"Polygon","coordinates":[[[131.35625000000002,33.45],[131.35625000000002,33.454166666666666],[131.3625,33.454166666666666],[131.3625,33.45],[131.35625000000002,33.45]]]}},{"type":"Feature","id":"44211:503112491","properties":{"id":"44211:503112491","meshCode":"503112491","cityCode":"44211","city":"宇佐市","lat":33.4520833,"lon":131.365625,"areaKm2":0.2685403,"populated2020":true,"population2020":6.0224,"populationNote":"2020年基準人口（国交省調整値）"},"geometry":{"type":"Polygon","coordinates":[[[131.3625,33.45],[131.3625,33.454166666666666],[131.36875,33.45416666666667],[131.36875,33.45],[131.3625,33.45]]]}},{"type":"Feature","id":"44211:503112492","properties":{"id":"44211:503112492","meshCode":"503112492","cityCode":"44211","city":"宇佐市","lat":33.4520833,"lon":131.371875,"areaKm2":0.2685403,"populated2020":true,"population2020":5.0354,"populationNote":"2020年基準人口（国交省調整値）"},"geometry":{"type":"Polygon","coordinates":[[[131.36875,33.45],[131.36875,33.45416666666667],[131.375,33.45416666666667],[131.375,33.45],[131.36875,33.45]]]}},{"type":"Feature","id":"44211:503113401","properties":{"id":"44211:503113401","meshCode":"503113401","cityCode":"44211","city":"宇佐市","lat":33.4520833,"lon":131.378125,"areaKm2":0.2685403,"populated2020":false,"population2020":null,"populationNote":"境界またぎ・収録外等のため自治体内人口は未集計"},"geometry":{"type":"Polygon","coordinates":[[[131.375,33.45],[131.375,33.45416666666667],[131.38125,33.454166666666666],[131.38125,33.45],[131.375,33.45]]]}},{"type":"Feature","id":"44211:503113402","properties":{"id":"44211:503113402","meshCode":"503113402","cityCode":"44211","city":"宇佐市","lat":33.4520833,"lon":131.384375,"areaKm2":0.2685403,"populated2020":true,"population2020":27.1914,"populationNote":"2020年基準人口（国交省調整値）"},"geometry":{"type":"Polygon","coordinates":[[[131.38125,33.45],[131.38125,33.454166666666666],[131.3875,33.454166666666666],[131.3875,33.45],[131.38125,33.45]]]}},{"type":"Feature","id":"44211:503113411","properties":{"id":"44211:503113411","meshCode":"503113411","cityCode":"44211","city":"宇佐市","lat":33.4520833,"lon":131.390625,"areaKm2":0.2685403,"populated2020":true,"population2020":9.0622,"populationNote":"2020年基準人口（国交省調整値）"},"geometry":{"type":"Polygon","coordinates":[[[131.3875,33.45],[131.3875,33.454166666666666],[131.39375,33.454166666666666],[131.39375,33.45],[131.3875,33.45]]]}},{"type":"Feature","id":"44211:503113412","properties":{"id":"44211:503113412","meshCode":"503113412","cityCode":"44211","city":"宇佐市","lat":33.4520833,"lon":131.396875,"areaKm2":0.2685403,"populated2020":true,"population2020":16.0913,"populationNote":"2020年基準人口（国交省調整値）"},"geometry":{"type":"Polygon","coordinates":[[[131.39375,33.45],[131.39375,33.454166666666666],[131.4,33.454166666666666],[131.4,33.45],[131.39375,33.45]]]}},{"type":"Feature","id":"44211:503113421","properties":{"id":"44211:503113421","meshCode":"503113421","cityCode":"44211","city":"宇佐市","lat":33.4520833,"lon":131.403125,"areaKm2":0.2685403,"populated2020":true,"population2020":18.1304,"populationNote":"2020年基準人口（国交省調整値）"},"geometry":{"type":"Polygon","coordinates":[[[131.4,33.45],[131.4,33.454166666666666],[131.40625,33.454166666666666],[131.40625,33.45000000000001],[131.4,33.45]]]}},{"type":"Feature","id":"44211:503113422","properties":{"id":"44211:503113422","meshCode":"503113422","cityCode":"44211","city":"宇佐市","lat":33.4520833,"lon":131.409375,"areaKm2":0.2685403,"populated2020":true,"population2020":7.0841,"populationNote":"2020年基準人口（国交省調整値）"},"geometry":{"type":"Polygon","coordinates":[[[131.40625,33.45000000000001],[131.40625,33.454166666666666],[131.4125,33.45416666666667],[131.4125,33.45],[131.40625,33.45000000000001]]]}},{"type":"Feature","id":"44211:503113431","properties":{"id":"44211:503113431","meshCode":"503113431","cityCode":"44211","city":"宇佐市","lat":33.4520833,"lon":131.415625,"areaKm2":0.2685403,"populated2020":true,"population2020":2.0197,"populationNote":"2020年基準人口（国交省調整値）"},"geometry":{"type":"Polygon","coordinates":[[[131.4125,33.45],[131.4125,33.45416666666667],[131.41875,33.45416666666666],[131.41875,33.45000000000001],[131.4125,33.45]]]}},{"type":"Feature","id":"44211:503113432","properties":{"id":"44211:503113432","meshCode":"503113432","cityCode":"44211","city":"宇佐市","lat":33.4520833,"lon":131.421875,"areaKm2":0.2685403,"populated2020":false,"population2020":null,"populationNote":"境界またぎ・収録外等のため自治体内人口は未集計"},"geometry":{"type":"Polygon","coordinates":[[[131.41875,33.45000000000001],[131.41875,33.45416666666666],[131.425,33.454166666666666],[131.425,33.45000000000001],[131.41875,33.45000000000001]]]}},{"type":"Feature","id":"44211:503113441","properties":{"id":"44211:503113441","meshCode":"503113441","cityCode":"44211","city":"宇佐市","lat":33.4520833,"lon":131.428125,"areaKm2":0.1304615,"populated2020":false,"population2020":null,"populationNote":"境界またぎ・収録外等のため自治体内人口は未集計"},"geometry":{"type":"Polygon","coordinates":[[[131.427113606,33.454134721],[131.426731388,33.453806667],[131.426174449,33.453569721],[131.42616917,33.453465],[131.426767224,33.452898333],[131.427830558,33.452540829],[131.428847782,33.452099441],[131.428946109,33.451973892],[131.429022218,33.451024720999996],[131.428933191,33.45],[131.425,33.45000000000001],[131.425,33.454166666666666],[131.427113606,33.454134721]]]}},{"type":"Feature","id":"44211:503111494","properties":{"id":"44211:503111494","meshCode":"503111494","cityCode":"44211","city":"宇佐市","lat":33.45625,"lon":131.246875,"areaKm2":0.1626991,"populated2020":false,"population2020":null,"populationNote":"境界またぎ・収録外等のため自治体内人口は未集計"},"geometry":{"type":"Polygon","coordinates":[[[131.24654059038392,33.454166666666666],[131.247136109,33.455328333],[131.247128612,33.455780279],[131.246934994,33.456073333],[131.246368885,33.456507225],[131.245745551,33.456698892],[131.245279728,33.456698892],[131.245208054,33.45772972099999],[131.24530953310412,33.45833333333334],[131.25,33.458333333333336],[131.25,33.454166666666666],[131.24654059038392,33.454166666666666]]]}},{"type":"Feature","id":"44211:503112403","properties":{"id":"44211:503112403","meshCode":"503112403","cityCode":"44211","city":"宇佐市","lat":33.45625,"lon":131.253125,"areaKm2":0.2685277,"populated2020":true,"population2020":4.0429,"populationNote":"2020年基準人口（国交省調整値）"},"geometry":{"type":"Polygon","coordinates":[[[131.25,33.454166666666666],[131.25,33.458333333333336],[131.25625,33.458333333333336],[131.25625,33.454166666666666],[131.25,33.454166666666666]]]}},{"type":"Feature","id":"44211:503112404","properties":{"id":"44211:503112404","meshCode":"503112404","cityCode":"44211","city":"宇佐市","lat":33.45625,"lon":131.259375,"areaKm2":0.2685277,"populated2020":false,"population2020":null,"populationNote":"境界またぎ・収録外等のため自治体内人口は未集計"},"geometry":{"type":"Polygon","coordinates":[[[131.25625,33.454166666666666],[131.25625,33.458333333333336],[131.2625,33.45833333333334],[131.2625,33.454166666666666],[131.25625,33.454166666666666]]]}},{"type":"Feature","id":"44211:503112413","properties":{"id":"44211:503112413","meshCode":"503112413","cityCode":"44211","city":"宇佐市","lat":33.45625,"lon":131.265625,"areaKm2":0.2685277,"populated2020":true,"population2020":22.1532,"populationNote":"2020年基準人口（国交省調整値）"},"geometry":{"type":"Polygon","coordinates":[[[131.2625,33.454166666666666],[131.2625,33.45833333333334],[131.26875,33.458333333333336],[131.26875,33.454166666666666],[131.2625,33.454166666666666]]]}},{"type":"Feature","id":"44211:503112414","properties":{"id":"44211:503112414","meshCode":"503112414","cityCode":"44211","city":"宇佐市","lat":33.45625,"lon":131.271875,"areaKm2":0.2685277,"populated2020":true,"population2020":6.0466,"populationNote":"2020年基準人口（国交省調整値）"},"geometry":{"type":"Polygon","coordinates":[[[131.26875,33.454166666666666],[131.26875,33.458333333333336],[131.275,33.458333333333336],[131.275,33.454166666666666],[131.26875,33.454166666666666]]]}},{"type":"Feature","id":"44211:503112423","properties":{"id":"44211:503112423","meshCode":"503112423","cityCode":"44211","city":"宇佐市","lat":33.45625,"lon":131.278125,"areaKm2":0.2685277,"populated2020":true,"population2020":6.0261,"populationNote":"2020年基準人口（国交省調整値）"},"geometry":{"type":"Polygon","coordinates":[[[131.275,33.454166666666666],[131.275,33.458333333333336],[131.28125,33.45833333333334],[131.28125,33.454166666666666],[131.275,33.454166666666666]]]}},{"type":"Feature","id":"44211:503112424","properties":{"id":"44211:503112424","meshCode":"503112424","cityCode":"44211","city":"宇佐市","lat":33.45625,"lon":131.284375,"areaKm2":0.2685277,"populated2020":false,"population2020":null,"populationNote":"境界またぎ・収録外等のため自治体内人口は未集計"},"geometry":{"type":"Polygon","coordinates":[[[131.28125,33.454166666666666],[131.28125,33.45833333333334],[131.2875,33.45833333333334],[131.2875,33.454166666666666],[131.28125,33.454166666666666]]]}},{"type":"Feature","id":"44211:503112433","properties":{"id":"44211:503112433","meshCode":"503112433","cityCode":"44211","city":"宇佐市","lat":33.45625,"lon":131.290625,"areaKm2":0.2685277,"populated2020":false,"population2020":null,"populationNote":"境界またぎ・収録外等のため自治体内人口は未集計"},"geometry":{"type":"Polygon","coordinates":[[[131.2875,33.454166666666666],[131.2875,33.45833333333334],[131.29375,33.45833333333334],[131.29375,33.454166666666666],[131.2875,33.454166666666666]]]}},{"type":"Feature","id":"44211:503112434","properties":{"id":"44211:503112434","meshCode":"503112434","cityCode":"44211","city":"宇佐市","lat":33.45625,"lon":131.296875,"areaKm2":0.2685277,"populated2020":false,"population2020":null,"populationNote":"境界またぎ・収録外等のため自治体内人口は未集計"},"geometry":{"type":"Polygon","coordinates":[[[131.29375,33.454166666666666],[131.29375,33.45833333333334],[131.30000000000004,33.458333333333336],[131.30000000000004,33.45416666666667],[131.29375,33.454166666666666]]]}},{"type":"Feature","id":"44211:503112443","properties":{"id":"44211:503112443","meshCode":"503112443","cityCode":"44211","city":"宇佐市","lat":33.45625,"lon":131.303125,"areaKm2":0.2685277,"populated2020":false,"population2020":null,"populationNote":"境界またぎ・収録外等のため自治体内人口は未集計"},"geometry":{"type":"Polygon","coordinates":[[[131.30000000000004,33.45416666666667],[131.30000000000004,33.458333333333336],[131.30625,33.458333333333336],[131.30625,33.45416666666667],[131.30000000000004,33.45416666666667]]]}},{"type":"Feature","id":"44211:503112444","properties":{"id":"44211:503112444","meshCode":"503112444","cityCode":"44211","city":"宇佐市","lat":33.45625,"lon":131.309375,"areaKm2":0.2685277,"populated2020":false,"population2020":null,"populationNote":"境界またぎ・収録外等のため自治体内人口は未集計"},"geometry":{"type":"Polygon","coordinates":[[[131.30625,33.45416666666667],[131.30625,33.458333333333336],[131.3125,33.45833333333334],[131.3125,33.454166666666666],[131.30625,33.45416666666667]]]}},{"type":"Feature","id":"44211:503112453","properties":{"id":"44211:503112453","meshCode":"503112453","cityCode":"44211","city":"宇佐市","lat":33.45625,"lon":131.315625,"areaKm2":0.2685277,"populated2020":false,"population2020":null,"populationNote":"境界またぎ・収録外等のため自治体内人口は未集計"},"geometry":{"type":"Polygon","coordinates":[[[131.3125,33.454166666666666],[131.3125,33.45833333333334],[131.31875,33.458333333333336],[131.31875,33.454166666666666],[131.3125,33.454166666666666]]]}},{"type":"Feature","id":"44211:503112454","properties":{"id":"44211:503112454","meshCode":"503112454","cityCode":"44211","city":"宇佐市","lat":33.45625,"lon":131.321875,"areaKm2":0.2685277,"populated2020":true,"population2020":23.1619,"populationNote":"2020年基準人口（国交省調整値）"},"geometry":{"type":"Polygon","coordinates":[[[131.31875,33.454166666666666],[131.31875,33.458333333333336],[131.325,33.45833333333334],[131.325,33.454166666666666],[131.31875,33.454166666666666]]]}},{"type":"Feature","id":"44211:503112463","properties":{"id":"44211:503112463","meshCode":"503112463","cityCode":"44211","city":"宇佐市","lat":33.45625,"lon":131.328125,"areaKm2":0.2685277,"populated2020":true,"population2020":110.9458,"populationNote":"2020年基準人口（国交省調整値）"},"geometry":{"type":"Polygon","coordinates":[[[131.325,33.454166666666666],[131.325,33.45833333333334],[131.33125,33.45833333333334],[131.33125,33.454166666666666],[131.325,33.454166666666666]]]}},{"type":"Feature","id":"44211:503112464","properties":{"id":"44211:503112464","meshCode":"503112464","cityCode":"44211","city":"宇佐市","lat":33.45625,"lon":131.334375,"areaKm2":0.2685277,"populated2020":false,"population2020":null,"populationNote":"境界またぎ・収録外等のため自治体内人口は未集計"},"geometry":{"type":"Polygon","coordinates":[[[131.33125,33.454166666666666],[131.33125,33.45833333333334],[131.3375,33.458333333333336],[131.3375,33.45416666666667],[131.33125,33.454166666666666]]]}},{"type":"Feature","id":"44211:503112473","properties":{"id":"44211:503112473","meshCode":"503112473","cityCode":"44211","city":"宇佐市","lat":33.45625,"lon":131.340625,"areaKm2":0.2685277,"populated2020":true,"population2020":3.0328,"populationNote":"2020年基準人口（国交省調整値）"},"geometry":{"type":"Polygon","coordinates":[[[131.3375,33.45416666666667],[131.3375,33.458333333333336],[131.34375,33.45833333333334],[131.34375,33.454166666666666],[131.3375,33.45416666666667]]]}},{"type":"Feature","id":"44211:503112474","properties":{"id":"44211:503112474","meshCode":"503112474","cityCode":"44211","city":"宇佐市","lat":33.45625,"lon":131.346875,"areaKm2":0.2685277,"populated2020":true,"population2020":23.1476,"populationNote":"2020年基準人口（国交省調整値）"},"geometry":{"type":"Polygon","coordinates":[[[131.34375,33.454166666666666],[131.34375,33.45833333333334],[131.35,33.458333333333336],[131.35,33.45416666666667],[131.34375,33.454166666666666]]]}},{"type":"Feature","id":"44211:503112483","properties":{"id":"44211:503112483","meshCode":"503112483","cityCode":"44211","city":"宇佐市","lat":33.45625,"lon":131.353125,"areaKm2":0.2685277,"populated2020":false,"population2020":null,"populationNote":"境界またぎ・収録外等のため自治体内人口は未集計"},"geometry":{"type":"Polygon","coordinates":[[[131.35,33.45416666666667],[131.35,33.458333333333336],[131.35625000000002,33.458333333333336],[131.35625000000002,33.454166666666666],[131.35,33.45416666666667]]]}},{"type":"Feature","id":"44211:503112484","properties":{"id":"44211:503112484","meshCode":"503112484","cityCode":"44211","city":"宇佐市","lat":33.45625,"lon":131.359375,"areaKm2":0.2685277,"populated2020":false,"population2020":null,"populationNote":"境界またぎ・収録外等のため自治体内人口は未集計"},"geometry":{"type":"Polygon","coordinates":[[[131.35625000000002,33.454166666666666],[131.35625000000002,33.458333333333336],[131.3625,33.458333333333336],[131.3625,33.454166666666666],[131.35625000000002,33.454166666666666]]]}},{"type":"Feature","id":"44211:503112493","properties":{"id":"44211:503112493","meshCode":"503112493","cityCode":"44211","city":"宇佐市","lat":33.45625,"lon":131.365625,"areaKm2":0.2685277,"populated2020":false,"population2020":null,"populationNote":"境界またぎ・収録外等のため自治体内人口は未集計"},"geometry":{"type":"Polygon","coordinates":[[[131.3625,33.454166666666666],[131.3625,33.458333333333336],[131.36875,33.45833333333333],[131.36875,33.45416666666667],[131.3625,33.454166666666666]]]}},{"type":"Feature","id":"44211:503112494","properties":{"id":"44211:503112494","meshCode":"503112494","cityCode":"44211","city":"宇佐市","lat":33.45625,"lon":131.371875,"areaKm2":0.2685277,"populated2020":false,"population2020":null,"populationNote":"境界またぎ・収録外等のため自治体内人口は未集計"},"geometry":{"type":"Polygon","coordinates":[[[131.36875,33.45416666666667],[131.36875,33.45833333333333],[131.375,33.458333333333336],[131.375,33.45416666666667],[131.36875,33.45416666666667]]]}},{"type":"Feature","id":"44211:503113403","properties":{"id":"44211:503113403","meshCode":"503113403","cityCode":"44211","city":"宇佐市","lat":33.45625,"lon":131.378125,"areaKm2":0.2685277,"populated2020":false,"population2020":null,"populationNote":"境界またぎ・収録外等のため自治体内人口は未集計"},"geometry":{"type":"Polygon","coordinates":[[[131.375,33.45416666666667],[131.375,33.458333333333336],[131.38125,33.45833333333334],[131.38125,33.454166666666666],[131.375,33.45416666666667]]]}},{"type":"Feature","id":"44211:503113404","properties":{"id":"44211:503113404","meshCode":"503113404","cityCode":"44211","city":"宇佐市","lat":33.45625,"lon":131.384375,"areaKm2":0.2685277,"populated2020":false,"population2020":null,"populationNote":"境界またぎ・収録外等のため自治体内人口は未集計"},"geometry":{"type":"Polygon","coordinates":[[[131.38125,33.454166666666666],[131.38125,33.45833333333334],[131.3875,33.458333333333336],[131.3875,33.454166666666666],[131.38125,33.454166666666666]]]}},{"type":"Feature","id":"44211:503113413","properties":{"id":"44211:503113413","meshCode":"503113413","cityCode":"44211","city":"宇佐市","lat":33.45625,"lon":131.390625,"areaKm2":0.2685277,"populated2020":false,"population2020":null,"populationNote":"境界またぎ・収録外等のため自治体内人口は未集計"},"geometry":{"type":"Polygon","coordinates":[[[131.3875,33.454166666666666],[131.3875,33.458333333333336],[131.39375,33.458333333333336],[131.39375,33.454166666666666],[131.3875,33.454166666666666]]]}},{"type":"Feature","id":"44211:503113414","properties":{"id":"44211:503113414","meshCode":"503113414","cityCode":"44211","city":"宇佐市","lat":33.45625,"lon":131.396875,"areaKm2":0.2685277,"populated2020":false,"population2020":null,"populationNote":"境界またぎ・収録外等のため自治体内人口は未集計"},"geometry":{"type":"Polygon","coordinates":[[[131.39375,33.454166666666666],[131.39375,33.458333333333336],[131.4,33.458333333333336],[131.4,33.454166666666666],[131.39375,33.454166666666666]]]}},{"type":"Feature","id":"44211:503113423","properties":{"id":"44211:503113423","meshCode":"503113423","cityCode":"44211","city":"宇佐市","lat":33.45625,"lon":131.403125,"areaKm2":0.2685277,"populated2020":true,"population2020":33.2602,"populationNote":"2020年基準人口（国交省調整値）"},"geometry":{"type":"Polygon","coordinates":[[[131.4,33.454166666666666],[131.4,33.458333333333336],[131.40625,33.458333333333336],[131.40625,33.454166666666666],[131.4,33.454166666666666]]]}},{"type":"Feature","id":"44211:503113424","properties":{"id":"44211:503113424","meshCode":"503113424","cityCode":"44211","city":"宇佐市","lat":33.45625,"lon":131.409375,"areaKm2":0.2685277,"populated2020":true,"population2020":25.1943,"populationNote":"2020年基準人口（国交省調整値）"},"geometry":{"type":"Polygon","coordinates":[[[131.40625,33.454166666666666],[131.40625,33.458333333333336],[131.4125,33.458333333333336],[131.4125,33.45416666666667],[131.40625,33.454166666666666]]]}},{"type":"Feature","id":"44211:503113433","properties":{"id":"44211:503113433","meshCode":"503113433","cityCode":"44211","city":"宇佐市","lat":33.45625,"lon":131.415625,"areaKm2":0.2685277,"populated2020":true,"population2020":3.0075,"populationNote":"2020年基準人口（国交省調整値）"},"geometry":{"type":"Polygon","coordinates":[[[131.4125,33.45416666666667],[131.4125,33.458333333333336],[131.41875,33.45833333333334],[131.41875,33.45416666666666],[131.4125,33.45416666666667]]]}},{"type":"Feature","id":"44211:503113434","properties":{"id":"44211:503113434","meshCode":"503113434","cityCode":"44211","city":"宇佐市","lat":33.45625,"lon":131.421875,"areaKm2":0.2685277,"populated2020":false,"population2020":null,"populationNote":"境界またぎ・収録外等のため自治体内人口は未集計"},"geometry":{"type":"Polygon","coordinates":[[[131.41875,33.45416666666666],[131.41875,33.45833333333334],[131.425,33.45833333333334],[131.425,33.454166666666666],[131.41875,33.45416666666666]]]}},{"type":"Feature","id":"44211:503113443","properties":{"id":"44211:503113443","meshCode":"503113443","cityCode":"44211","city":"宇佐市","lat":33.4561742,"lon":131.4259342,"areaKm2":0.0792037,"populated2020":false,"population2020":null,"populationNote":"境界またぎ・収録外等のため自治体内人口は未集計"},"geometry":{"type":"Polygon","coordinates":[[[131.426371141,33.458333333],[131.426204994,33.45786055899999],[131.42628166,33.45723000000001],[131.426944994,33.456043613],[131.427394721,33.455496946],[131.427486667,33.45485416199999],[131.427338612,33.454416108],[131.4271431454419,33.454166666666666],[131.425,33.454166666666666],[131.425,33.45833333333334],[131.426371141,33.458333333]]]}},{"type":"Feature","id":"44211:503111591","properties":{"id":"44211:503111591","meshCode":"503111591","cityCode":"44211","city":"宇佐市","lat":33.4624572,"lon":131.2437047,"areaKm2":9.34e-05,"populated2020":false,"population2020":null,"populationNote":"境界またぎ・収録外等のため自治体内人口は未集計"},"geometry":{"type":"Polygon","coordinates":[[[131.24375,33.46244076278009],[131.2434703300803,33.4625],[131.24375,33.4625],[131.24375,33.46244076278009]]]}},{"type":"Feature","id":"44211:503111592","properties":{"id":"44211:503111592","meshCode":"503111592","cityCode":"44211","city":"宇佐市","lat":33.4604167,"lon":131.246875,"areaKm2":0.2117576,"populated2020":false,"population2020":null,"populationNote":"境界またぎ・収録外等のため自治体内人口は未集計"},"geometry":{"type":"MultiPolygon","coordinates":[[[[131.24530953310412,33.45833333333334],[131.245516109,33.458879441],[131.245051115,33.459608892],[131.244764163,33.460764162],[131.245064994,33.46118666700001],[131.245151946,33.46173],[131.24468906392832,33.4625],[131.25,33.4625],[131.25,33.458333333333336],[131.24530953310412,33.45833333333334]]],[[[131.2443726469946,33.4625],[131.243847782,33.462423054],[131.24375,33.4625],[131.2443726469946,33.4625]]]]}},{"type":"Feature","id":"44211:503112501","properties":{"id":"44211:503112501","meshCode":"503112501","cityCode":"44211","city":"宇佐市","lat":33.4604167,"lon":131.253125,"areaKm2":0.268515,"populated2020":false,"population2020":null,"populationNote":"境界またぎ・収録外等のため自治体内人口は未集計"},"geometry":{"type":"Polygon","coordinates":[[[131.25,33.458333333333336],[131.25,33.4625],[131.25625,33.4625],[131.25625,33.458333333333336],[131.25,33.458333333333336]]]}},{"type":"Feature","id":"44211:503112502","properties":{"id":"44211:503112502","meshCode":"503112502","cityCode":"44211","city":"宇佐市","lat":33.4604167,"lon":131.259375,"areaKm2":0.268515,"populated2020":false,"population2020":null,"populationNote":"境界またぎ・収録外等のため自治体内人口は未集計"},"geometry":{"type":"Polygon","coordinates":[[[131.25625,33.458333333333336],[131.25625,33.4625],[131.2625,33.4625],[131.2625,33.45833333333334],[131.25625,33.458333333333336]]]}},{"type":"Feature","id":"44211:503112511","properties":{"id":"44211:503112511","meshCode":"503112511","cityCode":"44211","city":"宇佐市","lat":33.4604167,"lon":131.265625,"areaKm2":0.268515,"populated2020":true,"population2020":26.247,"populationNote":"2020年基準人口（国交省調整値）"},"geometry":{"type":"Polygon","coordinates":[[[131.2625,33.45833333333334],[131.2625,33.4625],[131.26875,33.4625],[131.26875,33.458333333333336],[131.2625,33.45833333333334]]]}},{"type":"Feature","id":"44211:503112512","properties":{"id":"44211:503112512","meshCode":"503112512","cityCode":"44211","city":"宇佐市","lat":33.4604167,"lon":131.271875,"areaKm2":0.268515,"populated2020":true,"population2020":1.0098,"populationNote":"2020年基準人口（国交省調整値）"},"geometry":{"type":"Polygon","coordinates":[[[131.26875,33.458333333333336],[131.26875,33.4625],[131.275,33.4625],[131.275,33.458333333333336],[131.26875,33.458333333333336]]]}},{"type":"Feature","id":"44211:503112521","properties":{"id":"44211:503112521","meshCode":"503112521","cityCode":"44211","city":"宇佐市","lat":33.4604167,"lon":131.278125,"areaKm2":0.268515,"populated2020":true,"population2020":8.0593,"populationNote":"2020年基準人口（国交省調整値）"},"geometry":{"type":"Polygon","coordinates":[[[131.275,33.458333333333336],[131.275,33.4625],[131.28125,33.4625],[131.28125,33.45833333333334],[131.275,33.458333333333336]]]}},{"type":"Feature","id":"44211:503112522","properties":{"id":"44211:503112522","meshCode":"503112522","cityCode":"44211","city":"宇佐市","lat":33.4604167,"lon":131.284375,"areaKm2":0.268515,"populated2020":true,"population2020":4.0194,"populationNote":"2020年基準人口（国交省調整値）"},"geometry":{"type":"Polygon","coordinates":[[[131.28125,33.45833333333334],[131.28125,33.4625],[131.2875,33.46249999999999],[131.2875,33.45833333333334],[131.28125,33.45833333333334]]]}},{"type":"Feature","id":"44211:503112531","properties":{"id":"44211:503112531","meshCode":"503112531","cityCode":"44211","city":"宇佐市","lat":33.4604167,"lon":131.290625,"areaKm2":0.268515,"populated2020":true,"population2020":5.0219,"populationNote":"2020年基準人口（国交省調整値）"},"geometry":{"type":"Polygon","coordinates":[[[131.2875,33.45833333333334],[131.2875,33.46249999999999],[131.29375,33.4625],[131.29375,33.45833333333334],[131.2875,33.45833333333334]]]}},{"type":"Feature","id":"44211:503112532","properties":{"id":"44211:503112532","meshCode":"503112532","cityCode":"44211","city":"宇佐市","lat":33.4604167,"lon":131.296875,"areaKm2":0.268515,"populated2020":false,"population2020":null,"populationNote":"境界またぎ・収録外等のため自治体内人口は未集計"},"geometry":{"type":"Polygon","coordinates":[[[131.29375,33.45833333333334],[131.29375,33.4625],[131.30000000000004,33.4625],[131.30000000000004,33.458333333333336],[131.29375,33.45833333333334]]]}},{"type":"Feature","id":"44211:503112541","properties":{"id":"44211:503112541","meshCode":"503112541","cityCode":"44211","city":"宇佐市","lat":33.4604167,"lon":131.303125,"areaKm2":0.268515,"populated2020":false,"population2020":null,"populationNote":"境界またぎ・収録外等のため自治体内人口は未集計"},"geometry":{"type":"Polygon","coordinates":[[[131.30000000000004,33.458333333333336],[131.30000000000004,33.4625],[131.30625,33.4625],[131.30625,33.458333333333336],[131.30000000000004,33.458333333333336]]]}},{"type":"Feature","id":"44211:503112542","properties":{"id":"44211:503112542","meshCode":"503112542","cityCode":"44211","city":"宇佐市","lat":33.4604167,"lon":131.309375,"areaKm2":0.268515,"populated2020":false,"population2020":null,"populationNote":"境界またぎ・収録外等のため自治体内人口は未集計"},"geometry":{"type":"Polygon","coordinates":[[[131.30625,33.458333333333336],[131.30625,33.4625],[131.3125,33.4625],[131.3125,33.45833333333334],[131.30625,33.458333333333336]]]}},{"type":"Feature","id":"44211:503112551","properties":{"id":"44211:503112551","meshCode":"503112551","cityCode":"44211","city":"宇佐市","lat":33.4604167,"lon":131.315625,"areaKm2":0.268515,"populated2020":false,"population2020":null,"populationNote":"境界またぎ・収録外等のため自治体内人口は未集計"},"geometry":{"type":"Polygon","coordinates":[[[131.3125,33.45833333333334],[131.3125,33.4625],[131.31875,33.4625],[131.31875,33.458333333333336],[131.3125,33.45833333333334]]]}},{"type":"Feature","id":"44211:503112552","properties":{"id":"44211:503112552","meshCode":"503112552","cityCode":"44211","city":"宇佐市","lat":33.4604167,"lon":131.321875,"areaKm2":0.268515,"populated2020":false,"population2020":null,"populationNote":"境界またぎ・収録外等のため自治体内人口は未集計"},"geometry":{"type":"Polygon","coordinates":[[[131.31875,33.458333333333336],[131.31875,33.4625],[131.325,33.4625],[131.325,33.45833333333334],[131.31875,33.458333333333336]]]}},{"type":"Feature","id":"44211:503112561","properties":{"id":"44211:503112561","meshCode":"503112561","cityCode":"44211","city":"宇佐市","lat":33.4604167,"lon":131.328125,"areaKm2":0.268515,"populated2020":true,"population2020":14.1295,"populationNote":"2020年基準人口（国交省調整値）"},"geometry":{"type":"Polygon","coordinates":[[[131.325,33.45833333333334],[131.325,33.4625],[131.33125,33.4625],[131.33125,33.45833333333334],[131.325,33.45833333333334]]]}},{"type":"Feature","id":"44211:503112562","properties":{"id":"44211:503112562","meshCode":"503112562","cityCode":"44211","city":"宇佐市","lat":33.4604167,"lon":131.334375,"areaKm2":0.268515,"populated2020":false,"population2020":null,"populationNote":"境界またぎ・収録外等のため自治体内人口は未集計"},"geometry":{"type":"Polygon","coordinates":[[[131.33125,33.45833333333334],[131.33125,33.4625],[131.3375,33.4625],[131.3375,33.458333333333336],[131.33125,33.45833333333334]]]}},{"type":"Feature","id":"44211:503112571","properties":{"id":"44211:503112571","meshCode":"503112571","cityCode":"44211","city":"宇佐市","lat":33.4604167,"lon":131.340625,"areaKm2":0.268515,"populated2020":true,"population2020":36.2969,"populationNote":"2020年基準人口（国交省調整値）"},"geometry":{"type":"Polygon","coordinates":[[[131.3375,33.458333333333336],[131.3375,33.4625],[131.34375,33.462500000000006],[131.34375,33.45833333333334],[131.3375,33.458333333333336]]]}},{"type":"Feature","id":"44211:503112572","properties":{"id":"44211:503112572","meshCode":"503112572","cityCode":"44211","city":"宇佐市","lat":33.4604167,"lon":131.346875,"areaKm2":0.268515,"populated2020":true,"population2020":2.0124,"populationNote":"2020年基準人口（国交省調整値）"},"geometry":{"type":"Polygon","coordinates":[[[131.34375,33.45833333333334],[131.34375,33.462500000000006],[131.35,33.462500000000006],[131.35,33.458333333333336],[131.34375,33.45833333333334]]]}},{"type":"Feature","id":"44211:503112581","properties":{"id":"44211:503112581","meshCode":"503112581","cityCode":"44211","city":"宇佐市","lat":33.4604167,"lon":131.353125,"areaKm2":0.268515,"populated2020":false,"population2020":null,"populationNote":"境界またぎ・収録外等のため自治体内人口は未集計"},"geometry":{"type":"Polygon","coordinates":[[[131.35,33.458333333333336],[131.35,33.462500000000006],[131.35625000000002,33.4625],[131.35625000000002,33.458333333333336],[131.35,33.458333333333336]]]}},{"type":"Feature","id":"44211:503112582","properties":{"id":"44211:503112582","meshCode":"503112582","cityCode":"44211","city":"宇佐市","lat":33.4604167,"lon":131.359375,"areaKm2":0.268515,"populated2020":false,"population2020":null,"populationNote":"境界またぎ・収録外等のため自治体内人口は未集計"},"geometry":{"type":"Polygon","coordinates":[[[131.35625000000002,33.458333333333336],[131.35625000000002,33.4625],[131.3625,33.4625],[131.3625,33.458333333333336],[131.35625000000002,33.458333333333336]]]}},{"type":"Feature","id":"44211:503112591","properties":{"id":"44211:503112591","meshCode":"503112591","cityCode":"44211","city":"宇佐市","lat":33.4604167,"lon":131.365625,"areaKm2":0.268515,"populated2020":false,"population2020":null,"populationNote":"境界またぎ・収録外等のため自治体内人口は未集計"},"geometry":{"type":"Polygon","coordinates":[[[131.3625,33.458333333333336],[131.3625,33.4625],[131.36875,33.462500000000006],[131.36875,33.45833333333333],[131.3625,33.458333333333336]]]}},{"type":"Feature","id":"44211:503112592","properties":{"id":"44211:503112592","meshCode":"503112592","cityCode":"44211","city":"宇佐市","lat":33.4604167,"lon":131.371875,"areaKm2":0.268515,"populated2020":false,"population2020":null,"populationNote":"境界またぎ・収録外等のため自治体内人口は未集計"},"geometry":{"type":"Polygon","coordinates":[[[131.36875,33.45833333333333],[131.36875,33.462500000000006],[131.375,33.46249999999999],[131.375,33.458333333333336],[131.36875,33.45833333333333]]]}},{"type":"Feature","id":"44211:503113501","properties":{"id":"44211:503113501","meshCode":"503113501","cityCode":"44211","city":"宇佐市","lat":33.4604167,"lon":131.378125,"areaKm2":0.268515,"populated2020":false,"population2020":null,"populationNote":"境界またぎ・収録外等のため自治体内人口は未集計"},"geometry":{"type":"Polygon","coordinates":[[[131.375,33.458333333333336],[131.375,33.46249999999999],[131.38125,33.4625],[131.38125,33.45833333333334],[131.375,33.458333333333336]]]}},{"type":"Feature","id":"44211:503113502","properties":{"id":"44211:503113502","meshCode":"503113502","cityCode":"44211","city":"宇佐市","lat":33.4604167,"lon":131.384375,"areaKm2":0.268515,"populated2020":false,"population2020":null,"populationNote":"境界またぎ・収録外等のため自治体内人口は未集計"},"geometry":{"type":"Polygon","coordinates":[[[131.38125,33.45833333333334],[131.38125,33.4625],[131.3875,33.4625],[131.3875,33.458333333333336],[131.38125,33.45833333333334]]]}},{"type":"Feature","id":"44211:503113511","properties":{"id":"44211:503113511","meshCode":"503113511","cityCode":"44211","city":"宇佐市","lat":33.4604167,"lon":131.390625,"areaKm2":0.268515,"populated2020":true,"population2020":8.0476,"populationNote":"2020年基準人口（国交省調整値）"},"geometry":{"type":"Polygon","coordinates":[[[131.3875,33.458333333333336],[131.3875,33.4625],[131.39375,33.462500000000006],[131.39375,33.458333333333336],[131.3875,33.458333333333336]]]}},{"type":"Feature","id":"44211:503113512","properties":{"id":"44211:503113512","meshCode":"503113512","cityCode":"44211","city":"宇佐市","lat":33.4604167,"lon":131.396875,"areaKm2":0.268515,"populated2020":false,"population2020":null,"populationNote":"境界またぎ・収録外等のため自治体内人口は未集計"},"geometry":{"type":"Polygon","coordinates":[[[131.39375,33.458333333333336],[131.39375,33.462500000000006],[131.4,33.46249999999999],[131.4,33.458333333333336],[131.39375,33.458333333333336]]]}},{"type":"Feature","id":"44211:503113521","properties":{"id":"44211:503113521","meshCode":"503113521","cityCode":"44211","city":"宇佐市","lat":33.4604167,"lon":131.403125,"areaKm2":0.268515,"populated2020":false,"population2020":null,"populationNote":"境界またぎ・収録外等のため自治体内人口は未集計"},"geometry":{"type":"Polygon","coordinates":[[[131.4,33.458333333333336],[131.4,33.46249999999999],[131.40625,33.4625],[131.40625,33.458333333333336],[131.4,33.458333333333336]]]}},{"type":"Feature","id":"44211:503113522","properties":{"id":"44211:503113522","meshCode":"503113522","cityCode":"44211","city":"宇佐市","lat":33.4604167,"lon":131.409375,"areaKm2":0.268515,"populated2020":true,"population2020":3.0216,"populationNote":"2020年基準人口（国交省調整値）"},"geometry":{"type":"Polygon","coordinates":[[[131.40625,33.458333333333336],[131.40625,33.4625],[131.4125,33.4625],[131.4125,33.458333333333336],[131.40625,33.458333333333336]]]}},{"type":"Feature","id":"44211:503113531","properties":{"id":"44211:503113531","meshCode":"503113531","cityCode":"44211","city":"宇佐市","lat":33.4604167,"lon":131.415625,"areaKm2":0.268515,"populated2020":true,"population2020":20.1639,"populationNote":"2020年基準人口（国交省調整値）"},"geometry":{"type":"Polygon","coordinates":[[[131.4125,33.458333333333336],[131.4125,33.4625],[131.41875,33.4625],[131.41875,33.45833333333334],[131.4125,33.458333333333336]]]}},{"type":"Feature","id":"44211:503113532","properties":{"id":"44211:503113532","meshCode":"503113532","cityCode":"44211","city":"宇佐市","lat":33.4604167,"lon":131.421875,"areaKm2":0.2603847,"populated2020":false,"population2020":null,"populationNote":"境界またぎ・収録外等のため自治体内人口は未集計"},"geometry":{"type":"Polygon","coordinates":[[[131.423979442,33.46248666700001],[131.424106394,33.462224441],[131.424658054,33.461586667],[131.425,33.460888081],[131.425,33.45833333333334],[131.41875,33.45833333333334],[131.41875,33.4625],[131.423979442,33.46248666700001]]]}},{"type":"Feature","id":"44211:503113541","properties":{"id":"44211:503113541","meshCode":"503113541","cityCode":"44211","city":"宇佐市","lat":33.4596117,"lon":131.4254319,"areaKm2":0.0192533,"populated2020":false,"population2020":null,"populationNote":"境界またぎ・収録外等のため自治体内人口は未集計"},"geometry":{"type":"Polygon","coordinates":[[[131.425,33.460888081],[131.425843333,33.45969],[131.425862503,33.459054441],[131.426235551,33.458660559],[131.42637114095552,33.458333333333336],[131.425,33.45833333333334],[131.425,33.460888081]]]}},{"type":"Feature","id":"44211:503111593","properties":{"id":"44211:503111593","meshCode":"503111593","cityCode":"44211","city":"宇佐市","lat":33.4645811,"lon":131.242364,"areaKm2":0.0858291,"populated2020":false,"population2020":null,"populationNote":"境界またぎ・収録外等のため自治体内人口は未集計"},"geometry":{"type":"Polygon","coordinates":[[[131.240916939,33.464524721],[131.241808054,33.46507416199999],[131.242037497,33.466240279],[131.24224191984018,33.46666666666667],[131.24375,33.466666666666676],[131.24375,33.4625],[131.243253061,33.462558333],[131.242944994,33.46269916200001],[131.242443333,33.463093613000005],[131.241977497,33.46320638699999],[131.240888327,33.463741387],[131.240795279,33.464085279],[131.240916939,33.464524721]]]}},{"type":"Feature","id":"44211:503111594","properties":{"id":"44211:503111594","meshCode":"503111594","cityCode":"44211","city":"宇佐市","lat":33.4645833,"lon":131.246875,"areaKm2":0.2683703,"populated2020":false,"population2020":null,"populationNote":"境界またぎ・収録外等のため自治体内人口は未集計"},"geometry":{"type":"Polygon","coordinates":[[[131.244678885,33.462513333000004],[131.24458583700002,33.462563892],[131.2443726469946,33.4625],[131.24375,33.4625],[131.24375,33.466666666666676],[131.25,33.46666666666667],[131.25,33.4625],[131.244678885,33.462513333000004]]]}},{"type":"Feature","id":"44211:503112503","properties":{"id":"44211:503112503","meshCode":"503112503","cityCode":"44211","city":"宇佐市","lat":33.4645833,"lon":131.253125,"areaKm2":0.2685023,"populated2020":true,"population2020":1.0158,"populationNote":"2020年基準人口（国交省調整値）"},"geometry":{"type":"Polygon","coordinates":[[[131.25,33.4625],[131.25,33.46666666666667],[131.25625,33.466666666666676],[131.25625,33.4625],[131.25,33.4625]]]}},{"type":"Feature","id":"44211:503112504","properties":{"id":"44211:503112504","meshCode":"503112504","cityCode":"44211","city":"宇佐市","lat":33.4645833,"lon":131.259375,"areaKm2":0.2685023,"populated2020":false,"population2020":null,"populationNote":"境界またぎ・収録外等のため自治体内人口は未集計"},"geometry":{"type":"Polygon","coordinates":[[[131.25625,33.4625],[131.25625,33.466666666666676],[131.2625,33.466666666666676],[131.2625,33.4625],[131.25625,33.4625]]]}},{"type":"Feature","id":"44211:503112513","properties":{"id":"44211:503112513","meshCode":"503112513","cityCode":"44211","city":"宇佐市","lat":33.4645833,"lon":131.265625,"areaKm2":0.2685023,"populated2020":true,"population2020":16.0939,"populationNote":"2020年基準人口（国交省調整値）"},"geometry":{"type":"Polygon","coordinates":[[[131.2625,33.4625],[131.2625,33.466666666666676],[131.26875,33.46666666666667],[131.26875,33.4625],[131.2625,33.4625]]]}},{"type":"Feature","id":"44211:503112514","properties":{"id":"44211:503112514","meshCode":"503112514","cityCode":"44211","city":"宇佐市","lat":33.4645833,"lon":131.271875,"areaKm2":0.2685023,"populated2020":true,"population2020":2.0065,"populationNote":"2020年基準人口（国交省調整値）"},"geometry":{"type":"Polygon","coordinates":[[[131.26875,33.4625],[131.26875,33.46666666666667],[131.275,33.46666666666667],[131.275,33.4625],[131.26875,33.4625]]]}},{"type":"Feature","id":"44211:503112523","properties":{"id":"44211:503112523","meshCode":"503112523","cityCode":"44211","city":"宇佐市","lat":33.4645833,"lon":131.278125,"areaKm2":0.2685023,"populated2020":true,"population2020":11.1,"populationNote":"2020年基準人口（国交省調整値）"},"geometry":{"type":"Polygon","coordinates":[[[131.275,33.4625],[131.275,33.46666666666667],[131.28125,33.46666666666667],[131.28125,33.4625],[131.275,33.4625]]]}},{"type":"Feature","id":"44211:503112524","properties":{"id":"44211:503112524","meshCode":"503112524","cityCode":"44211","city":"宇佐市","lat":33.4645833,"lon":131.284375,"areaKm2":0.2685023,"populated2020":true,"population2020":9.0443,"populationNote":"2020年基準人口（国交省調整値）"},"geometry":{"type":"Polygon","coordinates":[[[131.28125,33.4625],[131.28125,33.46666666666667],[131.2875,33.46666666666667],[131.2875,33.46249999999999],[131.28125,33.4625]]]}},{"type":"Feature","id":"44211:503112533","properties":{"id":"44211:503112533","meshCode":"503112533","cityCode":"44211","city":"宇佐市","lat":33.4645833,"lon":131.290625,"areaKm2":0.2685023,"populated2020":false,"population2020":null,"populationNote":"境界またぎ・収録外等のため自治体内人口は未集計"},"geometry":{"type":"Polygon","coordinates":[[[131.2875,33.46249999999999],[131.2875,33.46666666666667],[131.29375,33.466666666666676],[131.29375,33.4625],[131.2875,33.46249999999999]]]}},{"type":"Feature","id":"44211:503112534","properties":{"id":"44211:503112534","meshCode":"503112534","cityCode":"44211","city":"宇佐市","lat":33.4645833,"lon":131.296875,"areaKm2":0.2685023,"populated2020":false,"population2020":null,"populationNote":"境界またぎ・収録外等のため自治体内人口は未集計"},"geometry":{"type":"Polygon","coordinates":[[[131.29375,33.4625],[131.29375,33.466666666666676],[131.30000000000004,33.46666666666668],[131.30000000000004,33.4625],[131.29375,33.4625]]]}},{"type":"Feature","id":"44211:503112543","properties":{"id":"44211:503112543","meshCode":"503112543","cityCode":"44211","city":"宇佐市","lat":33.4645833,"lon":131.303125,"areaKm2":0.2685023,"populated2020":false,"population2020":null,"populationNote":"境界またぎ・収録外等のため自治体内人口は未集計"},"geometry":{"type":"Polygon","coordinates":[[[131.30000000000004,33.4625],[131.30000000000004,33.46666666666668],[131.30625,33.466666666666676],[131.30625,33.4625],[131.30000000000004,33.4625]]]}},{"type":"Feature","id":"44211:503112544","properties":{"id":"44211:503112544","meshCode":"503112544","cityCode":"44211","city":"宇佐市","lat":33.4645833,"lon":131.309375,"areaKm2":0.2685023,"populated2020":false,"population2020":null,"populationNote":"境界またぎ・収録外等のため自治体内人口は未集計"},"geometry":{"type":"Polygon","coordinates":[[[131.30625,33.4625],[131.30625,33.466666666666676],[131.3125,33.46666666666667],[131.3125,33.4625],[131.30625,33.4625]]]}},{"type":"Feature","id":"44211:503112553","properties":{"id":"44211:503112553","meshCode":"503112553","cityCode":"44211","city":"宇佐市","lat":33.4645833,"lon":131.315625,"areaKm2":0.2685023,"populated2020":false,"population2020":null,"populationNote":"境界またぎ・収録外等のため自治体内人口は未集計"},"geometry":{"type":"Polygon","coordinates":[[[131.3125,33.4625],[131.3125,33.46666666666667],[131.31875,33.46666666666667],[131.31875,33.4625],[131.3125,33.4625]]]}},{"type":"Feature","id":"44211:503112554","properties":{"id":"44211:503112554","meshCode":"503112554","cityCode":"44211","city":"宇佐市","lat":33.4645833,"lon":131.321875,"areaKm2":0.2685023,"populated2020":true,"population2020":11.0415,"populationNote":"2020年基準人口（国交省調整値）"},"geometry":{"type":"Polygon","coordinates":[[[131.31875,33.4625],[131.31875,33.46666666666667],[131.325,33.466666666666676],[131.325,33.4625],[131.31875,33.4625]]]}},{"type":"Feature","id":"44211:503112563","properties":{"id":"44211:503112563","meshCode":"503112563","cityCode":"44211","city":"宇佐市","lat":33.4645833,"lon":131.328125,"areaKm2":0.2685023,"populated2020":true,"population2020":62.4667,"populationNote":"2020年基準人口（国交省調整値）"},"geometry":{"type":"Polygon","coordinates":[[[131.325,33.4625],[131.325,33.466666666666676],[131.33125,33.46666666666667],[131.33125,33.4625],[131.325,33.4625]]]}},{"type":"Feature","id":"44211:503112564","properties":{"id":"44211:503112564","meshCode":"503112564","cityCode":"44211","city":"宇佐市","lat":33.4645833,"lon":131.334375,"areaKm2":0.2685023,"populated2020":true,"population2020":1.0031,"populationNote":"2020年基準人口（国交省調整値）"},"geometry":{"type":"Polygon","coordinates":[[[131.33125,33.4625],[131.33125,33.46666666666667],[131.3375,33.46666666666667],[131.3375,33.4625],[131.33125,33.4625]]]}},{"type":"Feature","id":"44211:503112573","properties":{"id":"44211:503112573","meshCode":"503112573","cityCode":"44211","city":"宇佐市","lat":33.4645833,"lon":131.340625,"areaKm2":0.2685023,"populated2020":false,"population2020":null,"populationNote":"境界またぎ・収録外等のため自治体内人口は未集計"},"geometry":{"type":"Polygon","coordinates":[[[131.3375,33.4625],[131.3375,33.46666666666667],[131.34375,33.466666666666676],[131.34375,33.462500000000006],[131.3375,33.4625]]]}},{"type":"Feature","id":"44211:503112574","properties":{"id":"44211:503112574","meshCode":"503112574","cityCode":"44211","city":"宇佐市","lat":33.4645833,"lon":131.346875,"areaKm2":0.2685023,"populated2020":true,"population2020":6.0541,"populationNote":"2020年基準人口（国交省調整値）"},"geometry":{"type":"Polygon","coordinates":[[[131.34375,33.462500000000006],[131.34375,33.466666666666676],[131.35,33.46666666666666],[131.35,33.462500000000006],[131.34375,33.462500000000006]]]}},{"type":"Feature","id":"44211:503112583","properties":{"id":"44211:503112583","meshCode":"503112583","cityCode":"44211","city":"宇佐市","lat":33.4645833,"lon":131.353125,"areaKm2":0.2685023,"populated2020":false,"population2020":null,"populationNote":"境界またぎ・収録外等のため自治体内人口は未集計"},"geometry":{"type":"Polygon","coordinates":[[[131.35,33.462500000000006],[131.35,33.46666666666666],[131.35625000000002,33.46666666666667],[131.35625000000002,33.4625],[131.35,33.462500000000006]]]}},{"type":"Feature","id":"44211:503112584","properties":{"id":"44211:503112584","meshCode":"503112584","cityCode":"44211","city":"宇佐市","lat":33.4645833,"lon":131.359375,"areaKm2":0.2685023,"populated2020":false,"population2020":null,"populationNote":"境界またぎ・収録外等のため自治体内人口は未集計"},"geometry":{"type":"Polygon","coordinates":[[[131.35625000000002,33.4625],[131.35625000000002,33.46666666666667],[131.3625,33.46666666666667],[131.3625,33.4625],[131.35625000000002,33.4625]]]}},{"type":"Feature","id":"44211:503112593","properties":{"id":"44211:503112593","meshCode":"503112593","cityCode":"44211","city":"宇佐市","lat":33.4645833,"lon":131.365625,"areaKm2":0.2685023,"populated2020":false,"population2020":null,"populationNote":"境界またぎ・収録外等のため自治体内人口は未集計"},"geometry":{"type":"Polygon","coordinates":[[[131.3625,33.4625],[131.3625,33.46666666666667],[131.36875,33.46666666666667],[131.36875,33.462500000000006],[131.3625,33.4625]]]}},{"type":"Feature","id":"44211:503112594","properties":{"id":"44211:503112594","meshCode":"503112594","cityCode":"44211","city":"宇佐市","lat":33.4645833,"lon":131.371875,"areaKm2":0.2685023,"populated2020":false,"population2020":null,"populationNote":"境界またぎ・収録外等のため自治体内人口は未集計"},"geometry":{"type":"Polygon","coordinates":[[[131.36875,33.462500000000006],[131.36875,33.46666666666667],[131.375,33.46666666666667],[131.375,33.46249999999999],[131.36875,33.462500000000006]]]}},{"type":"Feature","id":"44211:503113503","properties":{"id":"44211:503113503","meshCode":"503113503","cityCode":"44211","city":"宇佐市","lat":33.4645833,"lon":131.378125,"areaKm2":0.2685023,"populated2020":false,"population2020":null,"populationNote":"境界またぎ・収録外等のため自治体内人口は未集計"},"geometry":{"type":"Polygon","coordinates":[[[131.375,33.46249999999999],[131.375,33.46666666666667],[131.38125,33.46666666666667],[131.38125,33.4625],[131.375,33.46249999999999]]]}},{"type":"Feature","id":"44211:503113504","properties":{"id":"44211:503113504","meshCode":"503113504","cityCode":"44211","city":"宇佐市","lat":33.4645833,"lon":131.384375,"areaKm2":0.2685023,"populated2020":false,"population2020":null,"populationNote":"境界またぎ・収録外等のため自治体内人口は未集計"},"geometry":{"type":"Polygon","coordinates":[[[131.38125,33.4625],[131.38125,33.46666666666667],[131.3875,33.46666666666666],[131.3875,33.4625],[131.38125,33.4625]]]}},{"type":"Feature","id":"44211:503113513","properties":{"id":"44211:503113513","meshCode":"503113513","cityCode":"44211","city":"宇佐市","lat":33.4645833,"lon":131.390625,"areaKm2":0.2685023,"populated2020":true,"population2020":17.1253,"populationNote":"2020年基準人口（国交省調整値）"},"geometry":{"type":"Polygon","coordinates":[[[131.3875,33.4625],[131.3875,33.46666666666666],[131.39375,33.46666666666666],[131.39375,33.462500000000006],[131.3875,33.4625]]]}},{"type":"Feature","id":"44211:503113514","properties":{"id":"44211:503113514","meshCode":"503113514","cityCode":"44211","city":"宇佐市","lat":33.4645833,"lon":131.396875,"areaKm2":0.2685023,"populated2020":false,"population2020":null,"populationNote":"境界またぎ・収録外等のため自治体内人口は未集計"},"geometry":{"type":"Polygon","coordinates":[[[131.39375,33.462500000000006],[131.39375,33.46666666666666],[131.4,33.466666666666676],[131.4,33.46249999999999],[131.39375,33.462500000000006]]]}},{"type":"Feature","id":"44211:503113523","properties":{"id":"44211:503113523","meshCode":"503113523","cityCode":"44211","city":"宇佐市","lat":33.4645833,"lon":131.403125,"areaKm2":0.2685023,"populated2020":false,"population2020":null,"populationNote":"境界またぎ・収録外等のため自治体内人口は未集計"},"geometry":{"type":"Polygon","coordinates":[[[131.4,33.46249999999999],[131.4,33.466666666666676],[131.40625,33.46666666666667],[131.40625,33.4625],[131.4,33.46249999999999]]]}},{"type":"Feature","id":"44211:503113524","properties":{"id":"44211:503113524","meshCode":"503113524","cityCode":"44211","city":"宇佐市","lat":33.4645833,"lon":131.409375,"areaKm2":0.2685023,"populated2020":false,"population2020":null,"populationNote":"境界またぎ・収録外等のため自治体内人口は未集計"},"geometry":{"type":"Polygon","coordinates":[[[131.40625,33.4625],[131.40625,33.46666666666667],[131.4125,33.466666666666676],[131.4125,33.4625],[131.40625,33.4625]]]}},{"type":"Feature","id":"44211:503113533","properties":{"id":"44211:503113533","meshCode":"503113533","cityCode":"44211","city":"宇佐市","lat":33.4645833,"lon":131.415625,"areaKm2":0.2685023,"populated2020":true,"population2020":11.0879,"populationNote":"2020年基準人口（国交省調整値）"},"geometry":{"type":"Polygon","coordinates":[[[131.4125,33.4625],[131.4125,33.466666666666676],[131.41875,33.46666666666667],[131.41875,33.4625],[131.4125,33.4625]]]}},{"type":"Feature","id":"44211:503113534","properties":{"id":"44211:503113534","meshCode":"503113534","cityCode":"44211","city":"宇佐市","lat":33.4645833,"lon":131.421875,"areaKm2":0.2180277,"populated2020":false,"population2020":null,"populationNote":"境界またぎ・収録外等のため自治体内人口は未集計"},"geometry":{"type":"Polygon","coordinates":[[[131.42355564197368,33.46666666666667],[131.423578054,33.466035829],[131.423303061,33.4657],[131.423349728,33.465477495],[131.424237497,33.464602775],[131.424072503,33.46365389200001],[131.423818885,33.462998891999995],[131.42397450500104,33.4625],[131.41875,33.4625],[131.41875,33.46666666666667],[131.42355564197368,33.46666666666667]]]}},{"type":"Feature","id":"44211:503111691","properties":{"id":"44211:503111691","meshCode":"503111691","cityCode":"44211","city":"宇佐市","lat":33.4676731,"lon":131.2432678,"areaKm2":0.0217529,"populated2020":false,"population2020":null,"populationNote":"境界またぎ・収録外等のため自治体内人口は未集計"},"geometry":{"type":"MultiPolygon","coordinates":[[[[131.24224192,33.466666667000005],[131.242603333,33.467232225],[131.243011388,33.468180279],[131.24375,33.46909786714303],[131.24375,33.466666666666676],[131.24224192,33.466666667000005]]],[[[131.24364194600003,33.469731946],[131.243570272,33.47008138700001],[131.24375,33.47070362082505],[131.24375,33.469602969729046],[131.24364194600003,33.469731946]]]]}},{"type":"Feature","id":"44211:503111692","properties":{"id":"44211:503111692","meshCode":"503111692","cityCode":"44211","city":"宇佐市","lat":33.46875,"lon":131.246875,"areaKm2":0.2680333,"populated2020":false,"population2020":null,"populationNote":"境界またぎ・収録外等のため自治体内人口は未集計"},"geometry":{"type":"Polygon","coordinates":[[[131.243771115,33.469121108],[131.243892776,33.46931249499999],[131.24375,33.469602969729046],[131.2437528992266,33.47083333333333],[131.25,33.47083333333333],[131.25,33.46666666666667],[131.24375,33.466666666666676],[131.243771115,33.469121108]]]}},{"type":"Feature","id":"44211:503112601","properties":{"id":"44211:503112601","meshCode":"503112601","cityCode":"44211","city":"宇佐市","lat":33.46875,"lon":131.253125,"areaKm2":0.2684897,"populated2020":true,"population2020":5.0323,"populationNote":"2020年基準人口（国交省調整値）"},"geometry":{"type":"Polygon","coordinates":[[[131.25,33.46666666666667],[131.25,33.47083333333333],[131.25625,33.47083333333333],[131.25625,33.466666666666676],[131.25,33.46666666666667]]]}},{"type":"Feature","id":"44211:503112602","properties":{"id":"44211:503112602","meshCode":"503112602","cityCode":"44211","city":"宇佐市","lat":33.46875,"lon":131.259375,"areaKm2":0.2684897,"populated2020":false,"population2020":null,"populationNote":"境界またぎ・収録外等のため自治体内人口は未集計"},"geometry":{"type":"Polygon","coordinates":[[[131.25625,33.466666666666676],[131.25625,33.47083333333333],[131.2625,33.47083333333333],[131.2625,33.466666666666676],[131.25625,33.466666666666676]]]}},{"type":"Feature","id":"44211:503112611","properties":{"id":"44211:503112611","meshCode":"503112611","cityCode":"44211","city":"宇佐市","lat":33.46875,"lon":131.265625,"areaKm2":0.2684897,"populated2020":false,"population2020":null,"populationNote":"境界またぎ・収録外等のため自治体内人口は未集計"},"geometry":{"type":"Polygon","coordinates":[[[131.2625,33.466666666666676],[131.2625,33.47083333333333],[131.26875,33.47083333333334],[131.26875,33.46666666666667],[131.2625,33.466666666666676]]]}},{"type":"Feature","id":"44211:503112612","properties":{"id":"44211:503112612","meshCode":"503112612","cityCode":"44211","city":"宇佐市","lat":33.46875,"lon":131.271875,"areaKm2":0.2684897,"populated2020":true,"population2020":2.0138,"populationNote":"2020年基準人口（国交省調整値）"},"geometry":{"type":"Polygon","coordinates":[[[131.26875,33.46666666666667],[131.26875,33.47083333333334],[131.275,33.47083333333333],[131.275,33.46666666666667],[131.26875,33.46666666666667]]]}},{"type":"Feature","id":"44211:503112621","properties":{"id":"44211:503112621","meshCode":"503112621","cityCode":"44211","city":"宇佐市","lat":33.46875,"lon":131.278125,"areaKm2":0.2684897,"populated2020":true,"population2020":4.0195,"populationNote":"2020年基準人口（国交省調整値）"},"geometry":{"type":"Polygon","coordinates":[[[131.275,33.46666666666667],[131.275,33.47083333333333],[131.28125,33.47083333333333],[131.28125,33.46666666666667],[131.275,33.46666666666667]]]}},{"type":"Feature","id":"44211:503112622","properties":{"id":"44211:503112622","meshCode":"503112622","cityCode":"44211","city":"宇佐市","lat":33.46875,"lon":131.284375,"areaKm2":0.2684897,"populated2020":false,"population2020":null,"populationNote":"境界またぎ・収録外等のため自治体内人口は未集計"},"geometry":{"type":"Polygon","coordinates":[[[131.28125,33.46666666666667],[131.28125,33.47083333333333],[131.2875,33.47083333333333],[131.2875,33.46666666666667],[131.28125,33.46666666666667]]]}},{"type":"Feature","id":"44211:503112631","properties":{"id":"44211:503112631","meshCode":"503112631","cityCode":"44211","city":"宇佐市","lat":33.46875,"lon":131.290625,"areaKm2":0.2684897,"populated2020":false,"population2020":null,"populationNote":"境界またぎ・収録外等のため自治体内人口は未集計"},"geometry":{"type":"Polygon","coordinates":[[[131.2875,33.46666666666667],[131.2875,33.47083333333333],[131.29375,33.47083333333333],[131.29375,33.466666666666676],[131.2875,33.46666666666667]]]}},{"type":"Feature","id":"44211:503112632","properties":{"id":"44211:503112632","meshCode":"503112632","cityCode":"44211","city":"宇佐市","lat":33.46875,"lon":131.296875,"areaKm2":0.2684897,"populated2020":false,"population2020":null,"populationNote":"境界またぎ・収録外等のため自治体内人口は未集計"},"geometry":{"type":"Polygon","coordinates":[[[131.29375,33.466666666666676],[131.29375,33.47083333333333],[131.30000000000004,33.47083333333333],[131.30000000000004,33.46666666666668],[131.29375,33.466666666666676]]]}},{"type":"Feature","id":"44211:503112641","properties":{"id":"44211:503112641","meshCode":"503112641","cityCode":"44211","city":"宇佐市","lat":33.46875,"lon":131.303125,"areaKm2":0.2684897,"populated2020":true,"population2020":2.0065,"populationNote":"2020年基準人口（国交省調整値）"},"geometry":{"type":"Polygon","coordinates":[[[131.30000000000004,33.46666666666668],[131.30000000000004,33.47083333333333],[131.30625,33.47083333333333],[131.30625,33.466666666666676],[131.30000000000004,33.46666666666668]]]}},{"type":"Feature","id":"44211:503112642","properties":{"id":"44211:503112642","meshCode":"503112642","cityCode":"44211","city":"宇佐市","lat":33.46875,"lon":131.309375,"areaKm2":0.2684897,"populated2020":false,"population2020":null,"populationNote":"境界またぎ・収録外等のため自治体内人口は未集計"},"geometry":{"type":"Polygon","coordinates":[[[131.30625,33.466666666666676],[131.30625,33.47083333333333],[131.3125,33.47083333333333],[131.3125,33.46666666666667],[131.30625,33.466666666666676]]]}},{"type":"Feature","id":"44211:503112651","properties":{"id":"44211:503112651","meshCode":"503112651","cityCode":"44211","city":"宇佐市","lat":33.46875,"lon":131.315625,"areaKm2":0.2684897,"populated2020":false,"population2020":null,"populationNote":"境界またぎ・収録外等のため自治体内人口は未集計"},"geometry":{"type":"Polygon","coordinates":[[[131.3125,33.46666666666667],[131.3125,33.47083333333333],[131.31875,33.47083333333333],[131.31875,33.46666666666667],[131.3125,33.46666666666667]]]}},{"type":"Feature","id":"44211:503112652","properties":{"id":"44211:503112652","meshCode":"503112652","cityCode":"44211","city":"宇佐市","lat":33.46875,"lon":131.321875,"areaKm2":0.2684897,"populated2020":false,"population2020":null,"populationNote":"境界またぎ・収録外等のため自治体内人口は未集計"},"geometry":{"type":"Polygon","coordinates":[[[131.31875,33.46666666666667],[131.31875,33.47083333333333],[131.325,33.47083333333333],[131.325,33.466666666666676],[131.31875,33.46666666666667]]]}},{"type":"Feature","id":"44211:503112661","properties":{"id":"44211:503112661","meshCode":"503112661","cityCode":"44211","city":"宇佐市","lat":33.46875,"lon":131.328125,"areaKm2":0.2684897,"populated2020":true,"population2020":8.0439,"populationNote":"2020年基準人口（国交省調整値）"},"geometry":{"type":"Polygon","coordinates":[[[131.325,33.466666666666676],[131.325,33.47083333333333],[131.33125,33.470833333333324],[131.33125,33.46666666666667],[131.325,33.466666666666676]]]}},{"type":"Feature","id":"44211:503112662","properties":{"id":"44211:503112662","meshCode":"503112662","cityCode":"44211","city":"宇佐市","lat":33.46875,"lon":131.334375,"areaKm2":0.2684897,"populated2020":false,"population2020":null,"populationNote":"境界またぎ・収録外等のため自治体内人口は未集計"},"geometry":{"type":"Polygon","coordinates":[[[131.33125,33.46666666666667],[131.33125,33.470833333333324],[131.3375,33.47083333333333],[131.3375,33.46666666666667],[131.33125,33.46666666666667]]]}},{"type":"Feature","id":"44211:503112671","properties":{"id":"44211:503112671","meshCode":"503112671","cityCode":"44211","city":"宇佐市","lat":33.46875,"lon":131.340625,"areaKm2":0.2684897,"populated2020":false,"population2020":null,"populationNote":"境界またぎ・収録外等のため自治体内人口は未集計"},"geometry":{"type":"Polygon","coordinates":[[[131.3375,33.46666666666667],[131.3375,33.47083333333333],[131.34375,33.47083333333333],[131.34375,33.466666666666676],[131.3375,33.46666666666667]]]}},{"type":"Feature","id":"44211:503112672","properties":{"id":"44211:503112672","meshCode":"503112672","cityCode":"44211","city":"宇佐市","lat":33.46875,"lon":131.346875,"areaKm2":0.2684897,"populated2020":false,"population2020":null,"populationNote":"境界またぎ・収録外等のため自治体内人口は未集計"},"geometry":{"type":"Polygon","coordinates":[[[131.34375,33.466666666666676],[131.34375,33.47083333333333],[131.35,33.470833333333324],[131.35,33.46666666666666],[131.34375,33.466666666666676]]]}},{"type":"Feature","id":"44211:503112681","properties":{"id":"44211:503112681","meshCode":"503112681","cityCode":"44211","city":"宇佐市","lat":33.46875,"lon":131.353125,"areaKm2":0.2684897,"populated2020":false,"population2020":null,"populationNote":"境界またぎ・収録外等のため自治体内人口は未集計"},"geometry":{"type":"Polygon","coordinates":[[[131.35,33.46666666666666],[131.35,33.470833333333324],[131.35625000000002,33.47083333333333],[131.35625000000002,33.46666666666667],[131.35,33.46666666666666]]]}},{"type":"Feature","id":"44211:503112682","properties":{"id":"44211:503112682","meshCode":"503112682","cityCode":"44211","city":"宇佐市","lat":33.46875,"lon":131.359375,"areaKm2":0.2684897,"populated2020":false,"population2020":null,"populationNote":"境界またぎ・収録外等のため自治体内人口は未集計"},"geometry":{"type":"Polygon","coordinates":[[[131.35625000000002,33.46666666666667],[131.35625000000002,33.47083333333333],[131.3625,33.470833333333324],[131.3625,33.46666666666667],[131.35625000000002,33.46666666666667]]]}},{"type":"Feature","id":"44211:503112691","properties":{"id":"44211:503112691","meshCode":"503112691","cityCode":"44211","city":"宇佐市","lat":33.46875,"lon":131.365625,"areaKm2":0.2684897,"populated2020":false,"population2020":null,"populationNote":"境界またぎ・収録外等のため自治体内人口は未集計"},"geometry":{"type":"Polygon","coordinates":[[[131.3625,33.46666666666667],[131.3625,33.470833333333324],[131.36875,33.47083333333333],[131.36875,33.46666666666667],[131.3625,33.46666666666667]]]}},{"type":"Feature","id":"44211:503112692","properties":{"id":"44211:503112692","meshCode":"503112692","cityCode":"44211","city":"宇佐市","lat":33.46875,"lon":131.371875,"areaKm2":0.2684897,"populated2020":false,"population2020":null,"populationNote":"境界またぎ・収録外等のため自治体内人口は未集計"},"geometry":{"type":"Polygon","coordinates":[[[131.36875,33.46666666666667],[131.36875,33.47083333333333],[131.375,33.47083333333333],[131.375,33.46666666666667],[131.36875,33.46666666666667]]]}},{"type":"Feature","id":"44211:503113601","properties":{"id":"44211:503113601","meshCode":"503113601","cityCode":"44211","city":"宇佐市","lat":33.46875,"lon":131.378125,"areaKm2":0.2684897,"populated2020":false,"population2020":null,"populationNote":"境界またぎ・収録外等のため自治体内人口は未集計"},"geometry":{"type":"Polygon","coordinates":[[[131.375,33.46666666666667],[131.375,33.47083333333333],[131.38125,33.470833333333324],[131.38125,33.46666666666667],[131.375,33.46666666666667]]]}},{"type":"Feature","id":"44211:503113602","properties":{"id":"44211:503113602","meshCode":"503113602","cityCode":"44211","city":"宇佐市","lat":33.46875,"lon":131.384375,"areaKm2":0.2684897,"populated2020":true,"population2020":2.0058,"populationNote":"2020年基準人口（国交省調整値）"},"geometry":{"type":"Polygon","coordinates":[[[131.38125,33.46666666666667],[131.38125,33.470833333333324],[131.3875,33.47083333333333],[131.3875,33.46666666666666],[131.38125,33.46666666666667]]]}},{"type":"Feature","id":"44211:503113611","properties":{"id":"44211:503113611","meshCode":"503113611","cityCode":"44211","city":"宇佐市","lat":33.46875,"lon":131.390625,"areaKm2":0.2684897,"populated2020":true,"population2020":3.0155,"populationNote":"2020年基準人口（国交省調整値）"},"geometry":{"type":"Polygon","coordinates":[[[131.3875,33.46666666666666],[131.3875,33.47083333333333],[131.39375,33.47083333333333],[131.39375,33.46666666666666],[131.3875,33.46666666666666]]]}},{"type":"Feature","id":"44211:503113612","properties":{"id":"44211:503113612","meshCode":"503113612","cityCode":"44211","city":"宇佐市","lat":33.46875,"lon":131.396875,"areaKm2":0.2684897,"populated2020":false,"population2020":null,"populationNote":"境界またぎ・収録外等のため自治体内人口は未集計"},"geometry":{"type":"Polygon","coordinates":[[[131.39375,33.46666666666666],[131.39375,33.47083333333333],[131.4,33.47083333333333],[131.4,33.466666666666676],[131.39375,33.46666666666666]]]}},{"type":"Feature","id":"44211:503113621","properties":{"id":"44211:503113621","meshCode":"503113621","cityCode":"44211","city":"宇佐市","lat":33.46875,"lon":131.403125,"areaKm2":0.2684897,"populated2020":false,"population2020":null,"populationNote":"境界またぎ・収録外等のため自治体内人口は未集計"},"geometry":{"type":"Polygon","coordinates":[[[131.4,33.466666666666676],[131.4,33.47083333333333],[131.40625,33.47083333333333],[131.40625,33.46666666666667],[131.4,33.466666666666676]]]}},{"type":"Feature","id":"44211:503113622","properties":{"id":"44211:503113622","meshCode":"503113622","cityCode":"44211","city":"宇佐市","lat":33.46875,"lon":131.409375,"areaKm2":0.2684897,"populated2020":false,"population2020":null,"populationNote":"境界またぎ・収録外等のため自治体内人口は未集計"},"geometry":{"type":"Polygon","coordinates":[[[131.40625,33.46666666666667],[131.40625,33.47083333333333],[131.4125,33.47083333333333],[131.4125,33.466666666666676],[131.40625,33.46666666666667]]]}},{"type":"Feature","id":"44211:503113631","properties":{"id":"44211:503113631","meshCode":"503113631","cityCode":"44211","city":"宇佐市","lat":33.46875,"lon":131.415625,"areaKm2":0.2684897,"populated2020":false,"population2020":null,"populationNote":"境界またぎ・収録外等のため自治体内人口は未集計"},"geometry":{"type":"Polygon","coordinates":[[[131.4125,33.466666666666676],[131.4125,33.47083333333333],[131.41875,33.47083333333333],[131.41875,33.46666666666667],[131.4125,33.466666666666676]]]}},{"type":"Feature","id":"44211:503113632","properties":{"id":"44211:503113632","meshCode":"503113632","cityCode":"44211","city":"宇佐市","lat":33.46875,"lon":131.421875,"areaKm2":0.2520236,"populated2020":true,"population2020":null,"populationNote":"境界またぎ・収録外等のため自治体内人口は未集計"},"geometry":{"type":"Polygon","coordinates":[[[131.42445967553778,33.470833333333324],[131.424556109,33.469980559],[131.425,33.469557386999995],[131.425,33.468281586],[131.424495279,33.46777222500001],[131.42422,33.467138892],[131.423629442,33.46682222500001],[131.42355564197368,33.46666666666667],[131.41875,33.46666666666667],[131.41875,33.47083333333333],[131.42445967553778,33.470833333333324]]]}},{"type":"Feature","id":"44211:503113641","properties":{"id":"44211:503113641","meshCode":"503113641","cityCode":"44211","city":"宇佐市","lat":33.4689624,"lon":131.4251468,"areaKm2":0.0023602,"populated2020":false,"population2020":null,"populationNote":"境界またぎ・収録外等のため自治体内人口は未集計"},"geometry":{"type":"Polygon","coordinates":[[[131.425,33.469557386999995],[131.425306939,33.468912225000004],[131.425,33.468281586],[131.425,33.469557386999995]]]}},{"type":"Feature","id":"44211:503111693","properties":{"id":"44211:503111693","meshCode":"503111693","cityCode":"44211","city":"宇佐市","lat":33.473835,"lon":131.2430747,"areaKm2":0.0328043,"populated2020":false,"population2020":null,"populationNote":"境界またぎ・収録外等のため自治体内人口は未集計"},"geometry":{"type":"MultiPolygon","coordinates":[[[[131.243741946,33.47116889200001],[131.24375,33.47121520169465],[131.24375,33.47092215287907],[131.243741946,33.47116889200001]]],[[[131.24374917,33.472690279],[131.243383606,33.472808613],[131.242451946,33.473451108],[131.24243888500004,33.473798333],[131.242044721,33.474119162],[131.24182250300004,33.474733613],[131.241470726,33.475],[131.24375,33.47500000000001],[131.24374917,33.472690279]]]]}},{"type":"Feature","id":"44211:503111694","properties":{"id":"44211:503111694","meshCode":"503111694","cityCode":"44211","city":"宇佐市","lat":33.4729167,"lon":131.246875,"areaKm2":0.266017,"populated2020":false,"population2020":null,"populationNote":"境界またぎ・収録外等のため自治体内人口は未集計"},"geometry":{"type":"Polygon","coordinates":[[[131.2437528992266,33.47083333333333],[131.243791946,33.47145638700001],[131.244071388,33.472639441],[131.24375,33.4726901480466],[131.24375,33.47500000000001],[131.25,33.475],[131.25,33.47083333333333],[131.2437528992266,33.47083333333333]]]}},{"type":"Feature","id":"44211:503112603","properties":{"id":"44211:503112603","meshCode":"503112603","cityCode":"44211","city":"宇佐市","lat":33.4729167,"lon":131.253125,"areaKm2":0.268477,"populated2020":false,"population2020":null,"populationNote":"境界またぎ・収録外等のため自治体内人口は未集計"},"geometry":{"type":"Polygon","coordinates":[[[131.25,33.47083333333333],[131.25,33.475],[131.25625,33.47500000000001],[131.25625,33.47083333333333],[131.25,33.47083333333333]]]}},{"type":"Feature","id":"44211:503112604","properties":{"id":"44211:503112604","meshCode":"503112604","cityCode":"44211","city":"宇佐市","lat":33.4729167,"lon":131.259375,"areaKm2":0.268477,"populated2020":true,"population2020":11.0914,"populationNote":"2020年基準人口（国交省調整値）"},"geometry":{"type":"Polygon","coordinates":[[[131.25625,33.47083333333333],[131.25625,33.47500000000001],[131.2625,33.475],[131.2625,33.47083333333333],[131.25625,33.47083333333333]]]}},{"type":"Feature","id":"44211:503112613","properties":{"id":"44211:503112613","meshCode":"503112613","cityCode":"44211","city":"宇佐市","lat":33.4729167,"lon":131.265625,"areaKm2":0.268477,"populated2020":false,"population2020":null,"populationNote":"境界またぎ・収録外等のため自治体内人口は未集計"},"geometry":{"type":"Polygon","coordinates":[[[131.2625,33.47083333333333],[131.2625,33.475],[131.26875,33.475],[131.26875,33.47083333333334],[131.2625,33.47083333333333]]]}},{"type":"Feature","id":"44211:503112614","properties":{"id":"44211:503112614","meshCode":"503112614","cityCode":"44211","city":"宇佐市","lat":33.4729167,"lon":131.271875,"areaKm2":0.268477,"populated2020":false,"population2020":null,"populationNote":"境界またぎ・収録外等のため自治体内人口は未集計"},"geometry":{"type":"Polygon","coordinates":[[[131.26875,33.47083333333334],[131.26875,33.475],[131.275,33.47500000000001],[131.275,33.47083333333333],[131.26875,33.47083333333334]]]}},{"type":"Feature","id":"44211:503112623","properties":{"id":"44211:503112623","meshCode":"503112623","cityCode":"44211","city":"宇佐市","lat":33.4729167,"lon":131.278125,"areaKm2":0.268477,"populated2020":false,"population2020":null,"populationNote":"境界またぎ・収録外等のため自治体内人口は未集計"},"geometry":{"type":"Polygon","coordinates":[[[131.275,33.47083333333333],[131.275,33.47500000000001],[131.28125,33.47500000000001],[131.28125,33.47083333333333],[131.275,33.47083333333333]]]}},{"type":"Feature","id":"44211:503112624","properties":{"id":"44211:503112624","meshCode":"503112624","cityCode":"44211","city":"宇佐市","lat":33.4729167,"lon":131.284375,"areaKm2":0.268477,"populated2020":false,"population2020":null,"populationNote":"境界またぎ・収録外等のため自治体内人口は未集計"},"geometry":{"type":"Polygon","coordinates":[[[131.28125,33.47083333333333],[131.28125,33.47500000000001],[131.2875,33.47500000000001],[131.2875,33.47083333333333],[131.28125,33.47083333333333]]]}},{"type":"Feature","id":"44211:503112633","properties":{"id":"44211:503112633","meshCode":"503112633","cityCode":"44211","city":"宇佐市","lat":33.4729167,"lon":131.290625,"areaKm2":0.268477,"populated2020":false,"population2020":null,"populationNote":"境界またぎ・収録外等のため自治体内人口は未集計"},"geometry":{"type":"Polygon","coordinates":[[[131.2875,33.47083333333333],[131.2875,33.47500000000001],[131.29375,33.47500000000001],[131.29375,33.47083333333333],[131.2875,33.47083333333333]]]}},{"type":"Feature","id":"44211:503112634","properties":{"id":"44211:503112634","meshCode":"503112634","cityCode":"44211","city":"宇佐市","lat":33.4729167,"lon":131.296875,"areaKm2":0.268477,"populated2020":false,"population2020":null,"populationNote":"境界またぎ・収録外等のため自治体内人口は未集計"},"geometry":{"type":"Polygon","coordinates":[[[131.29375,33.47083333333333],[131.29375,33.47500000000001],[131.30000000000004,33.475],[131.30000000000004,33.47083333333333],[131.29375,33.47083333333333]]]}},{"type":"Feature","id":"44211:503112643","properties":{"id":"44211:503112643","meshCode":"503112643","cityCode":"44211","city":"宇佐市","lat":33.4729167,"lon":131.303125,"areaKm2":0.268477,"populated2020":false,"population2020":null,"populationNote":"境界またぎ・収録外等のため自治体内人口は未集計"},"geometry":{"type":"Polygon","coordinates":[[[131.30000000000004,33.47083333333333],[131.30000000000004,33.475],[131.30625,33.47500000000001],[131.30625,33.47083333333333],[131.30000000000004,33.47083333333333]]]}},{"type":"Feature","id":"44211:503112644","properties":{"id":"44211:503112644","meshCode":"503112644","cityCode":"44211","city":"宇佐市","lat":33.4729167,"lon":131.309375,"areaKm2":0.268477,"populated2020":false,"population2020":null,"populationNote":"境界またぎ・収録外等のため自治体内人口は未集計"},"geometry":{"type":"Polygon","coordinates":[[[131.30625,33.47083333333333],[131.30625,33.47500000000001],[131.3125,33.475],[131.3125,33.47083333333333],[131.30625,33.47083333333333]]]}},{"type":"Feature","id":"44211:503112653","properties":{"id":"44211:503112653","meshCode":"503112653","cityCode":"44211","city":"宇佐市","lat":33.4729167,"lon":131.315625,"areaKm2":0.268477,"populated2020":false,"population2020":null,"populationNote":"境界またぎ・収録外等のため自治体内人口は未集計"},"geometry":{"type":"Polygon","coordinates":[[[131.3125,33.47083333333333],[131.3125,33.475],[131.31875,33.475],[131.31875,33.47083333333333],[131.3125,33.47083333333333]]]}},{"type":"Feature","id":"44211:503112654","properties":{"id":"44211:503112654","meshCode":"503112654","cityCode":"44211","city":"宇佐市","lat":33.4729167,"lon":131.321875,"areaKm2":0.268477,"populated2020":false,"population2020":null,"populationNote":"境界またぎ・収録外等のため自治体内人口は未集計"},"geometry":{"type":"Polygon","coordinates":[[[131.31875,33.47083333333333],[131.31875,33.475],[131.325,33.475],[131.325,33.47083333333333],[131.31875,33.47083333333333]]]}},{"type":"Feature","id":"44211:503112663","properties":{"id":"44211:503112663","meshCode":"503112663","cityCode":"44211","city":"宇佐市","lat":33.4729167,"lon":131.328125,"areaKm2":0.268477,"populated2020":true,"population2020":87.6635,"populationNote":"2020年基準人口（国交省調整値）"},"geometry":{"type":"Polygon","coordinates":[[[131.325,33.47083333333333],[131.325,33.475],[131.33125,33.47500000000001],[131.33125,33.470833333333324],[131.325,33.47083333333333]]]}},{"type":"Feature","id":"44211:503112664","properties":{"id":"44211:503112664","meshCode":"503112664","cityCode":"44211","city":"宇佐市","lat":33.4729167,"lon":131.334375,"areaKm2":0.268477,"populated2020":false,"population2020":null,"populationNote":"境界またぎ・収録外等のため自治体内人口は未集計"},"geometry":{"type":"Polygon","coordinates":[[[131.33125,33.470833333333324],[131.33125,33.47500000000001],[131.3375,33.47500000000001],[131.3375,33.47083333333333],[131.33125,33.470833333333324]]]}},{"type":"Feature","id":"44211:503112673","properties":{"id":"44211:503112673","meshCode":"503112673","cityCode":"44211","city":"宇佐市","lat":33.4729167,"lon":131.340625,"areaKm2":0.268477,"populated2020":true,"population2020":56.4188,"populationNote":"2020年基準人口（国交省調整値）"},"geometry":{"type":"Polygon","coordinates":[[[131.3375,33.47083333333333],[131.3375,33.47500000000001],[131.34375,33.47500000000001],[131.34375,33.47083333333333],[131.3375,33.47083333333333]]]}},{"type":"Feature","id":"44211:503112674","properties":{"id":"44211:503112674","meshCode":"503112674","cityCode":"44211","city":"宇佐市","lat":33.4729167,"lon":131.346875,"areaKm2":0.268477,"populated2020":true,"population2020":1.0124,"populationNote":"2020年基準人口（国交省調整値）"},"geometry":{"type":"Polygon","coordinates":[[[131.34375,33.47083333333333],[131.34375,33.47500000000001],[131.35,33.475],[131.35,33.470833333333324],[131.34375,33.47083333333333]]]}},{"type":"Feature","id":"44211:503112683","properties":{"id":"44211:503112683","meshCode":"503112683","cityCode":"44211","city":"宇佐市","lat":33.4729167,"lon":131.353125,"areaKm2":0.268477,"populated2020":true,"population2020":9.0654,"populationNote":"2020年基準人口（国交省調整値）"},"geometry":{"type":"Polygon","coordinates":[[[131.35,33.470833333333324],[131.35,33.475],[131.35625000000002,33.475],[131.35625000000002,33.47083333333333],[131.35,33.470833333333324]]]}},{"type":"Feature","id":"44211:503112684","properties":{"id":"44211:503112684","meshCode":"503112684","cityCode":"44211","city":"宇佐市","lat":33.4729167,"lon":131.359375,"areaKm2":0.268477,"populated2020":true,"population2020":12.0219,"populationNote":"2020年基準人口（国交省調整値）"},"geometry":{"type":"Polygon","coordinates":[[[131.35625000000002,33.47083333333333],[131.35625000000002,33.475],[131.3625,33.47500000000001],[131.3625,33.470833333333324],[131.35625000000002,33.47083333333333]]]}},{"type":"Feature","id":"44211:503112693","properties":{"id":"44211:503112693","meshCode":"503112693","cityCode":"44211","city":"宇佐市","lat":33.4729167,"lon":131.365625,"areaKm2":0.268477,"populated2020":false,"population2020":null,"populationNote":"境界またぎ・収録外等のため自治体内人口は未集計"},"geometry":{"type":"Polygon","coordinates":[[[131.3625,33.470833333333324],[131.3625,33.47500000000001],[131.36875,33.47500000000001],[131.36875,33.47083333333333],[131.3625,33.470833333333324]]]}},{"type":"Feature","id":"44211:503112694","properties":{"id":"44211:503112694","meshCode":"503112694","cityCode":"44211","city":"宇佐市","lat":33.4729167,"lon":131.371875,"areaKm2":0.268477,"populated2020":false,"population2020":null,"populationNote":"境界またぎ・収録外等のため自治体内人口は未集計"},"geometry":{"type":"Polygon","coordinates":[[[131.36875,33.47083333333333],[131.36875,33.47500000000001],[131.375,33.47500000000001],[131.375,33.47083333333333],[131.36875,33.47083333333333]]]}},{"type":"Feature","id":"44211:503113603","properties":{"id":"44211:503113603","meshCode":"503113603","cityCode":"44211","city":"宇佐市","lat":33.4729167,"lon":131.378125,"areaKm2":0.268477,"populated2020":false,"population2020":null,"populationNote":"境界またぎ・収録外等のため自治体内人口は未集計"},"geometry":{"type":"Polygon","coordinates":[[[131.375,33.47083333333333],[131.375,33.47500000000001],[131.38125,33.475],[131.38125,33.470833333333324],[131.375,33.47083333333333]]]}},{"type":"Feature","id":"44211:503113604","properties":{"id":"44211:503113604","meshCode":"503113604","cityCode":"44211","city":"宇佐市","lat":33.4729167,"lon":131.384375,"areaKm2":0.268477,"populated2020":false,"population2020":null,"populationNote":"境界またぎ・収録外等のため自治体内人口は未集計"},"geometry":{"type":"Polygon","coordinates":[[[131.38125,33.470833333333324],[131.38125,33.475],[131.3875,33.475],[131.3875,33.47083333333333],[131.38125,33.470833333333324]]]}},{"type":"Feature","id":"44211:503113613","properties":{"id":"44211:503113613","meshCode":"503113613","cityCode":"44211","city":"宇佐市","lat":33.4729167,"lon":131.390625,"areaKm2":0.268477,"populated2020":true,"population2020":3.0272,"populationNote":"2020年基準人口（国交省調整値）"},"geometry":{"type":"Polygon","coordinates":[[[131.3875,33.47083333333333],[131.3875,33.475],[131.39375,33.475],[131.39375,33.47083333333333],[131.3875,33.47083333333333]]]}},{"type":"Feature","id":"44211:503113614","properties":{"id":"44211:503113614","meshCode":"503113614","cityCode":"44211","city":"宇佐市","lat":33.4729167,"lon":131.396875,"areaKm2":0.268477,"populated2020":true,"population2020":9.0951,"populationNote":"2020年基準人口（国交省調整値）"},"geometry":{"type":"Polygon","coordinates":[[[131.39375,33.47083333333333],[131.39375,33.475],[131.4,33.47500000000001],[131.4,33.47083333333333],[131.39375,33.47083333333333]]]}},{"type":"Feature","id":"44211:503113623","properties":{"id":"44211:503113623","meshCode":"503113623","cityCode":"44211","city":"宇佐市","lat":33.4729167,"lon":131.403125,"areaKm2":0.268477,"populated2020":false,"population2020":null,"populationNote":"境界またぎ・収録外等のため自治体内人口は未集計"},"geometry":{"type":"Polygon","coordinates":[[[131.4,33.47083333333333],[131.4,33.47500000000001],[131.40625,33.47500000000001],[131.40625,33.47083333333333],[131.4,33.47083333333333]]]}},{"type":"Feature","id":"44211:503113624","properties":{"id":"44211:503113624","meshCode":"503113624","cityCode":"44211","city":"宇佐市","lat":33.4729167,"lon":131.409375,"areaKm2":0.268477,"populated2020":true,"population2020":3.0143,"populationNote":"2020年基準人口（国交省調整値）"},"geometry":{"type":"Polygon","coordinates":[[[131.40625,33.47083333333333],[131.40625,33.47500000000001],[131.4125,33.47500000000001],[131.4125,33.47083333333333],[131.40625,33.47083333333333]]]}},{"type":"Feature","id":"44211:503113633","properties":{"id":"44211:503113633","meshCode":"503113633","cityCode":"44211","city":"宇佐市","lat":33.4729167,"lon":131.415625,"areaKm2":0.268477,"populated2020":true,"population2020":1.0098,"populationNote":"2020年基準人口（国交省調整値）"},"geometry":{"type":"Polygon","coordinates":[[[131.4125,33.47083333333333],[131.4125,33.47500000000001],[131.41875,33.47500000000001],[131.41875,33.47083333333333],[131.4125,33.47083333333333]]]}},{"type":"Feature","id":"44211:503113634","properties":{"id":"44211:503113634","meshCode":"503113634","cityCode":"44211","city":"宇佐市","lat":33.4729167,"lon":131.421875,"areaKm2":0.1754524,"populated2020":false,"population2020":null,"populationNote":"境界またぎ・収録外等のため自治体内人口は未集計"},"geometry":{"type":"Polygon","coordinates":[[[131.41875,33.47500000000001],[131.420443061,33.474926387000004],[131.420589339,33.475],[131.421169339,33.475000000000016],[131.421456394,33.474541108],[131.421691388,33.473855],[131.42249,33.472926107999996],[131.422832503,33.472725559],[131.424066939,33.472411667],[131.42412749700003,33.472285],[131.424093891,33.471630559],[131.42445967553778,33.470833333333324],[131.41875,33.47083333333333],[131.41875,33.47500000000001]]]}},{"type":"Feature","id":"44211:503111791","properties":{"id":"44211:503111791","meshCode":"503111791","cityCode":"44211","city":"宇佐市","lat":33.4763919,"lon":131.2422675,"areaKm2":0.071994,"populated2020":true,"population2020":null,"populationNote":"境界またぎ・収録外等のため自治体内人口は未集計"},"geometry":{"type":"Polygon","coordinates":[[[131.241470726,33.475],[131.241113333,33.47528582900001],[131.241086109,33.475822775000005],[131.240713333,33.476611387],[131.241064163,33.477310278999994],[131.24127917,33.47752444099999],[131.241987497,33.47782972099999],[131.243377782,33.477298333],[131.24375,33.47705354093967],[131.24375,33.47500000000001],[131.241470726,33.475]]]}},{"type":"Feature","id":"44211:503111792","properties":{"id":"44211:503111792","meshCode":"503111792","cityCode":"44211","city":"宇佐市","lat":33.4756993,"lon":131.246875,"areaKm2":0.1144282,"populated2020":false,"population2020":null,"populationNote":"境界またぎ・収録外等のため自治体内人口は未集計"},"geometry":{"type":"Polygon","coordinates":[[[131.24375,33.47705354093967],[131.244488327,33.476859162],[131.245782218,33.476778613],[131.246074449,33.476620279],[131.248060272,33.47641277500001],[131.248558885,33.476612225],[131.248930558,33.47704722499999],[131.249555837,33.477211108],[131.25,33.477466027],[131.25,33.475],[131.24375,33.47500000000001],[131.24375,33.47705354093967]]]}},{"type":"Feature","id":"44211:503112701","properties":{"id":"44211:503112701","meshCode":"503112701","cityCode":"44211","city":"宇佐市","lat":33.4770833,"lon":131.253125,"areaKm2":0.2277704,"populated2020":true,"population2020":null,"populationNote":"境界またぎ・収録外等のため自治体内人口は未集計"},"geometry":{"type":"Polygon","coordinates":[[[131.25,33.477466027],[131.250797497,33.477852495],[131.250996939,33.478051946],[131.251957782,33.478045],[131.252274721,33.47838000000001],[131.252873061,33.478429999999996],[131.253610558,33.478612495],[131.25425693071782,33.479166666666664],[131.25625,33.479166666666664],[131.25625,33.47500000000001],[131.25,33.475],[131.25,33.477466027]]]}},{"type":"Feature","id":"44211:503112702","properties":{"id":"44211:503112702","meshCode":"503112702","cityCode":"44211","city":"宇佐市","lat":33.4770833,"lon":131.259375,"areaKm2":0.2684643,"populated2020":true,"population2020":11.0353,"populationNote":"2020年基準人口（国交省調整値）"},"geometry":{"type":"Polygon","coordinates":[[[131.25625,33.47500000000001],[131.25625,33.479166666666664],[131.2625,33.479166666666664],[131.2625,33.475],[131.25625,33.47500000000001]]]}},{"type":"Feature","id":"44211:503112711","properties":{"id":"44211:503112711","meshCode":"503112711","cityCode":"44211","city":"宇佐市","lat":33.4770833,"lon":131.265625,"areaKm2":0.2684643,"populated2020":true,"population2020":5.0501,"populationNote":"2020年基準人口（国交省調整値）"},"geometry":{"type":"Polygon","coordinates":[[[131.2625,33.475],[131.2625,33.479166666666664],[131.26875,33.47916666666666],[131.26875,33.475],[131.2625,33.475]]]}},{"type":"Feature","id":"44211:503112712","properties":{"id":"44211:503112712","meshCode":"503112712","cityCode":"44211","city":"宇佐市","lat":33.4770833,"lon":131.271875,"areaKm2":0.2684643,"populated2020":true,"population2020":4.0372,"populationNote":"2020年基準人口（国交省調整値）"},"geometry":{"type":"Polygon","coordinates":[[[131.26875,33.475],[131.26875,33.47916666666666],[131.275,33.479166666666664],[131.275,33.47500000000001],[131.26875,33.475]]]}},{"type":"Feature","id":"44211:503112721","properties":{"id":"44211:503112721","meshCode":"503112721","cityCode":"44211","city":"宇佐市","lat":33.4770833,"lon":131.278125,"areaKm2":0.2684643,"populated2020":false,"population2020":null,"populationNote":"境界またぎ・収録外等のため自治体内人口は未集計"},"geometry":{"type":"Polygon","coordinates":[[[131.275,33.47500000000001],[131.275,33.479166666666664],[131.28125,33.479166666666664],[131.28125,33.47500000000001],[131.275,33.47500000000001]]]}},{"type":"Feature","id":"44211:503112722","properties":{"id":"44211:503112722","meshCode":"503112722","cityCode":"44211","city":"宇佐市","lat":33.4770833,"lon":131.284375,"areaKm2":0.2684643,"populated2020":false,"population2020":null,"populationNote":"境界またぎ・収録外等のため自治体内人口は未集計"},"geometry":{"type":"Polygon","coordinates":[[[131.28125,33.47500000000001],[131.28125,33.479166666666664],[131.2875,33.479166666666664],[131.2875,33.47500000000001],[131.28125,33.47500000000001]]]}},{"type":"Feature","id":"44211:503112731","properties":{"id":"44211:503112731","meshCode":"503112731","cityCode":"44211","city":"宇佐市","lat":33.4770833,"lon":131.290625,"areaKm2":0.2684643,"populated2020":false,"population2020":null,"populationNote":"境界またぎ・収録外等のため自治体内人口は未集計"},"geometry":{"type":"Polygon","coordinates":[[[131.2875,33.47500000000001],[131.2875,33.479166666666664],[131.29375,33.479166666666664],[131.29375,33.47500000000001],[131.2875,33.47500000000001]]]}},{"type":"Feature","id":"44211:503112732","properties":{"id":"44211:503112732","meshCode":"503112732","cityCode":"44211","city":"宇佐市","lat":33.4770833,"lon":131.296875,"areaKm2":0.2684643,"populated2020":false,"population2020":null,"populationNote":"境界またぎ・収録外等のため自治体内人口は未集計"},"geometry":{"type":"Polygon","coordinates":[[[131.29375,33.47500000000001],[131.29375,33.479166666666664],[131.30000000000004,33.479166666666664],[131.30000000000004,33.475],[131.29375,33.47500000000001]]]}},{"type":"Feature","id":"44211:503112741","properties":{"id":"44211:503112741","meshCode":"503112741","cityCode":"44211","city":"宇佐市","lat":33.4770833,"lon":131.303125,"areaKm2":0.2684643,"populated2020":false,"population2020":null,"populationNote":"境界またぎ・収録外等のため自治体内人口は未集計"},"geometry":{"type":"Polygon","coordinates":[[[131.30000000000004,33.475],[131.30000000000004,33.479166666666664],[131.30625,33.479166666666664],[131.30625,33.47500000000001],[131.30000000000004,33.475]]]}},{"type":"Feature","id":"44211:503112742","properties":{"id":"44211:503112742","meshCode":"503112742","cityCode":"44211","city":"宇佐市","lat":33.4770833,"lon":131.309375,"areaKm2":0.2684643,"populated2020":false,"population2020":null,"populationNote":"境界またぎ・収録外等のため自治体内人口は未集計"},"geometry":{"type":"Polygon","coordinates":[[[131.30625,33.47500000000001],[131.30625,33.479166666666664],[131.3125,33.47916666666667],[131.3125,33.475],[131.30625,33.47500000000001]]]}},{"type":"Feature","id":"44211:503112751","properties":{"id":"44211:503112751","meshCode":"503112751","cityCode":"44211","city":"宇佐市","lat":33.4770833,"lon":131.315625,"areaKm2":0.2684643,"populated2020":false,"population2020":null,"populationNote":"境界またぎ・収録外等のため自治体内人口は未集計"},"geometry":{"type":"Polygon","coordinates":[[[131.3125,33.475],[131.3125,33.47916666666667],[131.31875,33.479166666666664],[131.31875,33.475],[131.3125,33.475]]]}},{"type":"Feature","id":"44211:503112752","properties":{"id":"44211:503112752","meshCode":"503112752","cityCode":"44211","city":"宇佐市","lat":33.4770833,"lon":131.321875,"areaKm2":0.2684643,"populated2020":false,"population2020":null,"populationNote":"境界またぎ・収録外等のため自治体内人口は未集計"},"geometry":{"type":"Polygon","coordinates":[[[131.31875,33.475],[131.31875,33.479166666666664],[131.325,33.479166666666664],[131.325,33.475],[131.31875,33.475]]]}},{"type":"Feature","id":"44211:503112761","properties":{"id":"44211:503112761","meshCode":"503112761","cityCode":"44211","city":"宇佐市","lat":33.4770833,"lon":131.328125,"areaKm2":0.2684643,"populated2020":true,"population2020":38.2649,"populationNote":"2020年基準人口（国交省調整値）"},"geometry":{"type":"Polygon","coordinates":[[[131.325,33.475],[131.325,33.479166666666664],[131.33125,33.479166666666664],[131.33125,33.47500000000001],[131.325,33.475]]]}},{"type":"Feature","id":"44211:503112762","properties":{"id":"44211:503112762","meshCode":"503112762","cityCode":"44211","city":"宇佐市","lat":33.4770833,"lon":131.334375,"areaKm2":0.2684643,"populated2020":true,"population2020":17.1137,"populationNote":"2020年基準人口（国交省調整値）"},"geometry":{"type":"Polygon","coordinates":[[[131.33125,33.47500000000001],[131.33125,33.479166666666664],[131.3375,33.479166666666664],[131.3375,33.47500000000001],[131.33125,33.47500000000001]]]}},{"type":"Feature","id":"44211:503112771","properties":{"id":"44211:503112771","meshCode":"503112771","cityCode":"44211","city":"宇佐市","lat":33.4770833,"lon":131.340625,"areaKm2":0.2684643,"populated2020":true,"population2020":41.2547,"populationNote":"2020年基準人口（国交省調整値）"},"geometry":{"type":"Polygon","coordinates":[[[131.3375,33.47500000000001],[131.3375,33.479166666666664],[131.34375,33.479166666666664],[131.34375,33.47500000000001],[131.3375,33.47500000000001]]]}},{"type":"Feature","id":"44211:503112772","properties":{"id":"44211:503112772","meshCode":"503112772","cityCode":"44211","city":"宇佐市","lat":33.4770833,"lon":131.346875,"areaKm2":0.2684643,"populated2020":true,"population2020":10.0559,"populationNote":"2020年基準人口（国交省調整値）"},"geometry":{"type":"Polygon","coordinates":[[[131.34375,33.47500000000001],[131.34375,33.479166666666664],[131.35,33.479166666666664],[131.35,33.475],[131.34375,33.47500000000001]]]}},{"type":"Feature","id":"44211:503112781","properties":{"id":"44211:503112781","meshCode":"503112781","cityCode":"44211","city":"宇佐市","lat":33.4770833,"lon":131.353125,"areaKm2":0.2684643,"populated2020":true,"population2020":3.0338,"populationNote":"2020年基準人口（国交省調整値）"},"geometry":{"type":"Polygon","coordinates":[[[131.35,33.475],[131.35,33.479166666666664],[131.35625000000002,33.479166666666664],[131.35625000000002,33.475],[131.35,33.475]]]}},{"type":"Feature","id":"44211:503112782","properties":{"id":"44211:503112782","meshCode":"503112782","cityCode":"44211","city":"宇佐市","lat":33.4770833,"lon":131.359375,"areaKm2":0.2684643,"populated2020":false,"population2020":null,"populationNote":"境界またぎ・収録外等のため自治体内人口は未集計"},"geometry":{"type":"Polygon","coordinates":[[[131.35625000000002,33.475],[131.35625000000002,33.479166666666664],[131.3625,33.479166666666664],[131.3625,33.47500000000001],[131.35625000000002,33.475]]]}},{"type":"Feature","id":"44211:503112791","properties":{"id":"44211:503112791","meshCode":"503112791","cityCode":"44211","city":"宇佐市","lat":33.4770833,"lon":131.365625,"areaKm2":0.2684643,"populated2020":false,"population2020":null,"populationNote":"境界またぎ・収録外等のため自治体内人口は未集計"},"geometry":{"type":"Polygon","coordinates":[[[131.3625,33.47500000000001],[131.3625,33.479166666666664],[131.36875,33.479166666666664],[131.36875,33.47500000000001],[131.3625,33.47500000000001]]]}},{"type":"Feature","id":"44211:503112792","properties":{"id":"44211:503112792","meshCode":"503112792","cityCode":"44211","city":"宇佐市","lat":33.4770833,"lon":131.371875,"areaKm2":0.2684643,"populated2020":false,"population2020":null,"populationNote":"境界またぎ・収録外等のため自治体内人口は未集計"},"geometry":{"type":"Polygon","coordinates":[[[131.36875,33.47500000000001],[131.36875,33.479166666666664],[131.375,33.479166666666664],[131.375,33.47500000000001],[131.36875,33.47500000000001]]]}},{"type":"Feature","id":"44211:503113701","properties":{"id":"44211:503113701","meshCode":"503113701","cityCode":"44211","city":"宇佐市","lat":33.4770833,"lon":131.378125,"areaKm2":0.2684643,"populated2020":false,"population2020":null,"populationNote":"境界またぎ・収録外等のため自治体内人口は未集計"},"geometry":{"type":"Polygon","coordinates":[[[131.375,33.47500000000001],[131.375,33.479166666666664],[131.38125,33.479166666666664],[131.38125,33.475],[131.375,33.47500000000001]]]}},{"type":"Feature","id":"44211:503113702","properties":{"id":"44211:503113702","meshCode":"503113702","cityCode":"44211","city":"宇佐市","lat":33.4770833,"lon":131.384375,"areaKm2":0.2684643,"populated2020":false,"population2020":null,"populationNote":"境界またぎ・収録外等のため自治体内人口は未集計"},"geometry":{"type":"Polygon","coordinates":[[[131.38125,33.475],[131.38125,33.479166666666664],[131.3875,33.47916666666666],[131.3875,33.475],[131.38125,33.475]]]}},{"type":"Feature","id":"44211:503113711","properties":{"id":"44211:503113711","meshCode":"503113711","cityCode":"44211","city":"宇佐市","lat":33.4770833,"lon":131.390625,"areaKm2":0.2684643,"populated2020":false,"population2020":null,"populationNote":"境界またぎ・収録外等のため自治体内人口は未集計"},"geometry":{"type":"Polygon","coordinates":[[[131.3875,33.475],[131.3875,33.47916666666666],[131.39375,33.47916666666666],[131.39375,33.475],[131.3875,33.475]]]}},{"type":"Feature","id":"44211:503113712","properties":{"id":"44211:503113712","meshCode":"503113712","cityCode":"44211","city":"宇佐市","lat":33.4770833,"lon":131.396875,"areaKm2":0.2684643,"populated2020":true,"population2020":3.0126,"populationNote":"2020年基準人口（国交省調整値）"},"geometry":{"type":"Polygon","coordinates":[[[131.39375,33.475],[131.39375,33.47916666666666],[131.4,33.479166666666664],[131.4,33.47500000000001],[131.39375,33.475]]]}},{"type":"Feature","id":"44211:503113721","properties":{"id":"44211:503113721","meshCode":"503113721","cityCode":"44211","city":"宇佐市","lat":33.4770833,"lon":131.403125,"areaKm2":0.2684643,"populated2020":false,"population2020":null,"populationNote":"境界またぎ・収録外等のため自治体内人口は未集計"},"geometry":{"type":"Polygon","coordinates":[[[131.4,33.47500000000001],[131.4,33.479166666666664],[131.40625,33.479166666666664],[131.40625,33.47500000000001],[131.4,33.47500000000001]]]}},{"type":"Feature","id":"44211:503113722","properties":{"id":"44211:503113722","meshCode":"503113722","cityCode":"44211","city":"宇佐市","lat":33.4770833,"lon":131.409375,"areaKm2":0.268079,"populated2020":false,"population2020":null,"populationNote":"境界またぎ・収録外等のため自治体内人口は未集計"},"geometry":{"type":"Polygon","coordinates":[[[131.412270558,33.479144721],[131.4125,33.478877293933316],[131.4125,33.47500000000001],[131.40625,33.47500000000001],[131.40625,33.479166666666664],[131.412270558,33.479144721]]]}},{"type":"Feature","id":"44211:503113731","properties":{"id":"44211:503113731","meshCode":"503113731","cityCode":"44211","city":"宇佐市","lat":33.4769424,"lon":131.4132352,"areaKm2":0.1059076,"populated2020":true,"population2020":null,"populationNote":"境界またぎ・収録外等のため自治体内人口は未集計"},"geometry":{"type":"Polygon","coordinates":[[[131.4125,33.478877293933316],[131.413203333,33.478067775],[131.413484994,33.47735],[131.413947224,33.47695027900001],[131.414255837,33.476844721],[131.415021115,33.47696082899999],[131.415470558,33.476871108],[131.416088054,33.476290559000006],[131.417440272,33.475616946],[131.417621388,33.475585279],[131.41833277600003,33.475775279],[131.41874917,33.475664441000006],[131.41875,33.47500000000001],[131.4125,33.47500000000001],[131.4125,33.478877293933316]]]}},{"type":"Feature","id":"44211:503113732","properties":{"id":"44211:503113732","meshCode":"503113732","cityCode":"44211","city":"宇佐市","lat":33.4750771,"lon":131.4208913,"areaKm2":0.0023596,"populated2020":false,"population2020":null,"populationNote":"境界またぎ・収録外等のため自治体内人口は未集計"},"geometry":{"type":"MultiPolygon","coordinates":[[[[131.418943606,33.475569441000005],[131.41901749700003,33.475400559],[131.418983891,33.47515777499999],[131.419412361,33.475],[131.41875,33.47500000000001],[131.41875,33.475664035468114],[131.418943606,33.475569441000005]]],[[[131.420589339,33.475],[131.420939728,33.475153613],[131.421169339,33.475000000000016],[131.420589339,33.475]]]]}},{"type":"Feature","id":"44211:503112703","properties":{"id":"44211:503112703","meshCode":"503112703","cityCode":"44211","city":"宇佐市","lat":33.4794964,"lon":131.255678,"areaKm2":0.0077089,"populated2020":true,"population2020":null,"populationNote":"境界またぎ・収録外等のため自治体内人口は未集計"},"geometry":{"type":"Polygon","coordinates":[[[131.25425693071782,33.479166666666664],[131.254698054,33.479339721],[131.25625,33.47989286097895],[131.25625,33.479166666666664],[131.25425693071782,33.479166666666664]]]}},{"type":"Feature","id":"44211:503112704","properties":{"id":"44211:503112704","meshCode":"503112704","cityCode":"44211","city":"宇佐市","lat":33.4813151,"lon":131.2611699,"areaKm2":0.1563287,"populated2020":false,"population2020":null,"populationNote":"境界またぎ・収録外等のため自治体内人口は未集計"},"geometry":{"type":"Polygon","coordinates":[[[131.25625,33.47989286097895],[131.256810272,33.480095279000004],[131.257825279,33.480202225],[131.25836,33.48038749500001],[131.259139728,33.48028777500001],[131.259529442,33.480494441],[131.259909728,33.480993053999995],[131.25990083000002,33.481249721],[131.25967917,33.48155861299999],[131.259814994,33.482285829],[131.259606394,33.482699440999994],[131.259706109,33.48300582899999],[131.2599598311411,33.48333333333333],[131.2625,33.483333333333334],[131.2625,33.479166666666664],[131.25625,33.479166666666664],[131.25625,33.47989286097895]]]}},{"type":"Feature","id":"44211:503112713","properties":{"id":"44211:503112713","meshCode":"503112713","cityCode":"44211","city":"宇佐市","lat":33.48125,"lon":131.265625,"areaKm2":0.2684517,"populated2020":true,"population2020":20.1235,"populationNote":"2020年基準人口（国交省調整値）"},"geometry":{"type":"Polygon","coordinates":[[[131.2625,33.479166666666664],[131.2625,33.483333333333334],[131.26875,33.48333333333334],[131.26875,33.47916666666666],[131.2625,33.479166666666664]]]}},{"type":"Feature","id":"44211:503112714","properties":{"id":"44211:503112714","meshCode":"503112714","cityCode":"44211","city":"宇佐市","lat":33.48125,"lon":131.271875,"areaKm2":0.2684517,"populated2020":true,"population2020":41.3061,"populationNote":"2020年基準人口（国交省調整値）"},"geometry":{"type":"Polygon","coordinates":[[[131.26875,33.47916666666666],[131.26875,33.48333333333334],[131.275,33.48333333333334],[131.275,33.479166666666664],[131.26875,33.47916666666666]]]}},{"type":"Feature","id":"44211:503112723","properties":{"id":"44211:503112723","meshCode":"503112723","cityCode":"44211","city":"宇佐市","lat":33.48125,"lon":131.278125,"areaKm2":0.2684517,"populated2020":false,"population2020":null,"populationNote":"境界またぎ・収録外等のため自治体内人口は未集計"},"geometry":{"type":"Polygon","coordinates":[[[131.275,33.479166666666664],[131.275,33.48333333333334],[131.28125,33.483333333333334],[131.28125,33.479166666666664],[131.275,33.479166666666664]]]}},{"type":"Feature","id":"44211:503112724","properties":{"id":"44211:503112724","meshCode":"503112724","cityCode":"44211","city":"宇佐市","lat":33.48125,"lon":131.284375,"areaKm2":0.2684517,"populated2020":false,"population2020":null,"populationNote":"境界またぎ・収録外等のため自治体内人口は未集計"},"geometry":{"type":"Polygon","coordinates":[[[131.28125,33.479166666666664],[131.28125,33.483333333333334],[131.2875,33.483333333333334],[131.2875,33.479166666666664],[131.28125,33.479166666666664]]]}},{"type":"Feature","id":"44211:503112733","properties":{"id":"44211:503112733","meshCode":"503112733","cityCode":"44211","city":"宇佐市","lat":33.48125,"lon":131.290625,"areaKm2":0.2684517,"populated2020":false,"population2020":null,"populationNote":"境界またぎ・収録外等のため自治体内人口は未集計"},"geometry":{"type":"Polygon","coordinates":[[[131.2875,33.479166666666664],[131.2875,33.483333333333334],[131.29375,33.48333333333334],[131.29375,33.479166666666664],[131.2875,33.479166666666664]]]}},{"type":"Feature","id":"44211:503112734","properties":{"id":"44211:503112734","meshCode":"503112734","cityCode":"44211","city":"宇佐市","lat":33.48125,"lon":131.296875,"areaKm2":0.2684517,"populated2020":false,"population2020":null,"populationNote":"境界またぎ・収録外等のため自治体内人口は未集計"},"geometry":{"type":"Polygon","coordinates":[[[131.29375,33.479166666666664],[131.29375,33.48333333333334],[131.30000000000004,33.48333333333334],[131.30000000000004,33.479166666666664],[131.29375,33.479166666666664]]]}},{"type":"Feature","id":"44211:503112743","properties":{"id":"44211:503112743","meshCode":"503112743","cityCode":"44211","city":"宇佐市","lat":33.48125,"lon":131.303125,"areaKm2":0.2684517,"populated2020":false,"population2020":null,"populationNote":"境界またぎ・収録外等のため自治体内人口は未集計"},"geometry":{"type":"Polygon","coordinates":[[[131.30000000000004,33.479166666666664],[131.30000000000004,33.48333333333334],[131.30625,33.48333333333334],[131.30625,33.479166666666664],[131.30000000000004,33.479166666666664]]]}},{"type":"Feature","id":"44211:503112744","properties":{"id":"44211:503112744","meshCode":"503112744","cityCode":"44211","city":"宇佐市","lat":33.48125,"lon":131.309375,"areaKm2":0.2684517,"populated2020":false,"population2020":null,"populationNote":"境界またぎ・収録外等のため自治体内人口は未集計"},"geometry":{"type":"Polygon","coordinates":[[[131.30625,33.479166666666664],[131.30625,33.48333333333334],[131.3125,33.483333333333334],[131.3125,33.47916666666667],[131.30625,33.479166666666664]]]}},{"type":"Feature","id":"44211:503112753","properties":{"id":"44211:503112753","meshCode":"503112753","cityCode":"44211","city":"宇佐市","lat":33.48125,"lon":131.315625,"areaKm2":0.2684517,"populated2020":false,"population2020":null,"populationNote":"境界またぎ・収録外等のため自治体内人口は未集計"},"geometry":{"type":"Polygon","coordinates":[[[131.3125,33.47916666666667],[131.3125,33.483333333333334],[131.31875,33.48333333333334],[131.31875,33.479166666666664],[131.3125,33.47916666666667]]]}},{"type":"Feature","id":"44211:503112754","properties":{"id":"44211:503112754","meshCode":"503112754","cityCode":"44211","city":"宇佐市","lat":33.48125,"lon":131.321875,"areaKm2":0.2684517,"populated2020":false,"population2020":null,"populationNote":"境界またぎ・収録外等のため自治体内人口は未集計"},"geometry":{"type":"Polygon","coordinates":[[[131.31875,33.479166666666664],[131.31875,33.48333333333334],[131.325,33.483333333333334],[131.325,33.479166666666664],[131.31875,33.479166666666664]]]}},{"type":"Feature","id":"44211:503112763","properties":{"id":"44211:503112763","meshCode":"503112763","cityCode":"44211","city":"宇佐市","lat":33.48125,"lon":131.328125,"areaKm2":0.2684517,"populated2020":false,"population2020":null,"populationNote":"境界またぎ・収録外等のため自治体内人口は未集計"},"geometry":{"type":"Polygon","coordinates":[[[131.325,33.479166666666664],[131.325,33.483333333333334],[131.33125,33.483333333333334],[131.33125,33.479166666666664],[131.325,33.479166666666664]]]}},{"type":"Feature","id":"44211:503112764","properties":{"id":"44211:503112764","meshCode":"503112764","cityCode":"44211","city":"宇佐市","lat":33.48125,"lon":131.334375,"areaKm2":0.2684517,"populated2020":true,"population2020":54.2935,"populationNote":"2020年基準人口（国交省調整値）"},"geometry":{"type":"Polygon","coordinates":[[[131.33125,33.479166666666664],[131.33125,33.483333333333334],[131.3375,33.48333333333333],[131.3375,33.479166666666664],[131.33125,33.479166666666664]]]}},{"type":"Feature","id":"44211:503112773","properties":{"id":"44211:503112773","meshCode":"503112773","cityCode":"44211","city":"宇佐市","lat":33.48125,"lon":131.340625,"areaKm2":0.2684517,"populated2020":true,"population2020":28.2113,"populationNote":"2020年基準人口（国交省調整値）"},"geometry":{"type":"Polygon","coordinates":[[[131.3375,33.479166666666664],[131.3375,33.48333333333333],[131.34375,33.483333333333334],[131.34375,33.479166666666664],[131.3375,33.479166666666664]]]}},{"type":"Feature","id":"44211:503112774","properties":{"id":"44211:503112774","meshCode":"503112774","cityCode":"44211","city":"宇佐市","lat":33.48125,"lon":131.346875,"areaKm2":0.2684517,"populated2020":false,"population2020":null,"populationNote":"境界またぎ・収録外等のため自治体内人口は未集計"},"geometry":{"type":"Polygon","coordinates":[[[131.34375,33.479166666666664],[131.34375,33.483333333333334],[131.35,33.483333333333334],[131.35,33.479166666666664],[131.34375,33.479166666666664]]]}},{"type":"Feature","id":"44211:503112783","properties":{"id":"44211:503112783","meshCode":"503112783","cityCode":"44211","city":"宇佐市","lat":33.48125,"lon":131.353125,"areaKm2":0.2684517,"populated2020":false,"population2020":null,"populationNote":"境界またぎ・収録外等のため自治体内人口は未集計"},"geometry":{"type":"Polygon","coordinates":[[[131.35,33.479166666666664],[131.35,33.483333333333334],[131.35625000000002,33.483333333333334],[131.35625000000002,33.479166666666664],[131.35,33.479166666666664]]]}},{"type":"Feature","id":"44211:503112784","properties":{"id":"44211:503112784","meshCode":"503112784","cityCode":"44211","city":"宇佐市","lat":33.48125,"lon":131.359375,"areaKm2":0.2684517,"populated2020":false,"population2020":null,"populationNote":"境界またぎ・収録外等のため自治体内人口は未集計"},"geometry":{"type":"Polygon","coordinates":[[[131.35625000000002,33.479166666666664],[131.35625000000002,33.483333333333334],[131.3625,33.48333333333334],[131.3625,33.479166666666664],[131.35625000000002,33.479166666666664]]]}},{"type":"Feature","id":"44211:503112793","properties":{"id":"44211:503112793","meshCode":"503112793","cityCode":"44211","city":"宇佐市","lat":33.48125,"lon":131.365625,"areaKm2":0.2684517,"populated2020":false,"population2020":null,"populationNote":"境界またぎ・収録外等のため自治体内人口は未集計"},"geometry":{"type":"Polygon","coordinates":[[[131.3625,33.479166666666664],[131.3625,33.48333333333334],[131.36875,33.483333333333334],[131.36875,33.479166666666664],[131.3625,33.479166666666664]]]}},{"type":"Feature","id":"44211:503112794","properties":{"id":"44211:503112794","meshCode":"503112794","cityCode":"44211","city":"宇佐市","lat":33.48125,"lon":131.371875,"areaKm2":0.2684517,"populated2020":false,"population2020":null,"populationNote":"境界またぎ・収録外等のため自治体内人口は未集計"},"geometry":{"type":"Polygon","coordinates":[[[131.36875,33.479166666666664],[131.36875,33.483333333333334],[131.375,33.48333333333334],[131.375,33.479166666666664],[131.36875,33.479166666666664]]]}},{"type":"Feature","id":"44211:503113703","properties":{"id":"44211:503113703","meshCode":"503113703","cityCode":"44211","city":"宇佐市","lat":33.48125,"lon":131.378125,"areaKm2":0.2684517,"populated2020":false,"population2020":null,"populationNote":"境界またぎ・収録外等のため自治体内人口は未集計"},"geometry":{"type":"Polygon","coordinates":[[[131.375,33.479166666666664],[131.375,33.48333333333334],[131.38125,33.483333333333334],[131.38125,33.479166666666664],[131.375,33.479166666666664]]]}},{"type":"Feature","id":"44211:503113704","properties":{"id":"44211:503113704","meshCode":"503113704","cityCode":"44211","city":"宇佐市","lat":33.48125,"lon":131.384375,"areaKm2":0.2684517,"populated2020":true,"population2020":13.0917,"populationNote":"2020年基準人口（国交省調整値）"},"geometry":{"type":"Polygon","coordinates":[[[131.38125,33.479166666666664],[131.38125,33.483333333333334],[131.3875,33.483333333333334],[131.3875,33.47916666666666],[131.38125,33.479166666666664]]]}},{"type":"Feature","id":"44211:503113713","properties":{"id":"44211:503113713","meshCode":"503113713","cityCode":"44211","city":"宇佐市","lat":33.48125,"lon":131.390625,"areaKm2":0.2684517,"populated2020":true,"population2020":6.0365,"populationNote":"2020年基準人口（国交省調整値）"},"geometry":{"type":"Polygon","coordinates":[[[131.3875,33.47916666666666],[131.3875,33.483333333333334],[131.39375,33.48333333333334],[131.39375,33.47916666666666],[131.3875,33.47916666666666]]]}},{"type":"Feature","id":"44211:503113714","properties":{"id":"44211:503113714","meshCode":"503113714","cityCode":"44211","city":"宇佐市","lat":33.48125,"lon":131.396875,"areaKm2":0.2684517,"populated2020":true,"population2020":4.0454,"populationNote":"2020年基準人口（国交省調整値）"},"geometry":{"type":"Polygon","coordinates":[[[131.39375,33.47916666666666],[131.39375,33.48333333333334],[131.4,33.48333333333334],[131.4,33.479166666666664],[131.39375,33.47916666666666]]]}},{"type":"Feature","id":"44211:503113723","properties":{"id":"44211:503113723","meshCode":"503113723","cityCode":"44211","city":"宇佐市","lat":33.48125,"lon":131.403125,"areaKm2":0.2684517,"populated2020":false,"population2020":null,"populationNote":"境界またぎ・収録外等のため自治体内人口は未集計"},"geometry":{"type":"Polygon","coordinates":[[[131.4,33.479166666666664],[131.4,33.48333333333334],[131.40625,33.483333333333334],[131.40625,33.479166666666664],[131.4,33.479166666666664]]]}},{"type":"Feature","id":"44211:503113724","properties":{"id":"44211:503113724","meshCode":"503113724","cityCode":"44211","city":"宇佐市","lat":33.48125,"lon":131.409375,"areaKm2":0.2288366,"populated2020":false,"population2020":null,"populationNote":"境界またぎ・収録外等のため自治体内人口は未集計"},"geometry":{"type":"Polygon","coordinates":[[[131.408545772,33.483333333],[131.409146667,33.483054441],[131.409716939,33.482991387],[131.410985551,33.482627225],[131.411901388,33.48223861300001],[131.412116109,33.481589441],[131.411968612,33.480058892],[131.412116109,33.479399162],[131.4122572366946,33.479166666666664],[131.40625,33.479166666666664],[131.40625,33.483333333333334],[131.408545772,33.483333333]]]}},{"type":"Feature","id":"44211:503112802","properties":{"id":"44211:503112802","meshCode":"503112802","cityCode":"44211","city":"宇佐市","lat":33.4847521,"lon":131.2619347,"areaKm2":0.0357743,"populated2020":true,"population2020":null,"populationNote":"境界またぎ・収録外等のため自治体内人口は未集計"},"geometry":{"type":"Polygon","coordinates":[[[131.2599598311411,33.48333333333333],[131.25996,33.48364],[131.26034083,33.48410333300001],[131.260966394,33.484381387],[131.26141917,33.484801946000005],[131.261528054,33.485037225],[131.261745551,33.48523694599999],[131.262071946,33.48537944099999],[131.262425551,33.485429440999994],[131.2625,33.486135836320216],[131.2625,33.483333333333334],[131.2599598311411,33.48333333333333]]]}},{"type":"Feature","id":"44211:503112811","properties":{"id":"44211:503112811","meshCode":"503112811","cityCode":"44211","city":"宇佐市","lat":33.4854167,"lon":131.265625,"areaKm2":0.2386343,"populated2020":false,"population2020":null,"populationNote":"境界またぎ・収録外等のため自治体内人口は未集計"},"geometry":{"type":"Polygon","coordinates":[[[131.262552218,33.486248892],[131.26316389100003,33.486913892],[131.263698885,33.486764162],[131.264297224,33.486899721],[131.26464166,33.486899721],[131.265258054,33.486571667],[131.265548054,33.486521946],[131.266028327,33.486992224999995],[131.26683738468122,33.4875],[131.26875,33.4875],[131.26875,33.48333333333334],[131.2625,33.483333333333334],[131.262552218,33.486248892]]]}},{"type":"Feature","id":"44211:503112812","properties":{"id":"44211:503112812","meshCode":"503112812","cityCode":"44211","city":"宇佐市","lat":33.4854167,"lon":131.271875,"areaKm2":0.268439,"populated2020":true,"population2020":9.0764,"populationNote":"2020年基準人口（国交省調整値）"},"geometry":{"type":"Polygon","coordinates":[[[131.26875,33.48333333333334],[131.26875,33.4875],[131.275,33.4875],[131.275,33.48333333333334],[131.26875,33.48333333333334]]]}},{"type":"Feature","id":"44211:503112821","properties":{"id":"44211:503112821","meshCode":"503112821","cityCode":"44211","city":"宇佐市","lat":33.4854167,"lon":131.278125,"areaKm2":0.268439,"populated2020":true,"population2020":5.0254,"populationNote":"2020年基準人口（国交省調整値）"},"geometry":{"type":"Polygon","coordinates":[[[131.275,33.48333333333334],[131.275,33.4875],[131.28125,33.4875],[131.28125,33.483333333333334],[131.275,33.48333333333334]]]}},{"type":"Feature","id":"44211:503112822","properties":{"id":"44211:503112822","meshCode":"503112822","cityCode":"44211","city":"宇佐市","lat":33.4854167,"lon":131.284375,"areaKm2":0.268439,"populated2020":true,"population2020":4.0281,"populationNote":"2020年基準人口（国交省調整値）"},"geometry":{"type":"Polygon","coordinates":[[[131.28125,33.483333333333334],[131.28125,33.4875],[131.2875,33.487500000000004],[131.2875,33.483333333333334],[131.28125,33.483333333333334]]]}},{"type":"Feature","id":"44211:503112831","properties":{"id":"44211:503112831","meshCode":"503112831","cityCode":"44211","city":"宇佐市","lat":33.4854167,"lon":131.290625,"areaKm2":0.268439,"populated2020":false,"population2020":null,"populationNote":"境界またぎ・収録外等のため自治体内人口は未集計"},"geometry":{"type":"Polygon","coordinates":[[[131.2875,33.483333333333334],[131.2875,33.487500000000004],[131.29375,33.4875],[131.29375,33.48333333333334],[131.2875,33.483333333333334]]]}},{"type":"Feature","id":"44211:503112832","properties":{"id":"44211:503112832","meshCode":"503112832","cityCode":"44211","city":"宇佐市","lat":33.4854167,"lon":131.296875,"areaKm2":0.268439,"populated2020":false,"population2020":null,"populationNote":"境界またぎ・収録外等のため自治体内人口は未集計"},"geometry":{"type":"Polygon","coordinates":[[[131.29375,33.48333333333334],[131.29375,33.4875],[131.30000000000004,33.487500000000004],[131.30000000000004,33.48333333333334],[131.29375,33.48333333333334]]]}},{"type":"Feature","id":"44211:503112841","properties":{"id":"44211:503112841","meshCode":"503112841","cityCode":"44211","city":"宇佐市","lat":33.4854167,"lon":131.303125,"areaKm2":0.268439,"populated2020":false,"population2020":null,"populationNote":"境界またぎ・収録外等のため自治体内人口は未集計"},"geometry":{"type":"Polygon","coordinates":[[[131.30000000000004,33.48333333333334],[131.30000000000004,33.487500000000004],[131.30625,33.4875],[131.30625,33.48333333333334],[131.30000000000004,33.48333333333334]]]}},{"type":"Feature","id":"44211:503112842","properties":{"id":"44211:503112842","meshCode":"503112842","cityCode":"44211","city":"宇佐市","lat":33.4854167,"lon":131.309375,"areaKm2":0.268439,"populated2020":false,"population2020":null,"populationNote":"境界またぎ・収録外等のため自治体内人口は未集計"},"geometry":{"type":"Polygon","coordinates":[[[131.30625,33.48333333333334],[131.30625,33.4875],[131.3125,33.4875],[131.3125,33.483333333333334],[131.30625,33.48333333333334]]]}},{"type":"Feature","id":"44211:503112851","properties":{"id":"44211:503112851","meshCode":"503112851","cityCode":"44211","city":"宇佐市","lat":33.4854167,"lon":131.315625,"areaKm2":0.268439,"populated2020":false,"population2020":null,"populationNote":"境界またぎ・収録外等のため自治体内人口は未集計"},"geometry":{"type":"Polygon","coordinates":[[[131.3125,33.483333333333334],[131.3125,33.4875],[131.31875,33.4875],[131.31875,33.48333333333334],[131.3125,33.483333333333334]]]}},{"type":"Feature","id":"44211:503112852","properties":{"id":"44211:503112852","meshCode":"503112852","cityCode":"44211","city":"宇佐市","lat":33.4854167,"lon":131.321875,"areaKm2":0.268439,"populated2020":false,"population2020":null,"populationNote":"境界またぎ・収録外等のため自治体内人口は未集計"},"geometry":{"type":"Polygon","coordinates":[[[131.31875,33.48333333333334],[131.31875,33.4875],[131.325,33.487500000000004],[131.325,33.483333333333334],[131.31875,33.48333333333334]]]}},{"type":"Feature","id":"44211:503112861","properties":{"id":"44211:503112861","meshCode":"503112861","cityCode":"44211","city":"宇佐市","lat":33.4854167,"lon":131.328125,"areaKm2":0.268439,"populated2020":false,"population2020":null,"populationNote":"境界またぎ・収録外等のため自治体内人口は未集計"},"geometry":{"type":"Polygon","coordinates":[[[131.325,33.483333333333334],[131.325,33.487500000000004],[131.33125,33.4875],[131.33125,33.483333333333334],[131.325,33.483333333333334]]]}},{"type":"Feature","id":"44211:503112862","properties":{"id":"44211:503112862","meshCode":"503112862","cityCode":"44211","city":"宇佐市","lat":33.4854167,"lon":131.334375,"areaKm2":0.268439,"populated2020":false,"population2020":null,"populationNote":"境界またぎ・収録外等のため自治体内人口は未集計"},"geometry":{"type":"Polygon","coordinates":[[[131.33125,33.483333333333334],[131.33125,33.4875],[131.3375,33.4875],[131.3375,33.48333333333333],[131.33125,33.483333333333334]]]}},{"type":"Feature","id":"44211:503112871","properties":{"id":"44211:503112871","meshCode":"503112871","cityCode":"44211","city":"宇佐市","lat":33.4854167,"lon":131.340625,"areaKm2":0.268439,"populated2020":false,"population2020":null,"populationNote":"境界またぎ・収録外等のため自治体内人口は未集計"},"geometry":{"type":"Polygon","coordinates":[[[131.3375,33.48333333333333],[131.3375,33.4875],[131.34375,33.48749999999999],[131.34375,33.483333333333334],[131.3375,33.48333333333333]]]}},{"type":"Feature","id":"44211:503112872","properties":{"id":"44211:503112872","meshCode":"503112872","cityCode":"44211","city":"宇佐市","lat":33.4854167,"lon":131.346875,"areaKm2":0.268439,"populated2020":false,"population2020":null,"populationNote":"境界またぎ・収録外等のため自治体内人口は未集計"},"geometry":{"type":"Polygon","coordinates":[[[131.34375,33.483333333333334],[131.34375,33.48749999999999],[131.35,33.4875],[131.35,33.483333333333334],[131.34375,33.483333333333334]]]}},{"type":"Feature","id":"44211:503112881","properties":{"id":"44211:503112881","meshCode":"503112881","cityCode":"44211","city":"宇佐市","lat":33.4854167,"lon":131.353125,"areaKm2":0.268439,"populated2020":false,"population2020":null,"populationNote":"境界またぎ・収録外等のため自治体内人口は未集計"},"geometry":{"type":"Polygon","coordinates":[[[131.35,33.483333333333334],[131.35,33.4875],[131.35625000000002,33.4875],[131.35625000000002,33.483333333333334],[131.35,33.483333333333334]]]}},{"type":"Feature","id":"44211:503112882","properties":{"id":"44211:503112882","meshCode":"503112882","cityCode":"44211","city":"宇佐市","lat":33.4854167,"lon":131.359375,"areaKm2":0.268439,"populated2020":false,"population2020":null,"populationNote":"境界またぎ・収録外等のため自治体内人口は未集計"},"geometry":{"type":"Polygon","coordinates":[[[131.35625000000002,33.483333333333334],[131.35625000000002,33.4875],[131.3625,33.487500000000004],[131.3625,33.48333333333334],[131.35625000000002,33.483333333333334]]]}},{"type":"Feature","id":"44211:503112891","properties":{"id":"44211:503112891","meshCode":"503112891","cityCode":"44211","city":"宇佐市","lat":33.4854167,"lon":131.365625,"areaKm2":0.268439,"populated2020":false,"population2020":null,"populationNote":"境界またぎ・収録外等のため自治体内人口は未集計"},"geometry":{"type":"Polygon","coordinates":[[[131.3625,33.48333333333334],[131.3625,33.487500000000004],[131.36875,33.487500000000004],[131.36875,33.483333333333334],[131.3625,33.48333333333334]]]}},{"type":"Feature","id":"44211:503112892","properties":{"id":"44211:503112892","meshCode":"503112892","cityCode":"44211","city":"宇佐市","lat":33.4854167,"lon":131.371875,"areaKm2":0.268439,"populated2020":false,"population2020":null,"populationNote":"境界またぎ・収録外等のため自治体内人口は未集計"},"geometry":{"type":"Polygon","coordinates":[[[131.36875,33.483333333333334],[131.36875,33.487500000000004],[131.375,33.487500000000004],[131.375,33.48333333333334],[131.36875,33.483333333333334]]]}},{"type":"Feature","id":"44211:503113801","properties":{"id":"44211:503113801","meshCode":"503113801","cityCode":"44211","city":"宇佐市","lat":33.4854167,"lon":131.378125,"areaKm2":0.268439,"populated2020":false,"population2020":null,"populationNote":"境界またぎ・収録外等のため自治体内人口は未集計"},"geometry":{"type":"Polygon","coordinates":[[[131.375,33.48333333333334],[131.375,33.487500000000004],[131.38125,33.4875],[131.38125,33.483333333333334],[131.375,33.48333333333334]]]}},{"type":"Feature","id":"44211:503113802","properties":{"id":"44211:503113802","meshCode":"503113802","cityCode":"44211","city":"宇佐市","lat":33.4854167,"lon":131.384375,"areaKm2":0.268439,"populated2020":true,"population2020":6.05,"populationNote":"2020年基準人口（国交省調整値）"},"geometry":{"type":"Polygon","coordinates":[[[131.38125,33.483333333333334],[131.38125,33.4875],[131.3875,33.4875],[131.3875,33.483333333333334],[131.38125,33.483333333333334]]]}},{"type":"Feature","id":"44211:503113811","properties":{"id":"44211:503113811","meshCode":"503113811","cityCode":"44211","city":"宇佐市","lat":33.4854167,"lon":131.390625,"areaKm2":0.268439,"populated2020":false,"population2020":null,"populationNote":"境界またぎ・収録外等のため自治体内人口は未集計"},"geometry":{"type":"Polygon","coordinates":[[[131.3875,33.483333333333334],[131.3875,33.4875],[131.39375,33.48749999999999],[131.39375,33.48333333333334],[131.3875,33.483333333333334]]]}},{"type":"Feature","id":"44211:503113812","properties":{"id":"44211:503113812","meshCode":"503113812","cityCode":"44211","city":"宇佐市","lat":33.4854167,"lon":131.396875,"areaKm2":0.268439,"populated2020":false,"population2020":null,"populationNote":"境界またぎ・収録外等のため自治体内人口は未集計"},"geometry":{"type":"Polygon","coordinates":[[[131.39375,33.48333333333334],[131.39375,33.48749999999999],[131.4,33.4875],[131.4,33.48333333333334],[131.39375,33.48333333333334]]]}},{"type":"Feature","id":"44211:503113821","properties":{"id":"44211:503113821","meshCode":"503113821","cityCode":"44211","city":"宇佐市","lat":33.4854167,"lon":131.403125,"areaKm2":0.268439,"populated2020":false,"population2020":null,"populationNote":"境界またぎ・収録外等のため自治体内人口は未集計"},"geometry":{"type":"Polygon","coordinates":[[[131.4,33.48333333333334],[131.4,33.4875],[131.40625,33.48749999999999],[131.40625,33.483333333333334],[131.4,33.48333333333334]]]}},{"type":"Feature","id":"44211:503113822","properties":{"id":"44211:503113822","meshCode":"503113822","cityCode":"44211","city":"宇佐市","lat":33.4852425,"lon":131.4065162,"areaKm2":0.0292521,"populated2020":false,"population2020":null,"populationNote":"境界またぎ・収録外等のため自治体内人口は未集計"},"geometry":{"type":"Polygon","coordinates":[[[131.4063450499144,33.4875],[131.40626917,33.486973892],[131.40667166,33.486067775],[131.406861115,33.48486389199999],[131.407728327,33.483866667],[131.408124721,33.483536946],[131.408545771304,33.48333333333334],[131.40625,33.483333333333334],[131.40625,33.48749999999999],[131.4063450499144,33.4875]]]}},{"type":"Feature","id":"44211:503112813","properties":{"id":"44211:503112813","meshCode":"503112813","cityCode":"44211","city":"宇佐市","lat":33.489569,"lon":131.2675069,"areaKm2":0.0874396,"populated2020":false,"population2020":null,"populationNote":"境界またぎ・収録外等のため自治体内人口は未集計"},"geometry":{"type":"Polygon","coordinates":[[[131.266862218,33.48753416200001],[131.267016394,33.487961946000006],[131.266880272,33.48836833300001],[131.266662776,33.488653054],[131.266644721,33.48918055900001],[131.266499728,33.48942305400001],[131.266182218,33.489622495],[131.26608250300004,33.489850829],[131.266291115,33.490793613],[131.266762218,33.4912],[131.268158054,33.491328333],[131.268357497,33.491420829],[131.2684794938413,33.49166666666667],[131.26875,33.49166666666667],[131.26875,33.4875],[131.266862218,33.48753416200001]]]}},{"type":"Feature","id":"44211:503112814","properties":{"id":"44211:503112814","meshCode":"503112814","cityCode":"44211","city":"宇佐市","lat":33.4895833,"lon":131.271875,"areaKm2":0.2684263,"populated2020":false,"population2020":null,"populationNote":"境界またぎ・収録外等のため自治体内人口は未集計"},"geometry":{"type":"Polygon","coordinates":[[[131.26875,33.4875],[131.26875,33.49166666666667],[131.275,33.491666666666674],[131.275,33.4875],[131.26875,33.4875]]]}},{"type":"Feature","id":"44211:503112823","properties":{"id":"44211:503112823","meshCode":"503112823","cityCode":"44211","city":"宇佐市","lat":33.4895833,"lon":131.278125,"areaKm2":0.2684263,"populated2020":true,"population2020":13.0927,"populationNote":"2020年基準人口（国交省調整値）"},"geometry":{"type":"Polygon","coordinates":[[[131.275,33.4875],[131.275,33.491666666666674],[131.28125,33.491666666666674],[131.28125,33.4875],[131.275,33.4875]]]}},{"type":"Feature","id":"44211:503112824","properties":{"id":"44211:503112824","meshCode":"503112824","cityCode":"44211","city":"宇佐市","lat":33.4895833,"lon":131.284375,"areaKm2":0.2684263,"populated2020":true,"population2020":17.1081,"populationNote":"2020年基準人口（国交省調整値）"},"geometry":{"type":"Polygon","coordinates":[[[131.28125,33.4875],[131.28125,33.491666666666674],[131.2875,33.49166666666667],[131.2875,33.487500000000004],[131.28125,33.4875]]]}},{"type":"Feature","id":"44211:503112833","properties":{"id":"44211:503112833","meshCode":"503112833","cityCode":"44211","city":"宇佐市","lat":33.4895833,"lon":131.290625,"areaKm2":0.2684263,"populated2020":false,"population2020":null,"populationNote":"境界またぎ・収録外等のため自治体内人口は未集計"},"geometry":{"type":"Polygon","coordinates":[[[131.2875,33.487500000000004],[131.2875,33.49166666666667],[131.29375,33.491666666666674],[131.29375,33.4875],[131.2875,33.487500000000004]]]}},{"type":"Feature","id":"44211:503112834","properties":{"id":"44211:503112834","meshCode":"503112834","cityCode":"44211","city":"宇佐市","lat":33.4895833,"lon":131.296875,"areaKm2":0.2684263,"populated2020":false,"population2020":null,"populationNote":"境界またぎ・収録外等のため自治体内人口は未集計"},"geometry":{"type":"Polygon","coordinates":[[[131.29375,33.4875],[131.29375,33.491666666666674],[131.30000000000004,33.491666666666674],[131.30000000000004,33.487500000000004],[131.29375,33.4875]]]}},{"type":"Feature","id":"44211:503112843","properties":{"id":"44211:503112843","meshCode":"503112843","cityCode":"44211","city":"宇佐市","lat":33.4895833,"lon":131.303125,"areaKm2":0.2684263,"populated2020":false,"population2020":null,"populationNote":"境界またぎ・収録外等のため自治体内人口は未集計"},"geometry":{"type":"Polygon","coordinates":[[[131.30000000000004,33.487500000000004],[131.30000000000004,33.491666666666674],[131.30625,33.49166666666667],[131.30625,33.4875],[131.30000000000004,33.487500000000004]]]}},{"type":"Feature","id":"44211:503112844","properties":{"id":"44211:503112844","meshCode":"503112844","cityCode":"44211","city":"宇佐市","lat":33.4895833,"lon":131.309375,"areaKm2":0.2684263,"populated2020":false,"population2020":null,"populationNote":"境界またぎ・収録外等のため自治体内人口は未集計"},"geometry":{"type":"Polygon","coordinates":[[[131.30625,33.4875],[131.30625,33.49166666666667],[131.3125,33.49166666666667],[131.3125,33.4875],[131.30625,33.4875]]]}},{"type":"Feature","id":"44211:503112853","properties":{"id":"44211:503112853","meshCode":"503112853","cityCode":"44211","city":"宇佐市","lat":33.4895833,"lon":131.315625,"areaKm2":0.2684263,"populated2020":false,"population2020":null,"populationNote":"境界またぎ・収録外等のため自治体内人口は未集計"},"geometry":{"type":"Polygon","coordinates":[[[131.3125,33.4875],[131.3125,33.49166666666667],[131.31875,33.49166666666667],[131.31875,33.4875],[131.3125,33.4875]]]}},{"type":"Feature","id":"44211:503112854","properties":{"id":"44211:503112854","meshCode":"503112854","cityCode":"44211","city":"宇佐市","lat":33.4895833,"lon":131.321875,"areaKm2":0.2684263,"populated2020":false,"population2020":null,"populationNote":"境界またぎ・収録外等のため自治体内人口は未集計"},"geometry":{"type":"Polygon","coordinates":[[[131.31875,33.4875],[131.31875,33.49166666666667],[131.325,33.49166666666667],[131.325,33.487500000000004],[131.31875,33.4875]]]}},{"type":"Feature","id":"44211:503112863","properties":{"id":"44211:503112863","meshCode":"503112863","cityCode":"44211","city":"宇佐市","lat":33.4895833,"lon":131.328125,"areaKm2":0.2684263,"populated2020":true,"population2020":17.1064,"populationNote":"2020年基準人口（国交省調整値）"},"geometry":{"type":"Polygon","coordinates":[[[131.325,33.487500000000004],[131.325,33.49166666666667],[131.33125,33.49166666666667],[131.33125,33.4875],[131.325,33.487500000000004]]]}},{"type":"Feature","id":"44211:503112864","properties":{"id":"44211:503112864","meshCode":"503112864","cityCode":"44211","city":"宇佐市","lat":33.4895833,"lon":131.334375,"areaKm2":0.2684263,"populated2020":true,"population2020":2.0115,"populationNote":"2020年基準人口（国交省調整値）"},"geometry":{"type":"Polygon","coordinates":[[[131.33125,33.4875],[131.33125,33.49166666666667],[131.3375,33.49166666666667],[131.3375,33.4875],[131.33125,33.4875]]]}},{"type":"Feature","id":"44211:503112873","properties":{"id":"44211:503112873","meshCode":"503112873","cityCode":"44211","city":"宇佐市","lat":33.4895833,"lon":131.340625,"areaKm2":0.2684263,"populated2020":false,"population2020":null,"populationNote":"境界またぎ・収録外等のため自治体内人口は未集計"},"geometry":{"type":"Polygon","coordinates":[[[131.3375,33.4875],[131.3375,33.49166666666667],[131.34375,33.49166666666667],[131.34375,33.48749999999999],[131.3375,33.4875]]]}},{"type":"Feature","id":"44211:503112874","properties":{"id":"44211:503112874","meshCode":"503112874","cityCode":"44211","city":"宇佐市","lat":33.4895833,"lon":131.346875,"areaKm2":0.2684263,"populated2020":false,"population2020":null,"populationNote":"境界またぎ・収録外等のため自治体内人口は未集計"},"geometry":{"type":"Polygon","coordinates":[[[131.34375,33.48749999999999],[131.34375,33.49166666666667],[131.35,33.491666666666674],[131.35,33.4875],[131.34375,33.48749999999999]]]}},{"type":"Feature","id":"44211:503112883","properties":{"id":"44211:503112883","meshCode":"503112883","cityCode":"44211","city":"宇佐市","lat":33.4895833,"lon":131.353125,"areaKm2":0.2684263,"populated2020":false,"population2020":null,"populationNote":"境界またぎ・収録外等のため自治体内人口は未集計"},"geometry":{"type":"Polygon","coordinates":[[[131.35,33.4875],[131.35,33.491666666666674],[131.35625000000002,33.49166666666667],[131.35625000000002,33.4875],[131.35,33.4875]]]}},{"type":"Feature","id":"44211:503112884","properties":{"id":"44211:503112884","meshCode":"503112884","cityCode":"44211","city":"宇佐市","lat":33.4895833,"lon":131.359375,"areaKm2":0.2684263,"populated2020":false,"population2020":null,"populationNote":"境界またぎ・収録外等のため自治体内人口は未集計"},"geometry":{"type":"Polygon","coordinates":[[[131.35625000000002,33.4875],[131.35625000000002,33.49166666666667],[131.3625,33.491666666666674],[131.3625,33.487500000000004],[131.35625000000002,33.4875]]]}},{"type":"Feature","id":"44211:503112893","properties":{"id":"44211:503112893","meshCode":"503112893","cityCode":"44211","city":"宇佐市","lat":33.4895833,"lon":131.365625,"areaKm2":0.2684263,"populated2020":false,"population2020":null,"populationNote":"境界またぎ・収録外等のため自治体内人口は未集計"},"geometry":{"type":"Polygon","coordinates":[[[131.3625,33.487500000000004],[131.3625,33.491666666666674],[131.36875,33.49166666666666],[131.36875,33.487500000000004],[131.3625,33.487500000000004]]]}},{"type":"Feature","id":"44211:503112894","properties":{"id":"44211:503112894","meshCode":"503112894","cityCode":"44211","city":"宇佐市","lat":33.4895833,"lon":131.371875,"areaKm2":0.2684263,"populated2020":false,"population2020":null,"populationNote":"境界またぎ・収録外等のため自治体内人口は未集計"},"geometry":{"type":"Polygon","coordinates":[[[131.36875,33.487500000000004],[131.36875,33.49166666666666],[131.375,33.491666666666674],[131.375,33.487500000000004],[131.36875,33.487500000000004]]]}},{"type":"Feature","id":"44211:503113803","properties":{"id":"44211:503113803","meshCode":"503113803","cityCode":"44211","city":"宇佐市","lat":33.4895833,"lon":131.378125,"areaKm2":0.2684263,"populated2020":false,"population2020":null,"populationNote":"境界またぎ・収録外等のため自治体内人口は未集計"},"geometry":{"type":"Polygon","coordinates":[[[131.375,33.487500000000004],[131.375,33.491666666666674],[131.38125,33.49166666666667],[131.38125,33.4875],[131.375,33.487500000000004]]]}},{"type":"Feature","id":"44211:503113804","properties":{"id":"44211:503113804","meshCode":"503113804","cityCode":"44211","city":"宇佐市","lat":33.4895833,"lon":131.384375,"areaKm2":0.2684263,"populated2020":false,"population2020":null,"populationNote":"境界またぎ・収録外等のため自治体内人口は未集計"},"geometry":{"type":"Polygon","coordinates":[[[131.38125,33.4875],[131.38125,33.49166666666667],[131.3875,33.491666666666674],[131.3875,33.4875],[131.38125,33.4875]]]}},{"type":"Feature","id":"44211:503113813","properties":{"id":"44211:503113813","meshCode":"503113813","cityCode":"44211","city":"宇佐市","lat":33.4895833,"lon":131.390625,"areaKm2":0.2684263,"populated2020":false,"population2020":null,"populationNote":"境界またぎ・収録外等のため自治体内人口は未集計"},"geometry":{"type":"Polygon","coordinates":[[[131.3875,33.4875],[131.3875,33.491666666666674],[131.39375,33.491666666666674],[131.39375,33.48749999999999],[131.3875,33.4875]]]}},{"type":"Feature","id":"44211:503113814","properties":{"id":"44211:503113814","meshCode":"503113814","cityCode":"44211","city":"宇佐市","lat":33.4895833,"lon":131.396875,"areaKm2":0.2684263,"populated2020":false,"population2020":null,"populationNote":"境界またぎ・収録外等のため自治体内人口は未集計"},"geometry":{"type":"Polygon","coordinates":[[[131.39375,33.48749999999999],[131.39375,33.491666666666674],[131.4,33.49166666666667],[131.4,33.4875],[131.39375,33.48749999999999]]]}},{"type":"Feature","id":"44211:503113823","properties":{"id":"44211:503113823","meshCode":"503113823","cityCode":"44211","city":"宇佐市","lat":33.4895833,"lon":131.403125,"areaKm2":0.2603693,"populated2020":false,"population2020":null,"populationNote":"境界またぎ・収録外等のため自治体内人口は未集計"},"geometry":{"type":"Polygon","coordinates":[[[131.40625,33.490416906588],[131.405622218,33.489825829],[131.405598612,33.489614721],[131.40625,33.48818714220234],[131.40625,33.48749999999999],[131.4,33.4875],[131.4,33.49166666666667],[131.40625,33.49166666666667],[131.40625,33.490416906588]]]}},{"type":"Feature","id":"44211:503113824","properties":{"id":"44211:503113824","meshCode":"503113824","cityCode":"44211","city":"宇佐市","lat":33.4906811,"lon":131.407936,"areaKm2":0.053964,"populated2020":false,"population2020":null,"populationNote":"境界またぎ・収録外等のため自治体内人口は未集計"},"geometry":{"type":"MultiPolygon","coordinates":[[[[131.41085104929817,33.49166666666667],[131.41014917,33.491555],[131.410022776,33.491430828999995],[131.40984917,33.490983891999996],[131.409189442,33.490018333],[131.409347224,33.489726387000005],[131.406585279,33.490576946],[131.406435279,33.49055833300001],[131.40625,33.490416906588],[131.40625,33.49166666666667],[131.41085104929817,33.49166666666667]]],[[[131.40626111500004,33.488159441],[131.406316394,33.48789889199999],[131.4063450499144,33.4875],[131.40625,33.48749999999999],[131.40626111500004,33.488159441]]]]}},{"type":"Feature","id":"44211:503112911","properties":{"id":"44211:503112911","meshCode":"503112911","cityCode":"44211","city":"宇佐市","lat":33.4923403,"lon":131.2686649,"areaKm2":0.0027919,"populated2020":true,"population2020":null,"populationNote":"境界またぎ・収録外等のため自治体内人口は未集計"},"geometry":{"type":"Polygon","coordinates":[[[131.268479494,33.491666667],[131.268647782,33.49219777500001],[131.268411946,33.49268249499999],[131.26875,33.493060322772386],[131.26875,33.49166666666667],[131.268479494,33.491666667]]]}},{"type":"Feature","id":"44211:503112912","properties":{"id":"44211:503112912","meshCode":"503112912","cityCode":"44211","city":"宇佐市","lat":33.49375,"lon":131.271875,"areaKm2":0.2333749,"populated2020":false,"population2020":null,"populationNote":"境界またぎ・収録外等のため自治体内人口は未集計"},"geometry":{"type":"Polygon","coordinates":[[[131.26875,33.493060322772386],[131.269608327,33.49397277500001],[131.270152218,33.494136667],[131.270378885,33.494471667],[131.270364994,33.49495749500001],[131.270582218,33.495606108000004],[131.2704576424382,33.49583333333334],[131.275,33.49583333333334],[131.275,33.491666666666674],[131.26875,33.49166666666667],[131.26875,33.493060322772386]]]}},{"type":"Feature","id":"44211:503112921","properties":{"id":"44211:503112921","meshCode":"503112921","cityCode":"44211","city":"宇佐市","lat":33.49375,"lon":131.278125,"areaKm2":0.2684137,"populated2020":true,"population2020":8.0505,"populationNote":"2020年基準人口（国交省調整値）"},"geometry":{"type":"Polygon","coordinates":[[[131.275,33.491666666666674],[131.275,33.49583333333334],[131.28125,33.49583333333334],[131.28125,33.491666666666674],[131.275,33.491666666666674]]]}},{"type":"Feature","id":"44211:503112922","properties":{"id":"44211:503112922","meshCode":"503112922","cityCode":"44211","city":"宇佐市","lat":33.49375,"lon":131.284375,"areaKm2":0.2684137,"populated2020":true,"population2020":23.1642,"populationNote":"2020年基準人口（国交省調整値）"},"geometry":{"type":"Polygon","coordinates":[[[131.28125,33.491666666666674],[131.28125,33.49583333333334],[131.2875,33.49583333333334],[131.2875,33.49166666666667],[131.28125,33.491666666666674]]]}},{"type":"Feature","id":"44211:503112931","properties":{"id":"44211:503112931","meshCode":"503112931","cityCode":"44211","city":"宇佐市","lat":33.49375,"lon":131.290625,"areaKm2":0.2684137,"populated2020":false,"population2020":null,"populationNote":"境界またぎ・収録外等のため自治体内人口は未集計"},"geometry":{"type":"Polygon","coordinates":[[[131.2875,33.49166666666667],[131.2875,33.49583333333334],[131.29375,33.49583333333333],[131.29375,33.491666666666674],[131.2875,33.49166666666667]]]}},{"type":"Feature","id":"44211:503112932","properties":{"id":"44211:503112932","meshCode":"503112932","cityCode":"44211","city":"宇佐市","lat":33.49375,"lon":131.296875,"areaKm2":0.2684137,"populated2020":false,"population2020":null,"populationNote":"境界またぎ・収録外等のため自治体内人口は未集計"},"geometry":{"type":"Polygon","coordinates":[[[131.29375,33.491666666666674],[131.29375,33.49583333333333],[131.30000000000004,33.49583333333334],[131.30000000000004,33.491666666666674],[131.29375,33.491666666666674]]]}},{"type":"Feature","id":"44211:503112941","properties":{"id":"44211:503112941","meshCode":"503112941","cityCode":"44211","city":"宇佐市","lat":33.49375,"lon":131.303125,"areaKm2":0.2684137,"populated2020":false,"population2020":null,"populationNote":"境界またぎ・収録外等のため自治体内人口は未集計"},"geometry":{"type":"Polygon","coordinates":[[[131.30000000000004,33.491666666666674],[131.30000000000004,33.49583333333334],[131.30625,33.49583333333333],[131.30625,33.49166666666667],[131.30000000000004,33.491666666666674]]]}},{"type":"Feature","id":"44211:503112942","properties":{"id":"44211:503112942","meshCode":"503112942","cityCode":"44211","city":"宇佐市","lat":33.49375,"lon":131.309375,"areaKm2":0.2684137,"populated2020":false,"population2020":null,"populationNote":"境界またぎ・収録外等のため自治体内人口は未集計"},"geometry":{"type":"Polygon","coordinates":[[[131.30625,33.49166666666667],[131.30625,33.49583333333333],[131.3125,33.49583333333333],[131.3125,33.49166666666667],[131.30625,33.49166666666667]]]}},{"type":"Feature","id":"44211:503112951","properties":{"id":"44211:503112951","meshCode":"503112951","cityCode":"44211","city":"宇佐市","lat":33.49375,"lon":131.315625,"areaKm2":0.2684137,"populated2020":false,"population2020":null,"populationNote":"境界またぎ・収録外等のため自治体内人口は未集計"},"geometry":{"type":"Polygon","coordinates":[[[131.3125,33.49166666666667],[131.3125,33.49583333333333],[131.31875,33.49583333333333],[131.31875,33.49166666666667],[131.3125,33.49166666666667]]]}},{"type":"Feature","id":"44211:503112952","properties":{"id":"44211:503112952","meshCode":"503112952","cityCode":"44211","city":"宇佐市","lat":33.49375,"lon":131.321875,"areaKm2":0.2684137,"populated2020":true,"population2020":9.0546,"populationNote":"2020年基準人口（国交省調整値）"},"geometry":{"type":"Polygon","coordinates":[[[131.31875,33.49166666666667],[131.31875,33.49583333333333],[131.325,33.49583333333334],[131.325,33.49166666666667],[131.31875,33.49166666666667]]]}},{"type":"Feature","id":"44211:503112961","properties":{"id":"44211:503112961","meshCode":"503112961","cityCode":"44211","city":"宇佐市","lat":33.49375,"lon":131.328125,"areaKm2":0.2684137,"populated2020":false,"population2020":null,"populationNote":"境界またぎ・収録外等のため自治体内人口は未集計"},"geometry":{"type":"Polygon","coordinates":[[[131.325,33.49166666666667],[131.325,33.49583333333334],[131.33125,33.49583333333334],[131.33125,33.49166666666667],[131.325,33.49166666666667]]]}},{"type":"Feature","id":"44211:503112962","properties":{"id":"44211:503112962","meshCode":"503112962","cityCode":"44211","city":"宇佐市","lat":33.49375,"lon":131.334375,"areaKm2":0.2684137,"populated2020":false,"population2020":null,"populationNote":"境界またぎ・収録外等のため自治体内人口は未集計"},"geometry":{"type":"Polygon","coordinates":[[[131.33125,33.49166666666667],[131.33125,33.49583333333334],[131.3375,33.49583333333334],[131.3375,33.49166666666667],[131.33125,33.49166666666667]]]}},{"type":"Feature","id":"44211:503112971","properties":{"id":"44211:503112971","meshCode":"503112971","cityCode":"44211","city":"宇佐市","lat":33.49375,"lon":131.340625,"areaKm2":0.2684137,"populated2020":false,"population2020":null,"populationNote":"境界またぎ・収録外等のため自治体内人口は未集計"},"geometry":{"type":"Polygon","coordinates":[[[131.3375,33.49166666666667],[131.3375,33.49583333333334],[131.34375,33.49583333333334],[131.34375,33.49166666666667],[131.3375,33.49166666666667]]]}},{"type":"Feature","id":"44211:503112972","properties":{"id":"44211:503112972","meshCode":"503112972","cityCode":"44211","city":"宇佐市","lat":33.49375,"lon":131.346875,"areaKm2":0.2684137,"populated2020":false,"population2020":null,"populationNote":"境界またぎ・収録外等のため自治体内人口は未集計"},"geometry":{"type":"Polygon","coordinates":[[[131.34375,33.49166666666667],[131.34375,33.49583333333334],[131.35,33.49583333333334],[131.35,33.491666666666674],[131.34375,33.49166666666667]]]}},{"type":"Feature","id":"44211:503112981","properties":{"id":"44211:503112981","meshCode":"503112981","cityCode":"44211","city":"宇佐市","lat":33.49375,"lon":131.353125,"areaKm2":0.2684137,"populated2020":false,"population2020":null,"populationNote":"境界またぎ・収録外等のため自治体内人口は未集計"},"geometry":{"type":"Polygon","coordinates":[[[131.35,33.491666666666674],[131.35,33.49583333333334],[131.35625000000002,33.49583333333334],[131.35625000000002,33.49166666666667],[131.35,33.491666666666674]]]}},{"type":"Feature","id":"44211:503112982","properties":{"id":"44211:503112982","meshCode":"503112982","cityCode":"44211","city":"宇佐市","lat":33.49375,"lon":131.359375,"areaKm2":0.2684137,"populated2020":false,"population2020":null,"populationNote":"境界またぎ・収録外等のため自治体内人口は未集計"},"geometry":{"type":"Polygon","coordinates":[[[131.35625000000002,33.49166666666667],[131.35625000000002,33.49583333333334],[131.3625,33.49583333333333],[131.3625,33.491666666666674],[131.35625000000002,33.49166666666667]]]}},{"type":"Feature","id":"44211:503112991","properties":{"id":"44211:503112991","meshCode":"503112991","cityCode":"44211","city":"宇佐市","lat":33.49375,"lon":131.365625,"areaKm2":0.2684137,"populated2020":false,"population2020":null,"populationNote":"境界またぎ・収録外等のため自治体内人口は未集計"},"geometry":{"type":"Polygon","coordinates":[[[131.3625,33.491666666666674],[131.3625,33.49583333333333],[131.36875,33.49583333333332],[131.36875,33.49166666666666],[131.3625,33.491666666666674]]]}},{"type":"Feature","id":"44211:503112992","properties":{"id":"44211:503112992","meshCode":"503112992","cityCode":"44211","city":"宇佐市","lat":33.49375,"lon":131.371875,"areaKm2":0.2684137,"populated2020":false,"population2020":null,"populationNote":"境界またぎ・収録外等のため自治体内人口は未集計"},"geometry":{"type":"Polygon","coordinates":[[[131.36875,33.49166666666666],[131.36875,33.49583333333332],[131.375,33.49583333333334],[131.375,33.491666666666674],[131.36875,33.49166666666666]]]}},{"type":"Feature","id":"44211:503113901","properties":{"id":"44211:503113901","meshCode":"503113901","cityCode":"44211","city":"宇佐市","lat":33.49375,"lon":131.378125,"areaKm2":0.2684137,"populated2020":true,"population2020":14.0902,"populationNote":"2020年基準人口（国交省調整値）"},"geometry":{"type":"Polygon","coordinates":[[[131.375,33.491666666666674],[131.375,33.49583333333334],[131.38125,33.49583333333333],[131.38125,33.49166666666667],[131.375,33.491666666666674]]]}},{"type":"Feature","id":"44211:503113902","properties":{"id":"44211:503113902","meshCode":"503113902","cityCode":"44211","city":"宇佐市","lat":33.49375,"lon":131.384375,"areaKm2":0.2684137,"populated2020":false,"population2020":null,"populationNote":"境界またぎ・収録外等のため自治体内人口は未集計"},"geometry":{"type":"Polygon","coordinates":[[[131.38125,33.49166666666667],[131.38125,33.49583333333333],[131.3875,33.49583333333333],[131.3875,33.491666666666674],[131.38125,33.49166666666667]]]}},{"type":"Feature","id":"44211:503113911","properties":{"id":"44211:503113911","meshCode":"503113911","cityCode":"44211","city":"宇佐市","lat":33.49375,"lon":131.390625,"areaKm2":0.2684137,"populated2020":false,"population2020":null,"populationNote":"境界またぎ・収録外等のため自治体内人口は未集計"},"geometry":{"type":"Polygon","coordinates":[[[131.3875,33.491666666666674],[131.3875,33.49583333333333],[131.39375,33.49583333333334],[131.39375,33.491666666666674],[131.3875,33.491666666666674]]]}},{"type":"Feature","id":"44211:503113912","properties":{"id":"44211:503113912","meshCode":"503113912","cityCode":"44211","city":"宇佐市","lat":33.49375,"lon":131.396875,"areaKm2":0.2684137,"populated2020":false,"population2020":null,"populationNote":"境界またぎ・収録外等のため自治体内人口は未集計"},"geometry":{"type":"Polygon","coordinates":[[[131.39375,33.491666666666674],[131.39375,33.49583333333334],[131.4,33.49583333333333],[131.4,33.49166666666667],[131.39375,33.491666666666674]]]}},{"type":"Feature","id":"44211:503113921","properties":{"id":"44211:503113921","meshCode":"503113921","cityCode":"44211","city":"宇佐市","lat":33.49375,"lon":131.403125,"areaKm2":0.2684137,"populated2020":false,"population2020":null,"populationNote":"境界またぎ・収録外等のため自治体内人口は未集計"},"geometry":{"type":"Polygon","coordinates":[[[131.4,33.49166666666667],[131.4,33.49583333333333],[131.40625,33.49583333333333],[131.40625,33.49166666666667],[131.4,33.49166666666667]]]}},{"type":"Feature","id":"44211:503113922","properties":{"id":"44211:503113922","meshCode":"503113922","cityCode":"44211","city":"宇佐市","lat":33.49375,"lon":131.409375,"areaKm2":0.2288753,"populated2020":false,"population2020":null,"populationNote":"境界またぎ・収録外等のため自治体内人口は未集計"},"geometry":{"type":"Polygon","coordinates":[[[131.411553891,33.49582],[131.411869442,33.49483944100001],[131.411908885,33.494305559],[131.411822218,33.493688613],[131.41120639400003,33.492844721],[131.41120639400003,33.49260249500001],[131.411364163,33.49216333300001],[131.411253891,33.49195222499999],[131.410946109,33.491685279],[131.40625,33.49166666666667],[131.40625,33.49583333333333],[131.411553891,33.49582]]]}},{"type":"Feature","id":"44211:503112914","properties":{"id":"44211:503112914","meshCode":"503112914","cityCode":"44211","city":"宇佐市","lat":33.4979193,"lon":131.2736002,"areaKm2":0.1326306,"populated2020":false,"population2020":null,"populationNote":"境界またぎ・収録外等のため自治体内人口は未集計"},"geometry":{"type":"Polygon","coordinates":[[[131.2704576424382,33.49583333333334],[131.270346667,33.496148054],[131.27040083,33.49627638700001],[131.271062776,33.496646946],[131.271434449,33.497089162],[131.271624721,33.497459441],[131.272096109,33.49780889200001],[131.273120272,33.498985000000005],[131.273111115,33.49910610800001],[131.272458327,33.499583892],[131.272320078,33.49999999999999],[131.275,33.49999999999999],[131.275,33.49583333333334],[131.2704576424382,33.49583333333334]]]}},{"type":"Feature","id":"44211:503112923","properties":{"id":"44211:503112923","meshCode":"503112923","cityCode":"44211","city":"宇佐市","lat":33.4979167,"lon":131.278125,"areaKm2":0.268401,"populated2020":false,"population2020":null,"populationNote":"境界またぎ・収録外等のため自治体内人口は未集計"},"geometry":{"type":"Polygon","coordinates":[[[131.275,33.49583333333334],[131.275,33.49999999999999],[131.28125,33.49999999999999],[131.28125,33.49583333333334],[131.275,33.49583333333334]]]}},{"type":"Feature","id":"44211:503112924","properties":{"id":"44211:503112924","meshCode":"503112924","cityCode":"44211","city":"宇佐市","lat":33.4979167,"lon":131.284375,"areaKm2":0.268401,"populated2020":true,"population2020":2.0079,"populationNote":"2020年基準人口（国交省調整値）"},"geometry":{"type":"Polygon","coordinates":[[[131.28125,33.49583333333334],[131.28125,33.49999999999999],[131.2875,33.5],[131.2875,33.49583333333334],[131.28125,33.49583333333334]]]}},{"type":"Feature","id":"44211:503112933","properties":{"id":"44211:503112933","meshCode":"503112933","cityCode":"44211","city":"宇佐市","lat":33.4979167,"lon":131.290625,"areaKm2":0.268401,"populated2020":true,"population2020":14.0979,"populationNote":"2020年基準人口（国交省調整値）"},"geometry":{"type":"Polygon","coordinates":[[[131.2875,33.49583333333334],[131.2875,33.5],[131.29375,33.5],[131.29375,33.49583333333333],[131.2875,33.49583333333334]]]}},{"type":"Feature","id":"44211:503112934","properties":{"id":"44211:503112934","meshCode":"503112934","cityCode":"44211","city":"宇佐市","lat":33.4979167,"lon":131.296875,"areaKm2":0.268401,"populated2020":false,"population2020":null,"populationNote":"境界またぎ・収録外等のため自治体内人口は未集計"},"geometry":{"type":"Polygon","coordinates":[[[131.29375,33.49583333333333],[131.29375,33.5],[131.30000000000004,33.5],[131.30000000000004,33.49583333333334],[131.29375,33.49583333333333]]]}},{"type":"Feature","id":"44211:503112943","properties":{"id":"44211:503112943","meshCode":"503112943","cityCode":"44211","city":"宇佐市","lat":33.4979167,"lon":131.303125,"areaKm2":0.268401,"populated2020":false,"population2020":null,"populationNote":"境界またぎ・収録外等のため自治体内人口は未集計"},"geometry":{"type":"Polygon","coordinates":[[[131.30000000000004,33.49583333333334],[131.30000000000004,33.5],[131.30625,33.5],[131.30625,33.49583333333333],[131.30000000000004,33.49583333333334]]]}},{"type":"Feature","id":"44211:503112944","properties":{"id":"44211:503112944","meshCode":"503112944","cityCode":"44211","city":"宇佐市","lat":33.4979167,"lon":131.309375,"areaKm2":0.268401,"populated2020":false,"population2020":null,"populationNote":"境界またぎ・収録外等のため自治体内人口は未集計"},"geometry":{"type":"Polygon","coordinates":[[[131.30625,33.49583333333333],[131.30625,33.5],[131.3125,33.5],[131.3125,33.49583333333333],[131.30625,33.49583333333333]]]}},{"type":"Feature","id":"44211:503112953","properties":{"id":"44211:503112953","meshCode":"503112953","cityCode":"44211","city":"宇佐市","lat":33.4979167,"lon":131.315625,"areaKm2":0.268401,"populated2020":true,"population2020":4.0412,"populationNote":"2020年基準人口（国交省調整値）"},"geometry":{"type":"Polygon","coordinates":[[[131.3125,33.49583333333333],[131.3125,33.5],[131.31875,33.5],[131.31875,33.49583333333333],[131.3125,33.49583333333333]]]}},{"type":"Feature","id":"44211:503112954","properties":{"id":"44211:503112954","meshCode":"503112954","cityCode":"44211","city":"宇佐市","lat":33.4979167,"lon":131.321875,"areaKm2":0.268401,"populated2020":true,"population2020":35.201,"populationNote":"2020年基準人口（国交省調整値）"},"geometry":{"type":"Polygon","coordinates":[[[131.31875,33.49583333333333],[131.31875,33.5],[131.325,33.5],[131.325,33.49583333333334],[131.31875,33.49583333333333]]]}},{"type":"Feature","id":"44211:503112963","properties":{"id":"44211:503112963","meshCode":"503112963","cityCode":"44211","city":"宇佐市","lat":33.4979167,"lon":131.328125,"areaKm2":0.268401,"populated2020":true,"population2020":21.1495,"populationNote":"2020年基準人口（国交省調整値）"},"geometry":{"type":"Polygon","coordinates":[[[131.325,33.49583333333334],[131.325,33.5],[131.33125,33.5],[131.33125,33.49583333333334],[131.325,33.49583333333334]]]}},{"type":"Feature","id":"44211:503112964","properties":{"id":"44211:503112964","meshCode":"503112964","cityCode":"44211","city":"宇佐市","lat":33.4979167,"lon":131.334375,"areaKm2":0.268401,"populated2020":false,"population2020":null,"populationNote":"境界またぎ・収録外等のため自治体内人口は未集計"},"geometry":{"type":"Polygon","coordinates":[[[131.33125,33.49583333333334],[131.33125,33.5],[131.3375,33.5],[131.3375,33.49583333333334],[131.33125,33.49583333333334]]]}},{"type":"Feature","id":"44211:503112973","properties":{"id":"44211:503112973","meshCode":"503112973","cityCode":"44211","city":"宇佐市","lat":33.4979167,"lon":131.340625,"areaKm2":0.268401,"populated2020":false,"population2020":null,"populationNote":"境界またぎ・収録外等のため自治体内人口は未集計"},"geometry":{"type":"Polygon","coordinates":[[[131.3375,33.49583333333334],[131.3375,33.5],[131.34375,33.50000000000001],[131.34375,33.49583333333334],[131.3375,33.49583333333334]]]}},{"type":"Feature","id":"44211:503112974","properties":{"id":"44211:503112974","meshCode":"503112974","cityCode":"44211","city":"宇佐市","lat":33.4979167,"lon":131.346875,"areaKm2":0.268401,"populated2020":false,"population2020":null,"populationNote":"境界またぎ・収録外等のため自治体内人口は未集計"},"geometry":{"type":"Polygon","coordinates":[[[131.34375,33.49583333333334],[131.34375,33.50000000000001],[131.35,33.5],[131.35,33.49583333333334],[131.34375,33.49583333333334]]]}},{"type":"Feature","id":"44211:503112983","properties":{"id":"44211:503112983","meshCode":"503112983","cityCode":"44211","city":"宇佐市","lat":33.4979167,"lon":131.353125,"areaKm2":0.268401,"populated2020":false,"population2020":null,"populationNote":"境界またぎ・収録外等のため自治体内人口は未集計"},"geometry":{"type":"Polygon","coordinates":[[[131.35,33.49583333333334],[131.35,33.5],[131.35625000000002,33.5],[131.35625000000002,33.49583333333334],[131.35,33.49583333333334]]]}},{"type":"Feature","id":"44211:503112984","properties":{"id":"44211:503112984","meshCode":"503112984","cityCode":"44211","city":"宇佐市","lat":33.4979167,"lon":131.359375,"areaKm2":0.268401,"populated2020":true,"population2020":18.0892,"populationNote":"2020年基準人口（国交省調整値）"},"geometry":{"type":"Polygon","coordinates":[[[131.35625000000002,33.49583333333334],[131.35625000000002,33.5],[131.3625,33.5],[131.3625,33.49583333333333],[131.35625000000002,33.49583333333334]]]}},{"type":"Feature","id":"44211:503112993","properties":{"id":"44211:503112993","meshCode":"503112993","cityCode":"44211","city":"宇佐市","lat":33.4979167,"lon":131.365625,"areaKm2":0.268401,"populated2020":true,"population2020":30.1823,"populationNote":"2020年基準人口（国交省調整値）"},"geometry":{"type":"Polygon","coordinates":[[[131.3625,33.49583333333333],[131.3625,33.5],[131.36875,33.49999999999999],[131.36875,33.49583333333332],[131.3625,33.49583333333333]]]}},{"type":"Feature","id":"44211:503112994","properties":{"id":"44211:503112994","meshCode":"503112994","cityCode":"44211","city":"宇佐市","lat":33.4979167,"lon":131.371875,"areaKm2":0.268401,"populated2020":false,"population2020":null,"populationNote":"境界またぎ・収録外等のため自治体内人口は未集計"},"geometry":{"type":"Polygon","coordinates":[[[131.36875,33.49583333333332],[131.36875,33.49999999999999],[131.375,33.5],[131.375,33.49583333333334],[131.36875,33.49583333333332]]]}},{"type":"Feature","id":"44211:503113903","properties":{"id":"44211:503113903","meshCode":"503113903","cityCode":"44211","city":"宇佐市","lat":33.4979167,"lon":131.378125,"areaKm2":0.268401,"populated2020":true,"population2020":35.2358,"populationNote":"2020年基準人口（国交省調整値）"},"geometry":{"type":"Polygon","coordinates":[[[131.375,33.49583333333334],[131.375,33.5],[131.38125,33.5],[131.38125,33.49583333333333],[131.375,33.49583333333334]]]}},{"type":"Feature","id":"44211:503113904","properties":{"id":"44211:503113904","meshCode":"503113904","cityCode":"44211","city":"宇佐市","lat":33.4979167,"lon":131.384375,"areaKm2":0.268401,"populated2020":true,"population2020":6.0392,"populationNote":"2020年基準人口（国交省調整値）"},"geometry":{"type":"Polygon","coordinates":[[[131.38125,33.49583333333333],[131.38125,33.5],[131.3875,33.49999999999999],[131.3875,33.49583333333333],[131.38125,33.49583333333333]]]}},{"type":"Feature","id":"44211:503113913","properties":{"id":"44211:503113913","meshCode":"503113913","cityCode":"44211","city":"宇佐市","lat":33.4979167,"lon":131.390625,"areaKm2":0.268401,"populated2020":false,"population2020":null,"populationNote":"境界またぎ・収録外等のため自治体内人口は未集計"},"geometry":{"type":"Polygon","coordinates":[[[131.3875,33.49583333333333],[131.3875,33.49999999999999],[131.39375,33.5],[131.39375,33.49583333333334],[131.3875,33.49583333333333]]]}},{"type":"Feature","id":"44211:503113914","properties":{"id":"44211:503113914","meshCode":"503113914","cityCode":"44211","city":"宇佐市","lat":33.4979167,"lon":131.396875,"areaKm2":0.268401,"populated2020":false,"population2020":null,"populationNote":"境界またぎ・収録外等のため自治体内人口は未集計"},"geometry":{"type":"Polygon","coordinates":[[[131.39375,33.49583333333334],[131.39375,33.5],[131.4,33.5],[131.4,33.49583333333333],[131.39375,33.49583333333334]]]}},{"type":"Feature","id":"44211:503113923","properties":{"id":"44211:503113923","meshCode":"503113923","cityCode":"44211","city":"宇佐市","lat":33.4979167,"lon":131.403125,"areaKm2":0.268401,"populated2020":false,"population2020":null,"populationNote":"境界またぎ・収録外等のため自治体内人口は未集計"},"geometry":{"type":"Polygon","coordinates":[[[131.4,33.49583333333333],[131.4,33.5],[131.40625,33.5],[131.40625,33.49583333333333],[131.4,33.49583333333333]]]}},{"type":"Feature","id":"44211:503113924","properties":{"id":"44211:503113924","meshCode":"503113924","cityCode":"44211","city":"宇佐市","lat":33.4979167,"lon":131.409375,"areaKm2":0.2555639,"populated2020":false,"population2020":null,"populationNote":"境界またぎ・収録外等のため自治体内人口は未集計"},"geometry":{"type":"Polygon","coordinates":[[[131.412489442,33.49736305399999],[131.412039728,33.49728861300001],[131.411668612,33.497040279],[131.41155492579946,33.49583333333333],[131.40625,33.49583333333333],[131.40625,33.5],[131.4125,33.5],[131.412489442,33.49736305399999]]]}},{"type":"Feature","id":"44211:503113933","properties":{"id":"44211:503113933","meshCode":"503113933","cityCode":"44211","city":"宇佐市","lat":33.4987042,"lon":131.4149909,"areaKm2":0.120099,"populated2020":false,"population2020":null,"populationNote":"境界またぎ・収録外等のため自治体内人口は未集計"},"geometry":{"type":"Polygon","coordinates":[[[131.41875,33.49939345200176],[131.417773891,33.498812775],[131.416403606,33.49827555899999],[131.413933606,33.497561667],[131.4125,33.49736464701698],[131.4125,33.5],[131.41875,33.49999999999999],[131.41875,33.49939345200176]]]}},{"type":"Feature","id":"44211:503113934","properties":{"id":"44211:503113934","meshCode":"503113934","cityCode":"44211","city":"宇佐市","lat":33.4995917,"lon":131.4188893,"areaKm2":0.0026466,"populated2020":false,"population2020":null,"populationNote":"境界またぎ・収録外等のため自治体内人口は未集計"},"geometry":{"type":"Polygon","coordinates":[[[131.419571336,33.5],[131.41887083,33.499476946],[131.41875,33.49939345200176],[131.41875,33.49999999999999],[131.419571336,33.5]]]}},{"type":"Feature","id":"44211:503113944","properties":{"id":"44211:503113944","meshCode":"503113944","cityCode":"44211","city":"宇佐市","lat":33.4991992,"lon":131.4370754,"areaKm2":0.0148916,"populated2020":true,"population2020":null,"populationNote":"境界またぎ・収録外等のため自治体内人口は未集計"},"geometry":{"type":"Polygon","coordinates":[[[131.4375,33.498432004749674],[131.436867497,33.498401667],[131.436530506,33.499495721],[131.436143022,33.50000000000001],[131.4375,33.5],[131.4375,33.498432004749674]]]}},{"type":"Feature","id":"44211:503113953","properties":{"id":"44211:503113953","meshCode":"503113953","cityCode":"44211","city":"宇佐市","lat":33.4993499,"lon":131.4379976,"areaKm2":0.0148173,"populated2020":true,"population2020":null,"populationNote":"境界またぎ・収録外等のため自治体内人口は未集計"},"geometry":{"type":"Polygon","coordinates":[[[131.438409196,33.49999999999999],[131.438546394,33.498843892000004],[131.438174137,33.498563],[131.4375,33.498432004749674],[131.4375,33.5],[131.438409196,33.49999999999999]]]}},{"type":"Feature","id":"44211:503122012","properties":{"id":"44211:503122012","meshCode":"503122012","cityCode":"44211","city":"宇佐市","lat":33.5020833,"lon":131.271875,"areaKm2":0.1881385,"populated2020":false,"population2020":null,"populationNote":"境界またぎ・収録外等のため自治体内人口は未集計"},"geometry":{"type":"Polygon","coordinates":[[[131.272320078,33.49999999999999],[131.27209805400003,33.50035527900013],[131.27157221800007,33.500640558999976],[131.27098333300012,33.50152444100007],[131.270448612,33.501945],[131.270176667,33.502386946000115],[131.27012221799998,33.50280027899993],[131.26989499400008,33.503316667000036],[131.26941499400016,33.50379722500003],[131.2693312009562,33.50416666666667],[131.275,33.50416666666667],[131.275,33.49999999999999],[131.272320078,33.49999999999999]]]}},{"type":"Feature","id":"44211:503122021","properties":{"id":"44211:503122021","meshCode":"503122021","cityCode":"44211","city":"宇佐市","lat":33.5020833,"lon":131.278125,"areaKm2":0.2683883,"populated2020":false,"population2020":null,"populationNote":"境界またぎ・収録外等のため自治体内人口は未集計"},"geometry":{"type":"Polygon","coordinates":[[[131.275,33.49999999999999],[131.275,33.50416666666667],[131.28125,33.50416666666668],[131.28125,33.49999999999999],[131.275,33.49999999999999]]]}},{"type":"Feature","id":"44211:503122022","properties":{"id":"44211:503122022","meshCode":"503122022","cityCode":"44211","city":"宇佐市","lat":33.5020833,"lon":131.284375,"areaKm2":0.2683883,"populated2020":false,"population2020":null,"populationNote":"境界またぎ・収録外等のため自治体内人口は未集計"},"geometry":{"type":"Polygon","coordinates":[[[131.28125,33.49999999999999],[131.28125,33.50416666666668],[131.2875,33.50416666666667],[131.2875,33.5],[131.28125,33.49999999999999]]]}},{"type":"Feature","id":"44211:503122031","properties":{"id":"44211:503122031","meshCode":"503122031","cityCode":"44211","city":"宇佐市","lat":33.5020833,"lon":131.290625,"areaKm2":0.2683883,"populated2020":true,"population2020":18.1214,"populationNote":"2020年基準人口（国交省調整値）"},"geometry":{"type":"Polygon","coordinates":[[[131.2875,33.5],[131.2875,33.50416666666667],[131.29375,33.50416666666667],[131.29375,33.5],[131.2875,33.5]]]}},{"type":"Feature","id":"44211:503122032","properties":{"id":"44211:503122032","meshCode":"503122032","cityCode":"44211","city":"宇佐市","lat":33.5020833,"lon":131.296875,"areaKm2":0.2683883,"populated2020":true,"population2020":27.1691,"populationNote":"2020年基準人口（国交省調整値）"},"geometry":{"type":"Polygon","coordinates":[[[131.29375,33.5],[131.29375,33.50416666666667],[131.30000000000004,33.50416666666667],[131.30000000000004,33.5],[131.29375,33.5]]]}},{"type":"Feature","id":"44211:503122041","properties":{"id":"44211:503122041","meshCode":"503122041","cityCode":"44211","city":"宇佐市","lat":33.5020833,"lon":131.303125,"areaKm2":0.2683883,"populated2020":false,"population2020":null,"populationNote":"境界またぎ・収録外等のため自治体内人口は未集計"},"geometry":{"type":"Polygon","coordinates":[[[131.30000000000004,33.5],[131.30000000000004,33.50416666666667],[131.30625,33.50416666666667],[131.30625,33.5],[131.30000000000004,33.5]]]}},{"type":"Feature","id":"44211:503122042","properties":{"id":"44211:503122042","meshCode":"503122042","cityCode":"44211","city":"宇佐市","lat":33.5020833,"lon":131.309375,"areaKm2":0.2683883,"populated2020":false,"population2020":null,"populationNote":"境界またぎ・収録外等のため自治体内人口は未集計"},"geometry":{"type":"Polygon","coordinates":[[[131.30625,33.5],[131.30625,33.50416666666667],[131.3125,33.50416666666667],[131.3125,33.5],[131.30625,33.5]]]}},{"type":"Feature","id":"44211:503122051","properties":{"id":"44211:503122051","meshCode":"503122051","cityCode":"44211","city":"宇佐市","lat":33.5020833,"lon":131.315625,"areaKm2":0.2683883,"populated2020":true,"population2020":48.1717,"populationNote":"2020年基準人口（国交省調整値）"},"geometry":{"type":"Polygon","coordinates":[[[131.3125,33.5],[131.3125,33.50416666666667],[131.31875,33.50416666666668],[131.31875,33.5],[131.3125,33.5]]]}},{"type":"Feature","id":"44211:503122052","properties":{"id":"44211:503122052","meshCode":"503122052","cityCode":"44211","city":"宇佐市","lat":33.5020833,"lon":131.321875,"areaKm2":0.2683883,"populated2020":true,"population2020":28.1591,"populationNote":"2020年基準人口（国交省調整値）"},"geometry":{"type":"Polygon","coordinates":[[[131.31875,33.5],[131.31875,33.50416666666668],[131.325,33.50416666666668],[131.325,33.5],[131.31875,33.5]]]}},{"type":"Feature","id":"44211:503122061","properties":{"id":"44211:503122061","meshCode":"503122061","cityCode":"44211","city":"宇佐市","lat":33.5020833,"lon":131.328125,"areaKm2":0.2683883,"populated2020":true,"population2020":33.1873,"populationNote":"2020年基準人口（国交省調整値）"},"geometry":{"type":"Polygon","coordinates":[[[131.325,33.5],[131.325,33.50416666666668],[131.33125,33.50416666666667],[131.33125,33.5],[131.325,33.5]]]}},{"type":"Feature","id":"44211:503122062","properties":{"id":"44211:503122062","meshCode":"503122062","cityCode":"44211","city":"宇佐市","lat":33.5020833,"lon":131.334375,"areaKm2":0.2683883,"populated2020":false,"population2020":null,"populationNote":"境界またぎ・収録外等のため自治体内人口は未集計"},"geometry":{"type":"Polygon","coordinates":[[[131.33125,33.5],[131.33125,33.50416666666667],[131.3375,33.50416666666667],[131.3375,33.5],[131.33125,33.5]]]}},{"type":"Feature","id":"44211:503122071","properties":{"id":"44211:503122071","meshCode":"503122071","cityCode":"44211","city":"宇佐市","lat":33.5020833,"lon":131.340625,"areaKm2":0.2683883,"populated2020":true,"population2020":21.1397,"populationNote":"2020年基準人口（国交省調整値）"},"geometry":{"type":"Polygon","coordinates":[[[131.3375,33.5],[131.3375,33.50416666666667],[131.34375,33.50416666666667],[131.34375,33.50000000000001],[131.3375,33.5]]]}},{"type":"Feature","id":"44211:503122072","properties":{"id":"44211:503122072","meshCode":"503122072","cityCode":"44211","city":"宇佐市","lat":33.5020833,"lon":131.346875,"areaKm2":0.2683883,"populated2020":false,"population2020":null,"populationNote":"境界またぎ・収録外等のため自治体内人口は未集計"},"geometry":{"type":"Polygon","coordinates":[[[131.34375,33.50000000000001],[131.34375,33.50416666666667],[131.35,33.50416666666666],[131.35,33.5],[131.34375,33.50000000000001]]]}},{"type":"Feature","id":"44211:503122081","properties":{"id":"44211:503122081","meshCode":"503122081","cityCode":"44211","city":"宇佐市","lat":33.5020833,"lon":131.353125,"areaKm2":0.2683883,"populated2020":false,"population2020":null,"populationNote":"境界またぎ・収録外等のため自治体内人口は未集計"},"geometry":{"type":"Polygon","coordinates":[[[131.35,33.5],[131.35,33.50416666666666],[131.35625000000002,33.50416666666667],[131.35625000000002,33.5],[131.35,33.5]]]}},{"type":"Feature","id":"44211:503122082","properties":{"id":"44211:503122082","meshCode":"503122082","cityCode":"44211","city":"宇佐市","lat":33.5020833,"lon":131.359375,"areaKm2":0.2683883,"populated2020":true,"population2020":26.1255,"populationNote":"2020年基準人口（国交省調整値）"},"geometry":{"type":"Polygon","coordinates":[[[131.35625000000002,33.5],[131.35625000000002,33.50416666666667],[131.3625,33.50416666666667],[131.3625,33.5],[131.35625000000002,33.5]]]}},{"type":"Feature","id":"44211:503122091","properties":{"id":"44211:503122091","meshCode":"503122091","cityCode":"44211","city":"宇佐市","lat":33.5020833,"lon":131.365625,"areaKm2":0.2683883,"populated2020":true,"population2020":56.4597,"populationNote":"2020年基準人口（国交省調整値）"},"geometry":{"type":"Polygon","coordinates":[[[131.3625,33.5],[131.3625,33.50416666666667],[131.36875,33.50416666666666],[131.36875,33.49999999999999],[131.3625,33.5]]]}},{"type":"Feature","id":"44211:503122092","properties":{"id":"44211:503122092","meshCode":"503122092","cityCode":"44211","city":"宇佐市","lat":33.5020833,"lon":131.371875,"areaKm2":0.2683883,"populated2020":true,"population2020":43.3337,"populationNote":"2020年基準人口（国交省調整値）"},"geometry":{"type":"Polygon","coordinates":[[[131.36875,33.49999999999999],[131.36875,33.50416666666666],[131.375,33.50416666666668],[131.375,33.5],[131.36875,33.49999999999999]]]}},{"type":"Feature","id":"44211:503123001","properties":{"id":"44211:503123001","meshCode":"503123001","cityCode":"44211","city":"宇佐市","lat":33.5020833,"lon":131.378125,"areaKm2":0.2683883,"populated2020":true,"population2020":19.1575,"populationNote":"2020年基準人口（国交省調整値）"},"geometry":{"type":"Polygon","coordinates":[[[131.375,33.5],[131.375,33.50416666666668],[131.38125,33.50416666666667],[131.38125,33.5],[131.375,33.5]]]}},{"type":"Feature","id":"44211:503123002","properties":{"id":"44211:503123002","meshCode":"503123002","cityCode":"44211","city":"宇佐市","lat":33.5020833,"lon":131.384375,"areaKm2":0.2683883,"populated2020":false,"population2020":null,"populationNote":"境界またぎ・収録外等のため自治体内人口は未集計"},"geometry":{"type":"Polygon","coordinates":[[[131.38125,33.5],[131.38125,33.50416666666667],[131.3875,33.50416666666666],[131.3875,33.49999999999999],[131.38125,33.5]]]}},{"type":"Feature","id":"44211:503123011","properties":{"id":"44211:503123011","meshCode":"503123011","cityCode":"44211","city":"宇佐市","lat":33.5020833,"lon":131.390625,"areaKm2":0.2683883,"populated2020":false,"population2020":null,"populationNote":"境界またぎ・収録外等のため自治体内人口は未集計"},"geometry":{"type":"Polygon","coordinates":[[[131.3875,33.49999999999999],[131.3875,33.50416666666666],[131.39375,33.50416666666667],[131.39375,33.5],[131.3875,33.49999999999999]]]}},{"type":"Feature","id":"44211:503123012","properties":{"id":"44211:503123012","meshCode":"503123012","cityCode":"44211","city":"宇佐市","lat":33.5020833,"lon":131.396875,"areaKm2":0.2683883,"populated2020":false,"population2020":null,"populationNote":"境界またぎ・収録外等のため自治体内人口は未集計"},"geometry":{"type":"Polygon","coordinates":[[[131.39375,33.5],[131.39375,33.50416666666667],[131.4,33.50416666666667],[131.4,33.5],[131.39375,33.5]]]}},{"type":"Feature","id":"44211:503123021","properties":{"id":"44211:503123021","meshCode":"503123021","cityCode":"44211","city":"宇佐市","lat":33.5020833,"lon":131.403125,"areaKm2":0.2683883,"populated2020":false,"population2020":null,"populationNote":"境界またぎ・収録外等のため自治体内人口は未集計"},"geometry":{"type":"Polygon","coordinates":[[[131.4,33.5],[131.4,33.50416666666667],[131.40625,33.50416666666667],[131.40625,33.5],[131.4,33.5]]]}},{"type":"Feature","id":"44211:503123022","properties":{"id":"44211:503123022","meshCode":"503123022","cityCode":"44211","city":"宇佐市","lat":33.5020833,"lon":131.409375,"areaKm2":0.2683883,"populated2020":false,"population2020":null,"populationNote":"境界またぎ・収録外等のため自治体内人口は未集計"},"geometry":{"type":"Polygon","coordinates":[[[131.40625,33.5],[131.40625,33.50416666666667],[131.4125,33.50416666666666],[131.4125,33.5],[131.40625,33.5]]]}},{"type":"Feature","id":"44211:503123031","properties":{"id":"44211:503123031","meshCode":"503123031","cityCode":"44211","city":"宇佐市","lat":33.5020833,"lon":131.415625,"areaKm2":0.2683883,"populated2020":false,"population2020":null,"populationNote":"境界またぎ・収録外等のため自治体内人口は未集計"},"geometry":{"type":"Polygon","coordinates":[[[131.4125,33.5],[131.4125,33.50416666666666],[131.41875,33.50416666666667],[131.41875,33.49999999999999],[131.4125,33.5]]]}},{"type":"Feature","id":"44211:503123032","properties":{"id":"44211:503123032","meshCode":"503123032","cityCode":"44211","city":"宇佐市","lat":33.5020836,"lon":131.4197601,"areaKm2":0.0872523,"populated2020":false,"population2020":null,"populationNote":"境界またぎ・収録外等のため自治体内人口は未集計"},"geometry":{"type":"Polygon","coordinates":[[[131.421861115,33.50415333299999],[131.421014994,33.50267027899999],[131.420170558,33.500696667],[131.419571336,33.5],[131.41875,33.49999999999999],[131.41875,33.50416666666667],[131.421861115,33.50415333299999]]]}},{"type":"Feature","id":"44211:503123041","properties":{"id":"44211:503123041","meshCode":"503123041","cityCode":"44211","city":"宇佐市","lat":33.5034549,"lon":131.4300985,"areaKm2":0.0315357,"populated2020":true,"population2020":null,"populationNote":"境界またぎ・収録外等のため自治体内人口は未集計"},"geometry":{"type":"Polygon","coordinates":[[[131.43125,33.50256126016878],[131.43026,33.50299055899999],[131.429124994,33.503320279],[131.42841083,33.503860559],[131.4275696044611,33.50416666666666],[131.43125,33.50416666666667],[131.43125,33.50256126016878]]]}},{"type":"Feature","id":"44211:503123042","properties":{"id":"44211:503123042","meshCode":"503123042","cityCode":"44211","city":"宇佐市","lat":33.5020833,"lon":131.434375,"areaKm2":0.1845075,"populated2020":true,"population2020":null,"populationNote":"境界またぎ・収録外等のため自治体内人口は未集計"},"geometry":{"type":"Polygon","coordinates":[[[131.437480272,33.503436386999994],[131.437386109,33.503175829],[131.437377497,33.50263972100001],[131.4375,33.50230287018537],[131.4375,33.5],[131.436143022,33.50000000000001],[131.434960558,33.50115277500001],[131.434184994,33.501775829],[131.43399917,33.50185582900001],[131.433283333,33.501922775000004],[131.43125,33.50256126016878],[131.43125,33.50416666666667],[131.4375,33.50416666666667],[131.437480272,33.503436386999994]]]}},{"type":"Feature","id":"44211:503123051","properties":{"id":"44211:503123051","meshCode":"503123051","cityCode":"44211","city":"宇佐市","lat":33.5011799,"lon":131.4378053,"areaKm2":0.0164551,"populated2020":true,"population2020":null,"populationNote":"境界またぎ・収録外等のため自治体内人口は未集計"},"geometry":{"type":"MultiPolygon","coordinates":[[[[131.438223333,33.504134441],[131.438178327,33.50394416200001],[131.437734163,33.503721387],[131.4375,33.5034714822335],[131.4375,33.50416666666667],[131.438223333,33.504134441]]],[[[131.437505279,33.502291108],[131.437539442,33.501908892],[131.438553606,33.500490559],[131.438409196,33.49999999999999],[131.4375,33.5],[131.437505279,33.502291108]]]]}},{"type":"Feature","id":"44211:503122013","properties":{"id":"44211:503122013","meshCode":"503122013","cityCode":"44211","city":"宇佐市","lat":33.5069288,"lon":131.2681283,"areaKm2":0.0374345,"populated2020":true,"population2020":null,"populationNote":"境界またぎ・収録外等のため自治体内人口は未集計"},"geometry":{"type":"Polygon","coordinates":[[[131.2684411150001,33.505858333],[131.26826194599994,33.50580944100005],[131.26779444900012,33.50620722500008],[131.26758444900008,33.506530829000056],[131.26754555100013,33.50685527900009],[131.26724221799998,33.50744722500002],[131.26659555100002,33.50787555900013],[131.26667741910774,33.508333333333326],[131.26875,33.50833333333334],[131.26875,33.50547835802402],[131.2684411150001,33.505858333]]]}},{"type":"Feature","id":"44211:503122014","properties":{"id":"44211:503122014","meshCode":"503122014","cityCode":"44211","city":"宇佐市","lat":33.50625,"lon":131.271875,"areaKm2":0.2655662,"populated2020":false,"population2020":null,"populationNote":"境界またぎ・収録外等のため自治体内人口は未集計"},"geometry":{"type":"Polygon","coordinates":[[[131.2693312009562,33.50416666666667],[131.268955279,33.50459916200004],[131.26886165999997,33.50498389200005],[131.26890083000004,33.50525305399992],[131.26875,33.50547835802402],[131.26875,33.50833333333334],[131.275,33.50833333333334],[131.275,33.50416666666667],[131.2693312009562,33.50416666666667]]]}},{"type":"Feature","id":"44211:503122023","properties":{"id":"44211:503122023","meshCode":"503122023","cityCode":"44211","city":"宇佐市","lat":33.50625,"lon":131.278125,"areaKm2":0.2683756,"populated2020":false,"population2020":null,"populationNote":"境界またぎ・収録外等のため自治体内人口は未集計"},"geometry":{"type":"Polygon","coordinates":[[[131.275,33.50416666666667],[131.275,33.50833333333334],[131.28125,33.50833333333334],[131.28125,33.50416666666668],[131.275,33.50416666666667]]]}},{"type":"Feature","id":"44211:503122024","properties":{"id":"44211:503122024","meshCode":"503122024","cityCode":"44211","city":"宇佐市","lat":33.50625,"lon":131.284375,"areaKm2":0.2683756,"populated2020":false,"population2020":null,"populationNote":"境界またぎ・収録外等のため自治体内人口は未集計"},"geometry":{"type":"Polygon","coordinates":[[[131.28125,33.50416666666668],[131.28125,33.50833333333334],[131.2875,33.50833333333333],[131.2875,33.50416666666667],[131.28125,33.50416666666668]]]}},{"type":"Feature","id":"44211:503122033","properties":{"id":"44211:503122033","meshCode":"503122033","cityCode":"44211","city":"宇佐市","lat":33.50625,"lon":131.290625,"areaKm2":0.2683756,"populated2020":true,"population2020":11.0767,"populationNote":"2020年基準人口（国交省調整値）"},"geometry":{"type":"Polygon","coordinates":[[[131.2875,33.50416666666667],[131.2875,33.50833333333333],[131.29375,33.50833333333334],[131.29375,33.50416666666667],[131.2875,33.50416666666667]]]}},{"type":"Feature","id":"44211:503122034","properties":{"id":"44211:503122034","meshCode":"503122034","cityCode":"44211","city":"宇佐市","lat":33.50625,"lon":131.296875,"areaKm2":0.2683756,"populated2020":true,"population2020":19.1369,"populationNote":"2020年基準人口（国交省調整値）"},"geometry":{"type":"Polygon","coordinates":[[[131.29375,33.50416666666667],[131.29375,33.50833333333334],[131.30000000000004,33.50833333333333],[131.30000000000004,33.50416666666667],[131.29375,33.50416666666667]]]}},{"type":"Feature","id":"44211:503122043","properties":{"id":"44211:503122043","meshCode":"503122043","cityCode":"44211","city":"宇佐市","lat":33.50625,"lon":131.303125,"areaKm2":0.2683756,"populated2020":true,"population2020":50.3891,"populationNote":"2020年基準人口（国交省調整値）"},"geometry":{"type":"Polygon","coordinates":[[[131.30000000000004,33.50416666666667],[131.30000000000004,33.50833333333333],[131.30625,33.50833333333334],[131.30625,33.50416666666667],[131.30000000000004,33.50416666666667]]]}},{"type":"Feature","id":"44211:503122044","properties":{"id":"44211:503122044","meshCode":"503122044","cityCode":"44211","city":"宇佐市","lat":33.50625,"lon":131.309375,"areaKm2":0.2683756,"populated2020":false,"population2020":null,"populationNote":"境界またぎ・収録外等のため自治体内人口は未集計"},"geometry":{"type":"Polygon","coordinates":[[[131.30625,33.50416666666667],[131.30625,33.50833333333334],[131.3125,33.50833333333334],[131.3125,33.50416666666667],[131.30625,33.50416666666667]]]}},{"type":"Feature","id":"44211:503122053","properties":{"id":"44211:503122053","meshCode":"503122053","cityCode":"44211","city":"宇佐市","lat":33.50625,"lon":131.315625,"areaKm2":0.2683756,"populated2020":true,"population2020":19.1363,"populationNote":"2020年基準人口（国交省調整値）"},"geometry":{"type":"Polygon","coordinates":[[[131.3125,33.50416666666667],[131.3125,33.50833333333334],[131.31875,33.50833333333334],[131.31875,33.50416666666668],[131.3125,33.50416666666667]]]}},{"type":"Feature","id":"44211:503122054","properties":{"id":"44211:503122054","meshCode":"503122054","cityCode":"44211","city":"宇佐市","lat":33.50625,"lon":131.321875,"areaKm2":0.2683756,"populated2020":true,"population2020":100.6389,"populationNote":"2020年基準人口（国交省調整値）"},"geometry":{"type":"Polygon","coordinates":[[[131.31875,33.50416666666668],[131.31875,33.50833333333334],[131.325,33.50833333333333],[131.325,33.50416666666668],[131.31875,33.50416666666668]]]}},{"type":"Feature","id":"44211:503122063","properties":{"id":"44211:503122063","meshCode":"503122063","cityCode":"44211","city":"宇佐市","lat":33.50625,"lon":131.328125,"areaKm2":0.2683756,"populated2020":true,"population2020":157.1088,"populationNote":"2020年基準人口（国交省調整値）"},"geometry":{"type":"Polygon","coordinates":[[[131.325,33.50416666666668],[131.325,33.50833333333333],[131.33125,33.50833333333333],[131.33125,33.50416666666667],[131.325,33.50416666666668]]]}},{"type":"Feature","id":"44211:503122064","properties":{"id":"44211:503122064","meshCode":"503122064","cityCode":"44211","city":"宇佐市","lat":33.50625,"lon":131.334375,"areaKm2":0.2683756,"populated2020":true,"population2020":2.0264,"populationNote":"2020年基準人口（国交省調整値）"},"geometry":{"type":"Polygon","coordinates":[[[131.33125,33.50416666666667],[131.33125,33.50833333333333],[131.3375,33.50833333333334],[131.3375,33.50416666666667],[131.33125,33.50416666666667]]]}},{"type":"Feature","id":"44211:503122073","properties":{"id":"44211:503122073","meshCode":"503122073","cityCode":"44211","city":"宇佐市","lat":33.50625,"lon":131.340625,"areaKm2":0.2683756,"populated2020":true,"population2020":3.0121,"populationNote":"2020年基準人口（国交省調整値）"},"geometry":{"type":"Polygon","coordinates":[[[131.3375,33.50416666666667],[131.3375,33.50833333333334],[131.34375,33.50833333333334],[131.34375,33.50416666666667],[131.3375,33.50416666666667]]]}},{"type":"Feature","id":"44211:503122074","properties":{"id":"44211:503122074","meshCode":"503122074","cityCode":"44211","city":"宇佐市","lat":33.50625,"lon":131.346875,"areaKm2":0.2683756,"populated2020":true,"population2020":9.1361,"populationNote":"2020年基準人口（国交省調整値）"},"geometry":{"type":"Polygon","coordinates":[[[131.34375,33.50416666666667],[131.34375,33.50833333333334],[131.35,33.50833333333334],[131.35,33.50416666666666],[131.34375,33.50416666666667]]]}},{"type":"Feature","id":"44211:503122083","properties":{"id":"44211:503122083","meshCode":"503122083","cityCode":"44211","city":"宇佐市","lat":33.50625,"lon":131.353125,"areaKm2":0.2683756,"populated2020":true,"population2020":72.4727,"populationNote":"2020年基準人口（国交省調整値）"},"geometry":{"type":"Polygon","coordinates":[[[131.35,33.50416666666666],[131.35,33.50833333333334],[131.35625000000002,33.50833333333334],[131.35625000000002,33.50416666666667],[131.35,33.50416666666666]]]}},{"type":"Feature","id":"44211:503122084","properties":{"id":"44211:503122084","meshCode":"503122084","cityCode":"44211","city":"宇佐市","lat":33.50625,"lon":131.359375,"areaKm2":0.2683756,"populated2020":true,"population2020":78.5737,"populationNote":"2020年基準人口（国交省調整値）"},"geometry":{"type":"Polygon","coordinates":[[[131.35625000000002,33.50416666666667],[131.35625000000002,33.50833333333334],[131.3625,33.50833333333334],[131.3625,33.50416666666667],[131.35625000000002,33.50416666666667]]]}},{"type":"Feature","id":"44211:503122093","properties":{"id":"44211:503122093","meshCode":"503122093","cityCode":"44211","city":"宇佐市","lat":33.50625,"lon":131.365625,"areaKm2":0.2683756,"populated2020":false,"population2020":null,"populationNote":"境界またぎ・収録外等のため自治体内人口は未集計"},"geometry":{"type":"Polygon","coordinates":[[[131.3625,33.50416666666667],[131.3625,33.50833333333334],[131.36875,33.50833333333334],[131.36875,33.50416666666666],[131.3625,33.50416666666667]]]}},{"type":"Feature","id":"44211:503122094","properties":{"id":"44211:503122094","meshCode":"503122094","cityCode":"44211","city":"宇佐市","lat":33.50625,"lon":131.371875,"areaKm2":0.2683756,"populated2020":false,"population2020":null,"populationNote":"境界またぎ・収録外等のため自治体内人口は未集計"},"geometry":{"type":"Polygon","coordinates":[[[131.36875,33.50416666666666],[131.36875,33.50833333333334],[131.375,33.50833333333333],[131.375,33.50416666666668],[131.36875,33.50416666666666]]]}},{"type":"Feature","id":"44211:503123003","properties":{"id":"44211:503123003","meshCode":"503123003","cityCode":"44211","city":"宇佐市","lat":33.50625,"lon":131.378125,"areaKm2":0.2683756,"populated2020":true,"population2020":28.1794,"populationNote":"2020年基準人口（国交省調整値）"},"geometry":{"type":"Polygon","coordinates":[[[131.375,33.50416666666668],[131.375,33.50833333333333],[131.38125,33.50833333333334],[131.38125,33.50416666666667],[131.375,33.50416666666668]]]}},{"type":"Feature","id":"44211:503123004","properties":{"id":"44211:503123004","meshCode":"503123004","cityCode":"44211","city":"宇佐市","lat":33.50625,"lon":131.384375,"areaKm2":0.2683756,"populated2020":false,"population2020":null,"populationNote":"境界またぎ・収録外等のため自治体内人口は未集計"},"geometry":{"type":"Polygon","coordinates":[[[131.38125,33.50416666666667],[131.38125,33.50833333333334],[131.3875,33.50833333333333],[131.3875,33.50416666666666],[131.38125,33.50416666666667]]]}},{"type":"Feature","id":"44211:503123013","properties":{"id":"44211:503123013","meshCode":"503123013","cityCode":"44211","city":"宇佐市","lat":33.50625,"lon":131.390625,"areaKm2":0.2683756,"populated2020":false,"population2020":null,"populationNote":"境界またぎ・収録外等のため自治体内人口は未集計"},"geometry":{"type":"Polygon","coordinates":[[[131.3875,33.50416666666666],[131.3875,33.50833333333333],[131.39375,33.50833333333334],[131.39375,33.50416666666667],[131.3875,33.50416666666666]]]}},{"type":"Feature","id":"44211:503123014","properties":{"id":"44211:503123014","meshCode":"503123014","cityCode":"44211","city":"宇佐市","lat":33.50625,"lon":131.396875,"areaKm2":0.2683756,"populated2020":false,"population2020":null,"populationNote":"境界またぎ・収録外等のため自治体内人口は未集計"},"geometry":{"type":"Polygon","coordinates":[[[131.39375,33.50416666666667],[131.39375,33.50833333333334],[131.4,33.50833333333334],[131.4,33.50416666666667],[131.39375,33.50416666666667]]]}},{"type":"Feature","id":"44211:503123023","properties":{"id":"44211:503123023","meshCode":"503123023","cityCode":"44211","city":"宇佐市","lat":33.50625,"lon":131.403125,"areaKm2":0.2683756,"populated2020":false,"population2020":null,"populationNote":"境界またぎ・収録外等のため自治体内人口は未集計"},"geometry":{"type":"Polygon","coordinates":[[[131.4,33.50416666666667],[131.4,33.50833333333334],[131.40625,33.50833333333334],[131.40625,33.50416666666667],[131.4,33.50416666666667]]]}},{"type":"Feature","id":"44211:503123024","properties":{"id":"44211:503123024","meshCode":"503123024","cityCode":"44211","city":"宇佐市","lat":33.50625,"lon":131.409375,"areaKm2":0.2683756,"populated2020":false,"population2020":null,"populationNote":"境界またぎ・収録外等のため自治体内人口は未集計"},"geometry":{"type":"Polygon","coordinates":[[[131.40625,33.50416666666667],[131.40625,33.50833333333334],[131.4125,33.50833333333333],[131.4125,33.50416666666666],[131.40625,33.50416666666667]]]}},{"type":"Feature","id":"44211:503123033","properties":{"id":"44211:503123033","meshCode":"503123033","cityCode":"44211","city":"宇佐市","lat":33.50625,"lon":131.415625,"areaKm2":0.2683756,"populated2020":false,"population2020":null,"populationNote":"境界またぎ・収録外等のため自治体内人口は未集計"},"geometry":{"type":"Polygon","coordinates":[[[131.4125,33.50416666666666],[131.4125,33.50833333333333],[131.41875,33.50833333333334],[131.41875,33.50416666666667],[131.4125,33.50416666666666]]]}},{"type":"Feature","id":"44211:503123034","properties":{"id":"44211:503123034","meshCode":"503123034","cityCode":"44211","city":"宇佐市","lat":33.50625,"lon":131.421875,"areaKm2":0.221259,"populated2020":true,"population2020":null,"populationNote":"境界またぎ・収録外等のため自治体内人口は未集計"},"geometry":{"type":"Polygon","coordinates":[[[131.425,33.505661667],[131.424402218,33.506358613],[131.424271115,33.506397225],[131.42344,33.505873333],[131.422660558,33.505209441000005],[131.422205837,33.50470110800001],[131.42186950605154,33.50416666666667],[131.41875,33.50416666666667],[131.41875,33.50833333333334],[131.425,33.50833333333333],[131.425,33.505661667]]]}},{"type":"Feature","id":"44211:503123043","properties":{"id":"44211:503123043","meshCode":"503123043","cityCode":"44211","city":"宇佐市","lat":33.50625,"lon":131.428125,"areaKm2":0.2534636,"populated2020":true,"population2020":null,"populationNote":"境界またぎ・収録外等のため自治体内人口は未集計"},"geometry":{"type":"Polygon","coordinates":[[[131.426571115,33.50453],[131.425685279,33.50496805399999],[131.425,33.505661667],[131.425,33.50833333333333],[131.43125,33.50833333333334],[131.43125,33.50416666666667],[131.4275696044611,33.50416666666666],[131.426571115,33.50453]]]}},{"type":"Feature","id":"44211:503123044","properties":{"id":"44211:503123044","meshCode":"503123044","cityCode":"44211","city":"宇佐市","lat":33.50625,"lon":131.434375,"areaKm2":0.2683756,"populated2020":false,"population2020":null,"populationNote":"境界またぎ・収録外等のため自治体内人口は未集計"},"geometry":{"type":"Polygon","coordinates":[[[131.43125,33.50416666666667],[131.43125,33.50833333333334],[131.4375,33.50833333333333],[131.4375,33.50416666666667],[131.43125,33.50416666666667]]]}},{"type":"Feature","id":"44211:503123053","properties":{"id":"44211:503123053","meshCode":"503123053","cityCode":"44211","city":"宇佐市","lat":33.5063911,"lon":131.4378112,"areaKm2":0.0308453,"populated2020":false,"population2020":null,"populationNote":"境界またぎ・収録外等のため自治体内人口は未集計"},"geometry":{"type":"Polygon","coordinates":[[[131.438519364,33.50833333300001],[131.438184163,33.507209441],[131.438085551,33.506240559],[131.43813083000003,33.505586387],[131.438278885,33.505011387],[131.4382131100932,33.50416666666667],[131.4375,33.50416666666667],[131.4375,33.50833333333333],[131.438519364,33.50833333300001]]]}},{"type":"Feature","id":"44211:503122111","properties":{"id":"44211:503122111","meshCode":"503122111","cityCode":"44211","city":"宇佐市","lat":33.5104109,"lon":131.2677081,"areaKm2":0.1119774,"populated2020":false,"population2020":null,"populationNote":"境界またぎ・収録外等のため自治体内人口は未集計"},"geometry":{"type":"Polygon","coordinates":[[[131.26678250300017,33.50865833300003],[131.26659555100002,33.509613333000004],[131.26667360600015,33.510793332999974],[131.266198885,33.51122610800013],[131.26567693900017,33.51131194599998],[131.265302776,33.511477225000085],[131.264859442,33.5119600000001],[131.2645462800569,33.5125],[131.26875,33.5125],[131.26875,33.50833333333334],[131.26667741910774,33.508333333333326],[131.26678250300017,33.50865833300003]]]}},{"type":"Feature","id":"44211:503122112","properties":{"id":"44211:503122112","meshCode":"503122112","cityCode":"44211","city":"宇佐市","lat":33.5104167,"lon":131.271875,"areaKm2":0.2683629,"populated2020":false,"population2020":null,"populationNote":"境界またぎ・収録外等のため自治体内人口は未集計"},"geometry":{"type":"Polygon","coordinates":[[[131.26875,33.50833333333334],[131.26875,33.5125],[131.275,33.5125],[131.275,33.50833333333334],[131.26875,33.50833333333334]]]}},{"type":"Feature","id":"44211:503122121","properties":{"id":"44211:503122121","meshCode":"503122121","cityCode":"44211","city":"宇佐市","lat":33.5104167,"lon":131.278125,"areaKm2":0.2683629,"populated2020":false,"population2020":null,"populationNote":"境界またぎ・収録外等のため自治体内人口は未集計"},"geometry":{"type":"Polygon","coordinates":[[[131.275,33.50833333333334],[131.275,33.5125],[131.28125,33.512499999999996],[131.28125,33.50833333333334],[131.275,33.50833333333334]]]}},{"type":"Feature","id":"44211:503122122","properties":{"id":"44211:503122122","meshCode":"503122122","cityCode":"44211","city":"宇佐市","lat":33.5104167,"lon":131.284375,"areaKm2":0.2683629,"populated2020":false,"population2020":null,"populationNote":"境界またぎ・収録外等のため自治体内人口は未集計"},"geometry":{"type":"Polygon","coordinates":[[[131.28125,33.50833333333334],[131.28125,33.512499999999996],[131.2875,33.5125],[131.2875,33.50833333333333],[131.28125,33.50833333333334]]]}},{"type":"Feature","id":"44211:503122131","properties":{"id":"44211:503122131","meshCode":"503122131","cityCode":"44211","city":"宇佐市","lat":33.5104167,"lon":131.290625,"areaKm2":0.2683629,"populated2020":false,"population2020":null,"populationNote":"境界またぎ・収録外等のため自治体内人口は未集計"},"geometry":{"type":"Polygon","coordinates":[[[131.2875,33.50833333333333],[131.2875,33.5125],[131.29375,33.5125],[131.29375,33.50833333333334],[131.2875,33.50833333333333]]]}},{"type":"Feature","id":"44211:503122132","properties":{"id":"44211:503122132","meshCode":"503122132","cityCode":"44211","city":"宇佐市","lat":33.5104167,"lon":131.296875,"areaKm2":0.2683629,"populated2020":true,"population2020":26.2582,"populationNote":"2020年基準人口（国交省調整値）"},"geometry":{"type":"Polygon","coordinates":[[[131.29375,33.50833333333334],[131.29375,33.5125],[131.30000000000004,33.5125],[131.30000000000004,33.50833333333333],[131.29375,33.50833333333334]]]}},{"type":"Feature","id":"44211:503122141","properties":{"id":"44211:503122141","meshCode":"503122141","cityCode":"44211","city":"宇佐市","lat":33.5104167,"lon":131.303125,"areaKm2":0.2683629,"populated2020":true,"population2020":65.4562,"populationNote":"2020年基準人口（国交省調整値）"},"geometry":{"type":"Polygon","coordinates":[[[131.30000000000004,33.50833333333333],[131.30000000000004,33.5125],[131.30625,33.51250000000001],[131.30625,33.50833333333334],[131.30000000000004,33.50833333333333]]]}},{"type":"Feature","id":"44211:503122142","properties":{"id":"44211:503122142","meshCode":"503122142","cityCode":"44211","city":"宇佐市","lat":33.5104167,"lon":131.309375,"areaKm2":0.2683629,"populated2020":false,"population2020":null,"populationNote":"境界またぎ・収録外等のため自治体内人口は未集計"},"geometry":{"type":"Polygon","coordinates":[[[131.30625,33.50833333333334],[131.30625,33.51250000000001],[131.3125,33.512499999999996],[131.3125,33.50833333333334],[131.30625,33.50833333333334]]]}},{"type":"Feature","id":"44211:503122151","properties":{"id":"44211:503122151","meshCode":"503122151","cityCode":"44211","city":"宇佐市","lat":33.5104167,"lon":131.315625,"areaKm2":0.2683629,"populated2020":false,"population2020":null,"populationNote":"境界またぎ・収録外等のため自治体内人口は未集計"},"geometry":{"type":"Polygon","coordinates":[[[131.3125,33.50833333333334],[131.3125,33.512499999999996],[131.31875,33.5125],[131.31875,33.50833333333334],[131.3125,33.50833333333334]]]}},{"type":"Feature","id":"44211:503122152","properties":{"id":"44211:503122152","meshCode":"503122152","cityCode":"44211","city":"宇佐市","lat":33.5104167,"lon":131.321875,"areaKm2":0.2683629,"populated2020":true,"population2020":22.1498,"populationNote":"2020年基準人口（国交省調整値）"},"geometry":{"type":"Polygon","coordinates":[[[131.31875,33.50833333333334],[131.31875,33.5125],[131.325,33.5125],[131.325,33.50833333333333],[131.31875,33.50833333333334]]]}},{"type":"Feature","id":"44211:503122161","properties":{"id":"44211:503122161","meshCode":"503122161","cityCode":"44211","city":"宇佐市","lat":33.5104167,"lon":131.328125,"areaKm2":0.2683629,"populated2020":true,"population2020":135.7336,"populationNote":"2020年基準人口（国交省調整値）"},"geometry":{"type":"Polygon","coordinates":[[[131.325,33.50833333333333],[131.325,33.5125],[131.33125,33.512499999999996],[131.33125,33.50833333333333],[131.325,33.50833333333333]]]}},{"type":"Feature","id":"44211:503122162","properties":{"id":"44211:503122162","meshCode":"503122162","cityCode":"44211","city":"宇佐市","lat":33.5104167,"lon":131.334375,"areaKm2":0.2683629,"populated2020":true,"population2020":107.6549,"populationNote":"2020年基準人口（国交省調整値）"},"geometry":{"type":"Polygon","coordinates":[[[131.33125,33.50833333333333],[131.33125,33.512499999999996],[131.3375,33.512499999999996],[131.3375,33.50833333333334],[131.33125,33.50833333333333]]]}},{"type":"Feature","id":"44211:503122171","properties":{"id":"44211:503122171","meshCode":"503122171","cityCode":"44211","city":"宇佐市","lat":33.5104167,"lon":131.340625,"areaKm2":0.2683629,"populated2020":true,"population2020":2.0129,"populationNote":"2020年基準人口（国交省調整値）"},"geometry":{"type":"Polygon","coordinates":[[[131.3375,33.50833333333334],[131.3375,33.512499999999996],[131.34375,33.5125],[131.34375,33.50833333333334],[131.3375,33.50833333333334]]]}},{"type":"Feature","id":"44211:503122172","properties":{"id":"44211:503122172","meshCode":"503122172","cityCode":"44211","city":"宇佐市","lat":33.5104167,"lon":131.346875,"areaKm2":0.2683629,"populated2020":true,"population2020":4.0349,"populationNote":"2020年基準人口（国交省調整値）"},"geometry":{"type":"Polygon","coordinates":[[[131.34375,33.50833333333334],[131.34375,33.5125],[131.35,33.5125],[131.35,33.50833333333334],[131.34375,33.50833333333334]]]}},{"type":"Feature","id":"44211:503122181","properties":{"id":"44211:503122181","meshCode":"503122181","cityCode":"44211","city":"宇佐市","lat":33.5104167,"lon":131.353125,"areaKm2":0.2683629,"populated2020":true,"population2020":4.014,"populationNote":"2020年基準人口（国交省調整値）"},"geometry":{"type":"Polygon","coordinates":[[[131.35,33.50833333333334],[131.35,33.5125],[131.35625000000002,33.512499999999996],[131.35625000000002,33.50833333333334],[131.35,33.50833333333334]]]}},{"type":"Feature","id":"44211:503122182","properties":{"id":"44211:503122182","meshCode":"503122182","cityCode":"44211","city":"宇佐市","lat":33.5104167,"lon":131.359375,"areaKm2":0.2683629,"populated2020":false,"population2020":null,"populationNote":"境界またぎ・収録外等のため自治体内人口は未集計"},"geometry":{"type":"Polygon","coordinates":[[[131.35625000000002,33.50833333333334],[131.35625000000002,33.512499999999996],[131.3625,33.512499999999996],[131.3625,33.50833333333334],[131.35625000000002,33.50833333333334]]]}},{"type":"Feature","id":"44211:503122191","properties":{"id":"44211:503122191","meshCode":"503122191","cityCode":"44211","city":"宇佐市","lat":33.5104167,"lon":131.365625,"areaKm2":0.2683629,"populated2020":false,"population2020":null,"populationNote":"境界またぎ・収録外等のため自治体内人口は未集計"},"geometry":{"type":"Polygon","coordinates":[[[131.3625,33.50833333333334],[131.3625,33.512499999999996],[131.36875,33.512499999999996],[131.36875,33.50833333333334],[131.3625,33.50833333333334]]]}},{"type":"Feature","id":"44211:503122192","properties":{"id":"44211:503122192","meshCode":"503122192","cityCode":"44211","city":"宇佐市","lat":33.5104167,"lon":131.371875,"areaKm2":0.2683629,"populated2020":false,"population2020":null,"populationNote":"境界またぎ・収録外等のため自治体内人口は未集計"},"geometry":{"type":"Polygon","coordinates":[[[131.36875,33.50833333333334],[131.36875,33.512499999999996],[131.375,33.5125],[131.375,33.50833333333333],[131.36875,33.50833333333334]]]}},{"type":"Feature","id":"44211:503123101","properties":{"id":"44211:503123101","meshCode":"503123101","cityCode":"44211","city":"宇佐市","lat":33.5104167,"lon":131.378125,"areaKm2":0.2683629,"populated2020":false,"population2020":null,"populationNote":"境界またぎ・収録外等のため自治体内人口は未集計"},"geometry":{"type":"Polygon","coordinates":[[[131.375,33.50833333333333],[131.375,33.5125],[131.38125,33.512499999999996],[131.38125,33.50833333333334],[131.375,33.50833333333333]]]}},{"type":"Feature","id":"44211:503123102","properties":{"id":"44211:503123102","meshCode":"503123102","cityCode":"44211","city":"宇佐市","lat":33.5104167,"lon":131.384375,"areaKm2":0.2683629,"populated2020":false,"population2020":null,"populationNote":"境界またぎ・収録外等のため自治体内人口は未集計"},"geometry":{"type":"Polygon","coordinates":[[[131.38125,33.50833333333334],[131.38125,33.512499999999996],[131.3875,33.512499999999996],[131.3875,33.50833333333333],[131.38125,33.50833333333334]]]}},{"type":"Feature","id":"44211:503123111","properties":{"id":"44211:503123111","meshCode":"503123111","cityCode":"44211","city":"宇佐市","lat":33.5104167,"lon":131.390625,"areaKm2":0.2683629,"populated2020":true,"population2020":8.0525,"populationNote":"2020年基準人口（国交省調整値）"},"geometry":{"type":"Polygon","coordinates":[[[131.3875,33.50833333333333],[131.3875,33.512499999999996],[131.39375,33.51250000000001],[131.39375,33.50833333333334],[131.3875,33.50833333333333]]]}},{"type":"Feature","id":"44211:503123112","properties":{"id":"44211:503123112","meshCode":"503123112","cityCode":"44211","city":"宇佐市","lat":33.5104167,"lon":131.396875,"areaKm2":0.2683629,"populated2020":false,"population2020":null,"populationNote":"境界またぎ・収録外等のため自治体内人口は未集計"},"geometry":{"type":"Polygon","coordinates":[[[131.39375,33.50833333333334],[131.39375,33.51250000000001],[131.4,33.5125],[131.4,33.50833333333334],[131.39375,33.50833333333334]]]}},{"type":"Feature","id":"44211:503123121","properties":{"id":"44211:503123121","meshCode":"503123121","cityCode":"44211","city":"宇佐市","lat":33.5104167,"lon":131.403125,"areaKm2":0.2683629,"populated2020":false,"population2020":null,"populationNote":"境界またぎ・収録外等のため自治体内人口は未集計"},"geometry":{"type":"Polygon","coordinates":[[[131.4,33.50833333333334],[131.4,33.5125],[131.40625,33.5125],[131.40625,33.50833333333334],[131.4,33.50833333333334]]]}},{"type":"Feature","id":"44211:503123122","properties":{"id":"44211:503123122","meshCode":"503123122","cityCode":"44211","city":"宇佐市","lat":33.5104167,"lon":131.409375,"areaKm2":0.2683629,"populated2020":false,"population2020":null,"populationNote":"境界またぎ・収録外等のため自治体内人口は未集計"},"geometry":{"type":"Polygon","coordinates":[[[131.40625,33.50833333333334],[131.40625,33.5125],[131.4125,33.5125],[131.4125,33.50833333333333],[131.40625,33.50833333333334]]]}},{"type":"Feature","id":"44211:503123131","properties":{"id":"44211:503123131","meshCode":"503123131","cityCode":"44211","city":"宇佐市","lat":33.5104167,"lon":131.415625,"areaKm2":0.2683629,"populated2020":false,"population2020":null,"populationNote":"境界またぎ・収録外等のため自治体内人口は未集計"},"geometry":{"type":"Polygon","coordinates":[[[131.4125,33.50833333333333],[131.4125,33.5125],[131.41875,33.5125],[131.41875,33.50833333333334],[131.4125,33.50833333333333]]]}},{"type":"Feature","id":"44211:503123132","properties":{"id":"44211:503123132","meshCode":"503123132","cityCode":"44211","city":"宇佐市","lat":33.5104167,"lon":131.421875,"areaKm2":0.2683629,"populated2020":true,"population2020":8.0835,"populationNote":"2020年基準人口（国交省調整値）"},"geometry":{"type":"Polygon","coordinates":[[[131.41875,33.50833333333334],[131.41875,33.5125],[131.425,33.512499999999996],[131.425,33.50833333333333],[131.41875,33.50833333333334]]]}},{"type":"Feature","id":"44211:503123141","properties":{"id":"44211:503123141","meshCode":"503123141","cityCode":"44211","city":"宇佐市","lat":33.5104167,"lon":131.428125,"areaKm2":0.2393748,"populated2020":false,"population2020":null,"populationNote":"境界またぎ・収録外等のため自治体内人口は未集計"},"geometry":{"type":"Polygon","coordinates":[[[131.43125,33.511814847344546],[131.430313061,33.51189666700001],[131.42968,33.511618613],[131.429087782,33.51158],[131.428100558,33.511680559],[131.42852,33.510950559],[131.428766939,33.510834162],[131.429243891,33.510743613],[131.430485551,33.510756667],[131.43125,33.510680658215975],[131.43125,33.50833333333334],[131.425,33.50833333333333],[131.425,33.512499999999996],[131.43125,33.5125],[131.43125,33.511814847344546]]]}},{"type":"Feature","id":"44211:503123142","properties":{"id":"44211:503123142","meshCode":"503123142","cityCode":"44211","city":"宇佐市","lat":33.5104167,"lon":131.434375,"areaKm2":0.1451658,"populated2020":false,"population2020":null,"populationNote":"境界またぎ・収録外等のため自治体内人口は未集計"},"geometry":{"type":"MultiPolygon","coordinates":[[[[131.433308612,33.512006108],[131.43125,33.511814847344546],[131.43125,33.5125],[131.4332746146588,33.5125],[131.433308612,33.512006108]]],[[[131.43125,33.510680658215975],[131.433827782,33.51053194600001],[131.4375,33.509946040883385],[131.4375,33.50833333333333],[131.43125,33.50833333333334],[131.43125,33.510680658215975]]]]}},{"type":"Feature","id":"44211:503123151","properties":{"id":"44211:503123151","meshCode":"503123151","cityCode":"44211","city":"宇佐市","lat":33.5093999,"lon":131.4381617,"areaKm2":0.019153,"populated2020":false,"population2020":null,"populationNote":"境界またぎ・収録外等のため自治体内人口は未集計"},"geometry":{"type":"Polygon","coordinates":[[[131.438887224,33.509724721000005],[131.43851936410803,33.50833333333333],[131.4375,33.50833333333333],[131.4375,33.509946040883385],[131.438887224,33.509724721000005]]]}},{"type":"Feature","id":"44211:503122104","properties":{"id":"44211:503122104","meshCode":"503122104","cityCode":"44211","city":"宇佐市","lat":33.5162186,"lon":131.2622238,"areaKm2":0.0047142,"populated2020":false,"population2020":null,"populationNote":"境界またぎ・収録外等のため自治体内人口は未集計"},"geometry":{"type":"Polygon","coordinates":[[[131.2625,33.515843959642886],[131.26205666700014,33.516117495000124],[131.26152847055366,33.51666666666667],[131.2625,33.51666666666667],[131.2625,33.515843959642886]]]}},{"type":"Feature","id":"44211:503122113","properties":{"id":"44211:503122113","meshCode":"503122113","cityCode":"44211","city":"宇佐市","lat":33.5145833,"lon":131.265625,"areaKm2":0.2215048,"populated2020":false,"population2020":null,"populationNote":"境界またぎ・収録外等のため自治体内人口は未集計"},"geometry":{"type":"Polygon","coordinates":[[[131.26454,33.512510829000114],[131.26435527900003,33.512923613000005],[131.26421277600014,33.51449194600002],[131.26412722400016,33.51457166700009],[131.26361306100011,33.514700279000124],[131.26310778200002,33.514993333],[131.26291306100018,33.51556861300003],[131.2625,33.515843959642886],[131.2625,33.51666666666667],[131.26875,33.516666666666666],[131.26875,33.5125],[131.26454,33.512510829000114]]]}},{"type":"Feature","id":"44211:503122114","properties":{"id":"44211:503122114","meshCode":"503122114","cityCode":"44211","city":"宇佐市","lat":33.5145833,"lon":131.271875,"areaKm2":0.2683503,"populated2020":false,"population2020":null,"populationNote":"境界またぎ・収録外等のため自治体内人口は未集計"},"geometry":{"type":"Polygon","coordinates":[[[131.26875,33.5125],[131.26875,33.516666666666666],[131.275,33.516666666666666],[131.275,33.5125],[131.26875,33.5125]]]}},{"type":"Feature","id":"44211:503122123","properties":{"id":"44211:503122123","meshCode":"503122123","cityCode":"44211","city":"宇佐市","lat":33.5145833,"lon":131.278125,"areaKm2":0.2683503,"populated2020":false,"population2020":null,"populationNote":"境界またぎ・収録外等のため自治体内人口は未集計"},"geometry":{"type":"Polygon","coordinates":[[[131.275,33.5125],[131.275,33.516666666666666],[131.28125,33.516666666666666],[131.28125,33.512499999999996],[131.275,33.5125]]]}},{"type":"Feature","id":"44211:503122124","properties":{"id":"44211:503122124","meshCode":"503122124","cityCode":"44211","city":"宇佐市","lat":33.5145833,"lon":131.284375,"areaKm2":0.2683503,"populated2020":true,"population2020":21.1412,"populationNote":"2020年基準人口（国交省調整値）"},"geometry":{"type":"Polygon","coordinates":[[[131.28125,33.512499999999996],[131.28125,33.516666666666666],[131.2875,33.51666666666666],[131.2875,33.5125],[131.28125,33.512499999999996]]]}},{"type":"Feature","id":"44211:503122133","properties":{"id":"44211:503122133","meshCode":"503122133","cityCode":"44211","city":"宇佐市","lat":33.5145833,"lon":131.290625,"areaKm2":0.2683503,"populated2020":false,"population2020":null,"populationNote":"境界またぎ・収録外等のため自治体内人口は未集計"},"geometry":{"type":"Polygon","coordinates":[[[131.2875,33.5125],[131.2875,33.51666666666666],[131.29375,33.516666666666666],[131.29375,33.5125],[131.2875,33.5125]]]}},{"type":"Feature","id":"44211:503122134","properties":{"id":"44211:503122134","meshCode":"503122134","cityCode":"44211","city":"宇佐市","lat":33.5145833,"lon":131.296875,"areaKm2":0.2683503,"populated2020":true,"population2020":37.2806,"populationNote":"2020年基準人口（国交省調整値）"},"geometry":{"type":"Polygon","coordinates":[[[131.29375,33.5125],[131.29375,33.516666666666666],[131.30000000000004,33.516666666666666],[131.30000000000004,33.5125],[131.29375,33.5125]]]}},{"type":"Feature","id":"44211:503122143","properties":{"id":"44211:503122143","meshCode":"503122143","cityCode":"44211","city":"宇佐市","lat":33.5145833,"lon":131.303125,"areaKm2":0.2683503,"populated2020":true,"population2020":29.2097,"populationNote":"2020年基準人口（国交省調整値）"},"geometry":{"type":"Polygon","coordinates":[[[131.30000000000004,33.5125],[131.30000000000004,33.516666666666666],[131.30625,33.51666666666667],[131.30625,33.51250000000001],[131.30000000000004,33.5125]]]}},{"type":"Feature","id":"44211:503122144","properties":{"id":"44211:503122144","meshCode":"503122144","cityCode":"44211","city":"宇佐市","lat":33.5145833,"lon":131.309375,"areaKm2":0.2683503,"populated2020":true,"population2020":9.0671,"populationNote":"2020年基準人口（国交省調整値）"},"geometry":{"type":"Polygon","coordinates":[[[131.30625,33.51250000000001],[131.30625,33.51666666666667],[131.3125,33.516666666666666],[131.3125,33.512499999999996],[131.30625,33.51250000000001]]]}},{"type":"Feature","id":"44211:503122153","properties":{"id":"44211:503122153","meshCode":"503122153","cityCode":"44211","city":"宇佐市","lat":33.5145833,"lon":131.315625,"areaKm2":0.2683503,"populated2020":true,"population2020":7.024,"populationNote":"2020年基準人口（国交省調整値）"},"geometry":{"type":"Polygon","coordinates":[[[131.3125,33.512499999999996],[131.3125,33.516666666666666],[131.31875,33.516666666666666],[131.31875,33.5125],[131.3125,33.512499999999996]]]}},{"type":"Feature","id":"44211:503122154","properties":{"id":"44211:503122154","meshCode":"503122154","cityCode":"44211","city":"宇佐市","lat":33.5145833,"lon":131.321875,"areaKm2":0.2683503,"populated2020":false,"population2020":null,"populationNote":"境界またぎ・収録外等のため自治体内人口は未集計"},"geometry":{"type":"Polygon","coordinates":[[[131.31875,33.5125],[131.31875,33.516666666666666],[131.325,33.516666666666666],[131.325,33.5125],[131.31875,33.5125]]]}},{"type":"Feature","id":"44211:503122163","properties":{"id":"44211:503122163","meshCode":"503122163","cityCode":"44211","city":"宇佐市","lat":33.5145833,"lon":131.328125,"areaKm2":0.2683503,"populated2020":true,"population2020":14.0629,"populationNote":"2020年基準人口（国交省調整値）"},"geometry":{"type":"Polygon","coordinates":[[[131.325,33.5125],[131.325,33.516666666666666],[131.33125,33.516666666666666],[131.33125,33.512499999999996],[131.325,33.5125]]]}},{"type":"Feature","id":"44211:503122164","properties":{"id":"44211:503122164","meshCode":"503122164","cityCode":"44211","city":"宇佐市","lat":33.5145833,"lon":131.334375,"areaKm2":0.2683503,"populated2020":true,"population2020":458.7393,"populationNote":"2020年基準人口（国交省調整値）"},"geometry":{"type":"Polygon","coordinates":[[[131.33125,33.512499999999996],[131.33125,33.516666666666666],[131.3375,33.516666666666666],[131.3375,33.512499999999996],[131.33125,33.512499999999996]]]}},{"type":"Feature","id":"44211:503122173","properties":{"id":"44211:503122173","meshCode":"503122173","cityCode":"44211","city":"宇佐市","lat":33.5145833,"lon":131.340625,"areaKm2":0.2683503,"populated2020":true,"population2020":193.9515,"populationNote":"2020年基準人口（国交省調整値）"},"geometry":{"type":"Polygon","coordinates":[[[131.3375,33.512499999999996],[131.3375,33.516666666666666],[131.34375,33.51666666666668],[131.34375,33.5125],[131.3375,33.512499999999996]]]}},{"type":"Feature","id":"44211:503122174","properties":{"id":"44211:503122174","meshCode":"503122174","cityCode":"44211","city":"宇佐市","lat":33.5145833,"lon":131.346875,"areaKm2":0.2683503,"populated2020":false,"population2020":null,"populationNote":"境界またぎ・収録外等のため自治体内人口は未集計"},"geometry":{"type":"Polygon","coordinates":[[[131.34375,33.5125],[131.34375,33.51666666666668],[131.35,33.51666666666667],[131.35,33.5125],[131.34375,33.5125]]]}},{"type":"Feature","id":"44211:503122183","properties":{"id":"44211:503122183","meshCode":"503122183","cityCode":"44211","city":"宇佐市","lat":33.5145833,"lon":131.353125,"areaKm2":0.2683503,"populated2020":true,"population2020":3.0205,"populationNote":"2020年基準人口（国交省調整値）"},"geometry":{"type":"Polygon","coordinates":[[[131.35,33.5125],[131.35,33.51666666666667],[131.35625000000002,33.516666666666666],[131.35625000000002,33.512499999999996],[131.35,33.5125]]]}},{"type":"Feature","id":"44211:503122184","properties":{"id":"44211:503122184","meshCode":"503122184","cityCode":"44211","city":"宇佐市","lat":33.5145833,"lon":131.359375,"areaKm2":0.2683503,"populated2020":false,"population2020":null,"populationNote":"境界またぎ・収録外等のため自治体内人口は未集計"},"geometry":{"type":"Polygon","coordinates":[[[131.35625000000002,33.512499999999996],[131.35625000000002,33.516666666666666],[131.3625,33.51666666666667],[131.3625,33.512499999999996],[131.35625000000002,33.512499999999996]]]}},{"type":"Feature","id":"44211:503122193","properties":{"id":"44211:503122193","meshCode":"503122193","cityCode":"44211","city":"宇佐市","lat":33.5145833,"lon":131.365625,"areaKm2":0.2683503,"populated2020":false,"population2020":null,"populationNote":"境界またぎ・収録外等のため自治体内人口は未集計"},"geometry":{"type":"Polygon","coordinates":[[[131.3625,33.512499999999996],[131.3625,33.51666666666667],[131.36875,33.516666666666666],[131.36875,33.512499999999996],[131.3625,33.512499999999996]]]}},{"type":"Feature","id":"44211:503122194","properties":{"id":"44211:503122194","meshCode":"503122194","cityCode":"44211","city":"宇佐市","lat":33.5145833,"lon":131.371875,"areaKm2":0.2683503,"populated2020":false,"population2020":null,"populationNote":"境界またぎ・収録外等のため自治体内人口は未集計"},"geometry":{"type":"Polygon","coordinates":[[[131.36875,33.512499999999996],[131.36875,33.516666666666666],[131.375,33.51666666666667],[131.375,33.5125],[131.36875,33.512499999999996]]]}},{"type":"Feature","id":"44211:503123103","properties":{"id":"44211:503123103","meshCode":"503123103","cityCode":"44211","city":"宇佐市","lat":33.5145833,"lon":131.378125,"areaKm2":0.2683503,"populated2020":false,"population2020":null,"populationNote":"境界またぎ・収録外等のため自治体内人口は未集計"},"geometry":{"type":"Polygon","coordinates":[[[131.375,33.5125],[131.375,33.51666666666667],[131.38125,33.51666666666666],[131.38125,33.512499999999996],[131.375,33.5125]]]}},{"type":"Feature","id":"44211:503123104","properties":{"id":"44211:503123104","meshCode":"503123104","cityCode":"44211","city":"宇佐市","lat":33.5145833,"lon":131.384375,"areaKm2":0.2683503,"populated2020":false,"population2020":null,"populationNote":"境界またぎ・収録外等のため自治体内人口は未集計"},"geometry":{"type":"Polygon","coordinates":[[[131.38125,33.512499999999996],[131.38125,33.51666666666666],[131.3875,33.51666666666666],[131.3875,33.512499999999996],[131.38125,33.512499999999996]]]}},{"type":"Feature","id":"44211:503123113","properties":{"id":"44211:503123113","meshCode":"503123113","cityCode":"44211","city":"宇佐市","lat":33.5145833,"lon":131.390625,"areaKm2":0.2683503,"populated2020":true,"population2020":3.0143,"populationNote":"2020年基準人口（国交省調整値）"},"geometry":{"type":"Polygon","coordinates":[[[131.3875,33.512499999999996],[131.3875,33.51666666666666],[131.39375,33.516666666666666],[131.39375,33.51250000000001],[131.3875,33.512499999999996]]]}},{"type":"Feature","id":"44211:503123114","properties":{"id":"44211:503123114","meshCode":"503123114","cityCode":"44211","city":"宇佐市","lat":33.5145833,"lon":131.396875,"areaKm2":0.2683503,"populated2020":true,"population2020":6.0473,"populationNote":"2020年基準人口（国交省調整値）"},"geometry":{"type":"Polygon","coordinates":[[[131.39375,33.51250000000001],[131.39375,33.516666666666666],[131.4,33.51666666666667],[131.4,33.5125],[131.39375,33.51250000000001]]]}},{"type":"Feature","id":"44211:503123123","properties":{"id":"44211:503123123","meshCode":"503123123","cityCode":"44211","city":"宇佐市","lat":33.5145833,"lon":131.403125,"areaKm2":0.2683503,"populated2020":false,"population2020":null,"populationNote":"境界またぎ・収録外等のため自治体内人口は未集計"},"geometry":{"type":"Polygon","coordinates":[[[131.4,33.5125],[131.4,33.51666666666667],[131.40625,33.516666666666666],[131.40625,33.5125],[131.4,33.5125]]]}},{"type":"Feature","id":"44211:503123124","properties":{"id":"44211:503123124","meshCode":"503123124","cityCode":"44211","city":"宇佐市","lat":33.5145833,"lon":131.409375,"areaKm2":0.2683503,"populated2020":false,"population2020":null,"populationNote":"境界またぎ・収録外等のため自治体内人口は未集計"},"geometry":{"type":"Polygon","coordinates":[[[131.40625,33.5125],[131.40625,33.516666666666666],[131.4125,33.516666666666666],[131.4125,33.5125],[131.40625,33.5125]]]}},{"type":"Feature","id":"44211:503123133","properties":{"id":"44211:503123133","meshCode":"503123133","cityCode":"44211","city":"宇佐市","lat":33.5145833,"lon":131.415625,"areaKm2":0.2683503,"populated2020":true,"population2020":66.3519,"populationNote":"2020年基準人口（国交省調整値）"},"geometry":{"type":"Polygon","coordinates":[[[131.4125,33.5125],[131.4125,33.516666666666666],[131.41875,33.51666666666667],[131.41875,33.5125],[131.4125,33.5125]]]}},{"type":"Feature","id":"44211:503123134","properties":{"id":"44211:503123134","meshCode":"503123134","cityCode":"44211","city":"宇佐市","lat":33.5145833,"lon":131.421875,"areaKm2":0.2683503,"populated2020":true,"population2020":13.1406,"populationNote":"2020年基準人口（国交省調整値）"},"geometry":{"type":"Polygon","coordinates":[[[131.41875,33.5125],[131.41875,33.51666666666667],[131.425,33.516666666666666],[131.425,33.512499999999996],[131.41875,33.5125]]]}},{"type":"Feature","id":"44211:503123143","properties":{"id":"44211:503123143","meshCode":"503123143","cityCode":"44211","city":"宇佐市","lat":33.5145833,"lon":131.428125,"areaKm2":0.2523803,"populated2020":false,"population2020":null,"populationNote":"境界またぎ・収録外等のため自治体内人口は未集計"},"geometry":{"type":"Polygon","coordinates":[[[131.426795551,33.516652495],[131.427491946,33.51651027900001],[131.428774994,33.516620279],[131.43125,33.51564584318946],[131.43125,33.5125],[131.425,33.512499999999996],[131.425,33.516666666666666],[131.426795551,33.516652495]]]}},{"type":"Feature","id":"44211:503123144","properties":{"id":"44211:503123144","meshCode":"503123144","cityCode":"44211","city":"宇佐市","lat":33.5137865,"lon":131.432218,"areaKm2":0.0564707,"populated2020":false,"population2020":null,"populationNote":"境界またぎ・収録外等のため自治体内人口は未集計"},"geometry":{"type":"Polygon","coordinates":[[[131.43125,33.51564584318946],[131.433097497,33.51507305399999],[131.4332746146588,33.5125],[131.43125,33.5125],[131.43125,33.51564584318946]]]}},{"type":"Feature","id":"44211:503122202","properties":{"id":"44211:503122202","meshCode":"503122202","cityCode":"44211","city":"宇佐市","lat":33.5186644,"lon":131.2619474,"areaKm2":0.0631764,"populated2020":false,"population2020":null,"populationNote":"境界またぎ・収録外等のため自治体内人口は未集計"},"geometry":{"type":"Polygon","coordinates":[[[131.26152847000006,33.516666667000095],[131.2613947210001,33.51674722500002],[131.26109861200018,33.517261387000076],[131.2614491700001,33.518092775000135],[131.261519442,33.51834972100005],[131.26146472100004,33.518545829000125],[131.26101333299994,33.519205559],[131.26070194600004,33.51994527900012],[131.2600808126454,33.52083333333334],[131.2625,33.52083333333334],[131.2625,33.51666666666667],[131.26152847000006,33.516666667000095]]]}},{"type":"Feature","id":"44211:503122211","properties":{"id":"44211:503122211","meshCode":"503122211","cityCode":"44211","city":"宇佐市","lat":33.51875,"lon":131.265625,"areaKm2":0.2683376,"populated2020":false,"population2020":null,"populationNote":"境界またぎ・収録外等のため自治体内人口は未集計"},"geometry":{"type":"Polygon","coordinates":[[[131.2625,33.51666666666667],[131.2625,33.52083333333334],[131.26875,33.52083333333334],[131.26875,33.516666666666666],[131.2625,33.51666666666667]]]}},{"type":"Feature","id":"44211:503122212","properties":{"id":"44211:503122212","meshCode":"503122212","cityCode":"44211","city":"宇佐市","lat":33.51875,"lon":131.271875,"areaKm2":0.2683376,"populated2020":false,"population2020":null,"populationNote":"境界またぎ・収録外等のため自治体内人口は未集計"},"geometry":{"type":"Polygon","coordinates":[[[131.26875,33.516666666666666],[131.26875,33.52083333333334],[131.275,33.520833333333336],[131.275,33.516666666666666],[131.26875,33.516666666666666]]]}},{"type":"Feature","id":"44211:503122221","properties":{"id":"44211:503122221","meshCode":"503122221","cityCode":"44211","city":"宇佐市","lat":33.51875,"lon":131.278125,"areaKm2":0.2683376,"populated2020":false,"population2020":null,"populationNote":"境界またぎ・収録外等のため自治体内人口は未集計"},"geometry":{"type":"Polygon","coordinates":[[[131.275,33.516666666666666],[131.275,33.520833333333336],[131.28125,33.52083333333334],[131.28125,33.516666666666666],[131.275,33.516666666666666]]]}},{"type":"Feature","id":"44211:503122222","properties":{"id":"44211:503122222","meshCode":"503122222","cityCode":"44211","city":"宇佐市","lat":33.51875,"lon":131.284375,"areaKm2":0.2683376,"populated2020":false,"population2020":null,"populationNote":"境界またぎ・収録外等のため自治体内人口は未集計"},"geometry":{"type":"Polygon","coordinates":[[[131.28125,33.516666666666666],[131.28125,33.52083333333334],[131.2875,33.520833333333336],[131.2875,33.51666666666666],[131.28125,33.516666666666666]]]}},{"type":"Feature","id":"44211:503122231","properties":{"id":"44211:503122231","meshCode":"503122231","cityCode":"44211","city":"宇佐市","lat":33.51875,"lon":131.290625,"areaKm2":0.2683376,"populated2020":true,"population2020":8.0627,"populationNote":"2020年基準人口（国交省調整値）"},"geometry":{"type":"Polygon","coordinates":[[[131.2875,33.51666666666666],[131.2875,33.520833333333336],[131.29375,33.520833333333336],[131.29375,33.516666666666666],[131.2875,33.51666666666666]]]}},{"type":"Feature","id":"44211:503122232","properties":{"id":"44211:503122232","meshCode":"503122232","cityCode":"44211","city":"宇佐市","lat":33.51875,"lon":131.296875,"areaKm2":0.2683376,"populated2020":true,"population2020":6.0337,"populationNote":"2020年基準人口（国交省調整値）"},"geometry":{"type":"Polygon","coordinates":[[[131.29375,33.516666666666666],[131.29375,33.520833333333336],[131.30000000000004,33.52083333333334],[131.30000000000004,33.516666666666666],[131.29375,33.516666666666666]]]}},{"type":"Feature","id":"44211:503122241","properties":{"id":"44211:503122241","meshCode":"503122241","cityCode":"44211","city":"宇佐市","lat":33.51875,"lon":131.303125,"areaKm2":0.2683376,"populated2020":true,"population2020":70.6221,"populationNote":"2020年基準人口（国交省調整値）"},"geometry":{"type":"Polygon","coordinates":[[[131.30000000000004,33.516666666666666],[131.30000000000004,33.52083333333334],[131.30625,33.520833333333336],[131.30625,33.51666666666667],[131.30000000000004,33.516666666666666]]]}},{"type":"Feature","id":"44211:503122242","properties":{"id":"44211:503122242","meshCode":"503122242","cityCode":"44211","city":"宇佐市","lat":33.51875,"lon":131.309375,"areaKm2":0.2683376,"populated2020":true,"population2020":10.1079,"populationNote":"2020年基準人口（国交省調整値）"},"geometry":{"type":"Polygon","coordinates":[[[131.30625,33.51666666666667],[131.30625,33.520833333333336],[131.3125,33.52083333333334],[131.3125,33.516666666666666],[131.30625,33.51666666666667]]]}},{"type":"Feature","id":"44211:503122251","properties":{"id":"44211:503122251","meshCode":"503122251","cityCode":"44211","city":"宇佐市","lat":33.51875,"lon":131.315625,"areaKm2":0.2683376,"populated2020":true,"population2020":29.1464,"populationNote":"2020年基準人口（国交省調整値）"},"geometry":{"type":"Polygon","coordinates":[[[131.3125,33.516666666666666],[131.3125,33.52083333333334],[131.31875,33.52083333333334],[131.31875,33.516666666666666],[131.3125,33.516666666666666]]]}},{"type":"Feature","id":"44211:503122252","properties":{"id":"44211:503122252","meshCode":"503122252","cityCode":"44211","city":"宇佐市","lat":33.51875,"lon":131.321875,"areaKm2":0.2683376,"populated2020":true,"population2020":46.3605,"populationNote":"2020年基準人口（国交省調整値）"},"geometry":{"type":"Polygon","coordinates":[[[131.31875,33.516666666666666],[131.31875,33.52083333333334],[131.325,33.52083333333334],[131.325,33.516666666666666],[131.31875,33.516666666666666]]]}},{"type":"Feature","id":"44211:503122261","properties":{"id":"44211:503122261","meshCode":"503122261","cityCode":"44211","city":"宇佐市","lat":33.51875,"lon":131.328125,"areaKm2":0.2683376,"populated2020":true,"population2020":38.319,"populationNote":"2020年基準人口（国交省調整値）"},"geometry":{"type":"Polygon","coordinates":[[[131.325,33.516666666666666],[131.325,33.52083333333334],[131.33125,33.520833333333336],[131.33125,33.516666666666666],[131.325,33.516666666666666]]]}},{"type":"Feature","id":"44211:503122262","properties":{"id":"44211:503122262","meshCode":"503122262","cityCode":"44211","city":"宇佐市","lat":33.51875,"lon":131.334375,"areaKm2":0.2683376,"populated2020":true,"population2020":329.9007,"populationNote":"2020年基準人口（国交省調整値）"},"geometry":{"type":"Polygon","coordinates":[[[131.33125,33.516666666666666],[131.33125,33.520833333333336],[131.3375,33.52083333333334],[131.3375,33.516666666666666],[131.33125,33.516666666666666]]]}},{"type":"Feature","id":"44211:503122271","properties":{"id":"44211:503122271","meshCode":"503122271","cityCode":"44211","city":"宇佐市","lat":33.51875,"lon":131.340625,"areaKm2":0.2683376,"populated2020":true,"population2020":445.6951,"populationNote":"2020年基準人口（国交省調整値）"},"geometry":{"type":"Polygon","coordinates":[[[131.3375,33.516666666666666],[131.3375,33.52083333333334],[131.34375,33.52083333333334],[131.34375,33.51666666666668],[131.3375,33.516666666666666]]]}},{"type":"Feature","id":"44211:503122272","properties":{"id":"44211:503122272","meshCode":"503122272","cityCode":"44211","city":"宇佐市","lat":33.51875,"lon":131.346875,"areaKm2":0.2683376,"populated2020":true,"population2020":34.156,"populationNote":"2020年基準人口（国交省調整値）"},"geometry":{"type":"Polygon","coordinates":[[[131.34375,33.51666666666668],[131.34375,33.52083333333334],[131.35,33.52083333333334],[131.35,33.51666666666667],[131.34375,33.51666666666668]]]}},{"type":"Feature","id":"44211:503122281","properties":{"id":"44211:503122281","meshCode":"503122281","cityCode":"44211","city":"宇佐市","lat":33.51875,"lon":131.353125,"areaKm2":0.2683376,"populated2020":true,"population2020":22.109,"populationNote":"2020年基準人口（国交省調整値）"},"geometry":{"type":"Polygon","coordinates":[[[131.35,33.51666666666667],[131.35,33.52083333333334],[131.35625000000002,33.520833333333336],[131.35625000000002,33.516666666666666],[131.35,33.51666666666667]]]}},{"type":"Feature","id":"44211:503122282","properties":{"id":"44211:503122282","meshCode":"503122282","cityCode":"44211","city":"宇佐市","lat":33.51875,"lon":131.359375,"areaKm2":0.2683376,"populated2020":true,"population2020":61.4901,"populationNote":"2020年基準人口（国交省調整値）"},"geometry":{"type":"Polygon","coordinates":[[[131.35625000000002,33.516666666666666],[131.35625000000002,33.520833333333336],[131.3625,33.520833333333336],[131.3625,33.51666666666667],[131.35625000000002,33.516666666666666]]]}},{"type":"Feature","id":"44211:503122291","properties":{"id":"44211:503122291","meshCode":"503122291","cityCode":"44211","city":"宇佐市","lat":33.51875,"lon":131.365625,"areaKm2":0.2683376,"populated2020":true,"population2020":8.0655,"populationNote":"2020年基準人口（国交省調整値）"},"geometry":{"type":"Polygon","coordinates":[[[131.3625,33.51666666666667],[131.3625,33.520833333333336],[131.36875,33.520833333333336],[131.36875,33.516666666666666],[131.3625,33.51666666666667]]]}},{"type":"Feature","id":"44211:503122292","properties":{"id":"44211:503122292","meshCode":"503122292","cityCode":"44211","city":"宇佐市","lat":33.51875,"lon":131.371875,"areaKm2":0.2683376,"populated2020":false,"population2020":null,"populationNote":"境界またぎ・収録外等のため自治体内人口は未集計"},"geometry":{"type":"Polygon","coordinates":[[[131.36875,33.516666666666666],[131.36875,33.520833333333336],[131.375,33.52083333333334],[131.375,33.51666666666667],[131.36875,33.516666666666666]]]}},{"type":"Feature","id":"44211:503123201","properties":{"id":"44211:503123201","meshCode":"503123201","cityCode":"44211","city":"宇佐市","lat":33.51875,"lon":131.378125,"areaKm2":0.2683376,"populated2020":true,"population2020":5.0506,"populationNote":"2020年基準人口（国交省調整値）"},"geometry":{"type":"Polygon","coordinates":[[[131.375,33.51666666666667],[131.375,33.52083333333334],[131.38125,33.52083333333334],[131.38125,33.51666666666666],[131.375,33.51666666666667]]]}},{"type":"Feature","id":"44211:503123202","properties":{"id":"44211:503123202","meshCode":"503123202","cityCode":"44211","city":"宇佐市","lat":33.51875,"lon":131.384375,"areaKm2":0.2683376,"populated2020":false,"population2020":null,"populationNote":"境界またぎ・収録外等のため自治体内人口は未集計"},"geometry":{"type":"Polygon","coordinates":[[[131.38125,33.51666666666666],[131.38125,33.52083333333334],[131.3875,33.52083333333334],[131.3875,33.51666666666666],[131.38125,33.51666666666666]]]}},{"type":"Feature","id":"44211:503123211","properties":{"id":"44211:503123211","meshCode":"503123211","cityCode":"44211","city":"宇佐市","lat":33.51875,"lon":131.390625,"areaKm2":0.2683376,"populated2020":true,"population2020":14.1296,"populationNote":"2020年基準人口（国交省調整値）"},"geometry":{"type":"Polygon","coordinates":[[[131.3875,33.51666666666666],[131.3875,33.52083333333334],[131.39375,33.52083333333334],[131.39375,33.516666666666666],[131.3875,33.51666666666666]]]}},{"type":"Feature","id":"44211:503123212","properties":{"id":"44211:503123212","meshCode":"503123212","cityCode":"44211","city":"宇佐市","lat":33.51875,"lon":131.396875,"areaKm2":0.2683376,"populated2020":true,"population2020":17.1362,"populationNote":"2020年基準人口（国交省調整値）"},"geometry":{"type":"Polygon","coordinates":[[[131.39375,33.516666666666666],[131.39375,33.52083333333334],[131.4,33.52083333333334],[131.4,33.51666666666667],[131.39375,33.516666666666666]]]}},{"type":"Feature","id":"44211:503123221","properties":{"id":"44211:503123221","meshCode":"503123221","cityCode":"44211","city":"宇佐市","lat":33.51875,"lon":131.403125,"areaKm2":0.2683376,"populated2020":false,"population2020":null,"populationNote":"境界またぎ・収録外等のため自治体内人口は未集計"},"geometry":{"type":"Polygon","coordinates":[[[131.4,33.51666666666667],[131.4,33.52083333333334],[131.40625,33.520833333333336],[131.40625,33.516666666666666],[131.4,33.51666666666667]]]}},{"type":"Feature","id":"44211:503123222","properties":{"id":"44211:503123222","meshCode":"503123222","cityCode":"44211","city":"宇佐市","lat":33.51875,"lon":131.409375,"areaKm2":0.2683376,"populated2020":true,"population2020":29.1992,"populationNote":"2020年基準人口（国交省調整値）"},"geometry":{"type":"Polygon","coordinates":[[[131.40625,33.516666666666666],[131.40625,33.520833333333336],[131.4125,33.520833333333336],[131.4125,33.516666666666666],[131.40625,33.516666666666666]]]}},{"type":"Feature","id":"44211:503123231","properties":{"id":"44211:503123231","meshCode":"503123231","cityCode":"44211","city":"宇佐市","lat":33.51875,"lon":131.415625,"areaKm2":0.2683376,"populated2020":true,"population2020":31.2118,"populationNote":"2020年基準人口（国交省調整値）"},"geometry":{"type":"Polygon","coordinates":[[[131.4125,33.516666666666666],[131.4125,33.520833333333336],[131.41875,33.52083333333334],[131.41875,33.51666666666667],[131.4125,33.516666666666666]]]}},{"type":"Feature","id":"44211:503123232","properties":{"id":"44211:503123232","meshCode":"503123232","cityCode":"44211","city":"宇佐市","lat":33.51875,"lon":131.421875,"areaKm2":0.218659,"populated2020":true,"population2020":null,"populationNote":"境界またぎ・収録外等のため自治体内人口は未集計"},"geometry":{"type":"Polygon","coordinates":[[[131.424980272,33.51883277499999],[131.42369722400002,33.518800559],[131.423179728,33.51870361300001],[131.422670272,33.51823610800001],[131.421066394,33.517181108],[131.421011115,33.517037775000006],[131.421212776,33.51694749499999],[131.422390272,33.517090829],[131.424899728,33.517196387000006],[131.425,33.517185414],[131.425,33.516666666666666],[131.41875,33.51666666666667],[131.41875,33.52083333333334],[131.425,33.520833333333336],[131.424980272,33.51883277499999]]]}},{"type":"Feature","id":"44211:503123241","properties":{"id":"44211:503123241","meshCode":"503123241","cityCode":"44211","city":"宇佐市","lat":33.51875,"lon":131.428125,"areaKm2":0.1361523,"populated2020":false,"population2020":null,"populationNote":"境界またぎ・収録外等のため自治体内人口は未集計"},"geometry":{"type":"MultiPolygon","coordinates":[[[[131.43125,33.52042683025772],[131.429197224,33.518872775],[131.428474163,33.518453333],[131.427738885,33.518253333],[131.426897782,33.517791387],[131.426683891,33.517768892],[131.42645610900001,33.51786722500001],[131.426055837,33.518581387],[131.42594083,33.518658892000005],[131.425,33.518829532],[131.425,33.520833333333336],[131.43125,33.520833333333336],[131.43125,33.52042683025772]]],[[[131.425018885,33.51718333299999],[131.425866939,33.516955829],[131.42674683614584,33.516666666666666],[131.425,33.516666666666666],[131.425018885,33.51718333299999]]]]}},{"type":"Feature","id":"44211:503123242","properties":{"id":"44211:503123242","meshCode":"503123242","cityCode":"44211","city":"宇佐市","lat":33.520701,"lon":131.4315282,"areaKm2":0.0016759,"populated2020":false,"population2020":null,"populationNote":"境界またぎ・収録外等のため自治体内人口は未集計"},"geometry":{"type":"Polygon","coordinates":[[[131.43214609905422,33.52083333333334],[131.43125,33.52042683025772],[131.43125,33.520833333333336],[131.43214609905422,33.52083333333334]]]}},{"type":"Feature","id":"44211:503122204","properties":{"id":"44211:503122204","meshCode":"503122204","cityCode":"44211","city":"宇佐市","lat":33.5229167,"lon":131.259375,"areaKm2":0.1799734,"populated2020":false,"population2020":null,"populationNote":"境界またぎ・収録外等のため自治体内人口は未集計"},"geometry":{"type":"Polygon","coordinates":[[[131.2600808126454,33.52083333333334],[131.259713606,33.521374721000086],[131.25889527900006,33.52207249500009],[131.25843555100005,33.522886667000144],[131.25757138799997,33.523424441000024],[131.2568858630001,33.525],[131.2625,33.525000000000006],[131.2625,33.52083333333334],[131.2600808126454,33.52083333333334]]]}},{"type":"Feature","id":"44211:503122213","properties":{"id":"44211:503122213","meshCode":"503122213","cityCode":"44211","city":"宇佐市","lat":33.5229167,"lon":131.265625,"areaKm2":0.2683249,"populated2020":false,"population2020":null,"populationNote":"境界またぎ・収録外等のため自治体内人口は未集計"},"geometry":{"type":"Polygon","coordinates":[[[131.2625,33.52083333333334],[131.2625,33.525000000000006],[131.26875,33.525000000000006],[131.26875,33.52083333333334],[131.2625,33.52083333333334]]]}},{"type":"Feature","id":"44211:503122214","properties":{"id":"44211:503122214","meshCode":"503122214","cityCode":"44211","city":"宇佐市","lat":33.5229167,"lon":131.271875,"areaKm2":0.2683249,"populated2020":true,"population2020":7.063,"populationNote":"2020年基準人口（国交省調整値）"},"geometry":{"type":"Polygon","coordinates":[[[131.26875,33.52083333333334],[131.26875,33.525000000000006],[131.275,33.525000000000006],[131.275,33.520833333333336],[131.26875,33.52083333333334]]]}},{"type":"Feature","id":"44211:503122223","properties":{"id":"44211:503122223","meshCode":"503122223","cityCode":"44211","city":"宇佐市","lat":33.5229167,"lon":131.278125,"areaKm2":0.2683249,"populated2020":true,"population2020":8.0584,"populationNote":"2020年基準人口（国交省調整値）"},"geometry":{"type":"Polygon","coordinates":[[[131.275,33.520833333333336],[131.275,33.525000000000006],[131.28125,33.525],[131.28125,33.52083333333334],[131.275,33.520833333333336]]]}},{"type":"Feature","id":"44211:503122224","properties":{"id":"44211:503122224","meshCode":"503122224","cityCode":"44211","city":"宇佐市","lat":33.5229167,"lon":131.284375,"areaKm2":0.2683249,"populated2020":false,"population2020":null,"populationNote":"境界またぎ・収録外等のため自治体内人口は未集計"},"geometry":{"type":"Polygon","coordinates":[[[131.28125,33.52083333333334],[131.28125,33.525],[131.2875,33.525000000000006],[131.2875,33.520833333333336],[131.28125,33.52083333333334]]]}},{"type":"Feature","id":"44211:503122233","properties":{"id":"44211:503122233","meshCode":"503122233","cityCode":"44211","city":"宇佐市","lat":33.5229167,"lon":131.290625,"areaKm2":0.2683249,"populated2020":true,"population2020":6.0487,"populationNote":"2020年基準人口（国交省調整値）"},"geometry":{"type":"Polygon","coordinates":[[[131.2875,33.520833333333336],[131.2875,33.525000000000006],[131.29375,33.525],[131.29375,33.520833333333336],[131.2875,33.520833333333336]]]}},{"type":"Feature","id":"44211:503122234","properties":{"id":"44211:503122234","meshCode":"503122234","cityCode":"44211","city":"宇佐市","lat":33.5229167,"lon":131.296875,"areaKm2":0.2683249,"populated2020":true,"population2020":31.2292,"populationNote":"2020年基準人口（国交省調整値）"},"geometry":{"type":"Polygon","coordinates":[[[131.29375,33.520833333333336],[131.29375,33.525],[131.30000000000004,33.525000000000006],[131.30000000000004,33.52083333333334],[131.29375,33.520833333333336]]]}},{"type":"Feature","id":"44211:503122243","properties":{"id":"44211:503122243","meshCode":"503122243","cityCode":"44211","city":"宇佐市","lat":33.5229167,"lon":131.303125,"areaKm2":0.2683249,"populated2020":true,"population2020":64.5215,"populationNote":"2020年基準人口（国交省調整値）"},"geometry":{"type":"Polygon","coordinates":[[[131.30000000000004,33.52083333333334],[131.30000000000004,33.525000000000006],[131.30625,33.525000000000006],[131.30625,33.520833333333336],[131.30000000000004,33.52083333333334]]]}},{"type":"Feature","id":"44211:503122244","properties":{"id":"44211:503122244","meshCode":"503122244","cityCode":"44211","city":"宇佐市","lat":33.5229167,"lon":131.309375,"areaKm2":0.2683249,"populated2020":true,"population2020":17.1282,"populationNote":"2020年基準人口（国交省調整値）"},"geometry":{"type":"Polygon","coordinates":[[[131.30625,33.520833333333336],[131.30625,33.525000000000006],[131.3125,33.525],[131.3125,33.52083333333334],[131.30625,33.520833333333336]]]}},{"type":"Feature","id":"44211:503122253","properties":{"id":"44211:503122253","meshCode":"503122253","cityCode":"44211","city":"宇佐市","lat":33.5229167,"lon":131.315625,"areaKm2":0.2683249,"populated2020":true,"population2020":94.6468,"populationNote":"2020年基準人口（国交省調整値）"},"geometry":{"type":"Polygon","coordinates":[[[131.3125,33.52083333333334],[131.3125,33.525],[131.31875,33.525],[131.31875,33.52083333333334],[131.3125,33.52083333333334]]]}},{"type":"Feature","id":"44211:503122254","properties":{"id":"44211:503122254","meshCode":"503122254","cityCode":"44211","city":"宇佐市","lat":33.5229167,"lon":131.321875,"areaKm2":0.2683249,"populated2020":true,"population2020":215.2569,"populationNote":"2020年基準人口（国交省調整値）"},"geometry":{"type":"Polygon","coordinates":[[[131.31875,33.52083333333334],[131.31875,33.525],[131.325,33.525000000000006],[131.325,33.52083333333334],[131.31875,33.52083333333334]]]}},{"type":"Feature","id":"44211:503122263","properties":{"id":"44211:503122263","meshCode":"503122263","cityCode":"44211","city":"宇佐市","lat":33.5229167,"lon":131.328125,"areaKm2":0.2683249,"populated2020":true,"population2020":425.5428,"populationNote":"2020年基準人口（国交省調整値）"},"geometry":{"type":"Polygon","coordinates":[[[131.325,33.52083333333334],[131.325,33.525000000000006],[131.33125,33.525],[131.33125,33.520833333333336],[131.325,33.52083333333334]]]}},{"type":"Feature","id":"44211:503122264","properties":{"id":"44211:503122264","meshCode":"503122264","cityCode":"44211","city":"宇佐市","lat":33.5229167,"lon":131.334375,"areaKm2":0.2683249,"populated2020":true,"population2020":765.5072,"populationNote":"2020年基準人口（国交省調整値）"},"geometry":{"type":"Polygon","coordinates":[[[131.33125,33.520833333333336],[131.33125,33.525],[131.3375,33.525],[131.3375,33.52083333333334],[131.33125,33.520833333333336]]]}},{"type":"Feature","id":"44211:503122273","properties":{"id":"44211:503122273","meshCode":"503122273","cityCode":"44211","city":"宇佐市","lat":33.5229167,"lon":131.340625,"areaKm2":0.2683249,"populated2020":true,"population2020":900.4541,"populationNote":"2020年基準人口（国交省調整値）"},"geometry":{"type":"Polygon","coordinates":[[[131.3375,33.52083333333334],[131.3375,33.525],[131.34375,33.525000000000006],[131.34375,33.52083333333334],[131.3375,33.52083333333334]]]}},{"type":"Feature","id":"44211:503122274","properties":{"id":"44211:503122274","meshCode":"503122274","cityCode":"44211","city":"宇佐市","lat":33.5229167,"lon":131.346875,"areaKm2":0.2683249,"populated2020":true,"population2020":151.2515,"populationNote":"2020年基準人口（国交省調整値）"},"geometry":{"type":"Polygon","coordinates":[[[131.34375,33.52083333333334],[131.34375,33.525000000000006],[131.35,33.525],[131.35,33.52083333333334],[131.34375,33.52083333333334]]]}},{"type":"Feature","id":"44211:503122283","properties":{"id":"44211:503122283","meshCode":"503122283","cityCode":"44211","city":"宇佐市","lat":33.5229167,"lon":131.353125,"areaKm2":0.2683249,"populated2020":true,"population2020":192.2709,"populationNote":"2020年基準人口（国交省調整値）"},"geometry":{"type":"Polygon","coordinates":[[[131.35,33.52083333333334],[131.35,33.525],[131.35625000000002,33.525000000000006],[131.35625000000002,33.520833333333336],[131.35,33.52083333333334]]]}},{"type":"Feature","id":"44211:503122284","properties":{"id":"44211:503122284","meshCode":"503122284","cityCode":"44211","city":"宇佐市","lat":33.5229167,"lon":131.359375,"areaKm2":0.2683249,"populated2020":true,"population2020":54.3422,"populationNote":"2020年基準人口（国交省調整値）"},"geometry":{"type":"Polygon","coordinates":[[[131.35625000000002,33.520833333333336],[131.35625000000002,33.525000000000006],[131.3625,33.525],[131.3625,33.520833333333336],[131.35625000000002,33.520833333333336]]]}},{"type":"Feature","id":"44211:503122293","properties":{"id":"44211:503122293","meshCode":"503122293","cityCode":"44211","city":"宇佐市","lat":33.5229167,"lon":131.365625,"areaKm2":0.2683249,"populated2020":true,"population2020":38.2982,"populationNote":"2020年基準人口（国交省調整値）"},"geometry":{"type":"Polygon","coordinates":[[[131.3625,33.520833333333336],[131.3625,33.525],[131.36875,33.525],[131.36875,33.520833333333336],[131.3625,33.520833333333336]]]}},{"type":"Feature","id":"44211:503122294","properties":{"id":"44211:503122294","meshCode":"503122294","cityCode":"44211","city":"宇佐市","lat":33.5229167,"lon":131.371875,"areaKm2":0.2683249,"populated2020":true,"population2020":21.121,"populationNote":"2020年基準人口（国交省調整値）"},"geometry":{"type":"Polygon","coordinates":[[[131.36875,33.520833333333336],[131.36875,33.525],[131.375,33.525],[131.375,33.52083333333334],[131.36875,33.520833333333336]]]}},{"type":"Feature","id":"44211:503123203","properties":{"id":"44211:503123203","meshCode":"503123203","cityCode":"44211","city":"宇佐市","lat":33.5229167,"lon":131.378125,"areaKm2":0.2683249,"populated2020":true,"population2020":68.5201,"populationNote":"2020年基準人口（国交省調整値）"},"geometry":{"type":"Polygon","coordinates":[[[131.375,33.52083333333334],[131.375,33.525],[131.38125,33.52499999999999],[131.38125,33.52083333333334],[131.375,33.52083333333334]]]}},{"type":"Feature","id":"44211:503123204","properties":{"id":"44211:503123204","meshCode":"503123204","cityCode":"44211","city":"宇佐市","lat":33.5229167,"lon":131.384375,"areaKm2":0.2683249,"populated2020":false,"population2020":null,"populationNote":"境界またぎ・収録外等のため自治体内人口は未集計"},"geometry":{"type":"Polygon","coordinates":[[[131.38125,33.52083333333334],[131.38125,33.52499999999999],[131.3875,33.525],[131.3875,33.52083333333334],[131.38125,33.52083333333334]]]}},{"type":"Feature","id":"44211:503123213","properties":{"id":"44211:503123213","meshCode":"503123213","cityCode":"44211","city":"宇佐市","lat":33.5229167,"lon":131.390625,"areaKm2":0.2683249,"populated2020":true,"population2020":72.57,"populationNote":"2020年基準人口（国交省調整値）"},"geometry":{"type":"Polygon","coordinates":[[[131.3875,33.52083333333334],[131.3875,33.525],[131.39375,33.525000000000006],[131.39375,33.52083333333334],[131.3875,33.52083333333334]]]}},{"type":"Feature","id":"44211:503123214","properties":{"id":"44211:503123214","meshCode":"503123214","cityCode":"44211","city":"宇佐市","lat":33.5229167,"lon":131.396875,"areaKm2":0.2683249,"populated2020":false,"population2020":null,"populationNote":"境界またぎ・収録外等のため自治体内人口は未集計"},"geometry":{"type":"Polygon","coordinates":[[[131.39375,33.52083333333334],[131.39375,33.525000000000006],[131.4,33.525000000000006],[131.4,33.52083333333334],[131.39375,33.52083333333334]]]}},{"type":"Feature","id":"44211:503123223","properties":{"id":"44211:503123223","meshCode":"503123223","cityCode":"44211","city":"宇佐市","lat":33.5229167,"lon":131.403125,"areaKm2":0.2683249,"populated2020":false,"population2020":null,"populationNote":"境界またぎ・収録外等のため自治体内人口は未集計"},"geometry":{"type":"Polygon","coordinates":[[[131.4,33.52083333333334],[131.4,33.525000000000006],[131.40625,33.525000000000006],[131.40625,33.520833333333336],[131.4,33.52083333333334]]]}},{"type":"Feature","id":"44211:503123224","properties":{"id":"44211:503123224","meshCode":"503123224","cityCode":"44211","city":"宇佐市","lat":33.5229167,"lon":131.409375,"areaKm2":0.2683249,"populated2020":true,"population2020":41.3521,"populationNote":"2020年基準人口（国交省調整値）"},"geometry":{"type":"Polygon","coordinates":[[[131.40625,33.520833333333336],[131.40625,33.525000000000006],[131.4125,33.525],[131.4125,33.520833333333336],[131.40625,33.520833333333336]]]}},{"type":"Feature","id":"44211:503123233","properties":{"id":"44211:503123233","meshCode":"503123233","cityCode":"44211","city":"宇佐市","lat":33.5229167,"lon":131.415625,"areaKm2":0.2683249,"populated2020":true,"population2020":13.1165,"populationNote":"2020年基準人口（国交省調整値）"},"geometry":{"type":"Polygon","coordinates":[[[131.4125,33.520833333333336],[131.4125,33.525],[131.41875,33.525],[131.41875,33.52083333333334],[131.4125,33.520833333333336]]]}},{"type":"Feature","id":"44211:503123234","properties":{"id":"44211:503123234","meshCode":"503123234","cityCode":"44211","city":"宇佐市","lat":33.5229167,"lon":131.421875,"areaKm2":0.2683249,"populated2020":true,"population2020":7.0513,"populationNote":"2020年基準人口（国交省調整値）"},"geometry":{"type":"Polygon","coordinates":[[[131.41875,33.52083333333334],[131.41875,33.525],[131.425,33.525],[131.425,33.520833333333336],[131.41875,33.52083333333334]]]}},{"type":"Feature","id":"44211:503123243","properties":{"id":"44211:503123243","meshCode":"503123243","cityCode":"44211","city":"宇佐市","lat":33.5229167,"lon":131.428125,"areaKm2":0.2683249,"populated2020":false,"population2020":null,"populationNote":"境界またぎ・収録外等のため自治体内人口は未集計"},"geometry":{"type":"Polygon","coordinates":[[[131.425,33.520833333333336],[131.425,33.525],[131.43125,33.525],[131.43125,33.520833333333336],[131.425,33.520833333333336]]]}},{"type":"Feature","id":"44211:503123244","properties":{"id":"44211:503123244","meshCode":"503123244","cityCode":"44211","city":"宇佐市","lat":33.5229167,"lon":131.434375,"areaKm2":0.1919361,"populated2020":false,"population2020":null,"populationNote":"境界またぎ・収録外等のため自治体内人口は未集計"},"geometry":{"type":"Polygon","coordinates":[[[131.4375,33.52302235493966],[131.436811388,33.523468054],[131.43654,33.523552224999996],[131.436103891,33.523008892],[131.435321946,33.522310829],[131.434168327,33.521937495],[131.43293083000003,33.521165829000005],[131.43214609905422,33.52083333333334],[131.43125,33.520833333333336],[131.43125,33.525],[131.4375,33.52499999999999],[131.4375,33.52302235493966]]]}},{"type":"Feature","id":"44211:503123253","properties":{"id":"44211:503123253","meshCode":"503123253","cityCode":"44211","city":"宇佐市","lat":33.5239615,"lon":131.440175,"areaKm2":0.1076818,"populated2020":false,"population2020":null,"populationNote":"境界またぎ・収録外等のため自治体内人口は未集計"},"geometry":{"type":"Polygon","coordinates":[[[131.44375,33.524187219807594],[131.441948885,33.52365110800001],[131.44118,33.523189162],[131.44004166,33.523163613],[131.439327224,33.522899162],[131.43791166,33.52285389200001],[131.4375,33.52302235493966],[131.4375,33.52499999999999],[131.44375,33.52499999999999],[131.44375,33.524187219807594]]]}},{"type":"Feature","id":"44211:503123254","properties":{"id":"44211:503123254","meshCode":"503123254","cityCode":"44211","city":"宇佐市","lat":33.5245732,"lon":131.444235,"areaKm2":0.0081943,"populated2020":false,"population2020":null,"populationNote":"境界またぎ・収録外等のため自治体内人口は未集計"},"geometry":{"type":"Polygon","coordinates":[[[131.445352166,33.525000000000006],[131.444304721,33.52431],[131.44375,33.524187219807594],[131.44375,33.52499999999999],[131.445352166,33.525000000000006]]]}},{"type":"Feature","id":"44211:503122302","properties":{"id":"44211:503122302","meshCode":"503122302","cityCode":"44211","city":"宇佐市","lat":33.5270833,"lon":131.259375,"areaKm2":0.240244,"populated2020":false,"population2020":null,"populationNote":"境界またぎ・収録外等のため自治体内人口は未集計"},"geometry":{"type":"Polygon","coordinates":[[[131.2568858630001,33.525],[131.2569563940001,33.5261022250001],[131.25684722400013,33.52659194600001],[131.25703444900014,33.52727610800014],[131.25703444900014,33.52755777500005],[131.25687083000014,33.528494162000015],[131.25665050240465,33.529166666666676],[131.2625,33.52916666666667],[131.2625,33.525000000000006],[131.2568858630001,33.525]]]}},{"type":"Feature","id":"44211:503122311","properties":{"id":"44211:503122311","meshCode":"503122311","cityCode":"44211","city":"宇佐市","lat":33.5270833,"lon":131.265625,"areaKm2":0.2683122,"populated2020":false,"population2020":null,"populationNote":"境界またぎ・収録外等のため自治体内人口は未集計"},"geometry":{"type":"Polygon","coordinates":[[[131.2625,33.525000000000006],[131.2625,33.52916666666667],[131.26875,33.529166666666676],[131.26875,33.525000000000006],[131.2625,33.525000000000006]]]}},{"type":"Feature","id":"44211:503122312","properties":{"id":"44211:503122312","meshCode":"503122312","cityCode":"44211","city":"宇佐市","lat":33.5270833,"lon":131.271875,"areaKm2":0.2683122,"populated2020":true,"population2020":7.0326,"populationNote":"2020年基準人口（国交省調整値）"},"geometry":{"type":"Polygon","coordinates":[[[131.26875,33.525000000000006],[131.26875,33.529166666666676],[131.275,33.52916666666667],[131.275,33.525000000000006],[131.26875,33.525000000000006]]]}},{"type":"Feature","id":"44211:503122321","properties":{"id":"44211:503122321","meshCode":"503122321","cityCode":"44211","city":"宇佐市","lat":33.5270833,"lon":131.278125,"areaKm2":0.2683122,"populated2020":true,"population2020":23.1653,"populationNote":"2020年基準人口（国交省調整値）"},"geometry":{"type":"Polygon","coordinates":[[[131.275,33.525000000000006],[131.275,33.52916666666667],[131.28125,33.52916666666666],[131.28125,33.525],[131.275,33.525000000000006]]]}},{"type":"Feature","id":"44211:503122322","properties":{"id":"44211:503122322","meshCode":"503122322","cityCode":"44211","city":"宇佐市","lat":33.5270833,"lon":131.284375,"areaKm2":0.2683122,"populated2020":true,"population2020":47.3316,"populationNote":"2020年基準人口（国交省調整値）"},"geometry":{"type":"Polygon","coordinates":[[[131.28125,33.525],[131.28125,33.52916666666666],[131.2875,33.52916666666667],[131.2875,33.525000000000006],[131.28125,33.525]]]}},{"type":"Feature","id":"44211:503122331","properties":{"id":"44211:503122331","meshCode":"503122331","cityCode":"44211","city":"宇佐市","lat":33.5270833,"lon":131.290625,"areaKm2":0.2683122,"populated2020":true,"population2020":1.0156,"populationNote":"2020年基準人口（国交省調整値）"},"geometry":{"type":"Polygon","coordinates":[[[131.2875,33.525000000000006],[131.2875,33.52916666666667],[131.29375,33.52916666666667],[131.29375,33.525],[131.2875,33.525000000000006]]]}},{"type":"Feature","id":"44211:503122332","properties":{"id":"44211:503122332","meshCode":"503122332","cityCode":"44211","city":"宇佐市","lat":33.5270833,"lon":131.296875,"areaKm2":0.2683122,"populated2020":true,"population2020":18.1076,"populationNote":"2020年基準人口（国交省調整値）"},"geometry":{"type":"Polygon","coordinates":[[[131.29375,33.525],[131.29375,33.52916666666667],[131.30000000000004,33.52916666666667],[131.30000000000004,33.525000000000006],[131.29375,33.525]]]}},{"type":"Feature","id":"44211:503122341","properties":{"id":"44211:503122341","meshCode":"503122341","cityCode":"44211","city":"宇佐市","lat":33.5270833,"lon":131.303125,"areaKm2":0.2683122,"populated2020":false,"population2020":null,"populationNote":"境界またぎ・収録外等のため自治体内人口は未集計"},"geometry":{"type":"Polygon","coordinates":[[[131.30000000000004,33.525000000000006],[131.30000000000004,33.52916666666667],[131.30625,33.529166666666676],[131.30625,33.525000000000006],[131.30000000000004,33.525000000000006]]]}},{"type":"Feature","id":"44211:503122342","properties":{"id":"44211:503122342","meshCode":"503122342","cityCode":"44211","city":"宇佐市","lat":33.5270833,"lon":131.309375,"areaKm2":0.2683122,"populated2020":true,"population2020":32.216,"populationNote":"2020年基準人口（国交省調整値）"},"geometry":{"type":"Polygon","coordinates":[[[131.30625,33.525000000000006],[131.30625,33.529166666666676],[131.3125,33.52916666666666],[131.3125,33.525],[131.30625,33.525000000000006]]]}},{"type":"Feature","id":"44211:503122351","properties":{"id":"44211:503122351","meshCode":"503122351","cityCode":"44211","city":"宇佐市","lat":33.5270833,"lon":131.315625,"areaKm2":0.2683122,"populated2020":true,"population2020":365.3695,"populationNote":"2020年基準人口（国交省調整値）"},"geometry":{"type":"Polygon","coordinates":[[[131.3125,33.525],[131.3125,33.52916666666666],[131.31875,33.52916666666667],[131.31875,33.525],[131.3125,33.525]]]}},{"type":"Feature","id":"44211:503122352","properties":{"id":"44211:503122352","meshCode":"503122352","cityCode":"44211","city":"宇佐市","lat":33.5270833,"lon":131.321875,"areaKm2":0.2683122,"populated2020":true,"population2020":130.0594,"populationNote":"2020年基準人口（国交省調整値）"},"geometry":{"type":"Polygon","coordinates":[[[131.31875,33.525],[131.31875,33.52916666666667],[131.325,33.52916666666666],[131.325,33.525000000000006],[131.31875,33.525]]]}},{"type":"Feature","id":"44211:503122361","properties":{"id":"44211:503122361","meshCode":"503122361","cityCode":"44211","city":"宇佐市","lat":33.5270833,"lon":131.328125,"areaKm2":0.2683122,"populated2020":true,"population2020":628.5144,"populationNote":"2020年基準人口（国交省調整値）"},"geometry":{"type":"Polygon","coordinates":[[[131.325,33.525000000000006],[131.325,33.52916666666666],[131.33125,33.52916666666667],[131.33125,33.525],[131.325,33.525000000000006]]]}},{"type":"Feature","id":"44211:503122362","properties":{"id":"44211:503122362","meshCode":"503122362","cityCode":"44211","city":"宇佐市","lat":33.5270833,"lon":131.334375,"areaKm2":0.2683122,"populated2020":true,"population2020":1035.3476,"populationNote":"2020年基準人口（国交省調整値）"},"geometry":{"type":"Polygon","coordinates":[[[131.33125,33.525],[131.33125,33.52916666666667],[131.3375,33.52916666666667],[131.3375,33.525],[131.33125,33.525]]]}},{"type":"Feature","id":"44211:503122371","properties":{"id":"44211:503122371","meshCode":"503122371","cityCode":"44211","city":"宇佐市","lat":33.5270833,"lon":131.340625,"areaKm2":0.2683122,"populated2020":true,"population2020":712.397,"populationNote":"2020年基準人口（国交省調整値）"},"geometry":{"type":"Polygon","coordinates":[[[131.3375,33.525],[131.3375,33.52916666666667],[131.34375,33.52916666666667],[131.34375,33.525000000000006],[131.3375,33.525]]]}},{"type":"Feature","id":"44211:503122372","properties":{"id":"44211:503122372","meshCode":"503122372","cityCode":"44211","city":"宇佐市","lat":33.5270833,"lon":131.346875,"areaKm2":0.2683122,"populated2020":true,"population2020":151.1596,"populationNote":"2020年基準人口（国交省調整値）"},"geometry":{"type":"Polygon","coordinates":[[[131.34375,33.525000000000006],[131.34375,33.52916666666667],[131.35,33.52916666666667],[131.35,33.525],[131.34375,33.525000000000006]]]}},{"type":"Feature","id":"44211:503122381","properties":{"id":"44211:503122381","meshCode":"503122381","cityCode":"44211","city":"宇佐市","lat":33.5270833,"lon":131.353125,"areaKm2":0.2683122,"populated2020":true,"population2020":189.4937,"populationNote":"2020年基準人口（国交省調整値）"},"geometry":{"type":"Polygon","coordinates":[[[131.35,33.525],[131.35,33.52916666666667],[131.35625000000002,33.52916666666667],[131.35625000000002,33.525000000000006],[131.35,33.525]]]}},{"type":"Feature","id":"44211:503122382","properties":{"id":"44211:503122382","meshCode":"503122382","cityCode":"44211","city":"宇佐市","lat":33.5270833,"lon":131.359375,"areaKm2":0.2683122,"populated2020":true,"population2020":86.5762,"populationNote":"2020年基準人口（国交省調整値）"},"geometry":{"type":"Polygon","coordinates":[[[131.35625000000002,33.525000000000006],[131.35625000000002,33.52916666666667],[131.3625,33.52916666666666],[131.3625,33.525],[131.35625000000002,33.525000000000006]]]}},{"type":"Feature","id":"44211:503122391","properties":{"id":"44211:503122391","meshCode":"503122391","cityCode":"44211","city":"宇佐市","lat":33.5270833,"lon":131.365625,"areaKm2":0.2683122,"populated2020":true,"population2020":297.6967,"populationNote":"2020年基準人口（国交省調整値）"},"geometry":{"type":"Polygon","coordinates":[[[131.3625,33.525],[131.3625,33.52916666666666],[131.36875,33.529166666666676],[131.36875,33.525],[131.3625,33.525]]]}},{"type":"Feature","id":"44211:503122392","properties":{"id":"44211:503122392","meshCode":"503122392","cityCode":"44211","city":"宇佐市","lat":33.5270833,"lon":131.371875,"areaKm2":0.2683122,"populated2020":true,"population2020":420.4638,"populationNote":"2020年基準人口（国交省調整値）"},"geometry":{"type":"Polygon","coordinates":[[[131.36875,33.525],[131.36875,33.529166666666676],[131.375,33.52916666666667],[131.375,33.525],[131.36875,33.525]]]}},{"type":"Feature","id":"44211:503123301","properties":{"id":"44211:503123301","meshCode":"503123301","cityCode":"44211","city":"宇佐市","lat":33.5270833,"lon":131.378125,"areaKm2":0.2683122,"populated2020":true,"population2020":47.3523,"populationNote":"2020年基準人口（国交省調整値）"},"geometry":{"type":"Polygon","coordinates":[[[131.375,33.525],[131.375,33.52916666666667],[131.38125,33.52916666666667],[131.38125,33.52499999999999],[131.375,33.525]]]}},{"type":"Feature","id":"44211:503123302","properties":{"id":"44211:503123302","meshCode":"503123302","cityCode":"44211","city":"宇佐市","lat":33.5270833,"lon":131.384375,"areaKm2":0.2683122,"populated2020":true,"population2020":85.7315,"populationNote":"2020年基準人口（国交省調整値）"},"geometry":{"type":"Polygon","coordinates":[[[131.38125,33.52499999999999],[131.38125,33.52916666666667],[131.3875,33.52916666666667],[131.3875,33.525],[131.38125,33.52499999999999]]]}},{"type":"Feature","id":"44211:503123311","properties":{"id":"44211:503123311","meshCode":"503123311","cityCode":"44211","city":"宇佐市","lat":33.5270833,"lon":131.390625,"areaKm2":0.2683122,"populated2020":true,"population2020":37.2875,"populationNote":"2020年基準人口（国交省調整値）"},"geometry":{"type":"Polygon","coordinates":[[[131.3875,33.525],[131.3875,33.52916666666667],[131.39375,33.52916666666667],[131.39375,33.525000000000006],[131.3875,33.525]]]}},{"type":"Feature","id":"44211:503123312","properties":{"id":"44211:503123312","meshCode":"503123312","cityCode":"44211","city":"宇佐市","lat":33.5270833,"lon":131.396875,"areaKm2":0.2683122,"populated2020":true,"population2020":1.0031,"populationNote":"2020年基準人口（国交省調整値）"},"geometry":{"type":"Polygon","coordinates":[[[131.39375,33.525000000000006],[131.39375,33.52916666666667],[131.4,33.52916666666667],[131.4,33.525000000000006],[131.39375,33.525000000000006]]]}},{"type":"Feature","id":"44211:503123321","properties":{"id":"44211:503123321","meshCode":"503123321","cityCode":"44211","city":"宇佐市","lat":33.5270833,"lon":131.403125,"areaKm2":0.2683122,"populated2020":true,"population2020":8.0365,"populationNote":"2020年基準人口（国交省調整値）"},"geometry":{"type":"Polygon","coordinates":[[[131.4,33.525000000000006],[131.4,33.52916666666667],[131.40625,33.52916666666667],[131.40625,33.525000000000006],[131.4,33.525000000000006]]]}},{"type":"Feature","id":"44211:503123322","properties":{"id":"44211:503123322","meshCode":"503123322","cityCode":"44211","city":"宇佐市","lat":33.5270833,"lon":131.409375,"areaKm2":0.2683122,"populated2020":true,"population2020":81.8442,"populationNote":"2020年基準人口（国交省調整値）"},"geometry":{"type":"Polygon","coordinates":[[[131.40625,33.525000000000006],[131.40625,33.52916666666667],[131.4125,33.52916666666667],[131.4125,33.525],[131.40625,33.525000000000006]]]}},{"type":"Feature","id":"44211:503123331","properties":{"id":"44211:503123331","meshCode":"503123331","cityCode":"44211","city":"宇佐市","lat":33.5270833,"lon":131.415625,"areaKm2":0.2683122,"populated2020":true,"population2020":34.2547,"populationNote":"2020年基準人口（国交省調整値）"},"geometry":{"type":"Polygon","coordinates":[[[131.4125,33.525],[131.4125,33.52916666666667],[131.41875,33.52916666666667],[131.41875,33.525],[131.4125,33.525]]]}},{"type":"Feature","id":"44211:503123332","properties":{"id":"44211:503123332","meshCode":"503123332","cityCode":"44211","city":"宇佐市","lat":33.5270833,"lon":131.421875,"areaKm2":0.2683122,"populated2020":true,"population2020":38.2991,"populationNote":"2020年基準人口（国交省調整値）"},"geometry":{"type":"Polygon","coordinates":[[[131.41875,33.525],[131.41875,33.52916666666667],[131.425,33.52916666666667],[131.425,33.525],[131.41875,33.525]]]}},{"type":"Feature","id":"44211:503123341","properties":{"id":"44211:503123341","meshCode":"503123341","cityCode":"44211","city":"宇佐市","lat":33.5270833,"lon":131.428125,"areaKm2":0.2683122,"populated2020":false,"population2020":null,"populationNote":"境界またぎ・収録外等のため自治体内人口は未集計"},"geometry":{"type":"Polygon","coordinates":[[[131.425,33.525],[131.425,33.52916666666667],[131.43125,33.52916666666667],[131.43125,33.525],[131.425,33.525]]]}},{"type":"Feature","id":"44211:503123342","properties":{"id":"44211:503123342","meshCode":"503123342","cityCode":"44211","city":"宇佐市","lat":33.5270833,"lon":131.434375,"areaKm2":0.2683122,"populated2020":false,"population2020":null,"populationNote":"境界またぎ・収録外等のため自治体内人口は未集計"},"geometry":{"type":"Polygon","coordinates":[[[131.43125,33.525],[131.43125,33.52916666666667],[131.4375,33.52916666666667],[131.4375,33.52499999999999],[131.43125,33.525]]]}},{"type":"Feature","id":"44211:503123351","properties":{"id":"44211:503123351","meshCode":"503123351","cityCode":"44211","city":"宇佐市","lat":33.5270833,"lon":131.440625,"areaKm2":0.2683122,"populated2020":false,"population2020":null,"populationNote":"境界またぎ・収録外等のため自治体内人口は未集計"},"geometry":{"type":"Polygon","coordinates":[[[131.4375,33.52499999999999],[131.4375,33.52916666666667],[131.44375,33.52916666666667],[131.44375,33.52499999999999],[131.4375,33.52499999999999]]]}},{"type":"Feature","id":"44211:503123352","properties":{"id":"44211:503123352","meshCode":"503123352","cityCode":"44211","city":"宇佐市","lat":33.5270833,"lon":131.446875,"areaKm2":0.147765,"populated2020":false,"population2020":null,"populationNote":"境界またぎ・収録外等のため自治体内人口は未集計"},"geometry":{"type":"Polygon","coordinates":[[[131.447116667,33.528771666999994],[131.447555279,33.52837277500001],[131.44781,33.527940279],[131.44847749700003,33.527313892],[131.44758917,33.526696108],[131.447083606,33.526186108000005],[131.446047224,33.52569194600001],[131.445352166,33.525000000000006],[131.44375,33.52499999999999],[131.44375,33.52916666666667],[131.4468430245602,33.52916666666667],[131.447116667,33.528771666999994]]]}},{"type":"Feature","id":"44211:503122303","properties":{"id":"44211:503122303","meshCode":"503122303","cityCode":"44211","city":"宇佐市","lat":33.5318157,"lon":131.2555246,"areaKm2":0.0489869,"populated2020":false,"population2020":null,"populationNote":"境界またぎ・収録外等のため自治体内人口は未集計"},"geometry":{"type":"Polygon","coordinates":[[[131.25624,33.53019944099998],[131.255913061,33.53062638699993],[131.255126667,33.53132889200008],[131.25473693900005,33.531916667000125],[131.25416194600018,33.532405000000004],[131.25367917000005,33.53265582900002],[131.25322625179956,33.53333333333333],[131.25625,33.53333333333333],[131.25624,33.53019944099998]]]}},{"type":"Feature","id":"44211:503122304","properties":{"id":"44211:503122304","meshCode":"503122304","cityCode":"44211","city":"宇佐市","lat":33.53125,"lon":131.259375,"areaKm2":0.2656142,"populated2020":false,"population2020":null,"populationNote":"境界またぎ・収録外等のため自治体内人口は未集計"},"geometry":{"type":"Polygon","coordinates":[[[131.25663749700016,33.52920138699999],[131.25646610900014,33.52995444099997],[131.25625,33.53018860551798],[131.25625,33.53333333333333],[131.2625,33.53333333333333],[131.2625,33.52916666666667],[131.25663749700016,33.52920138699999]]]}},{"type":"Feature","id":"44211:503122313","properties":{"id":"44211:503122313","meshCode":"503122313","cityCode":"44211","city":"宇佐市","lat":33.53125,"lon":131.265625,"areaKm2":0.2682995,"populated2020":true,"population2020":14.1131,"populationNote":"2020年基準人口（国交省調整値）"},"geometry":{"type":"Polygon","coordinates":[[[131.2625,33.52916666666667],[131.2625,33.53333333333333],[131.26875,33.53333333333333],[131.26875,33.529166666666676],[131.2625,33.52916666666667]]]}},{"type":"Feature","id":"44211:503122314","properties":{"id":"44211:503122314","meshCode":"503122314","cityCode":"44211","city":"宇佐市","lat":33.53125,"lon":131.271875,"areaKm2":0.2682995,"populated2020":true,"population2020":44.3619,"populationNote":"2020年基準人口（国交省調整値）"},"geometry":{"type":"Polygon","coordinates":[[[131.26875,33.529166666666676],[131.26875,33.53333333333333],[131.275,33.53333333333333],[131.275,33.52916666666667],[131.26875,33.529166666666676]]]}},{"type":"Feature","id":"44211:503122323","properties":{"id":"44211:503122323","meshCode":"503122323","cityCode":"44211","city":"宇佐市","lat":33.53125,"lon":131.278125,"areaKm2":0.2682995,"populated2020":true,"population2020":44.3462,"populationNote":"2020年基準人口（国交省調整値）"},"geometry":{"type":"Polygon","coordinates":[[[131.275,33.52916666666667],[131.275,33.53333333333333],[131.28125,33.53333333333333],[131.28125,33.52916666666666],[131.275,33.52916666666667]]]}},{"type":"Feature","id":"44211:503122324","properties":{"id":"44211:503122324","meshCode":"503122324","cityCode":"44211","city":"宇佐市","lat":33.53125,"lon":131.284375,"areaKm2":0.2682995,"populated2020":true,"population2020":67.6278,"populationNote":"2020年基準人口（国交省調整値）"},"geometry":{"type":"Polygon","coordinates":[[[131.28125,33.52916666666666],[131.28125,33.53333333333333],[131.2875,33.53333333333333],[131.2875,33.52916666666667],[131.28125,33.52916666666666]]]}},{"type":"Feature","id":"44211:503122333","properties":{"id":"44211:503122333","meshCode":"503122333","cityCode":"44211","city":"宇佐市","lat":33.53125,"lon":131.290625,"areaKm2":0.2682995,"populated2020":true,"population2020":9.0535,"populationNote":"2020年基準人口（国交省調整値）"},"geometry":{"type":"Polygon","coordinates":[[[131.2875,33.52916666666667],[131.2875,33.53333333333333],[131.29375,33.53333333333333],[131.29375,33.52916666666667],[131.2875,33.52916666666667]]]}},{"type":"Feature","id":"44211:503122334","properties":{"id":"44211:503122334","meshCode":"503122334","cityCode":"44211","city":"宇佐市","lat":33.53125,"lon":131.296875,"areaKm2":0.2682995,"populated2020":true,"population2020":54.4135,"populationNote":"2020年基準人口（国交省調整値）"},"geometry":{"type":"Polygon","coordinates":[[[131.29375,33.52916666666667],[131.29375,33.53333333333333],[131.30000000000004,33.53333333333333],[131.30000000000004,33.52916666666667],[131.29375,33.52916666666667]]]}},{"type":"Feature","id":"44211:503122343","properties":{"id":"44211:503122343","meshCode":"503122343","cityCode":"44211","city":"宇佐市","lat":33.53125,"lon":131.303125,"areaKm2":0.2682995,"populated2020":true,"population2020":47.2441,"populationNote":"2020年基準人口（国交省調整値）"},"geometry":{"type":"Polygon","coordinates":[[[131.30000000000004,33.52916666666667],[131.30000000000004,33.53333333333333],[131.30625,33.53333333333334],[131.30625,33.529166666666676],[131.30000000000004,33.52916666666667]]]}},{"type":"Feature","id":"44211:503122344","properties":{"id":"44211:503122344","meshCode":"503122344","cityCode":"44211","city":"宇佐市","lat":33.53125,"lon":131.309375,"areaKm2":0.2682995,"populated2020":true,"population2020":21.1032,"populationNote":"2020年基準人口（国交省調整値）"},"geometry":{"type":"Polygon","coordinates":[[[131.30625,33.529166666666676],[131.30625,33.53333333333334],[131.3125,33.53333333333334],[131.3125,33.52916666666666],[131.30625,33.529166666666676]]]}},{"type":"Feature","id":"44211:503122353","properties":{"id":"44211:503122353","meshCode":"503122353","cityCode":"44211","city":"宇佐市","lat":33.53125,"lon":131.315625,"areaKm2":0.2682995,"populated2020":true,"population2020":114.9051,"populationNote":"2020年基準人口（国交省調整値）"},"geometry":{"type":"Polygon","coordinates":[[[131.3125,33.52916666666666],[131.3125,33.53333333333334],[131.31875,33.53333333333333],[131.31875,33.52916666666667],[131.3125,33.52916666666666]]]}},{"type":"Feature","id":"44211:503122354","properties":{"id":"44211:503122354","meshCode":"503122354","cityCode":"44211","city":"宇佐市","lat":33.53125,"lon":131.321875,"areaKm2":0.2682995,"populated2020":true,"population2020":675.2675,"populationNote":"2020年基準人口（国交省調整値）"},"geometry":{"type":"Polygon","coordinates":[[[131.31875,33.52916666666667],[131.31875,33.53333333333333],[131.325,33.53333333333333],[131.325,33.52916666666666],[131.31875,33.52916666666667]]]}},{"type":"Feature","id":"44211:503122363","properties":{"id":"44211:503122363","meshCode":"503122363","cityCode":"44211","city":"宇佐市","lat":33.53125,"lon":131.328125,"areaKm2":0.2682995,"populated2020":true,"population2020":773.0136,"populationNote":"2020年基準人口（国交省調整値）"},"geometry":{"type":"Polygon","coordinates":[[[131.325,33.52916666666666],[131.325,33.53333333333333],[131.33125,33.53333333333334],[131.33125,33.52916666666667],[131.325,33.52916666666666]]]}},{"type":"Feature","id":"44211:503122364","properties":{"id":"44211:503122364","meshCode":"503122364","cityCode":"44211","city":"宇佐市","lat":33.53125,"lon":131.334375,"areaKm2":0.2682995,"populated2020":true,"population2020":715.3491,"populationNote":"2020年基準人口（国交省調整値）"},"geometry":{"type":"Polygon","coordinates":[[[131.33125,33.52916666666667],[131.33125,33.53333333333334],[131.3375,33.533333333333324],[131.3375,33.52916666666667],[131.33125,33.52916666666667]]]}},{"type":"Feature","id":"44211:503122373","properties":{"id":"44211:503122373","meshCode":"503122373","cityCode":"44211","city":"宇佐市","lat":33.53125,"lon":131.340625,"areaKm2":0.2682995,"populated2020":true,"population2020":650.5278,"populationNote":"2020年基準人口（国交省調整値）"},"geometry":{"type":"Polygon","coordinates":[[[131.3375,33.52916666666667],[131.3375,33.533333333333324],[131.34375,33.53333333333334],[131.34375,33.52916666666667],[131.3375,33.52916666666667]]]}},{"type":"Feature","id":"44211:503122374","properties":{"id":"44211:503122374","meshCode":"503122374","cityCode":"44211","city":"宇佐市","lat":33.53125,"lon":131.346875,"areaKm2":0.2682995,"populated2020":true,"population2020":424.7341,"populationNote":"2020年基準人口（国交省調整値）"},"geometry":{"type":"Polygon","coordinates":[[[131.34375,33.52916666666667],[131.34375,33.53333333333334],[131.35,33.533333333333324],[131.35,33.52916666666667],[131.34375,33.52916666666667]]]}},{"type":"Feature","id":"44211:503122383","properties":{"id":"44211:503122383","meshCode":"503122383","cityCode":"44211","city":"宇佐市","lat":33.53125,"lon":131.353125,"areaKm2":0.2682995,"populated2020":true,"population2020":32.1033,"populationNote":"2020年基準人口（国交省調整値）"},"geometry":{"type":"Polygon","coordinates":[[[131.35,33.52916666666667],[131.35,33.533333333333324],[131.35625000000002,33.53333333333333],[131.35625000000002,33.52916666666667],[131.35,33.52916666666667]]]}},{"type":"Feature","id":"44211:503122384","properties":{"id":"44211:503122384","meshCode":"503122384","cityCode":"44211","city":"宇佐市","lat":33.53125,"lon":131.359375,"areaKm2":0.2682995,"populated2020":true,"population2020":276.191,"populationNote":"2020年基準人口（国交省調整値）"},"geometry":{"type":"Polygon","coordinates":[[[131.35625000000002,33.52916666666667],[131.35625000000002,33.53333333333333],[131.3625,33.53333333333333],[131.3625,33.52916666666666],[131.35625000000002,33.52916666666667]]]}},{"type":"Feature","id":"44211:503122393","properties":{"id":"44211:503122393","meshCode":"503122393","cityCode":"44211","city":"宇佐市","lat":33.53125,"lon":131.365625,"areaKm2":0.2682995,"populated2020":true,"population2020":13.1369,"populationNote":"2020年基準人口（国交省調整値）"},"geometry":{"type":"Polygon","coordinates":[[[131.3625,33.52916666666666],[131.3625,33.53333333333333],[131.36875,33.533333333333324],[131.36875,33.529166666666676],[131.3625,33.52916666666666]]]}},{"type":"Feature","id":"44211:503122394","properties":{"id":"44211:503122394","meshCode":"503122394","cityCode":"44211","city":"宇佐市","lat":33.53125,"lon":131.371875,"areaKm2":0.2682995,"populated2020":true,"population2020":315.2492,"populationNote":"2020年基準人口（国交省調整値）"},"geometry":{"type":"Polygon","coordinates":[[[131.36875,33.529166666666676],[131.36875,33.533333333333324],[131.375,33.53333333333333],[131.375,33.52916666666667],[131.36875,33.529166666666676]]]}},{"type":"Feature","id":"44211:503123303","properties":{"id":"44211:503123303","meshCode":"503123303","cityCode":"44211","city":"宇佐市","lat":33.53125,"lon":131.378125,"areaKm2":0.2682995,"populated2020":true,"population2020":58.4161,"populationNote":"2020年基準人口（国交省調整値）"},"geometry":{"type":"Polygon","coordinates":[[[131.375,33.52916666666667],[131.375,33.53333333333333],[131.38125,33.53333333333333],[131.38125,33.52916666666667],[131.375,33.52916666666667]]]}},{"type":"Feature","id":"44211:503123304","properties":{"id":"44211:503123304","meshCode":"503123304","cityCode":"44211","city":"宇佐市","lat":33.53125,"lon":131.384375,"areaKm2":0.2682995,"populated2020":true,"population2020":42.2877,"populationNote":"2020年基準人口（国交省調整値）"},"geometry":{"type":"Polygon","coordinates":[[[131.38125,33.52916666666667],[131.38125,33.53333333333333],[131.3875,33.53333333333333],[131.3875,33.52916666666667],[131.38125,33.52916666666667]]]}},{"type":"Feature","id":"44211:503123313","properties":{"id":"44211:503123313","meshCode":"503123313","cityCode":"44211","city":"宇佐市","lat":33.53125,"lon":131.390625,"areaKm2":0.2682995,"populated2020":true,"population2020":49.3303,"populationNote":"2020年基準人口（国交省調整値）"},"geometry":{"type":"Polygon","coordinates":[[[131.3875,33.52916666666667],[131.3875,33.53333333333333],[131.39375,33.53333333333333],[131.39375,33.52916666666667],[131.3875,33.52916666666667]]]}},{"type":"Feature","id":"44211:503123314","properties":{"id":"44211:503123314","meshCode":"503123314","cityCode":"44211","city":"宇佐市","lat":33.53125,"lon":131.396875,"areaKm2":0.2682995,"populated2020":true,"population2020":194.2214,"populationNote":"2020年基準人口（国交省調整値）"},"geometry":{"type":"Polygon","coordinates":[[[131.39375,33.52916666666667],[131.39375,33.53333333333333],[131.4,33.53333333333333],[131.4,33.52916666666667],[131.39375,33.52916666666667]]]}},{"type":"Feature","id":"44211:503123323","properties":{"id":"44211:503123323","meshCode":"503123323","cityCode":"44211","city":"宇佐市","lat":33.53125,"lon":131.403125,"areaKm2":0.2682995,"populated2020":true,"population2020":226.4282,"populationNote":"2020年基準人口（国交省調整値）"},"geometry":{"type":"Polygon","coordinates":[[[131.4,33.52916666666667],[131.4,33.53333333333333],[131.40625,33.53333333333333],[131.40625,33.52916666666667],[131.4,33.52916666666667]]]}},{"type":"Feature","id":"44211:503123324","properties":{"id":"44211:503123324","meshCode":"503123324","cityCode":"44211","city":"宇佐市","lat":33.53125,"lon":131.409375,"areaKm2":0.2682995,"populated2020":true,"population2020":172.1497,"populationNote":"2020年基準人口（国交省調整値）"},"geometry":{"type":"Polygon","coordinates":[[[131.40625,33.52916666666667],[131.40625,33.53333333333333],[131.4125,33.53333333333334],[131.4125,33.52916666666667],[131.40625,33.52916666666667]]]}},{"type":"Feature","id":"44211:503123333","properties":{"id":"44211:503123333","meshCode":"503123333","cityCode":"44211","city":"宇佐市","lat":33.53125,"lon":131.415625,"areaKm2":0.2682995,"populated2020":true,"population2020":81.5065,"populationNote":"2020年基準人口（国交省調整値）"},"geometry":{"type":"Polygon","coordinates":[[[131.4125,33.52916666666667],[131.4125,33.53333333333334],[131.41875,33.53333333333333],[131.41875,33.52916666666667],[131.4125,33.52916666666667]]]}},{"type":"Feature","id":"44211:503123334","properties":{"id":"44211:503123334","meshCode":"503123334","cityCode":"44211","city":"宇佐市","lat":33.53125,"lon":131.421875,"areaKm2":0.2682995,"populated2020":true,"population2020":3.0225,"populationNote":"2020年基準人口（国交省調整値）"},"geometry":{"type":"Polygon","coordinates":[[[131.41875,33.52916666666667],[131.41875,33.53333333333333],[131.425,33.53333333333333],[131.425,33.52916666666667],[131.41875,33.52916666666667]]]}},{"type":"Feature","id":"44211:503123343","properties":{"id":"44211:503123343","meshCode":"503123343","cityCode":"44211","city":"宇佐市","lat":33.53125,"lon":131.428125,"areaKm2":0.2682995,"populated2020":true,"population2020":19.1097,"populationNote":"2020年基準人口（国交省調整値）"},"geometry":{"type":"Polygon","coordinates":[[[131.425,33.52916666666667],[131.425,33.53333333333333],[131.43125,33.53333333333333],[131.43125,33.52916666666667],[131.425,33.52916666666667]]]}},{"type":"Feature","id":"44211:503123344","properties":{"id":"44211:503123344","meshCode":"503123344","cityCode":"44211","city":"宇佐市","lat":33.53125,"lon":131.434375,"areaKm2":0.2682995,"populated2020":false,"population2020":null,"populationNote":"境界またぎ・収録外等のため自治体内人口は未集計"},"geometry":{"type":"Polygon","coordinates":[[[131.43125,33.52916666666667],[131.43125,33.53333333333333],[131.4375,33.53333333333333],[131.4375,33.52916666666667],[131.43125,33.52916666666667]]]}},{"type":"Feature","id":"44211:503123353","properties":{"id":"44211:503123353","meshCode":"503123353","cityCode":"44211","city":"宇佐市","lat":33.53125,"lon":131.440625,"areaKm2":0.2411673,"populated2020":false,"population2020":null,"populationNote":"境界またぎ・収録外等のため自治体内人口は未集計"},"geometry":{"type":"Polygon","coordinates":[[[131.441735746,33.533333333],[131.442003891,33.53242277500001],[131.443156939,33.531710829],[131.44375,33.53145323615337],[131.44375,33.52916666666667],[131.4375,33.52916666666667],[131.4375,33.53333333333333],[131.441735746,33.533333333]]]}},{"type":"Feature","id":"44211:503123354","properties":{"id":"44211:503123354","meshCode":"503123354","cityCode":"44211","city":"宇佐市","lat":33.5301961,"lon":131.4449799,"areaKm2":0.0532525,"populated2020":false,"population2020":null,"populationNote":"境界またぎ・収録外等のため自治体内人口は未集計"},"geometry":{"type":"Polygon","coordinates":[[[131.44375,33.53145323615337],[131.444495837,33.53121027900001],[131.445212218,33.531305559],[131.445573606,33.531195829],[131.4468430245602,33.52916666666667],[131.44375,33.52916666666667],[131.44375,33.53145323615337]]]}},{"type":"Feature","id":"44211:503122401","properties":{"id":"44211:503122401","meshCode":"503122401","cityCode":"44211","city":"宇佐市","lat":33.5354167,"lon":131.253125,"areaKm2":0.1552747,"populated2020":false,"population2020":null,"populationNote":"境界またぎ・収録外等のため自治体内人口は未集計"},"geometry":{"type":"Polygon","coordinates":[[[131.25322625179956,33.53333333333333],[131.2530325030001,33.53390472100011],[131.25255805400005,33.534594162000076],[131.25236333299995,33.535602775000136],[131.2525425030001,33.53653222500009],[131.25247250300015,33.53688722499999],[131.25283319861168,33.53750000000001],[131.25625,33.53750000000001],[131.25625,33.53333333333333],[131.25322625179956,33.53333333333333]]]}},{"type":"Feature","id":"44211:503122402","properties":{"id":"44211:503122402","meshCode":"503122402","cityCode":"44211","city":"宇佐市","lat":33.5354167,"lon":131.259375,"areaKm2":0.2682868,"populated2020":false,"population2020":null,"populationNote":"境界またぎ・収録外等のため自治体内人口は未集計"},"geometry":{"type":"Polygon","coordinates":[[[131.25625,33.53333333333333],[131.25625,33.53750000000001],[131.2625,33.53750000000001],[131.2625,33.53333333333333],[131.25625,33.53333333333333]]]}},{"type":"Feature","id":"44211:503122411","properties":{"id":"44211:503122411","meshCode":"503122411","cityCode":"44211","city":"宇佐市","lat":33.5354167,"lon":131.265625,"areaKm2":0.2682868,"populated2020":false,"population2020":null,"populationNote":"境界またぎ・収録外等のため自治体内人口は未集計"},"geometry":{"type":"Polygon","coordinates":[[[131.2625,33.53333333333333],[131.2625,33.53750000000001],[131.26875,33.53750000000001],[131.26875,33.53333333333333],[131.2625,33.53333333333333]]]}},{"type":"Feature","id":"44211:503122412","properties":{"id":"44211:503122412","meshCode":"503122412","cityCode":"44211","city":"宇佐市","lat":33.5354167,"lon":131.271875,"areaKm2":0.2682868,"populated2020":true,"population2020":25.2023,"populationNote":"2020年基準人口（国交省調整値）"},"geometry":{"type":"Polygon","coordinates":[[[131.26875,33.53333333333333],[131.26875,33.53750000000001],[131.275,33.5375],[131.275,33.53333333333333],[131.26875,33.53333333333333]]]}},{"type":"Feature","id":"44211:503122421","properties":{"id":"44211:503122421","meshCode":"503122421","cityCode":"44211","city":"宇佐市","lat":33.5354167,"lon":131.278125,"areaKm2":0.2682868,"populated2020":true,"population2020":91.587,"populationNote":"2020年基準人口（国交省調整値）"},"geometry":{"type":"Polygon","coordinates":[[[131.275,33.53333333333333],[131.275,33.5375],[131.28125,33.537499999999994],[131.28125,33.53333333333333],[131.275,33.53333333333333]]]}},{"type":"Feature","id":"44211:503122422","properties":{"id":"44211:503122422","meshCode":"503122422","cityCode":"44211","city":"宇佐市","lat":33.5354167,"lon":131.284375,"areaKm2":0.2682868,"populated2020":true,"population2020":22.1028,"populationNote":"2020年基準人口（国交省調整値）"},"geometry":{"type":"Polygon","coordinates":[[[131.28125,33.53333333333333],[131.28125,33.537499999999994],[131.2875,33.537499999999994],[131.2875,33.53333333333333],[131.28125,33.53333333333333]]]}},{"type":"Feature","id":"44211:503122431","properties":{"id":"44211:503122431","meshCode":"503122431","cityCode":"44211","city":"宇佐市","lat":33.5354167,"lon":131.290625,"areaKm2":0.2682868,"populated2020":true,"population2020":22.1022,"populationNote":"2020年基準人口（国交省調整値）"},"geometry":{"type":"Polygon","coordinates":[[[131.2875,33.53333333333333],[131.2875,33.537499999999994],[131.29375,33.53750000000001],[131.29375,33.53333333333333],[131.2875,33.53333333333333]]]}},{"type":"Feature","id":"44211:503122432","properties":{"id":"44211:503122432","meshCode":"503122432","cityCode":"44211","city":"宇佐市","lat":33.5354167,"lon":131.296875,"areaKm2":0.2682868,"populated2020":true,"population2020":67.5023,"populationNote":"2020年基準人口（国交省調整値）"},"geometry":{"type":"Polygon","coordinates":[[[131.29375,33.53333333333333],[131.29375,33.53750000000001],[131.30000000000004,33.53750000000001],[131.30000000000004,33.53333333333333],[131.29375,33.53333333333333]]]}},{"type":"Feature","id":"44211:503122441","properties":{"id":"44211:503122441","meshCode":"503122441","cityCode":"44211","city":"宇佐市","lat":33.5354167,"lon":131.303125,"areaKm2":0.2682868,"populated2020":true,"population2020":71.183,"populationNote":"2020年基準人口（国交省調整値）"},"geometry":{"type":"Polygon","coordinates":[[[131.30000000000004,33.53333333333333],[131.30000000000004,33.53750000000001],[131.30625,33.5375],[131.30625,33.53333333333334],[131.30000000000004,33.53333333333333]]]}},{"type":"Feature","id":"44211:503122442","properties":{"id":"44211:503122442","meshCode":"503122442","cityCode":"44211","city":"宇佐市","lat":33.5354167,"lon":131.309375,"areaKm2":0.2682868,"populated2020":true,"population2020":89.941,"populationNote":"2020年基準人口（国交省調整値）"},"geometry":{"type":"Polygon","coordinates":[[[131.30625,33.53333333333334],[131.30625,33.5375],[131.3125,33.5375],[131.3125,33.53333333333334],[131.30625,33.53333333333334]]]}},{"type":"Feature","id":"44211:503122451","properties":{"id":"44211:503122451","meshCode":"503122451","cityCode":"44211","city":"宇佐市","lat":33.5354167,"lon":131.315625,"areaKm2":0.2682868,"populated2020":true,"population2020":156.2755,"populationNote":"2020年基準人口（国交省調整値）"},"geometry":{"type":"Polygon","coordinates":[[[131.3125,33.53333333333334],[131.3125,33.5375],[131.31875,33.53750000000001],[131.31875,33.53333333333333],[131.3125,33.53333333333334]]]}},{"type":"Feature","id":"44211:503122452","properties":{"id":"44211:503122452","meshCode":"503122452","cityCode":"44211","city":"宇佐市","lat":33.5354167,"lon":131.321875,"areaKm2":0.2682868,"populated2020":true,"population2020":389.6913,"populationNote":"2020年基準人口（国交省調整値）"},"geometry":{"type":"Polygon","coordinates":[[[131.31875,33.53333333333333],[131.31875,33.53750000000001],[131.325,33.5375],[131.325,33.53333333333333],[131.31875,33.53333333333333]]]}},{"type":"Feature","id":"44211:503122461","properties":{"id":"44211:503122461","meshCode":"503122461","cityCode":"44211","city":"宇佐市","lat":33.5354167,"lon":131.328125,"areaKm2":0.2682868,"populated2020":true,"population2020":610.4377,"populationNote":"2020年基準人口（国交省調整値）"},"geometry":{"type":"Polygon","coordinates":[[[131.325,33.53333333333333],[131.325,33.5375],[131.33125,33.53750000000001],[131.33125,33.53333333333334],[131.325,33.53333333333333]]]}},{"type":"Feature","id":"44211:503122462","properties":{"id":"44211:503122462","meshCode":"503122462","cityCode":"44211","city":"宇佐市","lat":33.5354167,"lon":131.334375,"areaKm2":0.2682868,"populated2020":true,"population2020":386.6049,"populationNote":"2020年基準人口（国交省調整値）"},"geometry":{"type":"Polygon","coordinates":[[[131.33125,33.53333333333334],[131.33125,33.53750000000001],[131.3375,33.5375],[131.3375,33.533333333333324],[131.33125,33.53333333333334]]]}},{"type":"Feature","id":"44211:503122471","properties":{"id":"44211:503122471","meshCode":"503122471","cityCode":"44211","city":"宇佐市","lat":33.5354167,"lon":131.340625,"areaKm2":0.2682868,"populated2020":true,"population2020":343.2373,"populationNote":"2020年基準人口（国交省調整値）"},"geometry":{"type":"Polygon","coordinates":[[[131.3375,33.533333333333324],[131.3375,33.5375],[131.34375,33.53750000000001],[131.34375,33.53333333333334],[131.3375,33.533333333333324]]]}},{"type":"Feature","id":"44211:503122472","properties":{"id":"44211:503122472","meshCode":"503122472","cityCode":"44211","city":"宇佐市","lat":33.5354167,"lon":131.346875,"areaKm2":0.2682868,"populated2020":true,"population2020":500.9511,"populationNote":"2020年基準人口（国交省調整値）"},"geometry":{"type":"Polygon","coordinates":[[[131.34375,33.53333333333334],[131.34375,33.53750000000001],[131.35,33.537499999999994],[131.35,33.533333333333324],[131.34375,33.53333333333334]]]}},{"type":"Feature","id":"44211:503122481","properties":{"id":"44211:503122481","meshCode":"503122481","cityCode":"44211","city":"宇佐市","lat":33.5354167,"lon":131.353125,"areaKm2":0.2682868,"populated2020":true,"population2020":145.9378,"populationNote":"2020年基準人口（国交省調整値）"},"geometry":{"type":"Polygon","coordinates":[[[131.35,33.533333333333324],[131.35,33.537499999999994],[131.35625000000002,33.5375],[131.35625000000002,33.53333333333333],[131.35,33.533333333333324]]]}},{"type":"Feature","id":"44211:503122482","properties":{"id":"44211:503122482","meshCode":"503122482","cityCode":"44211","city":"宇佐市","lat":33.5354167,"lon":131.359375,"areaKm2":0.2682868,"populated2020":true,"population2020":129.7809,"populationNote":"2020年基準人口（国交省調整値）"},"geometry":{"type":"Polygon","coordinates":[[[131.35625000000002,33.53333333333333],[131.35625000000002,33.5375],[131.3625,33.53750000000001],[131.3625,33.53333333333333],[131.35625000000002,33.53333333333333]]]}},{"type":"Feature","id":"44211:503122491","properties":{"id":"44211:503122491","meshCode":"503122491","cityCode":"44211","city":"宇佐市","lat":33.5354167,"lon":131.365625,"areaKm2":0.2682868,"populated2020":true,"population2020":9.0509,"populationNote":"2020年基準人口（国交省調整値）"},"geometry":{"type":"Polygon","coordinates":[[[131.3625,33.53333333333333],[131.3625,33.53750000000001],[131.36875,33.5375],[131.36875,33.533333333333324],[131.3625,33.53333333333333]]]}},{"type":"Feature","id":"44211:503122492","properties":{"id":"44211:503122492","meshCode":"503122492","cityCode":"44211","city":"宇佐市","lat":33.5354167,"lon":131.371875,"areaKm2":0.2682868,"populated2020":true,"population2020":8.0522,"populationNote":"2020年基準人口（国交省調整値）"},"geometry":{"type":"Polygon","coordinates":[[[131.36875,33.533333333333324],[131.36875,33.5375],[131.375,33.53750000000001],[131.375,33.53333333333333],[131.36875,33.533333333333324]]]}},{"type":"Feature","id":"44211:503123401","properties":{"id":"44211:503123401","meshCode":"503123401","cityCode":"44211","city":"宇佐市","lat":33.5354167,"lon":131.378125,"areaKm2":0.2682868,"populated2020":true,"population2020":38.2807,"populationNote":"2020年基準人口（国交省調整値）"},"geometry":{"type":"Polygon","coordinates":[[[131.375,33.53333333333333],[131.375,33.53750000000001],[131.38125,33.5375],[131.38125,33.53333333333333],[131.375,33.53333333333333]]]}},{"type":"Feature","id":"44211:503123402","properties":{"id":"44211:503123402","meshCode":"503123402","cityCode":"44211","city":"宇佐市","lat":33.5354167,"lon":131.384375,"areaKm2":0.2682868,"populated2020":true,"population2020":28.1463,"populationNote":"2020年基準人口（国交省調整値）"},"geometry":{"type":"Polygon","coordinates":[[[131.38125,33.53333333333333],[131.38125,33.5375],[131.3875,33.5375],[131.3875,33.53333333333333],[131.38125,33.53333333333333]]]}},{"type":"Feature","id":"44211:503123411","properties":{"id":"44211:503123411","meshCode":"503123411","cityCode":"44211","city":"宇佐市","lat":33.5354167,"lon":131.390625,"areaKm2":0.2682868,"populated2020":true,"population2020":32.1828,"populationNote":"2020年基準人口（国交省調整値）"},"geometry":{"type":"Polygon","coordinates":[[[131.3875,33.53333333333333],[131.3875,33.5375],[131.39375,33.53750000000001],[131.39375,33.53333333333333],[131.3875,33.53333333333333]]]}},{"type":"Feature","id":"44211:503123412","properties":{"id":"44211:503123412","meshCode":"503123412","cityCode":"44211","city":"宇佐市","lat":33.5354167,"lon":131.396875,"areaKm2":0.2682868,"populated2020":true,"population2020":116.8363,"populationNote":"2020年基準人口（国交省調整値）"},"geometry":{"type":"Polygon","coordinates":[[[131.39375,33.53333333333333],[131.39375,33.53750000000001],[131.4,33.53750000000001],[131.4,33.53333333333333],[131.39375,33.53333333333333]]]}},{"type":"Feature","id":"44211:503123421","properties":{"id":"44211:503123421","meshCode":"503123421","cityCode":"44211","city":"宇佐市","lat":33.5354167,"lon":131.403125,"areaKm2":0.2682868,"populated2020":true,"population2020":61.3218,"populationNote":"2020年基準人口（国交省調整値）"},"geometry":{"type":"Polygon","coordinates":[[[131.4,33.53333333333333],[131.4,33.53750000000001],[131.40625,33.5375],[131.40625,33.53333333333333],[131.4,33.53333333333333]]]}},{"type":"Feature","id":"44211:503123422","properties":{"id":"44211:503123422","meshCode":"503123422","cityCode":"44211","city":"宇佐市","lat":33.5354167,"lon":131.409375,"areaKm2":0.2682868,"populated2020":true,"population2020":89.6361,"populationNote":"2020年基準人口（国交省調整値）"},"geometry":{"type":"Polygon","coordinates":[[[131.40625,33.53333333333333],[131.40625,33.5375],[131.4125,33.5375],[131.4125,33.53333333333334],[131.40625,33.53333333333333]]]}},{"type":"Feature","id":"44211:503123431","properties":{"id":"44211:503123431","meshCode":"503123431","cityCode":"44211","city":"宇佐市","lat":33.5354167,"lon":131.415625,"areaKm2":0.2682868,"populated2020":true,"population2020":99.6531,"populationNote":"2020年基準人口（国交省調整値）"},"geometry":{"type":"Polygon","coordinates":[[[131.4125,33.53333333333334],[131.4125,33.5375],[131.41875,33.5375],[131.41875,33.53333333333333],[131.4125,33.53333333333334]]]}},{"type":"Feature","id":"44211:503123432","properties":{"id":"44211:503123432","meshCode":"503123432","cityCode":"44211","city":"宇佐市","lat":33.5354167,"lon":131.421875,"areaKm2":0.2682868,"populated2020":true,"population2020":22.1703,"populationNote":"2020年基準人口（国交省調整値）"},"geometry":{"type":"Polygon","coordinates":[[[131.41875,33.53333333333333],[131.41875,33.5375],[131.425,33.53750000000001],[131.425,33.53333333333333],[131.41875,33.53333333333333]]]}},{"type":"Feature","id":"44211:503123441","properties":{"id":"44211:503123441","meshCode":"503123441","cityCode":"44211","city":"宇佐市","lat":33.5354167,"lon":131.428125,"areaKm2":0.263956,"populated2020":true,"population2020":null,"populationNote":"境界またぎ・収録外等のため自治体内人口は未集計"},"geometry":{"type":"Polygon","coordinates":[[[131.425,33.53750000000001],[131.4297089306458,33.5375],[131.430576939,33.53689777500001],[131.43084,33.537136667],[131.43100715849863,33.5375],[131.43125,33.5375],[131.43125,33.53333333333333],[131.425,33.53333333333333],[131.425,33.53750000000001]]]}},{"type":"Feature","id":"44211:503123442","properties":{"id":"44211:503123442","meshCode":"503123442","cityCode":"44211","city":"宇佐市","lat":33.5354167,"lon":131.434375,"areaKm2":0.2674921,"populated2020":true,"population2020":null,"populationNote":"境界またぎ・収録外等のため自治体内人口は未集計"},"geometry":{"type":"Polygon","coordinates":[[[131.4327031286728,33.5375],[131.433668054,33.537407495],[131.43388387423408,33.5375],[131.4375,33.537499999999994],[131.4375,33.53333333333333],[131.43125,33.53333333333333],[131.43125,33.5375],[131.4327031286728,33.5375]]]}},{"type":"Feature","id":"44211:503123451","properties":{"id":"44211:503123451","meshCode":"503123451","cityCode":"44211","city":"宇佐市","lat":33.5352683,"lon":131.4388738,"areaKm2":0.1040421,"populated2020":false,"population2020":null,"populationNote":"境界またぎ・収録外等のため自治体内人口は未集計"},"geometry":{"type":"Polygon","coordinates":[[[131.4380165759639,33.5375],[131.438786667,33.53618277499999],[131.439890558,33.53562305399999],[131.44122083,33.53428777500001],[131.441610272,33.533708892],[131.4417357459134,33.53333333333333],[131.4375,33.53333333333333],[131.4375,33.537499999999994],[131.4380165759639,33.5375]]]}},{"type":"Feature","id":"44211:503122403","properties":{"id":"44211:503122403","meshCode":"503122403","cityCode":"44211","city":"宇佐市","lat":33.5393938,"lon":131.2550874,"areaKm2":0.1075803,"populated2020":true,"population2020":null,"populationNote":"境界またぎ・収録外等のため自治体内人口は未集計"},"geometry":{"type":"Polygon","coordinates":[[[131.2528538910001,33.53752889200006],[131.25298639400012,33.5379877750001],[131.2535238910001,33.53893582900002],[131.25409972800003,33.53958861300004],[131.25427111500005,33.539931108000026],[131.25421666700004,33.54077582900004],[131.25384527896912,33.54166666666667],[131.25625,33.54166666666666],[131.25625,33.53750000000001],[131.2528538910001,33.53752889200006]]]}},{"type":"Feature","id":"44211:503122404","properties":{"id":"44211:503122404","meshCode":"503122404","cityCode":"44211","city":"宇佐市","lat":33.5395833,"lon":131.259375,"areaKm2":0.2682741,"populated2020":true,"population2020":29.1866,"populationNote":"2020年基準人口（国交省調整値）"},"geometry":{"type":"Polygon","coordinates":[[[131.25625,33.53750000000001],[131.25625,33.54166666666666],[131.2625,33.54166666666667],[131.2625,33.53750000000001],[131.25625,33.53750000000001]]]}},{"type":"Feature","id":"44211:503122413","properties":{"id":"44211:503122413","meshCode":"503122413","cityCode":"44211","city":"宇佐市","lat":33.5395833,"lon":131.265625,"areaKm2":0.2682741,"populated2020":true,"population2020":11.0714,"populationNote":"2020年基準人口（国交省調整値）"},"geometry":{"type":"Polygon","coordinates":[[[131.2625,33.53750000000001],[131.2625,33.54166666666667],[131.26875,33.541666666666664],[131.26875,33.53750000000001],[131.2625,33.53750000000001]]]}},{"type":"Feature","id":"44211:503122414","properties":{"id":"44211:503122414","meshCode":"503122414","cityCode":"44211","city":"宇佐市","lat":33.5395833,"lon":131.271875,"areaKm2":0.2682741,"populated2020":true,"population2020":76.5805,"populationNote":"2020年基準人口（国交省調整値）"},"geometry":{"type":"Polygon","coordinates":[[[131.26875,33.53750000000001],[131.26875,33.541666666666664],[131.275,33.541666666666664],[131.275,33.5375],[131.26875,33.53750000000001]]]}},{"type":"Feature","id":"44211:503122423","properties":{"id":"44211:503122423","meshCode":"503122423","cityCode":"44211","city":"宇佐市","lat":33.5395833,"lon":131.278125,"areaKm2":0.2682741,"populated2020":true,"population2020":15.1034,"populationNote":"2020年基準人口（国交省調整値）"},"geometry":{"type":"Polygon","coordinates":[[[131.275,33.5375],[131.275,33.541666666666664],[131.28125,33.541666666666664],[131.28125,33.537499999999994],[131.275,33.5375]]]}},{"type":"Feature","id":"44211:503122424","properties":{"id":"44211:503122424","meshCode":"503122424","cityCode":"44211","city":"宇佐市","lat":33.5395833,"lon":131.284375,"areaKm2":0.2682741,"populated2020":true,"population2020":17.1305,"populationNote":"2020年基準人口（国交省調整値）"},"geometry":{"type":"Polygon","coordinates":[[[131.28125,33.537499999999994],[131.28125,33.541666666666664],[131.2875,33.541666666666664],[131.2875,33.537499999999994],[131.28125,33.537499999999994]]]}},{"type":"Feature","id":"44211:503122433","properties":{"id":"44211:503122433","meshCode":"503122433","cityCode":"44211","city":"宇佐市","lat":33.5395833,"lon":131.290625,"areaKm2":0.2682741,"populated2020":true,"population2020":136.9196,"populationNote":"2020年基準人口（国交省調整値）"},"geometry":{"type":"Polygon","coordinates":[[[131.2875,33.537499999999994],[131.2875,33.541666666666664],[131.29375,33.541666666666664],[131.29375,33.53750000000001],[131.2875,33.537499999999994]]]}},{"type":"Feature","id":"44211:503122434","properties":{"id":"44211:503122434","meshCode":"503122434","cityCode":"44211","city":"宇佐市","lat":33.5395833,"lon":131.296875,"areaKm2":0.2682741,"populated2020":true,"population2020":57.375,"populationNote":"2020年基準人口（国交省調整値）"},"geometry":{"type":"Polygon","coordinates":[[[131.29375,33.53750000000001],[131.29375,33.541666666666664],[131.30000000000004,33.541666666666664],[131.30000000000004,33.53750000000001],[131.29375,33.53750000000001]]]}},{"type":"Feature","id":"44211:503122443","properties":{"id":"44211:503122443","meshCode":"503122443","cityCode":"44211","city":"宇佐市","lat":33.5395833,"lon":131.303125,"areaKm2":0.2682741,"populated2020":true,"population2020":49.3142,"populationNote":"2020年基準人口（国交省調整値）"},"geometry":{"type":"Polygon","coordinates":[[[131.30000000000004,33.53750000000001],[131.30000000000004,33.541666666666664],[131.30625,33.54166666666667],[131.30625,33.5375],[131.30000000000004,33.53750000000001]]]}},{"type":"Feature","id":"44211:503122444","properties":{"id":"44211:503122444","meshCode":"503122444","cityCode":"44211","city":"宇佐市","lat":33.5395833,"lon":131.309375,"areaKm2":0.2682741,"populated2020":true,"population2020":38.3102,"populationNote":"2020年基準人口（国交省調整値）"},"geometry":{"type":"Polygon","coordinates":[[[131.30625,33.5375],[131.30625,33.54166666666667],[131.3125,33.54166666666667],[131.3125,33.5375],[131.30625,33.5375]]]}},{"type":"Feature","id":"44211:503122453","properties":{"id":"44211:503122453","meshCode":"503122453","cityCode":"44211","city":"宇佐市","lat":33.5395833,"lon":131.315625,"areaKm2":0.2682741,"populated2020":true,"population2020":222.5531,"populationNote":"2020年基準人口（国交省調整値）"},"geometry":{"type":"Polygon","coordinates":[[[131.3125,33.5375],[131.3125,33.54166666666667],[131.31875,33.541666666666664],[131.31875,33.53750000000001],[131.3125,33.5375]]]}},{"type":"Feature","id":"44211:503122454","properties":{"id":"44211:503122454","meshCode":"503122454","cityCode":"44211","city":"宇佐市","lat":33.5395833,"lon":131.321875,"areaKm2":0.2682741,"populated2020":true,"population2020":395.514,"populationNote":"2020年基準人口（国交省調整値）"},"geometry":{"type":"Polygon","coordinates":[[[131.31875,33.53750000000001],[131.31875,33.541666666666664],[131.325,33.541666666666664],[131.325,33.5375],[131.31875,33.53750000000001]]]}},{"type":"Feature","id":"44211:503122463","properties":{"id":"44211:503122463","meshCode":"503122463","cityCode":"44211","city":"宇佐市","lat":33.5395833,"lon":131.328125,"areaKm2":0.2682741,"populated2020":true,"population2020":940.1955,"populationNote":"2020年基準人口（国交省調整値）"},"geometry":{"type":"Polygon","coordinates":[[[131.325,33.5375],[131.325,33.541666666666664],[131.33125,33.541666666666664],[131.33125,33.53750000000001],[131.325,33.5375]]]}},{"type":"Feature","id":"44211:503122464","properties":{"id":"44211:503122464","meshCode":"503122464","cityCode":"44211","city":"宇佐市","lat":33.5395833,"lon":131.334375,"areaKm2":0.2682741,"populated2020":true,"population2020":19.1219,"populationNote":"2020年基準人口（国交省調整値）"},"geometry":{"type":"Polygon","coordinates":[[[131.33125,33.53750000000001],[131.33125,33.541666666666664],[131.3375,33.541666666666664],[131.3375,33.5375],[131.33125,33.53750000000001]]]}},{"type":"Feature","id":"44211:503122473","properties":{"id":"44211:503122473","meshCode":"503122473","cityCode":"44211","city":"宇佐市","lat":33.5395833,"lon":131.340625,"areaKm2":0.2682741,"populated2020":true,"population2020":130.9297,"populationNote":"2020年基準人口（国交省調整値）"},"geometry":{"type":"Polygon","coordinates":[[[131.3375,33.5375],[131.3375,33.541666666666664],[131.34375,33.54166666666667],[131.34375,33.53750000000001],[131.3375,33.5375]]]}},{"type":"Feature","id":"44211:503122474","properties":{"id":"44211:503122474","meshCode":"503122474","cityCode":"44211","city":"宇佐市","lat":33.5395833,"lon":131.346875,"areaKm2":0.2682741,"populated2020":true,"population2020":153.2522,"populationNote":"2020年基準人口（国交省調整値）"},"geometry":{"type":"Polygon","coordinates":[[[131.34375,33.53750000000001],[131.34375,33.54166666666667],[131.35,33.54166666666667],[131.35,33.537499999999994],[131.34375,33.53750000000001]]]}},{"type":"Feature","id":"44211:503122483","properties":{"id":"44211:503122483","meshCode":"503122483","cityCode":"44211","city":"宇佐市","lat":33.5395833,"lon":131.353125,"areaKm2":0.2682741,"populated2020":true,"population2020":104.7937,"populationNote":"2020年基準人口（国交省調整値）"},"geometry":{"type":"Polygon","coordinates":[[[131.35,33.537499999999994],[131.35,33.54166666666667],[131.35625000000002,33.541666666666664],[131.35625000000002,33.5375],[131.35,33.537499999999994]]]}},{"type":"Feature","id":"44211:503122484","properties":{"id":"44211:503122484","meshCode":"503122484","cityCode":"44211","city":"宇佐市","lat":33.5395833,"lon":131.359375,"areaKm2":0.2682741,"populated2020":true,"population2020":9.0675,"populationNote":"2020年基準人口（国交省調整値）"},"geometry":{"type":"Polygon","coordinates":[[[131.35625000000002,33.5375],[131.35625000000002,33.541666666666664],[131.3625,33.54166666666667],[131.3625,33.53750000000001],[131.35625000000002,33.5375]]]}},{"type":"Feature","id":"44211:503122493","properties":{"id":"44211:503122493","meshCode":"503122493","cityCode":"44211","city":"宇佐市","lat":33.5395833,"lon":131.365625,"areaKm2":0.2682741,"populated2020":true,"population2020":56.283,"populationNote":"2020年基準人口（国交省調整値）"},"geometry":{"type":"Polygon","coordinates":[[[131.3625,33.53750000000001],[131.3625,33.54166666666667],[131.36875,33.541666666666664],[131.36875,33.5375],[131.3625,33.53750000000001]]]}},{"type":"Feature","id":"44211:503122494","properties":{"id":"44211:503122494","meshCode":"503122494","cityCode":"44211","city":"宇佐市","lat":33.5395833,"lon":131.371875,"areaKm2":0.2682741,"populated2020":true,"population2020":15.1525,"populationNote":"2020年基準人口（国交省調整値）"},"geometry":{"type":"Polygon","coordinates":[[[131.36875,33.5375],[131.36875,33.541666666666664],[131.375,33.541666666666664],[131.375,33.53750000000001],[131.36875,33.5375]]]}},{"type":"Feature","id":"44211:503123403","properties":{"id":"44211:503123403","meshCode":"503123403","cityCode":"44211","city":"宇佐市","lat":33.5395833,"lon":131.378125,"areaKm2":0.2682741,"populated2020":true,"population2020":113.8401,"populationNote":"2020年基準人口（国交省調整値）"},"geometry":{"type":"Polygon","coordinates":[[[131.375,33.53750000000001],[131.375,33.541666666666664],[131.38125,33.541666666666664],[131.38125,33.5375],[131.375,33.53750000000001]]]}},{"type":"Feature","id":"44211:503123404","properties":{"id":"44211:503123404","meshCode":"503123404","cityCode":"44211","city":"宇佐市","lat":33.5395833,"lon":131.384375,"areaKm2":0.2682741,"populated2020":true,"population2020":122.9567,"populationNote":"2020年基準人口（国交省調整値）"},"geometry":{"type":"Polygon","coordinates":[[[131.38125,33.5375],[131.38125,33.541666666666664],[131.3875,33.54166666666667],[131.3875,33.5375],[131.38125,33.5375]]]}},{"type":"Feature","id":"44211:503123413","properties":{"id":"44211:503123413","meshCode":"503123413","cityCode":"44211","city":"宇佐市","lat":33.5395833,"lon":131.390625,"areaKm2":0.2682741,"populated2020":true,"population2020":22.1489,"populationNote":"2020年基準人口（国交省調整値）"},"geometry":{"type":"Polygon","coordinates":[[[131.3875,33.5375],[131.3875,33.54166666666667],[131.39375,33.541666666666664],[131.39375,33.53750000000001],[131.3875,33.5375]]]}},{"type":"Feature","id":"44211:503123414","properties":{"id":"44211:503123414","meshCode":"503123414","cityCode":"44211","city":"宇佐市","lat":33.5395833,"lon":131.396875,"areaKm2":0.2682741,"populated2020":true,"population2020":127.519,"populationNote":"2020年基準人口（国交省調整値）"},"geometry":{"type":"Polygon","coordinates":[[[131.39375,33.53750000000001],[131.39375,33.541666666666664],[131.4,33.541666666666664],[131.4,33.53750000000001],[131.39375,33.53750000000001]]]}},{"type":"Feature","id":"44211:503123423","properties":{"id":"44211:503123423","meshCode":"503123423","cityCode":"44211","city":"宇佐市","lat":33.5395833,"lon":131.403125,"areaKm2":0.2682741,"populated2020":false,"population2020":null,"populationNote":"境界またぎ・収録外等のため自治体内人口は未集計"},"geometry":{"type":"Polygon","coordinates":[[[131.4,33.53750000000001],[131.4,33.541666666666664],[131.40625,33.541666666666664],[131.40625,33.5375],[131.4,33.53750000000001]]]}},{"type":"Feature","id":"44211:503123424","properties":{"id":"44211:503123424","meshCode":"503123424","cityCode":"44211","city":"宇佐市","lat":33.5395833,"lon":131.409375,"areaKm2":0.2682741,"populated2020":false,"population2020":null,"populationNote":"境界またぎ・収録外等のため自治体内人口は未集計"},"geometry":{"type":"Polygon","coordinates":[[[131.40625,33.5375],[131.40625,33.541666666666664],[131.4125,33.54166666666667],[131.4125,33.5375],[131.40625,33.5375]]]}},{"type":"Feature","id":"44211:503123433","properties":{"id":"44211:503123433","meshCode":"503123433","cityCode":"44211","city":"宇佐市","lat":33.5395833,"lon":131.415625,"areaKm2":0.2682741,"populated2020":true,"population2020":54.356,"populationNote":"2020年基準人口（国交省調整値）"},"geometry":{"type":"Polygon","coordinates":[[[131.4125,33.5375],[131.4125,33.54166666666667],[131.41875,33.541666666666664],[131.41875,33.5375],[131.4125,33.5375]]]}},{"type":"Feature","id":"44211:503123434","properties":{"id":"44211:503123434","meshCode":"503123434","cityCode":"44211","city":"宇佐市","lat":33.5395833,"lon":131.421875,"areaKm2":0.2570251,"populated2020":true,"population2020":null,"populationNote":"境界またぎ・収録外等のため自治体内人口は未集計"},"geometry":{"type":"Polygon","coordinates":[[[131.424521946,33.54157805399999],[131.424448054,33.540650559],[131.424636667,33.539632495],[131.42483778200003,33.53932694600001],[131.425,33.539261802000006],[131.425,33.53750000000001],[131.41875,33.5375],[131.41875,33.541666666666664],[131.424464527216,33.54166666666667],[131.424521946,33.54157805399999]]]}},{"type":"Feature","id":"44211:503123443","properties":{"id":"44211:503123443","meshCode":"503123443","cityCode":"44211","city":"宇佐市","lat":33.5375463,"lon":131.4294527,"areaKm2":0.0128569,"populated2020":true,"population2020":null,"populationNote":"境界またぎ・収録外等のため自治体内人口は未集計"},"geometry":{"type":"MultiPolygon","coordinates":[[[[131.425207224,33.539178613],[131.425502776,33.538778613],[131.425190558,33.538553892],[131.425091946,33.538392495],[131.425067497,33.537915],[131.425166109,33.537631387],[131.426007224,33.538025278999996],[131.426254449,33.53786749499999],[131.426754721,33.537928892000004],[131.427513061,33.537609440999994],[131.4285262850872,33.5375],[131.425,33.53750000000001],[131.425,33.539261802000006],[131.425207224,33.539178613]]],[[[131.42869210556387,33.5375],[131.429460558,33.537585],[131.4297089306458,33.5375],[131.42869210556387,33.5375]]],[[[131.431086394,33.537672225],[131.43125,33.537679302492485],[131.43125,33.5375],[131.43100715849863,33.5375],[131.431086394,33.537672225]]]]}},{"type":"Feature","id":"44211:503123444","properties":{"id":"44211:503123444","meshCode":"503123444","cityCode":"44211","city":"宇佐市","lat":33.5388282,"lon":131.4359543,"areaKm2":0.0512769,"populated2020":false,"population2020":null,"populationNote":"境界またぎ・収録外等のため自治体内人口は未集計"},"geometry":{"type":"MultiPolygon","coordinates":[[[[131.431398885,33.537533613],[131.432329442,33.537562495],[131.4327031286728,33.5375],[131.43125,33.5375],[131.43125,33.537679302492485],[131.431398885,33.537533613]]],[[[131.43388387423408,33.5375],[131.434688885,33.538252224999994],[131.435176109,33.539050558999996],[131.43598917,33.540102225],[131.436128885,33.54007],[131.436915837,33.538771667],[131.4375,33.538171123614205],[131.4375,33.537499999999994],[131.43388387423408,33.5375]]]]}},{"type":"Feature","id":"44211:503123453","properties":{"id":"44211:503123453","meshCode":"503123453","cityCode":"44211","city":"宇佐市","lat":33.5378335,"lon":131.4376717,"areaKm2":0.0021596,"populated2020":false,"population2020":null,"populationNote":"境界またぎ・収録外等のため自治体内人口は未集計"},"geometry":{"type":"Polygon","coordinates":[[[131.43777,33.537932775],[131.4380165759639,33.5375],[131.4375,33.537499999999994],[131.4375,33.538171123614205],[131.43777,33.537932775]]]}},{"type":"Feature","id":"44211:503122501","properties":{"id":"44211:503122501","meshCode":"503122501","cityCode":"44211","city":"宇佐市","lat":33.5431683,"lon":131.2556013,"areaKm2":0.0420172,"populated2020":false,"population2020":null,"populationNote":"境界またぎ・収録外等のため自治体内人口は未集計"},"geometry":{"type":"Polygon","coordinates":[[[131.25384527899996,33.54166666700002],[131.25392027200007,33.542016387],[131.25408389100005,33.542260828999986],[131.254816109,33.542877495000035],[131.25533027200004,33.543923333000066],[131.25589917000002,33.544345558999964],[131.25625,33.54479713493503],[131.25625,33.54166666666666],[131.25384527899996,33.54166666700002]]]}},{"type":"Feature","id":"44211:503122502","properties":{"id":"44211:503122502","meshCode":"503122502","cityCode":"44211","city":"宇佐市","lat":33.54375,"lon":131.259375,"areaKm2":0.2664101,"populated2020":true,"population2020":null,"populationNote":"境界またぎ・収録外等のため自治体内人口は未集計"},"geometry":{"type":"Polygon","coordinates":[[[131.25640499400015,33.545035279000054],[131.25648509071667,33.54583333333334],[131.2625,33.545833333333334],[131.2625,33.54166666666667],[131.25625,33.54166666666666],[131.25625,33.54479713493503],[131.25640499400015,33.545035279000054]]]}},{"type":"Feature","id":"44211:503122511","properties":{"id":"44211:503122511","meshCode":"503122511","cityCode":"44211","city":"宇佐市","lat":33.54375,"lon":131.265625,"areaKm2":0.2682614,"populated2020":true,"population2020":87.5575,"populationNote":"2020年基準人口（国交省調整値）"},"geometry":{"type":"Polygon","coordinates":[[[131.2625,33.54166666666667],[131.2625,33.545833333333334],[131.26875,33.545833333333334],[131.26875,33.541666666666664],[131.2625,33.54166666666667]]]}},{"type":"Feature","id":"44211:503122512","properties":{"id":"44211:503122512","meshCode":"503122512","cityCode":"44211","city":"宇佐市","lat":33.54375,"lon":131.271875,"areaKm2":0.2682614,"populated2020":true,"population2020":31.1734,"populationNote":"2020年基準人口（国交省調整値）"},"geometry":{"type":"Polygon","coordinates":[[[131.26875,33.541666666666664],[131.26875,33.545833333333334],[131.275,33.545833333333334],[131.275,33.541666666666664],[131.26875,33.541666666666664]]]}},{"type":"Feature","id":"44211:503122521","properties":{"id":"44211:503122521","meshCode":"503122521","cityCode":"44211","city":"宇佐市","lat":33.54375,"lon":131.278125,"areaKm2":0.2682614,"populated2020":true,"population2020":88.6068,"populationNote":"2020年基準人口（国交省調整値）"},"geometry":{"type":"Polygon","coordinates":[[[131.275,33.541666666666664],[131.275,33.545833333333334],[131.28125,33.545833333333334],[131.28125,33.541666666666664],[131.275,33.541666666666664]]]}},{"type":"Feature","id":"44211:503122522","properties":{"id":"44211:503122522","meshCode":"503122522","cityCode":"44211","city":"宇佐市","lat":33.54375,"lon":131.284375,"areaKm2":0.2682614,"populated2020":true,"population2020":100.6833,"populationNote":"2020年基準人口（国交省調整値）"},"geometry":{"type":"Polygon","coordinates":[[[131.28125,33.541666666666664],[131.28125,33.545833333333334],[131.2875,33.545833333333334],[131.2875,33.541666666666664],[131.28125,33.541666666666664]]]}},{"type":"Feature","id":"44211:503122531","properties":{"id":"44211:503122531","meshCode":"503122531","cityCode":"44211","city":"宇佐市","lat":33.54375,"lon":131.290625,"areaKm2":0.2682614,"populated2020":true,"population2020":46.2884,"populationNote":"2020年基準人口（国交省調整値）"},"geometry":{"type":"Polygon","coordinates":[[[131.2875,33.541666666666664],[131.2875,33.545833333333334],[131.29375,33.545833333333334],[131.29375,33.541666666666664],[131.2875,33.541666666666664]]]}},{"type":"Feature","id":"44211:503122532","properties":{"id":"44211:503122532","meshCode":"503122532","cityCode":"44211","city":"宇佐市","lat":33.54375,"lon":131.296875,"areaKm2":0.2682614,"populated2020":true,"population2020":64.4314,"populationNote":"2020年基準人口（国交省調整値）"},"geometry":{"type":"Polygon","coordinates":[[[131.29375,33.541666666666664],[131.29375,33.545833333333334],[131.30000000000004,33.545833333333334],[131.30000000000004,33.541666666666664],[131.29375,33.541666666666664]]]}},{"type":"Feature","id":"44211:503122541","properties":{"id":"44211:503122541","meshCode":"503122541","cityCode":"44211","city":"宇佐市","lat":33.54375,"lon":131.303125,"areaKm2":0.2682614,"populated2020":true,"population2020":8.0567,"populationNote":"2020年基準人口（国交省調整値）"},"geometry":{"type":"Polygon","coordinates":[[[131.30000000000004,33.541666666666664],[131.30000000000004,33.545833333333334],[131.30625,33.54583333333334],[131.30625,33.54166666666667],[131.30000000000004,33.541666666666664]]]}},{"type":"Feature","id":"44211:503122542","properties":{"id":"44211:503122542","meshCode":"503122542","cityCode":"44211","city":"宇佐市","lat":33.54375,"lon":131.309375,"areaKm2":0.2682614,"populated2020":true,"population2020":55.3669,"populationNote":"2020年基準人口（国交省調整値）"},"geometry":{"type":"Polygon","coordinates":[[[131.30625,33.54166666666667],[131.30625,33.54583333333334],[131.3125,33.545833333333334],[131.3125,33.54166666666667],[131.30625,33.54166666666667]]]}},{"type":"Feature","id":"44211:503122551","properties":{"id":"44211:503122551","meshCode":"503122551","cityCode":"44211","city":"宇佐市","lat":33.54375,"lon":131.315625,"areaKm2":0.2682614,"populated2020":true,"population2020":28.2681,"populationNote":"2020年基準人口（国交省調整値）"},"geometry":{"type":"Polygon","coordinates":[[[131.3125,33.54166666666667],[131.3125,33.545833333333334],[131.31875,33.545833333333334],[131.31875,33.541666666666664],[131.3125,33.54166666666667]]]}},{"type":"Feature","id":"44211:503122552","properties":{"id":"44211:503122552","meshCode":"503122552","cityCode":"44211","city":"宇佐市","lat":33.54375,"lon":131.321875,"areaKm2":0.2682614,"populated2020":true,"population2020":99.5272,"populationNote":"2020年基準人口（国交省調整値）"},"geometry":{"type":"Polygon","coordinates":[[[131.31875,33.541666666666664],[131.31875,33.545833333333334],[131.325,33.545833333333334],[131.325,33.541666666666664],[131.31875,33.541666666666664]]]}},{"type":"Feature","id":"44211:503122561","properties":{"id":"44211:503122561","meshCode":"503122561","cityCode":"44211","city":"宇佐市","lat":33.54375,"lon":131.328125,"areaKm2":0.2682614,"populated2020":true,"population2020":249.5389,"populationNote":"2020年基準人口（国交省調整値）"},"geometry":{"type":"Polygon","coordinates":[[[131.325,33.541666666666664],[131.325,33.545833333333334],[131.33125,33.545833333333334],[131.33125,33.541666666666664],[131.325,33.541666666666664]]]}},{"type":"Feature","id":"44211:503122562","properties":{"id":"44211:503122562","meshCode":"503122562","cityCode":"44211","city":"宇佐市","lat":33.54375,"lon":131.334375,"areaKm2":0.2682614,"populated2020":true,"population2020":73.4028,"populationNote":"2020年基準人口（国交省調整値）"},"geometry":{"type":"Polygon","coordinates":[[[131.33125,33.541666666666664],[131.33125,33.545833333333334],[131.3375,33.545833333333334],[131.3375,33.541666666666664],[131.33125,33.541666666666664]]]}},{"type":"Feature","id":"44211:503122571","properties":{"id":"44211:503122571","meshCode":"503122571","cityCode":"44211","city":"宇佐市","lat":33.54375,"lon":131.340625,"areaKm2":0.2682614,"populated2020":true,"population2020":61.8477,"populationNote":"2020年基準人口（国交省調整値）"},"geometry":{"type":"Polygon","coordinates":[[[131.3375,33.541666666666664],[131.3375,33.545833333333334],[131.34375,33.545833333333334],[131.34375,33.54166666666667],[131.3375,33.541666666666664]]]}},{"type":"Feature","id":"44211:503122572","properties":{"id":"44211:503122572","meshCode":"503122572","cityCode":"44211","city":"宇佐市","lat":33.54375,"lon":131.346875,"areaKm2":0.2682614,"populated2020":true,"population2020":357.2003,"populationNote":"2020年基準人口（国交省調整値）"},"geometry":{"type":"Polygon","coordinates":[[[131.34375,33.54166666666667],[131.34375,33.545833333333334],[131.35,33.545833333333334],[131.35,33.54166666666667],[131.34375,33.54166666666667]]]}},{"type":"Feature","id":"44211:503122581","properties":{"id":"44211:503122581","meshCode":"503122581","cityCode":"44211","city":"宇佐市","lat":33.54375,"lon":131.353125,"areaKm2":0.2682614,"populated2020":true,"population2020":168.0888,"populationNote":"2020年基準人口（国交省調整値）"},"geometry":{"type":"Polygon","coordinates":[[[131.35,33.54166666666667],[131.35,33.545833333333334],[131.35625000000002,33.54583333333334],[131.35625000000002,33.541666666666664],[131.35,33.54166666666667]]]}},{"type":"Feature","id":"44211:503122582","properties":{"id":"44211:503122582","meshCode":"503122582","cityCode":"44211","city":"宇佐市","lat":33.54375,"lon":131.359375,"areaKm2":0.2682614,"populated2020":true,"population2020":80.514,"populationNote":"2020年基準人口（国交省調整値）"},"geometry":{"type":"Polygon","coordinates":[[[131.35625000000002,33.541666666666664],[131.35625000000002,33.54583333333334],[131.3625,33.545833333333334],[131.3625,33.54166666666667],[131.35625000000002,33.541666666666664]]]}},{"type":"Feature","id":"44211:503122591","properties":{"id":"44211:503122591","meshCode":"503122591","cityCode":"44211","city":"宇佐市","lat":33.54375,"lon":131.365625,"areaKm2":0.2682614,"populated2020":true,"population2020":35.2871,"populationNote":"2020年基準人口（国交省調整値）"},"geometry":{"type":"Polygon","coordinates":[[[131.3625,33.54166666666667],[131.3625,33.545833333333334],[131.36875,33.545833333333334],[131.36875,33.541666666666664],[131.3625,33.54166666666667]]]}},{"type":"Feature","id":"44211:503122592","properties":{"id":"44211:503122592","meshCode":"503122592","cityCode":"44211","city":"宇佐市","lat":33.54375,"lon":131.371875,"areaKm2":0.2682614,"populated2020":true,"population2020":118.7872,"populationNote":"2020年基準人口（国交省調整値）"},"geometry":{"type":"Polygon","coordinates":[[[131.36875,33.541666666666664],[131.36875,33.545833333333334],[131.375,33.545833333333334],[131.375,33.541666666666664],[131.36875,33.541666666666664]]]}},{"type":"Feature","id":"44211:503123501","properties":{"id":"44211:503123501","meshCode":"503123501","cityCode":"44211","city":"宇佐市","lat":33.54375,"lon":131.378125,"areaKm2":0.2682614,"populated2020":true,"population2020":70.5491,"populationNote":"2020年基準人口（国交省調整値）"},"geometry":{"type":"Polygon","coordinates":[[[131.375,33.541666666666664],[131.375,33.545833333333334],[131.38125,33.54583333333334],[131.38125,33.541666666666664],[131.375,33.541666666666664]]]}},{"type":"Feature","id":"44211:503123502","properties":{"id":"44211:503123502","meshCode":"503123502","cityCode":"44211","city":"宇佐市","lat":33.54375,"lon":131.384375,"areaKm2":0.2682614,"populated2020":true,"population2020":138.0706,"populationNote":"2020年基準人口（国交省調整値）"},"geometry":{"type":"Polygon","coordinates":[[[131.38125,33.541666666666664],[131.38125,33.54583333333334],[131.3875,33.545833333333334],[131.3875,33.54166666666667],[131.38125,33.541666666666664]]]}},{"type":"Feature","id":"44211:503123511","properties":{"id":"44211:503123511","meshCode":"503123511","cityCode":"44211","city":"宇佐市","lat":33.54375,"lon":131.390625,"areaKm2":0.2682614,"populated2020":false,"population2020":null,"populationNote":"境界またぎ・収録外等のため自治体内人口は未集計"},"geometry":{"type":"Polygon","coordinates":[[[131.3875,33.54166666666667],[131.3875,33.545833333333334],[131.39375,33.545833333333334],[131.39375,33.541666666666664],[131.3875,33.54166666666667]]]}},{"type":"Feature","id":"44211:503123512","properties":{"id":"44211:503123512","meshCode":"503123512","cityCode":"44211","city":"宇佐市","lat":33.54375,"lon":131.396875,"areaKm2":0.2682614,"populated2020":true,"population2020":29.2304,"populationNote":"2020年基準人口（国交省調整値）"},"geometry":{"type":"Polygon","coordinates":[[[131.39375,33.541666666666664],[131.39375,33.545833333333334],[131.4,33.545833333333334],[131.4,33.541666666666664],[131.39375,33.541666666666664]]]}},{"type":"Feature","id":"44211:503123521","properties":{"id":"44211:503123521","meshCode":"503123521","cityCode":"44211","city":"宇佐市","lat":33.54375,"lon":131.403125,"areaKm2":0.2682614,"populated2020":false,"population2020":null,"populationNote":"境界またぎ・収録外等のため自治体内人口は未集計"},"geometry":{"type":"Polygon","coordinates":[[[131.4,33.541666666666664],[131.4,33.545833333333334],[131.40625,33.545833333333334],[131.40625,33.541666666666664],[131.4,33.541666666666664]]]}},{"type":"Feature","id":"44211:503123522","properties":{"id":"44211:503123522","meshCode":"503123522","cityCode":"44211","city":"宇佐市","lat":33.54375,"lon":131.409375,"areaKm2":0.2682614,"populated2020":false,"population2020":null,"populationNote":"境界またぎ・収録外等のため自治体内人口は未集計"},"geometry":{"type":"Polygon","coordinates":[[[131.40625,33.541666666666664],[131.40625,33.545833333333334],[131.4125,33.545833333333334],[131.4125,33.54166666666667],[131.40625,33.541666666666664]]]}},{"type":"Feature","id":"44211:503123531","properties":{"id":"44211:503123531","meshCode":"503123531","cityCode":"44211","city":"宇佐市","lat":33.54375,"lon":131.415625,"areaKm2":0.2682614,"populated2020":true,"population2020":29.3242,"populationNote":"2020年基準人口（国交省調整値）"},"geometry":{"type":"Polygon","coordinates":[[[131.4125,33.54166666666667],[131.4125,33.545833333333334],[131.41875,33.545833333333334],[131.41875,33.541666666666664],[131.4125,33.54166666666667]]]}},{"type":"Feature","id":"44211:503123532","properties":{"id":"44211:503123532","meshCode":"503123532","cityCode":"44211","city":"宇佐市","lat":33.54375,"lon":131.421875,"areaKm2":0.2283808,"populated2020":true,"population2020":null,"populationNote":"境界またぎ・収録外等のため自治体内人口は未集計"},"geometry":{"type":"Polygon","coordinates":[[[131.425,33.545494441],[131.423307497,33.543775279],[131.424045837,33.542312775],[131.424464527216,33.54166666666667],[131.41875,33.541666666666664],[131.41875,33.545833333333334],[131.425,33.54583333333334],[131.425,33.545494441]]]}},{"type":"Feature","id":"44211:503123541","properties":{"id":"44211:503123541","meshCode":"503123541","cityCode":"44211","city":"宇佐市","lat":33.5456014,"lon":131.4250526,"areaKm2":0.0005755,"populated2020":true,"population2020":null,"populationNote":"境界またぎ・収録外等のため自治体内人口は未集計"},"geometry":{"type":"Polygon","coordinates":[[[131.42532303710732,33.545833333333334],[131.425,33.545494441],[131.425,33.54583333333334],[131.42532303710732,33.545833333333334]]]}},{"type":"Feature","id":"44211:503122504","properties":{"id":"44211:503122504","meshCode":"503122504","cityCode":"44211","city":"宇佐市","lat":33.5479167,"lon":131.259375,"areaKm2":0.2308889,"populated2020":true,"population2020":null,"populationNote":"境界またぎ・収録外等のため自治体内人口は未集計"},"geometry":{"type":"Polygon","coordinates":[[[131.2564986120001,33.54587389200004],[131.25714472100015,33.547095829],[131.25719166,33.54772638700012],[131.2570747210001,33.54866305400009],[131.25752610900008,33.549567225000025],[131.257602529,33.55],[131.2625,33.55],[131.2625,33.545833333333334],[131.2564986120001,33.54587389200004]]]}},{"type":"Feature","id":"44211:503122513","properties":{"id":"44211:503122513","meshCode":"503122513","cityCode":"44211","city":"宇佐市","lat":33.5479167,"lon":131.265625,"areaKm2":0.2682487,"populated2020":true,"population2020":4.0163,"populationNote":"2020年基準人口（国交省調整値）"},"geometry":{"type":"Polygon","coordinates":[[[131.2625,33.545833333333334],[131.2625,33.55],[131.26875,33.55],[131.26875,33.545833333333334],[131.2625,33.545833333333334]]]}},{"type":"Feature","id":"44211:503122514","properties":{"id":"44211:503122514","meshCode":"503122514","cityCode":"44211","city":"宇佐市","lat":33.5479167,"lon":131.271875,"areaKm2":0.2682487,"populated2020":false,"population2020":null,"populationNote":"境界またぎ・収録外等のため自治体内人口は未集計"},"geometry":{"type":"Polygon","coordinates":[[[131.26875,33.545833333333334],[131.26875,33.55],[131.275,33.55],[131.275,33.545833333333334],[131.26875,33.545833333333334]]]}},{"type":"Feature","id":"44211:503122523","properties":{"id":"44211:503122523","meshCode":"503122523","cityCode":"44211","city":"宇佐市","lat":33.5479167,"lon":131.278125,"areaKm2":0.2682487,"populated2020":true,"population2020":132.0687,"populationNote":"2020年基準人口（国交省調整値）"},"geometry":{"type":"Polygon","coordinates":[[[131.275,33.545833333333334],[131.275,33.55],[131.28125,33.55],[131.28125,33.545833333333334],[131.275,33.545833333333334]]]}},{"type":"Feature","id":"44211:503122524","properties":{"id":"44211:503122524","meshCode":"503122524","cityCode":"44211","city":"宇佐市","lat":33.5479167,"lon":131.284375,"areaKm2":0.2682487,"populated2020":true,"population2020":89.5897,"populationNote":"2020年基準人口（国交省調整値）"},"geometry":{"type":"Polygon","coordinates":[[[131.28125,33.545833333333334],[131.28125,33.55],[131.2875,33.54999999999999],[131.2875,33.545833333333334],[131.28125,33.545833333333334]]]}},{"type":"Feature","id":"44211:503122533","properties":{"id":"44211:503122533","meshCode":"503122533","cityCode":"44211","city":"宇佐市","lat":33.5479167,"lon":131.290625,"areaKm2":0.2682487,"populated2020":true,"population2020":5.0265,"populationNote":"2020年基準人口（国交省調整値）"},"geometry":{"type":"Polygon","coordinates":[[[131.2875,33.545833333333334],[131.2875,33.54999999999999],[131.29375,33.54999999999999],[131.29375,33.545833333333334],[131.2875,33.545833333333334]]]}},{"type":"Feature","id":"44211:503122534","properties":{"id":"44211:503122534","meshCode":"503122534","cityCode":"44211","city":"宇佐市","lat":33.5479167,"lon":131.296875,"areaKm2":0.2682487,"populated2020":true,"population2020":22.1622,"populationNote":"2020年基準人口（国交省調整値）"},"geometry":{"type":"Polygon","coordinates":[[[131.29375,33.545833333333334],[131.29375,33.54999999999999],[131.30000000000004,33.55],[131.30000000000004,33.545833333333334],[131.29375,33.545833333333334]]]}},{"type":"Feature","id":"44211:503122543","properties":{"id":"44211:503122543","meshCode":"503122543","cityCode":"44211","city":"宇佐市","lat":33.5479167,"lon":131.303125,"areaKm2":0.2682487,"populated2020":true,"population2020":223.9081,"populationNote":"2020年基準人口（国交省調整値）"},"geometry":{"type":"Polygon","coordinates":[[[131.30000000000004,33.545833333333334],[131.30000000000004,33.55],[131.30625,33.55],[131.30625,33.54583333333334],[131.30000000000004,33.545833333333334]]]}},{"type":"Feature","id":"44211:503122544","properties":{"id":"44211:503122544","meshCode":"503122544","cityCode":"44211","city":"宇佐市","lat":33.5479167,"lon":131.309375,"areaKm2":0.2682487,"populated2020":true,"population2020":60.4528,"populationNote":"2020年基準人口（国交省調整値）"},"geometry":{"type":"Polygon","coordinates":[[[131.30625,33.54583333333334],[131.30625,33.55],[131.3125,33.54999999999999],[131.3125,33.545833333333334],[131.30625,33.54583333333334]]]}},{"type":"Feature","id":"44211:503122553","properties":{"id":"44211:503122553","meshCode":"503122553","cityCode":"44211","city":"宇佐市","lat":33.5479167,"lon":131.315625,"areaKm2":0.2682487,"populated2020":true,"population2020":88.5368,"populationNote":"2020年基準人口（国交省調整値）"},"geometry":{"type":"Polygon","coordinates":[[[131.3125,33.545833333333334],[131.3125,33.54999999999999],[131.31875,33.55],[131.31875,33.545833333333334],[131.3125,33.545833333333334]]]}},{"type":"Feature","id":"44211:503122554","properties":{"id":"44211:503122554","meshCode":"503122554","cityCode":"44211","city":"宇佐市","lat":33.5479167,"lon":131.321875,"areaKm2":0.2682487,"populated2020":true,"population2020":29.2056,"populationNote":"2020年基準人口（国交省調整値）"},"geometry":{"type":"Polygon","coordinates":[[[131.31875,33.545833333333334],[131.31875,33.55],[131.325,33.55],[131.325,33.545833333333334],[131.31875,33.545833333333334]]]}},{"type":"Feature","id":"44211:503122563","properties":{"id":"44211:503122563","meshCode":"503122563","cityCode":"44211","city":"宇佐市","lat":33.5479167,"lon":131.328125,"areaKm2":0.2682487,"populated2020":true,"population2020":122.7547,"populationNote":"2020年基準人口（国交省調整値）"},"geometry":{"type":"Polygon","coordinates":[[[131.325,33.545833333333334],[131.325,33.55],[131.33125,33.54999999999999],[131.33125,33.545833333333334],[131.325,33.545833333333334]]]}},{"type":"Feature","id":"44211:503122564","properties":{"id":"44211:503122564","meshCode":"503122564","cityCode":"44211","city":"宇佐市","lat":33.5479167,"lon":131.334375,"areaKm2":0.2682487,"populated2020":true,"population2020":215.4347,"populationNote":"2020年基準人口（国交省調整値）"},"geometry":{"type":"Polygon","coordinates":[[[131.33125,33.545833333333334],[131.33125,33.54999999999999],[131.3375,33.54999999999999],[131.3375,33.545833333333334],[131.33125,33.545833333333334]]]}},{"type":"Feature","id":"44211:503122573","properties":{"id":"44211:503122573","meshCode":"503122573","cityCode":"44211","city":"宇佐市","lat":33.5479167,"lon":131.340625,"areaKm2":0.2682487,"populated2020":true,"population2020":27.1826,"populationNote":"2020年基準人口（国交省調整値）"},"geometry":{"type":"Polygon","coordinates":[[[131.3375,33.545833333333334],[131.3375,33.54999999999999],[131.34375,33.55],[131.34375,33.545833333333334],[131.3375,33.545833333333334]]]}},{"type":"Feature","id":"44211:503122574","properties":{"id":"44211:503122574","meshCode":"503122574","cityCode":"44211","city":"宇佐市","lat":33.5479167,"lon":131.346875,"areaKm2":0.2682487,"populated2020":true,"population2020":16.0811,"populationNote":"2020年基準人口（国交省調整値）"},"geometry":{"type":"Polygon","coordinates":[[[131.34375,33.545833333333334],[131.34375,33.55],[131.35,33.55],[131.35,33.545833333333334],[131.34375,33.545833333333334]]]}},{"type":"Feature","id":"44211:503122583","properties":{"id":"44211:503122583","meshCode":"503122583","cityCode":"44211","city":"宇佐市","lat":33.5479167,"lon":131.353125,"areaKm2":0.2682487,"populated2020":false,"population2020":null,"populationNote":"境界またぎ・収録外等のため自治体内人口は未集計"},"geometry":{"type":"Polygon","coordinates":[[[131.35,33.545833333333334],[131.35,33.55],[131.35625000000002,33.55],[131.35625000000002,33.54583333333334],[131.35,33.545833333333334]]]}},{"type":"Feature","id":"44211:503122584","properties":{"id":"44211:503122584","meshCode":"503122584","cityCode":"44211","city":"宇佐市","lat":33.5479167,"lon":131.359375,"areaKm2":0.2682487,"populated2020":true,"population2020":118.7313,"populationNote":"2020年基準人口（国交省調整値）"},"geometry":{"type":"Polygon","coordinates":[[[131.35625000000002,33.54583333333334],[131.35625000000002,33.55],[131.3625,33.54999999999999],[131.3625,33.545833333333334],[131.35625000000002,33.54583333333334]]]}},{"type":"Feature","id":"44211:503122593","properties":{"id":"44211:503122593","meshCode":"503122593","cityCode":"44211","city":"宇佐市","lat":33.5479167,"lon":131.365625,"areaKm2":0.2682487,"populated2020":true,"population2020":66.5806,"populationNote":"2020年基準人口（国交省調整値）"},"geometry":{"type":"Polygon","coordinates":[[[131.3625,33.545833333333334],[131.3625,33.54999999999999],[131.36875,33.55],[131.36875,33.545833333333334],[131.3625,33.545833333333334]]]}},{"type":"Feature","id":"44211:503122594","properties":{"id":"44211:503122594","meshCode":"503122594","cityCode":"44211","city":"宇佐市","lat":33.5479167,"lon":131.371875,"areaKm2":0.2682487,"populated2020":true,"population2020":62.4525,"populationNote":"2020年基準人口（国交省調整値）"},"geometry":{"type":"Polygon","coordinates":[[[131.36875,33.545833333333334],[131.36875,33.55],[131.375,33.54999999999999],[131.375,33.545833333333334],[131.36875,33.545833333333334]]]}},{"type":"Feature","id":"44211:503123503","properties":{"id":"44211:503123503","meshCode":"503123503","cityCode":"44211","city":"宇佐市","lat":33.5479167,"lon":131.378125,"areaKm2":0.2682487,"populated2020":true,"population2020":11.0363,"populationNote":"2020年基準人口（国交省調整値）"},"geometry":{"type":"Polygon","coordinates":[[[131.375,33.545833333333334],[131.375,33.54999999999999],[131.38125,33.54999999999999],[131.38125,33.54583333333334],[131.375,33.545833333333334]]]}},{"type":"Feature","id":"44211:503123504","properties":{"id":"44211:503123504","meshCode":"503123504","cityCode":"44211","city":"宇佐市","lat":33.5479167,"lon":131.384375,"areaKm2":0.2682487,"populated2020":true,"population2020":6.0519,"populationNote":"2020年基準人口（国交省調整値）"},"geometry":{"type":"Polygon","coordinates":[[[131.38125,33.54583333333334],[131.38125,33.54999999999999],[131.3875,33.54999999999999],[131.3875,33.545833333333334],[131.38125,33.54583333333334]]]}},{"type":"Feature","id":"44211:503123513","properties":{"id":"44211:503123513","meshCode":"503123513","cityCode":"44211","city":"宇佐市","lat":33.5479167,"lon":131.390625,"areaKm2":0.2682487,"populated2020":true,"population2020":53.475,"populationNote":"2020年基準人口（国交省調整値）"},"geometry":{"type":"Polygon","coordinates":[[[131.3875,33.545833333333334],[131.3875,33.54999999999999],[131.39375,33.55],[131.39375,33.545833333333334],[131.3875,33.545833333333334]]]}},{"type":"Feature","id":"44211:503123514","properties":{"id":"44211:503123514","meshCode":"503123514","cityCode":"44211","city":"宇佐市","lat":33.5479167,"lon":131.396875,"areaKm2":0.2682487,"populated2020":true,"population2020":203.6552,"populationNote":"2020年基準人口（国交省調整値）"},"geometry":{"type":"Polygon","coordinates":[[[131.39375,33.545833333333334],[131.39375,33.55],[131.4,33.55],[131.4,33.545833333333334],[131.39375,33.545833333333334]]]}},{"type":"Feature","id":"44211:503123523","properties":{"id":"44211:503123523","meshCode":"503123523","cityCode":"44211","city":"宇佐市","lat":33.5479167,"lon":131.403125,"areaKm2":0.2682487,"populated2020":true,"population2020":19.1907,"populationNote":"2020年基準人口（国交省調整値）"},"geometry":{"type":"Polygon","coordinates":[[[131.4,33.545833333333334],[131.4,33.55],[131.40625,33.54999999999999],[131.40625,33.545833333333334],[131.4,33.545833333333334]]]}},{"type":"Feature","id":"44211:503123524","properties":{"id":"44211:503123524","meshCode":"503123524","cityCode":"44211","city":"宇佐市","lat":33.5479167,"lon":131.409375,"areaKm2":0.2682487,"populated2020":false,"population2020":null,"populationNote":"境界またぎ・収録外等のため自治体内人口は未集計"},"geometry":{"type":"Polygon","coordinates":[[[131.40625,33.545833333333334],[131.40625,33.54999999999999],[131.4125,33.55],[131.4125,33.545833333333334],[131.40625,33.545833333333334]]]}},{"type":"Feature","id":"44211:503123533","properties":{"id":"44211:503123533","meshCode":"503123533","cityCode":"44211","city":"宇佐市","lat":33.5479167,"lon":131.415625,"areaKm2":0.2614096,"populated2020":true,"population2020":null,"populationNote":"境界またぎ・収録外等のため自治体内人口は未集計"},"geometry":{"type":"Polygon","coordinates":[[[131.418424163,33.549963892],[131.418512776,33.549505829],[131.41831166,33.549041667],[131.418588612,33.54874555899999],[131.418531115,33.548416667],[131.41859166,33.547524721],[131.41875,33.54693530604158],[131.41875,33.545833333333334],[131.4125,33.545833333333334],[131.4125,33.55],[131.418424163,33.549963892]]]}},{"type":"Feature","id":"44211:503123534","properties":{"id":"44211:503123534","meshCode":"503123534","cityCode":"44211","city":"宇佐市","lat":33.5479167,"lon":131.421875,"areaKm2":0.1674672,"populated2020":true,"population2020":null,"populationNote":"境界またぎ・収録外等のため自治体内人口は未集計"},"geometry":{"type":"Polygon","coordinates":[[[131.418755837,33.546931387],[131.41914166,33.546924999999995],[131.419226939,33.546757774999996],[131.420490558,33.546848054],[131.421352776,33.547073892],[131.421421946,33.547334441],[131.421161388,33.547495559],[131.420724163,33.548076108],[131.420463333,33.548609162000005],[131.420496109,33.548873333],[131.421037782,33.54927944100001],[131.421306667,33.54988333300001],[131.422193333,33.549863892000005],[131.422284721,33.549624720999994],[131.423138327,33.549766387],[131.423477782,33.549576946],[131.423666667,33.548783892],[131.424282503,33.548712775000006],[131.424371946,33.548143333],[131.424807224,33.54778194599999],[131.425,33.54783646799999],[131.425,33.54583333333334],[131.41875,33.545833333333334],[131.418755837,33.546931387]]]}},{"type":"Feature","id":"44211:503123543","properties":{"id":"44211:503123543","meshCode":"503123543","cityCode":"44211","city":"宇佐市","lat":33.5468075,"lon":131.4253889,"areaKm2":0.0101875,"populated2020":true,"population2020":null,"populationNote":"境界またぎ・収録外等のため自治体内人口は未集計"},"geometry":{"type":"Polygon","coordinates":[[[131.425012503,33.54784000000001],[131.425781946,33.54685082900001],[131.425711946,33.546583613],[131.425395837,33.546183891999995],[131.425537497,33.54607166699999],[131.42532303710732,33.545833333333334],[131.425,33.54583333333334],[131.425012503,33.54784000000001]]]}},{"type":"Feature","id":"44211:503122602","properties":{"id":"44211:503122602","meshCode":"503122602","cityCode":"44211","city":"宇佐市","lat":33.5520833,"lon":131.259375,"areaKm2":0.1343758,"populated2020":true,"population2020":null,"populationNote":"境界またぎ・収録外等のため自治体内人口は未集計"},"geometry":{"type":"Polygon","coordinates":[[[131.257602529,33.55],[131.25784555100006,33.550461107999986],[131.25805583700003,33.55046110799998],[131.25913749699998,33.552166386999936],[131.25961250300008,33.55236861300001],[131.25986972800013,33.55258277500013],[131.26004888500006,33.55300444100004],[131.25981499400007,33.553163613000045],[131.26017944199998,33.553693892000126],[131.26099749700006,33.55408582899997],[131.26116888500007,33.554061107999985],[131.2614649940001,33.553736667],[131.26192444900005,33.553755],[131.26197647200001,33.55338149499995],[131.2625,33.55345262458105],[131.2625,33.55],[131.257602529,33.55]]]}},{"type":"Feature","id":"44211:503122611","properties":{"id":"44211:503122611","meshCode":"503122611","cityCode":"44211","city":"宇佐市","lat":33.5520833,"lon":131.265625,"areaKm2":0.2642137,"populated2020":true,"population2020":null,"populationNote":"境界またぎ・収録外等のため自治体内人口は未集計"},"geometry":{"type":"Polygon","coordinates":[[[131.26253861199996,33.553467225000134],[131.26297499400005,33.553816107999914],[131.26281917000006,33.55391416200007],[131.26292805399999,33.55397527900005],[131.26319306100004,33.55385916199997],[131.26342889573908,33.55416666666667],[131.2654331799265,33.55416666666667],[131.26568416300006,33.55408555899994],[131.2658273738545,33.55416666666667],[131.2684632863243,33.55416666666667],[131.26875,33.55401060342761],[131.26875,33.55],[131.2625,33.55],[131.26253861199996,33.553467225000134]]]}},{"type":"Feature","id":"44211:503122612","properties":{"id":"44211:503122612","meshCode":"503122612","cityCode":"44211","city":"宇佐市","lat":33.5520833,"lon":131.271875,"areaKm2":0.2398858,"populated2020":true,"population2020":null,"populationNote":"境界またぎ・収録外等のため自治体内人口は未集計"},"geometry":{"type":"Polygon","coordinates":[[[131.26932610899996,33.55410582900003],[131.26934430414673,33.55416666666667],[131.26998978946983,33.55416666666666],[131.26981778200002,33.55372610799998],[131.27028972800008,33.55337194599996],[131.27036416300007,33.553405278999946],[131.27061333300003,33.55324277500001],[131.27162639400012,33.55320582899998],[131.2717855510001,33.55327666699998],[131.27246472100012,33.553193333000024],[131.27262916999996,33.55326833299999],[131.27329650548626,33.55416666666667],[131.275,33.55416666666666],[131.275,33.55],[131.26875,33.55],[131.26875,33.55401060342761],[131.26932610899996,33.55410582900003]]]}},{"type":"Feature","id":"44211:503122621","properties":{"id":"44211:503122621","meshCode":"503122621","cityCode":"44211","city":"宇佐市","lat":33.5520833,"lon":131.278125,"areaKm2":0.2682361,"populated2020":true,"population2020":91.2218,"populationNote":"2020年基準人口（国交省調整値）"},"geometry":{"type":"Polygon","coordinates":[[[131.275,33.55],[131.275,33.55416666666666],[131.28125,33.55416666666667],[131.28125,33.55],[131.275,33.55]]]}},{"type":"Feature","id":"44211:503122622","properties":{"id":"44211:503122622","meshCode":"503122622","cityCode":"44211","city":"宇佐市","lat":33.5520833,"lon":131.284375,"areaKm2":0.2682361,"populated2020":true,"population2020":58.3982,"populationNote":"2020年基準人口（国交省調整値）"},"geometry":{"type":"Polygon","coordinates":[[[131.28125,33.55],[131.28125,33.55416666666667],[131.2875,33.55416666666665],[131.2875,33.54999999999999],[131.28125,33.55]]]}},{"type":"Feature","id":"44211:503122631","properties":{"id":"44211:503122631","meshCode":"503122631","cityCode":"44211","city":"宇佐市","lat":33.5520833,"lon":131.290625,"areaKm2":0.2682361,"populated2020":true,"population2020":40.3174,"populationNote":"2020年基準人口（国交省調整値）"},"geometry":{"type":"Polygon","coordinates":[[[131.2875,33.54999999999999],[131.2875,33.55416666666665],[131.29375,33.55416666666666],[131.29375,33.54999999999999],[131.2875,33.54999999999999]]]}},{"type":"Feature","id":"44211:503122632","properties":{"id":"44211:503122632","meshCode":"503122632","cityCode":"44211","city":"宇佐市","lat":33.5520833,"lon":131.296875,"areaKm2":0.2682361,"populated2020":true,"population2020":100.8901,"populationNote":"2020年基準人口（国交省調整値）"},"geometry":{"type":"Polygon","coordinates":[[[131.29375,33.54999999999999],[131.29375,33.55416666666666],[131.30000000000004,33.55416666666666],[131.30000000000004,33.55],[131.29375,33.54999999999999]]]}},{"type":"Feature","id":"44211:503122641","properties":{"id":"44211:503122641","meshCode":"503122641","cityCode":"44211","city":"宇佐市","lat":33.5520833,"lon":131.303125,"areaKm2":0.2682361,"populated2020":true,"population2020":65.4445,"populationNote":"2020年基準人口（国交省調整値）"},"geometry":{"type":"Polygon","coordinates":[[[131.30000000000004,33.55],[131.30000000000004,33.55416666666666],[131.30625,33.55416666666667],[131.30625,33.55],[131.30000000000004,33.55]]]}},{"type":"Feature","id":"44211:503122642","properties":{"id":"44211:503122642","meshCode":"503122642","cityCode":"44211","city":"宇佐市","lat":33.5520833,"lon":131.309375,"areaKm2":0.2682361,"populated2020":true,"population2020":174.1044,"populationNote":"2020年基準人口（国交省調整値）"},"geometry":{"type":"Polygon","coordinates":[[[131.30625,33.55],[131.30625,33.55416666666667],[131.3125,33.55416666666667],[131.3125,33.54999999999999],[131.30625,33.55]]]}},{"type":"Feature","id":"44211:503122651","properties":{"id":"44211:503122651","meshCode":"503122651","cityCode":"44211","city":"宇佐市","lat":33.5520833,"lon":131.315625,"areaKm2":0.2682361,"populated2020":true,"population2020":142.7615,"populationNote":"2020年基準人口（国交省調整値）"},"geometry":{"type":"Polygon","coordinates":[[[131.3125,33.54999999999999],[131.3125,33.55416666666667],[131.31875,33.55416666666667],[131.31875,33.55],[131.3125,33.54999999999999]]]}},{"type":"Feature","id":"44211:503122652","properties":{"id":"44211:503122652","meshCode":"503122652","cityCode":"44211","city":"宇佐市","lat":33.5520833,"lon":131.321875,"areaKm2":0.2682361,"populated2020":true,"population2020":46.2958,"populationNote":"2020年基準人口（国交省調整値）"},"geometry":{"type":"Polygon","coordinates":[[[131.31875,33.55],[131.31875,33.55416666666667],[131.325,33.55416666666667],[131.325,33.55],[131.31875,33.55]]]}},{"type":"Feature","id":"44211:503122661","properties":{"id":"44211:503122661","meshCode":"503122661","cityCode":"44211","city":"宇佐市","lat":33.5520833,"lon":131.328125,"areaKm2":0.2682361,"populated2020":false,"population2020":null,"populationNote":"境界またぎ・収録外等のため自治体内人口は未集計"},"geometry":{"type":"Polygon","coordinates":[[[131.325,33.55],[131.325,33.55416666666667],[131.33125,33.55416666666666],[131.33125,33.54999999999999],[131.325,33.55]]]}},{"type":"Feature","id":"44211:503122662","properties":{"id":"44211:503122662","meshCode":"503122662","cityCode":"44211","city":"宇佐市","lat":33.5520833,"lon":131.334375,"areaKm2":0.2682361,"populated2020":true,"population2020":221.5472,"populationNote":"2020年基準人口（国交省調整値）"},"geometry":{"type":"Polygon","coordinates":[[[131.33125,33.54999999999999],[131.33125,33.55416666666666],[131.3375,33.55416666666667],[131.3375,33.54999999999999],[131.33125,33.54999999999999]]]}},{"type":"Feature","id":"44211:503122671","properties":{"id":"44211:503122671","meshCode":"503122671","cityCode":"44211","city":"宇佐市","lat":33.5520833,"lon":131.340625,"areaKm2":0.2682361,"populated2020":true,"population2020":75.5221,"populationNote":"2020年基準人口（国交省調整値）"},"geometry":{"type":"Polygon","coordinates":[[[131.3375,33.54999999999999],[131.3375,33.55416666666667],[131.34375,33.55416666666667],[131.34375,33.55],[131.3375,33.54999999999999]]]}},{"type":"Feature","id":"44211:503122672","properties":{"id":"44211:503122672","meshCode":"503122672","cityCode":"44211","city":"宇佐市","lat":33.5520833,"lon":131.346875,"areaKm2":0.2682361,"populated2020":false,"population2020":null,"populationNote":"境界またぎ・収録外等のため自治体内人口は未集計"},"geometry":{"type":"Polygon","coordinates":[[[131.34375,33.55],[131.34375,33.55416666666667],[131.35,33.55416666666666],[131.35,33.55],[131.34375,33.55]]]}},{"type":"Feature","id":"44211:503122681","properties":{"id":"44211:503122681","meshCode":"503122681","cityCode":"44211","city":"宇佐市","lat":33.5520833,"lon":131.353125,"areaKm2":0.2682361,"populated2020":true,"population2020":41.2258,"populationNote":"2020年基準人口（国交省調整値）"},"geometry":{"type":"Polygon","coordinates":[[[131.35,33.55],[131.35,33.55416666666666],[131.35625000000002,33.55416666666667],[131.35625000000002,33.55],[131.35,33.55]]]}},{"type":"Feature","id":"44211:503122682","properties":{"id":"44211:503122682","meshCode":"503122682","cityCode":"44211","city":"宇佐市","lat":33.5520833,"lon":131.359375,"areaKm2":0.2682361,"populated2020":true,"population2020":308.1772,"populationNote":"2020年基準人口（国交省調整値）"},"geometry":{"type":"Polygon","coordinates":[[[131.35625000000002,33.55],[131.35625000000002,33.55416666666667],[131.3625,33.55416666666666],[131.3625,33.54999999999999],[131.35625000000002,33.55]]]}},{"type":"Feature","id":"44211:503122691","properties":{"id":"44211:503122691","meshCode":"503122691","cityCode":"44211","city":"宇佐市","lat":33.5520833,"lon":131.365625,"areaKm2":0.2682361,"populated2020":true,"population2020":84.1932,"populationNote":"2020年基準人口（国交省調整値）"},"geometry":{"type":"Polygon","coordinates":[[[131.3625,33.54999999999999],[131.3625,33.55416666666666],[131.36875,33.55416666666667],[131.36875,33.55],[131.3625,33.54999999999999]]]}},{"type":"Feature","id":"44211:503122692","properties":{"id":"44211:503122692","meshCode":"503122692","cityCode":"44211","city":"宇佐市","lat":33.5520833,"lon":131.371875,"areaKm2":0.2682361,"populated2020":false,"population2020":null,"populationNote":"境界またぎ・収録外等のため自治体内人口は未集計"},"geometry":{"type":"Polygon","coordinates":[[[131.36875,33.55],[131.36875,33.55416666666667],[131.375,33.55416666666667],[131.375,33.54999999999999],[131.36875,33.55]]]}},{"type":"Feature","id":"44211:503123601","properties":{"id":"44211:503123601","meshCode":"503123601","cityCode":"44211","city":"宇佐市","lat":33.5520833,"lon":131.378125,"areaKm2":0.2682361,"populated2020":false,"population2020":null,"populationNote":"境界またぎ・収録外等のため自治体内人口は未集計"},"geometry":{"type":"Polygon","coordinates":[[[131.375,33.54999999999999],[131.375,33.55416666666667],[131.38125,33.55416666666667],[131.38125,33.54999999999999],[131.375,33.54999999999999]]]}},{"type":"Feature","id":"44211:503123602","properties":{"id":"44211:503123602","meshCode":"503123602","cityCode":"44211","city":"宇佐市","lat":33.5520833,"lon":131.384375,"areaKm2":0.2682361,"populated2020":true,"population2020":5.0546,"populationNote":"2020年基準人口（国交省調整値）"},"geometry":{"type":"Polygon","coordinates":[[[131.38125,33.54999999999999],[131.38125,33.55416666666667],[131.3875,33.55416666666667],[131.3875,33.54999999999999],[131.38125,33.54999999999999]]]}},{"type":"Feature","id":"44211:503123611","properties":{"id":"44211:503123611","meshCode":"503123611","cityCode":"44211","city":"宇佐市","lat":33.5520833,"lon":131.390625,"areaKm2":0.2682361,"populated2020":true,"population2020":106.8689,"populationNote":"2020年基準人口（国交省調整値）"},"geometry":{"type":"Polygon","coordinates":[[[131.3875,33.54999999999999],[131.3875,33.55416666666667],[131.39375,33.55416666666667],[131.39375,33.55],[131.3875,33.54999999999999]]]}},{"type":"Feature","id":"44211:503123612","properties":{"id":"44211:503123612","meshCode":"503123612","cityCode":"44211","city":"宇佐市","lat":33.5520833,"lon":131.396875,"areaKm2":0.2682361,"populated2020":true,"population2020":41.2729,"populationNote":"2020年基準人口（国交省調整値）"},"geometry":{"type":"Polygon","coordinates":[[[131.39375,33.55],[131.39375,33.55416666666667],[131.4,33.55416666666666],[131.4,33.55],[131.39375,33.55]]]}},{"type":"Feature","id":"44211:503123621","properties":{"id":"44211:503123621","meshCode":"503123621","cityCode":"44211","city":"宇佐市","lat":33.5520833,"lon":131.403125,"areaKm2":0.2682361,"populated2020":true,"population2020":21.105,"populationNote":"2020年基準人口（国交省調整値）"},"geometry":{"type":"Polygon","coordinates":[[[131.4,33.55],[131.4,33.55416666666666],[131.40625,33.55416666666667],[131.40625,33.54999999999999],[131.4,33.55]]]}},{"type":"Feature","id":"44211:503123622","properties":{"id":"44211:503123622","meshCode":"503123622","cityCode":"44211","city":"宇佐市","lat":33.5520833,"lon":131.409375,"areaKm2":0.2679809,"populated2020":true,"population2020":null,"populationNote":"境界またぎ・収録外等のため自治体内人口は未集計"},"geometry":{"type":"Polygon","coordinates":[[[131.412343333,33.553903054],[131.4125,33.553713413275126],[131.4125,33.55],[131.40625,33.54999999999999],[131.40625,33.55416666666667],[131.4125,33.55416666666667],[131.4125,33.554029639127634],[131.412343333,33.553903054]]]}},{"type":"Feature","id":"44211:503123631","properties":{"id":"44211:503123631","meshCode":"503123631","cityCode":"44211","city":"宇佐市","lat":33.5519693,"lon":131.4138218,"areaKm2":0.1157136,"populated2020":true,"population2020":null,"populationNote":"境界またぎ・収録外等のため自治体内人口は未集計"},"geometry":{"type":"MultiPolygon","coordinates":[[[[131.4125,33.554029639127634],[131.4125,33.55416666666667],[131.41266959096112,33.55416666666667],[131.4125,33.554029639127634]]],[[[131.4125,33.553713413275126],[131.413041115,33.553058613000005],[131.413506109,33.552720559],[131.413638054,33.552470559],[131.414138054,33.552211108],[131.416414994,33.551744162],[131.417178327,33.55149277499999],[131.418389079,33.55],[131.4125,33.55],[131.4125,33.553713413275126]]]]}},{"type":"Feature","id":"44211:503122613","properties":{"id":"44211:503122613","meshCode":"503122613","cityCode":"44211","city":"宇佐市","lat":33.5544215,"lon":131.2643073,"areaKm2":0.0128521,"populated2020":true,"population2020":null,"populationNote":"境界またぎ・収録外等のため自治体内人口は未集計"},"geometry":{"type":"MultiPolygon","coordinates":[[[[131.26342889573908,33.55416666666667],[131.263675551,33.554544162000134],[131.26413527900004,33.55448916200003],[131.2646413880001,33.554531946],[131.26483639399999,33.554617775000104],[131.2654331799265,33.55416666666667],[131.26342889573908,33.55416666666667]]],[[[131.2658273738545,33.55416666666667],[131.26584722400014,33.554571667000005],[131.266611388,33.55425082900012],[131.26700832699999,33.55442833300008],[131.26752083000008,33.554416108000055],[131.2681441630001,33.55454472100013],[131.268216939,33.55453944100003],[131.2684632863243,33.55416666666667],[131.2658273738545,33.55416666666667]]]]}},{"type":"Feature","id":"44211:503122614","properties":{"id":"44211:503122614","meshCode":"503122614","cityCode":"44211","city":"宇佐市","lat":33.5561968,"lon":131.2741652,"areaKm2":0.0754926,"populated2020":true,"population2020":null,"populationNote":"境界またぎ・収録外等のため自治体内人口は未集計"},"geometry":{"type":"MultiPolygon","coordinates":[[[[131.26934430414673,33.55416666666667],[131.26942555100004,33.554438333],[131.26911778200008,33.55478444100004],[131.26921861200003,33.55488444100014],[131.269398885,33.554867775],[131.26949444900004,33.555030278999936],[131.26983917000007,33.555030278999936],[131.26998978946983,33.55416666666666],[131.26934430414673,33.55416666666667]]],[[[131.27329650548626,33.55416666666667],[131.27382111500015,33.555318054000054],[131.273497497,33.555855],[131.27325861200018,33.556013333000124],[131.27363527900002,33.55690389199997],[131.273364721,33.557166667000004],[131.272547497,33.5576874950001],[131.2731965504606,33.55833333333334],[131.275,33.558333333333344],[131.275,33.55416666666666],[131.27329650548626,33.55416666666667]]]]}},{"type":"Feature","id":"44211:503122623","properties":{"id":"44211:503122623","meshCode":"503122623","cityCode":"44211","city":"宇佐市","lat":33.55625,"lon":131.278125,"areaKm2":0.2682234,"populated2020":true,"population2020":40.2869,"populationNote":"2020年基準人口（国交省調整値）"},"geometry":{"type":"Polygon","coordinates":[[[131.275,33.55416666666666],[131.275,33.558333333333344],[131.28125,33.558333333333344],[131.28125,33.55416666666667],[131.275,33.55416666666666]]]}},{"type":"Feature","id":"44211:503122624","properties":{"id":"44211:503122624","meshCode":"503122624","cityCode":"44211","city":"宇佐市","lat":33.55625,"lon":131.284375,"areaKm2":0.2682234,"populated2020":true,"population2020":47.3888,"populationNote":"2020年基準人口（国交省調整値）"},"geometry":{"type":"Polygon","coordinates":[[[131.28125,33.55416666666667],[131.28125,33.558333333333344],[131.2875,33.55833333333334],[131.2875,33.55416666666665],[131.28125,33.55416666666667]]]}},{"type":"Feature","id":"44211:503122633","properties":{"id":"44211:503122633","meshCode":"503122633","cityCode":"44211","city":"宇佐市","lat":33.55625,"lon":131.290625,"areaKm2":0.2682234,"populated2020":true,"population2020":66.5161,"populationNote":"2020年基準人口（国交省調整値）"},"geometry":{"type":"Polygon","coordinates":[[[131.2875,33.55416666666665],[131.2875,33.55833333333334],[131.29375,33.55833333333334],[131.29375,33.55416666666666],[131.2875,33.55416666666665]]]}},{"type":"Feature","id":"44211:503122634","properties":{"id":"44211:503122634","meshCode":"503122634","cityCode":"44211","city":"宇佐市","lat":33.55625,"lon":131.296875,"areaKm2":0.2682234,"populated2020":true,"population2020":53.3653,"populationNote":"2020年基準人口（国交省調整値）"},"geometry":{"type":"Polygon","coordinates":[[[131.29375,33.55416666666666],[131.29375,33.55833333333334],[131.30000000000004,33.558333333333344],[131.30000000000004,33.55416666666666],[131.29375,33.55416666666666]]]}},{"type":"Feature","id":"44211:503122643","properties":{"id":"44211:503122643","meshCode":"503122643","cityCode":"44211","city":"宇佐市","lat":33.55625,"lon":131.303125,"areaKm2":0.2682234,"populated2020":true,"population2020":201.985,"populationNote":"2020年基準人口（国交省調整値）"},"geometry":{"type":"Polygon","coordinates":[[[131.30000000000004,33.55416666666666],[131.30000000000004,33.558333333333344],[131.30625,33.55833333333334],[131.30625,33.55416666666667],[131.30000000000004,33.55416666666666]]]}},{"type":"Feature","id":"44211:503122644","properties":{"id":"44211:503122644","meshCode":"503122644","cityCode":"44211","city":"宇佐市","lat":33.55625,"lon":131.309375,"areaKm2":0.2682234,"populated2020":true,"population2020":103.6329,"populationNote":"2020年基準人口（国交省調整値）"},"geometry":{"type":"Polygon","coordinates":[[[131.30625,33.55416666666667],[131.30625,33.55833333333334],[131.3125,33.55833333333334],[131.3125,33.55416666666667],[131.30625,33.55416666666667]]]}},{"type":"Feature","id":"44211:503122653","properties":{"id":"44211:503122653","meshCode":"503122653","cityCode":"44211","city":"宇佐市","lat":33.55625,"lon":131.315625,"areaKm2":0.2682234,"populated2020":true,"population2020":11.0527,"populationNote":"2020年基準人口（国交省調整値）"},"geometry":{"type":"Polygon","coordinates":[[[131.3125,33.55416666666667],[131.3125,33.55833333333334],[131.31875,33.55833333333334],[131.31875,33.55416666666667],[131.3125,33.55416666666667]]]}},{"type":"Feature","id":"44211:503122654","properties":{"id":"44211:503122654","meshCode":"503122654","cityCode":"44211","city":"宇佐市","lat":33.55625,"lon":131.321875,"areaKm2":0.2682234,"populated2020":true,"population2020":73.5054,"populationNote":"2020年基準人口（国交省調整値）"},"geometry":{"type":"Polygon","coordinates":[[[131.31875,33.55416666666667],[131.31875,33.55833333333334],[131.325,33.558333333333344],[131.325,33.55416666666667],[131.31875,33.55416666666667]]]}},{"type":"Feature","id":"44211:503122663","properties":{"id":"44211:503122663","meshCode":"503122663","cityCode":"44211","city":"宇佐市","lat":33.55625,"lon":131.328125,"areaKm2":0.2682234,"populated2020":true,"population2020":210.5094,"populationNote":"2020年基準人口（国交省調整値）"},"geometry":{"type":"Polygon","coordinates":[[[131.325,33.55416666666667],[131.325,33.558333333333344],[131.33125,33.558333333333344],[131.33125,33.55416666666666],[131.325,33.55416666666667]]]}},{"type":"Feature","id":"44211:503122664","properties":{"id":"44211:503122664","meshCode":"503122664","cityCode":"44211","city":"宇佐市","lat":33.55625,"lon":131.334375,"areaKm2":0.2682234,"populated2020":true,"population2020":90.5338,"populationNote":"2020年基準人口（国交省調整値）"},"geometry":{"type":"Polygon","coordinates":[[[131.33125,33.55416666666666],[131.33125,33.558333333333344],[131.3375,33.55833333333334],[131.3375,33.55416666666667],[131.33125,33.55416666666666]]]}},{"type":"Feature","id":"44211:503122673","properties":{"id":"44211:503122673","meshCode":"503122673","cityCode":"44211","city":"宇佐市","lat":33.55625,"lon":131.340625,"areaKm2":0.2682234,"populated2020":true,"population2020":13.0635,"populationNote":"2020年基準人口（国交省調整値）"},"geometry":{"type":"Polygon","coordinates":[[[131.3375,33.55416666666667],[131.3375,33.55833333333334],[131.34375,33.558333333333344],[131.34375,33.55416666666667],[131.3375,33.55416666666667]]]}},{"type":"Feature","id":"44211:503122674","properties":{"id":"44211:503122674","meshCode":"503122674","cityCode":"44211","city":"宇佐市","lat":33.55625,"lon":131.346875,"areaKm2":0.2682234,"populated2020":false,"population2020":null,"populationNote":"境界またぎ・収録外等のため自治体内人口は未集計"},"geometry":{"type":"Polygon","coordinates":[[[131.34375,33.55416666666667],[131.34375,33.558333333333344],[131.35,33.55833333333334],[131.35,33.55416666666666],[131.34375,33.55416666666667]]]}},{"type":"Feature","id":"44211:503122683","properties":{"id":"44211:503122683","meshCode":"503122683","cityCode":"44211","city":"宇佐市","lat":33.55625,"lon":131.353125,"areaKm2":0.2682234,"populated2020":true,"population2020":171.0376,"populationNote":"2020年基準人口（国交省調整値）"},"geometry":{"type":"Polygon","coordinates":[[[131.35,33.55416666666666],[131.35,33.55833333333334],[131.35625000000002,33.55833333333334],[131.35625000000002,33.55416666666667],[131.35,33.55416666666666]]]}},{"type":"Feature","id":"44211:503122684","properties":{"id":"44211:503122684","meshCode":"503122684","cityCode":"44211","city":"宇佐市","lat":33.55625,"lon":131.359375,"areaKm2":0.2682234,"populated2020":true,"population2020":673.3884,"populationNote":"2020年基準人口（国交省調整値）"},"geometry":{"type":"Polygon","coordinates":[[[131.35625000000002,33.55416666666667],[131.35625000000002,33.55833333333334],[131.3625,33.55833333333334],[131.3625,33.55416666666666],[131.35625000000002,33.55416666666667]]]}},{"type":"Feature","id":"44211:503122693","properties":{"id":"44211:503122693","meshCode":"503122693","cityCode":"44211","city":"宇佐市","lat":33.55625,"lon":131.365625,"areaKm2":0.2682234,"populated2020":true,"population2020":278.9059,"populationNote":"2020年基準人口（国交省調整値）"},"geometry":{"type":"Polygon","coordinates":[[[131.3625,33.55416666666666],[131.3625,33.55833333333334],[131.36875,33.55833333333334],[131.36875,33.55416666666667],[131.3625,33.55416666666666]]]}},{"type":"Feature","id":"44211:503122694","properties":{"id":"44211:503122694","meshCode":"503122694","cityCode":"44211","city":"宇佐市","lat":33.55625,"lon":131.371875,"areaKm2":0.2682234,"populated2020":true,"population2020":85.5821,"populationNote":"2020年基準人口（国交省調整値）"},"geometry":{"type":"Polygon","coordinates":[[[131.36875,33.55416666666667],[131.36875,33.55833333333334],[131.375,33.55833333333334],[131.375,33.55416666666667],[131.36875,33.55416666666667]]]}},{"type":"Feature","id":"44211:503123603","properties":{"id":"44211:503123603","meshCode":"503123603","cityCode":"44211","city":"宇佐市","lat":33.55625,"lon":131.378125,"areaKm2":0.2682234,"populated2020":false,"population2020":null,"populationNote":"境界またぎ・収録外等のため自治体内人口は未集計"},"geometry":{"type":"Polygon","coordinates":[[[131.375,33.55416666666667],[131.375,33.55833333333334],[131.38125,33.558333333333344],[131.38125,33.55416666666667],[131.375,33.55416666666667]]]}},{"type":"Feature","id":"44211:503123604","properties":{"id":"44211:503123604","meshCode":"503123604","cityCode":"44211","city":"宇佐市","lat":33.55625,"lon":131.384375,"areaKm2":0.2682234,"populated2020":true,"population2020":11.1003,"populationNote":"2020年基準人口（国交省調整値）"},"geometry":{"type":"Polygon","coordinates":[[[131.38125,33.55416666666667],[131.38125,33.558333333333344],[131.3875,33.55833333333334],[131.3875,33.55416666666667],[131.38125,33.55416666666667]]]}},{"type":"Feature","id":"44211:503123613","properties":{"id":"44211:503123613","meshCode":"503123613","cityCode":"44211","city":"宇佐市","lat":33.55625,"lon":131.390625,"areaKm2":0.2682234,"populated2020":true,"population2020":78.6018,"populationNote":"2020年基準人口（国交省調整値）"},"geometry":{"type":"Polygon","coordinates":[[[131.3875,33.55416666666667],[131.3875,33.55833333333334],[131.39375,33.55833333333334],[131.39375,33.55416666666667],[131.3875,33.55416666666667]]]}},{"type":"Feature","id":"44211:503123614","properties":{"id":"44211:503123614","meshCode":"503123614","cityCode":"44211","city":"宇佐市","lat":33.55625,"lon":131.396875,"areaKm2":0.2682234,"populated2020":true,"population2020":223.5781,"populationNote":"2020年基準人口（国交省調整値）"},"geometry":{"type":"Polygon","coordinates":[[[131.39375,33.55416666666667],[131.39375,33.55833333333334],[131.4,33.55833333333334],[131.4,33.55416666666666],[131.39375,33.55416666666667]]]}},{"type":"Feature","id":"44211:503123623","properties":{"id":"44211:503123623","meshCode":"503123623","cityCode":"44211","city":"宇佐市","lat":33.55625,"lon":131.403125,"areaKm2":0.2682234,"populated2020":true,"population2020":2.016,"populationNote":"2020年基準人口（国交省調整値）"},"geometry":{"type":"Polygon","coordinates":[[[131.4,33.55416666666666],[131.4,33.55833333333334],[131.40625,33.558333333333344],[131.40625,33.55416666666667],[131.4,33.55416666666666]]]}},{"type":"Feature","id":"44211:503123624","properties":{"id":"44211:503123624","meshCode":"503123624","cityCode":"44211","city":"宇佐市","lat":33.55625,"lon":131.409375,"areaKm2":0.2682234,"populated2020":true,"population2020":37.3575,"populationNote":"2020年基準人口（国交省調整値）"},"geometry":{"type":"Polygon","coordinates":[[[131.40625,33.55416666666667],[131.40625,33.558333333333344],[131.4125,33.558333333333344],[131.4125,33.55416666666667],[131.40625,33.55416666666667]]]}},{"type":"Feature","id":"44211:503123633","properties":{"id":"44211:503123633","meshCode":"503123633","cityCode":"44211","city":"宇佐市","lat":33.5561071,"lon":131.4133483,"areaKm2":0.0737293,"populated2020":true,"population2020":null,"populationNote":"境界またぎ・収録外等のため自治体内人口は未集計"},"geometry":{"type":"Polygon","coordinates":[[[131.415185525,33.558333333],[131.415071388,33.55751333300001],[131.414768612,33.556902225],[131.413012218,33.554443613],[131.41266959096112,33.55416666666667],[131.4125,33.55416666666667],[131.4125,33.558333333333344],[131.415185525,33.558333333]]]}},{"type":"Feature","id":"44211:503122712","properties":{"id":"44211:503122712","meshCode":"503122712","cityCode":"44211","city":"宇佐市","lat":33.5601203,"lon":131.2746541,"areaKm2":0.0275246,"populated2020":true,"population2020":null,"populationNote":"境界またぎ・収録外等のため自治体内人口は未集計"},"geometry":{"type":"Polygon","coordinates":[[[131.2732,33.55833582900009],[131.27401194599997,33.55905722500006],[131.273926394,33.55968472100012],[131.27427111500003,33.560001667000044],[131.2748113880001,33.561645279],[131.275,33.56169636000004],[131.275,33.558333333333344],[131.2732,33.55833582900009]]]}},{"type":"Feature","id":"44211:503122721","properties":{"id":"44211:503122721","meshCode":"503122721","cityCode":"44211","city":"宇佐市","lat":33.5604167,"lon":131.278125,"areaKm2":0.2647628,"populated2020":true,"population2020":null,"populationNote":"境界またぎ・収録外等のため自治体内人口は未集計"},"geometry":{"type":"Polygon","coordinates":[[[131.27508722400012,33.561707775],[131.27579416331776,33.56250000000001],[131.28125,33.56250000000001],[131.28125,33.558333333333344],[131.275,33.558333333333344],[131.275,33.56169636000004],[131.27508722400012,33.561707775]]]}},{"type":"Feature","id":"44211:503122722","properties":{"id":"44211:503122722","meshCode":"503122722","cityCode":"44211","city":"宇佐市","lat":33.5604167,"lon":131.284375,"areaKm2":0.2682107,"populated2020":true,"population2020":21.0773,"populationNote":"2020年基準人口（国交省調整値）"},"geometry":{"type":"Polygon","coordinates":[[[131.28125,33.558333333333344],[131.28125,33.56250000000001],[131.2875,33.562500000000014],[131.2875,33.55833333333334],[131.28125,33.558333333333344]]]}},{"type":"Feature","id":"44211:503122731","properties":{"id":"44211:503122731","meshCode":"503122731","cityCode":"44211","city":"宇佐市","lat":33.5604167,"lon":131.290625,"areaKm2":0.2682107,"populated2020":true,"population2020":113.8008,"populationNote":"2020年基準人口（国交省調整値）"},"geometry":{"type":"Polygon","coordinates":[[[131.2875,33.55833333333334],[131.2875,33.562500000000014],[131.29375,33.562500000000014],[131.29375,33.55833333333334],[131.2875,33.55833333333334]]]}},{"type":"Feature","id":"44211:503122732","properties":{"id":"44211:503122732","meshCode":"503122732","cityCode":"44211","city":"宇佐市","lat":33.5604167,"lon":131.296875,"areaKm2":0.2682107,"populated2020":true,"population2020":76.6169,"populationNote":"2020年基準人口（国交省調整値）"},"geometry":{"type":"Polygon","coordinates":[[[131.29375,33.55833333333334],[131.29375,33.562500000000014],[131.30000000000004,33.56250000000001],[131.30000000000004,33.558333333333344],[131.29375,33.55833333333334]]]}},{"type":"Feature","id":"44211:503122741","properties":{"id":"44211:503122741","meshCode":"503122741","cityCode":"44211","city":"宇佐市","lat":33.5604167,"lon":131.303125,"areaKm2":0.2682107,"populated2020":true,"population2020":32.4605,"populationNote":"2020年基準人口（国交省調整値）"},"geometry":{"type":"Polygon","coordinates":[[[131.30000000000004,33.558333333333344],[131.30000000000004,33.56250000000001],[131.30625,33.562500000000014],[131.30625,33.55833333333334],[131.30000000000004,33.558333333333344]]]}},{"type":"Feature","id":"44211:503122742","properties":{"id":"44211:503122742","meshCode":"503122742","cityCode":"44211","city":"宇佐市","lat":33.5604167,"lon":131.309375,"areaKm2":0.2682107,"populated2020":true,"population2020":33.2323,"populationNote":"2020年基準人口（国交省調整値）"},"geometry":{"type":"Polygon","coordinates":[[[131.30625,33.55833333333334],[131.30625,33.562500000000014],[131.3125,33.56250000000001],[131.3125,33.55833333333334],[131.30625,33.55833333333334]]]}},{"type":"Feature","id":"44211:503122751","properties":{"id":"44211:503122751","meshCode":"503122751","cityCode":"44211","city":"宇佐市","lat":33.5604167,"lon":131.315625,"areaKm2":0.2682107,"populated2020":true,"population2020":43.306,"populationNote":"2020年基準人口（国交省調整値）"},"geometry":{"type":"Polygon","coordinates":[[[131.3125,33.55833333333334],[131.3125,33.56250000000001],[131.31875,33.562500000000014],[131.31875,33.55833333333334],[131.3125,33.55833333333334]]]}},{"type":"Feature","id":"44211:503122752","properties":{"id":"44211:503122752","meshCode":"503122752","cityCode":"44211","city":"宇佐市","lat":33.5604167,"lon":131.321875,"areaKm2":0.2682107,"populated2020":true,"population2020":230.3469,"populationNote":"2020年基準人口（国交省調整値）"},"geometry":{"type":"Polygon","coordinates":[[[131.31875,33.55833333333334],[131.31875,33.562500000000014],[131.325,33.562500000000014],[131.325,33.558333333333344],[131.31875,33.55833333333334]]]}},{"type":"Feature","id":"44211:503122761","properties":{"id":"44211:503122761","meshCode":"503122761","cityCode":"44211","city":"宇佐市","lat":33.5604167,"lon":131.328125,"areaKm2":0.2682107,"populated2020":true,"population2020":177.0917,"populationNote":"2020年基準人口（国交省調整値）"},"geometry":{"type":"Polygon","coordinates":[[[131.325,33.558333333333344],[131.325,33.562500000000014],[131.33125,33.56250000000001],[131.33125,33.558333333333344],[131.325,33.558333333333344]]]}},{"type":"Feature","id":"44211:503122762","properties":{"id":"44211:503122762","meshCode":"503122762","cityCode":"44211","city":"宇佐市","lat":33.5604167,"lon":131.334375,"areaKm2":0.2682107,"populated2020":true,"population2020":42.2503,"populationNote":"2020年基準人口（国交省調整値）"},"geometry":{"type":"Polygon","coordinates":[[[131.33125,33.558333333333344],[131.33125,33.56250000000001],[131.3375,33.562500000000014],[131.3375,33.55833333333334],[131.33125,33.558333333333344]]]}},{"type":"Feature","id":"44211:503122771","properties":{"id":"44211:503122771","meshCode":"503122771","cityCode":"44211","city":"宇佐市","lat":33.5604167,"lon":131.340625,"areaKm2":0.2682107,"populated2020":true,"population2020":120.8451,"populationNote":"2020年基準人口（国交省調整値）"},"geometry":{"type":"Polygon","coordinates":[[[131.3375,33.55833333333334],[131.3375,33.562500000000014],[131.34375,33.56250000000001],[131.34375,33.558333333333344],[131.3375,33.55833333333334]]]}},{"type":"Feature","id":"44211:503122772","properties":{"id":"44211:503122772","meshCode":"503122772","cityCode":"44211","city":"宇佐市","lat":33.5604167,"lon":131.346875,"areaKm2":0.2682107,"populated2020":false,"population2020":null,"populationNote":"境界またぎ・収録外等のため自治体内人口は未集計"},"geometry":{"type":"Polygon","coordinates":[[[131.34375,33.558333333333344],[131.34375,33.56250000000001],[131.35,33.562500000000014],[131.35,33.55833333333334],[131.34375,33.558333333333344]]]}},{"type":"Feature","id":"44211:503122781","properties":{"id":"44211:503122781","meshCode":"503122781","cityCode":"44211","city":"宇佐市","lat":33.5604167,"lon":131.353125,"areaKm2":0.2682107,"populated2020":true,"population2020":18.1256,"populationNote":"2020年基準人口（国交省調整値）"},"geometry":{"type":"Polygon","coordinates":[[[131.35,33.55833333333334],[131.35,33.562500000000014],[131.35625000000002,33.562500000000014],[131.35625000000002,33.55833333333334],[131.35,33.55833333333334]]]}},{"type":"Feature","id":"44211:503122782","properties":{"id":"44211:503122782","meshCode":"503122782","cityCode":"44211","city":"宇佐市","lat":33.5604167,"lon":131.359375,"areaKm2":0.2682107,"populated2020":true,"population2020":190.1157,"populationNote":"2020年基準人口（国交省調整値）"},"geometry":{"type":"Polygon","coordinates":[[[131.35625000000002,33.55833333333334],[131.35625000000002,33.562500000000014],[131.3625,33.562500000000014],[131.3625,33.55833333333334],[131.35625000000002,33.55833333333334]]]}},{"type":"Feature","id":"44211:503122791","properties":{"id":"44211:503122791","meshCode":"503122791","cityCode":"44211","city":"宇佐市","lat":33.5604167,"lon":131.365625,"areaKm2":0.2682107,"populated2020":true,"population2020":168.0352,"populationNote":"2020年基準人口（国交省調整値）"},"geometry":{"type":"Polygon","coordinates":[[[131.3625,33.55833333333334],[131.3625,33.562500000000014],[131.36875,33.562500000000014],[131.36875,33.55833333333334],[131.3625,33.55833333333334]]]}},{"type":"Feature","id":"44211:503122792","properties":{"id":"44211:503122792","meshCode":"503122792","cityCode":"44211","city":"宇佐市","lat":33.5604167,"lon":131.371875,"areaKm2":0.2682107,"populated2020":true,"population2020":240.7018,"populationNote":"2020年基準人口（国交省調整値）"},"geometry":{"type":"Polygon","coordinates":[[[131.36875,33.55833333333334],[131.36875,33.562500000000014],[131.375,33.562500000000014],[131.375,33.55833333333334],[131.36875,33.55833333333334]]]}},{"type":"Feature","id":"44211:503123701","properties":{"id":"44211:503123701","meshCode":"503123701","cityCode":"44211","city":"宇佐市","lat":33.5604167,"lon":131.378125,"areaKm2":0.2682107,"populated2020":true,"population2020":101.6777,"populationNote":"2020年基準人口（国交省調整値）"},"geometry":{"type":"Polygon","coordinates":[[[131.375,33.55833333333334],[131.375,33.562500000000014],[131.38125,33.56250000000001],[131.38125,33.558333333333344],[131.375,33.55833333333334]]]}},{"type":"Feature","id":"44211:503123702","properties":{"id":"44211:503123702","meshCode":"503123702","cityCode":"44211","city":"宇佐市","lat":33.5604167,"lon":131.384375,"areaKm2":0.2682107,"populated2020":true,"population2020":7.0511,"populationNote":"2020年基準人口（国交省調整値）"},"geometry":{"type":"Polygon","coordinates":[[[131.38125,33.558333333333344],[131.38125,33.56250000000001],[131.3875,33.56250000000001],[131.3875,33.55833333333334],[131.38125,33.558333333333344]]]}},{"type":"Feature","id":"44211:503123711","properties":{"id":"44211:503123711","meshCode":"503123711","cityCode":"44211","city":"宇佐市","lat":33.5604167,"lon":131.390625,"areaKm2":0.2682107,"populated2020":true,"population2020":55.394,"populationNote":"2020年基準人口（国交省調整値）"},"geometry":{"type":"Polygon","coordinates":[[[131.3875,33.55833333333334],[131.3875,33.56250000000001],[131.39375,33.562500000000014],[131.39375,33.55833333333334],[131.3875,33.55833333333334]]]}},{"type":"Feature","id":"44211:503123712","properties":{"id":"44211:503123712","meshCode":"503123712","cityCode":"44211","city":"宇佐市","lat":33.5604167,"lon":131.396875,"areaKm2":0.2682107,"populated2020":true,"population2020":95.7761,"populationNote":"2020年基準人口（国交省調整値）"},"geometry":{"type":"Polygon","coordinates":[[[131.39375,33.55833333333334],[131.39375,33.562500000000014],[131.4,33.562500000000014],[131.4,33.55833333333334],[131.39375,33.55833333333334]]]}},{"type":"Feature","id":"44211:503123721","properties":{"id":"44211:503123721","meshCode":"503123721","cityCode":"44211","city":"宇佐市","lat":33.5604167,"lon":131.403125,"areaKm2":0.2682107,"populated2020":true,"population2020":16.1152,"populationNote":"2020年基準人口（国交省調整値）"},"geometry":{"type":"Polygon","coordinates":[[[131.4,33.55833333333334],[131.4,33.562500000000014],[131.40625,33.562500000000014],[131.40625,33.558333333333344],[131.4,33.55833333333334]]]}},{"type":"Feature","id":"44211:503123722","properties":{"id":"44211:503123722","meshCode":"503123722","cityCode":"44211","city":"宇佐市","lat":33.5604167,"lon":131.409375,"areaKm2":0.2682107,"populated2020":true,"population2020":37.2222,"populationNote":"2020年基準人口（国交省調整値）"},"geometry":{"type":"Polygon","coordinates":[[[131.40625,33.558333333333344],[131.40625,33.562500000000014],[131.4125,33.562500000000014],[131.4125,33.558333333333344],[131.40625,33.558333333333344]]]}},{"type":"Feature","id":"44211:503123731","properties":{"id":"44211:503123731","meshCode":"503123731","cityCode":"44211","city":"宇佐市","lat":33.5595233,"lon":131.4138608,"areaKm2":0.1179801,"populated2020":true,"population2020":null,"populationNote":"境界またぎ・収録外等のため自治体内人口は未集計"},"geometry":{"type":"Polygon","coordinates":[[[131.41533926990402,33.56250000000001],[131.41518552501012,33.558333333333344],[131.4125,33.558333333333344],[131.4125,33.562500000000014],[131.41533926990402,33.56250000000001]]]}},{"type":"Feature","id":"44211:503122723","properties":{"id":"44211:503122723","meshCode":"503122723","cityCode":"44211","city":"宇佐市","lat":33.5645833,"lon":131.278125,"areaKm2":0.2068952,"populated2020":true,"population2020":null,"populationNote":"境界またぎ・収録外等のため自治体内人口は未集計"},"geometry":{"type":"Polygon","coordinates":[[[131.27581888500004,33.562523613],[131.2762113880001,33.56311138699999],[131.27634389100012,33.563111387],[131.276492503,33.563349161999994],[131.27729832700004,33.563152775],[131.27691416300001,33.56456589200013],[131.27603430600016,33.565227639999996],[131.27579138800013,33.565793054000096],[131.2763423087078,33.56666666666668],[131.28125,33.56666666666668],[131.28125,33.56250000000001],[131.27581888500004,33.562523613]]]}},{"type":"Feature","id":"44211:503122724","properties":{"id":"44211:503122724","meshCode":"503122724","cityCode":"44211","city":"宇佐市","lat":33.5645833,"lon":131.284375,"areaKm2":0.268198,"populated2020":true,"population2020":15.1141,"populationNote":"2020年基準人口（国交省調整値）"},"geometry":{"type":"Polygon","coordinates":[[[131.28125,33.56250000000001],[131.28125,33.56666666666668],[131.2875,33.56666666666668],[131.2875,33.562500000000014],[131.28125,33.56250000000001]]]}},{"type":"Feature","id":"44211:503122733","properties":{"id":"44211:503122733","meshCode":"503122733","cityCode":"44211","city":"宇佐市","lat":33.5645833,"lon":131.290625,"areaKm2":0.268198,"populated2020":true,"population2020":172.2145,"populationNote":"2020年基準人口（国交省調整値）"},"geometry":{"type":"Polygon","coordinates":[[[131.2875,33.562500000000014],[131.2875,33.56666666666668],[131.29375,33.56666666666668],[131.29375,33.562500000000014],[131.2875,33.562500000000014]]]}},{"type":"Feature","id":"44211:503122734","properties":{"id":"44211:503122734","meshCode":"503122734","cityCode":"44211","city":"宇佐市","lat":33.5645833,"lon":131.296875,"areaKm2":0.268198,"populated2020":true,"population2020":73.589,"populationNote":"2020年基準人口（国交省調整値）"},"geometry":{"type":"Polygon","coordinates":[[[131.29375,33.562500000000014],[131.29375,33.56666666666668],[131.30000000000004,33.56666666666668],[131.30000000000004,33.56250000000001],[131.29375,33.562500000000014]]]}},{"type":"Feature","id":"44211:503122743","properties":{"id":"44211:503122743","meshCode":"503122743","cityCode":"44211","city":"宇佐市","lat":33.5645833,"lon":131.303125,"areaKm2":0.268198,"populated2020":true,"population2020":33.2125,"populationNote":"2020年基準人口（国交省調整値）"},"geometry":{"type":"Polygon","coordinates":[[[131.30000000000004,33.56250000000001],[131.30000000000004,33.56666666666668],[131.30625,33.56666666666668],[131.30625,33.562500000000014],[131.30000000000004,33.56250000000001]]]}},{"type":"Feature","id":"44211:503122744","properties":{"id":"44211:503122744","meshCode":"503122744","cityCode":"44211","city":"宇佐市","lat":33.5645833,"lon":131.309375,"areaKm2":0.268198,"populated2020":true,"population2020":91.7428,"populationNote":"2020年基準人口（国交省調整値）"},"geometry":{"type":"Polygon","coordinates":[[[131.30625,33.562500000000014],[131.30625,33.56666666666668],[131.3125,33.56666666666668],[131.3125,33.56250000000001],[131.30625,33.562500000000014]]]}},{"type":"Feature","id":"44211:503122753","properties":{"id":"44211:503122753","meshCode":"503122753","cityCode":"44211","city":"宇佐市","lat":33.5645833,"lon":131.315625,"areaKm2":0.268198,"populated2020":true,"population2020":139.0029,"populationNote":"2020年基準人口（国交省調整値）"},"geometry":{"type":"Polygon","coordinates":[[[131.3125,33.56250000000001],[131.3125,33.56666666666668],[131.31875,33.56666666666668],[131.31875,33.562500000000014],[131.3125,33.56250000000001]]]}},{"type":"Feature","id":"44211:503122754","properties":{"id":"44211:503122754","meshCode":"503122754","cityCode":"44211","city":"宇佐市","lat":33.5645833,"lon":131.321875,"areaKm2":0.268198,"populated2020":true,"population2020":329.0826,"populationNote":"2020年基準人口（国交省調整値）"},"geometry":{"type":"Polygon","coordinates":[[[131.31875,33.562500000000014],[131.31875,33.56666666666668],[131.325,33.56666666666668],[131.325,33.562500000000014],[131.31875,33.562500000000014]]]}},{"type":"Feature","id":"44211:503122763","properties":{"id":"44211:503122763","meshCode":"503122763","cityCode":"44211","city":"宇佐市","lat":33.5645833,"lon":131.328125,"areaKm2":0.268198,"populated2020":true,"population2020":118.9889,"populationNote":"2020年基準人口（国交省調整値）"},"geometry":{"type":"Polygon","coordinates":[[[131.325,33.562500000000014],[131.325,33.56666666666668],[131.33125,33.56666666666667],[131.33125,33.56250000000001],[131.325,33.562500000000014]]]}},{"type":"Feature","id":"44211:503122764","properties":{"id":"44211:503122764","meshCode":"503122764","cityCode":"44211","city":"宇佐市","lat":33.5645833,"lon":131.334375,"areaKm2":0.268198,"populated2020":true,"population2020":97.8121,"populationNote":"2020年基準人口（国交省調整値）"},"geometry":{"type":"Polygon","coordinates":[[[131.33125,33.56250000000001],[131.33125,33.56666666666667],[131.3375,33.56666666666668],[131.3375,33.562500000000014],[131.33125,33.56250000000001]]]}},{"type":"Feature","id":"44211:503122773","properties":{"id":"44211:503122773","meshCode":"503122773","cityCode":"44211","city":"宇佐市","lat":33.5645833,"lon":131.340625,"areaKm2":0.268198,"populated2020":true,"population2020":156.0343,"populationNote":"2020年基準人口（国交省調整値）"},"geometry":{"type":"Polygon","coordinates":[[[131.3375,33.562500000000014],[131.3375,33.56666666666668],[131.34375,33.56666666666668],[131.34375,33.56250000000001],[131.3375,33.562500000000014]]]}},{"type":"Feature","id":"44211:503122774","properties":{"id":"44211:503122774","meshCode":"503122774","cityCode":"44211","city":"宇佐市","lat":33.5645833,"lon":131.346875,"areaKm2":0.268198,"populated2020":false,"population2020":null,"populationNote":"境界またぎ・収録外等のため自治体内人口は未集計"},"geometry":{"type":"Polygon","coordinates":[[[131.34375,33.56250000000001],[131.34375,33.56666666666668],[131.35,33.56666666666668],[131.35,33.562500000000014],[131.34375,33.56250000000001]]]}},{"type":"Feature","id":"44211:503122783","properties":{"id":"44211:503122783","meshCode":"503122783","cityCode":"44211","city":"宇佐市","lat":33.5645833,"lon":131.353125,"areaKm2":0.268198,"populated2020":false,"population2020":null,"populationNote":"境界またぎ・収録外等のため自治体内人口は未集計"},"geometry":{"type":"Polygon","coordinates":[[[131.35,33.562500000000014],[131.35,33.56666666666668],[131.35625000000002,33.56666666666668],[131.35625000000002,33.562500000000014],[131.35,33.562500000000014]]]}},{"type":"Feature","id":"44211:503122784","properties":{"id":"44211:503122784","meshCode":"503122784","cityCode":"44211","city":"宇佐市","lat":33.5645833,"lon":131.359375,"areaKm2":0.268198,"populated2020":true,"population2020":108.6812,"populationNote":"2020年基準人口（国交省調整値）"},"geometry":{"type":"Polygon","coordinates":[[[131.35625000000002,33.562500000000014],[131.35625000000002,33.56666666666668],[131.3625,33.56666666666668],[131.3625,33.562500000000014],[131.35625000000002,33.562500000000014]]]}},{"type":"Feature","id":"44211:503122793","properties":{"id":"44211:503122793","meshCode":"503122793","cityCode":"44211","city":"宇佐市","lat":33.5645833,"lon":131.365625,"areaKm2":0.268198,"populated2020":true,"population2020":282.8631,"populationNote":"2020年基準人口（国交省調整値）"},"geometry":{"type":"Polygon","coordinates":[[[131.3625,33.562500000000014],[131.3625,33.56666666666668],[131.36875,33.56666666666668],[131.36875,33.562500000000014],[131.3625,33.562500000000014]]]}},{"type":"Feature","id":"44211:503122794","properties":{"id":"44211:503122794","meshCode":"503122794","cityCode":"44211","city":"宇佐市","lat":33.5645833,"lon":131.371875,"areaKm2":0.268198,"populated2020":true,"population2020":131.7577,"populationNote":"2020年基準人口（国交省調整値）"},"geometry":{"type":"Polygon","coordinates":[[[131.36875,33.562500000000014],[131.36875,33.56666666666668],[131.375,33.56666666666668],[131.375,33.562500000000014],[131.36875,33.562500000000014]]]}},{"type":"Feature","id":"44211:503123703","properties":{"id":"44211:503123703","meshCode":"503123703","cityCode":"44211","city":"宇佐市","lat":33.5645833,"lon":131.378125,"areaKm2":0.268198,"populated2020":true,"population2020":333.4611,"populationNote":"2020年基準人口（国交省調整値）"},"geometry":{"type":"Polygon","coordinates":[[[131.375,33.562500000000014],[131.375,33.56666666666668],[131.38125,33.56666666666668],[131.38125,33.56250000000001],[131.375,33.562500000000014]]]}},{"type":"Feature","id":"44211:503123704","properties":{"id":"44211:503123704","meshCode":"503123704","cityCode":"44211","city":"宇佐市","lat":33.5645833,"lon":131.384375,"areaKm2":0.268198,"populated2020":true,"population2020":164.563,"populationNote":"2020年基準人口（国交省調整値）"},"geometry":{"type":"Polygon","coordinates":[[[131.38125,33.56250000000001],[131.38125,33.56666666666668],[131.3875,33.56666666666668],[131.3875,33.56250000000001],[131.38125,33.56250000000001]]]}},{"type":"Feature","id":"44211:503123713","properties":{"id":"44211:503123713","meshCode":"503123713","cityCode":"44211","city":"宇佐市","lat":33.5645833,"lon":131.390625,"areaKm2":0.268198,"populated2020":true,"population2020":177.3289,"populationNote":"2020年基準人口（国交省調整値）"},"geometry":{"type":"Polygon","coordinates":[[[131.3875,33.56250000000001],[131.3875,33.56666666666668],[131.39375,33.56666666666668],[131.39375,33.562500000000014],[131.3875,33.56250000000001]]]}},{"type":"Feature","id":"44211:503123714","properties":{"id":"44211:503123714","meshCode":"503123714","cityCode":"44211","city":"宇佐市","lat":33.5645833,"lon":131.396875,"areaKm2":0.268198,"populated2020":true,"population2020":91.6987,"populationNote":"2020年基準人口（国交省調整値）"},"geometry":{"type":"Polygon","coordinates":[[[131.39375,33.562500000000014],[131.39375,33.56666666666668],[131.4,33.56666666666668],[131.4,33.562500000000014],[131.39375,33.562500000000014]]]}},{"type":"Feature","id":"44211:503123723","properties":{"id":"44211:503123723","meshCode":"503123723","cityCode":"44211","city":"宇佐市","lat":33.5645833,"lon":131.403125,"areaKm2":0.268198,"populated2020":false,"population2020":null,"populationNote":"境界またぎ・収録外等のため自治体内人口は未集計"},"geometry":{"type":"Polygon","coordinates":[[[131.4,33.562500000000014],[131.4,33.56666666666668],[131.40625,33.56666666666668],[131.40625,33.562500000000014],[131.4,33.562500000000014]]]}},{"type":"Feature","id":"44211:503123724","properties":{"id":"44211:503123724","meshCode":"503123724","cityCode":"44211","city":"宇佐市","lat":33.5645833,"lon":131.409375,"areaKm2":0.268198,"populated2020":true,"population2020":84.577,"populationNote":"2020年基準人口（国交省調整値）"},"geometry":{"type":"Polygon","coordinates":[[[131.40625,33.562500000000014],[131.40625,33.56666666666668],[131.4125,33.56666666666668],[131.4125,33.562500000000014],[131.40625,33.562500000000014]]]}},{"type":"Feature","id":"44211:503123733","properties":{"id":"44211:503123733","meshCode":"503123733","cityCode":"44211","city":"宇佐市","lat":33.5645833,"lon":131.415625,"areaKm2":0.203652,"populated2020":true,"population2020":null,"populationNote":"境界またぎ・収録外等のため自治体内人口は未集計"},"geometry":{"type":"Polygon","coordinates":[[[131.41875,33.56516236465054],[131.416199728,33.564000559],[131.415826394,33.563742225],[131.415547224,33.563342495],[131.41533926990402,33.56250000000001],[131.4125,33.562500000000014],[131.4125,33.56666666666668],[131.41875,33.56666666666668],[131.41875,33.56516236465054]]]}},{"type":"Feature","id":"44211:503123734","properties":{"id":"44211:503123734","meshCode":"503123734","cityCode":"44211","city":"宇佐市","lat":33.565945,"lon":131.4213225,"areaKm2":0.0574188,"populated2020":false,"population2020":null,"populationNote":"境界またぎ・収録外等のため自治体内人口は未集計"},"geometry":{"type":"Polygon","coordinates":[[[131.425,33.566224081],[131.422941946,33.565801946],[131.420931388,33.565859721],[131.41875,33.56516236465054],[131.41875,33.56666666666668],[131.425,33.56666666666668],[131.425,33.566224081]]]}},{"type":"Feature","id":"44211:503123743","properties":{"id":"44211:503123743","meshCode":"503123743","cityCode":"44211","city":"宇佐市","lat":33.5664052,"lon":131.4253587,"areaKm2":0.003998,"populated2020":true,"population2020":null,"populationNote":"境界またぎ・収録外等のため自治体内人口は未集計"},"geometry":{"type":"Polygon","coordinates":[[[131.42676021864963,33.56666666666668],[131.425,33.566224081],[131.425,33.56666666666668],[131.42676021864963,33.56666666666668]]]}},{"type":"Feature","id":"44211:503122821","properties":{"id":"44211:503122821","meshCode":"503122821","cityCode":"44211","city":"宇佐市","lat":33.5687427,"lon":131.2798669,"areaKm2":0.1559184,"populated2020":true,"population2020":null,"populationNote":"境界またぎ・収録外等のため自治体内人口は未集計"},"geometry":{"type":"Polygon","coordinates":[[[131.27634230900014,33.566666667],[131.2764819460001,33.56682589200012],[131.27618871599998,33.56695402700013],[131.27668861200016,33.567721027000005],[131.27744347600003,33.56742836],[131.27785527900005,33.56748313500003],[131.27794050600016,33.56772761299999],[131.277922192,33.56809764000014],[131.27828199700002,33.568208360000085],[131.27852605700002,33.56857586500001],[131.2784849420001,33.56883325200011],[131.27894080400017,33.568761559000116],[131.27900019499998,33.56892716200002],[131.27903581100009,33.56924891900013],[131.27760428,33.569886198000006],[131.27700352800002,33.56987319799998],[131.27680221800006,33.570369721000134],[131.27691786000003,33.57055530600013],[131.27685950572393,33.57083333333333],[131.28125,33.57083333333333],[131.28125,33.56666666666668],[131.27634230900014,33.566666667]]]}},{"type":"Feature","id":"44211:503122822","properties":{"id":"44211:503122822","meshCode":"503122822","cityCode":"44211","city":"宇佐市","lat":33.56875,"lon":131.284375,"areaKm2":0.2681853,"populated2020":true,"population2020":20.1402,"populationNote":"2020年基準人口（国交省調整値）"},"geometry":{"type":"Polygon","coordinates":[[[131.28125,33.56666666666668],[131.28125,33.57083333333333],[131.2875,33.57083333333333],[131.2875,33.56666666666668],[131.28125,33.56666666666668]]]}},{"type":"Feature","id":"44211:503122831","properties":{"id":"44211:503122831","meshCode":"503122831","cityCode":"44211","city":"宇佐市","lat":33.56875,"lon":131.290625,"areaKm2":0.2681853,"populated2020":true,"population2020":4.0183,"populationNote":"2020年基準人口（国交省調整値）"},"geometry":{"type":"Polygon","coordinates":[[[131.2875,33.56666666666668],[131.2875,33.57083333333333],[131.29375,33.57083333333333],[131.29375,33.56666666666668],[131.2875,33.56666666666668]]]}},{"type":"Feature","id":"44211:503122832","properties":{"id":"44211:503122832","meshCode":"503122832","cityCode":"44211","city":"宇佐市","lat":33.56875,"lon":131.296875,"areaKm2":0.2681853,"populated2020":true,"population2020":4.0198,"populationNote":"2020年基準人口（国交省調整値）"},"geometry":{"type":"Polygon","coordinates":[[[131.29375,33.56666666666668],[131.29375,33.57083333333333],[131.30000000000004,33.57083333333333],[131.30000000000004,33.56666666666668],[131.29375,33.56666666666668]]]}},{"type":"Feature","id":"44211:503122841","properties":{"id":"44211:503122841","meshCode":"503122841","cityCode":"44211","city":"宇佐市","lat":33.56875,"lon":131.303125,"areaKm2":0.2681853,"populated2020":true,"population2020":43.2707,"populationNote":"2020年基準人口（国交省調整値）"},"geometry":{"type":"Polygon","coordinates":[[[131.30000000000004,33.56666666666668],[131.30000000000004,33.57083333333333],[131.30625,33.57083333333333],[131.30625,33.56666666666668],[131.30000000000004,33.56666666666668]]]}},{"type":"Feature","id":"44211:503122842","properties":{"id":"44211:503122842","meshCode":"503122842","cityCode":"44211","city":"宇佐市","lat":33.56875,"lon":131.309375,"areaKm2":0.2681853,"populated2020":true,"population2020":182.24,"populationNote":"2020年基準人口（国交省調整値）"},"geometry":{"type":"Polygon","coordinates":[[[131.30625,33.56666666666668],[131.30625,33.57083333333333],[131.3125,33.57083333333333],[131.3125,33.56666666666668],[131.30625,33.56666666666668]]]}},{"type":"Feature","id":"44211:503122851","properties":{"id":"44211:503122851","meshCode":"503122851","cityCode":"44211","city":"宇佐市","lat":33.56875,"lon":131.315625,"areaKm2":0.2681853,"populated2020":true,"population2020":39.1807,"populationNote":"2020年基準人口（国交省調整値）"},"geometry":{"type":"Polygon","coordinates":[[[131.3125,33.56666666666668],[131.3125,33.57083333333333],[131.31875,33.57083333333333],[131.31875,33.56666666666668],[131.3125,33.56666666666668]]]}},{"type":"Feature","id":"44211:503122852","properties":{"id":"44211:503122852","meshCode":"503122852","cityCode":"44211","city":"宇佐市","lat":33.56875,"lon":131.321875,"areaKm2":0.2681853,"populated2020":true,"population2020":164.0324,"populationNote":"2020年基準人口（国交省調整値）"},"geometry":{"type":"Polygon","coordinates":[[[131.31875,33.56666666666668],[131.31875,33.57083333333333],[131.325,33.57083333333333],[131.325,33.56666666666668],[131.31875,33.56666666666668]]]}},{"type":"Feature","id":"44211:503122861","properties":{"id":"44211:503122861","meshCode":"503122861","cityCode":"44211","city":"宇佐市","lat":33.56875,"lon":131.328125,"areaKm2":0.2681853,"populated2020":true,"population2020":42.3156,"populationNote":"2020年基準人口（国交省調整値）"},"geometry":{"type":"Polygon","coordinates":[[[131.325,33.56666666666668],[131.325,33.57083333333333],[131.33125,33.57083333333334],[131.33125,33.56666666666667],[131.325,33.56666666666668]]]}},{"type":"Feature","id":"44211:503122862","properties":{"id":"44211:503122862","meshCode":"503122862","cityCode":"44211","city":"宇佐市","lat":33.56875,"lon":131.334375,"areaKm2":0.2681853,"populated2020":true,"population2020":6.0727,"populationNote":"2020年基準人口（国交省調整値）"},"geometry":{"type":"Polygon","coordinates":[[[131.33125,33.56666666666667],[131.33125,33.57083333333334],[131.3375,33.57083333333333],[131.3375,33.56666666666668],[131.33125,33.56666666666667]]]}},{"type":"Feature","id":"44211:503122871","properties":{"id":"44211:503122871","meshCode":"503122871","cityCode":"44211","city":"宇佐市","lat":33.56875,"lon":131.340625,"areaKm2":0.2681853,"populated2020":true,"population2020":46.3571,"populationNote":"2020年基準人口（国交省調整値）"},"geometry":{"type":"Polygon","coordinates":[[[131.3375,33.56666666666668],[131.3375,33.57083333333333],[131.34375,33.57083333333333],[131.34375,33.56666666666668],[131.3375,33.56666666666668]]]}},{"type":"Feature","id":"44211:503122872","properties":{"id":"44211:503122872","meshCode":"503122872","cityCode":"44211","city":"宇佐市","lat":33.56875,"lon":131.346875,"areaKm2":0.2681853,"populated2020":true,"population2020":111.7248,"populationNote":"2020年基準人口（国交省調整値）"},"geometry":{"type":"Polygon","coordinates":[[[131.34375,33.56666666666668],[131.34375,33.57083333333333],[131.35,33.57083333333333],[131.35,33.56666666666668],[131.34375,33.56666666666668]]]}},{"type":"Feature","id":"44211:503122881","properties":{"id":"44211:503122881","meshCode":"503122881","cityCode":"44211","city":"宇佐市","lat":33.56875,"lon":131.353125,"areaKm2":0.2681853,"populated2020":true,"population2020":45.2539,"populationNote":"2020年基準人口（国交省調整値）"},"geometry":{"type":"Polygon","coordinates":[[[131.35,33.56666666666668],[131.35,33.57083333333333],[131.35625000000002,33.57083333333333],[131.35625000000002,33.56666666666668],[131.35,33.56666666666668]]]}},{"type":"Feature","id":"44211:503122882","properties":{"id":"44211:503122882","meshCode":"503122882","cityCode":"44211","city":"宇佐市","lat":33.56875,"lon":131.359375,"areaKm2":0.2681853,"populated2020":true,"population2020":480.6017,"populationNote":"2020年基準人口（国交省調整値）"},"geometry":{"type":"Polygon","coordinates":[[[131.35625000000002,33.56666666666668],[131.35625000000002,33.57083333333333],[131.3625,33.57083333333333],[131.3625,33.56666666666668],[131.35625000000002,33.56666666666668]]]}},{"type":"Feature","id":"44211:503122891","properties":{"id":"44211:503122891","meshCode":"503122891","cityCode":"44211","city":"宇佐市","lat":33.56875,"lon":131.365625,"areaKm2":0.2681853,"populated2020":true,"population2020":643.4227,"populationNote":"2020年基準人口（国交省調整値）"},"geometry":{"type":"Polygon","coordinates":[[[131.3625,33.56666666666668],[131.3625,33.57083333333333],[131.36875,33.57083333333334],[131.36875,33.56666666666668],[131.3625,33.56666666666668]]]}},{"type":"Feature","id":"44211:503122892","properties":{"id":"44211:503122892","meshCode":"503122892","cityCode":"44211","city":"宇佐市","lat":33.56875,"lon":131.371875,"areaKm2":0.2681853,"populated2020":true,"population2020":451.1978,"populationNote":"2020年基準人口（国交省調整値）"},"geometry":{"type":"Polygon","coordinates":[[[131.36875,33.56666666666668],[131.36875,33.57083333333334],[131.375,33.57083333333333],[131.375,33.56666666666668],[131.36875,33.56666666666668]]]}},{"type":"Feature","id":"44211:503123801","properties":{"id":"44211:503123801","meshCode":"503123801","cityCode":"44211","city":"宇佐市","lat":33.56875,"lon":131.378125,"areaKm2":0.2681853,"populated2020":true,"population2020":336.4347,"populationNote":"2020年基準人口（国交省調整値）"},"geometry":{"type":"Polygon","coordinates":[[[131.375,33.56666666666668],[131.375,33.57083333333333],[131.38125,33.57083333333333],[131.38125,33.56666666666668],[131.375,33.56666666666668]]]}},{"type":"Feature","id":"44211:503123802","properties":{"id":"44211:503123802","meshCode":"503123802","cityCode":"44211","city":"宇佐市","lat":33.56875,"lon":131.384375,"areaKm2":0.2681853,"populated2020":true,"population2020":185.3919,"populationNote":"2020年基準人口（国交省調整値）"},"geometry":{"type":"Polygon","coordinates":[[[131.38125,33.56666666666668],[131.38125,33.57083333333333],[131.3875,33.57083333333333],[131.3875,33.56666666666668],[131.38125,33.56666666666668]]]}},{"type":"Feature","id":"44211:503123811","properties":{"id":"44211:503123811","meshCode":"503123811","cityCode":"44211","city":"宇佐市","lat":33.56875,"lon":131.390625,"areaKm2":0.2681853,"populated2020":true,"population2020":11.0627,"populationNote":"2020年基準人口（国交省調整値）"},"geometry":{"type":"Polygon","coordinates":[[[131.3875,33.56666666666668],[131.3875,33.57083333333333],[131.39375,33.57083333333333],[131.39375,33.56666666666668],[131.3875,33.56666666666668]]]}},{"type":"Feature","id":"44211:503123812","properties":{"id":"44211:503123812","meshCode":"503123812","cityCode":"44211","city":"宇佐市","lat":33.56875,"lon":131.396875,"areaKm2":0.2681853,"populated2020":true,"population2020":36.2828,"populationNote":"2020年基準人口（国交省調整値）"},"geometry":{"type":"Polygon","coordinates":[[[131.39375,33.56666666666668],[131.39375,33.57083333333333],[131.4,33.57083333333333],[131.4,33.56666666666668],[131.39375,33.56666666666668]]]}},{"type":"Feature","id":"44211:503123821","properties":{"id":"44211:503123821","meshCode":"503123821","cityCode":"44211","city":"宇佐市","lat":33.56875,"lon":131.403125,"areaKm2":0.2681853,"populated2020":true,"population2020":81.5296,"populationNote":"2020年基準人口（国交省調整値）"},"geometry":{"type":"Polygon","coordinates":[[[131.4,33.56666666666668],[131.4,33.57083333333333],[131.40625,33.57083333333333],[131.40625,33.56666666666668],[131.4,33.56666666666668]]]}},{"type":"Feature","id":"44211:503123822","properties":{"id":"44211:503123822","meshCode":"503123822","cityCode":"44211","city":"宇佐市","lat":33.56875,"lon":131.409375,"areaKm2":0.2681853,"populated2020":true,"population2020":119.8737,"populationNote":"2020年基準人口（国交省調整値）"},"geometry":{"type":"Polygon","coordinates":[[[131.40625,33.56666666666668],[131.40625,33.57083333333333],[131.4125,33.57083333333334],[131.4125,33.56666666666668],[131.40625,33.56666666666668]]]}},{"type":"Feature","id":"44211:503123831","properties":{"id":"44211:503123831","meshCode":"503123831","cityCode":"44211","city":"宇佐市","lat":33.56875,"lon":131.415625,"areaKm2":0.2681853,"populated2020":true,"population2020":102.7643,"populationNote":"2020年基準人口（国交省調整値）"},"geometry":{"type":"Polygon","coordinates":[[[131.4125,33.56666666666668],[131.4125,33.57083333333334],[131.41875,33.57083333333333],[131.41875,33.56666666666668],[131.4125,33.56666666666668]]]}},{"type":"Feature","id":"44211:503123832","properties":{"id":"44211:503123832","meshCode":"503123832","cityCode":"44211","city":"宇佐市","lat":33.56875,"lon":131.421875,"areaKm2":0.1920555,"populated2020":true,"population2020":null,"populationNote":"境界またぎ・収録外等のため自治体内人口は未集計"},"geometry":{"type":"Polygon","coordinates":[[[131.421021297,33.570752946],[131.422579481,33.570322153],[131.424308716,33.570064964],[131.425,33.569759694],[131.425,33.56921671199999],[131.424774708,33.569217838],[131.424799131,33.569360116999995],[131.424454073,33.569407243],[131.424197367,33.569525604],[131.424141414,33.569791171],[131.423680337,33.570124117],[131.42283786,33.570184144],[131.421984293,33.570377883],[131.421053619,33.57063453200001],[131.420783878,33.570812333],[131.42092166,33.570383802],[131.420922672,33.569970441],[131.42111632900003,33.569681414],[131.4210938,33.569250161999996],[131.421333087,33.568926225],[131.422091219,33.568766532],[131.422990467,33.568698026999996],[131.423320661,33.56868794599999],[131.423874137,33.56879580199999],[131.425,33.568739],[131.425,33.56666666666668],[131.41875,33.56666666666668],[131.41875,33.57083333333333],[131.4209208582683,33.57083333333333],[131.421021297,33.570752946]]]}},{"type":"Feature","id":"44211:503123841","properties":{"id":"44211:503123841","meshCode":"503123841","cityCode":"44211","city":"宇佐市","lat":33.5677,"lon":131.4259079,"areaKm2":0.0503433,"populated2020":false,"population2020":null,"populationNote":"境界またぎ・収録外等のため自治体内人口は未集計"},"geometry":{"type":"MultiPolygon","coordinates":[[[[131.425000545,33.569759387000005],[131.425329339,33.569413748],[131.425325992,33.569230225000005],[131.425,33.56921671199999],[131.425000545,33.569759387000005]]],[[[131.425,33.568739],[131.42653415,33.568630649000006],[131.42662063600002,33.568038703],[131.426910973,33.567470477],[131.428522451,33.567936306],[131.428554163,33.567738892],[131.42843083000002,33.567410279],[131.428225837,33.56719777499999],[131.427684163,33.566894721],[131.42676021864963,33.56666666666668],[131.425,33.56666666666668],[131.425,33.568739]]]]}},{"type":"Feature","id":"44211:503122823","properties":{"id":"44211:503122823","meshCode":"503122823","cityCode":"44211","city":"宇佐市","lat":33.5729167,"lon":131.278125,"areaKm2":0.1750199,"populated2020":true,"population2020":null,"populationNote":"境界またぎ・収録外等のため自治体内人口は未集計"},"geometry":{"type":"Polygon","coordinates":[[[131.27669194600003,33.57163166700008],[131.2763880540001,33.57190249500013],[131.27664861200003,33.57225972100002],[131.27717666700005,33.57271666699995],[131.27767111499998,33.572690279000085],[131.27797166000005,33.572905559000006],[131.277751115,33.573504162],[131.277203333,33.57440749500006],[131.27715360600007,33.57474610800011],[131.27700050600015,33.575],[131.28125,33.575],[131.28125,33.57083333333333],[131.27685950572393,33.57083333333333],[131.27669194600003,33.57163166700008]]]}},{"type":"Feature","id":"44211:503122824","properties":{"id":"44211:503122824","meshCode":"503122824","cityCode":"44211","city":"宇佐市","lat":33.5729167,"lon":131.284375,"areaKm2":0.2681726,"populated2020":true,"population2020":132.8158,"populationNote":"2020年基準人口（国交省調整値）"},"geometry":{"type":"Polygon","coordinates":[[[131.28125,33.57083333333333],[131.28125,33.575],[131.2875,33.574999999999996],[131.2875,33.57083333333333],[131.28125,33.57083333333333]]]}},{"type":"Feature","id":"44211:503122833","properties":{"id":"44211:503122833","meshCode":"503122833","cityCode":"44211","city":"宇佐市","lat":33.5729167,"lon":131.290625,"areaKm2":0.2681726,"populated2020":true,"population2020":26.1951,"populationNote":"2020年基準人口（国交省調整値）"},"geometry":{"type":"Polygon","coordinates":[[[131.2875,33.57083333333333],[131.2875,33.574999999999996],[131.29375,33.575],[131.29375,33.57083333333333],[131.2875,33.57083333333333]]]}},{"type":"Feature","id":"44211:503122834","properties":{"id":"44211:503122834","meshCode":"503122834","cityCode":"44211","city":"宇佐市","lat":33.5729167,"lon":131.296875,"areaKm2":0.2681726,"populated2020":true,"population2020":100.7165,"populationNote":"2020年基準人口（国交省調整値）"},"geometry":{"type":"Polygon","coordinates":[[[131.29375,33.57083333333333],[131.29375,33.575],[131.30000000000004,33.575],[131.30000000000004,33.57083333333333],[131.29375,33.57083333333333]]]}},{"type":"Feature","id":"44211:503122843","properties":{"id":"44211:503122843","meshCode":"503122843","cityCode":"44211","city":"宇佐市","lat":33.5729167,"lon":131.303125,"areaKm2":0.2681726,"populated2020":true,"population2020":57.4714,"populationNote":"2020年基準人口（国交省調整値）"},"geometry":{"type":"Polygon","coordinates":[[[131.30000000000004,33.57083333333333],[131.30000000000004,33.575],[131.30625,33.575],[131.30625,33.57083333333333],[131.30000000000004,33.57083333333333]]]}},{"type":"Feature","id":"44211:503122844","properties":{"id":"44211:503122844","meshCode":"503122844","cityCode":"44211","city":"宇佐市","lat":33.5729167,"lon":131.309375,"areaKm2":0.2681726,"populated2020":true,"population2020":171.0253,"populationNote":"2020年基準人口（国交省調整値）"},"geometry":{"type":"Polygon","coordinates":[[[131.30625,33.57083333333333],[131.30625,33.575],[131.3125,33.575],[131.3125,33.57083333333333],[131.30625,33.57083333333333]]]}},{"type":"Feature","id":"44211:503122853","properties":{"id":"44211:503122853","meshCode":"503122853","cityCode":"44211","city":"宇佐市","lat":33.5729167,"lon":131.315625,"areaKm2":0.2681726,"populated2020":true,"population2020":93.5788,"populationNote":"2020年基準人口（国交省調整値）"},"geometry":{"type":"Polygon","coordinates":[[[131.3125,33.57083333333333],[131.3125,33.575],[131.31875,33.575],[131.31875,33.57083333333333],[131.3125,33.57083333333333]]]}},{"type":"Feature","id":"44211:503122854","properties":{"id":"44211:503122854","meshCode":"503122854","cityCode":"44211","city":"宇佐市","lat":33.5729167,"lon":131.321875,"areaKm2":0.2681726,"populated2020":false,"population2020":null,"populationNote":"境界またぎ・収録外等のため自治体内人口は未集計"},"geometry":{"type":"Polygon","coordinates":[[[131.31875,33.57083333333333],[131.31875,33.575],[131.325,33.575],[131.325,33.57083333333333],[131.31875,33.57083333333333]]]}},{"type":"Feature","id":"44211:503122863","properties":{"id":"44211:503122863","meshCode":"503122863","cityCode":"44211","city":"宇佐市","lat":33.5729167,"lon":131.328125,"areaKm2":0.2681726,"populated2020":true,"population2020":168.1338,"populationNote":"2020年基準人口（国交省調整値）"},"geometry":{"type":"Polygon","coordinates":[[[131.325,33.57083333333333],[131.325,33.575],[131.33125,33.574999999999996],[131.33125,33.57083333333334],[131.325,33.57083333333333]]]}},{"type":"Feature","id":"44211:503122864","properties":{"id":"44211:503122864","meshCode":"503122864","cityCode":"44211","city":"宇佐市","lat":33.5729167,"lon":131.334375,"areaKm2":0.2665082,"populated2020":true,"population2020":null,"populationNote":"境界またぎ・収録外等のため自治体内人口は未集計"},"geometry":{"type":"Polygon","coordinates":[[[131.3367039950001,33.57500000000001],[131.3375,33.57461160306921],[131.3375,33.57083333333333],[131.33125,33.57083333333334],[131.33125,33.574999999999996],[131.3367039950001,33.57500000000001]]]}},{"type":"Feature","id":"44211:503122873","properties":{"id":"44211:503122873","meshCode":"503122873","cityCode":"44211","city":"宇佐市","lat":33.5728727,"lon":131.3383234,"areaKm2":0.1014976,"populated2020":true,"population2020":null,"populationNote":"境界またぎ・収録外等のため自治体内人口は未集計"},"geometry":{"type":"Polygon","coordinates":[[[131.33755669300012,33.57459403600012],[131.33771361899994,33.57484886499998],[131.33757103799996,33.574558360000026],[131.33811913099998,33.57420469400005],[131.33915395600002,33.57331726100011],[131.33915055800014,33.572730189000026],[131.339229831,33.57245886499993],[131.33992121899996,33.57178377500002],[131.34010596600012,33.571418865000055],[131.34032055800014,33.571245640000036],[131.34078988300007,33.57104997300007],[131.341922555,33.57113241400009],[131.34205272400004,33.571194864999995],[131.34215666700004,33.571323162000056],[131.34248394299993,33.57254980200008],[131.34278866400007,33.57275936000002],[131.34375,33.57279727485669],[131.34375,33.57083333333333],[131.3375,33.57083333333333],[131.3375,33.57461160306921],[131.33755669300012,33.57459403600012]]]}},{"type":"Feature","id":"44211:503122874","properties":{"id":"44211:503122874","meshCode":"503122874","cityCode":"44211","city":"宇佐市","lat":33.5717547,"lon":131.346875,"areaKm2":0.1289601,"populated2020":true,"population2020":null,"populationNote":"境界またぎ・収録外等のため自治体内人口は未集計"},"geometry":{"type":"Polygon","coordinates":[[[131.34375386500005,33.57279753199999],[131.34445961100016,33.57282669400013],[131.34462134900002,33.572676108000046],[131.34600092100015,33.572737072],[131.34686871600013,33.572902315000086],[131.34689304799997,33.57278379300004],[131.34794581100016,33.5728288200001],[131.34915406000005,33.57296282900006],[131.35,33.57319510800005],[131.35,33.57083333333333],[131.34375,33.57083333333333],[131.34375386500005,33.57279753199999]]]}},{"type":"Feature","id":"44211:503122883","properties":{"id":"44211:503122883","meshCode":"503122883","cityCode":"44211","city":"宇佐市","lat":33.5729167,"lon":131.353125,"areaKm2":0.2119213,"populated2020":true,"population2020":null,"populationNote":"境界またぎ・収録外等のため自治体内人口は未集計"},"geometry":{"type":"Polygon","coordinates":[[[131.35,33.57319510800005],[131.35068108899998,33.57343966700012],[131.35072369600005,33.57334202700002],[131.35214077800003,33.57362119800012],[131.35242089500002,33.573587197999984],[131.353399105,33.573844495],[131.3536901430001,33.574376586000085],[131.3544131650001,33.575],[131.35625000000002,33.575],[131.35625000000002,33.57083333333333],[131.35,33.57083333333333],[131.35,33.57319510800005]]]}},{"type":"Feature","id":"44211:503122884","properties":{"id":"44211:503122884","meshCode":"503122884","cityCode":"44211","city":"宇佐市","lat":33.5729167,"lon":131.359375,"areaKm2":0.2681726,"populated2020":true,"population2020":249.925,"populationNote":"2020年基準人口（国交省調整値）"},"geometry":{"type":"Polygon","coordinates":[[[131.35625000000002,33.57083333333333],[131.35625000000002,33.575],[131.3625,33.575],[131.3625,33.57083333333333],[131.35625000000002,33.57083333333333]]]}},{"type":"Feature","id":"44211:503122893","properties":{"id":"44211:503122893","meshCode":"503122893","cityCode":"44211","city":"宇佐市","lat":33.5729167,"lon":131.365625,"areaKm2":0.2681726,"populated2020":true,"population2020":346.357,"populationNote":"2020年基準人口（国交省調整値）"},"geometry":{"type":"Polygon","coordinates":[[[131.3625,33.57083333333333],[131.3625,33.575],[131.36875,33.574999999999996],[131.36875,33.57083333333334],[131.3625,33.57083333333333]]]}},{"type":"Feature","id":"44211:503122894","properties":{"id":"44211:503122894","meshCode":"503122894","cityCode":"44211","city":"宇佐市","lat":33.5729167,"lon":131.371875,"areaKm2":0.2681726,"populated2020":true,"population2020":629.7119,"populationNote":"2020年基準人口（国交省調整値）"},"geometry":{"type":"Polygon","coordinates":[[[131.36875,33.57083333333334],[131.36875,33.574999999999996],[131.375,33.575],[131.375,33.57083333333333],[131.36875,33.57083333333334]]]}},{"type":"Feature","id":"44211:503123803","properties":{"id":"44211:503123803","meshCode":"503123803","cityCode":"44211","city":"宇佐市","lat":33.5729167,"lon":131.378125,"areaKm2":0.2681726,"populated2020":true,"population2020":616.315,"populationNote":"2020年基準人口（国交省調整値）"},"geometry":{"type":"Polygon","coordinates":[[[131.375,33.57083333333333],[131.375,33.575],[131.38125,33.575],[131.38125,33.57083333333333],[131.375,33.57083333333333]]]}},{"type":"Feature","id":"44211:503123804","properties":{"id":"44211:503123804","meshCode":"503123804","cityCode":"44211","city":"宇佐市","lat":33.5729167,"lon":131.384375,"areaKm2":0.2681726,"populated2020":true,"population2020":141.9392,"populationNote":"2020年基準人口（国交省調整値）"},"geometry":{"type":"Polygon","coordinates":[[[131.38125,33.57083333333333],[131.38125,33.575],[131.3875,33.575],[131.3875,33.57083333333333],[131.38125,33.57083333333333]]]}},{"type":"Feature","id":"44211:503123813","properties":{"id":"44211:503123813","meshCode":"503123813","cityCode":"44211","city":"宇佐市","lat":33.5729167,"lon":131.390625,"areaKm2":0.2681726,"populated2020":true,"population2020":37.3506,"populationNote":"2020年基準人口（国交省調整値）"},"geometry":{"type":"Polygon","coordinates":[[[131.3875,33.57083333333333],[131.3875,33.575],[131.39375,33.57500000000001],[131.39375,33.57083333333333],[131.3875,33.57083333333333]]]}},{"type":"Feature","id":"44211:503123814","properties":{"id":"44211:503123814","meshCode":"503123814","cityCode":"44211","city":"宇佐市","lat":33.5729167,"lon":131.396875,"areaKm2":0.2505517,"populated2020":true,"population2020":null,"populationNote":"境界またぎ・収録外等のため自治体内人口は未集計"},"geometry":{"type":"Polygon","coordinates":[[[131.395831933,33.57491666699999],[131.395946887,33.575],[131.398120584,33.575],[131.398139805,33.574282225000005],[131.398407523,33.574286018],[131.398411025,33.574182748],[131.398729637,33.574185775],[131.398734773,33.574825559],[131.398978885,33.57490022500001],[131.398991479,33.574979387],[131.399019598,33.573797523],[131.399160363,33.573761784],[131.399190402,33.573855865],[131.399170065,33.57375681999999],[131.399234527,33.57373755900001],[131.399308301,33.574691414],[131.399319857,33.57387949500001],[131.399675772,33.573833162],[131.399700856,33.573883531999996],[131.399756913,33.573730135],[131.4,33.573696586],[131.4,33.57083333333333],[131.39375,33.57083333333333],[131.39375,33.57500000000001],[131.395603839,33.575],[131.395831933,33.57491666699999]]]}},{"type":"Feature","id":"44211:503123823","properties":{"id":"44211:503123823","meshCode":"503123823","cityCode":"44211","city":"宇佐市","lat":33.5729167,"lon":131.403125,"areaKm2":0.157633,"populated2020":true,"population2020":null,"populationNote":"境界またぎ・収録外等のため自治体内人口は未集計"},"geometry":{"type":"Polygon","coordinates":[[[131.400035525,33.57369761300001],[131.401558171,33.573915865],[131.40341987,33.574378829],[131.403415538,33.574429288],[131.403447341,33.574258279],[131.403520636,33.574244676],[131.403588859,33.574387775],[131.403548599,33.574117838],[131.403050467,33.573128009],[131.403112633,33.573106135],[131.403546913,33.573828721000005],[131.403620895,33.573822721],[131.403654968,33.573765586],[131.403220584,33.573061198000005],[131.403340752,33.57297538699999],[131.403282529,33.57289694599999],[131.403427834,33.572792162],[131.405600636,33.572218252],[131.40625,33.572268212178386],[131.40625,33.57083333333333],[131.4,33.57083333333333],[131.400035525,33.57369761300001]]]}},{"type":"Feature","id":"44211:503123824","properties":{"id":"44211:503123824","meshCode":"503123824","cityCode":"44211","city":"宇佐市","lat":33.5715508,"lon":131.409375,"areaKm2":0.1315703,"populated2020":true,"population2020":null,"populationNote":"境界またぎ・収録外等のため自治体内人口は未集計"},"geometry":{"type":"Polygon","coordinates":[[[131.40625,33.572268212178386],[131.40926586300003,33.572817225],[131.4125,33.57356189761867],[131.4125,33.57083333333334],[131.40625,33.57083333333333],[131.40625,33.572268212178386]]]}},{"type":"Feature","id":"44211:503123833","properties":{"id":"44211:503123833","meshCode":"503123833","cityCode":"44211","city":"宇佐市","lat":33.5729167,"lon":131.415625,"areaKm2":0.186754,"populated2020":false,"population2020":null,"populationNote":"境界またぎ・収録外等のため自治体内人口は未集計"},"geometry":{"type":"Polygon","coordinates":[[[131.412523022,33.573566414],[131.412811881,33.573711045],[131.412840636,33.573596847000005],[131.417492114,33.57386582899999],[131.41875,33.573785847760156],[131.41875,33.57083333333333],[131.4125,33.57083333333334],[131.412523022,33.573566414]]]}},{"type":"Feature","id":"44211:503123834","properties":{"id":"44211:503123834","meshCode":"503123834","cityCode":"44211","city":"宇佐市","lat":33.5723327,"lon":131.4196191,"areaKm2":0.0505387,"populated2020":false,"population2020":null,"populationNote":"境界またぎ・収録外等のため自治体内人口は未集計"},"geometry":{"type":"Polygon","coordinates":[[[131.41875,33.573785847760156],[131.419419442,33.573732802],[131.419549468,33.573586252],[131.420129442,33.573548495],[131.42011808,33.573228829],[131.420243554,33.573015135],[131.42027131,33.572756559],[131.420733113,33.571733640000005],[131.420709222,33.57117682900002],[131.4209208582683,33.57083333333333],[131.41875,33.57083333333333],[131.41875,33.573785847760156]]]}},{"type":"Feature","id":"44211:503122921","properties":{"id":"44211:503122921","meshCode":"503122921","cityCode":"44211","city":"宇佐市","lat":33.5770833,"lon":131.278125,"areaKm2":0.1820675,"populated2020":true,"population2020":null,"populationNote":"境界またぎ・収録外等のため自治体内人口は未集計"},"geometry":{"type":"Polygon","coordinates":[[[131.27700050600015,33.575],[131.27668722400006,33.57516389200003],[131.27666749700006,33.575256946000074],[131.27709499399998,33.5783708290001],[131.27735194599995,33.578608891999984],[131.27776722400006,33.578774441000064],[131.27785952022668,33.579166666666666],[131.28125,33.57916666666666],[131.28125,33.575],[131.27700050600015,33.575]]]}},{"type":"Feature","id":"44211:503122922","properties":{"id":"44211:503122922","meshCode":"503122922","cityCode":"44211","city":"宇佐市","lat":33.5770833,"lon":131.284375,"areaKm2":0.2681599,"populated2020":true,"population2020":47.2517,"populationNote":"2020年基準人口（国交省調整値）"},"geometry":{"type":"Polygon","coordinates":[[[131.28125,33.575],[131.28125,33.57916666666666],[131.2875,33.579166666666666],[131.2875,33.574999999999996],[131.28125,33.575]]]}},{"type":"Feature","id":"44211:503122931","properties":{"id":"44211:503122931","meshCode":"503122931","cityCode":"44211","city":"宇佐市","lat":33.5770833,"lon":131.290625,"areaKm2":0.2645978,"populated2020":true,"population2020":null,"populationNote":"境界またぎ・収録外等のため自治体内人口は未集計"},"geometry":{"type":"Polygon","coordinates":[[[131.2875,33.579166666666666],[131.28998146600009,33.57909763100003],[131.2910856550001,33.57892834200009],[131.29158704299994,33.579000775000004],[131.29166410989808,33.579166666666666],[131.29375,33.579166666666666],[131.29375,33.575],[131.2875,33.574999999999996],[131.2875,33.579166666666666]]]}},{"type":"Feature","id":"44211:503122932","properties":{"id":"44211:503122932","meshCode":"503122932","cityCode":"44211","city":"宇佐市","lat":33.5770833,"lon":131.296875,"areaKm2":0.2681599,"populated2020":true,"population2020":79.6689,"populationNote":"2020年基準人口（国交省調整値）"},"geometry":{"type":"Polygon","coordinates":[[[131.29375,33.575],[131.29375,33.579166666666666],[131.30000000000004,33.579166666666666],[131.30000000000004,33.575],[131.29375,33.575]]]}},{"type":"Feature","id":"44211:503122941","properties":{"id":"44211:503122941","meshCode":"503122941","cityCode":"44211","city":"宇佐市","lat":33.5770833,"lon":131.303125,"areaKm2":0.2681599,"populated2020":true,"population2020":159.1015,"populationNote":"2020年基準人口（国交省調整値）"},"geometry":{"type":"Polygon","coordinates":[[[131.30000000000004,33.575],[131.30000000000004,33.579166666666666],[131.30625,33.57916666666666],[131.30625,33.575],[131.30000000000004,33.575]]]}},{"type":"Feature","id":"44211:503122942","properties":{"id":"44211:503122942","meshCode":"503122942","cityCode":"44211","city":"宇佐市","lat":33.5770833,"lon":131.309375,"areaKm2":0.2681599,"populated2020":true,"population2020":138.948,"populationNote":"2020年基準人口（国交省調整値）"},"geometry":{"type":"Polygon","coordinates":[[[131.30625,33.575],[131.30625,33.57916666666666],[131.3125,33.57916666666666],[131.3125,33.575],[131.30625,33.575]]]}},{"type":"Feature","id":"44211:503122951","properties":{"id":"44211:503122951","meshCode":"503122951","cityCode":"44211","city":"宇佐市","lat":33.5770833,"lon":131.315625,"areaKm2":0.2681599,"populated2020":true,"population2020":151.925,"populationNote":"2020年基準人口（国交省調整値）"},"geometry":{"type":"Polygon","coordinates":[[[131.3125,33.575],[131.3125,33.57916666666666],[131.31875,33.579166666666666],[131.31875,33.575],[131.3125,33.575]]]}},{"type":"Feature","id":"44211:503122952","properties":{"id":"44211:503122952","meshCode":"503122952","cityCode":"44211","city":"宇佐市","lat":33.5770833,"lon":131.321875,"areaKm2":0.2681599,"populated2020":true,"population2020":95.7199,"populationNote":"2020年基準人口（国交省調整値）"},"geometry":{"type":"Polygon","coordinates":[[[131.31875,33.575],[131.31875,33.579166666666666],[131.325,33.57916666666666],[131.325,33.575],[131.31875,33.575]]]}},{"type":"Feature","id":"44211:503122961","properties":{"id":"44211:503122961","meshCode":"503122961","cityCode":"44211","city":"宇佐市","lat":33.5770833,"lon":131.328125,"areaKm2":0.2681599,"populated2020":true,"population2020":44.3576,"populationNote":"2020年基準人口（国交省調整値）"},"geometry":{"type":"Polygon","coordinates":[[[131.325,33.575],[131.325,33.57916666666666],[131.33125,33.579166666666666],[131.33125,33.574999999999996],[131.325,33.575]]]}},{"type":"Feature","id":"44211:503122962","properties":{"id":"44211:503122962","meshCode":"503122962","cityCode":"44211","city":"宇佐市","lat":33.5770833,"lon":131.334375,"areaKm2":0.1830728,"populated2020":true,"population2020":null,"populationNote":"境界またぎ・収録外等のため自治体内人口は未集計"},"geometry":{"type":"Polygon","coordinates":[[[131.3357165110001,33.57914014400007],[131.33560105100014,33.57851618900003],[131.33514799,33.57737519800003],[131.33540238700004,33.576916937000014],[131.33574905299997,33.57704257699999],[131.33577632900005,33.576989937000064],[131.33527807999997,33.576780081000095],[131.33507,33.576348738999904],[131.33608876800008,33.57532164900005],[131.3367039950001,33.57500000000001],[131.33125,33.574999999999996],[131.33125,33.579166666666666],[131.3357165110001,33.57914014400007]]]}},{"type":"Feature","id":"44211:503122981","properties":{"id":"44211:503122981","meshCode":"503122981","cityCode":"44211","city":"宇佐市","lat":33.5754663,"lon":131.3559799,"areaKm2":0.0073422,"populated2020":false,"population2020":null,"populationNote":"境界またぎ・収録外等のため自治体内人口は未集計"},"geometry":{"type":"Polygon","coordinates":[[[131.354425279,33.575007224999986],[131.3550800260001,33.57536730599996],[131.35535516200014,33.57526718899999],[131.35616204899998,33.57572261299999],[131.35603408600014,33.575875946],[131.35625000000002,33.57600606640602],[131.35625000000002,33.575],[131.354425279,33.575007224999986]]]}},{"type":"Feature","id":"44211:503122982","properties":{"id":"44211:503122982","meshCode":"503122982","cityCode":"44211","city":"宇佐市","lat":33.5770833,"lon":131.359375,"areaKm2":0.153715,"populated2020":false,"population2020":null,"populationNote":"境界またぎ・収録外等のため自治体内人口は未集計"},"geometry":{"type":"Polygon","coordinates":[[[131.35625000000002,33.57600606640602],[131.35724723700002,33.57651228800006],[131.35807855999997,33.57713340500004],[131.35886559000016,33.57745618900009],[131.36022395600003,33.57778667599996],[131.36156866400017,33.57793705399996],[131.36168249000013,33.578097559000014],[131.3625,33.578086968602186],[131.3625,33.575],[131.35625000000002,33.575],[131.35625000000002,33.57600606640602]]]}},{"type":"Feature","id":"44211:503122991","properties":{"id":"44211:503122991","meshCode":"503122991","cityCode":"44211","city":"宇佐市","lat":33.576973,"lon":131.3633502,"areaKm2":0.1371835,"populated2020":true,"population2020":null,"populationNote":"境界またぎ・収録外等のため自治体内人口は未集計"},"geometry":{"type":"Polygon","coordinates":[[[131.36261875500009,33.57808610800004],[131.3628844100001,33.57791333300008],[131.36323616100015,33.57785612600003],[131.36478486400017,33.57833114400006],[131.36456697800008,33.579052829000034],[131.36492871600012,33.578117000000134],[131.36388863800005,33.577863306000104],[131.36433717299997,33.57659177499994],[131.3648880290001,33.57672586500008],[131.36497594000014,33.57648147700008],[131.36528782100004,33.57656699100005],[131.3652051360001,33.57680210800004],[131.36531141399996,33.57682499999999],[131.36505197099996,33.577705757000096],[131.36535822300004,33.57684916200004],[131.36875,33.576802024802106],[131.36875,33.574999999999996],[131.3625,33.575],[131.3625,33.578086968602186],[131.36261875500009,33.57808610800004]]]}},{"type":"Feature","id":"44211:503122992","properties":{"id":"44211:503122992","meshCode":"503122992","cityCode":"44211","city":"宇佐市","lat":33.5770749,"lon":131.3737867,"areaKm2":0.1506991,"populated2020":true,"population2020":null,"populationNote":"境界またぎ・収録外等のため自治体内人口は未集計"},"geometry":{"type":"MultiPolygon","coordinates":[[[[131.37073834,33.576767982000085],[131.37102025900015,33.57713468499991],[131.37150988300016,33.57818243200006],[131.3710694030001,33.57715499100004],[131.37078321700005,33.576767216],[131.37171607000005,33.576751243],[131.37179073900006,33.57688918900004],[131.37175486400008,33.57674527900007],[131.37195335900003,33.5767101620001],[131.37170622600013,33.575767360000036],[131.37232783399998,33.575651027000106],[131.37326330700012,33.57657655899993],[131.37329686099997,33.57678553200009],[131.37246941600006,33.577119251999996],[131.37252380000007,33.57732355899992],[131.37210141399999,33.577396432],[131.37199233500007,33.57713938699999],[131.37242105637708,33.579166666666666],[131.37262826417037,33.57916666666666],[131.3725071980001,33.57792227900011],[131.37379472099997,33.577833387],[131.37393281067256,33.57916666666666],[131.375,33.57916666666666],[131.375,33.575],[131.36875,33.574999999999996],[131.36875,33.576802024802106],[131.37073834,33.576767982000085]]],[[[131.3717013760564,33.57916666666666],[131.371564306,33.578352811],[131.37153284,33.57834222500001],[131.3717013760564,33.57916666666666]]]]}},{"type":"Feature","id":"44211:503123901","properties":{"id":"44211:503123901","meshCode":"503123901","cityCode":"44211","city":"宇佐市","lat":33.5774544,"lon":131.3763064,"areaKm2":0.1634203,"populated2020":true,"population2020":null,"populationNote":"境界またぎ・収録外等のため自治体内人口は未集計"},"geometry":{"type":"Polygon","coordinates":[[[131.37778750639177,33.57916666666666],[131.377551738,33.576826495],[131.37836513600004,33.576512494999996],[131.37943856,33.57626716199999],[131.380344358,33.57615225200001],[131.38125,33.576165929266175],[131.38125,33.575],[131.375,33.575],[131.375,33.57916666666666],[131.37778750639177,33.57916666666666]]]}},{"type":"Feature","id":"44211:503123902","properties":{"id":"44211:503123902","meshCode":"503123902","cityCode":"44211","city":"宇佐市","lat":33.5760555,"lon":131.3843679,"areaKm2":0.098195,"populated2020":true,"population2020":null,"populationNote":"境界またぎ・収録外等のため自治体内人口は未集計"},"geometry":{"type":"Polygon","coordinates":[[[131.38125,33.576165929266175],[131.383150726,33.57636936],[131.383342335,33.57644246800001],[131.383330856,33.576529054],[131.383379196,33.576406775],[131.383627004,33.576442667],[131.384062996,33.576593973],[131.384037613,33.576717919],[131.384106226,33.576601279],[131.384852802,33.576833919],[131.38646489,33.576867829],[131.386480661,33.577117135],[131.386490026,33.576882252000004],[131.386665577,33.576854973],[131.386757523,33.576748531999996],[131.386826524,33.57635113500001],[131.3875,33.57605100929379],[131.3875,33.575],[131.38125,33.575],[131.38125,33.576165929266175]]]}},{"type":"Feature","id":"44211:503123911","properties":{"id":"44211:503123911","meshCode":"503123911","cityCode":"44211","city":"宇佐市","lat":33.5754395,"lon":131.390625,"areaKm2":0.0648928,"populated2020":false,"population2020":null,"populationNote":"境界またぎ・収録外等のため自治体内人口は未集計"},"geometry":{"type":"Polygon","coordinates":[[[131.387521946,33.576044135],[131.388127056,33.575879225],[131.390499468,33.57596458599999],[131.39079572,33.57589505399999],[131.39375,33.57633907799647],[131.39375,33.57500000000001],[131.3875,33.575],[131.387521946,33.576044135]]]}},{"type":"Feature","id":"44211:503123912","properties":{"id":"44211:503123912","meshCode":"503123912","cityCode":"44211","city":"宇佐市","lat":33.5754542,"lon":131.3982057,"areaKm2":0.0246804,"populated2020":false,"population2020":null,"populationNote":"境界またぎ・収録外等のため自治体内人口は未集計"},"geometry":{"type":"MultiPolygon","coordinates":[[[[131.393757302,33.576338774999996],[131.393811634,33.576116829],[131.394160467,33.575761613],[131.394732672,33.575768135],[131.394794553,33.57563706300001],[131.395152477,33.575558243],[131.395261025,33.575713946],[131.395099131,33.57518440500001],[131.395603839,33.575],[131.39375,33.57500000000001],[131.393757302,33.576338774999996]]],[[[131.396362724,33.57529546800001],[131.398920661,33.575674387],[131.398976615,33.575739387],[131.399010999,33.575181414000006],[131.39895297,33.575254829],[131.398120584,33.575],[131.395946887,33.575],[131.396362724,33.57529546800001]]]]}},{"type":"Feature","id":"44211:503122923","properties":{"id":"44211:503122923","meshCode":"503122923","cityCode":"44211","city":"宇佐市","lat":33.5801188,"lon":131.2798263,"areaKm2":0.0462141,"populated2020":false,"population2020":null,"populationNote":"境界またぎ・収録外等のため自治体内人口は未集計"},"geometry":{"type":"Polygon","coordinates":[[[131.27786221800014,33.57917805400001],[131.277898885,33.57933361299997],[131.2789305970001,33.58084921600005],[131.28125,33.58048264876751],[131.28125,33.57916666666666],[131.27786221800014,33.57917805400001]]]}},{"type":"Feature","id":"44211:503122924","properties":{"id":"44211:503122924","meshCode":"503122924","cityCode":"44211","city":"宇佐市","lat":33.579849,"lon":131.283508,"areaKm2":0.0563689,"populated2020":false,"population2020":null,"populationNote":"境界またぎ・収録外等のため自治体内人口は未集計"},"geometry":{"type":"Polygon","coordinates":[[[131.281275188,33.580473748000095],[131.28213464300018,33.58016982900006],[131.28538202300012,33.580281306000124],[131.28570298299996,33.580050414000034],[131.28579061000005,33.579692351],[131.28616763900004,33.579590595000134],[131.28707522700006,33.579539468000064],[131.2875,33.57938841891017],[131.2875,33.579166666666666],[131.28125,33.57916666666666],[131.281275188,33.580473748000095]]]}},{"type":"Feature","id":"44211:503122933","properties":{"id":"44211:503122933","meshCode":"503122933","cityCode":"44211","city":"宇佐市","lat":33.5796502,"lon":131.2928194,"areaKm2":0.0245548,"populated2020":false,"population2020":null,"populationNote":"境界またぎ・収録外等のため自治体内人口は未集計"},"geometry":{"type":"MultiPolygon","coordinates":[[[[131.2875,33.57938841891017],[131.288068781,33.57931344100007],[131.28859272780443,33.57916666666666],[131.2875,33.579166666666666],[131.2875,33.57938841891017]]],[[[131.291666667,33.579172170999925],[131.29211075199999,33.580128152999976],[131.29246667999996,33.58028626099992],[131.293416965,33.58049259500012],[131.29337076500008,33.58061974800006],[131.29375,33.580711119628184],[131.29375,33.579166666666666],[131.291666667,33.579172170999925]]]]}},{"type":"Feature","id":"44211:503122934","properties":{"id":"44211:503122934","meshCode":"503122934","cityCode":"44211","city":"宇佐市","lat":33.5804176,"lon":131.2954441,"areaKm2":0.0942742,"populated2020":true,"population2020":null,"populationNote":"境界またぎ・収録外等のため自治体内人口は未集計"},"geometry":{"type":"MultiPolygon","coordinates":[[[[131.29375,33.580711119628184],[131.29541380000012,33.581082622],[131.29574600499996,33.58101786500009],[131.29579491599998,33.580884595000036],[131.29613861200008,33.580828405000034],[131.297702802,33.580697685000075],[131.29769784700002,33.58075847700013],[131.29791177699997,33.58076827900004],[131.29796566800007,33.58068102700009],[131.29857830100002,33.58150606299995],[131.29862059699997,33.581475973000124],[131.29793031100007,33.58053718000003],[131.29718700400008,33.58064373900004],[131.29702150499998,33.57999125200013],[131.297338975,33.579831],[131.29769435799994,33.58040446800004],[131.29784555100014,33.58035086500014],[131.2974621400001,33.579743558999944],[131.29817207500014,33.57947933299993],[131.29871367099997,33.58017976600008],[131.29914046700003,33.580405252000105],[131.29926287900003,33.58066755900006],[131.29918644600014,33.580786495000105],[131.30000000000004,33.58165183800002],[131.30000000000004,33.579166666666666],[131.29375,33.579166666666666],[131.29375,33.580711119628184]]],[[[131.299136991,33.582630505],[131.2994756161812,33.58333333333334],[131.29952259418286,33.583333333333336],[131.299136991,33.582630505]]]]}},{"type":"Feature","id":"44211:503122943","properties":{"id":"44211:503122943","meshCode":"503122943","cityCode":"44211","city":"宇佐市","lat":33.5809726,"lon":131.3013766,"areaKm2":0.1341671,"populated2020":false,"population2020":null,"populationNote":"境界またぎ・収録外等のため自治体内人口は未集計"},"geometry":{"type":"MultiPolygon","coordinates":[[[[131.30040961099996,33.5820875230001],[131.30047613500008,33.58204299099998],[131.30008079100006,33.58162029700002],[131.30016360600018,33.58156532400001],[131.30000000000004,33.581393117000054],[131.30000000000004,33.58165183800002],[131.30040961099996,33.5820875230001]]],[[[131.300124708,33.581248396000035],[131.30030396899997,33.58143985600009],[131.3008438910001,33.58108162200012],[131.30173009100008,33.58199927900012],[131.30166700400002,33.58221464000008],[131.30139195800007,33.58240659500006],[131.30083586299997,33.58242081099997],[131.3006646560001,33.58225321600008],[131.3005990790001,33.58229465800014],[131.30104950700002,33.58277184700006],[131.302471115,33.581841044999976],[131.3025293390001,33.58116182900011],[131.30301153000005,33.58084520699999],[131.30370495500017,33.580776649000036],[131.30429413699994,33.58086119799999],[131.30448944199998,33.58093655900013],[131.304470272,33.580986594999956],[131.30459053200002,33.580876784000054],[131.30491408600017,33.58090123400012],[131.305286044,33.58108393700002],[131.30625,33.58106862685272],[131.30625,33.57916666666666],[131.30000000000004,33.579166666666666],[131.30000000000004,33.58132336900014],[131.300124708,33.581248396000035]]]]}},{"type":"Feature","id":"44211:503122944","properties":{"id":"44211:503122944","meshCode":"503122944","cityCode":"44211","city":"宇佐市","lat":33.58125,"lon":131.309375,"areaKm2":0.1540407,"populated2020":false,"population2020":null,"populationNote":"境界またぎ・収録外等のため自治体内人口は未集計"},"geometry":{"type":"Polygon","coordinates":[[[131.30625,33.58106862685272],[131.30827499400004,33.581255559],[131.3082903500001,33.58147560400005],[131.30804097300017,33.58146009],[131.30804575900015,33.58136425200008],[131.30794647200003,33.58134845],[131.307835759,33.581504703],[131.30826150500002,33.58158488300011],[131.30843293100008,33.58159036000012],[131.30846280200012,33.581276108000054],[131.308671323,33.581298865000065],[131.309180052,33.581485171],[131.31044841800008,33.58175342300001],[131.31100935100005,33.582071649000056],[131.31163211399996,33.58190792800008],[131.3125,33.58194767296301],[131.3125,33.57916666666666],[131.30625,33.57916666666666],[131.30625,33.58106862685272]]]}},{"type":"Feature","id":"44211:503122953","properties":{"id":"44211:503122953","meshCode":"503122953","cityCode":"44211","city":"宇佐市","lat":33.58125,"lon":131.315625,"areaKm2":0.1562696,"populated2020":false,"population2020":null,"populationNote":"境界またぎ・収録外等のため自治体内人口は未集計"},"geometry":{"type":"Polygon","coordinates":[[[131.31251779499996,33.581950216000045],[131.31348461700009,33.58201837799999],[131.31419866400006,33.58187308100013],[131.31522570700008,33.581901676000086],[131.31621866400008,33.58159291900006],[131.317223787,33.58088391000007],[131.31792297000004,33.58113316200013],[131.31829150500005,33.58114746800004],[131.31875,33.581270620606816],[131.31875,33.579166666666666],[131.3125,33.57916666666666],[131.31251779499996,33.581950216000045]]]}},{"type":"Feature","id":"44211:503122954","properties":{"id":"44211:503122954","meshCode":"503122954","cityCode":"44211","city":"宇佐市","lat":33.58125,"lon":131.321875,"areaKm2":0.2130684,"populated2020":false,"population2020":null,"populationNote":"境界またぎ・収録外等のため自治体内人口は未集計"},"geometry":{"type":"Polygon","coordinates":[[[131.31875,33.581270620606816],[131.319603606,33.581612090000135],[131.31969582400018,33.58182535999998],[131.31951090799998,33.58199952299992],[131.319498898,33.582268018000036],[131.32026454000015,33.58246665799994],[131.32028552500003,33.58279345],[131.320478288,33.58299520700007],[131.32248439700004,33.58307307200004],[131.32250450100014,33.58317294599994],[131.32251271100006,33.583078333],[131.323076239,33.583098990999986],[131.32385418900003,33.58232472100002],[131.32405247700012,33.58229619800005],[131.32423496800004,33.5821591620001],[131.32456418900017,33.581566721],[131.32458949400007,33.581119],[131.325,33.58130738700004],[131.325,33.57916666666666],[131.31875,33.579166666666666],[131.31875,33.581270620606816]]]}},{"type":"Feature","id":"44211:503122963","properties":{"id":"44211:503122963","meshCode":"503122963","cityCode":"44211","city":"宇佐市","lat":33.58125,"lon":131.328125,"areaKm2":0.1600427,"populated2020":true,"population2020":null,"populationNote":"境界またぎ・収録外等のため自治体内人口は未集計"},"geometry":{"type":"MultiPolygon","coordinates":[[[[131.32500747099994,33.581309667000085],[131.32540274999997,33.581361667000124],[131.32580236100011,33.58125661300011],[131.32626501900006,33.58125088300001],[131.32677276300012,33.58141468500003],[131.32727741899998,33.58143623400014],[131.32766460400012,33.58157036900013],[131.32789068700004,33.58155025200001],[131.32870086899993,33.581841631000025],[131.3286372760001,33.58196764000007],[131.32917025900008,33.58216498200005],[131.32989308700007,33.582045505],[131.33125,33.58164109895531],[131.33125,33.579166666666666],[131.325,33.57916666666666],[131.32500747099994,33.581309667000085]]],[[[131.329448444,33.582416775],[131.329477471,33.582297892],[131.329332114,33.582278865],[131.32931642,33.582387973],[131.329448444,33.582416775]]]]}},{"type":"Feature","id":"44211:503122964","properties":{"id":"44211:503122964","meshCode":"503122964","cityCode":"44211","city":"宇佐市","lat":33.5804002,"lon":131.3330361,"areaKm2":0.0831811,"populated2020":true,"population2020":null,"populationNote":"境界またぎ・収録外等のため自治体内人口は未集計"},"geometry":{"type":"Polygon","coordinates":[[[131.33125,33.58164109895531],[131.331789792,33.581484333000105],[131.33177345000013,33.581419161999975],[131.33190487700006,33.58138523399999],[131.331966459,33.581386955000085],[131.3320393900001,33.581615117000126],[131.33197997399998,33.58138382000004],[131.332362503,33.581294485999926],[131.33353267200016,33.58123448599998],[131.33382513599997,33.581321468000056],[131.33441024600006,33.58088397300003],[131.33467089500004,33.58087395500007],[131.33481730200003,33.580384305999985],[131.3353377300001,33.57969104500006],[131.33567457799995,33.57953604500006],[131.33571700252435,33.579166666666666],[131.33125,33.579166666666666],[131.33125,33.58164109895531]]]}},{"type":"Feature","id":"44211:503122993","properties":{"id":"44211:503122993","meshCode":"503122993","cityCode":"44211","city":"宇佐市","lat":33.5808686,"lon":131.3639057,"areaKm2":0.0007322,"populated2020":false,"population2020":null,"populationNote":"境界またぎ・収録外等のため自治体内人口は未集計"},"geometry":{"type":"MultiPolygon","coordinates":[[[[131.364479364,33.579308387],[131.364134864,33.580167387],[131.364171025,33.58017636000001],[131.364479364,33.579308387]]],[[[131.363772205,33.58130536],[131.364039896,33.580430125999996],[131.363732348,33.581297405],[131.363772205,33.58130536]]]]}},{"type":"Feature","id":"44211:503122994","properties":{"id":"44211:503122994","meshCode":"503122994","cityCode":"44211","city":"宇佐市","lat":33.5798707,"lon":131.3746746,"areaKm2":0.0120332,"populated2020":false,"population2020":null,"populationNote":"境界またぎ・収録外等のため自治体内人口は未集計"},"geometry":{"type":"MultiPolygon","coordinates":[[[[131.37242105637708,33.579166666666666],[131.37245032400006,33.57976267600003],[131.37251482500017,33.57976223399999],[131.37247214,33.57950250500011],[131.37288444900003,33.579428441],[131.372654527,33.57944591900003],[131.37262826417037,33.57916666666666],[131.37242105637708,33.579166666666666]]],[[[131.37393642000006,33.57919916200012],[131.37397800300005,33.579614387000106],[131.37432061000004,33.579587135],[131.37437512300005,33.580126946],[131.3724788720001,33.58026274800005],[131.372486913,33.58032097299997],[131.375,33.580154802],[131.375,33.57916666666666],[131.37393642000006,33.57919916200012]]],[[[131.371677185,33.579294387],[131.3717013760564,33.57916666666666],[131.37165656942105,33.57916666666666],[131.371677185,33.579294387]]],[[[131.371723398,33.57964387399999],[131.371677445,33.579643045000005],[131.371708418,33.580566712],[131.371723398,33.57964387399999]]],[[[131.371728366,33.580588171],[131.371694228,33.58088085599999],[131.371729663,33.580880738999994],[131.371728366,33.580588171]]],[[[131.37175703,33.581721676],[131.371693658,33.580913937],[131.37172569400002,33.581742595],[131.37175703,33.581721676]]],[[[131.37175454,33.582075207],[131.371719909,33.582866865],[131.371741699,33.58287986500001],[131.37175454,33.582075207]]]]}},{"type":"Feature","id":"44211:503123903","properties":{"id":"44211:503123903","meshCode":"503123903","cityCode":"44211","city":"宇佐市","lat":33.5798445,"lon":131.3751783,"areaKm2":0.011208,"populated2020":false,"population2020":null,"populationNote":"境界またぎ・収録外等のため自治体内人口は未集計"},"geometry":{"type":"Polygon","coordinates":[[[131.375385538,33.580130577],[131.375327652,33.579558332999994],[131.377810078,33.579382341999995],[131.37778750639177,33.57916666666666],[131.375,33.57916666666666],[131.375,33.580154802],[131.375385538,33.580130577]]]}},{"type":"Feature","id":"44211:503132032","properties":{"id":"44211:503132032","meshCode":"503132032","cityCode":"44211","city":"宇佐市","lat":33.5836811,"lon":131.299689,"areaKm2":0.0003532,"populated2020":false,"population2020":null,"populationNote":"境界またぎ・収録外等のため自治体内人口は未集計"},"geometry":{"type":"Polygon","coordinates":[[[131.299862685,33.584045369],[131.29990415,33.584028802],[131.2994756161812,33.58333333333334],[131.299862685,33.584045369]]]}},{"type":"Feature","id":"44211:503132092","properties":{"id":"44211:503132092","meshCode":"503132092","cityCode":"44211","city":"宇佐市","lat":33.5872834,"lon":131.3722554,"areaKm2":0.0010965,"populated2020":false,"population2020":null,"populationNote":"境界またぎ・収録外等のため自治体内人口は未集計"},"geometry":{"type":"MultiPolygon","coordinates":[[[[131.371703735,33.583367523],[131.37185811900002,33.584266414],[131.371737951,33.583364333000006],[131.371703735,33.583367523]]],[[[131.371874254,33.584624054],[131.372031051,33.58551843199999],[131.371907173,33.584618541],[131.371874254,33.584624054]]],[[[131.37204489,33.585875378000004],[131.372204682,33.58677218],[131.372079637,33.585871991000005],[131.37204489,33.585875378000004]]],[[[131.372251349,33.58712745],[131.37226840106823,33.5875],[131.372303315386,33.58749999999999],[131.372251349,33.58712745]]]]}},{"type":"Feature","id":"44211:503132094","properties":{"id":"44211:503132094","meshCode":"503132094","cityCode":"44211","city":"宇佐市","lat":33.587774,"lon":131.372322,"areaKm2":0.0001954,"populated2020":false,"population2020":null,"populationNote":"境界またぎ・収録外等のため自治体内人口は未集計"},"geometry":{"type":"Polygon","coordinates":[[[131.372314137,33.58785276599999],[131.372373735,33.588028423000004],[131.37226840106823,33.5875],[131.372314137,33.58785276599999]]]}}]}