{"type":"FeatureCollection","metadata":{"cityCode":"44462","city":"玖珠町","resolution":1000,"boundaryDate":"2026-01-01","populationLabel":"2020年基準人口（国交省調整値）","method":"標準地域メッシュ（2分の1地域メッシュ/第3次地域区画）を行政界で切り抜き。判定点は中心、境界外なら区域内代表点。面積は簡略化前の地理座標から計算。表示線は5m簡略化。"},"features":[{"type":"Feature","id":"44462:49316018","properties":{"id":"44462:49316018","meshCode":"49316018","cityCode":"44462","city":"玖珠町","lat":33.1833178,"lon":131.1111487,"areaKm2":1.98e-05,"populated2020":false,"population2020":null,"populationNote":"境界またぎ・収録外等のため自治体内人口は未集計"},"geometry":{"type":"Polygon","coordinates":[[[131.1111814140429,33.18333333333332],[131.111177471,33.18330228799999],[131.11105831272366,33.18333333333332],[131.1111814140429,33.18333333333332]]]}},{"type":"Feature","id":"44462:49316026","properties":{"id":"44462:49316026","meshCode":"49316026","cityCode":"44462","city":"玖珠町","lat":33.1894258,"lon":131.0847827,"areaKm2":0.2223204,"populated2020":false,"population2020":null,"populationNote":"境界またぎ・収録外等のため自治体内人口は未集計"},"geometry":{"type":"Polygon","coordinates":[[[131.0875,33.18721778808834],[131.0860631,33.187203811],[131.08527393,33.187270207],[131.083811154,33.187805766000004],[131.082595318,33.18805049499999],[131.082125045,33.18838826999999],[131.081996433,33.188794658],[131.082026719,33.189388829],[131.082444215,33.189734099],[131.082570052,33.190187712],[131.08254061,33.190572712000005],[131.082326991,33.191101323999995],[131.082364501,33.19166666666666],[131.0875,33.19166666666668],[131.0875,33.18721778808834]]]}},{"type":"Feature","id":"44462:49316027","properties":{"id":"44462:49316027","meshCode":"49316027","cityCode":"44462","city":"玖珠町","lat":33.1875,"lon":131.09375,"areaKm2":0.7057853,"populated2020":false,"population2020":null,"populationNote":"境界またぎ・収録外等のため自治体内人口は未集計"},"geometry":{"type":"Polygon","coordinates":[[[131.1,33.18791075699999],[131.099495279,33.187892080999994],[131.09854,33.186856532],[131.097500285,33.18602347699999],[131.096476122,33.185546820000006],[131.095403346,33.18516655],[131.095050843,33.185126829],[131.094379183,33.185226279],[131.093590298,33.185511000000005],[131.0875,33.18721778808834],[131.0875,33.19166666666668],[131.1,33.19166666666666],[131.1,33.18791075699999]]]}},{"type":"Feature","id":"44462:49316028","properties":{"id":"44462:49316028","meshCode":"49316028","cityCode":"44462","city":"玖珠町","lat":33.1875,"lon":131.10625,"areaKm2":0.744625,"populated2020":false,"population2020":null,"populationNote":"境界またぎ・収録外等のため自治体内人口は未集計"},"geometry":{"type":"Polygon","coordinates":[[[131.1125,33.18776644545251],[131.111794163,33.186350613],[131.111496381,33.185451730000004],[131.1111814140429,33.18333333333332],[131.110048029,33.183437577],[131.109603035,33.183576739],[131.108244994,33.184316468],[131.10660054500002,33.18566564900001],[131.105584721,33.186353991],[131.105064163,33.186598991000004],[131.103303891,33.18723399999999],[131.100788054,33.187812621999996],[131.1,33.18791075699999],[131.1,33.19166666666666],[131.1125,33.19166666666668],[131.1125,33.18776644545251]]]}},{"type":"Feature","id":"44462:49316029","properties":{"id":"44462:49316029","meshCode":"49316029","cityCode":"44462","city":"玖珠町","lat":33.1900096,"lon":131.1129874,"areaKm2":0.0343257,"populated2020":true,"population2020":null,"populationNote":"境界またぎ・収録外等のため自治体内人口は未集計"},"geometry":{"type":"Polygon","coordinates":[[[131.11402557700004,33.191268108],[131.113693904,33.190639216],[131.113125564,33.18910699100001],[131.1125,33.18776644545251],[131.1125,33.19166666666668],[131.1141129959269,33.19166666666667],[131.11402557700004,33.191268108]]]}},{"type":"Feature","id":"44462:49316036","properties":{"id":"44462:49316036","meshCode":"49316036","cityCode":"44462","city":"玖珠町","lat":33.1958001,"lon":131.0856284,"areaKm2":0.3344943,"populated2020":false,"population2020":null,"populationNote":"境界またぎ・収録外等のため自治体内人口は未集計"},"geometry":{"type":"Polygon","coordinates":[[[131.082364501,33.191666667],[131.082339222,33.192285207],[131.082586174,33.19333798200001],[131.083588949,33.194758252],[131.083639222,33.195377973],[131.08400201,33.196555748],[131.084037847,33.197206855999994],[131.084226174,33.197763523],[131.084305901,33.198419081],[131.084702296,33.199188523000004],[131.084542827,33.199999999999996],[131.0875,33.2],[131.0875,33.19166666666668],[131.082364501,33.191666667]]]}},{"type":"Feature","id":"44462:49316037","properties":{"id":"44462:49316037","meshCode":"49316037","cityCode":"44462","city":"玖珠町","lat":33.1958333,"lon":131.09375,"areaKm2":1.0772652,"populated2020":false,"population2020":null,"populationNote":"境界またぎ・収録外等のため自治体内人口は未集計"},"geometry":{"type":"Polygon","coordinates":[[[131.0875,33.19166666666668],[131.0875,33.2],[131.1,33.199999999999996],[131.1,33.19166666666666],[131.0875,33.19166666666668]]]}},{"type":"Feature","id":"44462:49316038","properties":{"id":"44462:49316038","meshCode":"49316038","cityCode":"44462","city":"玖珠町","lat":33.1958333,"lon":131.10625,"areaKm2":1.0772652,"populated2020":true,"population2020":null,"populationNote":"境界またぎ・収録外等のため自治体内人口は未集計"},"geometry":{"type":"Polygon","coordinates":[[[131.1,33.19166666666666],[131.1,33.199999999999996],[131.1125,33.199999999999996],[131.1125,33.19166666666668],[131.1,33.19166666666666]]]}},{"type":"Feature","id":"44462:49316039","properties":{"id":"44462:49316039","meshCode":"49316039","cityCode":"44462","city":"玖珠町","lat":33.1956949,"lon":131.1140332,"areaKm2":0.2655349,"populated2020":false,"population2020":null,"populationNote":"境界またぎ・収録外等のため自治体内人口は未集計"},"geometry":{"type":"Polygon","coordinates":[[[131.117209481,33.199999999999996],[131.116513969,33.198980045],[131.116367302,33.198608378],[131.116149235,33.197938658],[131.11592284,33.196758108],[131.115595616,33.196148107999996],[131.11544061,33.19487171200001],[131.115096433,33.193869216],[131.114828379,33.193788658],[131.114679481,33.193151162],[131.1141129959269,33.19166666666667],[131.1125,33.19166666666668],[131.1125,33.199999999999996],[131.117209481,33.199999999999996]]]}},{"type":"Feature","id":"44462:49316046","properties":{"id":"44462:49316046","meshCode":"49316046","cityCode":"44462","city":"玖珠町","lat":33.2042892,"lon":131.0858977,"areaKm2":0.2597799,"populated2020":false,"population2020":null,"populationNote":"境界またぎ・収録外等のため自治体内人口は未集計"},"geometry":{"type":"Polygon","coordinates":[[[131.084542516,33.20000101800001],[131.08440869,33.200283793000004],[131.08397201,33.202556279],[131.084253398,33.204145153],[131.084961725,33.20666318899999],[131.085083385,33.208273170999995],[131.08511705618568,33.20833333333334],[131.0875,33.20833333333334],[131.0875,33.2],[131.084542516,33.20000101800001]]]}},{"type":"Feature","id":"44462:49316047","properties":{"id":"44462:49316047","meshCode":"49316047","cityCode":"44462","city":"玖珠町","lat":33.2041667,"lon":131.09375,"areaKm2":1.0771646,"populated2020":true,"population2020":null,"populationNote":"境界またぎ・収録外等のため自治体内人口は未集計"},"geometry":{"type":"Polygon","coordinates":[[[131.0875,33.2],[131.0875,33.20833333333334],[131.1,33.20833333333334],[131.1,33.199999999999996],[131.0875,33.2]]]}},{"type":"Feature","id":"44462:49316048","properties":{"id":"44462:49316048","meshCode":"49316048","cityCode":"44462","city":"玖珠町","lat":33.2041667,"lon":131.10625,"areaKm2":1.0771646,"populated2020":true,"population2020":null,"populationNote":"境界またぎ・収録外等のため自治体内人口は未集計"},"geometry":{"type":"Polygon","coordinates":[[[131.1,33.199999999999996],[131.1,33.20833333333334],[131.1125,33.20833333333334],[131.1125,33.199999999999996],[131.1,33.199999999999996]]]}},{"type":"Feature","id":"44462:49316049","properties":{"id":"44462:49316049","meshCode":"49316049","cityCode":"44462","city":"玖珠町","lat":33.2041667,"lon":131.11875,"areaKm2":0.6538165,"populated2020":true,"population2020":null,"populationNote":"境界またぎ・収録外等のため自治体内人口は未集計"},"geometry":{"type":"Polygon","coordinates":[[[131.122553709,33.208333333000006],[131.122459326,33.207255054],[131.122266265,33.206824774999994],[131.12090291800004,33.205326991],[131.119510674,33.203506991],[131.117209481,33.199999999999996],[131.1125,33.199999999999996],[131.1125,33.20833333333334],[131.122553709,33.208333333000006]]]}},{"type":"Feature","id":"44462:49316056","properties":{"id":"44462:49316056","meshCode":"49316056","cityCode":"44462","city":"玖珠町","lat":33.2104785,"lon":131.087031,"areaKm2":0.0459935,"populated2020":false,"population2020":null,"populationNote":"境界またぎ・収録外等のため自治体内人口は未集計"},"geometry":{"type":"Polygon","coordinates":[[[131.085117588,33.20833428800001],[131.086035344,33.209542595],[131.086471738,33.21037591],[131.086964514,33.211050342],[131.087165629,33.212055604],[131.0875,33.21261809481137],[131.0875,33.20833333333334],[131.085117588,33.20833428800001]]]}},{"type":"Feature","id":"44462:49316057","properties":{"id":"44462:49316057","meshCode":"49316057","cityCode":"44462","city":"玖珠町","lat":33.2125,"lon":131.09375,"areaKm2":1.0534863,"populated2020":true,"population2020":null,"populationNote":"境界またぎ・収録外等のため自治体内人口は未集計"},"geometry":{"type":"Polygon","coordinates":[[[131.0875,33.20833333333334],[131.08759175100002,33.21353336],[131.087902036,33.214171685],[131.08808843100002,33.214834721],[131.088298431,33.215155829],[131.088659533,33.215344432],[131.088726485,33.21547027],[131.088699261,33.215744153],[131.088409818,33.216279423],[131.0880084822369,33.21666666666667],[131.1,33.216666666666676],[131.1,33.20833333333334],[131.0875,33.20833333333334]]]}},{"type":"Feature","id":"44462:49316058","properties":{"id":"44462:49316058","meshCode":"49316058","cityCode":"44462","city":"玖珠町","lat":33.2125,"lon":131.10625,"areaKm2":1.077064,"populated2020":false,"population2020":null,"populationNote":"境界またぎ・収録外等のため自治体内人口は未集計"},"geometry":{"type":"Polygon","coordinates":[[[131.1,33.20833333333334],[131.1,33.216666666666676],[131.1125,33.216666666666676],[131.1125,33.20833333333334],[131.1,33.20833333333334]]]}},{"type":"Feature","id":"44462:49316059","properties":{"id":"44462:49316059","meshCode":"49316059","cityCode":"44462","city":"玖珠町","lat":33.2125,"lon":131.11875,"areaKm2":0.9456782,"populated2020":false,"population2020":null,"populationNote":"境界またぎ・収録外等のため自治体内人口は未集計"},"geometry":{"type":"Polygon","coordinates":[[[131.12437856,33.215966712000004],[131.123699092,33.213841432],[131.122799896,33.20977449499999],[131.12273489,33.20889226999999],[131.12255370904415,33.208333333333336],[131.1125,33.20833333333334],[131.1125,33.216666666666676],[131.12492653673903,33.21666666666667],[131.12437856,33.215966712000004]]]}},{"type":"Feature","id":"44462:49316066","properties":{"id":"44462:49316066","meshCode":"49316066","cityCode":"44462","city":"玖珠町","lat":33.2249533,"lon":131.0874951,"areaKm2":9.5e-06,"populated2020":false,"population2020":null,"populationNote":"境界またぎ・収録外等のため自治体内人口は未集計"},"geometry":{"type":"Polygon","coordinates":[[[131.087480272,33.225],[131.0875,33.225],[131.0875,33.2249065821936],[131.087480272,33.225]]]}},{"type":"Feature","id":"44462:49316067","properties":{"id":"44462:49316067","meshCode":"49316067","cityCode":"44462","city":"玖珠町","lat":33.2208333,"lon":131.09375,"areaKm2":1.0242208,"populated2020":true,"population2020":null,"populationNote":"境界またぎ・収録外等のため自治体内人口は未集計"},"geometry":{"type":"Polygon","coordinates":[[[131.088008482,33.216666667000005],[131.087965097,33.217102748],[131.08806594,33.217519964],[131.088464267,33.21809524300001],[131.08820399500001,33.21890218],[131.088052607,33.22008022499999],[131.088457328,33.22085744100001],[131.088520104,33.221609387],[131.088419546,33.22197355],[131.087874267,33.22233021600002],[131.087710661,33.222558829],[131.08769594,33.223026324],[131.088062879,33.223757432],[131.088088158,33.224150757000004],[131.08802511,33.22429964900001],[131.087566213,33.224696315],[131.0875,33.225],[131.1,33.22500000000001],[131.1,33.216666666666676],[131.088008482,33.216666667000005]]]}},{"type":"Feature","id":"44462:49316068","properties":{"id":"44462:49316068","meshCode":"49316068","cityCode":"44462","city":"玖珠町","lat":33.2208333,"lon":131.10625,"areaKm2":1.0769634,"populated2020":false,"population2020":null,"populationNote":"境界またぎ・収録外等のため自治体内人口は未集計"},"geometry":{"type":"Polygon","coordinates":[[[131.1,33.216666666666676],[131.1,33.22500000000001],[131.1125,33.225],[131.1125,33.216666666666676],[131.1,33.216666666666676]]]}},{"type":"Feature","id":"44462:49316069","properties":{"id":"44462:49316069","meshCode":"49316069","cityCode":"44462","city":"玖珠町","lat":33.2208333,"lon":131.11875,"areaKm2":1.0769255,"populated2020":false,"population2020":null,"populationNote":"境界またぎ・収録外等のため自治体内人口は未集計"},"geometry":{"type":"Polygon","coordinates":[[[131.124942451,33.21668699100001],[131.1125,33.216666666666676],[131.1125,33.225],[131.125,33.22500000000001],[131.125,33.21676882],[131.124942451,33.21668699100001]]]}},{"type":"Feature","id":"44462:49316160","properties":{"id":"44462:49316160","meshCode":"49316160","cityCode":"44462","city":"玖珠町","lat":33.2206424,"lon":131.1262138,"areaKm2":0.2371566,"populated2020":false,"population2020":null,"populationNote":"境界またぎ・収録外等のため自治体内人口は未集計"},"geometry":{"type":"Polygon","coordinates":[[[131.127618301,33.22096226099999],[131.125,33.21676882],[131.125,33.22500000000001],[131.130848495,33.225],[131.130459326,33.224334676],[131.129451634,33.22325782],[131.127833022,33.22113615300001],[131.127618301,33.22096226099999]]]}},{"type":"Feature","id":"44462:49316076","properties":{"id":"44462:49316076","meshCode":"49316076","cityCode":"44462","city":"玖珠町","lat":33.2325275,"lon":131.0871657,"areaKm2":0.0144626,"populated2020":true,"population2020":null,"populationNote":"境界またぎ・収録外等のため自治体内人口は未集計"},"geometry":{"type":"MultiPolygon","coordinates":[[[[131.087480104,33.225000757],[131.087421219,33.225588811],[131.087052049,33.226088532000006],[131.087022607,33.226359360000004],[131.0875,33.22731307518929],[131.087480104,33.225000757]]],[[[131.0875,33.231600808391256],[131.086802049,33.23259209],[131.08677677,33.23294959500001],[131.0869270431598,33.233333333333334],[131.0875,33.233333333333334],[131.0875,33.231600808391256]]]]}},{"type":"Feature","id":"44462:49316077","properties":{"id":"44462:49316077","meshCode":"49316077","cityCode":"44462","city":"玖珠町","lat":33.2291667,"lon":131.09375,"areaKm2":1.07357,"populated2020":false,"population2020":null,"populationNote":"境界またぎ・収録外等のため自治体内人口は未集計"},"geometry":{"type":"Polygon","coordinates":[[[131.087504825,33.227323242999994],[131.087584553,33.227617964],[131.087523995,33.228708514000004],[131.087662322,33.229942386999994],[131.087528158,33.230345171],[131.087628716,33.23105127],[131.087611777,33.231362378],[131.0875,33.231600808391256],[131.0875,33.233333333333334],[131.1,33.233333333333334],[131.1,33.22500000000001],[131.0875,33.225],[131.087504825,33.227323242999994]]]}},{"type":"Feature","id":"44462:49316078","properties":{"id":"44462:49316078","meshCode":"49316078","cityCode":"44462","city":"玖珠町","lat":33.2291667,"lon":131.10625,"areaKm2":1.0768627,"populated2020":false,"population2020":null,"populationNote":"境界またぎ・収録外等のため自治体内人口は未集計"},"geometry":{"type":"Polygon","coordinates":[[[131.1,33.22500000000001],[131.1,33.233333333333334],[131.1125,33.23333333333334],[131.1125,33.225],[131.1,33.22500000000001]]]}},{"type":"Feature","id":"44462:49316079","properties":{"id":"44462:49316079","meshCode":"49316079","cityCode":"44462","city":"玖珠町","lat":33.2291667,"lon":131.11875,"areaKm2":1.0768627,"populated2020":false,"population2020":null,"populationNote":"境界またぎ・収録外等のため自治体内人口は未集計"},"geometry":{"type":"Polygon","coordinates":[[[131.1125,33.225],[131.1125,33.23333333333334],[131.125,33.233333333333334],[131.125,33.22500000000001],[131.1125,33.225]]]}},{"type":"Feature","id":"44462:49316170","properties":{"id":"44462:49316170","meshCode":"49316170","cityCode":"44462","city":"玖珠町","lat":33.2291667,"lon":131.13125,"areaKm2":0.7531183,"populated2020":false,"population2020":null,"populationNote":"境界またぎ・収録外等のため自治体内人口は未集計"},"geometry":{"type":"Polygon","coordinates":[[[131.1375,33.2325553897272],[131.137011595,33.23223863100001],[131.136093268,33.231124189],[131.135272166,33.230304748],[131.134497173,33.22968891],[131.131836057,33.228299748],[131.131359118,33.227951694000005],[131.131251621,33.227777802],[131.131132464,33.22674336],[131.130959689,33.22626364],[131.130848495,33.225],[131.125,33.22500000000001],[131.125,33.233333333333334],[131.1375,33.233333333333334],[131.1375,33.2325553897272]]]}},{"type":"Feature","id":"44462:49316171","properties":{"id":"44462:49316171","meshCode":"49316171","cityCode":"44462","city":"玖珠町","lat":33.2329206,"lon":131.137776,"areaKm2":0.0046889,"populated2020":false,"population2020":null,"populationNote":"境界またぎ・収録外等のため自治体内人口は未集計"},"geometry":{"type":"Polygon","coordinates":[[[131.138646342,33.233333333],[131.13826965,33.233056964000006],[131.1375,33.2325553897272],[131.1375,33.233333333333334],[131.138646342,33.233333333]]]}},{"type":"Feature","id":"44462:49316086","properties":{"id":"44462:49316086","meshCode":"49316086","cityCode":"44462","city":"玖珠町","lat":33.2413944,"lon":131.0867292,"areaKm2":0.0147265,"populated2020":true,"population2020":null,"populationNote":"境界またぎ・収録外等のため自治体内人口は未集計"},"geometry":{"type":"MultiPolygon","coordinates":[[[[131.08692738,33.233334036],[131.08713343700003,33.233723198],[131.087242607,33.234362901],[131.0875,33.23466174003256],[131.0875,33.233333333333334],[131.08692738,33.233334036]]],[[[131.08748013,33.240983613],[131.086468184,33.24101250500001],[131.08563361939622,33.24166666666667],[131.0875,33.24166666666667],[131.08748013,33.240983613]]]]}},{"type":"Feature","id":"44462:49316087","properties":{"id":"44462:49316087","meshCode":"49316087","cityCode":"44462","city":"玖珠町","lat":33.2375,"lon":131.09375,"areaKm2":0.9635291,"populated2020":true,"population2020":null,"populationNote":"境界またぎ・収録外等のため自治体内人口は未集計"},"geometry":{"type":"Polygon","coordinates":[[[131.0875,33.23466174003256],[131.088033165,33.235080108],[131.088234553,33.235388162],[131.088867613,33.235772874],[131.089385668,33.236387865000005],[131.089759274,33.236460919],[131.090132892,33.236672586],[131.090690104,33.237426739],[131.090690117,33.237539234],[131.089886498,33.238530604000005],[131.089658171,33.239231153],[131.089393735,33.23942975700001],[131.088500402,33.239796973],[131.087839857,33.24087000000001],[131.0875,33.24098327237607],[131.0875,33.24166666666667],[131.1,33.24166666666667],[131.1,33.233333333333334],[131.0875,33.233333333333334],[131.0875,33.23466174003256]]]}},{"type":"Feature","id":"44462:49316088","properties":{"id":"44462:49316088","meshCode":"49316088","cityCode":"44462","city":"玖珠町","lat":33.2375,"lon":131.10625,"areaKm2":1.076762,"populated2020":false,"population2020":null,"populationNote":"境界またぎ・収録外等のため自治体内人口は未集計"},"geometry":{"type":"Polygon","coordinates":[[[131.1,33.233333333333334],[131.1,33.24166666666667],[131.1125,33.241666666666674],[131.1125,33.23333333333334],[131.1,33.233333333333334]]]}},{"type":"Feature","id":"44462:49316089","properties":{"id":"44462:49316089","meshCode":"49316089","cityCode":"44462","city":"玖珠町","lat":33.2375,"lon":131.11875,"areaKm2":1.076762,"populated2020":false,"population2020":null,"populationNote":"境界またぎ・収録外等のため自治体内人口は未集計"},"geometry":{"type":"Polygon","coordinates":[[[131.1125,33.23333333333334],[131.1125,33.241666666666674],[131.125,33.24166666666667],[131.125,33.233333333333334],[131.1125,33.23333333333334]]]}},{"type":"Feature","id":"44462:49316180","properties":{"id":"44462:49316180","meshCode":"49316180","cityCode":"44462","city":"玖珠町","lat":33.2375,"lon":131.13125,"areaKm2":1.076762,"populated2020":false,"population2020":null,"populationNote":"境界またぎ・収録外等のため自治体内人口は未集計"},"geometry":{"type":"Polygon","coordinates":[[[131.125,33.233333333333334],[131.125,33.24166666666667],[131.1375,33.24166666666667],[131.1375,33.233333333333334],[131.125,33.233333333333334]]]}},{"type":"Feature","id":"44462:49316181","properties":{"id":"44462:49316181","meshCode":"49316181","cityCode":"44462","city":"玖珠町","lat":33.2375,"lon":131.14375,"areaKm2":0.4729308,"populated2020":false,"population2020":null,"populationNote":"境界またぎ・収録外等のため自治体内人口は未集計"},"geometry":{"type":"Polygon","coordinates":[[[131.14453993499774,33.24166666666667],[131.144397639,33.240029721],[131.144439598,33.23937473],[131.144129598,33.238669171],[131.144088223,33.237545568],[131.143796835,33.236711685],[131.143367665,33.236424739],[131.142598508,33.23622251399999],[131.141966563,33.235865297],[131.141751842,33.235700568],[131.141182127,33.234935018],[131.140776576,33.234596405],[131.139447419,33.233909739],[131.13864634245482,33.233333333333334],[131.1375,33.233333333333334],[131.1375,33.24166666666667],[131.14453993499774,33.24166666666667]]]}},{"type":"Feature","id":"44462:49316095","properties":{"id":"44462:49316095","meshCode":"49316095","cityCode":"44462","city":"玖珠町","lat":33.2484994,"lon":131.0742372,"areaKm2":0.0548534,"populated2020":false,"population2020":null,"populationNote":"境界またぎ・収録外等のため自治体内人口は未集計"},"geometry":{"type":"Polygon","coordinates":[[[131.074947393,33.247064432],[131.074432399,33.247179982],[131.073748223,33.247659973],[131.073597121,33.247960532],[131.073605733,33.248387468000004],[131.073407393,33.248539134999994],[131.07274406,33.248780793],[131.072748236,33.24917273900001],[131.071822659,33.24999999999999],[131.075,33.25],[131.074947393,33.247064432]]]}},{"type":"Feature","id":"44462:49316096","properties":{"id":"44462:49316096","meshCode":"49316096","cityCode":"44462","city":"玖珠町","lat":33.2458333,"lon":131.08125,"areaKm2":0.7041401,"populated2020":true,"population2020":null,"populationNote":"境界またぎ・収録外等のため自治体内人口は未集計"},"geometry":{"type":"Polygon","coordinates":[[[131.085633619,33.241666667000004],[131.085244034,33.242018044999995],[131.085071803,33.242339162],[131.084698197,33.242647216],[131.08421987,33.242835829],[131.083705149,33.24267027],[131.083474306,33.242699991],[131.083151258,33.24279944100001],[131.082974864,33.242958324],[131.083004034,33.243416099],[131.082303476,33.244027765999995],[131.082324591,33.244286099],[131.082565694,33.24489582000001],[131.082335136,33.245882198000004],[131.08218374800003,33.24604442300001],[131.081974306,33.246001369],[131.081806252,33.245859144],[131.081657925,33.245548595],[131.081418482,33.245303595],[131.08070570700002,33.245052486],[131.080399313,33.245042766],[131.080193761,33.24509887399999],[131.079904591,33.245369712],[131.079787095,33.24589943200001],[131.079399326,33.246171649],[131.079109598,33.246188315000005],[131.078687095,33.246056378],[131.078112101,33.245728604],[131.077612659,33.24573527],[131.077390156,33.245827766],[131.077175992,33.246076099],[131.077138495,33.246373595],[131.077319053,33.246810540999995],[131.077251829,33.246879982],[131.077138495,33.246926369],[131.076336835,33.24686276600001],[131.075920999,33.246985261000006],[131.075,33.247060604],[131.075,33.25],[131.0875,33.25],[131.0875,33.24166666666667],[131.085633619,33.241666667000004]]]}},{"type":"Feature","id":"44462:49316097","properties":{"id":"44462:49316097","meshCode":"49316097","cityCode":"44462","city":"玖珠町","lat":33.2458333,"lon":131.09375,"areaKm2":1.0766613,"populated2020":true,"population2020":null,"populationNote":"境界またぎ・収録外等のため自治体内人口は未集計"},"geometry":{"type":"Polygon","coordinates":[[[131.0875,33.24166666666667],[131.0875,33.25],[131.1,33.25],[131.1,33.24166666666667],[131.0875,33.24166666666667]]]}},{"type":"Feature","id":"44462:49316098","properties":{"id":"44462:49316098","meshCode":"49316098","cityCode":"44462","city":"玖珠町","lat":33.2458333,"lon":131.10625,"areaKm2":1.0766613,"populated2020":false,"population2020":null,"populationNote":"境界またぎ・収録外等のため自治体内人口は未集計"},"geometry":{"type":"Polygon","coordinates":[[[131.1,33.24166666666667],[131.1,33.25],[131.1125,33.24999999999999],[131.1125,33.241666666666674],[131.1,33.24166666666667]]]}},{"type":"Feature","id":"44462:49316099","properties":{"id":"44462:49316099","meshCode":"49316099","cityCode":"44462","city":"玖珠町","lat":33.2458333,"lon":131.11875,"areaKm2":1.0766613,"populated2020":false,"population2020":null,"populationNote":"境界またぎ・収録外等のため自治体内人口は未集計"},"geometry":{"type":"Polygon","coordinates":[[[131.1125,33.241666666666674],[131.1125,33.24999999999999],[131.125,33.25],[131.125,33.24166666666667],[131.1125,33.241666666666674]]]}},{"type":"Feature","id":"44462:49316190","properties":{"id":"44462:49316190","meshCode":"49316190","cityCode":"44462","city":"玖珠町","lat":33.2458333,"lon":131.13125,"areaKm2":1.0766613,"populated2020":false,"population2020":null,"populationNote":"境界またぎ・収録外等のため自治体内人口は未集計"},"geometry":{"type":"Polygon","coordinates":[[[131.125,33.24166666666667],[131.125,33.25],[131.1375,33.25],[131.1375,33.24166666666667],[131.125,33.24166666666667]]]}},{"type":"Feature","id":"44462:49316191","properties":{"id":"44462:49316191","meshCode":"49316191","cityCode":"44462","city":"玖珠町","lat":33.2458333,"lon":131.14375,"areaKm2":0.6454214,"populated2020":false,"population2020":null,"populationNote":"境界またぎ・収録外等のため自治体内人口は未集計"},"geometry":{"type":"Polygon","coordinates":[[[131.147662023,33.249758576999994],[131.147232866,33.249453026999994],[131.147089805,33.249067468],[131.146684254,33.248550243],[131.146475642,33.248381081],[131.145273709,33.24777274800001],[131.144945927,33.247490523],[131.144892322,33.24699664],[131.144075668,33.245360252],[131.143968171,33.245054423],[131.143938729,33.243558036],[131.14402262,33.24316304500001],[131.144528742,33.24199027],[131.14453993499774,33.24166666666667],[131.1375,33.24166666666667],[131.1375,33.25],[131.148255447,33.25000000000001],[131.147662023,33.249758576999994]]]}},{"type":"Feature","id":"44462:49316293","properties":{"id":"44462:49316293","meshCode":"49316293","cityCode":"44462","city":"玖珠町","lat":33.2499268,"lon":131.2950153,"areaKm2":0.0002364,"populated2020":false,"population2020":null,"populationNote":"境界またぎ・収録外等のため自治体内人口は未集計"},"geometry":{"type":"Polygon","coordinates":[[[131.295074176,33.24985358600001],[131.294800104,33.25000000000001],[131.295112594,33.25],[131.295074176,33.24985358600001]]]}},{"type":"Feature","id":"44462:49317005","properties":{"id":"44462:49317005","meshCode":"49317005","cityCode":"44462","city":"玖珠町","lat":33.2541313,"lon":131.072968,"areaKm2":0.3466639,"populated2020":true,"population2020":null,"populationNote":"境界またぎ・収録外等のため自治体内人口は未集計"},"geometry":{"type":"Polygon","coordinates":[[[131.071822257,33.25000050500001],[131.071577678,33.250356613],[131.071464617,33.250835775000006],[131.071561012,33.25137160399999],[131.071538236,33.251996315],[131.071651556,33.25236381999999],[131.071588223,33.252817982],[131.071259624,33.253688802],[131.07066406,33.254537126],[131.070539896,33.254994063000005],[131.070669896,33.25695849499999],[131.070602672,33.257142108],[131.070214345,33.257521541],[131.06960470766353,33.25833333333333],[131.075,33.25833333333333],[131.075,33.25],[131.071822257,33.25000050500001]]]}},{"type":"Feature","id":"44462:49317006","properties":{"id":"44462:49317006","meshCode":"49317006","cityCode":"44462","city":"玖珠町","lat":33.2541667,"lon":131.08125,"areaKm2":1.0765606,"populated2020":false,"population2020":null,"populationNote":"境界またぎ・収録外等のため自治体内人口は未集計"},"geometry":{"type":"Polygon","coordinates":[[[131.075,33.25],[131.075,33.25833333333333],[131.0875,33.25833333333333],[131.0875,33.25],[131.075,33.25]]]}},{"type":"Feature","id":"44462:49317007","properties":{"id":"44462:49317007","meshCode":"49317007","cityCode":"44462","city":"玖珠町","lat":33.2541667,"lon":131.09375,"areaKm2":1.0765606,"populated2020":false,"population2020":null,"populationNote":"境界またぎ・収録外等のため自治体内人口は未集計"},"geometry":{"type":"Polygon","coordinates":[[[131.0875,33.25],[131.0875,33.25833333333333],[131.1,33.25833333333333],[131.1,33.25],[131.0875,33.25]]]}},{"type":"Feature","id":"44462:49317008","properties":{"id":"44462:49317008","meshCode":"49317008","cityCode":"44462","city":"玖珠町","lat":33.2541667,"lon":131.10625,"areaKm2":1.0765606,"populated2020":false,"population2020":null,"populationNote":"境界またぎ・収録外等のため自治体内人口は未集計"},"geometry":{"type":"Polygon","coordinates":[[[131.1,33.25],[131.1,33.25833333333333],[131.1125,33.25833333333333],[131.1125,33.24999999999999],[131.1,33.25]]]}},{"type":"Feature","id":"44462:49317009","properties":{"id":"44462:49317009","meshCode":"49317009","cityCode":"44462","city":"玖珠町","lat":33.2541667,"lon":131.11875,"areaKm2":1.0765606,"populated2020":false,"population2020":null,"populationNote":"境界またぎ・収録外等のため自治体内人口は未集計"},"geometry":{"type":"Polygon","coordinates":[[[131.1125,33.24999999999999],[131.1125,33.25833333333333],[131.125,33.25833333333333],[131.125,33.25],[131.1125,33.24999999999999]]]}},{"type":"Feature","id":"44462:49317100","properties":{"id":"44462:49317100","meshCode":"49317100","cityCode":"44462","city":"玖珠町","lat":33.2541667,"lon":131.13125,"areaKm2":1.0765606,"populated2020":false,"population2020":null,"populationNote":"境界またぎ・収録外等のため自治体内人口は未集計"},"geometry":{"type":"Polygon","coordinates":[[[131.125,33.25],[131.125,33.25833333333333],[131.1375,33.25833333333333],[131.1375,33.25],[131.125,33.25]]]}},{"type":"Feature","id":"44462:49317101","properties":{"id":"44462:49317101","meshCode":"49317101","cityCode":"44462","city":"玖珠町","lat":33.2541667,"lon":131.14375,"areaKm2":1.0700951,"populated2020":true,"population2020":null,"populationNote":"境界またぎ・収録外等のため自治体内人口は未集計"},"geometry":{"type":"Polygon","coordinates":[[[131.15,33.250889918999995],[131.149456472,33.250468577],[131.148255447,33.25000000000001],[131.1375,33.25],[131.1375,33.25833333333333],[131.15,33.25833333333333],[131.15,33.250889918999995]]]}},{"type":"Feature","id":"44462:49317102","properties":{"id":"44462:49317102","meshCode":"49317102","cityCode":"44462","city":"玖珠町","lat":33.2541667,"lon":131.15625,"areaKm2":0.5966741,"populated2020":true,"population2020":null,"populationNote":"境界またぎ・収録外等のため自治体内人口は未集計"},"geometry":{"type":"Polygon","coordinates":[[[131.162472581,33.255251027],[131.161834527,33.25505602700001],[131.160612581,33.254997135],[131.159217302,33.254606027],[131.158663696,33.254328811],[131.156922023,33.253019099],[131.156394527,33.252886045000004],[131.156123139,33.252894099],[131.155424799,33.253399928],[131.15438786,33.25373992800001],[131.153923969,33.25380075699999],[131.153595357,33.253744927999996],[131.153247575,33.25359771200001],[131.152714241,33.25317826999999],[131.152386472,33.25301854999999],[131.15167674400004,33.25294327],[131.151492296,33.25284910799999],[131.151200078,33.252496613],[131.150311751,33.25201689199999],[131.150067302,33.25181939600001],[131.150001751,33.25166884699999],[131.150085084,33.251156351],[131.15,33.250889918999995],[131.15,33.25833333333333],[131.1625,33.25833333333333],[131.162472581,33.255251027]]]}},{"type":"Feature","id":"44462:49317103","properties":{"id":"44462:49317103","meshCode":"49317103","cityCode":"44462","city":"玖珠町","lat":33.2568106,"lon":131.1654148,"areaKm2":0.1871809,"populated2020":true,"population2020":null,"populationNote":"境界またぎ・収録外等のため自治体内人口は未集計"},"geometry":{"type":"Polygon","coordinates":[[[131.168699663,33.258333333],[131.168027575,33.25561436],[131.167712023,33.255047694],[131.163527575,33.255338243000004],[131.162811193,33.255332964],[131.1625,33.255258629806626],[131.1625,33.25833333333333],[131.168699663,33.258333333]]]}},{"type":"Feature","id":"44462:49317203","properties":{"id":"44462:49317203","meshCode":"49317203","cityCode":"44462","city":"玖珠町","lat":33.2541667,"lon":131.29375,"areaKm2":0.3046474,"populated2020":false,"population2020":null,"populationNote":"境界またぎ・収録外等のため自治体内人口は未集計"},"geometry":{"type":"Polygon","coordinates":[[[131.295921984,33.258333333],[131.296016667,33.257371622],[131.295896667,33.256448568],[131.295781388,33.256224676],[131.296038885,33.255922459],[131.296007782,33.255209126],[131.295407224,33.25334357700001],[131.295247497,33.25238329700001],[131.294798898,33.25093497300001],[131.29513751,33.250094973],[131.295112594,33.25],[131.294800104,33.25000000000001],[131.294289455,33.250365252],[131.293804176,33.250889135],[131.292973606,33.25216302700001],[131.29243166,33.253343577],[131.292029442,33.254583296999996],[131.291406109,33.25555191],[131.291063048,33.256593018],[131.29072,33.256998577],[131.29015,33.257233847],[131.289669442,33.257586072],[131.2889462517808,33.25833333333333],[131.295921984,33.258333333]]]}},{"type":"Feature","id":"44462:49317013","properties":{"id":"44462:49317013","meshCode":"49317013","cityCode":"44462","city":"玖珠町","lat":33.2625,"lon":131.04375,"areaKm2":0.7204149,"populated2020":false,"population2020":null,"populationNote":"境界またぎ・収録外等のため自治体内人口は未集計"},"geometry":{"type":"Polygon","coordinates":[[[131.049843606,33.259428377999996],[131.049167782,33.259189486],[131.04834834,33.25916836900001],[131.047390571,33.25919170299999],[131.045302244,33.259416694],[131.044209196,33.259366126],[131.042278366,33.259046955],[131.041390869,33.25879945900001],[131.041128651,33.263539973],[131.040988923,33.264011360000005],[131.040678366,33.264417468],[131.040141154,33.264885234],[131.0391531,33.265529676],[131.038576991,33.266161882999995],[131.03827522719928,33.26666666666667],[131.05,33.266666666666666],[131.05,33.259554847],[131.049843606,33.259428377999996]]]}},{"type":"Feature","id":"44462:49317014","properties":{"id":"44462:49317014","meshCode":"49317014","cityCode":"44462","city":"玖珠町","lat":33.2625,"lon":131.05625,"areaKm2":0.5640459,"populated2020":true,"population2020":null,"populationNote":"境界またぎ・収録外等のため自治体内人口は未集計"},"geometry":{"type":"Polygon","coordinates":[[[131.0625,33.2649411689434],[131.059561608,33.265315874],[131.058816887,33.26521976600001],[131.058577717,33.265063649000005],[131.05837939,33.264813378],[131.058265785,33.26434254099999],[131.058277717,33.263835045],[131.058421336,33.263439216],[131.058272451,33.262847],[131.058319118,33.261463125999995],[131.058225785,33.26084340500001],[131.057917173,33.26024285599999],[131.05762856,33.259985631],[131.057092451,33.259801739000004],[131.056868016,33.25980868500001],[131.055697471,33.260157568],[131.055169961,33.260382838],[131.054216913,33.26103727],[131.053312477,33.261543378000006],[131.052359144,33.261931423],[131.051541089,33.26213586499999],[131.051173878,33.261970306],[131.050899987,33.261630306],[131.050707484,33.26126975700001],[131.050484163,33.260458369000006],[131.05,33.259554847],[131.05,33.266666666666666],[131.0625,33.26666666666667],[131.0625,33.2649411689434]]]}},{"type":"Feature","id":"44462:49317015","properties":{"id":"44462:49317015","meshCode":"49317015","cityCode":"44462","city":"玖珠町","lat":33.2624066,"lon":131.0719877,"areaKm2":0.6228379,"populated2020":true,"population2020":null,"populationNote":"境界またぎ・収録外等のため自治体内人口は未集計"},"geometry":{"type":"Polygon","coordinates":[[[131.06960428,33.258333757],[131.069323787,33.258616532000005],[131.069076291,33.259752909999996],[131.068656835,33.261085955],[131.06872323,33.261816784000004],[131.068848508,33.26216178399999],[131.06965072600002,33.263669829],[131.069660999,33.264171775],[131.069495162,33.264498153000005],[131.06938655,33.26457565799999],[131.068579611,33.264716486],[131.068460999,33.264811207],[131.068151284,33.26487342299999],[131.067930726,33.265116477],[131.067731556,33.26514425199999],[131.067007406,33.26497591900001],[131.065195188,33.265102577],[131.064448807,33.264879793],[131.0625,33.2649411689434],[131.0625,33.26666666666667],[131.075,33.266666666666666],[131.075,33.25833333333333],[131.06960428,33.258333757]]]}},{"type":"Feature","id":"44462:49317016","properties":{"id":"44462:49317016","meshCode":"49317016","cityCode":"44462","city":"玖珠町","lat":33.2625,"lon":131.08125,"areaKm2":1.0764598,"populated2020":true,"population2020":null,"populationNote":"境界またぎ・収録外等のため自治体内人口は未集計"},"geometry":{"type":"Polygon","coordinates":[[[131.075,33.25833333333333],[131.075,33.266666666666666],[131.0875,33.26666666666666],[131.0875,33.25833333333333],[131.075,33.25833333333333]]]}},{"type":"Feature","id":"44462:49317017","properties":{"id":"44462:49317017","meshCode":"49317017","cityCode":"44462","city":"玖珠町","lat":33.2625,"lon":131.09375,"areaKm2":1.0764598,"populated2020":false,"population2020":null,"populationNote":"境界またぎ・収録外等のため自治体内人口は未集計"},"geometry":{"type":"Polygon","coordinates":[[[131.0875,33.25833333333333],[131.0875,33.26666666666666],[131.1,33.266666666666666],[131.1,33.25833333333333],[131.0875,33.25833333333333]]]}},{"type":"Feature","id":"44462:49317018","properties":{"id":"44462:49317018","meshCode":"49317018","cityCode":"44462","city":"玖珠町","lat":33.2625,"lon":131.10625,"areaKm2":1.0764598,"populated2020":false,"population2020":null,"populationNote":"境界またぎ・収録外等のため自治体内人口は未集計"},"geometry":{"type":"Polygon","coordinates":[[[131.1,33.25833333333333],[131.1,33.266666666666666],[131.1125,33.266666666666666],[131.1125,33.25833333333333],[131.1,33.25833333333333]]]}},{"type":"Feature","id":"44462:49317019","properties":{"id":"44462:49317019","meshCode":"49317019","cityCode":"44462","city":"玖珠町","lat":33.2625,"lon":131.11875,"areaKm2":1.0764598,"populated2020":true,"population2020":null,"populationNote":"境界またぎ・収録外等のため自治体内人口は未集計"},"geometry":{"type":"Polygon","coordinates":[[[131.1125,33.25833333333333],[131.1125,33.266666666666666],[131.125,33.26666666666668],[131.125,33.25833333333333],[131.1125,33.25833333333333]]]}},{"type":"Feature","id":"44462:49317110","properties":{"id":"44462:49317110","meshCode":"49317110","cityCode":"44462","city":"玖珠町","lat":33.2625,"lon":131.13125,"areaKm2":1.0764598,"populated2020":true,"population2020":null,"populationNote":"境界またぎ・収録外等のため自治体内人口は未集計"},"geometry":{"type":"Polygon","coordinates":[[[131.125,33.25833333333333],[131.125,33.26666666666668],[131.1375,33.26666666666667],[131.1375,33.25833333333333],[131.125,33.25833333333333]]]}},{"type":"Feature","id":"44462:49317111","properties":{"id":"44462:49317111","meshCode":"49317111","cityCode":"44462","city":"玖珠町","lat":33.2625,"lon":131.14375,"areaKm2":1.0764598,"populated2020":true,"population2020":null,"populationNote":"境界またぎ・収録外等のため自治体内人口は未集計"},"geometry":{"type":"Polygon","coordinates":[[[131.1375,33.25833333333333],[131.1375,33.26666666666667],[131.15,33.266666666666666],[131.15,33.25833333333333],[131.1375,33.25833333333333]]]}},{"type":"Feature","id":"44462:49317112","properties":{"id":"44462:49317112","meshCode":"49317112","cityCode":"44462","city":"玖珠町","lat":33.2625,"lon":131.15625,"areaKm2":1.0764598,"populated2020":true,"population2020":227.5065,"populationNote":"2020年基準人口（国交省調整値）"},"geometry":{"type":"Polygon","coordinates":[[[131.15,33.25833333333333],[131.15,33.266666666666666],[131.1625,33.266666666666666],[131.1625,33.25833333333333],[131.15,33.25833333333333]]]}},{"type":"Feature","id":"44462:49317113","properties":{"id":"44462:49317113","meshCode":"49317113","cityCode":"44462","city":"玖珠町","lat":33.2625,"lon":131.16875,"areaKm2":0.6683411,"populated2020":true,"population2020":null,"populationNote":"境界またぎ・収録外等のため自治体内人口は未集計"},"geometry":{"type":"Polygon","coordinates":[[[131.172412827,33.266638189],[131.171960324,33.265765414],[131.171087276,33.264444306],[131.169959507,33.262462937],[131.16869966312422,33.25833333333333],[131.1625,33.25833333333333],[131.1625,33.266666666666666],[131.172412827,33.266638189]]]}},{"type":"Feature","id":"44462:49317211","properties":{"id":"44462:49317211","meshCode":"49317211","cityCode":"44462","city":"玖珠町","lat":33.2649346,"lon":131.2739665,"areaKm2":0.0874413,"populated2020":false,"population2020":null,"populationNote":"境界またぎ・収録外等のため自治体内人口は未集計"},"geometry":{"type":"Polygon","coordinates":[[[131.274514994,33.263205252],[131.27248,33.263026649],[131.271686667,33.26315415300001],[131.27118083,33.263136649],[131.271019157,33.26325220700001],[131.271078054,33.26347220700001],[131.271665824,33.26414386500001],[131.272855824,33.264841919],[131.273928054,33.266408865],[131.27403098592308,33.26666666666667],[131.275,33.266666666666666],[131.275,33.263184045],[131.274514994,33.263205252]]]}},{"type":"Feature","id":"44462:49317212","properties":{"id":"44462:49317212","meshCode":"49317212","cityCode":"44462","city":"玖珠町","lat":33.2625,"lon":131.28125,"areaKm2":0.5523012,"populated2020":false,"population2020":null,"populationNote":"境界またぎ・収録外等のため自治体内人口は未集計"},"geometry":{"type":"Polygon","coordinates":[[[131.2875,33.26210790797087],[131.28715332,33.262382459],[131.286855551,33.262446901],[131.28533360600002,33.262281351],[131.283748042,33.262224405],[131.281933048,33.262390243],[131.28146249,33.262547189],[131.280746109,33.262281081],[131.279633606,33.26211080199999],[131.27727249,33.262248027],[131.277056939,33.262359972999995],[131.276875824,33.26268414399999],[131.276611375,33.26286553199999],[131.275,33.263184045],[131.275,33.266666666666666],[131.2875,33.266666666666666],[131.2875,33.26210790797087]]]}},{"type":"Feature","id":"44462:49317213","properties":{"id":"44462:49317213","meshCode":"49317213","cityCode":"44462","city":"玖珠町","lat":33.2625,"lon":131.29375,"areaKm2":0.8511036,"populated2020":false,"population2020":null,"populationNote":"境界またぎ・収録外等のため自治体内人口は未集計"},"geometry":{"type":"Polygon","coordinates":[[[131.30000000000004,33.26554843200002],[131.299177198,33.264839667],[131.29898192,33.264465505],[131.298595811,33.264021613000004],[131.295932218,33.259925225],[131.295839157,33.259519676000004],[131.295981102,33.258921622],[131.2959219840429,33.25833333333333],[131.2889462517808,33.25833333333333],[131.288824721,33.25879607200001],[131.288946381,33.259271351],[131.288907769,33.259358297000006],[131.288409715,33.259567459],[131.28808304800003,33.259851072000004],[131.288016667,33.260134405],[131.288105266,33.261183018],[131.28793360600002,33.261628018],[131.2875,33.26210790797087],[131.2875,33.266666666666666],[131.30000000000004,33.266666666666666],[131.30000000000004,33.26554843200002]]]}},{"type":"Feature","id":"44462:49317214","properties":{"id":"44462:49317214","meshCode":"49317214","cityCode":"44462","city":"玖珠町","lat":33.2661966,"lon":131.3005393,"areaKm2":0.0103268,"populated2020":false,"population2020":null,"populationNote":"境界またぎ・収録外等のため自治体内人口は未集計"},"geometry":{"type":"Polygon","coordinates":[[[131.3016839815612,33.26666666666667],[131.300903307,33.266053260999996],[131.30000000000004,33.26554843200002],[131.30000000000004,33.266666666666666],[131.3016839815612,33.26666666666667]]]}},{"type":"Feature","id":"44462:49317022","properties":{"id":"44462:49317022","meshCode":"49317022","cityCode":"44462","city":"玖珠町","lat":33.2694148,"lon":131.0355472,"areaKm2":0.1216688,"populated2020":true,"population2020":null,"populationNote":"境界またぎ・収録外等のため自治体内人口は未集計"},"geometry":{"type":"Polygon","coordinates":[[[131.037458106,33.267322432],[131.036920324,33.267291315],[131.036596719,33.267391045],[131.033588106,33.268977144000004],[131.033557276,33.269325198],[131.033928664,33.26994409],[131.033998379,33.270556865],[131.034155875,33.27067408999999],[131.034470597,33.270756865],[131.035134202,33.27113825199999],[131.035873087,33.271089919],[131.0375,33.27164903431949],[131.037458106,33.267322432]]]}},{"type":"Feature","id":"44462:49317023","properties":{"id":"44462:49317023","meshCode":"49317023","cityCode":"44462","city":"玖珠町","lat":33.2708333,"lon":131.04375,"areaKm2":0.8988716,"populated2020":true,"population2020":null,"populationNote":"境界またぎ・収録外等のため自治体内人口は未集計"},"geometry":{"type":"Polygon","coordinates":[[[131.038275227,33.26666666700001],[131.037965331,33.26712243200001],[131.037724773,33.267281045],[131.0375,33.26732243200001],[131.0375,33.27164903431949],[131.038355019,33.27199853199999],[131.039251686,33.272105477],[131.03960585,33.272088252],[131.04043918300002,33.271799089999995],[131.042684449,33.27209882],[131.042715006,33.273286035999995],[131.043518327,33.27431408999999],[131.04325048,33.275000000000006],[131.05,33.275],[131.05,33.266666666666666],[131.038275227,33.26666666700001]]]}},{"type":"Feature","id":"44462:49317024","properties":{"id":"44462:49317024","meshCode":"49317024","cityCode":"44462","city":"玖珠町","lat":33.2708333,"lon":131.05625,"areaKm2":1.076359,"populated2020":false,"population2020":null,"populationNote":"境界またぎ・収録外等のため自治体内人口は未集計"},"geometry":{"type":"Polygon","coordinates":[[[131.05,33.266666666666666],[131.05,33.275],[131.0625,33.275000000000006],[131.0625,33.26666666666667],[131.05,33.266666666666666]]]}},{"type":"Feature","id":"44462:49317025","properties":{"id":"44462:49317025","meshCode":"49317025","cityCode":"44462","city":"玖珠町","lat":33.2708333,"lon":131.06875,"areaKm2":1.076359,"populated2020":true,"population2020":null,"populationNote":"境界またぎ・収録外等のため自治体内人口は未集計"},"geometry":{"type":"Polygon","coordinates":[[[131.0625,33.26666666666667],[131.0625,33.275000000000006],[131.075,33.275000000000006],[131.075,33.266666666666666],[131.0625,33.26666666666667]]]}},{"type":"Feature","id":"44462:49317026","properties":{"id":"44462:49317026","meshCode":"49317026","cityCode":"44462","city":"玖珠町","lat":33.2708333,"lon":131.08125,"areaKm2":1.076359,"populated2020":true,"population2020":null,"populationNote":"境界またぎ・収録外等のため自治体内人口は未集計"},"geometry":{"type":"Polygon","coordinates":[[[131.075,33.266666666666666],[131.075,33.275000000000006],[131.0875,33.275],[131.0875,33.26666666666666],[131.075,33.266666666666666]]]}},{"type":"Feature","id":"44462:49317027","properties":{"id":"44462:49317027","meshCode":"49317027","cityCode":"44462","city":"玖珠町","lat":33.2708333,"lon":131.09375,"areaKm2":1.076359,"populated2020":false,"population2020":null,"populationNote":"境界またぎ・収録外等のため自治体内人口は未集計"},"geometry":{"type":"Polygon","coordinates":[[[131.0875,33.26666666666666],[131.0875,33.275],[131.1,33.275000000000006],[131.1,33.266666666666666],[131.0875,33.26666666666666]]]}},{"type":"Feature","id":"44462:49317028","properties":{"id":"44462:49317028","meshCode":"49317028","cityCode":"44462","city":"玖珠町","lat":33.2708333,"lon":131.10625,"areaKm2":1.076359,"populated2020":true,"population2020":null,"populationNote":"境界またぎ・収録外等のため自治体内人口は未集計"},"geometry":{"type":"Polygon","coordinates":[[[131.1,33.266666666666666],[131.1,33.275000000000006],[131.1125,33.275000000000006],[131.1125,33.266666666666666],[131.1,33.266666666666666]]]}},{"type":"Feature","id":"44462:49317029","properties":{"id":"44462:49317029","meshCode":"49317029","cityCode":"44462","city":"玖珠町","lat":33.2708333,"lon":131.11875,"areaKm2":1.076359,"populated2020":true,"population2020":218.4705,"populationNote":"2020年基準人口（国交省調整値）"},"geometry":{"type":"Polygon","coordinates":[[[131.1125,33.266666666666666],[131.1125,33.275000000000006],[131.125,33.275],[131.125,33.26666666666668],[131.1125,33.266666666666666]]]}},{"type":"Feature","id":"44462:49317120","properties":{"id":"44462:49317120","meshCode":"49317120","cityCode":"44462","city":"玖珠町","lat":33.2708333,"lon":131.13125,"areaKm2":1.076359,"populated2020":true,"population2020":null,"populationNote":"境界またぎ・収録外等のため自治体内人口は未集計"},"geometry":{"type":"Polygon","coordinates":[[[131.125,33.26666666666668],[131.125,33.275],[131.1375,33.275],[131.1375,33.26666666666667],[131.125,33.26666666666668]]]}},{"type":"Feature","id":"44462:49317121","properties":{"id":"44462:49317121","meshCode":"49317121","cityCode":"44462","city":"玖珠町","lat":33.2708333,"lon":131.14375,"areaKm2":1.076359,"populated2020":true,"population2020":351.9412,"populationNote":"2020年基準人口（国交省調整値）"},"geometry":{"type":"Polygon","coordinates":[[[131.1375,33.26666666666667],[131.1375,33.275],[131.15,33.275000000000006],[131.15,33.266666666666666],[131.1375,33.26666666666667]]]}},{"type":"Feature","id":"44462:49317122","properties":{"id":"44462:49317122","meshCode":"49317122","cityCode":"44462","city":"玖珠町","lat":33.2708333,"lon":131.15625,"areaKm2":1.076359,"populated2020":true,"population2020":1382.1219,"populationNote":"2020年基準人口（国交省調整値）"},"geometry":{"type":"Polygon","coordinates":[[[131.15,33.266666666666666],[131.15,33.275000000000006],[131.1625,33.275000000000006],[131.1625,33.266666666666666],[131.15,33.266666666666666]]]}},{"type":"Feature","id":"44462:49317123","properties":{"id":"44462:49317123","meshCode":"49317123","cityCode":"44462","city":"玖珠町","lat":33.2708333,"lon":131.16875,"areaKm2":0.8779084,"populated2020":true,"population2020":null,"populationNote":"境界またぎ・収録外等のため自治体内人口は未集計"},"geometry":{"type":"Polygon","coordinates":[[[131.175,33.271797595],[131.174415318,33.271905937],[131.173740882,33.271796216],[131.173537263,33.272285378],[131.172543372,33.272744261],[131.171430039,33.273655369000004],[131.171087536,33.273402315],[131.170355863,33.272491207],[131.17119308700003,33.271289829],[131.171615045,33.27039761299999],[131.172029209,33.26923094600001],[131.172498106,33.26828623400001],[131.172604215,33.267544018],[131.17242075190723,33.266666666666666],[131.1625,33.266666666666666],[131.1625,33.275000000000006],[131.175,33.275000000000006],[131.175,33.271797595]]]}},{"type":"Feature","id":"44462:49317124","properties":{"id":"44462:49317124","meshCode":"49317124","cityCode":"44462","city":"玖珠町","lat":33.2729007,"lon":131.1786789,"areaKm2":0.3237249,"populated2020":true,"population2020":null,"populationNote":"境界またぎ・収録外等のため自治体内人口は未集計"},"geometry":{"type":"Polygon","coordinates":[[[131.185798301,33.275],[131.185764215,33.274668973000004],[131.186506433,33.274211477],[131.186576991,33.273652595],[131.186506433,33.27357481999999],[131.185881712,33.27354509],[131.185552827,33.27341203600001],[131.184321997,33.273490099],[131.183697549,33.273210099],[131.182791154,33.273094541],[131.181298936,33.272306486],[131.180489767,33.272090937],[131.179636433,33.271611775],[131.178137549,33.270995946],[131.177710882,33.27091261299999],[131.176884773,33.27104649500001],[131.175,33.271797595],[131.175,33.275000000000006],[131.185798301,33.275]]]}},{"type":"Feature","id":"44462:49317220","properties":{"id":"44462:49317220","meshCode":"49317220","cityCode":"44462","city":"玖珠町","lat":33.2734173,"lon":131.2605232,"areaKm2":0.1079929,"populated2020":false,"population2020":null,"populationNote":"境界またぎ・収録外等のため自治体内人口は未集計"},"geometry":{"type":"Polygon","coordinates":[[[131.2625,33.27198642437238],[131.26190668,33.27235802700001],[131.26103500600001,33.27255525199999],[131.260740285,33.272769413999995],[131.260436952,33.27287664],[131.259430013,33.27306719800001],[131.258759183,33.273299693999995],[131.257789183,33.27387246799999],[131.257211128,33.274354972999994],[131.257089741,33.27457358600001],[131.257114501,33.275000000000006],[131.2625,33.275],[131.2625,33.27198642437238]]]}},{"type":"Feature","id":"44462:49317221","properties":{"id":"44462:49317221","meshCode":"49317221","cityCode":"44462","city":"玖珠町","lat":33.2707793,"lon":131.2740031,"areaKm2":0.3245129,"populated2020":false,"population2020":null,"populationNote":"境界またぎ・収録外等のため自治体内人口は未集計"},"geometry":{"type":"Polygon","coordinates":[[[131.274030986,33.266666667],[131.274045824,33.267091919],[131.273906109,33.267865523],[131.273502218,33.26827052299999],[131.27334776900003,33.268814414],[131.273076109,33.269138577],[131.272665551,33.269963577],[131.272724449,33.27029940500001],[131.27290083,33.27049052299999],[131.273016381,33.270842459],[131.272892218,33.27135968499999],[131.273071388,33.271816072],[131.272955837,33.272360514],[131.273019442,33.272727180000004],[131.272921115,33.27290190099999],[131.272501946,33.273209404999996],[131.27230917,33.27380912600001],[131.272092218,33.274171341999995],[131.271858054,33.274383009],[131.270955006,33.274664126],[131.270295837,33.27478495500001],[131.269255564,33.27455718],[131.268591673,33.274102180000014],[131.268441388,33.273888017999994],[131.26785751,33.273580514],[131.266894449,33.273331631],[131.266070558,33.273383577],[131.265663061,33.273294964],[131.265352789,33.27295191000001],[131.265118612,33.272526081],[131.264846952,33.272428027],[131.264102231,33.272390243000004],[131.263738067,33.271959694],[131.263553061,33.271599972999994],[131.26333917,33.27158164000001],[131.2625,33.27198642437238],[131.2625,33.275],[131.275,33.275],[131.275,33.266666666666666],[131.274030986,33.266666667]]]}},{"type":"Feature","id":"44462:49317222","properties":{"id":"44462:49317222","meshCode":"49317222","cityCode":"44462","city":"玖珠町","lat":33.2708333,"lon":131.28125,"areaKm2":1.076359,"populated2020":false,"population2020":null,"populationNote":"境界またぎ・収録外等のため自治体内人口は未集計"},"geometry":{"type":"Polygon","coordinates":[[[131.275,33.266666666666666],[131.275,33.275],[131.2875,33.275000000000006],[131.2875,33.266666666666666],[131.275,33.266666666666666]]]}},{"type":"Feature","id":"44462:49317223","properties":{"id":"44462:49317223","meshCode":"49317223","cityCode":"44462","city":"玖珠町","lat":33.2708333,"lon":131.29375,"areaKm2":1.076359,"populated2020":false,"population2020":null,"populationNote":"境界またぎ・収録外等のため自治体内人口は未集計"},"geometry":{"type":"Polygon","coordinates":[[[131.2875,33.266666666666666],[131.2875,33.275000000000006],[131.30000000000004,33.275000000000006],[131.30000000000004,33.266666666666666],[131.2875,33.266666666666666]]]}},{"type":"Feature","id":"44462:49317224","properties":{"id":"44462:49317224","meshCode":"49317224","cityCode":"44462","city":"玖珠町","lat":33.2708333,"lon":131.30625,"areaKm2":0.6988634,"populated2020":false,"population2020":null,"populationNote":"境界またぎ・収録外等のため自治体内人口は未集計"},"geometry":{"type":"Polygon","coordinates":[[[131.3125,33.27394553981944],[131.310141388,33.27183691],[131.307845266,33.270272523],[131.305437756,33.269039532],[131.304496926,33.26835427899999],[131.303274695,33.267825423000005],[131.302338314,33.267206559],[131.3016839815612,33.26666666666667],[131.30000000000004,33.266666666666666],[131.30000000000004,33.275000000000006],[131.3125,33.275000000000006],[131.3125,33.27394553981944]]]}},{"type":"Feature","id":"44462:49317225","properties":{"id":"44462:49317225","meshCode":"49317225","cityCode":"44462","city":"玖珠町","lat":33.2746573,"lon":131.3128792,"areaKm2":0.006111,"populated2020":true,"population2020":null,"populationNote":"境界またぎ・収録外等のため自治体内人口は未集計"},"geometry":{"type":"Polygon","coordinates":[[[131.313626187,33.275],[131.3125,33.27394553981944],[131.3125,33.275000000000006],[131.313626187,33.275]]]}},{"type":"Feature","id":"44462:49317033","properties":{"id":"44462:49317033","meshCode":"49317033","cityCode":"44462","city":"玖珠町","lat":33.2791667,"lon":131.04375,"areaKm2":0.7848501,"populated2020":false,"population2020":null,"populationNote":"境界またぎ・収録外等のため自治体内人口は未集計"},"geometry":{"type":"Polygon","coordinates":[[[131.043250441,33.275000198],[131.043229442,33.275371865],[131.043387211,33.27606964],[131.043898872,33.276689919000006],[131.044095824,33.277062134999994],[131.04392025900003,33.277756585999995],[131.043828586,33.277784081],[131.043469987,33.277653252000015],[131.043128872,33.277714919],[131.042398599,33.27751852299999],[131.042026926,33.27754963999999],[131.041041375,33.27742241399999],[131.040862218,33.277412135000006],[131.04048166,33.277536027],[131.039908885,33.27726046800001],[131.039204721,33.27730880200001],[131.039117211,33.277412135],[131.039078042,33.278084081],[131.039550817,33.27969408100001],[131.04023192,33.280650477],[131.039943307,33.280977694],[131.039899416,33.281153532],[131.040210804,33.281981865],[131.039882737,33.28274630599999],[131.03984826223953,33.28333333333333],[131.05,33.28333333333333],[131.05,33.275],[131.043250441,33.275000198]]]}},{"type":"Feature","id":"44462:49317034","properties":{"id":"44462:49317034","meshCode":"49317034","cityCode":"44462","city":"玖珠町","lat":33.2791667,"lon":131.05625,"areaKm2":1.0762582,"populated2020":true,"population2020":null,"populationNote":"境界またぎ・収録外等のため自治体内人口は未集計"},"geometry":{"type":"Polygon","coordinates":[[[131.05,33.275],[131.05,33.28333333333333],[131.0625,33.28333333333333],[131.0625,33.275000000000006],[131.05,33.275]]]}},{"type":"Feature","id":"44462:49317035","properties":{"id":"44462:49317035","meshCode":"49317035","cityCode":"44462","city":"玖珠町","lat":33.2791667,"lon":131.06875,"areaKm2":1.0762582,"populated2020":false,"population2020":null,"populationNote":"境界またぎ・収録外等のため自治体内人口は未集計"},"geometry":{"type":"Polygon","coordinates":[[[131.0625,33.275000000000006],[131.0625,33.28333333333333],[131.075,33.28333333333333],[131.075,33.275000000000006],[131.0625,33.275000000000006]]]}},{"type":"Feature","id":"44462:49317036","properties":{"id":"44462:49317036","meshCode":"49317036","cityCode":"44462","city":"玖珠町","lat":33.2791667,"lon":131.08125,"areaKm2":1.0762582,"populated2020":true,"population2020":null,"populationNote":"境界またぎ・収録外等のため自治体内人口は未集計"},"geometry":{"type":"Polygon","coordinates":[[[131.075,33.275000000000006],[131.075,33.28333333333333],[131.0875,33.28333333333333],[131.0875,33.275],[131.075,33.275000000000006]]]}},{"type":"Feature","id":"44462:49317037","properties":{"id":"44462:49317037","meshCode":"49317037","cityCode":"44462","city":"玖珠町","lat":33.2791667,"lon":131.09375,"areaKm2":1.0762582,"populated2020":true,"population2020":null,"populationNote":"境界またぎ・収録外等のため自治体内人口は未集計"},"geometry":{"type":"Polygon","coordinates":[[[131.0875,33.275],[131.0875,33.28333333333333],[131.1,33.28333333333333],[131.1,33.275000000000006],[131.0875,33.275]]]}},{"type":"Feature","id":"44462:49317038","properties":{"id":"44462:49317038","meshCode":"49317038","cityCode":"44462","city":"玖珠町","lat":33.2791667,"lon":131.10625,"areaKm2":1.0762582,"populated2020":true,"population2020":395.8476,"populationNote":"2020年基準人口（国交省調整値）"},"geometry":{"type":"Polygon","coordinates":[[[131.1,33.275000000000006],[131.1,33.28333333333333],[131.1125,33.28333333333333],[131.1125,33.275000000000006],[131.1,33.275000000000006]]]}},{"type":"Feature","id":"44462:49317039","properties":{"id":"44462:49317039","meshCode":"49317039","cityCode":"44462","city":"玖珠町","lat":33.2791667,"lon":131.11875,"areaKm2":1.0762582,"populated2020":true,"population2020":null,"populationNote":"境界またぎ・収録外等のため自治体内人口は未集計"},"geometry":{"type":"Polygon","coordinates":[[[131.1125,33.275000000000006],[131.1125,33.28333333333333],[131.125,33.28333333333333],[131.125,33.275],[131.1125,33.275000000000006]]]}},{"type":"Feature","id":"44462:49317130","properties":{"id":"44462:49317130","meshCode":"49317130","cityCode":"44462","city":"玖珠町","lat":33.2791667,"lon":131.13125,"areaKm2":1.0762582,"populated2020":true,"population2020":349.7786,"populationNote":"2020年基準人口（国交省調整値）"},"geometry":{"type":"Polygon","coordinates":[[[131.125,33.275],[131.125,33.28333333333333],[131.1375,33.28333333333333],[131.1375,33.275],[131.125,33.275]]]}},{"type":"Feature","id":"44462:49317131","properties":{"id":"44462:49317131","meshCode":"49317131","cityCode":"44462","city":"玖珠町","lat":33.2791667,"lon":131.14375,"areaKm2":1.0762582,"populated2020":true,"population2020":1314.1334,"populationNote":"2020年基準人口（国交省調整値）"},"geometry":{"type":"Polygon","coordinates":[[[131.1375,33.275],[131.1375,33.28333333333333],[131.15,33.28333333333333],[131.15,33.275000000000006],[131.1375,33.275]]]}},{"type":"Feature","id":"44462:49317132","properties":{"id":"44462:49317132","meshCode":"49317132","cityCode":"44462","city":"玖珠町","lat":33.2791667,"lon":131.15625,"areaKm2":1.0762582,"populated2020":true,"population2020":1652.2107,"populationNote":"2020年基準人口（国交省調整値）"},"geometry":{"type":"Polygon","coordinates":[[[131.15,33.275000000000006],[131.15,33.28333333333333],[131.1625,33.28333333333333],[131.1625,33.275000000000006],[131.15,33.275000000000006]]]}},{"type":"Feature","id":"44462:49317133","properties":{"id":"44462:49317133","meshCode":"49317133","cityCode":"44462","city":"玖珠町","lat":33.2791667,"lon":131.16875,"areaKm2":1.0762582,"populated2020":true,"population2020":199.3089,"populationNote":"2020年基準人口（国交省調整値）"},"geometry":{"type":"Polygon","coordinates":[[[131.1625,33.275000000000006],[131.1625,33.28333333333333],[131.175,33.28333333333333],[131.175,33.275000000000006],[131.1625,33.275000000000006]]]}},{"type":"Feature","id":"44462:49317134","properties":{"id":"44462:49317134","meshCode":"49317134","cityCode":"44462","city":"玖珠町","lat":33.2791667,"lon":131.18125,"areaKm2":1.0208878,"populated2020":true,"population2020":null,"populationNote":"境界またぎ・収録外等のため自治体内人口は未集計"},"geometry":{"type":"Polygon","coordinates":[[[131.1875,33.28045754462883],[131.187192815,33.280133396],[131.186907263,33.279367288],[131.185798301,33.275],[131.175,33.275000000000006],[131.175,33.28333333333333],[131.1875,33.28333333333333],[131.1875,33.28045754462883]]]}},{"type":"Feature","id":"44462:49317135","properties":{"id":"44462:49317135","meshCode":"49317135","cityCode":"44462","city":"玖珠町","lat":33.2819156,"lon":131.1888907,"areaKm2":0.105533,"populated2020":true,"population2020":null,"populationNote":"境界またぎ・収録外等のため自治体内人口は未集計"},"geometry":{"type":"MultiPolygon","coordinates":[[[[131.2,33.28236664],[131.198682529,33.283072522999994],[131.19823679543097,33.28333333333333],[131.2,33.28333333333333],[131.2,33.28236664]]],[[[131.195708742,33.28333333300001],[131.193132802,33.28261586499999],[131.191700311,33.28240282000001],[131.191129468,33.28225282],[131.18857725,33.281216162],[131.187895863,33.280815333],[131.1875,33.28045754462883],[131.1875,33.28333333333333],[131.195708742,33.28333333300001]]]]}},{"type":"Feature","id":"44462:49317136","properties":{"id":"44462:49317136","meshCode":"49317136","cityCode":"44462","city":"玖珠町","lat":33.2826417,"lon":131.2014542,"areaKm2":0.0375317,"populated2020":false,"population2020":null,"populationNote":"境界またぎ・収録外等のため自治体内人口は未集計"},"geometry":{"type":"Polygon","coordinates":[[[131.203499663,33.283333333],[131.20333559,33.28291917999999],[131.20200476,33.28206780200001],[131.201657808,33.28199363099999],[131.201298923,33.282016694],[131.200364202,33.28220390999999],[131.2,33.28236664],[131.2,33.28333333333333],[131.203499663,33.283333333]]]}},{"type":"Feature","id":"44462:49317230","properties":{"id":"44462:49317230","meshCode":"49317230","cityCode":"44462","city":"玖珠町","lat":33.2791243,"lon":131.2604525,"areaKm2":0.3324676,"populated2020":false,"population2020":null,"populationNote":"境界またぎ・収録外等のため自治体内人口は未集計"},"geometry":{"type":"Polygon","coordinates":[[[131.257114604,33.275000523],[131.257494734,33.27632052300001],[131.257462789,33.277193577],[131.258476407,33.279289126],[131.258866122,33.27987328799999],[131.259782231,33.280324117000006],[131.260091401,33.280558838],[131.260009183,33.281777999999996],[131.2596314009476,33.28333333333333],[131.2625,33.28333333333333],[131.2625,33.275],[131.257114604,33.275000523]]]}},{"type":"Feature","id":"44462:49317231","properties":{"id":"44462:49317231","meshCode":"49317231","cityCode":"44462","city":"玖珠町","lat":33.2791667,"lon":131.26875,"areaKm2":1.0762582,"populated2020":false,"population2020":null,"populationNote":"境界またぎ・収録外等のため自治体内人口は未集計"},"geometry":{"type":"Polygon","coordinates":[[[131.2625,33.275],[131.2625,33.28333333333333],[131.275,33.28333333333333],[131.275,33.275],[131.2625,33.275]]]}},{"type":"Feature","id":"44462:49317232","properties":{"id":"44462:49317232","meshCode":"49317232","cityCode":"44462","city":"玖珠町","lat":33.2791667,"lon":131.28125,"areaKm2":1.0762582,"populated2020":false,"population2020":null,"populationNote":"境界またぎ・収録外等のため自治体内人口は未集計"},"geometry":{"type":"Polygon","coordinates":[[[131.275,33.275],[131.275,33.28333333333333],[131.2875,33.28333333333333],[131.2875,33.275000000000006],[131.275,33.275]]]}},{"type":"Feature","id":"44462:49317233","properties":{"id":"44462:49317233","meshCode":"49317233","cityCode":"44462","city":"玖珠町","lat":33.2791667,"lon":131.29375,"areaKm2":1.0762582,"populated2020":false,"population2020":null,"populationNote":"境界またぎ・収録外等のため自治体内人口は未集計"},"geometry":{"type":"Polygon","coordinates":[[[131.2875,33.275000000000006],[131.2875,33.28333333333333],[131.30000000000004,33.28333333333333],[131.30000000000004,33.275000000000006],[131.2875,33.275000000000006]]]}},{"type":"Feature","id":"44462:49317234","properties":{"id":"44462:49317234","meshCode":"49317234","cityCode":"44462","city":"玖珠町","lat":33.2791667,"lon":131.30625,"areaKm2":1.0762582,"populated2020":false,"population2020":null,"populationNote":"境界またぎ・収録外等のため自治体内人口は未集計"},"geometry":{"type":"Polygon","coordinates":[[[131.30000000000004,33.275000000000006],[131.30000000000004,33.28333333333333],[131.3125,33.28333333333333],[131.3125,33.275000000000006],[131.30000000000004,33.275000000000006]]]}},{"type":"Feature","id":"44462:49317235","properties":{"id":"44462:49317235","meshCode":"49317235","cityCode":"44462","city":"玖珠町","lat":33.2790182,"lon":131.3152146,"areaKm2":0.4792559,"populated2020":false,"population2020":null,"populationNote":"境界またぎ・収録外等のため自治体内人口は未集計"},"geometry":{"type":"Polygon","coordinates":[[[131.322507315,33.283333333],[131.313626187,33.275],[131.3125,33.275000000000006],[131.3125,33.28333333333333],[131.322507315,33.283333333]]]}},{"type":"Feature","id":"44462:49317043","properties":{"id":"44462:49317043","meshCode":"49317043","cityCode":"44462","city":"玖珠町","lat":33.2875,"lon":131.04375,"areaKm2":0.7878175,"populated2020":true,"population2020":null,"populationNote":"境界またぎ・収録外等のため自治体内人口は未集計"},"geometry":{"type":"Polygon","coordinates":[[[131.039848405,33.283333532],[131.040734955,33.284167144],[131.040796057,33.284463541],[131.040870778,33.28587104499999],[131.040481323,33.286429378],[131.040123268,33.287175495],[131.040324384,33.287402721],[131.040783268,33.287537162],[131.041062983,33.287740215999996],[131.041267704,33.28825521600001],[131.041236861,33.288930505],[131.040904916,33.29019967600001],[131.041119079,33.290709396],[131.04127391677918,33.291666666666664],[131.05,33.29166666666667],[131.05,33.28333333333333],[131.039848405,33.283333532]]]}},{"type":"Feature","id":"44462:49317044","properties":{"id":"44462:49317044","meshCode":"49317044","cityCode":"44462","city":"玖珠町","lat":33.2875,"lon":131.05625,"areaKm2":1.0761574,"populated2020":true,"population2020":null,"populationNote":"境界またぎ・収録外等のため自治体内人口は未集計"},"geometry":{"type":"Polygon","coordinates":[[[131.05,33.28333333333333],[131.05,33.29166666666667],[131.0625,33.29166666666667],[131.0625,33.28333333333333],[131.05,33.28333333333333]]]}},{"type":"Feature","id":"44462:49317045","properties":{"id":"44462:49317045","meshCode":"49317045","cityCode":"44462","city":"玖珠町","lat":33.2875,"lon":131.06875,"areaKm2":1.0761574,"populated2020":true,"population2020":null,"populationNote":"境界またぎ・収録外等のため自治体内人口は未集計"},"geometry":{"type":"Polygon","coordinates":[[[131.0625,33.28333333333333],[131.0625,33.29166666666667],[131.075,33.291666666666664],[131.075,33.28333333333333],[131.0625,33.28333333333333]]]}},{"type":"Feature","id":"44462:49317046","properties":{"id":"44462:49317046","meshCode":"49317046","cityCode":"44462","city":"玖珠町","lat":33.2875,"lon":131.08125,"areaKm2":1.0761574,"populated2020":true,"population2020":106.2268,"populationNote":"2020年基準人口（国交省調整値）"},"geometry":{"type":"Polygon","coordinates":[[[131.075,33.28333333333333],[131.075,33.291666666666664],[131.0875,33.291666666666664],[131.0875,33.28333333333333],[131.075,33.28333333333333]]]}},{"type":"Feature","id":"44462:49317047","properties":{"id":"44462:49317047","meshCode":"49317047","cityCode":"44462","city":"玖珠町","lat":33.2875,"lon":131.09375,"areaKm2":1.0761574,"populated2020":true,"population2020":null,"populationNote":"境界またぎ・収録外等のため自治体内人口は未集計"},"geometry":{"type":"Polygon","coordinates":[[[131.0875,33.28333333333333],[131.0875,33.291666666666664],[131.1,33.291666666666664],[131.1,33.28333333333333],[131.0875,33.28333333333333]]]}},{"type":"Feature","id":"44462:49317048","properties":{"id":"44462:49317048","meshCode":"49317048","cityCode":"44462","city":"玖珠町","lat":33.2875,"lon":131.10625,"areaKm2":1.0761574,"populated2020":true,"population2020":null,"populationNote":"境界またぎ・収録外等のため自治体内人口は未集計"},"geometry":{"type":"Polygon","coordinates":[[[131.1,33.28333333333333],[131.1,33.291666666666664],[131.1125,33.29166666666667],[131.1125,33.28333333333333],[131.1,33.28333333333333]]]}},{"type":"Feature","id":"44462:49317049","properties":{"id":"44462:49317049","meshCode":"49317049","cityCode":"44462","city":"玖珠町","lat":33.2875,"lon":131.11875,"areaKm2":1.0761574,"populated2020":true,"population2020":null,"populationNote":"境界またぎ・収録外等のため自治体内人口は未集計"},"geometry":{"type":"Polygon","coordinates":[[[131.1125,33.28333333333333],[131.1125,33.29166666666667],[131.125,33.291666666666664],[131.125,33.28333333333333],[131.1125,33.28333333333333]]]}},{"type":"Feature","id":"44462:49317140","properties":{"id":"44462:49317140","meshCode":"49317140","cityCode":"44462","city":"玖珠町","lat":33.2875,"lon":131.13125,"areaKm2":1.0761574,"populated2020":true,"population2020":null,"populationNote":"境界またぎ・収録外等のため自治体内人口は未集計"},"geometry":{"type":"Polygon","coordinates":[[[131.125,33.28333333333333],[131.125,33.291666666666664],[131.1375,33.291666666666664],[131.1375,33.28333333333333],[131.125,33.28333333333333]]]}},{"type":"Feature","id":"44462:49317141","properties":{"id":"44462:49317141","meshCode":"49317141","cityCode":"44462","city":"玖珠町","lat":33.2875,"lon":131.14375,"areaKm2":1.0761574,"populated2020":true,"population2020":694.8996,"populationNote":"2020年基準人口（国交省調整値）"},"geometry":{"type":"Polygon","coordinates":[[[131.1375,33.28333333333333],[131.1375,33.291666666666664],[131.15,33.291666666666664],[131.15,33.28333333333333],[131.1375,33.28333333333333]]]}},{"type":"Feature","id":"44462:49317142","properties":{"id":"44462:49317142","meshCode":"49317142","cityCode":"44462","city":"玖珠町","lat":33.2875,"lon":131.15625,"areaKm2":1.0761574,"populated2020":true,"population2020":853.2336,"populationNote":"2020年基準人口（国交省調整値）"},"geometry":{"type":"Polygon","coordinates":[[[131.15,33.28333333333333],[131.15,33.291666666666664],[131.1625,33.291666666666664],[131.1625,33.28333333333333],[131.15,33.28333333333333]]]}},{"type":"Feature","id":"44462:49317143","properties":{"id":"44462:49317143","meshCode":"49317143","cityCode":"44462","city":"玖珠町","lat":33.2875,"lon":131.16875,"areaKm2":1.0761574,"populated2020":false,"population2020":null,"populationNote":"境界またぎ・収録外等のため自治体内人口は未集計"},"geometry":{"type":"Polygon","coordinates":[[[131.1625,33.28333333333333],[131.1625,33.291666666666664],[131.175,33.291666666666664],[131.175,33.28333333333333],[131.1625,33.28333333333333]]]}},{"type":"Feature","id":"44462:49317144","properties":{"id":"44462:49317144","meshCode":"49317144","cityCode":"44462","city":"玖珠町","lat":33.2875,"lon":131.18125,"areaKm2":1.0761574,"populated2020":true,"population2020":null,"populationNote":"境界またぎ・収録外等のため自治体内人口は未集計"},"geometry":{"type":"Polygon","coordinates":[[[131.175,33.28333333333333],[131.175,33.291666666666664],[131.1875,33.29166666666667],[131.1875,33.28333333333333],[131.175,33.28333333333333]]]}},{"type":"Feature","id":"44462:49317145","properties":{"id":"44462:49317145","meshCode":"49317145","cityCode":"44462","city":"玖珠町","lat":33.2875,"lon":131.19375,"areaKm2":1.0734913,"populated2020":false,"population2020":null,"populationNote":"境界またぎ・収録外等のため自治体内人口は未集計"},"geometry":{"type":"Polygon","coordinates":[[[131.198235811,33.28333391000001],[131.198028366,33.283455297],[131.197729481,33.28349946800001],[131.195708743682,33.283333333333324],[131.1875,33.28333333333333],[131.1875,33.29166666666667],[131.2,33.291666666666664],[131.2,33.28333333333333],[131.198235811,33.28333391000001]]]}},{"type":"Feature","id":"44462:49317146","properties":{"id":"44462:49317146","meshCode":"49317146","cityCode":"44462","city":"玖珠町","lat":33.2874694,"lon":131.2027594,"areaKm2":0.4565113,"populated2020":true,"population2020":null,"populationNote":"境界またぎ・収録外等のため自治体内人口は未集計"},"geometry":{"type":"MultiPolygon","coordinates":[[[[131.20649998663887,33.291666666666664],[131.20628142700002,33.29148664],[131.20605393,33.29143469400001],[131.2058887032117,33.29166666666666],[131.20649998663887,33.291666666666664]]],[[[131.20553260695897,33.291666666666664],[131.205569754,33.29068247699999],[131.205807808,33.290296649],[131.205578923,33.289769982],[131.205614202,33.289607766],[131.205720039,33.289524152999995],[131.205873087,33.289533595],[131.206361141,33.28985331500001],[131.206743372,33.289885811000005],[131.206755318,33.289816089999995],[131.206408093,33.289654144],[131.206405032,33.289496928000005],[131.206640311,33.28931609000001],[131.207263645,33.289061369],[131.20660476,33.289001369000005],[131.205874475,33.288459712],[131.205656978,33.28845054100002],[131.205339481,33.287996377999995],[131.205515863,33.287423045],[131.20507476,33.28656194599999],[131.204989754,33.285944441],[131.20480476,33.285539721],[131.204746148,33.28490334199999],[131.204393372,33.284319450000005],[131.204287536,33.283971676],[131.203853087,33.283748341999996],[131.20349966322067,33.28333333333333],[131.2,33.28333333333333],[131.2,33.291666666666664],[131.20553260695897,33.291666666666664]]]]}},{"type":"Feature","id":"44462:49317240","properties":{"id":"44462:49317240","meshCode":"49317240","cityCode":"44462","city":"玖珠町","lat":33.2875926,"lon":131.259444,"areaKm2":0.4684208,"populated2020":false,"population2020":null,"populationNote":"境界またぎ・収録外等のため自治体内人口は未集計"},"geometry":{"type":"Polygon","coordinates":[[[131.259631323,33.283333829],[131.259556122,33.283661333],[131.258981128,33.28494216200001],[131.258521958,33.285774378000006],[131.258175019,33.286136324],[131.25696808,33.28688882],[131.256483359,33.28733187400001],[131.256301128,33.287901315000006],[131.255919468,33.28837909],[131.255686135,33.288826595],[131.255824747,33.289611036],[131.255651414,33.290034649],[131.255463917,33.290934919],[131.254949196,33.291365477],[131.25482586308283,33.291666666666664],[131.2625,33.29166666666667],[131.2625,33.28333333333333],[131.259631323,33.283333829]]]}},{"type":"Feature","id":"44462:49317241","properties":{"id":"44462:49317241","meshCode":"49317241","cityCode":"44462","city":"玖珠町","lat":33.2875,"lon":131.26875,"areaKm2":1.0761574,"populated2020":false,"population2020":null,"populationNote":"境界またぎ・収録外等のため自治体内人口は未集計"},"geometry":{"type":"Polygon","coordinates":[[[131.2625,33.28333333333333],[131.2625,33.29166666666667],[131.275,33.29166666666667],[131.275,33.28333333333333],[131.2625,33.28333333333333]]]}},{"type":"Feature","id":"44462:49317242","properties":{"id":"44462:49317242","meshCode":"49317242","cityCode":"44462","city":"玖珠町","lat":33.2875,"lon":131.28125,"areaKm2":1.0761574,"populated2020":false,"population2020":null,"populationNote":"境界またぎ・収録外等のため自治体内人口は未集計"},"geometry":{"type":"Polygon","coordinates":[[[131.275,33.28333333333333],[131.275,33.29166666666667],[131.2875,33.29166666666666],[131.2875,33.28333333333333],[131.275,33.28333333333333]]]}},{"type":"Feature","id":"44462:49317243","properties":{"id":"44462:49317243","meshCode":"49317243","cityCode":"44462","city":"玖珠町","lat":33.2875,"lon":131.29375,"areaKm2":1.0761574,"populated2020":false,"population2020":null,"populationNote":"境界またぎ・収録外等のため自治体内人口は未集計"},"geometry":{"type":"Polygon","coordinates":[[[131.2875,33.28333333333333],[131.2875,33.29166666666666],[131.30000000000004,33.29166666666667],[131.30000000000004,33.28333333333333],[131.2875,33.28333333333333]]]}},{"type":"Feature","id":"44462:49317244","properties":{"id":"44462:49317244","meshCode":"49317244","cityCode":"44462","city":"玖珠町","lat":33.2875,"lon":131.30625,"areaKm2":1.0761574,"populated2020":false,"population2020":null,"populationNote":"境界またぎ・収録外等のため自治体内人口は未集計"},"geometry":{"type":"Polygon","coordinates":[[[131.30000000000004,33.28333333333333],[131.30000000000004,33.29166666666667],[131.3125,33.291666666666664],[131.3125,33.28333333333333],[131.30000000000004,33.28333333333333]]]}},{"type":"Feature","id":"44462:49317245","properties":{"id":"44462:49317245","meshCode":"49317245","cityCode":"44462","city":"玖珠町","lat":33.2875,"lon":131.31875,"areaKm2":1.0453872,"populated2020":false,"population2020":null,"populationNote":"境界またぎ・収録外等のため自治体内人口は未集計"},"geometry":{"type":"Polygon","coordinates":[[[131.325,33.285752288000005],[131.32250731535308,33.28333333333333],[131.3125,33.28333333333333],[131.3125,33.291666666666664],[131.325,33.29166666666666],[131.325,33.285752288000005]]]}},{"type":"Feature","id":"44462:49317246","properties":{"id":"44462:49317246","meshCode":"49317246","cityCode":"44462","city":"玖珠町","lat":33.2884993,"lon":131.3265187,"areaKm2":0.1909785,"populated2020":false,"population2020":null,"populationNote":"境界またぎ・収録外等のため自治体内人口は未集計"},"geometry":{"type":"Polygon","coordinates":[[[131.33178073842376,33.291666666666664],[131.329644968,33.290486207],[131.329103294,33.290077036],[131.328571077,33.28897927],[131.328429131,33.288828712],[131.325,33.285752288000005],[131.325,33.29166666666666],[131.33178073842376,33.291666666666664]]]}},{"type":"Feature","id":"44462:49317053","properties":{"id":"44462:49317053","meshCode":"49317053","cityCode":"44462","city":"玖珠町","lat":33.2945723,"lon":131.0474653,"areaKm2":0.2873008,"populated2020":true,"population2020":null,"populationNote":"境界またぎ・収録外等のため自治体内人口は未集計"},"geometry":{"type":"MultiPolygon","coordinates":[[[[131.041273917,33.291666667],[131.041831569,33.292275514],[131.041927121,33.292801081],[131.042228781,33.293290243],[131.042543787,33.293589972999996],[131.043046563,33.293782748],[131.043443502,33.29423636],[131.044217393,33.294587757],[131.04472460400004,33.29452581100001],[131.045175162,33.294649973],[131.045581829,33.294594694000004],[131.04629655,33.294907757000004],[131.046960999,33.295021369],[131.047424604,33.295393586],[131.04755572,33.295662198],[131.047912659,33.296029144],[131.048629883,33.296494153],[131.049770986,33.296687207],[131.05,33.297498270000006],[131.05,33.29166666666667],[131.041273917,33.291666667]]],[[[131.05,33.29905873900001],[131.0495907,33.299587784],[131.049544462,33.3],[131.05,33.3],[131.05,33.29905873900001]]]]}},{"type":"Feature","id":"44462:49317054","properties":{"id":"44462:49317054","meshCode":"49317054","cityCode":"44462","city":"玖珠町","lat":33.2958333,"lon":131.05625,"areaKm2":1.0707562,"populated2020":true,"population2020":null,"populationNote":"境界またぎ・収録外等のため自治体内人口は未集計"},"geometry":{"type":"Polygon","coordinates":[[[131.050000428,33.297498658],[131.050438755,33.297942775],[131.050491258,33.298201107999994],[131.050386252,33.298635278999996],[131.05,33.29905873900001],[131.05,33.3],[131.0625,33.30000000000001],[131.0625,33.29166666666667],[131.05,33.29166666666667],[131.050000428,33.297498658]]]}},{"type":"Feature","id":"44462:49317055","properties":{"id":"44462:49317055","meshCode":"49317055","cityCode":"44462","city":"玖珠町","lat":33.2958333,"lon":131.06875,"areaKm2":1.0760565,"populated2020":true,"population2020":null,"populationNote":"境界またぎ・収録外等のため自治体内人口は未集計"},"geometry":{"type":"Polygon","coordinates":[[[131.0625,33.29166666666667],[131.0625,33.30000000000001],[131.075,33.300000000000004],[131.075,33.291666666666664],[131.0625,33.29166666666667]]]}},{"type":"Feature","id":"44462:49317056","properties":{"id":"44462:49317056","meshCode":"49317056","cityCode":"44462","city":"玖珠町","lat":33.2958333,"lon":131.08125,"areaKm2":1.0760565,"populated2020":true,"population2020":null,"populationNote":"境界またぎ・収録外等のため自治体内人口は未集計"},"geometry":{"type":"Polygon","coordinates":[[[131.075,33.291666666666664],[131.075,33.300000000000004],[131.0875,33.3],[131.0875,33.291666666666664],[131.075,33.291666666666664]]]}},{"type":"Feature","id":"44462:49317057","properties":{"id":"44462:49317057","meshCode":"49317057","cityCode":"44462","city":"玖珠町","lat":33.2958333,"lon":131.09375,"areaKm2":1.0760565,"populated2020":true,"population2020":null,"populationNote":"境界またぎ・収録外等のため自治体内人口は未集計"},"geometry":{"type":"Polygon","coordinates":[[[131.0875,33.291666666666664],[131.0875,33.3],[131.1,33.300000000000004],[131.1,33.291666666666664],[131.0875,33.291666666666664]]]}},{"type":"Feature","id":"44462:49317058","properties":{"id":"44462:49317058","meshCode":"49317058","cityCode":"44462","city":"玖珠町","lat":33.2958333,"lon":131.10625,"areaKm2":1.0760565,"populated2020":true,"population2020":118.0597,"populationNote":"2020年基準人口（国交省調整値）"},"geometry":{"type":"Polygon","coordinates":[[[131.1,33.291666666666664],[131.1,33.300000000000004],[131.1125,33.300000000000004],[131.1125,33.29166666666667],[131.1,33.291666666666664]]]}},{"type":"Feature","id":"44462:49317059","properties":{"id":"44462:49317059","meshCode":"49317059","cityCode":"44462","city":"玖珠町","lat":33.2958333,"lon":131.11875,"areaKm2":1.0760565,"populated2020":false,"population2020":null,"populationNote":"境界またぎ・収録外等のため自治体内人口は未集計"},"geometry":{"type":"Polygon","coordinates":[[[131.1125,33.29166666666667],[131.1125,33.300000000000004],[131.125,33.300000000000004],[131.125,33.291666666666664],[131.1125,33.29166666666667]]]}},{"type":"Feature","id":"44462:49317150","properties":{"id":"44462:49317150","meshCode":"49317150","cityCode":"44462","city":"玖珠町","lat":33.2958333,"lon":131.13125,"areaKm2":1.0760565,"populated2020":true,"population2020":null,"populationNote":"境界またぎ・収録外等のため自治体内人口は未集計"},"geometry":{"type":"Polygon","coordinates":[[[131.125,33.291666666666664],[131.125,33.300000000000004],[131.1375,33.3],[131.1375,33.291666666666664],[131.125,33.291666666666664]]]}},{"type":"Feature","id":"44462:49317151","properties":{"id":"44462:49317151","meshCode":"49317151","cityCode":"44462","city":"玖珠町","lat":33.2958333,"lon":131.14375,"areaKm2":1.0760565,"populated2020":true,"population2020":null,"populationNote":"境界またぎ・収録外等のため自治体内人口は未集計"},"geometry":{"type":"Polygon","coordinates":[[[131.1375,33.291666666666664],[131.1375,33.3],[131.15,33.3],[131.15,33.291666666666664],[131.1375,33.291666666666664]]]}},{"type":"Feature","id":"44462:49317152","properties":{"id":"44462:49317152","meshCode":"49317152","cityCode":"44462","city":"玖珠町","lat":33.2958333,"lon":131.15625,"areaKm2":1.0760565,"populated2020":true,"population2020":753.1388,"populationNote":"2020年基準人口（国交省調整値）"},"geometry":{"type":"Polygon","coordinates":[[[131.15,33.291666666666664],[131.15,33.3],[131.1625,33.300000000000004],[131.1625,33.291666666666664],[131.15,33.291666666666664]]]}},{"type":"Feature","id":"44462:49317153","properties":{"id":"44462:49317153","meshCode":"49317153","cityCode":"44462","city":"玖珠町","lat":33.2958333,"lon":131.16875,"areaKm2":1.0760565,"populated2020":true,"population2020":null,"populationNote":"境界またぎ・収録外等のため自治体内人口は未集計"},"geometry":{"type":"Polygon","coordinates":[[[131.1625,33.291666666666664],[131.1625,33.300000000000004],[131.175,33.3],[131.175,33.291666666666664],[131.1625,33.291666666666664]]]}},{"type":"Feature","id":"44462:49317154","properties":{"id":"44462:49317154","meshCode":"49317154","cityCode":"44462","city":"玖珠町","lat":33.2958333,"lon":131.18125,"areaKm2":1.0760565,"populated2020":true,"population2020":null,"populationNote":"境界またぎ・収録外等のため自治体内人口は未集計"},"geometry":{"type":"Polygon","coordinates":[[[131.175,33.291666666666664],[131.175,33.3],[131.1875,33.3],[131.1875,33.29166666666667],[131.175,33.291666666666664]]]}},{"type":"Feature","id":"44462:49317155","properties":{"id":"44462:49317155","meshCode":"49317155","cityCode":"44462","city":"玖珠町","lat":33.2958333,"lon":131.19375,"areaKm2":1.0760565,"populated2020":true,"population2020":null,"populationNote":"境界またぎ・収録外等のため自治体内人口は未集計"},"geometry":{"type":"Polygon","coordinates":[[[131.1875,33.29166666666667],[131.1875,33.3],[131.2,33.300000000000004],[131.2,33.291666666666664],[131.1875,33.29166666666667]]]}},{"type":"Feature","id":"44462:49317156","properties":{"id":"44462:49317156","meshCode":"49317156","cityCode":"44462","city":"玖珠町","lat":33.2958333,"lon":131.20625,"areaKm2":0.938877,"populated2020":false,"population2020":null,"populationNote":"境界またぎ・収録外等のため自治体内人口は未集計"},"geometry":{"type":"Polygon","coordinates":[[[131.2125,33.29645450571352],[131.212270324,33.296136613],[131.21231365800003,33.295658279],[131.212241154,33.29548745000001],[131.211679767,33.295255225],[131.21118837900002,33.294663288],[131.210214488,33.294571901000005],[131.209530039,33.293842739000006],[131.20889393,33.293303297000016],[131.208811984,33.293052739],[131.208913372,33.29197608100001],[131.208691154,33.292033018],[131.208236148,33.29247663100001],[131.207889481,33.292465243],[131.207420311,33.292652748],[131.20677559,33.292720523],[131.206241699,33.292986081],[131.205240311,33.293293305999995],[131.205158651,33.29323636],[131.20501420200003,33.29273580200001],[131.205779481,33.292731919],[131.206969754,33.292189414],[131.206646706,33.292009973],[131.206616706,33.291774414],[131.20649998663887,33.291666666666664],[131.2058887032117,33.29166666666666],[131.205688651,33.29184969400001],[131.20553260695897,33.291666666666664],[131.2,33.291666666666664],[131.2,33.300000000000004],[131.2125,33.300000000000004],[131.2125,33.29645450571352]]]}},{"type":"Feature","id":"44462:49317157","properties":{"id":"44462:49317157","meshCode":"49317157","cityCode":"44462","city":"玖珠町","lat":33.2982398,"lon":131.214531,"areaKm2":0.2272835,"populated2020":false,"population2020":null,"populationNote":"境界またぎ・収録外等のため自治体内人口は未集計"},"geometry":{"type":"Polygon","coordinates":[[[131.224556706,33.29820852299999],[131.223034215,33.298583523],[131.222895045,33.298641306],[131.222719494,33.298866297],[131.221032827,33.299044081000005],[131.21962476,33.298573252000004],[131.218735045,33.29858381100001],[131.217459767,33.29847909],[131.21490227,33.297766324],[131.214425045,33.297572432],[131.213542815,33.29695716199999],[131.2125,33.29645450571352],[131.2125,33.300000000000004],[131.225,33.300000000000004],[131.225,33.298193009],[131.224556706,33.29820852299999]]]}},{"type":"Feature","id":"44462:49317158","properties":{"id":"44462:49317158","meshCode":"49317158","cityCode":"44462","city":"玖珠町","lat":33.2987814,"lon":131.2290438,"areaKm2":0.1699797,"populated2020":false,"population2020":null,"populationNote":"境界またぎ・収録外等のため自治体内人口は未集計"},"geometry":{"type":"Polygon","coordinates":[[[131.234586148,33.29997517099999],[131.233499481,33.29933518],[131.233312815,33.298971847000004],[131.232522542,33.298345459],[131.232346706,33.298016577],[131.232149209,33.29786657700001],[131.230290039,33.297716577],[131.22962393,33.297803243000004],[131.228024215,33.29825796400001],[131.225,33.298193009],[131.225,33.300000000000004],[131.234586148,33.29997517099999]]]}},{"type":"Feature","id":"44462:49317159","properties":{"id":"44462:49317159","meshCode":"49317159","cityCode":"44462","city":"玖珠町","lat":33.2988048,"lon":131.2496251,"areaKm2":0.0256728,"populated2020":false,"population2020":null,"populationNote":"境界またぎ・収録外等のため自治体内人口は未集計"},"geometry":{"type":"Polygon","coordinates":[[[131.25,33.297799964],[131.249418923,33.29866518],[131.248809481,33.299190450000005],[131.248413645,33.29932934200001],[131.247752257,33.29920406299999],[131.247737393,33.3],[131.25,33.300000000000004],[131.25,33.297799964]]]}},{"type":"Feature","id":"44462:49317250","properties":{"id":"44462:49317250","meshCode":"49317250","cityCode":"44462","city":"玖珠町","lat":33.2958333,"lon":131.25625,"areaKm2":0.8917185,"populated2020":false,"population2020":null,"populationNote":"境界またぎ・収録外等のため自治体内人口は未集計"},"geometry":{"type":"Polygon","coordinates":[[[131.254825863,33.291666667],[131.254796407,33.29203186499999],[131.254585577,33.292667135],[131.254160856,33.293316856],[131.253582802,33.29397046799999],[131.253496965,33.29417852300001],[131.253470856,33.29462491000001],[131.253852529,33.294966577],[131.253762802,33.295323523],[131.253233917,33.29533712599999],[131.252309754,33.295898513999994],[131.251119196,33.296144631],[131.25063808,33.29683823399999],[131.250181141,33.297166018000006],[131.25,33.297799964],[131.25,33.300000000000004],[131.2625,33.300000000000004],[131.2625,33.29166666666667],[131.254825863,33.291666667]]]}},{"type":"Feature","id":"44462:49317251","properties":{"id":"44462:49317251","meshCode":"49317251","cityCode":"44462","city":"玖珠町","lat":33.2958333,"lon":131.26875,"areaKm2":1.0760565,"populated2020":false,"population2020":null,"populationNote":"境界またぎ・収録外等のため自治体内人口は未集計"},"geometry":{"type":"Polygon","coordinates":[[[131.2625,33.29166666666667],[131.2625,33.300000000000004],[131.275,33.300000000000004],[131.275,33.29166666666667],[131.2625,33.29166666666667]]]}},{"type":"Feature","id":"44462:49317252","properties":{"id":"44462:49317252","meshCode":"49317252","cityCode":"44462","city":"玖珠町","lat":33.2958333,"lon":131.28125,"areaKm2":1.0760565,"populated2020":false,"population2020":null,"populationNote":"境界またぎ・収録外等のため自治体内人口は未集計"},"geometry":{"type":"Polygon","coordinates":[[[131.275,33.29166666666667],[131.275,33.300000000000004],[131.2875,33.300000000000004],[131.2875,33.29166666666666],[131.275,33.29166666666667]]]}},{"type":"Feature","id":"44462:49317253","properties":{"id":"44462:49317253","meshCode":"49317253","cityCode":"44462","city":"玖珠町","lat":33.2958333,"lon":131.29375,"areaKm2":1.0760565,"populated2020":false,"population2020":null,"populationNote":"境界またぎ・収録外等のため自治体内人口は未集計"},"geometry":{"type":"Polygon","coordinates":[[[131.2875,33.29166666666666],[131.2875,33.300000000000004],[131.30000000000004,33.300000000000004],[131.30000000000004,33.29166666666667],[131.2875,33.29166666666666]]]}},{"type":"Feature","id":"44462:49317254","properties":{"id":"44462:49317254","meshCode":"49317254","cityCode":"44462","city":"玖珠町","lat":33.2958333,"lon":131.30625,"areaKm2":1.0760565,"populated2020":false,"population2020":null,"populationNote":"境界またぎ・収録外等のため自治体内人口は未集計"},"geometry":{"type":"Polygon","coordinates":[[[131.30000000000004,33.29166666666667],[131.30000000000004,33.300000000000004],[131.3125,33.3],[131.3125,33.291666666666664],[131.30000000000004,33.29166666666667]]]}},{"type":"Feature","id":"44462:49317255","properties":{"id":"44462:49317255","meshCode":"49317255","cityCode":"44462","city":"玖珠町","lat":33.2958333,"lon":131.31875,"areaKm2":1.053651,"populated2020":false,"population2020":null,"populationNote":"境界またぎ・収録外等のため自治体内人口は未集計"},"geometry":{"type":"Polygon","coordinates":[[[131.322873891,33.3],[131.323120804,33.299431234000004],[131.323528859,33.29893818],[131.323662192,33.29886818],[131.325,33.29873558599999],[131.325,33.29166666666666],[131.3125,33.291666666666664],[131.3125,33.3],[131.322873891,33.3]]]}},{"type":"Feature","id":"44462:49317256","properties":{"id":"44462:49317256","meshCode":"49317256","cityCode":"44462","city":"玖珠町","lat":33.2951417,"lon":131.328621,"areaKm2":0.4338139,"populated2020":false,"population2020":null,"populationNote":"境界またぎ・収録外等のため自治体内人口は未集計"},"geometry":{"type":"Polygon","coordinates":[[[131.325000246,33.29873558599999],[131.326029974,33.298728721],[131.326757756,33.29845233300001],[131.32838441,33.297138712],[131.330402464,33.29624814400001],[131.332148859,33.295218694],[131.332494968,33.29491091],[131.332610519,33.29469424300001],[131.333391349,33.292853126],[131.333391349,33.292611739],[131.33178073842376,33.291666666666664],[131.325,33.29166666666666],[131.325000246,33.29873558599999]]]}},{"type":"Feature","id":"44462:49317063","properties":{"id":"44462:49317063","meshCode":"49317063","cityCode":"44462","city":"玖珠町","lat":33.3005914,"lon":131.0497834,"areaKm2":0.0047498,"populated2020":true,"population2020":null,"populationNote":"境界またぎ・収録外等のため自治体内人口は未集計"},"geometry":{"type":"Polygon","coordinates":[[[131.049544475,33.300000288],[131.049573463,33.300747234],[131.05,33.301275297],[131.05,33.3],[131.049544475,33.300000288]]]}},{"type":"Feature","id":"44462:49317064","properties":{"id":"44462:49317064","meshCode":"49317064","cityCode":"44462","city":"玖珠町","lat":33.3041667,"lon":131.05625,"areaKm2":0.6999038,"populated2020":true,"population2020":null,"populationNote":"境界またぎ・収録外等のため自治体内人口は未集計"},"geometry":{"type":"Polygon","coordinates":[[[131.050000415,33.301275712],[131.05088984400004,33.302049468],[131.051202348,33.302155856],[131.05177096,33.30206613499999],[131.052330402,33.301653080999984],[131.052789572,33.301435856],[131.053226796,33.301360018],[131.053811232,33.301398081],[131.05391179,33.302369477],[131.054496511,33.302495036],[131.054807056,33.302994477],[131.055252607,33.305052550000006],[131.055707043,33.306415333],[131.05591232200004,33.30653922500001],[131.056485097,33.30659450500001],[131.05721537,33.306849505],[131.057770649,33.30681145],[131.057648145,33.306987288],[131.056961764,33.30731451399999],[131.056712309,33.30810923400001],[131.0565467566809,33.30833333333333],[131.0625,33.30833333333333],[131.0625,33.30000000000001],[131.05,33.3],[131.050000415,33.301275712]]]}},{"type":"Feature","id":"44462:49317065","properties":{"id":"44462:49317065","meshCode":"49317065","cityCode":"44462","city":"玖珠町","lat":33.3041667,"lon":131.06875,"areaKm2":1.0759557,"populated2020":true,"population2020":null,"populationNote":"境界またぎ・収録外等のため自治体内人口は未集計"},"geometry":{"type":"Polygon","coordinates":[[[131.0625,33.30000000000001],[131.0625,33.30833333333333],[131.075,33.30833333333333],[131.075,33.300000000000004],[131.0625,33.30000000000001]]]}},{"type":"Feature","id":"44462:49317066","properties":{"id":"44462:49317066","meshCode":"49317066","cityCode":"44462","city":"玖珠町","lat":33.3041667,"lon":131.08125,"areaKm2":1.0759557,"populated2020":true,"population2020":null,"populationNote":"境界またぎ・収録外等のため自治体内人口は未集計"},"geometry":{"type":"Polygon","coordinates":[[[131.075,33.300000000000004],[131.075,33.30833333333333],[131.0875,33.30833333333333],[131.0875,33.3],[131.075,33.300000000000004]]]}},{"type":"Feature","id":"44462:49317067","properties":{"id":"44462:49317067","meshCode":"49317067","cityCode":"44462","city":"玖珠町","lat":33.3041667,"lon":131.09375,"areaKm2":1.0759557,"populated2020":true,"population2020":null,"populationNote":"境界またぎ・収録外等のため自治体内人口は未集計"},"geometry":{"type":"Polygon","coordinates":[[[131.0875,33.3],[131.0875,33.30833333333333],[131.1,33.30833333333333],[131.1,33.300000000000004],[131.0875,33.3]]]}},{"type":"Feature","id":"44462:49317068","properties":{"id":"44462:49317068","meshCode":"49317068","cityCode":"44462","city":"玖珠町","lat":33.3041667,"lon":131.10625,"areaKm2":1.0759557,"populated2020":true,"population2020":null,"populationNote":"境界またぎ・収録外等のため自治体内人口は未集計"},"geometry":{"type":"Polygon","coordinates":[[[131.1,33.300000000000004],[131.1,33.30833333333333],[131.1125,33.30833333333333],[131.1125,33.300000000000004],[131.1,33.300000000000004]]]}},{"type":"Feature","id":"44462:49317069","properties":{"id":"44462:49317069","meshCode":"49317069","cityCode":"44462","city":"玖珠町","lat":33.3041667,"lon":131.11875,"areaKm2":1.0759557,"populated2020":false,"population2020":null,"populationNote":"境界またぎ・収録外等のため自治体内人口は未集計"},"geometry":{"type":"Polygon","coordinates":[[[131.1125,33.300000000000004],[131.1125,33.30833333333333],[131.125,33.30833333333333],[131.125,33.300000000000004],[131.1125,33.300000000000004]]]}},{"type":"Feature","id":"44462:49317160","properties":{"id":"44462:49317160","meshCode":"49317160","cityCode":"44462","city":"玖珠町","lat":33.3041667,"lon":131.13125,"areaKm2":1.0759557,"populated2020":true,"population2020":null,"populationNote":"境界またぎ・収録外等のため自治体内人口は未集計"},"geometry":{"type":"Polygon","coordinates":[[[131.125,33.300000000000004],[131.125,33.30833333333333],[131.1375,33.30833333333333],[131.1375,33.3],[131.125,33.300000000000004]]]}},{"type":"Feature","id":"44462:49317161","properties":{"id":"44462:49317161","meshCode":"49317161","cityCode":"44462","city":"玖珠町","lat":33.3041667,"lon":131.14375,"areaKm2":1.0759557,"populated2020":true,"population2020":112.2545,"populationNote":"2020年基準人口（国交省調整値）"},"geometry":{"type":"Polygon","coordinates":[[[131.1375,33.3],[131.1375,33.30833333333333],[131.15,33.30833333333333],[131.15,33.3],[131.1375,33.3]]]}},{"type":"Feature","id":"44462:49317162","properties":{"id":"44462:49317162","meshCode":"49317162","cityCode":"44462","city":"玖珠町","lat":33.3041667,"lon":131.15625,"areaKm2":1.0759557,"populated2020":true,"population2020":594.3803,"populationNote":"2020年基準人口（国交省調整値）"},"geometry":{"type":"Polygon","coordinates":[[[131.15,33.3],[131.15,33.30833333333333],[131.1625,33.30833333333333],[131.1625,33.300000000000004],[131.15,33.3]]]}},{"type":"Feature","id":"44462:49317163","properties":{"id":"44462:49317163","meshCode":"49317163","cityCode":"44462","city":"玖珠町","lat":33.3041667,"lon":131.16875,"areaKm2":1.0759557,"populated2020":true,"population2020":null,"populationNote":"境界またぎ・収録外等のため自治体内人口は未集計"},"geometry":{"type":"Polygon","coordinates":[[[131.1625,33.300000000000004],[131.1625,33.30833333333333],[131.175,33.30833333333333],[131.175,33.3],[131.1625,33.300000000000004]]]}},{"type":"Feature","id":"44462:49317164","properties":{"id":"44462:49317164","meshCode":"49317164","cityCode":"44462","city":"玖珠町","lat":33.3041667,"lon":131.18125,"areaKm2":1.0759557,"populated2020":false,"population2020":null,"populationNote":"境界またぎ・収録外等のため自治体内人口は未集計"},"geometry":{"type":"Polygon","coordinates":[[[131.175,33.3],[131.175,33.30833333333333],[131.1875,33.30833333333333],[131.1875,33.3],[131.175,33.3]]]}},{"type":"Feature","id":"44462:49317165","properties":{"id":"44462:49317165","meshCode":"49317165","cityCode":"44462","city":"玖珠町","lat":33.3041667,"lon":131.19375,"areaKm2":1.0759557,"populated2020":true,"population2020":null,"populationNote":"境界またぎ・収録外等のため自治体内人口は未集計"},"geometry":{"type":"Polygon","coordinates":[[[131.1875,33.3],[131.1875,33.30833333333333],[131.2,33.30833333333333],[131.2,33.300000000000004],[131.1875,33.3]]]}},{"type":"Feature","id":"44462:49317166","properties":{"id":"44462:49317166","meshCode":"49317166","cityCode":"44462","city":"玖珠町","lat":33.3041667,"lon":131.20625,"areaKm2":1.0759557,"populated2020":false,"population2020":null,"populationNote":"境界またぎ・収録外等のため自治体内人口は未集計"},"geometry":{"type":"Polygon","coordinates":[[[131.2,33.300000000000004],[131.2,33.30833333333333],[131.2125,33.30833333333333],[131.2125,33.300000000000004],[131.2,33.300000000000004]]]}},{"type":"Feature","id":"44462:49317167","properties":{"id":"44462:49317167","meshCode":"49317167","cityCode":"44462","city":"玖珠町","lat":33.3041667,"lon":131.21875,"areaKm2":1.0759557,"populated2020":false,"population2020":null,"populationNote":"境界またぎ・収録外等のため自治体内人口は未集計"},"geometry":{"type":"Polygon","coordinates":[[[131.2125,33.300000000000004],[131.2125,33.30833333333333],[131.225,33.30833333333333],[131.225,33.300000000000004],[131.2125,33.300000000000004]]]}},{"type":"Feature","id":"44462:49317168","properties":{"id":"44462:49317168","meshCode":"49317168","cityCode":"44462","city":"玖珠町","lat":33.3041667,"lon":131.23125,"areaKm2":1.0517483,"populated2020":false,"population2020":null,"populationNote":"境界またぎ・収録外等のため自治体内人口は未集計"},"geometry":{"type":"Polygon","coordinates":[[[131.237140882,33.301452108],[131.23690476,33.30137627900001],[131.236616706,33.30101822499999],[131.235725318,33.30073599999999],[131.234624565,33.300000000000004],[131.225,33.300000000000004],[131.225,33.30833333333333],[131.2375,33.30833333333333],[131.2375,33.30140502048541],[131.237140882,33.301452108]]]}},{"type":"Feature","id":"44462:49317169","properties":{"id":"44462:49317169","meshCode":"49317169","cityCode":"44462","city":"玖珠町","lat":33.3041667,"lon":131.24375,"areaKm2":0.7911504,"populated2020":false,"population2020":null,"populationNote":"境界またぎ・収録外等のため自治体内人口は未集計"},"geometry":{"type":"Polygon","coordinates":[[[131.247737367,33.300000450000006],[131.247723645,33.304075712],[131.247642542,33.30440432399999],[131.247475032,33.30458821599999],[131.246648923,33.30466071199999],[131.246426148,33.304598486],[131.244341984,33.303307387000004],[131.243306148,33.302384054],[131.242266433,33.301874613],[131.241645875,33.301846829],[131.241080039,33.301943495],[131.239900039,33.301943495],[131.23892393,33.301527946],[131.238041154,33.30136961299999],[131.2375,33.30140502048541],[131.2375,33.30833333333333],[131.25,33.30833333333334],[131.25,33.300000000000004],[131.247737367,33.300000450000006]]]}},{"type":"Feature","id":"44462:49317260","properties":{"id":"44462:49317260","meshCode":"49317260","cityCode":"44462","city":"玖珠町","lat":33.3041667,"lon":131.25625,"areaKm2":1.0759557,"populated2020":false,"population2020":null,"populationNote":"境界またぎ・収録外等のため自治体内人口は未集計"},"geometry":{"type":"Polygon","coordinates":[[[131.25,33.300000000000004],[131.25,33.30833333333334],[131.2625,33.30833333333333],[131.2625,33.300000000000004],[131.25,33.300000000000004]]]}},{"type":"Feature","id":"44462:49317261","properties":{"id":"44462:49317261","meshCode":"49317261","cityCode":"44462","city":"玖珠町","lat":33.3041667,"lon":131.26875,"areaKm2":1.0759557,"populated2020":false,"population2020":null,"populationNote":"境界またぎ・収録外等のため自治体内人口は未集計"},"geometry":{"type":"Polygon","coordinates":[[[131.2625,33.300000000000004],[131.2625,33.30833333333333],[131.275,33.30833333333333],[131.275,33.300000000000004],[131.2625,33.300000000000004]]]}},{"type":"Feature","id":"44462:49317262","properties":{"id":"44462:49317262","meshCode":"49317262","cityCode":"44462","city":"玖珠町","lat":33.3041667,"lon":131.28125,"areaKm2":1.0759557,"populated2020":false,"population2020":null,"populationNote":"境界またぎ・収録外等のため自治体内人口は未集計"},"geometry":{"type":"Polygon","coordinates":[[[131.275,33.300000000000004],[131.275,33.30833333333333],[131.2875,33.30833333333333],[131.2875,33.300000000000004],[131.275,33.300000000000004]]]}},{"type":"Feature","id":"44462:49317263","properties":{"id":"44462:49317263","meshCode":"49317263","cityCode":"44462","city":"玖珠町","lat":33.3041667,"lon":131.29375,"areaKm2":1.0759557,"populated2020":false,"population2020":null,"populationNote":"境界またぎ・収録外等のため自治体内人口は未集計"},"geometry":{"type":"Polygon","coordinates":[[[131.2875,33.300000000000004],[131.2875,33.30833333333333],[131.30000000000004,33.30833333333334],[131.30000000000004,33.300000000000004],[131.2875,33.300000000000004]]]}},{"type":"Feature","id":"44462:49317264","properties":{"id":"44462:49317264","meshCode":"49317264","cityCode":"44462","city":"玖珠町","lat":33.3041667,"lon":131.30625,"areaKm2":1.0759557,"populated2020":false,"population2020":null,"populationNote":"境界またぎ・収録外等のため自治体内人口は未集計"},"geometry":{"type":"Polygon","coordinates":[[[131.30000000000004,33.300000000000004],[131.30000000000004,33.30833333333334],[131.3125,33.30833333333333],[131.3125,33.3],[131.30000000000004,33.300000000000004]]]}},{"type":"Feature","id":"44462:49317265","properties":{"id":"44462:49317265","meshCode":"49317265","cityCode":"44462","city":"玖珠町","lat":33.3041667,"lon":131.31875,"areaKm2":0.6885645,"populated2020":false,"population2020":null,"populationNote":"境界またぎ・収録外等のため自治体内人口は未集計"},"geometry":{"type":"Polygon","coordinates":[[[131.32481848200004,33.30833333299999],[131.324944695,33.307918721],[131.324882477,33.30784873],[131.323797756,33.30774708100001],[131.32264415,33.307509333000006],[131.319483035,33.306646613000005],[131.317443593,33.30630082],[131.316485266,33.305975559],[131.316547484,33.30585305400001],[131.317831647,33.305131072],[131.319118872,33.303945748],[131.320506368,33.302908775000006],[131.321347756,33.30198820700001],[131.322106368,33.301386523000005],[131.322865253,33.300967072],[131.322718872,33.300613739000006],[131.322873891,33.3],[131.3125,33.3],[131.3125,33.30833333333333],[131.32481848200004,33.30833333299999]]]}},{"type":"Feature","id":"44462:49317074","properties":{"id":"44462:49317074","meshCode":"49317074","cityCode":"44462","city":"玖珠町","lat":33.3125,"lon":131.05625,"areaKm2":0.5260893,"populated2020":false,"population2020":null,"populationNote":"境界またぎ・収録外等のため自治体内人口は未集計"},"geometry":{"type":"Polygon","coordinates":[[[131.05654642,33.30833368500001],[131.056270921,33.308688964],[131.055536744,33.311663703],[131.055470908,33.312705099],[131.055645901,33.313966216],[131.056494423,33.31429534200001],[131.057751699,33.31558850500001],[131.05998490230527,33.31666666666667],[131.0625,33.31666666666667],[131.0625,33.30833333333333],[131.05654642,33.30833368500001]]]}},{"type":"Feature","id":"44462:49317075","properties":{"id":"44462:49317075","meshCode":"49317075","cityCode":"44462","city":"玖珠町","lat":33.3125,"lon":131.06875,"areaKm2":1.0758548,"populated2020":false,"population2020":null,"populationNote":"境界またぎ・収録外等のため自治体内人口は未集計"},"geometry":{"type":"Polygon","coordinates":[[[131.0625,33.30833333333333],[131.0625,33.31666666666667],[131.075,33.31666666666666],[131.075,33.30833333333333],[131.0625,33.30833333333333]]]}},{"type":"Feature","id":"44462:49317076","properties":{"id":"44462:49317076","meshCode":"49317076","cityCode":"44462","city":"玖珠町","lat":33.3125,"lon":131.08125,"areaKm2":1.0758548,"populated2020":true,"population2020":null,"populationNote":"境界またぎ・収録外等のため自治体内人口は未集計"},"geometry":{"type":"Polygon","coordinates":[[[131.075,33.30833333333333],[131.075,33.31666666666666],[131.0875,33.31666666666666],[131.0875,33.30833333333333],[131.075,33.30833333333333]]]}},{"type":"Feature","id":"44462:49317077","properties":{"id":"44462:49317077","meshCode":"49317077","cityCode":"44462","city":"玖珠町","lat":33.3125,"lon":131.09375,"areaKm2":1.0758548,"populated2020":true,"population2020":null,"populationNote":"境界またぎ・収録外等のため自治体内人口は未集計"},"geometry":{"type":"Polygon","coordinates":[[[131.0875,33.30833333333333],[131.0875,33.31666666666666],[131.1,33.31666666666667],[131.1,33.30833333333333],[131.0875,33.30833333333333]]]}},{"type":"Feature","id":"44462:49317078","properties":{"id":"44462:49317078","meshCode":"49317078","cityCode":"44462","city":"玖珠町","lat":33.3125,"lon":131.10625,"areaKm2":1.0758548,"populated2020":true,"population2020":null,"populationNote":"境界またぎ・収録外等のため自治体内人口は未集計"},"geometry":{"type":"Polygon","coordinates":[[[131.1,33.30833333333333],[131.1,33.31666666666667],[131.1125,33.31666666666667],[131.1125,33.30833333333333],[131.1,33.30833333333333]]]}},{"type":"Feature","id":"44462:49317079","properties":{"id":"44462:49317079","meshCode":"49317079","cityCode":"44462","city":"玖珠町","lat":33.3125,"lon":131.11875,"areaKm2":1.0758548,"populated2020":true,"population2020":null,"populationNote":"境界またぎ・収録外等のため自治体内人口は未集計"},"geometry":{"type":"Polygon","coordinates":[[[131.1125,33.30833333333333],[131.1125,33.31666666666667],[131.125,33.31666666666668],[131.125,33.30833333333333],[131.1125,33.30833333333333]]]}},{"type":"Feature","id":"44462:49317170","properties":{"id":"44462:49317170","meshCode":"49317170","cityCode":"44462","city":"玖珠町","lat":33.3125,"lon":131.13125,"areaKm2":1.0758548,"populated2020":true,"population2020":null,"populationNote":"境界またぎ・収録外等のため自治体内人口は未集計"},"geometry":{"type":"Polygon","coordinates":[[[131.125,33.30833333333333],[131.125,33.31666666666668],[131.1375,33.31666666666667],[131.1375,33.30833333333333],[131.125,33.30833333333333]]]}},{"type":"Feature","id":"44462:49317171","properties":{"id":"44462:49317171","meshCode":"49317171","cityCode":"44462","city":"玖珠町","lat":33.3125,"lon":131.14375,"areaKm2":1.0758548,"populated2020":true,"population2020":180.361,"populationNote":"2020年基準人口（国交省調整値）"},"geometry":{"type":"Polygon","coordinates":[[[131.1375,33.30833333333333],[131.1375,33.31666666666667],[131.15,33.31666666666666],[131.15,33.30833333333333],[131.1375,33.30833333333333]]]}},{"type":"Feature","id":"44462:49317172","properties":{"id":"44462:49317172","meshCode":"49317172","cityCode":"44462","city":"玖珠町","lat":33.3125,"lon":131.15625,"areaKm2":1.0758548,"populated2020":true,"population2020":null,"populationNote":"境界またぎ・収録外等のため自治体内人口は未集計"},"geometry":{"type":"Polygon","coordinates":[[[131.15,33.30833333333333],[131.15,33.31666666666666],[131.1625,33.31666666666667],[131.1625,33.30833333333333],[131.15,33.30833333333333]]]}},{"type":"Feature","id":"44462:49317173","properties":{"id":"44462:49317173","meshCode":"49317173","cityCode":"44462","city":"玖珠町","lat":33.3125,"lon":131.16875,"areaKm2":1.0758548,"populated2020":true,"population2020":72.1636,"populationNote":"2020年基準人口（国交省調整値）"},"geometry":{"type":"Polygon","coordinates":[[[131.1625,33.30833333333333],[131.1625,33.31666666666667],[131.175,33.31666666666667],[131.175,33.30833333333333],[131.1625,33.30833333333333]]]}},{"type":"Feature","id":"44462:49317174","properties":{"id":"44462:49317174","meshCode":"49317174","cityCode":"44462","city":"玖珠町","lat":33.3125,"lon":131.18125,"areaKm2":1.0758548,"populated2020":true,"population2020":null,"populationNote":"境界またぎ・収録外等のため自治体内人口は未集計"},"geometry":{"type":"Polygon","coordinates":[[[131.175,33.30833333333333],[131.175,33.31666666666667],[131.1875,33.31666666666667],[131.1875,33.30833333333333],[131.175,33.30833333333333]]]}},{"type":"Feature","id":"44462:49317175","properties":{"id":"44462:49317175","meshCode":"49317175","cityCode":"44462","city":"玖珠町","lat":33.3125,"lon":131.19375,"areaKm2":1.0758548,"populated2020":true,"population2020":null,"populationNote":"境界またぎ・収録外等のため自治体内人口は未集計"},"geometry":{"type":"Polygon","coordinates":[[[131.1875,33.30833333333333],[131.1875,33.31666666666667],[131.2,33.31666666666667],[131.2,33.30833333333333],[131.1875,33.30833333333333]]]}},{"type":"Feature","id":"44462:49317176","properties":{"id":"44462:49317176","meshCode":"49317176","cityCode":"44462","city":"玖珠町","lat":33.3125,"lon":131.20625,"areaKm2":1.0758548,"populated2020":false,"population2020":null,"populationNote":"境界またぎ・収録外等のため自治体内人口は未集計"},"geometry":{"type":"Polygon","coordinates":[[[131.2,33.30833333333333],[131.2,33.31666666666667],[131.2125,33.31666666666668],[131.2125,33.30833333333333],[131.2,33.30833333333333]]]}},{"type":"Feature","id":"44462:49317177","properties":{"id":"44462:49317177","meshCode":"49317177","cityCode":"44462","city":"玖珠町","lat":33.3125,"lon":131.21875,"areaKm2":1.0758548,"populated2020":true,"population2020":null,"populationNote":"境界またぎ・収録外等のため自治体内人口は未集計"},"geometry":{"type":"Polygon","coordinates":[[[131.2125,33.30833333333333],[131.2125,33.31666666666668],[131.225,33.31666666666667],[131.225,33.30833333333333],[131.2125,33.30833333333333]]]}},{"type":"Feature","id":"44462:49317178","properties":{"id":"44462:49317178","meshCode":"49317178","cityCode":"44462","city":"玖珠町","lat":33.3125,"lon":131.23125,"areaKm2":1.0758548,"populated2020":false,"population2020":null,"populationNote":"境界またぎ・収録外等のため自治体内人口は未集計"},"geometry":{"type":"Polygon","coordinates":[[[131.225,33.30833333333333],[131.225,33.31666666666667],[131.2375,33.31666666666666],[131.2375,33.30833333333333],[131.225,33.30833333333333]]]}},{"type":"Feature","id":"44462:49317179","properties":{"id":"44462:49317179","meshCode":"49317179","cityCode":"44462","city":"玖珠町","lat":33.3125,"lon":131.24375,"areaKm2":1.0758548,"populated2020":false,"population2020":null,"populationNote":"境界またぎ・収録外等のため自治体内人口は未集計"},"geometry":{"type":"Polygon","coordinates":[[[131.2375,33.30833333333333],[131.2375,33.31666666666666],[131.25,33.31666666666666],[131.25,33.30833333333334],[131.2375,33.30833333333333]]]}},{"type":"Feature","id":"44462:49317270","properties":{"id":"44462:49317270","meshCode":"49317270","cityCode":"44462","city":"玖珠町","lat":33.3125,"lon":131.25625,"areaKm2":1.0758548,"populated2020":false,"population2020":null,"populationNote":"境界またぎ・収録外等のため自治体内人口は未集計"},"geometry":{"type":"Polygon","coordinates":[[[131.25,33.30833333333334],[131.25,33.31666666666666],[131.2625,33.31666666666667],[131.2625,33.30833333333333],[131.25,33.30833333333334]]]}},{"type":"Feature","id":"44462:49317271","properties":{"id":"44462:49317271","meshCode":"49317271","cityCode":"44462","city":"玖珠町","lat":33.3125,"lon":131.26875,"areaKm2":1.0758548,"populated2020":false,"population2020":null,"populationNote":"境界またぎ・収録外等のため自治体内人口は未集計"},"geometry":{"type":"Polygon","coordinates":[[[131.2625,33.30833333333333],[131.2625,33.31666666666667],[131.275,33.31666666666667],[131.275,33.30833333333333],[131.2625,33.30833333333333]]]}},{"type":"Feature","id":"44462:49317272","properties":{"id":"44462:49317272","meshCode":"49317272","cityCode":"44462","city":"玖珠町","lat":33.3125,"lon":131.28125,"areaKm2":1.0758548,"populated2020":false,"population2020":null,"populationNote":"境界またぎ・収録外等のため自治体内人口は未集計"},"geometry":{"type":"Polygon","coordinates":[[[131.275,33.30833333333333],[131.275,33.31666666666667],[131.2875,33.31666666666667],[131.2875,33.30833333333333],[131.275,33.30833333333333]]]}},{"type":"Feature","id":"44462:49317273","properties":{"id":"44462:49317273","meshCode":"49317273","cityCode":"44462","city":"玖珠町","lat":33.3125,"lon":131.29375,"areaKm2":1.0758548,"populated2020":false,"population2020":null,"populationNote":"境界またぎ・収録外等のため自治体内人口は未集計"},"geometry":{"type":"Polygon","coordinates":[[[131.2875,33.30833333333333],[131.2875,33.31666666666667],[131.30000000000004,33.31666666666668],[131.30000000000004,33.30833333333334],[131.2875,33.30833333333333]]]}},{"type":"Feature","id":"44462:49317274","properties":{"id":"44462:49317274","meshCode":"49317274","cityCode":"44462","city":"玖珠町","lat":33.3125,"lon":131.30625,"areaKm2":1.0758548,"populated2020":false,"population2020":null,"populationNote":"境界またぎ・収録外等のため自治体内人口は未集計"},"geometry":{"type":"Polygon","coordinates":[[[131.30000000000004,33.30833333333334],[131.30000000000004,33.31666666666668],[131.3125,33.31666666666667],[131.3125,33.30833333333333],[131.30000000000004,33.30833333333334]]]}},{"type":"Feature","id":"44462:49317275","properties":{"id":"44462:49317275","meshCode":"49317275","cityCode":"44462","city":"玖珠町","lat":33.3125,"lon":131.31875,"areaKm2":1.0708902,"populated2020":false,"population2020":null,"populationNote":"境界またぎ・収録外等のため自治体内人口は未集計"},"geometry":{"type":"Polygon","coordinates":[[[131.325,33.310179171],[131.324625253,33.309308171],[131.3248184819288,33.30833333333334],[131.3125,33.30833333333333],[131.3125,33.31666666666667],[131.325,33.31666666666666],[131.325,33.310179171]]]}},{"type":"Feature","id":"44462:49317276","properties":{"id":"44462:49317276","meshCode":"49317276","cityCode":"44462","city":"玖珠町","lat":33.3134843,"lon":131.327831,"areaKm2":0.2937431,"populated2020":false,"population2020":null,"populationNote":"境界またぎ・収録外等のため自治体内人口は未集計"},"geometry":{"type":"Polygon","coordinates":[[[131.33234399475938,33.31666666666666],[131.331595253,33.314767586],[131.331311089,33.314442306],[131.33077885900002,33.314173143999994],[131.33060192,33.31330758600001],[131.330308859,33.313118703],[131.329709974,33.312919541],[131.329084137,33.312845928],[131.328692205,33.312399261],[131.328257471,33.312262874000005],[131.327618314,33.312213991],[131.326420259,33.311738441],[131.325782477,33.311313441],[131.325,33.310179171],[131.325,33.31666666666666],[131.33234399475938,33.31666666666666]]]}},{"type":"Feature","id":"44462:49317084","properties":{"id":"44462:49317084","meshCode":"49317084","cityCode":"44462","city":"玖珠町","lat":33.3174524,"lon":131.0620285,"areaKm2":0.0177389,"populated2020":true,"population2020":null,"populationNote":"境界またぎ・収録外等のため自治体内人口は未集計"},"geometry":{"type":"Polygon","coordinates":[[[131.059984903,33.316666667],[131.061719831,33.317537315],[131.0625,33.3183686947477],[131.0625,33.31666666666667],[131.059984903,33.316666667]]]}},{"type":"Feature","id":"44462:49317085","properties":{"id":"44462:49317085","meshCode":"49317085","cityCode":"44462","city":"玖珠町","lat":33.3208333,"lon":131.06875,"areaKm2":0.8468851,"populated2020":false,"population2020":null,"populationNote":"境界またぎ・収録外等のため自治体内人口は未集計"},"geometry":{"type":"Polygon","coordinates":[[[131.0625,33.3183686947477],[131.064983969,33.321311243],[131.06502096,33.321589405],[131.064765305,33.322939684999994],[131.065267575,33.322729586],[131.065352957,33.323636865000005],[131.065690104,33.325],[131.06795821,33.325],[131.068725305,33.32405240500001],[131.069748638,33.32351490100001],[131.070115863,33.32345295499999],[131.07158503200003,33.32354935099999],[131.072083645,33.323394351],[131.072425032,33.323422126],[131.072740026,33.32356685599999],[131.073199196,33.32345324300001],[131.073986135,33.32350490999999],[131.074213632,33.323587685],[131.074301141,33.323773523],[131.074300856,33.324863532],[131.074144384,33.325],[131.075,33.325],[131.075,33.31666666666666],[131.0625,33.31666666666667],[131.0625,33.3183686947477]]]}},{"type":"Feature","id":"44462:49317086","properties":{"id":"44462:49317086","meshCode":"49317086","cityCode":"44462","city":"玖珠町","lat":33.3208333,"lon":131.08125,"areaKm2":1.0757538,"populated2020":true,"population2020":null,"populationNote":"境界またぎ・収録外等のため自治体内人口は未集計"},"geometry":{"type":"Polygon","coordinates":[[[131.075,33.31666666666666],[131.075,33.325],[131.0875,33.324999999999996],[131.0875,33.31666666666666],[131.075,33.31666666666666]]]}},{"type":"Feature","id":"44462:49317087","properties":{"id":"44462:49317087","meshCode":"49317087","cityCode":"44462","city":"玖珠町","lat":33.3208333,"lon":131.09375,"areaKm2":1.0757538,"populated2020":true,"population2020":null,"populationNote":"境界またぎ・収録外等のため自治体内人口は未集計"},"geometry":{"type":"Polygon","coordinates":[[[131.0875,33.31666666666666],[131.0875,33.324999999999996],[131.1,33.325],[131.1,33.31666666666667],[131.0875,33.31666666666666]]]}},{"type":"Feature","id":"44462:49317088","properties":{"id":"44462:49317088","meshCode":"49317088","cityCode":"44462","city":"玖珠町","lat":33.3208333,"lon":131.10625,"areaKm2":1.0757538,"populated2020":false,"population2020":null,"populationNote":"境界またぎ・収録外等のため自治体内人口は未集計"},"geometry":{"type":"Polygon","coordinates":[[[131.1,33.31666666666667],[131.1,33.325],[131.1125,33.325],[131.1125,33.31666666666667],[131.1,33.31666666666667]]]}},{"type":"Feature","id":"44462:49317089","properties":{"id":"44462:49317089","meshCode":"49317089","cityCode":"44462","city":"玖珠町","lat":33.3208333,"lon":131.11875,"areaKm2":1.0757538,"populated2020":true,"population2020":null,"populationNote":"境界またぎ・収録外等のため自治体内人口は未集計"},"geometry":{"type":"Polygon","coordinates":[[[131.1125,33.31666666666667],[131.1125,33.325],[131.125,33.325],[131.125,33.31666666666668],[131.1125,33.31666666666667]]]}},{"type":"Feature","id":"44462:49317180","properties":{"id":"44462:49317180","meshCode":"49317180","cityCode":"44462","city":"玖珠町","lat":33.3208333,"lon":131.13125,"areaKm2":1.0757538,"populated2020":true,"population2020":136.4311,"populationNote":"2020年基準人口（国交省調整値）"},"geometry":{"type":"Polygon","coordinates":[[[131.125,33.31666666666668],[131.125,33.325],[131.1375,33.324999999999996],[131.1375,33.31666666666667],[131.125,33.31666666666668]]]}},{"type":"Feature","id":"44462:49317181","properties":{"id":"44462:49317181","meshCode":"49317181","cityCode":"44462","city":"玖珠町","lat":33.3208333,"lon":131.14375,"areaKm2":1.0757538,"populated2020":true,"population2020":null,"populationNote":"境界またぎ・収録外等のため自治体内人口は未集計"},"geometry":{"type":"Polygon","coordinates":[[[131.1375,33.31666666666667],[131.1375,33.324999999999996],[131.15,33.324999999999996],[131.15,33.31666666666666],[131.1375,33.31666666666667]]]}},{"type":"Feature","id":"44462:49317182","properties":{"id":"44462:49317182","meshCode":"49317182","cityCode":"44462","city":"玖珠町","lat":33.3208333,"lon":131.15625,"areaKm2":1.0757538,"populated2020":true,"population2020":null,"populationNote":"境界またぎ・収録外等のため自治体内人口は未集計"},"geometry":{"type":"Polygon","coordinates":[[[131.15,33.31666666666666],[131.15,33.324999999999996],[131.1625,33.325],[131.1625,33.31666666666667],[131.15,33.31666666666666]]]}},{"type":"Feature","id":"44462:49317183","properties":{"id":"44462:49317183","meshCode":"49317183","cityCode":"44462","city":"玖珠町","lat":33.3208333,"lon":131.16875,"areaKm2":1.0757538,"populated2020":true,"population2020":null,"populationNote":"境界またぎ・収録外等のため自治体内人口は未集計"},"geometry":{"type":"Polygon","coordinates":[[[131.1625,33.31666666666667],[131.1625,33.325],[131.175,33.325],[131.175,33.31666666666667],[131.1625,33.31666666666667]]]}},{"type":"Feature","id":"44462:49317184","properties":{"id":"44462:49317184","meshCode":"49317184","cityCode":"44462","city":"玖珠町","lat":33.3208333,"lon":131.18125,"areaKm2":1.0757538,"populated2020":false,"population2020":null,"populationNote":"境界またぎ・収録外等のため自治体内人口は未集計"},"geometry":{"type":"Polygon","coordinates":[[[131.175,33.31666666666667],[131.175,33.325],[131.1875,33.324999999999996],[131.1875,33.31666666666667],[131.175,33.31666666666667]]]}},{"type":"Feature","id":"44462:49317185","properties":{"id":"44462:49317185","meshCode":"49317185","cityCode":"44462","city":"玖珠町","lat":33.3208333,"lon":131.19375,"areaKm2":1.0757538,"populated2020":true,"population2020":null,"populationNote":"境界またぎ・収録外等のため自治体内人口は未集計"},"geometry":{"type":"Polygon","coordinates":[[[131.1875,33.31666666666667],[131.1875,33.324999999999996],[131.2,33.325],[131.2,33.31666666666667],[131.1875,33.31666666666667]]]}},{"type":"Feature","id":"44462:49317186","properties":{"id":"44462:49317186","meshCode":"49317186","cityCode":"44462","city":"玖珠町","lat":33.3208333,"lon":131.20625,"areaKm2":1.0757538,"populated2020":true,"population2020":null,"populationNote":"境界またぎ・収録外等のため自治体内人口は未集計"},"geometry":{"type":"Polygon","coordinates":[[[131.2,33.31666666666667],[131.2,33.325],[131.2125,33.325],[131.2125,33.31666666666668],[131.2,33.31666666666667]]]}},{"type":"Feature","id":"44462:49317187","properties":{"id":"44462:49317187","meshCode":"49317187","cityCode":"44462","city":"玖珠町","lat":33.3208333,"lon":131.21875,"areaKm2":1.0757538,"populated2020":true,"population2020":null,"populationNote":"境界またぎ・収録外等のため自治体内人口は未集計"},"geometry":{"type":"Polygon","coordinates":[[[131.2125,33.31666666666668],[131.2125,33.325],[131.225,33.32500000000001],[131.225,33.31666666666667],[131.2125,33.31666666666668]]]}},{"type":"Feature","id":"44462:49317188","properties":{"id":"44462:49317188","meshCode":"49317188","cityCode":"44462","city":"玖珠町","lat":33.3208333,"lon":131.23125,"areaKm2":1.0757538,"populated2020":false,"population2020":null,"populationNote":"境界またぎ・収録外等のため自治体内人口は未集計"},"geometry":{"type":"Polygon","coordinates":[[[131.225,33.31666666666667],[131.225,33.32500000000001],[131.2375,33.324999999999996],[131.2375,33.31666666666666],[131.225,33.31666666666667]]]}},{"type":"Feature","id":"44462:49317189","properties":{"id":"44462:49317189","meshCode":"49317189","cityCode":"44462","city":"玖珠町","lat":33.3208333,"lon":131.24375,"areaKm2":1.0757538,"populated2020":false,"population2020":null,"populationNote":"境界またぎ・収録外等のため自治体内人口は未集計"},"geometry":{"type":"Polygon","coordinates":[[[131.2375,33.31666666666666],[131.2375,33.324999999999996],[131.25,33.325],[131.25,33.31666666666666],[131.2375,33.31666666666666]]]}},{"type":"Feature","id":"44462:49317280","properties":{"id":"44462:49317280","meshCode":"49317280","cityCode":"44462","city":"玖珠町","lat":33.3208333,"lon":131.25625,"areaKm2":1.0757538,"populated2020":false,"population2020":null,"populationNote":"境界またぎ・収録外等のため自治体内人口は未集計"},"geometry":{"type":"Polygon","coordinates":[[[131.25,33.31666666666666],[131.25,33.325],[131.2625,33.324999999999996],[131.2625,33.31666666666667],[131.25,33.31666666666666]]]}},{"type":"Feature","id":"44462:49317281","properties":{"id":"44462:49317281","meshCode":"49317281","cityCode":"44462","city":"玖珠町","lat":33.3208333,"lon":131.26875,"areaKm2":1.0757538,"populated2020":false,"population2020":null,"populationNote":"境界またぎ・収録外等のため自治体内人口は未集計"},"geometry":{"type":"Polygon","coordinates":[[[131.2625,33.31666666666667],[131.2625,33.324999999999996],[131.275,33.324999999999996],[131.275,33.31666666666667],[131.2625,33.31666666666667]]]}},{"type":"Feature","id":"44462:49317282","properties":{"id":"44462:49317282","meshCode":"49317282","cityCode":"44462","city":"玖珠町","lat":33.3208333,"lon":131.28125,"areaKm2":1.0757538,"populated2020":false,"population2020":null,"populationNote":"境界またぎ・収録外等のため自治体内人口は未集計"},"geometry":{"type":"Polygon","coordinates":[[[131.275,33.31666666666667],[131.275,33.324999999999996],[131.2875,33.324999999999996],[131.2875,33.31666666666667],[131.275,33.31666666666667]]]}},{"type":"Feature","id":"44462:49317283","properties":{"id":"44462:49317283","meshCode":"49317283","cityCode":"44462","city":"玖珠町","lat":33.3208333,"lon":131.29375,"areaKm2":1.0757538,"populated2020":false,"population2020":null,"populationNote":"境界またぎ・収録外等のため自治体内人口は未集計"},"geometry":{"type":"Polygon","coordinates":[[[131.2875,33.31666666666667],[131.2875,33.324999999999996],[131.30000000000004,33.325],[131.30000000000004,33.31666666666668],[131.2875,33.31666666666667]]]}},{"type":"Feature","id":"44462:49317284","properties":{"id":"44462:49317284","meshCode":"49317284","cityCode":"44462","city":"玖珠町","lat":33.3208333,"lon":131.30625,"areaKm2":1.0713451,"populated2020":false,"population2020":null,"populationNote":"境界またぎ・収録外等のため自治体内人口は未集計"},"geometry":{"type":"Polygon","coordinates":[[[131.310555136,33.325],[131.310766667,33.324829856],[131.312058327,33.32482291],[131.312328885,33.324690135000004],[131.312444436,33.324490684999994],[131.3125,33.31666666666667],[131.30000000000004,33.31666666666668],[131.30000000000004,33.325],[131.310555136,33.325]]]}},{"type":"Feature","id":"44462:49317285","properties":{"id":"44462:49317285","meshCode":"49317285","cityCode":"44462","city":"玖珠町","lat":33.3208333,"lon":131.31875,"areaKm2":0.641148,"populated2020":false,"population2020":null,"populationNote":"境界またぎ・収録外等のため自治体内人口は未集計"},"geometry":{"type":"Polygon","coordinates":[[[131.3125,33.32343038160025],[131.312674721,33.32282845900001],[131.314117211,33.322475369],[131.315893606,33.32188144100001],[131.316479429,33.321821981999996],[131.317753048,33.321902225],[131.318446939,33.321741927999994],[131.320075824,33.321171891999995],[131.322500545,33.32106738699999],[131.322935538,33.320972937],[131.324278872,33.320969568],[131.325,33.32076509],[131.325,33.31666666666666],[131.3125,33.31666666666667],[131.3125,33.32343038160025]]]}},{"type":"Feature","id":"44462:49317286","properties":{"id":"44462:49317286","meshCode":"49317286","cityCode":"44462","city":"玖珠町","lat":33.3186336,"lon":131.3279844,"areaKm2":0.2159267,"populated2020":false,"population2020":null,"populationNote":"境界またぎ・収録外等のため自治体内人口は未集計"},"geometry":{"type":"Polygon","coordinates":[[[131.325000259,33.320764991000004],[131.325509987,33.32056149499999],[131.326317756,33.32062427],[131.326854708,33.320550928],[131.328693307,33.319450928],[131.329505538,33.319076757],[131.329953593,33.318919252],[131.330645811,33.318929811],[131.331860259,33.31786535999999],[131.332676641,33.31750869399999],[131.33248636800002,33.31687730600001],[131.33234406,33.316666748],[131.325,33.31666666666666],[131.325000259,33.320764991000004]]]}},{"type":"Feature","id":"44462:49317095","properties":{"id":"44462:49317095","meshCode":"49317095","cityCode":"44462","city":"玖珠町","lat":33.3291667,"lon":131.06875,"areaKm2":0.3733978,"populated2020":true,"population2020":null,"populationNote":"境界またぎ・収録外等のため自治体内人口は未集計"},"geometry":{"type":"MultiPolygon","coordinates":[[[[131.065690246,33.32500045],[131.065986693,33.325631847],[131.066131141,33.325797126],[131.066419468,33.32589018000001],[131.067224189,33.32568018],[131.06795821,33.325],[131.065690246,33.32500045]]],[[[131.074144163,33.325000477],[131.073977237,33.325790198],[131.074379741,33.326320757],[131.074217795,33.327126036],[131.072700571,33.327084649],[131.072429183,33.327466865000005],[131.071954734,33.32778909],[131.070179183,33.328505757],[131.069560856,33.328498261],[131.068773904,33.32832936900001],[131.068498353,33.32838464000001],[131.068559455,33.329925207],[131.068765019,33.330466045],[131.069201958,33.33155132400001],[131.070088898,33.33258299999999],[131.070206952,33.332965505],[131.0704779902825,33.333333333333336],[131.075,33.333333333333336],[131.075,33.325],[131.074144163,33.325000477]]]]}},{"type":"Feature","id":"44462:49317096","properties":{"id":"44462:49317096","meshCode":"49317096","cityCode":"44462","city":"玖珠町","lat":33.3291667,"lon":131.08125,"areaKm2":1.0756529,"populated2020":true,"population2020":null,"populationNote":"境界またぎ・収録外等のため自治体内人口は未集計"},"geometry":{"type":"Polygon","coordinates":[[[131.075,33.325],[131.075,33.333333333333336],[131.0875,33.333333333333336],[131.0875,33.324999999999996],[131.075,33.325]]]}},{"type":"Feature","id":"44462:49317097","properties":{"id":"44462:49317097","meshCode":"49317097","cityCode":"44462","city":"玖珠町","lat":33.3291667,"lon":131.09375,"areaKm2":1.0756529,"populated2020":false,"population2020":null,"populationNote":"境界またぎ・収録外等のため自治体内人口は未集計"},"geometry":{"type":"Polygon","coordinates":[[[131.0875,33.324999999999996],[131.0875,33.333333333333336],[131.1,33.333333333333336],[131.1,33.325],[131.0875,33.324999999999996]]]}},{"type":"Feature","id":"44462:49317098","properties":{"id":"44462:49317098","meshCode":"49317098","cityCode":"44462","city":"玖珠町","lat":33.3291667,"lon":131.10625,"areaKm2":1.0756529,"populated2020":false,"population2020":null,"populationNote":"境界またぎ・収録外等のため自治体内人口は未集計"},"geometry":{"type":"Polygon","coordinates":[[[131.1,33.325],[131.1,33.333333333333336],[131.1125,33.333333333333336],[131.1125,33.325],[131.1,33.325]]]}},{"type":"Feature","id":"44462:49317099","properties":{"id":"44462:49317099","meshCode":"49317099","cityCode":"44462","city":"玖珠町","lat":33.3291667,"lon":131.11875,"areaKm2":1.0756529,"populated2020":false,"population2020":null,"populationNote":"境界またぎ・収録外等のため自治体内人口は未集計"},"geometry":{"type":"Polygon","coordinates":[[[131.1125,33.325],[131.1125,33.333333333333336],[131.125,33.333333333333336],[131.125,33.325],[131.1125,33.325]]]}},{"type":"Feature","id":"44462:49317190","properties":{"id":"44462:49317190","meshCode":"49317190","cityCode":"44462","city":"玖珠町","lat":33.3291667,"lon":131.13125,"areaKm2":1.0756529,"populated2020":true,"population2020":null,"populationNote":"境界またぎ・収録外等のため自治体内人口は未集計"},"geometry":{"type":"Polygon","coordinates":[[[131.125,33.325],[131.125,33.333333333333336],[131.1375,33.33333333333333],[131.1375,33.324999999999996],[131.125,33.325]]]}},{"type":"Feature","id":"44462:49317191","properties":{"id":"44462:49317191","meshCode":"49317191","cityCode":"44462","city":"玖珠町","lat":33.3291667,"lon":131.14375,"areaKm2":1.0756529,"populated2020":true,"population2020":null,"populationNote":"境界またぎ・収録外等のため自治体内人口は未集計"},"geometry":{"type":"Polygon","coordinates":[[[131.1375,33.324999999999996],[131.1375,33.33333333333333],[131.15,33.333333333333336],[131.15,33.324999999999996],[131.1375,33.324999999999996]]]}},{"type":"Feature","id":"44462:49317192","properties":{"id":"44462:49317192","meshCode":"49317192","cityCode":"44462","city":"玖珠町","lat":33.3291667,"lon":131.15625,"areaKm2":1.0756529,"populated2020":true,"population2020":null,"populationNote":"境界またぎ・収録外等のため自治体内人口は未集計"},"geometry":{"type":"Polygon","coordinates":[[[131.15,33.324999999999996],[131.15,33.333333333333336],[131.1625,33.333333333333336],[131.1625,33.325],[131.15,33.324999999999996]]]}},{"type":"Feature","id":"44462:49317193","properties":{"id":"44462:49317193","meshCode":"49317193","cityCode":"44462","city":"玖珠町","lat":33.3291667,"lon":131.16875,"areaKm2":1.0756529,"populated2020":true,"population2020":40.0618,"populationNote":"2020年基準人口（国交省調整値）"},"geometry":{"type":"Polygon","coordinates":[[[131.1625,33.325],[131.1625,33.333333333333336],[131.175,33.333333333333336],[131.175,33.325],[131.1625,33.325]]]}},{"type":"Feature","id":"44462:49317194","properties":{"id":"44462:49317194","meshCode":"49317194","cityCode":"44462","city":"玖珠町","lat":33.3291667,"lon":131.18125,"areaKm2":1.0756529,"populated2020":true,"population2020":null,"populationNote":"境界またぎ・収録外等のため自治体内人口は未集計"},"geometry":{"type":"Polygon","coordinates":[[[131.175,33.325],[131.175,33.333333333333336],[131.1875,33.333333333333336],[131.1875,33.324999999999996],[131.175,33.325]]]}},{"type":"Feature","id":"44462:49317195","properties":{"id":"44462:49317195","meshCode":"49317195","cityCode":"44462","city":"玖珠町","lat":33.3291667,"lon":131.19375,"areaKm2":1.0756529,"populated2020":true,"population2020":null,"populationNote":"境界またぎ・収録外等のため自治体内人口は未集計"},"geometry":{"type":"Polygon","coordinates":[[[131.1875,33.324999999999996],[131.1875,33.333333333333336],[131.2,33.333333333333336],[131.2,33.325],[131.1875,33.324999999999996]]]}},{"type":"Feature","id":"44462:49317196","properties":{"id":"44462:49317196","meshCode":"49317196","cityCode":"44462","city":"玖珠町","lat":33.3291667,"lon":131.20625,"areaKm2":1.0756529,"populated2020":false,"population2020":null,"populationNote":"境界またぎ・収録外等のため自治体内人口は未集計"},"geometry":{"type":"Polygon","coordinates":[[[131.2,33.325],[131.2,33.333333333333336],[131.2125,33.333333333333336],[131.2125,33.325],[131.2,33.325]]]}},{"type":"Feature","id":"44462:49317197","properties":{"id":"44462:49317197","meshCode":"49317197","cityCode":"44462","city":"玖珠町","lat":33.3291667,"lon":131.21875,"areaKm2":1.0756529,"populated2020":false,"population2020":null,"populationNote":"境界またぎ・収録外等のため自治体内人口は未集計"},"geometry":{"type":"Polygon","coordinates":[[[131.2125,33.325],[131.2125,33.333333333333336],[131.225,33.333333333333336],[131.225,33.32500000000001],[131.2125,33.325]]]}},{"type":"Feature","id":"44462:49317198","properties":{"id":"44462:49317198","meshCode":"49317198","cityCode":"44462","city":"玖珠町","lat":33.3291667,"lon":131.23125,"areaKm2":1.0756529,"populated2020":true,"population2020":null,"populationNote":"境界またぎ・収録外等のため自治体内人口は未集計"},"geometry":{"type":"Polygon","coordinates":[[[131.225,33.32500000000001],[131.225,33.333333333333336],[131.2375,33.33333333333333],[131.2375,33.324999999999996],[131.225,33.32500000000001]]]}},{"type":"Feature","id":"44462:49317199","properties":{"id":"44462:49317199","meshCode":"49317199","cityCode":"44462","city":"玖珠町","lat":33.3291667,"lon":131.24375,"areaKm2":1.0756529,"populated2020":false,"population2020":null,"populationNote":"境界またぎ・収録外等のため自治体内人口は未集計"},"geometry":{"type":"Polygon","coordinates":[[[131.2375,33.324999999999996],[131.2375,33.33333333333333],[131.25,33.333333333333336],[131.25,33.325],[131.2375,33.324999999999996]]]}},{"type":"Feature","id":"44462:49317290","properties":{"id":"44462:49317290","meshCode":"49317290","cityCode":"44462","city":"玖珠町","lat":33.3291667,"lon":131.25625,"areaKm2":1.0756529,"populated2020":true,"population2020":null,"populationNote":"境界またぎ・収録外等のため自治体内人口は未集計"},"geometry":{"type":"Polygon","coordinates":[[[131.25,33.325],[131.25,33.333333333333336],[131.2625,33.333333333333336],[131.2625,33.324999999999996],[131.25,33.325]]]}},{"type":"Feature","id":"44462:49317291","properties":{"id":"44462:49317291","meshCode":"49317291","cityCode":"44462","city":"玖珠町","lat":33.3291667,"lon":131.26875,"areaKm2":1.0756529,"populated2020":false,"population2020":null,"populationNote":"境界またぎ・収録外等のため自治体内人口は未集計"},"geometry":{"type":"Polygon","coordinates":[[[131.2625,33.324999999999996],[131.2625,33.333333333333336],[131.275,33.33333333333333],[131.275,33.324999999999996],[131.2625,33.324999999999996]]]}},{"type":"Feature","id":"44462:49317292","properties":{"id":"44462:49317292","meshCode":"49317292","cityCode":"44462","city":"玖珠町","lat":33.3291667,"lon":131.28125,"areaKm2":1.0756529,"populated2020":true,"population2020":null,"populationNote":"境界またぎ・収録外等のため自治体内人口は未集計"},"geometry":{"type":"Polygon","coordinates":[[[131.275,33.324999999999996],[131.275,33.33333333333333],[131.2875,33.33333333333333],[131.2875,33.324999999999996],[131.275,33.324999999999996]]]}},{"type":"Feature","id":"44462:49317293","properties":{"id":"44462:49317293","meshCode":"49317293","cityCode":"44462","city":"玖珠町","lat":33.3291667,"lon":131.29375,"areaKm2":1.0756529,"populated2020":true,"population2020":null,"populationNote":"境界またぎ・収録外等のため自治体内人口は未集計"},"geometry":{"type":"Polygon","coordinates":[[[131.2875,33.324999999999996],[131.2875,33.33333333333333],[131.30000000000004,33.333333333333336],[131.30000000000004,33.325],[131.2875,33.324999999999996]]]}},{"type":"Feature","id":"44462:49317294","properties":{"id":"44462:49317294","meshCode":"49317294","cityCode":"44462","city":"玖珠町","lat":33.3291667,"lon":131.30625,"areaKm2":0.7202043,"populated2020":false,"population2020":null,"populationNote":"境界またぎ・収録外等のため自治体内人口は未集計"},"geometry":{"type":"Polygon","coordinates":[[[131.306927782,33.333333333],[131.307052776,33.332994838000005],[131.307505279,33.332278171],[131.308135551,33.33181318],[131.308002218,33.329906793],[131.308183333,33.327826793],[131.30848917,33.32732318],[131.309008327,33.32684096399999],[131.310555136,33.325],[131.30000000000004,33.325],[131.30000000000004,33.333333333333336],[131.306927782,33.333333333]]]}},{"type":"Feature","id":"44462:50310004","properties":{"id":"44462:50310004","meshCode":"50310004","cityCode":"44462","city":"玖珠町","lat":33.3382433,"lon":131.0602808,"areaKm2":0.2947462,"populated2020":false,"population2020":null,"populationNote":"境界またぎ・収録外等のため自治体内人口は未集計"},"geometry":{"type":"Polygon","coordinates":[[[131.062176667,33.334929667],[131.061611115,33.33512438700001],[131.060827782,33.33521244100001],[131.060069442,33.335728279],[131.059746109,33.335806613],[131.05898166,33.335799937000004],[131.058596109,33.336083829],[131.058347497,33.336168829],[131.057779715,33.336181882999995],[131.057651102,33.336133],[131.057353048,33.335750775],[131.055836109,33.335482991],[131.055948054,33.33628327000001],[131.056088885,33.33643355],[131.056632218,33.336663559],[131.057256381,33.33747994600001],[131.058271375,33.338474955],[131.058468599,33.339070514],[131.05885870294642,33.34166666666667],[131.0625,33.34166666666667],[131.0625,33.335023254302385],[131.062176667,33.334929667]]]}},{"type":"Feature","id":"44462:50310005","properties":{"id":"44462:50310005","meshCode":"50310005","cityCode":"44462","city":"玖珠町","lat":33.3375,"lon":131.06875,"areaKm2":0.8151514,"populated2020":false,"population2020":null,"populationNote":"境界またぎ・収録外等のため自治体内人口は未集計"},"geometry":{"type":"Polygon","coordinates":[[[131.070478418,33.333333837999994],[131.07060834,33.333515225000006],[131.070551673,33.333635784],[131.069536952,33.334396892],[131.069536952,33.334524396],[131.070525837,33.33551218],[131.071726939,33.336251351],[131.071299728,33.33686191],[131.070543606,33.33722718899999],[131.069906109,33.337080793],[131.06956083,33.337077459],[131.068837782,33.337325514],[131.067903048,33.33722912599999],[131.067202218,33.336663568],[131.066861946,33.336504955],[131.065896394,33.336269955],[131.064466667,33.336083838],[131.063552231,33.335360775],[131.0625,33.335023254302385],[131.0625,33.34166666666667],[131.075,33.34166666666666],[131.075,33.333333333333336],[131.070478418,33.333333837999994]]]}},{"type":"Feature","id":"44462:50310006","properties":{"id":"44462:50310006","meshCode":"50310006","cityCode":"44462","city":"玖珠町","lat":33.3375,"lon":131.08125,"areaKm2":1.0755519,"populated2020":true,"population2020":null,"populationNote":"境界またぎ・収録外等のため自治体内人口は未集計"},"geometry":{"type":"Polygon","coordinates":[[[131.075,33.333333333333336],[131.075,33.34166666666666],[131.0875,33.34166666666666],[131.0875,33.333333333333336],[131.075,33.333333333333336]]]}},{"type":"Feature","id":"44462:50310007","properties":{"id":"44462:50310007","meshCode":"50310007","cityCode":"44462","city":"玖珠町","lat":33.3375,"lon":131.09375,"areaKm2":1.0755519,"populated2020":false,"population2020":null,"populationNote":"境界またぎ・収録外等のため自治体内人口は未集計"},"geometry":{"type":"Polygon","coordinates":[[[131.0875,33.333333333333336],[131.0875,33.34166666666666],[131.1,33.34166666666667],[131.1,33.333333333333336],[131.0875,33.333333333333336]]]}},{"type":"Feature","id":"44462:50310008","properties":{"id":"44462:50310008","meshCode":"50310008","cityCode":"44462","city":"玖珠町","lat":33.3375,"lon":131.10625,"areaKm2":1.0755519,"populated2020":false,"population2020":null,"populationNote":"境界またぎ・収録外等のため自治体内人口は未集計"},"geometry":{"type":"Polygon","coordinates":[[[131.1,33.333333333333336],[131.1,33.34166666666667],[131.1125,33.34166666666667],[131.1125,33.333333333333336],[131.1,33.333333333333336]]]}},{"type":"Feature","id":"44462:50310009","properties":{"id":"44462:50310009","meshCode":"50310009","cityCode":"44462","city":"玖珠町","lat":33.3375,"lon":131.11875,"areaKm2":1.0755519,"populated2020":false,"population2020":null,"populationNote":"境界またぎ・収録外等のため自治体内人口は未集計"},"geometry":{"type":"Polygon","coordinates":[[[131.1125,33.333333333333336],[131.1125,33.34166666666667],[131.125,33.34166666666667],[131.125,33.333333333333336],[131.1125,33.333333333333336]]]}},{"type":"Feature","id":"44462:50310100","properties":{"id":"44462:50310100","meshCode":"50310100","cityCode":"44462","city":"玖珠町","lat":33.3375,"lon":131.13125,"areaKm2":1.0755519,"populated2020":true,"population2020":null,"populationNote":"境界またぎ・収録外等のため自治体内人口は未集計"},"geometry":{"type":"Polygon","coordinates":[[[131.125,33.333333333333336],[131.125,33.34166666666667],[131.1375,33.34166666666667],[131.1375,33.33333333333333],[131.125,33.333333333333336]]]}},{"type":"Feature","id":"44462:50310101","properties":{"id":"44462:50310101","meshCode":"50310101","cityCode":"44462","city":"玖珠町","lat":33.3375,"lon":131.14375,"areaKm2":1.0755519,"populated2020":true,"population2020":null,"populationNote":"境界またぎ・収録外等のため自治体内人口は未集計"},"geometry":{"type":"Polygon","coordinates":[[[131.1375,33.33333333333333],[131.1375,33.34166666666667],[131.15,33.34166666666666],[131.15,33.333333333333336],[131.1375,33.33333333333333]]]}},{"type":"Feature","id":"44462:50310102","properties":{"id":"44462:50310102","meshCode":"50310102","cityCode":"44462","city":"玖珠町","lat":33.3375,"lon":131.15625,"areaKm2":1.0755519,"populated2020":false,"population2020":null,"populationNote":"境界またぎ・収録外等のため自治体内人口は未集計"},"geometry":{"type":"Polygon","coordinates":[[[131.15,33.333333333333336],[131.15,33.34166666666666],[131.1625,33.34166666666666],[131.1625,33.333333333333336],[131.15,33.333333333333336]]]}},{"type":"Feature","id":"44462:50310103","properties":{"id":"44462:50310103","meshCode":"50310103","cityCode":"44462","city":"玖珠町","lat":33.3375,"lon":131.16875,"areaKm2":1.0755519,"populated2020":true,"population2020":null,"populationNote":"境界またぎ・収録外等のため自治体内人口は未集計"},"geometry":{"type":"Polygon","coordinates":[[[131.1625,33.333333333333336],[131.1625,33.34166666666666],[131.175,33.34166666666666],[131.175,33.333333333333336],[131.1625,33.333333333333336]]]}},{"type":"Feature","id":"44462:50310104","properties":{"id":"44462:50310104","meshCode":"50310104","cityCode":"44462","city":"玖珠町","lat":33.3375,"lon":131.18125,"areaKm2":1.0755519,"populated2020":false,"population2020":null,"populationNote":"境界またぎ・収録外等のため自治体内人口は未集計"},"geometry":{"type":"Polygon","coordinates":[[[131.175,33.333333333333336],[131.175,33.34166666666666],[131.1875,33.341666666666676],[131.1875,33.333333333333336],[131.175,33.333333333333336]]]}},{"type":"Feature","id":"44462:50310105","properties":{"id":"44462:50310105","meshCode":"50310105","cityCode":"44462","city":"玖珠町","lat":33.3375,"lon":131.19375,"areaKm2":1.0755519,"populated2020":false,"population2020":null,"populationNote":"境界またぎ・収録外等のため自治体内人口は未集計"},"geometry":{"type":"Polygon","coordinates":[[[131.1875,33.333333333333336],[131.1875,33.341666666666676],[131.2,33.34166666666667],[131.2,33.333333333333336],[131.1875,33.333333333333336]]]}},{"type":"Feature","id":"44462:50310106","properties":{"id":"44462:50310106","meshCode":"50310106","cityCode":"44462","city":"玖珠町","lat":33.3375,"lon":131.20625,"areaKm2":1.0755519,"populated2020":true,"population2020":null,"populationNote":"境界またぎ・収録外等のため自治体内人口は未集計"},"geometry":{"type":"Polygon","coordinates":[[[131.2,33.333333333333336],[131.2,33.34166666666667],[131.2125,33.34166666666667],[131.2125,33.333333333333336],[131.2,33.333333333333336]]]}},{"type":"Feature","id":"44462:50310107","properties":{"id":"44462:50310107","meshCode":"50310107","cityCode":"44462","city":"玖珠町","lat":33.3375,"lon":131.21875,"areaKm2":1.0755519,"populated2020":true,"population2020":null,"populationNote":"境界またぎ・収録外等のため自治体内人口は未集計"},"geometry":{"type":"Polygon","coordinates":[[[131.2125,33.333333333333336],[131.2125,33.34166666666667],[131.225,33.34166666666667],[131.225,33.333333333333336],[131.2125,33.333333333333336]]]}},{"type":"Feature","id":"44462:50310108","properties":{"id":"44462:50310108","meshCode":"50310108","cityCode":"44462","city":"玖珠町","lat":33.3375,"lon":131.23125,"areaKm2":1.0755519,"populated2020":true,"population2020":null,"populationNote":"境界またぎ・収録外等のため自治体内人口は未集計"},"geometry":{"type":"Polygon","coordinates":[[[131.225,33.333333333333336],[131.225,33.34166666666667],[131.2375,33.34166666666666],[131.2375,33.33333333333333],[131.225,33.333333333333336]]]}},{"type":"Feature","id":"44462:50310109","properties":{"id":"44462:50310109","meshCode":"50310109","cityCode":"44462","city":"玖珠町","lat":33.3375,"lon":131.24375,"areaKm2":1.0755519,"populated2020":true,"population2020":null,"populationNote":"境界またぎ・収録外等のため自治体内人口は未集計"},"geometry":{"type":"Polygon","coordinates":[[[131.2375,33.33333333333333],[131.2375,33.34166666666666],[131.25,33.34166666666667],[131.25,33.333333333333336],[131.2375,33.33333333333333]]]}},{"type":"Feature","id":"44462:50310200","properties":{"id":"44462:50310200","meshCode":"50310200","cityCode":"44462","city":"玖珠町","lat":33.3375,"lon":131.25625,"areaKm2":1.0755519,"populated2020":true,"population2020":null,"populationNote":"境界またぎ・収録外等のため自治体内人口は未集計"},"geometry":{"type":"Polygon","coordinates":[[[131.25,33.333333333333336],[131.25,33.34166666666667],[131.2625,33.34166666666667],[131.2625,33.333333333333336],[131.25,33.333333333333336]]]}},{"type":"Feature","id":"44462:50310201","properties":{"id":"44462:50310201","meshCode":"50310201","cityCode":"44462","city":"玖珠町","lat":33.3375,"lon":131.26875,"areaKm2":0.990086,"populated2020":false,"population2020":null,"populationNote":"境界またぎ・収録外等のため自治体内人口は未集計"},"geometry":{"type":"Polygon","coordinates":[[[131.271768379,33.341641802000005],[131.271842542,33.340978459],[131.271985318,33.340618459],[131.272261699,33.340310964],[131.27355725,33.339291514],[131.273785863,33.338594009000005],[131.274186135,33.337957063],[131.275,33.33710619800001],[131.275,33.33333333333333],[131.2625,33.333333333333336],[131.2625,33.34166666666667],[131.271768379,33.341641802000005]]]}},{"type":"Feature","id":"44462:50310202","properties":{"id":"44462:50310202","meshCode":"50310202","cityCode":"44462","city":"玖珠町","lat":33.335222,"lon":131.2845587,"areaKm2":0.2606509,"populated2020":false,"population2020":null,"populationNote":"境界またぎ・収録外等のため自治体内人口は未集計"},"geometry":{"type":"Polygon","coordinates":[[[131.275000298,33.33710591900001],[131.275471971,33.336669009000005],[131.275746407,33.33606845],[131.276090856,33.335754279],[131.277612516,33.33493678399999],[131.278603904,33.334804279],[131.279010298,33.334680667],[131.279514462,33.33476011700001],[131.280266122,33.33506038699999],[131.28069751,33.334965387],[131.281053074,33.33499845],[131.281716965,33.33526345],[131.283586952,33.33544845],[131.285129455,33.335428171],[131.2875,33.33567336294875],[131.2875,33.33333333333333],[131.275,33.33333333333333],[131.275000298,33.33710591900001]]]}},{"type":"Feature","id":"44462:50310203","properties":{"id":"44462:50310203","meshCode":"50310203","cityCode":"44462","city":"玖珠町","lat":33.3342694,"lon":131.29375,"areaKm2":0.3340655,"populated2020":false,"population2020":null,"populationNote":"境界またぎ・収録外等のため自治体内人口は未集計"},"geometry":{"type":"Polygon","coordinates":[[[131.287521401,33.335675387],[131.289628625,33.33623483800001],[131.291485006,33.336210945999994],[131.292692789,33.33639622500001],[131.29351917,33.33622427899999],[131.294614449,33.336190946],[131.29501834,33.336114559],[131.296074449,33.335335387],[131.296494721,33.335205387],[131.29740472100002,33.335470117],[131.298714176,33.335430945999995],[131.299403333,33.33580845],[131.30000000000004,33.33593642300001],[131.30000000000004,33.333333333333336],[131.2875,33.33333333333333],[131.287521401,33.335675387]]]}},{"type":"Feature","id":"44462:50310204","properties":{"id":"44462:50310204","meshCode":"50310204","cityCode":"44462","city":"玖珠町","lat":33.3351937,"lon":131.3029941,"areaKm2":0.2043647,"populated2020":false,"population2020":null,"populationNote":"境界またぎ・収録外等のため自治体内人口は未集計"},"geometry":{"type":"Polygon","coordinates":[[[131.300000285,33.335936477],[131.300978898,33.336271505],[131.302541673,33.337097333],[131.303143891,33.337104838],[131.303647782,33.33688427900001],[131.304539728,33.33621706300001],[131.305214163,33.33603873],[131.30545834,33.335895396],[131.30671166,33.334328171],[131.30692778187992,33.333333333333336],[131.30000000000004,33.333333333333336],[131.300000285,33.335936477]]]}},{"type":"Feature","id":"44462:50310014","properties":{"id":"44462:50310014","meshCode":"50310014","cityCode":"44462","city":"玖珠町","lat":33.3464385,"lon":131.0608989,"areaKm2":0.2556143,"populated2020":true,"population2020":null,"populationNote":"境界またぎ・収録外等のため自治体内人口は未集計"},"geometry":{"type":"Polygon","coordinates":[[[131.058858703,33.341666667],[131.059273865,33.344505811],[131.059334137,33.348068045],[131.060453865,33.34848610800001],[131.06102192,33.348847775],[131.06065166,33.349999999999994],[131.0625,33.349999999999994],[131.0625,33.34166666666667],[131.058858703,33.341666667]]]}},{"type":"Feature","id":"44462:50310015","properties":{"id":"44462:50310015","meshCode":"50310015","cityCode":"44462","city":"玖珠町","lat":33.3458333,"lon":131.06875,"areaKm2":1.075451,"populated2020":true,"population2020":null,"populationNote":"境界またぎ・収録外等のため自治体内人口は未集計"},"geometry":{"type":"Polygon","coordinates":[[[131.0625,33.34166666666667],[131.0625,33.349999999999994],[131.075,33.35],[131.075,33.34166666666666],[131.0625,33.34166666666667]]]}},{"type":"Feature","id":"44462:50310016","properties":{"id":"44462:50310016","meshCode":"50310016","cityCode":"44462","city":"玖珠町","lat":33.3458333,"lon":131.08125,"areaKm2":1.075451,"populated2020":true,"population2020":null,"populationNote":"境界またぎ・収録外等のため自治体内人口は未集計"},"geometry":{"type":"Polygon","coordinates":[[[131.075,33.34166666666666],[131.075,33.35],[131.0875,33.34999999999999],[131.0875,33.34166666666666],[131.075,33.34166666666666]]]}},{"type":"Feature","id":"44462:50310017","properties":{"id":"44462:50310017","meshCode":"50310017","cityCode":"44462","city":"玖珠町","lat":33.3458333,"lon":131.09375,"areaKm2":1.075451,"populated2020":true,"population2020":null,"populationNote":"境界またぎ・収録外等のため自治体内人口は未集計"},"geometry":{"type":"Polygon","coordinates":[[[131.0875,33.34166666666666],[131.0875,33.34999999999999],[131.1,33.349999999999994],[131.1,33.34166666666667],[131.0875,33.34166666666666]]]}},{"type":"Feature","id":"44462:50310018","properties":{"id":"44462:50310018","meshCode":"50310018","cityCode":"44462","city":"玖珠町","lat":33.3458333,"lon":131.10625,"areaKm2":1.075451,"populated2020":false,"population2020":null,"populationNote":"境界またぎ・収録外等のため自治体内人口は未集計"},"geometry":{"type":"Polygon","coordinates":[[[131.1,33.34166666666667],[131.1,33.349999999999994],[131.1125,33.35],[131.1125,33.34166666666667],[131.1,33.34166666666667]]]}},{"type":"Feature","id":"44462:50310019","properties":{"id":"44462:50310019","meshCode":"50310019","cityCode":"44462","city":"玖珠町","lat":33.3458333,"lon":131.11875,"areaKm2":1.075451,"populated2020":true,"population2020":null,"populationNote":"境界またぎ・収録外等のため自治体内人口は未集計"},"geometry":{"type":"Polygon","coordinates":[[[131.1125,33.34166666666667],[131.1125,33.35],[131.125,33.349999999999994],[131.125,33.34166666666667],[131.1125,33.34166666666667]]]}},{"type":"Feature","id":"44462:50310110","properties":{"id":"44462:50310110","meshCode":"50310110","cityCode":"44462","city":"玖珠町","lat":33.3458333,"lon":131.13125,"areaKm2":1.075451,"populated2020":true,"population2020":null,"populationNote":"境界またぎ・収録外等のため自治体内人口は未集計"},"geometry":{"type":"Polygon","coordinates":[[[131.125,33.34166666666667],[131.125,33.349999999999994],[131.1375,33.35],[131.1375,33.34166666666667],[131.125,33.34166666666667]]]}},{"type":"Feature","id":"44462:50310111","properties":{"id":"44462:50310111","meshCode":"50310111","cityCode":"44462","city":"玖珠町","lat":33.3458333,"lon":131.14375,"areaKm2":1.075451,"populated2020":false,"population2020":null,"populationNote":"境界またぎ・収録外等のため自治体内人口は未集計"},"geometry":{"type":"Polygon","coordinates":[[[131.1375,33.34166666666667],[131.1375,33.35],[131.15,33.349999999999994],[131.15,33.34166666666666],[131.1375,33.34166666666667]]]}},{"type":"Feature","id":"44462:50310112","properties":{"id":"44462:50310112","meshCode":"50310112","cityCode":"44462","city":"玖珠町","lat":33.3458333,"lon":131.15625,"areaKm2":1.075451,"populated2020":false,"population2020":null,"populationNote":"境界またぎ・収録外等のため自治体内人口は未集計"},"geometry":{"type":"Polygon","coordinates":[[[131.15,33.34166666666666],[131.15,33.349999999999994],[131.1625,33.35],[131.1625,33.34166666666666],[131.15,33.34166666666666]]]}},{"type":"Feature","id":"44462:50310113","properties":{"id":"44462:50310113","meshCode":"50310113","cityCode":"44462","city":"玖珠町","lat":33.3458333,"lon":131.16875,"areaKm2":1.075451,"populated2020":false,"population2020":null,"populationNote":"境界またぎ・収録外等のため自治体内人口は未集計"},"geometry":{"type":"Polygon","coordinates":[[[131.1625,33.34166666666666],[131.1625,33.35],[131.175,33.349999999999994],[131.175,33.34166666666666],[131.1625,33.34166666666666]]]}},{"type":"Feature","id":"44462:50310114","properties":{"id":"44462:50310114","meshCode":"50310114","cityCode":"44462","city":"玖珠町","lat":33.3458333,"lon":131.18125,"areaKm2":1.075451,"populated2020":false,"population2020":null,"populationNote":"境界またぎ・収録外等のため自治体内人口は未集計"},"geometry":{"type":"Polygon","coordinates":[[[131.175,33.34166666666666],[131.175,33.349999999999994],[131.1875,33.349999999999994],[131.1875,33.341666666666676],[131.175,33.34166666666666]]]}},{"type":"Feature","id":"44462:50310115","properties":{"id":"44462:50310115","meshCode":"50310115","cityCode":"44462","city":"玖珠町","lat":33.3458333,"lon":131.19375,"areaKm2":1.0250444,"populated2020":false,"population2020":null,"populationNote":"境界またぎ・収録外等のため自治体内人口は未集計"},"geometry":{"type":"Polygon","coordinates":[[[131.19501028500002,33.349959612999996],[131.19575668,33.349697667],[131.195983619,33.349530441000006],[131.196340285,33.348845721],[131.196596952,33.348598495],[131.19700585,33.348490162],[131.197429183,33.348594883],[131.198093346,33.34838905400001],[131.198977237,33.348852108],[131.199751686,33.34975682900001],[131.19982738,33.349999999999994],[131.2,33.349999999999994],[131.2,33.34166666666667],[131.1875,33.341666666666676],[131.1875,33.349999999999994],[131.19501028500002,33.349959612999996]]]}},{"type":"Feature","id":"44462:50310116","properties":{"id":"44462:50310116","meshCode":"50310116","cityCode":"44462","city":"玖珠町","lat":33.3458333,"lon":131.20625,"areaKm2":1.075451,"populated2020":false,"population2020":null,"populationNote":"境界またぎ・収録外等のため自治体内人口は未集計"},"geometry":{"type":"Polygon","coordinates":[[[131.2,33.34166666666667],[131.2,33.349999999999994],[131.2125,33.35],[131.2125,33.34166666666667],[131.2,33.34166666666667]]]}},{"type":"Feature","id":"44462:50310117","properties":{"id":"44462:50310117","meshCode":"50310117","cityCode":"44462","city":"玖珠町","lat":33.3458333,"lon":131.21875,"areaKm2":1.075451,"populated2020":false,"population2020":null,"populationNote":"境界またぎ・収録外等のため自治体内人口は未集計"},"geometry":{"type":"Polygon","coordinates":[[[131.2125,33.34166666666667],[131.2125,33.35],[131.225,33.35000000000001],[131.225,33.34166666666667],[131.2125,33.34166666666667]]]}},{"type":"Feature","id":"44462:50310118","properties":{"id":"44462:50310118","meshCode":"50310118","cityCode":"44462","city":"玖珠町","lat":33.3458333,"lon":131.23125,"areaKm2":1.075451,"populated2020":false,"population2020":null,"populationNote":"境界またぎ・収録外等のため自治体内人口は未集計"},"geometry":{"type":"Polygon","coordinates":[[[131.225,33.34166666666667],[131.225,33.35000000000001],[131.2375,33.349999999999994],[131.2375,33.34166666666666],[131.225,33.34166666666667]]]}},{"type":"Feature","id":"44462:50310119","properties":{"id":"44462:50310119","meshCode":"50310119","cityCode":"44462","city":"玖珠町","lat":33.3458333,"lon":131.24375,"areaKm2":1.075451,"populated2020":false,"population2020":null,"populationNote":"境界またぎ・収録外等のため自治体内人口は未集計"},"geometry":{"type":"Polygon","coordinates":[[[131.2375,33.34166666666666],[131.2375,33.349999999999994],[131.25,33.35],[131.25,33.34166666666667],[131.2375,33.34166666666666]]]}},{"type":"Feature","id":"44462:50310210","properties":{"id":"44462:50310210","meshCode":"50310210","cityCode":"44462","city":"玖珠町","lat":33.3458333,"lon":131.25625,"areaKm2":1.075451,"populated2020":true,"population2020":null,"populationNote":"境界またぎ・収録外等のため自治体内人口は未集計"},"geometry":{"type":"Polygon","coordinates":[[[131.25,33.34166666666667],[131.25,33.35],[131.2625,33.349999999999994],[131.2625,33.34166666666667],[131.25,33.34166666666667]]]}},{"type":"Feature","id":"44462:50310211","properties":{"id":"44462:50310211","meshCode":"50310211","cityCode":"44462","city":"玖珠町","lat":33.3458333,"lon":131.26875,"areaKm2":0.670349,"populated2020":false,"population2020":null,"populationNote":"境界またぎ・収録外等のため自治体内人口は未集計"},"geometry":{"type":"Polygon","coordinates":[[[131.266392633,33.349999999999994],[131.2673131,33.34980208100001],[131.267859494,33.349833468],[131.268341712,33.348760135000006],[131.269941984,33.347185414],[131.270265875,33.346758189],[131.27104476,33.344550964],[131.271806706,33.343763467999985],[131.271873372,33.34356124300001],[131.271787536,33.342668739],[131.271863658,33.34215929700001],[131.271775317907,33.34166666666667],[131.2625,33.34166666666667],[131.2625,33.349999999999994],[131.266392633,33.349999999999994]]]}},{"type":"Feature","id":"44462:50310024","properties":{"id":"44462:50310024","meshCode":"50310024","cityCode":"44462","city":"玖珠町","lat":33.3516032,"lon":131.0618412,"areaKm2":0.0414034,"populated2020":true,"population2020":null,"populationNote":"境界またぎ・収録外等のため自治体内人口は未集計"},"geometry":{"type":"Polygon","coordinates":[[[131.060651686,33.35000055900001],[131.060666913,33.350288892],[131.060904682,33.35103444999999],[131.061569403,33.352343622],[131.062031907,33.353001955],[131.0625,33.35325397399981],[131.0625,33.349999999999994],[131.060651686,33.35000055900001]]]}},{"type":"Feature","id":"44462:50310025","properties":{"id":"44462:50310025","meshCode":"50310025","cityCode":"44462","city":"玖珠町","lat":33.3541667,"lon":131.06875,"areaKm2":1.0303859,"populated2020":false,"population2020":null,"populationNote":"境界またぎ・収録外等のため自治体内人口は未集計"},"geometry":{"type":"Polygon","coordinates":[[[131.062519403,33.35325918000001],[131.062801634,33.353325847],[131.062869961,33.353462234000006],[131.063115512,33.355591414],[131.063639689,33.356286135],[131.063599403,33.356991973],[131.0640469,33.357441703],[131.064042737,33.357670315],[131.06370504479665,33.358333333333334],[131.075,33.35833333333333],[131.075,33.35],[131.0625,33.349999999999994],[131.062519403,33.35325918000001]]]}},{"type":"Feature","id":"44462:50310026","properties":{"id":"44462:50310026","meshCode":"50310026","cityCode":"44462","city":"玖珠町","lat":33.3541667,"lon":131.08125,"areaKm2":1.0753499,"populated2020":false,"population2020":null,"populationNote":"境界またぎ・収録外等のため自治体内人口は未集計"},"geometry":{"type":"Polygon","coordinates":[[[131.075,33.35],[131.075,33.35833333333333],[131.0875,33.35833333333334],[131.0875,33.34999999999999],[131.075,33.35]]]}},{"type":"Feature","id":"44462:50310027","properties":{"id":"44462:50310027","meshCode":"50310027","cityCode":"44462","city":"玖珠町","lat":33.3541667,"lon":131.09375,"areaKm2":1.0753499,"populated2020":true,"population2020":null,"populationNote":"境界またぎ・収録外等のため自治体内人口は未集計"},"geometry":{"type":"Polygon","coordinates":[[[131.0875,33.34999999999999],[131.0875,33.35833333333334],[131.1,33.358333333333334],[131.1,33.349999999999994],[131.0875,33.34999999999999]]]}},{"type":"Feature","id":"44462:50310028","properties":{"id":"44462:50310028","meshCode":"50310028","cityCode":"44462","city":"玖珠町","lat":33.3541667,"lon":131.10625,"areaKm2":1.0753499,"populated2020":true,"population2020":null,"populationNote":"境界またぎ・収録外等のため自治体内人口は未集計"},"geometry":{"type":"Polygon","coordinates":[[[131.1,33.349999999999994],[131.1,33.358333333333334],[131.1125,33.358333333333334],[131.1125,33.35],[131.1,33.349999999999994]]]}},{"type":"Feature","id":"44462:50310029","properties":{"id":"44462:50310029","meshCode":"50310029","cityCode":"44462","city":"玖珠町","lat":33.3541667,"lon":131.11875,"areaKm2":1.0753499,"populated2020":true,"population2020":null,"populationNote":"境界またぎ・収録外等のため自治体内人口は未集計"},"geometry":{"type":"Polygon","coordinates":[[[131.1125,33.35],[131.1125,33.358333333333334],[131.125,33.35833333333334],[131.125,33.349999999999994],[131.1125,33.35]]]}},{"type":"Feature","id":"44462:50310120","properties":{"id":"44462:50310120","meshCode":"50310120","cityCode":"44462","city":"玖珠町","lat":33.3541667,"lon":131.13125,"areaKm2":1.0753499,"populated2020":false,"population2020":null,"populationNote":"境界またぎ・収録外等のため自治体内人口は未集計"},"geometry":{"type":"Polygon","coordinates":[[[131.125,33.349999999999994],[131.125,33.35833333333334],[131.1375,33.35833333333334],[131.1375,33.35],[131.125,33.349999999999994]]]}},{"type":"Feature","id":"44462:50310121","properties":{"id":"44462:50310121","meshCode":"50310121","cityCode":"44462","city":"玖珠町","lat":33.3541667,"lon":131.14375,"areaKm2":1.0753499,"populated2020":true,"population2020":null,"populationNote":"境界またぎ・収録外等のため自治体内人口は未集計"},"geometry":{"type":"Polygon","coordinates":[[[131.1375,33.35],[131.1375,33.35833333333334],[131.15,33.358333333333334],[131.15,33.349999999999994],[131.1375,33.35]]]}},{"type":"Feature","id":"44462:50310122","properties":{"id":"44462:50310122","meshCode":"50310122","cityCode":"44462","city":"玖珠町","lat":33.3541667,"lon":131.15625,"areaKm2":1.0753499,"populated2020":true,"population2020":null,"populationNote":"境界またぎ・収録外等のため自治体内人口は未集計"},"geometry":{"type":"Polygon","coordinates":[[[131.15,33.349999999999994],[131.15,33.358333333333334],[131.1625,33.358333333333334],[131.1625,33.35],[131.15,33.349999999999994]]]}},{"type":"Feature","id":"44462:50310123","properties":{"id":"44462:50310123","meshCode":"50310123","cityCode":"44462","city":"玖珠町","lat":33.3541667,"lon":131.16875,"areaKm2":1.0753499,"populated2020":false,"population2020":null,"populationNote":"境界またぎ・収録外等のため自治体内人口は未集計"},"geometry":{"type":"Polygon","coordinates":[[[131.1625,33.35],[131.1625,33.358333333333334],[131.175,33.358333333333334],[131.175,33.349999999999994],[131.1625,33.35]]]}},{"type":"Feature","id":"44462:50310124","properties":{"id":"44462:50310124","meshCode":"50310124","cityCode":"44462","city":"玖珠町","lat":33.3541667,"lon":131.18125,"areaKm2":0.7531473,"populated2020":false,"population2020":null,"populationNote":"境界またぎ・収録外等のため自治体内人口は未集計"},"geometry":{"type":"Polygon","coordinates":[[[131.176285357,33.35833333299999],[131.175571362,33.357585793],[131.175588029,33.357357459],[131.175868029,33.357139117],[131.176269974,33.357152171],[131.176766368,33.35728134200001],[131.176951089,33.357242449999994],[131.177252763,33.356829117],[131.178160545,33.356445775],[131.178269429,33.355833000000004],[131.178571089,33.35519800000001],[131.178547211,33.354380494999994],[131.178739429,33.353902440999995],[131.180255538,33.354457991],[131.181063048,33.354500765999994],[131.181485551,33.35459382],[131.181711375,33.354904649],[131.181746939,33.355334369000005],[131.181834994,33.355435486000005],[131.182539987,33.355550757],[131.183000545,33.35596742300001],[131.183496939,33.356171585999995],[131.183819987,33.35617881099999],[131.184192776,33.356317413999996],[131.184661102,33.35635102700001],[131.184976667,33.356272414],[131.18544,33.35607241400001],[131.186560272,33.355386297],[131.186769442,33.355348793000005],[131.1875,33.35559603712107],[131.1875,33.349999999999994],[131.175,33.349999999999994],[131.175,33.358333333333334],[131.176285357,33.35833333299999]]]}},{"type":"Feature","id":"44462:50310125","properties":{"id":"44462:50310125","meshCode":"50310125","cityCode":"44462","city":"玖珠町","lat":33.3533095,"lon":131.1901224,"areaKm2":0.3075915,"populated2020":false,"population2020":null,"populationNote":"境界またぎ・収録外等のため自治体内人口は未集計"},"geometry":{"type":"MultiPolygon","coordinates":[[[[131.1875,33.35559603712107],[131.188056939,33.35580518],[131.188503891,33.35612684699999],[131.189106394,33.356377126],[131.189838612,33.356388234],[131.18998917,33.356137955],[131.190122503,33.35533018],[131.191552776,33.354968505],[131.191947224,33.354381009],[131.192326394,33.35438155899999],[131.192606952,33.35423573],[131.192835006,33.35377544999999],[131.192683061,33.353034342],[131.192365006,33.352198224999995],[131.192407782,33.351756559],[131.193087224,33.351114333],[131.193182503,33.350541838],[131.193291946,33.350481838],[131.194488067,33.350576],[131.19496834,33.350291559000006],[131.19500716,33.349999999999994],[131.1875,33.349999999999994],[131.1875,33.35559603712107]]],[[[131.199827458,33.35000043200001],[131.199880013,33.350490431999994],[131.2,33.350633162],[131.2,33.349999999999994],[131.199827458,33.35000043200001]]]]}},{"type":"Feature","id":"44462:50310126","properties":{"id":"44462:50310126","meshCode":"50310126","cityCode":"44462","city":"玖珠町","lat":33.3541667,"lon":131.20625,"areaKm2":0.7369434,"populated2020":false,"population2020":null,"populationNote":"境界またぎ・収録外等のため自治体内人口は未集計"},"geometry":{"type":"Polygon","coordinates":[[[131.200000285,33.350633243000004],[131.200701128,33.350773495],[131.201347237,33.351105991],[131.201960571,33.351199874],[131.202359741,33.351689324],[131.202182789,33.35208127],[131.202363346,33.352335712],[131.202910013,33.352579045],[131.203670298,33.352511541000005],[131.203774734,33.35282987400001],[131.20381751,33.353458486],[131.203917237,33.353623207],[131.204221401,33.353843207],[131.204687237,33.353753486],[131.204806122,33.353794595],[131.205015019,33.354185982],[131.205133904,33.355181261000006],[131.205499741,33.355607099],[131.205495019,33.356273206999994],[131.205300298,33.356683486],[131.205970013,33.35782737800001],[131.205475564,33.358145432],[131.20546967607007,33.35833333333333],[131.2125,33.35833333333333],[131.2125,33.35],[131.2,33.349999999999994],[131.200000285,33.350633243000004]]]}},{"type":"Feature","id":"44462:50310127","properties":{"id":"44462:50310127","meshCode":"50310127","cityCode":"44462","city":"玖珠町","lat":33.3541667,"lon":131.21875,"areaKm2":1.0753499,"populated2020":false,"population2020":null,"populationNote":"境界またぎ・収録外等のため自治体内人口は未集計"},"geometry":{"type":"Polygon","coordinates":[[[131.2125,33.35],[131.2125,33.35833333333333],[131.225,33.358333333333334],[131.225,33.35000000000001],[131.2125,33.35]]]}},{"type":"Feature","id":"44462:50310128","properties":{"id":"44462:50310128","meshCode":"50310128","cityCode":"44462","city":"玖珠町","lat":33.3541667,"lon":131.23125,"areaKm2":0.9454772,"populated2020":false,"population2020":null,"populationNote":"境界またぎ・収録外等のため自治体内人口は未集計"},"geometry":{"type":"Polygon","coordinates":[[[131.22840128400003,33.358333333],[131.228349754,33.358138748],[131.228578366,33.357814027],[131.229215863,33.35769013499999],[131.229341141,33.357437630999996],[131.229388638,33.356964297],[131.229583645,33.35672291],[131.230076148,33.356570135],[131.230981699,33.356490964],[131.231336978,33.356181802],[131.231506978,33.35622791],[131.23187725,33.35661346799999],[131.232626706,33.356773747999995],[131.232954475,33.356977631],[131.23327476,33.35702790999999],[131.23408559,33.356988468],[131.234363372,33.357042631],[131.234569754,33.357242351],[131.234968093,33.357338748],[131.236014202,33.357357351],[131.236379209,33.35678680200001],[131.2375,33.35683448046643],[131.2375,33.349999999999994],[131.225,33.35000000000001],[131.225,33.358333333333334],[131.22840128400003,33.358333333]]]}},{"type":"Feature","id":"44462:50310129","properties":{"id":"44462:50310129","meshCode":"50310129","cityCode":"44462","city":"玖珠町","lat":33.3541667,"lon":131.24375,"areaKm2":1.0279529,"populated2020":false,"population2020":null,"populationNote":"境界またぎ・収録外等のため自治体内人口は未集計"},"geometry":{"type":"Polygon","coordinates":[[[131.2375,33.35683448046643],[131.238208366,33.35696874800001],[131.238776978,33.356822081],[131.239898651,33.356800135],[131.240126978,33.35686818899999],[131.240550311,33.35721263100001],[131.240700311,33.357511802],[131.24079553811484,33.358333333333334],[131.25,33.358333333333334],[131.25,33.35],[131.2375,33.349999999999994],[131.2375,33.35683448046643]]]}},{"type":"Feature","id":"44462:50310220","properties":{"id":"44462:50310220","meshCode":"50310220","cityCode":"44462","city":"玖珠町","lat":33.3541667,"lon":131.25625,"areaKm2":0.7766315,"populated2020":true,"population2020":null,"populationNote":"境界またぎ・収録外等のため自治体内人口は未集計"},"geometry":{"type":"Polygon","coordinates":[[[131.252601349,33.358333333],[131.252647263,33.357897359999996],[131.252785603,33.357714306],[131.253315603,33.35736764],[131.254266433,33.357016811],[131.2551731,33.35648236000001],[131.255648651,33.356283477],[131.256353658,33.35627181099999],[131.256576706,33.355913198],[131.256888651,33.356010703],[131.257269767,33.356267919],[131.257795045,33.356186252],[131.258012827,33.35626042300001],[131.259186991,33.356310982],[131.259533658,33.356221252000005],[131.259652542,33.35597181100001],[131.259567821,33.35558070300001],[131.259235875,33.35505042300001],[131.259270597,33.354496811],[131.259840324,33.35363153200001],[131.260355603,33.353319594999995],[131.260736991,33.35285931500001],[131.26157061,33.352433757],[131.261729209,33.352090982],[131.261882827,33.351974036],[131.26204144,33.35193515299999],[131.262298936,33.352110423],[131.2625,33.35188890075296],[131.2625,33.349999999999994],[131.25,33.35],[131.25,33.358333333333334],[131.252601349,33.358333333]]]}},{"type":"Feature","id":"44462:50310221","properties":{"id":"44462:50310221","meshCode":"50310221","cityCode":"44462","city":"玖珠町","lat":33.351017,"lon":131.2632735,"areaKm2":0.0343396,"populated2020":true,"population2020":null,"populationNote":"境界またぎ・収録外等のため自治体内人口は未集計"},"geometry":{"type":"Polygon","coordinates":[[[131.262799209,33.351498207000006],[131.263373943,33.351412649000004],[131.264437549,33.35082570299999],[131.266392633,33.349999999999994],[131.2625,33.349999999999994],[131.2625,33.35188890075296],[131.262799209,33.351498207000006]]]}},{"type":"Feature","id":"44462:50310034","properties":{"id":"44462:50310034","meshCode":"50310034","cityCode":"44462","city":"玖珠町","lat":33.3630392,"lon":131.0598284,"areaKm2":0.3334784,"populated2020":false,"population2020":null,"populationNote":"境界またぎ・収録外等のため自治体内人口は未集計"},"geometry":{"type":"Polygon","coordinates":[[[131.0625,33.359473828420434],[131.062113281,33.359398928],[131.061489676,33.359506423],[131.06018800300004,33.36008059499999],[131.05958856000004,33.360476423],[131.059141336,33.360673369],[131.058083554,33.360844486],[131.057062166,33.360794207],[131.056833268,33.361216432],[131.057064942,33.36209032400001],[131.056908275,33.362701432],[131.057371323,33.363409216],[131.057479935,33.364387829],[131.057935772,33.365323108],[131.058330765,33.365709224999996],[131.058534942,33.36604700000001],[131.0587498048839,33.36666666666667],[131.0625,33.36666666666667],[131.0625,33.359473828420434]]]}},{"type":"Feature","id":"44462:50310035","properties":{"id":"44462:50310035","meshCode":"50310035","cityCode":"44462","city":"玖珠町","lat":33.3625,"lon":131.06875,"areaKm2":1.0652176,"populated2020":false,"population2020":null,"populationNote":"境界またぎ・収録外等のため自治体内人口は未集計"},"geometry":{"type":"Polygon","coordinates":[[[131.063704682,33.35833392800001],[131.063288846,33.35916781099999],[131.0625,33.359473828420434],[131.0625,33.36666666666667],[131.075,33.36666666666667],[131.075,33.35833333333333],[131.063704682,33.35833392800001]]]}},{"type":"Feature","id":"44462:50310036","properties":{"id":"44462:50310036","meshCode":"50310036","cityCode":"44462","city":"玖珠町","lat":33.3625,"lon":131.08125,"areaKm2":1.0752489,"populated2020":true,"population2020":null,"populationNote":"境界またぎ・収録外等のため自治体内人口は未集計"},"geometry":{"type":"Polygon","coordinates":[[[131.075,33.35833333333333],[131.075,33.36666666666667],[131.0875,33.36666666666666],[131.0875,33.35833333333334],[131.075,33.35833333333333]]]}},{"type":"Feature","id":"44462:50310037","properties":{"id":"44462:50310037","meshCode":"50310037","cityCode":"44462","city":"玖珠町","lat":33.3625,"lon":131.09375,"areaKm2":1.0752489,"populated2020":true,"population2020":null,"populationNote":"境界またぎ・収録外等のため自治体内人口は未集計"},"geometry":{"type":"Polygon","coordinates":[[[131.0875,33.35833333333334],[131.0875,33.36666666666666],[131.1,33.36666666666666],[131.1,33.358333333333334],[131.0875,33.35833333333334]]]}},{"type":"Feature","id":"44462:50310038","properties":{"id":"44462:50310038","meshCode":"50310038","cityCode":"44462","city":"玖珠町","lat":33.3625,"lon":131.10625,"areaKm2":1.0752489,"populated2020":false,"population2020":null,"populationNote":"境界またぎ・収録外等のため自治体内人口は未集計"},"geometry":{"type":"Polygon","coordinates":[[[131.1,33.358333333333334],[131.1,33.36666666666666],[131.1125,33.36666666666667],[131.1125,33.358333333333334],[131.1,33.358333333333334]]]}},{"type":"Feature","id":"44462:50310039","properties":{"id":"44462:50310039","meshCode":"50310039","cityCode":"44462","city":"玖珠町","lat":33.3625,"lon":131.11875,"areaKm2":1.0752489,"populated2020":false,"population2020":null,"populationNote":"境界またぎ・収録外等のため自治体内人口は未集計"},"geometry":{"type":"Polygon","coordinates":[[[131.1125,33.358333333333334],[131.1125,33.36666666666667],[131.125,33.36666666666667],[131.125,33.35833333333334],[131.1125,33.358333333333334]]]}},{"type":"Feature","id":"44462:50310130","properties":{"id":"44462:50310130","meshCode":"50310130","cityCode":"44462","city":"玖珠町","lat":33.3625,"lon":131.13125,"areaKm2":1.0752489,"populated2020":true,"population2020":null,"populationNote":"境界またぎ・収録外等のため自治体内人口は未集計"},"geometry":{"type":"Polygon","coordinates":[[[131.125,33.35833333333334],[131.125,33.36666666666667],[131.1375,33.36666666666667],[131.1375,33.35833333333334],[131.125,33.35833333333334]]]}},{"type":"Feature","id":"44462:50310131","properties":{"id":"44462:50310131","meshCode":"50310131","cityCode":"44462","city":"玖珠町","lat":33.3625,"lon":131.14375,"areaKm2":1.0752489,"populated2020":false,"population2020":null,"populationNote":"境界またぎ・収録外等のため自治体内人口は未集計"},"geometry":{"type":"Polygon","coordinates":[[[131.1375,33.35833333333334],[131.1375,33.36666666666667],[131.15,33.36666666666666],[131.15,33.358333333333334],[131.1375,33.35833333333334]]]}},{"type":"Feature","id":"44462:50310132","properties":{"id":"44462:50310132","meshCode":"50310132","cityCode":"44462","city":"玖珠町","lat":33.3625,"lon":131.15625,"areaKm2":0.8530207,"populated2020":false,"population2020":null,"populationNote":"境界またぎ・収録外等のため自治体内人口は未集計"},"geometry":{"type":"Polygon","coordinates":[[[131.1529676520427,33.36666666666667],[131.153245525,33.365932225],[131.15352607,33.365600829],[131.15445275,33.36507916200001],[131.155386628,33.36417388300001],[131.156317185,33.363772774999994],[131.157062192,33.36364249500001],[131.157831907,33.363296658],[131.158492464,33.36338082000001],[131.159240804,33.363788045],[131.15999524000003,33.363848045],[131.160478029,33.364063045],[131.160834137,33.364401099],[131.161808029,33.365804703],[131.16200496800002,33.365971369],[131.1625,33.366179149542454],[131.1625,33.358333333333334],[131.15,33.358333333333334],[131.15,33.36666666666666],[131.1529676520427,33.36666666666667]]]}},{"type":"Feature","id":"44462:50310133","properties":{"id":"44462:50310133","meshCode":"50310133","cityCode":"44462","city":"玖珠町","lat":33.3625,"lon":131.16875,"areaKm2":0.9910978,"populated2020":false,"population2020":null,"populationNote":"境界またぎ・収録外等のため自治体内人口は未集計"},"geometry":{"type":"Polygon","coordinates":[[[131.1625,33.366179149542454],[131.16319275,33.366438595],[131.16339736677728,33.36666666666667],[131.1704968615274,33.36666666666667],[131.171961089,33.365709693999996],[131.172303307,33.365678026999994],[131.17270275,33.365764135000006],[131.173483307,33.365777189],[131.173884981,33.365612467999995],[131.173987198,33.365485523],[131.173908859,33.365356351],[131.173053307,33.365053577],[131.172789416,33.364894414],[131.172711089,33.364513577],[131.173086368,33.36405218899999],[131.174669144,33.36297163099999],[131.174873035,33.36269357700001],[131.175,33.362089676],[131.175,33.358333333333334],[131.1625,33.358333333333334],[131.1625,33.366179149542454]]]}},{"type":"Feature","id":"44462:50310134","properties":{"id":"44462:50310134","meshCode":"50310134","cityCode":"44462","city":"玖珠町","lat":33.3601523,"lon":131.1751913,"areaKm2":0.0245098,"populated2020":true,"population2020":null,"populationNote":"境界またぎ・収録外等のため自治体内人口は未集計"},"geometry":{"type":"Polygon","coordinates":[[[131.175000259,33.36208848599999],[131.175274137,33.361011351],[131.175241089,33.36035884700001],[131.175894423,33.35968995499999],[131.176248314,33.35918773],[131.176364708,33.358761342],[131.17628535718814,33.358333333333334],[131.175,33.358333333333334],[131.175000259,33.36208848599999]]]}},{"type":"Feature","id":"44462:50310136","properties":{"id":"44462:50310136","meshCode":"50310136","cityCode":"44462","city":"玖珠町","lat":33.3598738,"lon":131.2112413,"areaKm2":0.0988091,"populated2020":true,"population2020":null,"populationNote":"境界またぎ・収録外等のため自治体内人口は未集計"},"geometry":{"type":"Polygon","coordinates":[[[131.205469767,33.358333765999994],[131.205580013,33.358762928],[131.20591751,33.35904265800001],[131.205955564,33.359300991],[131.206117237,33.35940959500001],[131.206720571,33.359528486],[131.207352789,33.35976431499999],[131.207931128,33.359550432],[131.209151958,33.35951431499999],[131.210155019,33.358840703000006],[131.210603632,33.35881654100001],[131.21070001300004,33.358960423000006],[131.210638911,33.359822649],[131.210291958,33.36092487399999],[131.21053668,33.361265982],[131.210842516,33.361370144],[131.211270856,33.36129014400001],[131.211372802,33.361197649],[131.211603346,33.360299865],[131.211802516,33.35992486500001],[131.212068353,33.359723757],[131.2125,33.359623225602334],[131.2125,33.35833333333333],[131.205469767,33.358333765999994]]]}},{"type":"Feature","id":"44462:50310137","properties":{"id":"44462:50310137","meshCode":"50310137","cityCode":"44462","city":"玖珠町","lat":33.3599253,"lon":131.2191638,"areaKm2":0.324157,"populated2020":false,"population2020":null,"populationNote":"境界またぎ・収録外等のため自治体内人口は未集計"},"geometry":{"type":"Polygon","coordinates":[[[131.2125,33.359623225602334],[131.213080013,33.359613757000005],[131.213223632,33.359723757],[131.213750298,33.360855423000004],[131.214002802,33.361156811],[131.214465292,33.36142431500001],[131.215267795,33.361610703],[131.215610571,33.361582369],[131.215839183,33.361393757],[131.216288911,33.36031319799999],[131.216472802,33.360223198],[131.21677946800003,33.360381252],[131.21720725,33.360828477000005],[131.217438353,33.360806532000005],[131.217783917,33.36044236000001],[131.217917795,33.36039181099999],[131.218344189,33.36090735999999],[131.218671686,33.36108514399999],[131.218850298,33.360960144],[131.219022802,33.36044014400001],[131.219270856,33.360789027],[131.219454747,33.360914027],[131.220593359,33.360696811000004],[131.220771971,33.360738477000005],[131.221216693,33.361185694],[131.221383917,33.36111125200001],[131.221851141,33.360548198000004],[131.22208808,33.360471532],[131.222269196,33.360699306],[131.222291141,33.361148477],[131.222416693,33.361284586],[131.222879196,33.361135414],[131.223273917,33.36075430600001],[131.223683632,33.360583198],[131.224081971,33.360719306],[131.223711414,33.361121802],[131.223677808,33.361288468],[131.223822802,33.361439865],[131.224218366,33.361369586],[131.224755032,33.361080414],[131.225,33.361201685],[131.225,33.358333333333334],[131.2125,33.35833333333333],[131.2125,33.359623225602334]]]}},{"type":"Feature","id":"44462:50310138","properties":{"id":"44462:50310138","meshCode":"50310138","cityCode":"44462","city":"玖珠町","lat":33.35999,"lon":131.2265264,"areaKm2":0.0830265,"populated2020":false,"population2020":null,"populationNote":"境界またぎ・収録外等のため自治体内人口は未集計"},"geometry":{"type":"Polygon","coordinates":[[[131.225000298,33.36120194600001],[131.225253917,33.36140264],[131.225945032,33.361573748000005],[131.226178911,33.361549585999995],[131.226346135,33.36142264],[131.226425305,33.36071458600001],[131.226550856,33.360582919],[131.227720856,33.360261802],[131.228032802,33.360027081000005],[131.228130311,33.35977124299999],[131.22778753600002,33.359093748],[131.228500869,33.359008189],[131.22864559,33.358903189],[131.228617808,33.35867513499999],[131.22840128415663,33.358333333333334],[131.225,33.358333333333334],[131.225000298,33.36120194600001]]]}},{"type":"Feature","id":"44462:50310139","properties":{"id":"44462:50310139","meshCode":"50310139","cityCode":"44462","city":"玖珠町","lat":33.3604429,"lon":131.2457673,"areaKm2":0.3046484,"populated2020":true,"population2020":null,"populationNote":"境界またぎ・収録外等のため自治体内人口は未集計"},"geometry":{"type":"Polygon","coordinates":[[[131.240795681,33.35833374799999],[131.241324202,33.360055693999996],[131.241583372,33.36052736],[131.241764202,33.36067541399999],[131.241711141,33.362240135],[131.241766978,33.362270694],[131.242332257,33.362435135000005],[131.242967263,33.36246152299999],[131.244222815,33.362279586],[131.244809767,33.36174874799999],[131.245731984,33.361913197999996],[131.2459231,33.361754306],[131.24603169900004,33.361260693999995],[131.246550039,33.360973198],[131.246739209,33.36102819799999],[131.246984488,33.361486531999994],[131.247302257,33.361631251999995],[131.247979481,33.361631532000004],[131.248227263,33.361436532],[131.248648379,33.360859865],[131.248881154,33.360863748],[131.249391427,33.361241811000006],[131.25,33.361422639999994],[131.25,33.358333333333334],[131.240795681,33.35833374799999]]]}},{"type":"Feature","id":"44462:50310230","properties":{"id":"44462:50310230","meshCode":"50310230","cityCode":"44462","city":"玖珠町","lat":33.3598688,"lon":131.251029,"areaKm2":0.0624289,"populated2020":false,"population2020":null,"populationNote":"境界またぎ・収録外等のため自治体内人口は未集計"},"geometry":{"type":"Polygon","coordinates":[[[131.250000324,33.361422775],[131.250456148,33.361596532],[131.250708651,33.361541811],[131.251158936,33.361087081],[131.251411427,33.360584027],[131.251847263,33.360315144],[131.252375875,33.35920625199999],[131.25260134895822,33.35833333333334],[131.25,33.358333333333334],[131.250000324,33.361422775]]]}},{"type":"Feature","id":"44462:50310044","properties":{"id":"44462:50310044","meshCode":"50310044","cityCode":"44462","city":"玖珠町","lat":33.3707038,"lon":131.0614789,"areaKm2":0.1813961,"populated2020":false,"population2020":null,"populationNote":"境界またぎ・収録外等のため自治体内人口は未集計"},"geometry":{"type":"Polygon","coordinates":[[[131.058749805,33.366666667],[131.058814099,33.366851171],[131.059399935,33.367328117],[131.059726044,33.368311179999985],[131.060018534,33.369892568],[131.060216044,33.370246459],[131.060502153,33.370364513999995],[131.060570208,33.370477018],[131.060229364,33.37130591],[131.060576874,33.371766748],[131.060542698,33.372056189],[131.060351868,33.372456189],[131.060597147,33.37277785599999],[131.060842425,33.372831468],[131.061319092,33.373212027],[131.061298534,33.373582027000005],[131.06142131,33.373882306],[131.062313372,33.375],[131.0625,33.37500000000001],[131.0625,33.36666666666667],[131.058749805,33.366666667]]]}},{"type":"Feature","id":"44462:50310045","properties":{"id":"44462:50310045","meshCode":"50310045","cityCode":"44462","city":"玖珠町","lat":33.3708333,"lon":131.06875,"areaKm2":1.0751479,"populated2020":true,"population2020":null,"populationNote":"境界またぎ・収録外等のため自治体内人口は未集計"},"geometry":{"type":"Polygon","coordinates":[[[131.0625,33.36666666666667],[131.0625,33.37500000000001],[131.075,33.37500000000001],[131.075,33.36666666666667],[131.0625,33.36666666666667]]]}},{"type":"Feature","id":"44462:50310046","properties":{"id":"44462:50310046","meshCode":"50310046","cityCode":"44462","city":"玖珠町","lat":33.3708333,"lon":131.08125,"areaKm2":1.0751479,"populated2020":true,"population2020":null,"populationNote":"境界またぎ・収録外等のため自治体内人口は未集計"},"geometry":{"type":"Polygon","coordinates":[[[131.075,33.36666666666667],[131.075,33.37500000000001],[131.0875,33.37500000000001],[131.0875,33.36666666666666],[131.075,33.36666666666667]]]}},{"type":"Feature","id":"44462:50310047","properties":{"id":"44462:50310047","meshCode":"50310047","cityCode":"44462","city":"玖珠町","lat":33.3708333,"lon":131.09375,"areaKm2":1.0751479,"populated2020":true,"population2020":33.0586,"populationNote":"2020年基準人口（国交省調整値）"},"geometry":{"type":"Polygon","coordinates":[[[131.0875,33.36666666666666],[131.0875,33.37500000000001],[131.1,33.37500000000001],[131.1,33.36666666666666],[131.0875,33.36666666666666]]]}},{"type":"Feature","id":"44462:50310048","properties":{"id":"44462:50310048","meshCode":"50310048","cityCode":"44462","city":"玖珠町","lat":33.3708333,"lon":131.10625,"areaKm2":1.0751479,"populated2020":false,"population2020":null,"populationNote":"境界またぎ・収録外等のため自治体内人口は未集計"},"geometry":{"type":"Polygon","coordinates":[[[131.1,33.36666666666666],[131.1,33.37500000000001],[131.1125,33.375],[131.1125,33.36666666666667],[131.1,33.36666666666666]]]}},{"type":"Feature","id":"44462:50310049","properties":{"id":"44462:50310049","meshCode":"50310049","cityCode":"44462","city":"玖珠町","lat":33.370839,"lon":131.1152837,"areaKm2":0.6354911,"populated2020":true,"population2020":null,"populationNote":"境界またぎ・収録外等のため自治体内人口は未集計"},"geometry":{"type":"Polygon","coordinates":[[[131.118489403,33.37499867599999],[131.117243294,33.374228116999994],[131.116643852,33.37397618],[131.115370791,33.373627568],[131.115241349,33.373472568000004],[131.115139689,33.373007568],[131.115091907,33.37263228799999],[131.115166913,33.372353396],[131.115575525,33.372037009],[131.116263294,33.371801180000006],[131.117114125,33.37102117100001],[131.117583852,33.370892559],[131.117978846,33.370871171000005],[131.118516913,33.37061366699999],[131.118973294,33.370533396],[131.119746355,33.37069478400001],[131.120134682,33.370694784],[131.12234774300003,33.369810333],[131.12348249,33.36943421600001],[131.123669261,33.369253468],[131.123843826,33.36857571200001],[131.123577069,33.36841801799999],[131.123986291,33.368583351000005],[131.124313658,33.368593522999994],[131.124653126,33.368718126000005],[131.124750428,33.368213188999995],[131.125,33.368268495],[131.125,33.36666666666667],[131.1125,33.36666666666667],[131.1125,33.375],[131.118489403,33.37499867599999]]]}},{"type":"Feature","id":"44462:50310140","properties":{"id":"44462:50310140","meshCode":"50310140","cityCode":"44462","city":"玖珠町","lat":33.3708333,"lon":131.13125,"areaKm2":0.7366594,"populated2020":true,"population2020":null,"populationNote":"境界またぎ・収録外等のため自治体内人口は未集計"},"geometry":{"type":"Polygon","coordinates":[[[131.125000233,33.36826855],[131.125297263,33.368334350999994],[131.125342737,33.368204657999996],[131.125897432,33.368361072],[131.126420623,33.368368459],[131.126620687,33.36854140500001],[131.126683268,33.368706937],[131.128248781,33.368297459],[131.128199883,33.368453513999995],[131.128273658,33.368740595],[131.128639416,33.36889336],[131.128739844,33.369081486],[131.128864929,33.369113],[131.128908171,33.369588775],[131.129437743,33.370181117],[131.129972412,33.370559658000005],[131.129603709,33.370847595],[131.129810999,33.371406568],[131.130236563,33.371813622000005],[131.129994488,33.37206962199999],[131.130044968,33.372191431999994],[131.129525499,33.37265554099999],[131.132317458,33.374880874],[131.132619728,33.37500000000001],[131.1375,33.375],[131.1375,33.36666666666667],[131.125,33.36666666666667],[131.125000233,33.36826855]]]}},{"type":"Feature","id":"44462:50310141","properties":{"id":"44462:50310141","meshCode":"50310141","cityCode":"44462","city":"玖珠町","lat":33.3708333,"lon":131.14375,"areaKm2":1.0135049,"populated2020":false,"population2020":null,"populationNote":"境界またぎ・収録外等のため自治体内人口は未集計"},"geometry":{"type":"Polygon","coordinates":[[[131.147339131,33.374522234],[131.148006628,33.37301418],[131.149080519,33.372475847000004],[131.15,33.371788468],[131.15,33.36666666666666],[131.1375,33.36666666666667],[131.1375,33.375],[131.146891582,33.37500000000001],[131.147339131,33.374522234]]]}},{"type":"Feature","id":"44462:50310142","properties":{"id":"44462:50310142","meshCode":"50310142","cityCode":"44462","city":"玖珠町","lat":33.3692839,"lon":131.1510303,"areaKm2":0.1084988,"populated2020":false,"population2020":null,"populationNote":"境界またぎ・収録外等のため自治体内人口は未集計"},"geometry":{"type":"Polygon","coordinates":[[[131.150000246,33.371788342],[131.150307743,33.37167250499999],[131.150973294,33.37167445],[131.151213294,33.371528613],[131.15132441,33.371342225],[131.15131524,33.370955009],[131.151412464,33.370583892],[131.15190607,33.36973750500001],[131.15219607,33.368832225000006],[131.152887471,33.36748305399999],[131.1529676520427,33.36666666666667],[131.15,33.36666666666666],[131.150000246,33.371788342]]]}},{"type":"Feature","id":"44462:50310143","properties":{"id":"44462:50310143","meshCode":"50310143","cityCode":"44462","city":"玖珠町","lat":33.368285,"lon":131.1669947,"areaKm2":0.1742539,"populated2020":true,"population2020":null,"populationNote":"境界またぎ・収録外等のため自治体内人口は未集計"},"geometry":{"type":"Polygon","coordinates":[[[131.163397367,33.366666667],[131.164847743,33.36975359499999],[131.165054695,33.369953874],[131.165287471,33.370013595],[131.165674968,33.369966928],[131.166368029,33.369742477],[131.167576913,33.369964973],[131.167864423,33.369972477],[131.167993022,33.369908865],[131.16856275,33.369185532],[131.169797756,33.368363586],[131.169940246,33.36797469399999],[131.16990691300003,33.36722163999999],[131.170006641,33.367023586],[131.1704968615274,33.36666666666667],[131.163397367,33.366666667]]]}},{"type":"Feature","id":"44462:50310054","properties":{"id":"44462:50310054","meshCode":"50310054","cityCode":"44462","city":"玖珠町","lat":33.3752329,"lon":131.0624701,"areaKm2":0.0003358,"populated2020":true,"population2020":null,"populationNote":"境界またぎ・収録外等のため自治体内人口は未集計"},"geometry":{"type":"Polygon","coordinates":[[[131.062313671,33.37500064],[131.062380208,33.37513869400001],[131.0625,33.375327126569815],[131.0625,33.37500000000001],[131.062313671,33.37500064]]]}},{"type":"Feature","id":"44462:50310055","properties":{"id":"44462:50310055","meshCode":"50310055","cityCode":"44462","city":"玖珠町","lat":33.3791667,"lon":131.06875,"areaKm2":0.8574008,"populated2020":true,"population2020":null,"populationNote":"境界またぎ・収録外等のため自治体内人口は未集計"},"geometry":{"type":"Polygon","coordinates":[[[131.06250965000004,33.37534230600001],[131.063033813,33.375637306],[131.06319048,33.375814252],[131.064387147,33.377665928],[131.06531269800004,33.380167324],[131.066503256,33.382170108],[131.06723214,33.382968721000005],[131.06776845747925,33.38333333333333],[131.0705853308121,33.38333333333333],[131.070937419,33.382861495],[131.071235201,33.382742054],[131.071420208,33.382791775],[131.07184496840827,33.38333333333333],[131.075,33.38333333333333],[131.075,33.37500000000001],[131.0625,33.37500000000001],[131.06250965000004,33.37534230600001]]]}},{"type":"Feature","id":"44462:50310056","properties":{"id":"44462:50310056","meshCode":"50310056","cityCode":"44462","city":"玖珠町","lat":33.3791667,"lon":131.08125,"areaKm2":1.0747004,"populated2020":true,"population2020":null,"populationNote":"境界またぎ・収録外等のため自治体内人口は未集計"},"geometry":{"type":"Polygon","coordinates":[[[131.075670713,33.383333333],[131.076000493,33.383262333],[131.07647958568714,33.383333333333326],[131.0875,33.38333333333333],[131.0875,33.37500000000001],[131.075,33.37500000000001],[131.075,33.38333333333333],[131.075670713,33.383333333]]]}},{"type":"Feature","id":"44462:50310057","properties":{"id":"44462:50310057","meshCode":"50310057","cityCode":"44462","city":"玖珠町","lat":33.3791667,"lon":131.09375,"areaKm2":1.0750468,"populated2020":true,"population2020":null,"populationNote":"境界またぎ・収録外等のため自治体内人口は未集計"},"geometry":{"type":"Polygon","coordinates":[[[131.0875,33.37500000000001],[131.0875,33.38333333333333],[131.1,33.38333333333333],[131.1,33.37500000000001],[131.0875,33.37500000000001]]]}},{"type":"Feature","id":"44462:50310058","properties":{"id":"44462:50310058","meshCode":"50310058","cityCode":"44462","city":"玖珠町","lat":33.3791667,"lon":131.10625,"areaKm2":0.8180345,"populated2020":false,"population2020":null,"populationNote":"境界またぎ・収録外等のため自治体内人口は未集計"},"geometry":{"type":"Polygon","coordinates":[[[131.104000467,33.383333333],[131.104069689,33.38315343199999],[131.104355798,33.38286927],[131.104866628,33.382917324],[131.105663022,33.382783432],[131.106119416,33.382612045],[131.106634968,33.382125649],[131.10748524,33.380455649],[131.107662464,33.380257315],[131.108772464,33.379603423],[131.109542192,33.37929258599999],[131.11077968900003,33.378635081],[131.1125,33.37763124639978],[131.1125,33.375],[131.1,33.37500000000001],[131.1,33.38333333333333],[131.104000467,33.383333333]]]}},{"type":"Feature","id":"44462:50310059","properties":{"id":"44462:50310059","meshCode":"50310059","cityCode":"44462","city":"玖珠町","lat":33.3761715,"lon":131.1139652,"areaKm2":0.0856094,"populated2020":true,"population2020":null,"populationNote":"境界またぎ・収録外等のため自治体内人口は未集計"},"geometry":{"type":"Polygon","coordinates":[[[131.1125,33.37763124639978],[131.113460246,33.377210631000004],[131.114270519,33.377044523],[131.114801907,33.376830072],[131.115623022,33.375947297],[131.11628358,33.375582847],[131.117311907,33.375615063],[131.118265512,33.375840063],[131.11852358,33.375802847],[131.11864607,33.375588396],[131.118598573,33.375111171],[131.118490687,33.37500000000001],[131.1125,33.375],[131.1125,33.37763124639978]]]}},{"type":"Feature","id":"44462:50310150","properties":{"id":"44462:50310150","meshCode":"50310150","cityCode":"44462","city":"玖珠町","lat":33.3778828,"lon":131.1360051,"areaKm2":0.1624715,"populated2020":false,"population2020":null,"populationNote":"境界またぎ・収録外等のため自治体内人口は未集計"},"geometry":{"type":"Polygon","coordinates":[[[131.132621245,33.375000595],[131.132950519,33.375154486],[131.13298524,33.375642541],[131.13346607,33.376185595],[131.133981349,33.377259207],[131.134419689,33.377800595000004],[131.134768016,33.378135035999996],[131.13534607,33.378480315],[131.135527185,33.378754198],[131.13571524,33.37932864900001],[131.135749689,33.380490865],[131.135791349,33.38062253199999],[131.135930791,33.38068309],[131.136647458,33.379838369],[131.136926355,33.37964642299999],[131.13720524,33.37955309],[131.1375,33.37963439886367],[131.1375,33.375],[131.132621245,33.375000595]]]}},{"type":"Feature","id":"44462:50310151","properties":{"id":"44462:50310151","meshCode":"50310151","cityCode":"44462","city":"玖珠町","lat":33.3777889,"lon":131.1438736,"areaKm2":0.3548132,"populated2020":true,"population2020":null,"populationNote":"境界またぎ・収録外等のため自治体内人口は未集計"},"geometry":{"type":"Polygon","coordinates":[[[131.137525798,33.379646423],[131.138208573,33.38007419800001],[131.139301077,33.38058364],[131.139384682,33.380199748],[131.139317185,33.379684748],[131.139603852,33.37903558599999],[131.13988441,33.378640586],[131.139980233,33.378069748],[131.141289131,33.37757585600001],[131.14157441,33.37763364],[131.141804968,33.377884468],[131.141911907,33.37811836],[131.141857185,33.378510856],[131.14192607,33.378645577],[131.142271907,33.378843360000005],[131.146106913,33.378727514],[131.146221077,33.378577793],[131.146187185,33.378325847],[131.146258573,33.378146126000004],[131.145999403,33.377608351],[131.14630607,33.37702918000001],[131.146681349,33.37588362200001],[131.146694968,33.375240288],[131.146891582,33.37500000000001],[131.1375,33.375],[131.137525798,33.379646423]]]}},{"type":"Feature","id":"44462:50310065","properties":{"id":"44462:50310065","meshCode":"50310065","cityCode":"44462","city":"玖珠町","lat":33.3836776,"lon":131.0695818,"areaKm2":0.0181081,"populated2020":true,"population2020":null,"populationNote":"境界またぎ・収録外等のため自治体内人口は未集計"},"geometry":{"type":"MultiPolygon","coordinates":[[[[131.067769416,33.38333399999999],[131.068238534,33.383594279],[131.069505201,33.383792613],[131.07021214,33.384003162],[131.0705853308121,33.38333333333333],[131.067769416,33.38333399999999]]],[[[131.07184496840827,33.38333333333333],[131.07191882,33.38335038700001],[131.072102722075,33.38333333333333],[131.07184496840827,33.38333333333333]]],[[[131.07278987,33.38333399999999],[131.07330965,33.383360946],[131.073490765,33.38347817100001],[131.073879092,33.38335289199999],[131.073954371,33.38371622500001],[131.074446044,33.384101225],[131.075,33.383695206999995],[131.075,33.38333333333333],[131.07278987,33.38333399999999]]]]}},{"type":"Feature","id":"44462:50310066","properties":{"id":"44462:50310066","meshCode":"50310066","cityCode":"44462","city":"玖珠町","lat":33.3853366,"lon":131.0854023,"areaKm2":0.201381,"populated2020":true,"population2020":null,"populationNote":"境界またぎ・収録外等のため自治体内人口は未集計"},"geometry":{"type":"MultiPolygon","coordinates":[[[[131.075000208,33.383695063],[131.075592983,33.383368721],[131.07567071226137,33.38333333333333],[131.075,33.38333333333333],[131.075000208,33.383695063]]],[[[131.07648096,33.383334],[131.077196602,33.38386455900001],[131.078300765,33.38389372099999],[131.079181608,33.383787333],[131.07992716,33.38391233299999],[131.080275214,33.38382845000001],[131.080202996,33.384092892],[131.080245499,33.384631505],[131.080708547,33.385349838],[131.08089939,33.385500117],[131.081559948,33.385285667000005],[131.082002438,33.38495317099999],[131.082383839,33.384867333],[131.083275785,33.38532845],[131.084011336,33.385542892],[131.085359676,33.386255946],[131.086764397,33.386692892],[131.0875,33.38732485577531],[131.0875,33.38333333333333],[131.07648096,33.383334]]]]}},{"type":"Feature","id":"44462:50310067","properties":{"id":"44462:50310067","meshCode":"50310067","cityCode":"44462","city":"玖珠町","lat":33.3875,"lon":131.09375,"areaKm2":0.6370317,"populated2020":false,"population2020":null,"populationNote":"境界またぎ・収録外等のため自治体内人口は未集計"},"geometry":{"type":"Polygon","coordinates":[[[131.0875069,33.387330946],[131.088494125,33.387845667],[131.090414682,33.388317333],[131.090789118,33.388355108000006],[131.091381621,33.38828538700001],[131.092062451,33.388467613],[131.092664955,33.388483162],[131.094211064,33.38848316199999],[131.095994955,33.388333162],[131.098783009,33.388504829000006],[131.1,33.38770817099999],[131.1,33.38333333333333],[131.0875,33.38333333333333],[131.0875069,33.387330946]]]}},{"type":"Feature","id":"44462:50310068","properties":{"id":"44462:50310068","meshCode":"50310068","cityCode":"44462","city":"玖珠町","lat":33.3856137,"lon":131.1012,"areaKm2":0.1109536,"populated2020":true,"population2020":null,"populationNote":"境界またぎ・収録外等のため自治体内人口は未集計"},"geometry":{"type":"Polygon","coordinates":[[[131.100000233,33.387708027],[131.101198846,33.386977603999995],[131.102274125,33.385707604000004],[131.10323441000003,33.385058991],[131.10350441,33.384595378],[131.10400046687488,33.383333333333326],[131.1,33.38333333333333],[131.100000233,33.387708027]]]}}]}